repeat,ensemble,n,estimator,mom_num_groups,n_sample,estimate,error,abs_error
0,pauli,10,mean,1,10,-8.999999999999995,-4.027864045000418,4.027864045000418
0,pauli,10,mean,1,30,6.4499999999999975,11.422135954999575,11.422135954999575
0,pauli,10,mean,1,100,-7.469999999999996,-2.4978640450004193,2.4978640450004193
0,pauli,10,mean,1,300,-5.834999999999997,-0.8628640450004204,0.8628640450004204
0,pauli,10,mean,1,1000,-4.65525,0.3168859549995773,0.3168859549995773
0,pauli,10,mean,1,3000,-4.68375,0.2883859549995771,0.2883859549995771
0,pauli,10,mean,1,10000,-3.53025,1.4418859549995768,1.4418859549995768
0,pauli,10,mean,1,20000,-4.8315375,0.14059845499957735,0.14059845499957735
0,pauli,10,mean,1,30000,-4.4148,0.5573359549995773,0.5573359549995773
0,pauli,10,mean,1,40000,-4.254075,0.7180609549995767,0.7180609549995767
0,pauli,10,mean,1,50000,-4.594635,0.3775009549995767,0.3775009549995767
0,pauli,10,mean,1,60000,-4.443375,0.5287609549995773,0.5287609549995773
0,pauli,10,mean,1,70000,-4.385925,0.5862109549995766,0.5862109549995766
0,pauli,10,mean,1,80000,-4.52784375,0.4442922049995772,0.4442922049995772
0,pauli,10,mean,1,90000,-4.275975,0.6961609549995771,0.6961609549995771
0,pauli,10,mean,1,100000,-4.3376175,0.6345184549995766,0.6345184549995766
0,clifford,10,mean,1,10,51.249999999999844,56.22213595499942,56.22213595499942
0,clifford,10,mean,1,30,17.08333333333327,22.055469288332848,22.055469288332848
0,clifford,10,mean,1,100,5.124999999999987,10.097135954999564,10.097135954999564
0,clifford,10,mean,1,300,-1.7083333333333235,3.2638026216662537,3.2638026216662537
0,clifford,10,mean,1,1000,-5.893749999999975,-0.921614045000398,0.921614045000398
0,clifford,10,mean,1,3000,-5.637499999999988,-0.6653640450004108,0.6653640450004108
0,clifford,10,mean,1,10000,-4.663749999999997,0.3083859549995802,0.3083859549995802
0,clifford,10,mean,1,20000,-4.804687499999998,0.16744845499957872,0.16744845499957872
0,clifford,10,mean,1,30000,-4.800416666666664,0.1717192883329126,0.1717192883329126
0,clifford,10,mean,1,40000,-4.919999999999998,0.05213595499957879,0.05213595499957879
0,clifford,10,mean,1,50000,-5.017374999999999,-0.04523904500042164,0.04523904500042164
0,clifford,10,mean,1,60000,-4.928541666666666,0.04359428833291101,0.04359428833291101
0,clifford,10,mean,1,70000,-4.923660714285713,0.048475240713863776,0.048475240713863776
0,clifford,10,mean,1,80000,-4.843125,0.12901095499957727,0.12901095499957727
0,clifford,10,mean,1,90000,-4.732083333333333,0.2400526216662442,0.2400526216662442
0,clifford,10,mean,1,100000,-4.863624999999999,0.10851095499957797,0.10851095499957797
0,seeqst_uniform,10,mean,1,10,0.0,4.972135954999577,4.972135954999577
0,seeqst_uniform,10,mean,1,30,-34.13333333333333,-29.161197378333757,29.161197378333757
0,seeqst_uniform,10,mean,1,100,0.0,4.972135954999577,4.972135954999577
0,seeqst_uniform,10,mean,1,300,-6.826666666666667,-1.8545307116670902,1.8545307116670902
0,seeqst_uniform,10,mean,1,1000,-4.096,0.8761359549995769,0.8761359549995769
0,seeqst_uniform,10,mean,1,3000,-7.168,-2.195864045000423,2.195864045000423
0,seeqst_uniform,10,mean,1,10000,-5.9392,-0.9670640450004226,0.9670640450004226
0,seeqst_uniform,10,mean,1,20000,-5.2224,-0.25026404500042343,0.25026404500042343
0,seeqst_uniform,10,mean,1,30000,-4.3008,0.6713359549995772,0.6713359549995772
0,seeqst_uniform,10,mean,1,40000,-4.2496,0.7225359549995769,0.7225359549995769
0,seeqst_uniform,10,mean,1,50000,-4.44416,0.5279759549995768,0.5279759549995768
0,seeqst_uniform,10,mean,1,60000,-4.471466666666666,0.5006692883329107,0.5006692883329107
0,seeqst_uniform,10,mean,1,70000,-4.608,0.3641359549995773,0.3641359549995773
0,seeqst_uniform,10,mean,1,80000,-4.8128,0.15933595499957676,0.15933595499957676
0,seeqst_uniform,10,mean,1,90000,-4.972088888888889,4.706611068794331e-05,4.706611068794331e-05
0,seeqst_uniform,10,mean,1,100000,-4.97664,-0.004504045000422785,0.004504045000422785
0,seeqst_binomial_q0.09091,10,mean,1,10,25.937424604112483,30.90956055911206,30.90956055911206
0,seeqst_binomial_q0.09091,10,mean,1,30,8.645808201370828,13.617944156370406,13.617944156370406
0,seeqst_binomial_q0.09091,10,mean,1,100,0.0,4.972135954999577,4.972135954999577
0,seeqst_binomial_q0.09091,10,mean,1,300,-2.593742460411248,2.378393494588329,2.378393494588329
0,seeqst_binomial_q0.09091,10,mean,1,1000,-6.224981904986998,-1.252845949987421,1.252845949987421
0,seeqst_binomial_q0.09091,10,mean,1,3000,-6.916646561096654,-1.9445106060970767,1.9445106060970767
0,seeqst_binomial_q0.09091,10,mean,1,10000,-6.069357357362293,-1.0972214023627158,1.0972214023627158
0,seeqst_binomial_q0.09091,10,mean,1,20000,-5.148578783916353,-0.17644282891677587,0.17644282891677587
0,seeqst_binomial_q0.09091,10,mean,1,30000,-4.6341531959347915,0.3379827590647855,0.3379827590647855
0,seeqst_binomial_q0.09091,10,mean,1,40000,-4.662252072589198,0.3098838824103787,0.3098838824103787
0,seeqst_binomial_q0.09091,10,mean,1,50000,-4.808798521602401,0.1633374333971762,0.1633374333971762
0,seeqst_binomial_q0.09091,10,mean,1,60000,-4.776809031257311,0.19532692374226635,0.19532692374226635
0,seeqst_binomial_q0.09091,10,mean,1,70000,-4.820655629992819,0.1514803250067578,0.1514803250067578
0,seeqst_binomial_q0.09091,10,mean,1,80000,-4.88596235979959,0.08617359519998669,0.08617359519998669
0,seeqst_binomial_q0.09091,10,mean,1,90000,-4.881999697707288,0.09013625729228902,0.09013625729228902
0,seeqst_binomial_q0.09091,10,mean,1,100000,-4.881423310493856,0.0907126445057207,0.0907126445057207
0,seeqst_binomial_q0.5,10,mean,1,10,0.0,4.972135954999577,4.972135954999577
0,seeqst_binomial_q0.5,10,mean,1,30,0.0,4.972135954999577,4.972135954999577
0,seeqst_binomial_q0.5,10,mean,1,100,-10.24,-5.267864045000423,5.267864045000423
0,seeqst_binomial_q0.5,10,mean,1,300,0.0,4.972135954999577,4.972135954999577
0,seeqst_binomial_q0.5,10,mean,1,1000,-9.216,-4.243864045000422,4.243864045000422
0,seeqst_binomial_q0.5,10,mean,1,3000,-4.778666666666667,0.19346928833290988,0.19346928833290988
0,seeqst_binomial_q0.5,10,mean,1,10000,-4.7104,0.261735954999577,0.261735954999577
0,seeqst_binomial_q0.5,10,mean,1,20000,-5.9392,-0.9670640450004226,0.9670640450004226
0,seeqst_binomial_q0.5,10,mean,1,30000,-5.768533333333333,-0.7963973783337561,0.7963973783337561
0,seeqst_binomial_q0.5,10,mean,1,40000,-5.4272,-0.4550640450004231,0.4550640450004231
0,seeqst_binomial_q0.5,10,mean,1,50000,-5.2224,-0.25026404500042343,0.25026404500042343
0,seeqst_binomial_q0.5,10,mean,1,60000,-4.846933333333333,0.12520262166624363,0.12520262166624363
0,seeqst_binomial_q0.5,10,mean,1,70000,-4.490971428571428,0.4811645264281488,0.4811645264281488
0,seeqst_binomial_q0.5,10,mean,1,80000,-4.864,0.10813595499957707,0.10813595499957707
0,seeqst_binomial_q0.5,10,mean,1,90000,-4.949333333333334,0.02280262166624336,0.02280262166624336
0,seeqst_binomial_q0.5,10,mean,1,100000,-4.97664,-0.004504045000422785,0.004504045000422785
0,seeqst_binomial_tuned,10,mean,1,10,0.0,4.972135954999577,4.972135954999577
0,seeqst_binomial_tuned,10,mean,1,30,0.0,4.972135954999577,4.972135954999577
0,seeqst_binomial_tuned,10,mean,1,100,-11.920928955078123,-6.948793000078546,6.948793000078546
0,seeqst_binomial_tuned,10,mean,1,300,-9.437402089436848,-4.465266134437271,4.465266134437271
0,seeqst_binomial_tuned,10,mean,1,1000,-5.513429641723632,-0.541293686724055,0.541293686724055
0,seeqst_binomial_tuned,10,mean,1,3000,-4.3710072835286455,0.6011286714709314,0.6011286714709314
0,seeqst_binomial_tuned,10,mean,1,10000,-4.902482032775878,0.06965392222369893,0.06965392222369893
0,seeqst_binomial_tuned,10,mean,1,20000,-4.820525646209716,0.15161030878986104,0.15161030878986104
0,seeqst_binomial_tuned,10,mean,1,30000,-5.051493644714355,-0.07935768971477764,0.07935768971477764
0,seeqst_binomial_tuned,10,mean,1,40000,-5.092471837997436,-0.12033588299785869,0.12033588299785869
0,seeqst_binomial_tuned,10,mean,1,50000,-5.036592483520507,-0.06445652852092998,0.06445652852092998
0,seeqst_binomial_tuned,10,mean,1,60000,-5.019207795461018,-0.04707184046144075,0.04707184046144075
0,seeqst_binomial_tuned,10,mean,1,70000,-4.947185516357421,0.02495043864215596,0.02495043864215596
0,seeqst_binomial_tuned,10,mean,1,80000,-4.999339580535888,-0.027203625536310838,0.027203625536310838
0,seeqst_binomial_tuned,10,mean,1,90000,-5.06970617506239,-0.09757022006281346,0.09757022006281346
0,seeqst_binomial_tuned,10,mean,1,100000,-5.0008296966552725,-0.028693741655695604,0.028693741655695604
1,pauli,10,mean,1,10,-8.099999999999998,-3.127864045000421,3.127864045000421
1,pauli,10,mean,1,30,-1.2750000000000012,3.6971359549995757,3.6971359549995757
1,pauli,10,mean,1,100,15.029999999999987,20.002135954999563,20.002135954999563
1,pauli,10,mean,1,300,2.1674999999999955,7.139635954999573,7.139635954999573
1,pauli,10,mean,1,1000,-3.1455000000000006,1.8266359549995763,1.8266359549995763
1,pauli,10,mean,1,3000,-2.8327499999999994,2.1393859549995775,2.1393859549995775
1,pauli,10,mean,1,10000,-3.487275,1.484860954999577,1.484860954999577
1,pauli,10,mean,1,20000,-3.854025,1.118110954999577,1.118110954999577
1,pauli,10,mean,1,30000,-4.007775,0.9643609549995773,0.9643609549995773
1,pauli,10,mean,1,40000,-4.32410625,0.6480297049995771,0.6480297049995771
1,pauli,10,mean,1,50000,-4.95459,0.01754595499957734,0.01754595499957734
1,pauli,10,mean,1,60000,-4.987725,-0.01558904500042324,0.01558904500042324
1,pauli,10,mean,1,70000,-5.0940642857142855,-0.12192833071470854,0.12192833071470854
1,pauli,10,mean,1,80000,-4.945978125,0.026157829999577054,0.026157829999577054
1,pauli,10,mean,1,90000,-4.75595,0.2161859549995766,0.2161859549995766
1,pauli,10,mean,1,100000,-4.68657,0.28556595499957727,0.28556595499957727
1,clifford,10,mean,1,10,-4.041681670375633e-15,4.9721359549995725,4.9721359549995725
1,clifford,10,mean,1,30,-8.54166666666664,-3.5695307116670625,3.5695307116670625
1,clifford,10,mean,1,100,-5.124999999999992,-0.15286404500041506,0.15286404500041506
1,clifford,10,mean,1,300,-6.833333333333311,-1.8611973783337339,1.8611973783337339
1,clifford,10,mean,1,1000,-3.33124999999999,1.640885954999587,1.640885954999587
1,clifford,10,mean,1,3000,-5.210416666666652,-0.2382807116670751,0.2382807116670751
1,clifford,10,mean,1,10000,-4.535624999999995,0.4365109549995818,0.4365109549995818
1,clifford,10,mean,1,20000,-4.548437499999997,0.42369845499958014,0.42369845499958014
1,clifford,10,mean,1,30000,-4.2452083333333315,0.7269276216662455,0.7269276216662455
1,clifford,10,mean,1,40000,-4.529218749999998,0.44291720499957865,0.44291720499957865
1,clifford,10,mean,1,50000,-4.632999999999999,0.3391359549995778,0.3391359549995778
1,clifford,10,mean,1,60000,-4.779062499999999,0.19307345499957762,0.19307345499957762
1,clifford,10,mean,1,70000,-4.909017857142857,0.06311809785672029,0.06311809785672029
1,clifford,10,mean,1,80000,-4.875156249999999,0.09697970499957798,0.09697970499957798
1,clifford,10,mean,1,90000,-4.860208333333333,0.11192762166624437,0.11192762166624437
1,clifford,10,mean,1,100000,-4.894374999999999,0.07776095499957769,0.07776095499957769
1,seeqst_uniform,10,mean,1,10,0.0,4.972135954999577,4.972135954999577
1,seeqst_uniform,10,mean,1,30,0.0,4.972135954999577,4.972135954999577
1,seeqst_uniform,10,mean,1,100,0.0,4.972135954999577,4.972135954999577
1,seeqst_uniform,10,mean,1,300,-6.826666666666667,-1.8545307116670902,1.8545307116670902
1,seeqst_uniform,10,mean,1,1000,-7.168,-2.195864045000423,2.195864045000423
1,seeqst_uniform,10,mean,1,3000,-5.12,-0.14786404500042316,0.14786404500042316
1,seeqst_uniform,10,mean,1,10000,-3.7888,1.1833359549995768,1.1833359549995768
1,seeqst_uniform,10,mean,1,20000,-4.7104,0.261735954999577,0.261735954999577
1,seeqst_uniform,10,mean,1,30000,-5.154133333333333,-0.1819973783337563,0.1819973783337563
1,seeqst_uniform,10,mean,1,40000,-4.8896,0.08253595499957722,0.08253595499957722
1,seeqst_uniform,10,mean,1,50000,-4.99712,-0.02498404500042284,0.02498404500042284
1,seeqst_uniform,10,mean,1,60000,-4.9664,0.005735954999576798,0.005735954999576798
1,seeqst_uniform,10,mean,1,70000,-5.090742857142857,-0.11860690214327985,0.11860690214327985
1,seeqst_uniform,10,mean,1,80000,-5.3632,-0.391064045000423,0.391064045000423
1,seeqst_uniform,10,mean,1,90000,-5.267911111111111,-0.29577515611153427,0.29577515611153427
1,seeqst_uniform,10,mean,1,100000,-5.13024,-0.15810404500042274,0.15810404500042274
1,seeqst_binomial_q0.09091,10,mean,1,10,0.0,4.972135954999577,4.972135954999577
1,seeqst_binomial_q0.09091,10,mean,1,30,-17.291616402741656,-12.31948044774208,12.31948044774208
1,seeqst_binomial_q0.09091,10,mean,1,100,-10.374969841644992,-5.402833886645415,5.402833886645415
1,seeqst_binomial_q0.09091,10,mean,1,300,-1.7291616402741654,3.2429743147254113,3.2429743147254113
1,seeqst_binomial_q0.09091,10,mean,1,1000,-3.6312394445757485,1.3408965104238284,1.3408965104238284
1,seeqst_binomial_q0.09091,10,mean,1,3000,-4.668736428740249,0.3033995262593283,0.3033995262593283
1,seeqst_binomial_q0.09091,10,mean,1,10000,-4.668736428740227,0.30339952625934963,0.30339952625934963
1,seeqst_binomial_q0.09091,10,mean,1,20000,-5.239359770030748,-0.267223815031171,0.267223815031171
1,seeqst_binomial_q0.09091,10,mean,1,30000,-4.988631332190983,-0.016495377191406035,0.016495377191406035
1,seeqst_binomial_q0.09091,10,mean,1,40000,-5.051313441650872,-0.07917748665129487,0.07917748665129487
1,seeqst_binomial_q0.09091,10,mean,1,50000,-5.1719224660599625,-0.19978651106038559,0.19978651106038559
1,seeqst_binomial_q0.09091,10,mean,1,60000,-5.0794123183052795,-0.10727636330570256,0.10727636330570256
1,seeqst_binomial_q0.09091,10,mean,1,70000,-5.083735222405951,-0.11159926740637438,0.11159926740637438
1,seeqst_binomial_q0.09091,10,mean,1,80000,-5.129125715463136,-0.15698976046355906,0.15698976046355906
1,seeqst_binomial_q0.09091,10,mean,1,90000,-5.193248792956626,-0.22111283795704928,0.22111283795704928
1,seeqst_binomial_q0.09091,10,mean,1,100000,-5.1278288442329165,-0.15569288923333957,0.15569288923333957
1,seeqst_binomial_q0.5,10,mean,1,10,0.0,4.972135954999577,4.972135954999577
1,seeqst_binomial_q0.5,10,mean,1,30,0.0,4.972135954999577,4.972135954999577
1,seeqst_binomial_q0.5,10,mean,1,100,-10.24,-5.267864045000423,5.267864045000423
1,seeqst_binomial_q0.5,10,mean,1,300,-6.826666666666667,-1.8545307116670902,1.8545307116670902
1,seeqst_binomial_q0.5,10,mean,1,1000,-2.048,2.924135954999577,2.924135954999577
1,seeqst_binomial_q0.5,10,mean,1,3000,-2.048,2.924135954999577,2.924135954999577
1,seeqst_binomial_q0.5,10,mean,1,10000,-4.5056,0.4665359549995767,0.4665359549995767
1,seeqst_binomial_q0.5,10,mean,1,20000,-5.6832,-0.7110640450004233,0.7110640450004233
1,seeqst_binomial_q0.5,10,mean,1,30000,-5.5978666666666665,-0.6257307116670896,0.6257307116670896
1,seeqst_binomial_q0.5,10,mean,1,40000,-5.1968,-0.2246640450004227,0.2246640450004227
1,seeqst_binomial_q0.5,10,mean,1,50000,-5.4272,-0.4550640450004231,0.4550640450004231
1,seeqst_binomial_q0.5,10,mean,1,60000,-5.2565333333333335,-0.28439737833375656,0.28439737833375656
1,seeqst_binomial_q0.5,10,mean,1,70000,-5.690514285714285,-0.7183783307147085,0.7183783307147085
1,seeqst_binomial_q0.5,10,mean,1,80000,-5.6192,-0.6470640450004232,0.6470640450004232
1,seeqst_binomial_q0.5,10,mean,1,90000,-5.484088888888889,-0.5119529338893116,0.5119529338893116
1,seeqst_binomial_q0.5,10,mean,1,100000,-5.25312,-0.28098404500042307,0.28098404500042307
1,seeqst_binomial_tuned,10,mean,1,10,0.0,4.972135954999577,4.972135954999577
1,seeqst_binomial_tuned,10,mean,1,30,0.0,4.972135954999577,4.972135954999577
1,seeqst_binomial_tuned,10,mean,1,100,-5.960464477539062,-0.9883285225394847,0.9883285225394847
1,seeqst_binomial_tuned,10,mean,1,300,-9.437402089436848,-4.465266134437271,4.465266134437271
1,seeqst_binomial_tuned,10,mean,1,1000,-3.87430191040039,1.0978340445991868,1.0978340445991868
1,seeqst_binomial_tuned,10,mean,1,3000,-3.774960835774739,1.197175119224838,1.197175119224838
1,seeqst_binomial_tuned,10,mean,1,10000,-5.453824996948241,-0.48168904194866435,0.48168904194866435
1,seeqst_binomial_tuned,10,mean,1,20000,-5.2303075790405265,-0.2581716240409495,0.2581716240409495
1,seeqst_binomial_tuned,10,mean,1,30000,-5.220373471577961,-0.2482375165783841,0.2482375165783841
1,seeqst_binomial_tuned,10,mean,1,40000,-5.144625902175902,-0.1724899471763255,0.1724899471763255
1,seeqst_binomial_tuned,10,mean,1,50000,-5.188584327697753,-0.21644837269817607,0.21644837269817607
1,seeqst_binomial_tuned,10,mean,1,60000,-5.1856040954589835,-0.21346814045940654,0.21346814045940654
1,seeqst_binomial_tuned,10,mean,1,70000,-5.117484501429965,-0.1453485464303883,0.1453485464303883
1,seeqst_binomial_tuned,10,mean,1,80000,-5.0961971282958975,-0.1240611732963206,0.1240611732963206
1,seeqst_binomial_tuned,10,mean,1,90000,-5.08129596710205,-0.10916001210247295,0.10916001210247295
1,seeqst_binomial_tuned,10,mean,1,100000,-5.052983760833739,-0.0808478058341624,0.0808478058341624
2,pauli,10,mean,1,10,-1.7999999999999994,3.1721359549995776,3.1721359549995776
2,pauli,10,mean,1,30,-3.824999999999998,1.147135954999579,1.147135954999579
2,pauli,10,mean,1,100,-7.694999999999997,-2.72286404500042,2.72286404500042
2,pauli,10,mean,1,300,-5.722499999999998,-0.7503640450004214,0.7503640450004214
2,pauli,10,mean,1,1000,-4.601249999999999,0.37088595499957755,0.37088595499957755
2,pauli,10,mean,1,3000,-3.21825,1.7538859549995771,1.7538859549995771
2,pauli,10,mean,1,10000,-3.232125,1.740010954999577,1.740010954999577
2,pauli,10,mean,1,20000,-3.924,1.048135954999577,1.048135954999577
2,pauli,10,mean,1,30000,-5.08995,-0.11781404500042303,0.11781404500042303
2,pauli,10,mean,1,40000,-4.6756125,0.2965234549995772,0.2965234549995772
2,pauli,10,mean,1,50000,-4.788045,0.18409095499957662,0.18409095499957662
2,pauli,10,mean,1,60000,-4.638525,0.3336109549995774,0.3336109549995774
2,pauli,10,mean,1,70000,-4.742935714285714,0.2292002407138627,0.2292002407138627
2,pauli,10,mean,1,80000,-4.917121875,0.05501407999957664,0.05501407999957664
2,pauli,10,mean,1,90000,-4.733575,0.23856095499957686,0.23856095499957686
2,pauli,10,mean,1,100000,-4.7418075,0.23032845499957677,0.23032845499957677
2,clifford,10,mean,1,10,4.501967316622523e-15,4.972135954999581,4.972135954999581
2,clifford,10,mean,1,30,17.08333333333325,22.055469288332826,22.055469288332826
2,clifford,10,mean,1,100,15.37499999999995,20.347135954999526,20.347135954999526
2,clifford,10,mean,1,300,-1.7083333333333341,3.263802621666243,3.263802621666243
2,clifford,10,mean,1,1000,-3.8437499999999853,1.1283859549995916,1.1283859549995916
2,clifford,10,mean,1,3000,-3.4166666666666567,1.5554692883329202,1.5554692883329202
2,clifford,10,mean,1,10000,-3.766874999999997,1.2052609549995799,1.2052609549995799
2,clifford,10,mean,1,20000,-4.791874999999998,0.18026095499957862,0.18026095499957862
2,clifford,10,mean,1,30000,-4.817499999999999,0.15463595499957794,0.15463595499957794
2,clifford,10,mean,1,40000,-4.8687499999999995,0.10338595499957748,0.10338595499957748
2,clifford,10,mean,1,50000,-4.879,0.09313595499957739,0.09313595499957739
2,clifford,10,mean,1,60000,-4.565520833333332,0.4066151216662446,0.4066151216662446
2,clifford,10,mean,1,70000,-4.385535714285713,0.5866002407138637,0.5866002407138637
2,clifford,10,mean,1,80000,-4.423515624999999,0.5486203299995775,0.5486203299995775
2,clifford,10,mean,1,90000,-4.481527777777777,0.49060817722179983,0.49060817722179983
2,clifford,10,mean,1,100000,-4.622749999999999,0.3493859549995779,0.3493859549995779
2,seeqst_uniform,10,mean,1,10,0.0,4.972135954999577,4.972135954999577
2,seeqst_uniform,10,mean,1,30,0.0,4.972135954999577,4.972135954999577
2,seeqst_uniform,10,mean,1,100,-10.24,-5.267864045000423,5.267864045000423
2,seeqst_uniform,10,mean,1,300,0.0,4.972135954999577,4.972135954999577
2,seeqst_uniform,10,mean,1,1000,-1.024,3.948135954999577,3.948135954999577
2,seeqst_uniform,10,mean,1,3000,-3.7546666666666666,1.2174692883329103,1.2174692883329103
2,seeqst_uniform,10,mean,1,10000,-3.6864,1.285735954999577,1.285735954999577
2,seeqst_uniform,10,mean,1,20000,-4.1984,0.7737359549995766,0.7737359549995766
2,seeqst_uniform,10,mean,1,30000,-5.085866666666667,-0.11373071166709003,0.11373071166709003
2,seeqst_uniform,10,mean,1,40000,-4.8128,0.15933595499957676,0.15933595499957676
2,seeqst_uniform,10,mean,1,50000,-4.56704,0.4050959549995765,0.4050959549995765
2,seeqst_uniform,10,mean,1,60000,-4.625066666666667,0.34706928833290984,0.34706928833290984
2,seeqst_uniform,10,mean,1,70000,-4.637257142857143,0.334878812142434,0.334878812142434
2,seeqst_uniform,10,mean,1,80000,-4.8512,0.12093595499957654,0.12093595499957654
2,seeqst_uniform,10,mean,1,90000,-4.653511111111111,0.31862484388846557,0.31862484388846557
2,seeqst_uniform,10,mean,1,100000,-4.68992,0.2822159549995771,0.2822159549995771
2,seeqst_binomial_q0.09091,10,mean,1,10,0.0,4.972135954999577,4.972135954999577
2,seeqst_binomial_q0.09091,10,mean,1,30,0.0,4.972135954999577,4.972135954999577
2,seeqst_binomial_q0.09091,10,mean,1,100,-7.7812273812337445,-2.8090914262341675,2.8090914262341675
2,seeqst_binomial_q0.09091,10,mean,1,300,-7.781227381233746,-2.8090914262341693,2.8090914262341693
2,seeqst_binomial_q0.09091,10,mean,1,1000,-7.5218531351926226,-2.5497171801930456,2.5497171801930456
2,seeqst_binomial_q0.09091,10,mean,1,3000,-5.965607658945869,-0.9934717039462919,0.9934717039462919
2,seeqst_binomial_q0.09091,10,mean,1,10000,-5.057797797801912,-0.08566184280233546,0.08566184280233546
2,seeqst_binomial_q0.09091,10,mean,1,20000,-5.135610071614296,-0.16347411661471867,0.16347411661471867
2,seeqst_binomial_q0.09091,10,mean,1,30000,-5.040506181399206,-0.06837022639962864,0.06837022639962864
2,seeqst_binomial_q0.09091,10,mean,1,40000,-5.284750263087877,-0.3126143080882997,0.3126143080882997
2,seeqst_binomial_q0.09091,10,mean,1,50000,-5.239359770030653,-0.26722381503107595,0.26722381503107595
2,seeqst_binomial_q0.09091,10,mean,1,60000,-5.222068153627893,-0.24993219862831584,0.24993219862831584
2,seeqst_binomial_q0.09091,10,mean,1,70000,-5.269002541006748,-0.2968665860071713,0.2968665860071713
2,seeqst_binomial_q0.09091,10,mean,1,80000,-5.281508085012292,-0.309372130012715,0.309372130012715
2,seeqst_binomial_q0.09091,10,mean,1,90000,-5.230713961829232,-0.25857800682965504,0.25857800682965504
2,seeqst_binomial_q0.09091,10,mean,1,100000,-5.145985041455795,-0.17384908645621788,0.17384908645621788
2,seeqst_binomial_q0.5,10,mean,1,10,0.0,4.972135954999577,4.972135954999577
2,seeqst_binomial_q0.5,10,mean,1,30,0.0,4.972135954999577,4.972135954999577
2,seeqst_binomial_q0.5,10,mean,1,100,0.0,4.972135954999577,4.972135954999577
2,seeqst_binomial_q0.5,10,mean,1,300,3.4133333333333336,8.38546928833291,8.38546928833291
2,seeqst_binomial_q0.5,10,mean,1,1000,-1.024,3.948135954999577,3.948135954999577
2,seeqst_binomial_q0.5,10,mean,1,3000,-3.072,1.9001359549995769,1.9001359549995769
2,seeqst_binomial_q0.5,10,mean,1,10000,-3.8912,1.080935954999577,1.080935954999577
2,seeqst_binomial_q0.5,10,mean,1,20000,-5.9904,-1.0182640450004232,1.0182640450004232
2,seeqst_binomial_q0.5,10,mean,1,30000,-5.9050666666666665,-0.9329307116670895,0.9329307116670895
2,seeqst_binomial_q0.5,10,mean,1,40000,-5.9136,-0.9414640450004228,0.9414640450004228
2,seeqst_binomial_q0.5,10,mean,1,50000,-6.10304,-1.130904045000423,1.130904045000423
2,seeqst_binomial_q0.5,10,mean,1,60000,-5.8368,-0.8646640450004233,0.8646640450004233
2,seeqst_binomial_q0.5,10,mean,1,70000,-5.807542857142857,-0.83540690214328,0.83540690214328
2,seeqst_binomial_q0.5,10,mean,1,80000,-5.7344,-0.762264045000423,0.762264045000423
2,seeqst_binomial_q0.5,10,mean,1,90000,-5.632,-0.6598640450004227,0.6598640450004227
2,seeqst_binomial_q0.5,10,mean,1,100000,-5.888,-0.915864045000423,0.915864045000423
2,seeqst_binomial_tuned,10,mean,1,10,0.0,4.972135954999577,4.972135954999577
2,seeqst_binomial_tuned,10,mean,1,30,4.967053731282551,9.939189686282127,9.939189686282127
2,seeqst_binomial_tuned,10,mean,1,100,-4.470348358154296,0.501787596845281,0.501787596845281
2,seeqst_binomial_tuned,10,mean,1,300,-3.4769376118977857,1.4951983431017912,1.4951983431017912
2,seeqst_binomial_tuned,10,mean,1,1000,-5.066394805908202,-0.09425885090862529,0.09425885090862529
2,seeqst_binomial_tuned,10,mean,1,3000,-3.9239724477132154,1.0481635072863615,1.0481635072863615
2,seeqst_binomial_tuned,10,mean,1,10000,-4.321336746215819,0.6507992087837575,0.6507992087837575
2,seeqst_binomial_tuned,10,mean,1,20000,-4.604458808898925,0.36767714610065205,0.36767714610065205
2,seeqst_binomial_tuned,10,mean,1,30000,-4.584590593973795,0.38754536102578196,0.38754536102578196
2,seeqst_binomial_tuned,10,mean,1,40000,-4.831701517105102,0.1404344378944753,0.1404344378944753
2,seeqst_binomial_tuned,10,mean,1,50000,-4.88758087158203,0.08455508341754658,0.08455508341754658
2,seeqst_binomial_tuned,10,mean,1,60000,-4.917383193969726,0.05475276102985127,0.05475276102985127
2,seeqst_binomial_tuned,10,mean,1,70000,-4.815203802926199,0.15693215207337818,0.15693215207337818
2,seeqst_binomial_tuned,10,mean,1,80000,-4.904344677925109,0.06779127707446797,0.06779127707446797
2,seeqst_binomial_tuned,10,mean,1,90000,-4.88758087158203,0.08455508341754658,0.08455508341754658
2,seeqst_binomial_tuned,10,mean,1,100000,-4.929304122924804,0.042831832074773146,0.042831832074773146
3,pauli,10,mean,1,10,-1.125,3.847135954999577,3.847135954999577
3,pauli,10,mean,1,30,5.924999999999994,10.89713595499957,10.89713595499957
3,pauli,10,mean,1,100,-1.9574999999999998,3.0146359549995774,3.0146359549995774
3,pauli,10,mean,1,300,-1.8299999999999992,3.1421359549995778,3.1421359549995778
3,pauli,10,mean,1,1000,-2.803499999999999,2.1686359549995777,2.1686359549995777
3,pauli,10,mean,1,3000,-0.014250000000000918,4.957885954999576,4.957885954999576
3,pauli,10,mean,1,10000,-3.818025,1.154110954999577,1.154110954999577
3,pauli,10,mean,1,20000,-6.0793875,-1.1072515450004232,1.1072515450004232
3,pauli,10,mean,1,30000,-5.915025,-0.942889045000423,0.942889045000423
3,pauli,10,mean,1,40000,-5.9743125,-1.002176545000423,1.002176545000423
3,pauli,10,mean,1,50000,-5.9301,-0.9579640450004234,0.9579640450004234
3,pauli,10,mean,1,60000,-5.5797,-0.6075640450004229,0.6075640450004229
3,pauli,10,mean,1,70000,-5.2632321428571425,-0.2910961878575655,0.2910961878575655
3,pauli,10,mean,1,80000,-5.270034375,-0.2978984200004229,0.2978984200004229
3,pauli,10,mean,1,90000,-5.083975,-0.11183904500042274,0.11183904500042274
3,pauli,10,mean,1,100000,-5.0893875,-0.11725154500042301,0.11725154500042301
3,clifford,10,mean,1,10,25.624999999999932,30.59713595499951,30.59713595499951
3,clifford,10,mean,1,30,8.54166666666664,13.513802621666215,13.513802621666215
3,clifford,10,mean,1,100,7.687499999999976,12.659635954999553,12.659635954999553
3,clifford,10,mean,1,300,4.2708333333333215,9.242969288332898,9.242969288332898
3,clifford,10,mean,1,1000,-3.0749999999999886,1.8971359549995883,1.8971359549995883
3,clifford,10,mean,1,3000,-2.5624999999999902,2.4096359549995867,2.4096359549995867
3,clifford,10,mean,1,10000,-3.151874999999993,1.820260954999584,1.820260954999584
3,clifford,10,mean,1,20000,-3.715624999999996,1.2565109549995808,1.2565109549995808
3,clifford,10,mean,1,30000,-4.0402083333333305,0.9319276216662464,0.9319276216662464
3,clifford,10,mean,1,40000,-4.708593749999998,0.26354220499957925,0.26354220499957925
3,clifford,10,mean,1,50000,-4.673999999999999,0.29813595499957835,0.29813595499957835
3,clifford,10,mean,1,60000,-4.937083333333331,0.0350526216662459,0.0350526216662459
3,clifford,10,mean,1,70000,-4.927321428571427,0.04481452642814965,0.04481452642814965
3,clifford,10,mean,1,80000,-4.740624999999999,0.2315109549995782,0.2315109549995782
3,clifford,10,mean,1,90000,-4.723541666666665,0.24859428833291197,0.24859428833291197
3,clifford,10,mean,1,100000,-4.6637499999999985,0.30838595499957844,0.30838595499957844
3,seeqst_uniform,10,mean,1,10,0.0,4.972135954999577,4.972135954999577
3,seeqst_uniform,10,mean,1,30,0.0,4.972135954999577,4.972135954999577
3,seeqst_uniform,10,mean,1,100,0.0,4.972135954999577,4.972135954999577
3,seeqst_uniform,10,mean,1,300,-3.4133333333333336,1.5588026216662434,1.5588026216662434
3,seeqst_uniform,10,mean,1,1000,-7.168,-2.195864045000423,2.195864045000423
3,seeqst_uniform,10,mean,1,3000,-9.216,-4.243864045000422,4.243864045000422
3,seeqst_uniform,10,mean,1,10000,-5.8368,-0.8646640450004233,0.8646640450004233
3,seeqst_uniform,10,mean,1,20000,-5.3248,-0.3526640450004228,0.3526640450004228
3,seeqst_uniform,10,mean,1,30000,-5.12,-0.14786404500042316,0.14786404500042316
3,seeqst_uniform,10,mean,1,40000,-5.3504,-0.37826404500042266,0.37826404500042266
3,seeqst_uniform,10,mean,1,50000,-4.99712,-0.02498404500042284,0.02498404500042284
3,seeqst_uniform,10,mean,1,60000,-4.7104,0.261735954999577,0.261735954999577
3,seeqst_uniform,10,mean,1,70000,-4.8128,0.15933595499957676,0.15933595499957676
3,seeqst_uniform,10,mean,1,80000,-4.928,0.04413595499957701,0.04413595499957701
3,seeqst_uniform,10,mean,1,90000,-5.040355555555555,-0.06821960055597831,0.06821960055597831
3,seeqst_uniform,10,mean,1,100000,-5.10976,-0.1376240450004227,0.1376240450004227
3,seeqst_binomial_q0.09091,10,mean,1,10,-51.874849208224965,-46.902713253225386,46.902713253225386
3,seeqst_binomial_q0.09091,10,mean,1,30,-34.58323280548331,-29.611096850483737,29.611096850483737
3,seeqst_binomial_q0.09091,10,mean,1,100,-5.187484920822496,-0.21534896582291907,0.21534896582291907
3,seeqst_binomial_q0.09091,10,mean,1,300,-2.593742460411248,2.378393494588329,2.378393494588329
3,seeqst_binomial_q0.09091,10,mean,1,1000,-3.8906136906168736,1.0815222643827034,1.0815222643827034
3,seeqst_binomial_q0.09091,10,mean,1,3000,-3.5447813625620403,1.4273545924375366,1.4273545924375366
3,seeqst_binomial_q0.09091,10,mean,1,10000,-4.4871744565114415,0.4849614984881354,0.4849614984881354
3,seeqst_binomial_q0.09091,10,mean,1,20000,-4.48717445651147,0.484961498488107,0.484961498488107
3,seeqst_binomial_q0.09091,10,mean,1,30000,-4.77248612715672,0.19964982784285734,0.19964982784285734
3,seeqst_binomial_q0.09091,10,mean,1,40000,-4.830845332515923,0.14129062248365365,0.14129062248365365
3,seeqst_binomial_q0.09091,10,mean,1,50000,-4.912548220018847,0.05958773498073011,0.05958773498073011
3,seeqst_binomial_q0.09091,10,mean,1,60000,-4.93243357888198,0.03970237611759675,0.03970237611759675
3,seeqst_binomial_q0.09091,10,mean,1,70000,-4.876235825573058,0.09590012942651871,0.09590012942651871
3,seeqst_binomial_q0.09091,10,mean,1,80000,-4.837329688666881,0.13480626633269566,0.13480626633269566
3,seeqst_binomial_q0.09091,10,mean,1,90000,-4.91658293051277,0.05555302448680699,0.05555302448680699
3,seeqst_binomial_q0.09091,10,mean,1,100000,-4.886610795414679,0.08552515958489781,0.08552515958489781
3,seeqst_binomial_q0.5,10,mean,1,10,0.0,4.972135954999577,4.972135954999577
3,seeqst_binomial_q0.5,10,mean,1,30,-34.13333333333333,-29.161197378333757,29.161197378333757
3,seeqst_binomial_q0.5,10,mean,1,100,10.24,15.212135954999578,15.212135954999578
3,seeqst_binomial_q0.5,10,mean,1,300,3.4133333333333336,8.38546928833291,8.38546928833291
3,seeqst_binomial_q0.5,10,mean,1,1000,-1.024,3.948135954999577,3.948135954999577
3,seeqst_binomial_q0.5,10,mean,1,3000,-2.3893333333333335,2.5828026216662434,2.5828026216662434
3,seeqst_binomial_q0.5,10,mean,1,10000,-6.7584,-1.786264045000423,1.786264045000423
3,seeqst_binomial_q0.5,10,mean,1,20000,-5.3248,-0.3526640450004228,0.3526640450004228
3,seeqst_binomial_q0.5,10,mean,1,30000,-5.12,-0.14786404500042316,0.14786404500042316
3,seeqst_binomial_q0.5,10,mean,1,40000,-4.9408,0.03133595499957664,0.03133595499957664
3,seeqst_binomial_q0.5,10,mean,1,50000,-5.03808,-0.06594404500042295,0.06594404500042295
3,seeqst_binomial_q0.5,10,mean,1,60000,-4.932266666666667,0.039869288332909925,0.039869288332909925
3,seeqst_binomial_q0.5,10,mean,1,70000,-4.944457142857143,0.02767881214243406,0.02767881214243406
3,seeqst_binomial_q0.5,10,mean,1,80000,-5.0048,-0.032664045000423414,0.032664045000423414
3,seeqst_binomial_q0.5,10,mean,1,90000,-5.006222222222222,-0.034086267222645183,0.034086267222645183
3,seeqst_binomial_q0.5,10,mean,1,100000,-4.94592,0.02621595499957685,0.02621595499957685
3,seeqst_binomial_tuned,10,mean,1,10,-14.901161193847653,-9.929025238848077,9.929025238848077
3,seeqst_binomial_tuned,10,mean,1,30,-14.901161193847653,-9.929025238848077,9.929025238848077
3,seeqst_binomial_tuned,10,mean,1,100,-10.430812835693358,-5.458676880693781,5.458676880693781
3,seeqst_binomial_tuned,10,mean,1,300,-7.450580596923826,-2.4784446419242494,2.4784446419242494
3,seeqst_binomial_tuned,10,mean,1,1000,-5.811452865600585,-0.8393169106010081,0.8393169106010081
3,seeqst_binomial_tuned,10,mean,1,3000,-6.208817164103189,-1.2366812091036117,1.2366812091036117
3,seeqst_binomial_tuned,10,mean,1,10000,-5.304813385009765,-0.3326774300101878,0.3326774300101878
3,seeqst_binomial_tuned,10,mean,1,20000,-5.163252353668212,-0.19111639866863506,0.19111639866863506
3,seeqst_binomial_tuned,10,mean,1,30000,-5.35448392232259,-0.382347967323013,0.382347967323013
3,seeqst_binomial_tuned,10,mean,1,40000,-5.267560482025146,-0.29542452702556865,0.29542452702556865
3,seeqst_binomial_tuned,10,mean,1,50000,-5.102157592773437,-0.13002163777385967,0.13002163777385967
3,seeqst_binomial_tuned,10,mean,1,60000,-4.976987838745116,-0.004851883745539354,0.004851883745539354
3,seeqst_binomial_tuned,10,mean,1,70000,-4.910996982029506,0.061138972970071315,0.061138972970071315
3,seeqst_binomial_tuned,10,mean,1,80000,-4.908069968223571,0.06406598677600606,0.06406598677600606
3,seeqst_binomial_tuned,10,mean,1,90000,-4.862745602925618,0.10939035207395875,0.10939035207395875
3,seeqst_binomial_tuned,10,mean,1,100000,-4.900991916656493,0.0711440383430837,0.0711440383430837
4,pauli,10,mean,1,10,-7.649999999999993,-2.6778640450004163,2.6778640450004163
4,pauli,10,mean,1,30,-1.7999999999999996,3.172135954999577,3.172135954999577
4,pauli,10,mean,1,100,-2.5199999999999987,2.4521359549995783,2.4521359549995783
4,pauli,10,mean,1,300,-2.4524999999999997,2.5196359549995773,2.5196359549995773
4,pauli,10,mean,1,1000,-17.543249999999993,-12.571114045000417,12.571114045000417
4,pauli,10,mean,1,3000,-9.183749999999998,-4.211614045000421,4.211614045000421
4,pauli,10,mean,1,10000,-7.097174999999998,-2.1250390450004213,2.1250390450004213
4,pauli,10,mean,1,20000,-5.8658624999999995,-0.8937265450004226,0.8937265450004226
4,pauli,10,mean,1,30000,-6.345299999999999,-1.373164045000422,1.373164045000422
4,pauli,10,mean,1,40000,-6.410137499999999,-1.4380015450004224,1.4380015450004224
4,pauli,10,mean,1,50000,-6.1870949999999985,-1.2149590450004215,1.2149590450004215
4,pauli,10,mean,1,60000,-5.820337499999999,-0.8482015450004221,0.8482015450004221
4,pauli,10,mean,1,70000,-5.511921428571427,-0.5397854735718504,0.5397854735718504
4,pauli,10,mean,1,80000,-5.893706249999999,-0.9215702950004223,0.9215702950004223
4,pauli,10,mean,1,90000,-5.778649999999999,-0.806514045000422,0.806514045000422
4,pauli,10,mean,1,100000,-5.983492499999999,-1.0113565450004218,1.0113565450004218
4,clifford,10,mean,1,10,25.624999999999932,30.59713595499951,30.59713595499951
4,clifford,10,mean,1,30,-8.541666666666616,-3.5695307116670394,3.5695307116670394
4,clifford,10,mean,1,100,5.124999999999982,10.097135954999558,10.097135954999558
4,clifford,10,mean,1,300,-1.708333333333316,3.263802621666261,3.263802621666261
4,clifford,10,mean,1,1000,-1.5374999999999968,3.43463595499958,3.43463595499958
4,clifford,10,mean,1,3000,-4.6124999999999865,0.35963595499959045,0.35963595499959045
4,clifford,10,mean,1,10000,-4.843124999999995,0.1290109549995817,0.1290109549995817
4,clifford,10,mean,1,20000,-4.189687499999998,0.7824484549995789,0.7824484549995789
4,clifford,10,mean,1,30000,-4.5612499999999985,0.4108859549995785,0.4108859549995785
4,clifford,10,mean,1,40000,-4.785468749999999,0.18666720499957812,0.18666720499957812
4,clifford,10,mean,1,50000,-4.699624999999999,0.27251095499957767,0.27251095499957767
4,clifford,10,mean,1,60000,-4.855937499999999,0.11619845499957826,0.11619845499957826
4,clifford,10,mean,1,70000,-4.952946428571428,0.019189526428148973,0.019189526428148973
4,clifford,10,mean,1,80000,-4.939218749999999,0.03291720499957762,0.03291720499957762
4,clifford,10,mean,1,90000,-4.880138888888888,0.09199706611068859,0.09199706611068859
4,clifford,10,mean,1,100000,-4.904624999999999,0.0675109549995776,0.0675109549995776
4,seeqst_uniform,10,mean,1,10,0.0,4.972135954999577,4.972135954999577
4,seeqst_uniform,10,mean,1,30,0.0,4.972135954999577,4.972135954999577
4,seeqst_uniform,10,mean,1,100,10.24,15.212135954999578,15.212135954999578
4,seeqst_uniform,10,mean,1,300,0.0,4.972135954999577,4.972135954999577
4,seeqst_uniform,10,mean,1,1000,-4.096,0.8761359549995769,0.8761359549995769
4,seeqst_uniform,10,mean,1,3000,-2.048,2.924135954999577,2.924135954999577
4,seeqst_uniform,10,mean,1,10000,-3.2768,1.6953359549995768,1.6953359549995768
4,seeqst_uniform,10,mean,1,20000,-3.9424,1.0297359549995768,1.0297359549995768
4,seeqst_uniform,10,mean,1,30000,-3.345066666666667,1.62706928833291,1.62706928833291
4,seeqst_uniform,10,mean,1,40000,-3.9936,0.9785359549995771,0.9785359549995771
4,seeqst_uniform,10,mean,1,50000,-4.17792,0.7942159549995766,0.7942159549995766
4,seeqst_uniform,10,mean,1,60000,-4.4032,0.5689359549995769,0.5689359549995769
4,seeqst_uniform,10,mean,1,70000,-4.593371428571428,0.3787645264281485,0.3787645264281485
4,seeqst_uniform,10,mean,1,80000,-4.736,0.23613595499957718,0.23613595499957718
4,seeqst_uniform,10,mean,1,90000,-4.733155555555555,0.2389803994440216,0.2389803994440216
4,seeqst_uniform,10,mean,1,100000,-4.87424,0.0978959549995766,0.0978959549995766
4,seeqst_binomial_q0.09091,10,mean,1,10,-25.937424604112483,-20.965288649112907,20.965288649112907
4,seeqst_binomial_q0.09091,10,mean,1,30,-8.645808201370828,-3.6736722463712512,3.6736722463712512
4,seeqst_binomial_q0.09091,10,mean,1,100,-2.593742460411248,2.378393494588329,2.378393494588329
4,seeqst_binomial_q0.09091,10,mean,1,300,-3.458323280548331,1.5138126744512461,1.5138126744512461
4,seeqst_binomial_q0.09091,10,mean,1,1000,-4.668736428740248,0.3033995262593292,0.3033995262593292
4,seeqst_binomial_q0.09091,10,mean,1,3000,-4.495820264712831,0.4763156902867456,0.4763156902867456
4,seeqst_binomial_q0.09091,10,mean,1,10000,-4.461237031907329,0.510898923092248,0.510898923092248
4,seeqst_binomial_q0.09091,10,mean,1,20000,-4.577955442625866,0.394180512373711,0.394180512373711
4,seeqst_binomial_q0.09091,10,mean,1,30000,-4.487174456511492,0.4849614984880848,0.4849614984880848
4,seeqst_binomial_q0.09091,10,mean,1,40000,-4.610377223380975,0.36175873161860217,0.36175873161860217
4,seeqst_binomial_q0.09091,10,mean,1,50000,-4.710236308106777,0.2618996468928003,0.2618996468928003
4,seeqst_binomial_q0.09091,10,mean,1,60000,-4.893527441975813,0.07860851302376393,0.07860851302376393
4,seeqst_binomial_q0.09091,10,mean,1,70000,-5.080029876033935,-0.10789392103435791,0.10789392103435791
4,seeqst_binomial_q0.09091,10,mean,1,80000,-5.070766510103885,-0.09863055510430829,0.09863055510430829
4,seeqst_binomial_q0.09091,10,mean,1,90000,-5.075089414204562,-0.10295345920498544,0.10295345920498544
4,seeqst_binomial_q0.09091,10,mean,1,100000,-5.026672888276882,-0.05453693327730491,0.05453693327730491
4,seeqst_binomial_q0.5,10,mean,1,10,0.0,4.972135954999577,4.972135954999577
4,seeqst_binomial_q0.5,10,mean,1,30,0.0,4.972135954999577,4.972135954999577
4,seeqst_binomial_q0.5,10,mean,1,100,0.0,4.972135954999577,4.972135954999577
4,seeqst_binomial_q0.5,10,mean,1,300,-6.826666666666667,-1.8545307116670902,1.8545307116670902
4,seeqst_binomial_q0.5,10,mean,1,1000,-9.216,-4.243864045000422,4.243864045000422
4,seeqst_binomial_q0.5,10,mean,1,3000,-4.778666666666667,0.19346928833290988,0.19346928833290988
4,seeqst_binomial_q0.5,10,mean,1,10000,-5.3248,-0.3526640450004228,0.3526640450004228
4,seeqst_binomial_q0.5,10,mean,1,20000,-5.632,-0.6598640450004227,0.6598640450004227
4,seeqst_binomial_q0.5,10,mean,1,30000,-5.632,-0.6598640450004227,0.6598640450004227
4,seeqst_binomial_q0.5,10,mean,1,40000,-5.3504,-0.37826404500042266,0.37826404500042266
4,seeqst_binomial_q0.5,10,mean,1,50000,-5.0176,-0.04546404500042289,0.04546404500042289
4,seeqst_binomial_q0.5,10,mean,1,60000,-4.795733333333334,0.17640262166624332,0.17640262166624332
4,seeqst_binomial_q0.5,10,mean,1,70000,-4.739657142857143,0.2324788121424337,0.2324788121424337
4,seeqst_binomial_q0.5,10,mean,1,80000,-4.5568,0.415335954999577,0.415335954999577
4,seeqst_binomial_q0.5,10,mean,1,90000,-4.8014222222222225,0.17071373277735447,0.17071373277735447
4,seeqst_binomial_q0.5,10,mean,1,100000,-4.85376,0.11837595499957665,0.11837595499957665
4,seeqst_binomial_tuned,10,mean,1,10,14.901161193847653,19.87329714884723,19.87329714884723
4,seeqst_binomial_tuned,10,mean,1,30,9.934107462565102,14.906243417564678,14.906243417564678
4,seeqst_binomial_tuned,10,mean,1,100,-7.450580596923827,-2.4784446419242503,2.4784446419242503
4,seeqst_binomial_tuned,10,mean,1,300,-7.450580596923826,-2.4784446419242494,2.4784446419242494
4,seeqst_binomial_tuned,10,mean,1,1000,-5.960464477539062,-0.9883285225394847,0.9883285225394847
4,seeqst_binomial_tuned,10,mean,1,3000,-6.109476089477538,-1.1373401344779612,1.1373401344779612
4,seeqst_binomial_tuned,10,mean,1,10000,-5.483627319335937,-0.5114913643363597,0.5114913643363597
4,seeqst_binomial_tuned,10,mean,1,20000,-5.014240741729735,-0.042104786730158494,0.042104786730158494
4,seeqst_binomial_tuned,10,mean,1,30000,-5.1409006118774405,-0.16876465687786357,0.16876465687786357
4,seeqst_binomial_tuned,10,mean,1,40000,-5.122274160385131,-0.150138205385554,0.150138205385554
4,seeqst_binomial_tuned,10,mean,1,50000,-4.988908767700194,-0.01677281270061748,0.01677281270061748
4,seeqst_binomial_tuned,10,mean,1,60000,-5.049010117848713,-0.07687416284913606,0.07687416284913606
4,seeqst_binomial_tuned,10,mean,1,70000,-5.1217419760567795,-0.14960602105720255,0.14960602105720255
4,seeqst_binomial_tuned,10,mean,1,80000,-5.044043064117431,-0.0719071091178538,0.0719071091178538
4,seeqst_binomial_tuned,10,mean,1,90000,-5.003478791978623,-0.031342836979046496,0.031342836979046496
4,seeqst_binomial_tuned,10,mean,1,100000,-5.038082599639892,-0.06594664464031474,0.06594664464031474
5,pauli,10,mean,1,10,4.949999999999995,9.922135954999572,9.922135954999572
5,pauli,10,mean,1,30,-5.624999999999998,-0.6528640450004213,0.6528640450004213
5,pauli,10,mean,1,100,-10.282499999999995,-5.310364045000418,5.310364045000418
5,pauli,10,mean,1,300,-7.522499999999998,-2.5503640450004212,2.5503640450004212
5,pauli,10,mean,1,1000,-6.038999999999999,-1.0668640450004219,1.0668640450004219
5,pauli,10,mean,1,3000,-4.661249999999999,0.31088595499957794,0.31088595499957794
5,pauli,10,mean,1,10000,-3.7071,1.2650359549995769,1.2650359549995769
5,pauli,10,mean,1,20000,-4.7550375,0.2170984549995767,0.2170984549995767
5,pauli,10,mean,1,30000,-5.742825,-0.7706890450004229,0.7706890450004229
5,pauli,10,mean,1,40000,-5.52121875,-0.5490827950004231,0.5490827950004231
5,pauli,10,mean,1,50000,-5.310585,-0.3384490450004227,0.3384490450004227
5,pauli,10,mean,1,60000,-4.9851375,-0.013001545000423498,0.013001545000423498
5,pauli,10,mean,1,70000,-5.186057142857143,-0.21392118785756598,0.21392118785756598
5,pauli,10,mean,1,80000,-5.289103125,-0.3169671700004226,0.3169671700004226
5,pauli,10,mean,1,90000,-5.004225,-0.03208904500042298,0.03208904500042298
5,pauli,10,mean,1,100000,-4.943025,0.029110954999577388,0.029110954999577388
5,clifford,10,mean,1,10,-25.624999999999922,-20.652864045000346,20.652864045000346
5,clifford,10,mean,1,30,17.08333333333327,22.055469288332848,22.055469288332848
5,clifford,10,mean,1,100,10.24999999999996,15.222135954999537,15.222135954999537
5,clifford,10,mean,1,300,-1.429410183715185e-15,4.972135954999575,4.972135954999575
5,clifford,10,mean,1,1000,-5.381249999999983,-0.4091140450004058,0.4091140450004058
5,clifford,10,mean,1,3000,-6.406249999999982,-1.4341140450004053,1.4341140450004053
5,clifford,10,mean,1,10000,-4.766249999999994,0.20588595499958284,0.20588595499958284
5,clifford,10,mean,1,20000,-4.791874999999997,0.1802609549995795,0.1802609549995795
5,clifford,10,mean,1,30000,-4.766249999999998,0.2058859549995793,0.2058859549995793
5,clifford,10,mean,1,40000,-4.9264062499999985,0.0457297049995784,0.0457297049995784
5,clifford,10,mean,1,50000,-4.827749999999999,0.14438595499957785,0.14438595499957785
5,clifford,10,mean,1,60000,-4.574062499999999,0.3980734549995777,0.3980734549995777
5,clifford,10,mean,1,70000,-4.495357142857142,0.47677881214243456,0.47677881214243456
5,clifford,10,mean,1,80000,-4.3882812499999995,0.5838547049995775,0.5838547049995775
5,clifford,10,mean,1,90000,-4.34486111111111,0.6272748438884665,0.6272748438884665
5,clifford,10,mean,1,100000,-4.5125625,0.45957345499957736,0.45957345499957736
5,seeqst_uniform,10,mean,1,10,0.0,4.972135954999577,4.972135954999577
5,seeqst_uniform,10,mean,1,30,0.0,4.972135954999577,4.972135954999577
5,seeqst_uniform,10,mean,1,100,0.0,4.972135954999577,4.972135954999577
5,seeqst_uniform,10,mean,1,300,0.0,4.972135954999577,4.972135954999577
5,seeqst_uniform,10,mean,1,1000,-5.12,-0.14786404500042316,0.14786404500042316
5,seeqst_uniform,10,mean,1,3000,-6.144,-1.1718640450004232,1.1718640450004232
5,seeqst_uniform,10,mean,1,10000,-4.9152,0.056935954999577376,0.056935954999577376
5,seeqst_uniform,10,mean,1,20000,-5.3248,-0.3526640450004228,0.3526640450004228
5,seeqst_uniform,10,mean,1,30000,-5.290666666666667,-0.3185307116670897,0.3185307116670897
5,seeqst_uniform,10,mean,1,40000,-4.9408,0.03133595499957664,0.03133595499957664
5,seeqst_uniform,10,mean,1,50000,-4.95616,0.01597595499957727,0.01597595499957727
5,seeqst_uniform,10,mean,1,60000,-4.864,0.10813595499957707,0.10813595499957707
5,seeqst_uniform,10,mean,1,70000,-4.827428571428571,0.14470738357100554,0.14470738357100554
5,seeqst_uniform,10,mean,1,80000,-4.9408,0.03133595499957664,0.03133595499957664
5,seeqst_uniform,10,mean,1,90000,-5.0176,-0.04546404500042289,0.04546404500042289
5,seeqst_uniform,10,mean,1,100000,-5.07904,-0.10690404500042305,0.10690404500042305
5,seeqst_binomial_q0.09091,10,mean,1,10,25.937424604112483,30.90956055911206,30.90956055911206
5,seeqst_binomial_q0.09091,10,mean,1,30,8.645808201370828,13.617944156370406,13.617944156370406
5,seeqst_binomial_q0.09091,10,mean,1,100,5.187484920822496,10.159620875822073,10.159620875822073
5,seeqst_binomial_q0.09091,10,mean,1,300,0.8645808201370827,5.83671677513666,5.83671677513666
5,seeqst_binomial_q0.09091,10,mean,1,1000,-4.409362182699123,0.5627737723004538,0.5627737723004538
5,seeqst_binomial_q0.09091,10,mean,1,3000,-5.187484920822498,-0.21534896582292085,0.21534896582292085
5,seeqst_binomial_q0.09091,10,mean,1,10000,-5.809983111321169,-0.8378471563215921,0.8378471563215921
5,seeqst_binomial_q0.09091,10,mean,1,20000,-5.693264700602726,-0.7211287456031492,0.7211287456031492
5,seeqst_binomial_q0.09091,10,mean,1,30000,-5.671650180099254,-0.6995142250996773,0.6995142250996773
5,seeqst_binomial_q0.09091,10,mean,1,40000,-5.634905495243383,-0.6627695402438061,0.6627695402438061
5,seeqst_binomial_q0.09091,10,mean,1,50000,-5.529858925596702,-0.5577229705971254,0.5577229705971254
5,seeqst_binomial_q0.09091,10,mean,1,60000,-5.4814423996690085,-0.5093064446694315,0.5093064446694315
5,seeqst_binomial_q0.09091,10,mean,1,70000,-5.2912346192388435,-0.3190986642392666,0.3190986642392666
5,seeqst_binomial_q0.09091,10,mean,1,80000,-5.281508085012292,-0.309372130012715,0.309372130012715
5,seeqst_binomial_q0.09091,10,mean,1,90000,-5.288352683171702,-0.3162167281721251,0.3162167281721251
5,seeqst_binomial_q0.09091,10,mean,1,100000,-5.265297194634713,-0.2931612396351362,0.2931612396351362
5,seeqst_binomial_q0.5,10,mean,1,10,0.0,4.972135954999577,4.972135954999577
5,seeqst_binomial_q0.5,10,mean,1,30,0.0,4.972135954999577,4.972135954999577
5,seeqst_binomial_q0.5,10,mean,1,100,0.0,4.972135954999577,4.972135954999577
5,seeqst_binomial_q0.5,10,mean,1,300,-10.24,-5.267864045000423,5.267864045000423
5,seeqst_binomial_q0.5,10,mean,1,1000,-8.192,-3.2198640450004232,3.2198640450004232
5,seeqst_binomial_q0.5,10,mean,1,3000,-2.3893333333333335,2.5828026216662434,2.5828026216662434
5,seeqst_binomial_q0.5,10,mean,1,10000,-3.4816,1.4905359549995771,1.4905359549995771
5,seeqst_binomial_q0.5,10,mean,1,20000,-3.7888,1.1833359549995768,1.1833359549995768
5,seeqst_binomial_q0.5,10,mean,1,30000,-4.1984,0.7737359549995766,0.7737359549995766
5,seeqst_binomial_q0.5,10,mean,1,40000,-4.3264,0.6457359549995774,0.6457359549995774
5,seeqst_binomial_q0.5,10,mean,1,50000,-4.66944,0.30269595499957713,0.30269595499957713
5,seeqst_binomial_q0.5,10,mean,1,60000,-4.625066666666667,0.34706928833290984,0.34706928833290984
5,seeqst_binomial_q0.5,10,mean,1,70000,-4.666514285714285,0.30562166928529155,0.30562166928529155
5,seeqst_binomial_q0.5,10,mean,1,80000,-4.8896,0.08253595499957722,0.08253595499957722
5,seeqst_binomial_q0.5,10,mean,1,90000,-4.926577777777778,0.04555817722179878,0.04555817722179878
5,seeqst_binomial_q0.5,10,mean,1,100000,-5.05856,-0.086424045000423,0.086424045000423
5,seeqst_binomial_tuned,10,mean,1,10,-14.901161193847653,-9.929025238848077,9.929025238848077
5,seeqst_binomial_tuned,10,mean,1,30,-9.934107462565102,-4.961971507565525,4.961971507565525
5,seeqst_binomial_tuned,10,mean,1,100,-2.98023223876953,1.991903716230047,1.991903716230047
5,seeqst_binomial_tuned,10,mean,1,300,-3.973642985026041,0.9984929699735359,0.9984929699735359
5,seeqst_binomial_tuned,10,mean,1,1000,-5.364418029785155,-0.3922820747855784,0.3922820747855784
5,seeqst_binomial_tuned,10,mean,1,3000,-5.86112340291341,-0.8889874479138333,0.8889874479138333
5,seeqst_binomial_tuned,10,mean,1,10000,-4.366040229797362,0.6060957252022146,0.6060957252022146
5,seeqst_binomial_tuned,10,mean,1,20000,-4.716217517852782,0.25591843714679463,0.25591843714679463
5,seeqst_binomial_tuned,10,mean,1,30000,-4.7336022059122715,0.2385337490873054,0.2385337490873054
5,seeqst_binomial_tuned,10,mean,1,40000,-4.570931196212768,0.4012047587868093,0.4012047587868093
5,seeqst_binomial_tuned,10,mean,1,50000,-4.586577415466308,0.38555853953326924,0.38555853953326924
5,seeqst_binomial_tuned,10,mean,1,60000,-4.63426113128662,0.33787482371295674,0.33787482371295674
5,seeqst_binomial_tuned,10,mean,1,70000,-4.67470714024135,0.29742881475822713,0.29742881475822713
5,seeqst_binomial_tuned,10,mean,1,80000,-4.682689905166625,0.28944604983295186,0.28944604983295186
5,seeqst_binomial_tuned,10,mean,1,90000,-4.695521460639105,0.27661449436047203,0.27661449436047203
5,seeqst_binomial_tuned,10,mean,1,100000,-4.680454730987548,0.291681224012029,0.291681224012029
6,pauli,10,mean,1,10,-6.749999999999995,-1.7778640450004177,1.7778640450004177
6,pauli,10,mean,1,30,-2.174999999999999,2.797135954999578,2.797135954999578
6,pauli,10,mean,1,100,2.092499999999998,7.064635954999575,7.064635954999575
6,pauli,10,mean,1,300,-2.782500000000001,2.189635954999576,2.189635954999576
6,pauli,10,mean,1,1000,-2.488500000000001,2.483635954999576,2.483635954999576
6,pauli,10,mean,1,3000,-7.445249999999999,-2.473114045000422,2.473114045000422
6,pauli,10,mean,1,10000,-5.271074999999999,-0.2989390450004219,0.2989390450004219
6,pauli,10,mean,1,20000,-6.3451125,-1.372976545000423,1.372976545000423
6,pauli,10,mean,1,30000,-6.06645,-1.0943140450004227,1.0943140450004227
6,pauli,10,mean,1,40000,-6.1201125,-1.1479765450004233,1.1479765450004233
6,pauli,10,mean,1,50000,-5.77089,-0.7987540450004227,0.7987540450004227
6,pauli,10,mean,1,60000,-5.72775,-0.7556140450004234,0.7556140450004234
6,pauli,10,mean,1,70000,-5.592021428571429,-0.619885473571852,0.619885473571852
6,pauli,10,mean,1,80000,-5.728640625,-0.7565046700004228,0.7565046700004228
6,pauli,10,mean,1,90000,-5.733575,-0.7614390450004231,0.7614390450004231
6,pauli,10,mean,1,100000,-5.66001,-0.6878740450004228,0.6878740450004228
6,clifford,10,mean,1,10,4.564858616739506e-17,4.972135954999577,4.972135954999577
6,clifford,10,mean,1,30,-8.54166666666662,-3.569530711667043,3.569530711667043
6,clifford,10,mean,1,100,1.3852460845065195e-15,4.972135954999579,4.972135954999579
6,clifford,10,mean,1,300,-0.8541666666666711,4.1179692883329055,4.1179692883329055
6,clifford,10,mean,1,1000,-6.406249999999976,-1.434114045000399,1.434114045000399
6,clifford,10,mean,1,3000,-5.808333333333315,-0.836197378333738,0.836197378333738
6,clifford,10,mean,1,10000,-4.971249999999992,0.0008859549995845484,0.0008859549995845484
6,clifford,10,mean,1,20000,-5.265937499999996,-0.2938015450004192,0.2938015450004192
6,clifford,10,mean,1,30000,-4.988333333333331,-0.016197378333753676,0.016197378333753676
6,clifford,10,mean,1,40000,-4.772656249999998,0.1994797049995789,0.1994797049995789
6,clifford,10,mean,1,50000,-4.884124999999998,0.08801095499957867,0.08801095499957867
6,clifford,10,mean,1,60000,-5.171979166666665,-0.19984321166708785,0.19984321166708785
6,clifford,10,mean,1,70000,-5.04080357142857,-0.06866761642899277,0.06866761642899277
6,clifford,10,mean,1,80000,-5.070546874999999,-0.09841092000042195,0.09841092000042195
6,clifford,10,mean,1,90000,-4.919999999999999,0.052135954999577905,0.052135954999577905
6,clifford,10,mean,1,100000,-4.7662499999999985,0.2058859549995784,0.2058859549995784
6,seeqst_uniform,10,mean,1,10,102.4,107.37213595499958,107.37213595499958
6,seeqst_uniform,10,mean,1,30,68.26666666666667,73.23880262166624,73.23880262166624
6,seeqst_uniform,10,mean,1,100,10.24,15.212135954999578,15.212135954999578
6,seeqst_uniform,10,mean,1,300,3.4133333333333336,8.38546928833291,8.38546928833291
6,seeqst_uniform,10,mean,1,1000,0.0,4.972135954999577,4.972135954999577
6,seeqst_uniform,10,mean,1,3000,-1.024,3.948135954999577,3.948135954999577
6,seeqst_uniform,10,mean,1,10000,-3.1744,1.797735954999577,1.797735954999577
6,seeqst_uniform,10,mean,1,20000,-4.4032,0.5689359549995769,0.5689359549995769
6,seeqst_uniform,10,mean,1,30000,-4.130133333333333,0.8420026216662437,0.8420026216662437
6,seeqst_uniform,10,mean,1,40000,-4.3264,0.6457359549995774,0.6457359549995774
6,seeqst_uniform,10,mean,1,50000,-4.42368,0.5484559549995769,0.5484559549995769
6,seeqst_uniform,10,mean,1,60000,-4.334933333333334,0.6372026216662432,0.6372026216662432
6,seeqst_uniform,10,mean,1,70000,-4.373942857142858,0.5981930978567194,0.5981930978567194
6,seeqst_uniform,10,mean,1,80000,-4.288,0.6841359549995767,0.6841359549995767
6,seeqst_uniform,10,mean,1,90000,-4.437333333333333,0.5348026216662438,0.5348026216662438
6,seeqst_uniform,10,mean,1,100000,-4.20864,0.763495954999577,0.763495954999577
6,seeqst_binomial_q0.09091,10,mean,1,10,0.0,4.972135954999577,4.972135954999577
6,seeqst_binomial_q0.09091,10,mean,1,30,0.0,4.972135954999577,4.972135954999577
6,seeqst_binomial_q0.09091,10,mean,1,100,-7.7812273812337445,-2.8090914262341675,2.8090914262341675
6,seeqst_binomial_q0.09091,10,mean,1,300,-6.052065740959581,-1.0799297859600037,1.0799297859600037
6,seeqst_binomial_q0.09091,10,mean,1,1000,-3.890613690616873,1.0815222643827038,1.0815222643827038
6,seeqst_binomial_q0.09091,10,mean,1,3000,-3.9770717726305818,0.9950641823689952,0.9950641823689952
6,seeqst_binomial_q0.09091,10,mean,1,10000,-4.79842355176079,0.17371240323878734,0.17371240323878734
6,seeqst_binomial_q0.09091,10,mean,1,20000,-5.005922948593731,-0.033786993594153714,0.033786993594153714
6,seeqst_binomial_q0.09091,10,mean,1,30000,-4.919464866580019,0.05267108841955803,0.05267108841955803
6,seeqst_binomial_q0.09091,10,mean,1,40000,-4.9735011678385375,-0.0013652128389605167,0.0013652128389605167
6,seeqst_binomial_q0.09091,10,mean,1,50000,-5.083735222405983,-0.11159926740640636,0.11159926740640636
6,seeqst_binomial_q0.09091,10,mean,1,60000,-4.880558729673757,0.09157722532582024,0.09157722532582024
6,seeqst_binomial_q0.09091,10,mean,1,70000,-4.854003747340963,0.11813220765861399,0.11813220765861399
6,seeqst_binomial_q0.09091,10,mean,1,80000,-4.86975146942202,0.10238448557755664,0.10238448557755664
6,seeqst_binomial_q0.09091,10,mean,1,90000,-4.835888720633311,0.13624723436626596,0.13624723436626596
6,seeqst_binomial_q0.09091,10,mean,1,100000,-4.967016811687425,0.005119143312152019,0.005119143312152019
6,seeqst_binomial_q0.5,10,mean,1,10,0.0,4.972135954999577,4.972135954999577
6,seeqst_binomial_q0.5,10,mean,1,30,0.0,4.972135954999577,4.972135954999577
6,seeqst_binomial_q0.5,10,mean,1,100,-20.48,-15.507864045000424,15.507864045000424
6,seeqst_binomial_q0.5,10,mean,1,300,-13.653333333333334,-8.681197378333756,8.681197378333756
6,seeqst_binomial_q0.5,10,mean,1,1000,-8.192,-3.2198640450004232,3.2198640450004232
6,seeqst_binomial_q0.5,10,mean,1,3000,-5.12,-0.14786404500042316,0.14786404500042316
6,seeqst_binomial_q0.5,10,mean,1,10000,-6.144,-1.1718640450004232,1.1718640450004232
6,seeqst_binomial_q0.5,10,mean,1,20000,-5.1712,-0.19906404500042285,0.19906404500042285
6,seeqst_binomial_q0.5,10,mean,1,30000,-4.7104,0.261735954999577,0.261735954999577
6,seeqst_binomial_q0.5,10,mean,1,40000,-4.6592,0.3129359549995767,0.3129359549995767
6,seeqst_binomial_q0.5,10,mean,1,50000,-4.32128,0.6508559549995772,0.6508559549995772
6,seeqst_binomial_q0.5,10,mean,1,60000,-4.1472,0.8249359549995772,0.8249359549995772
6,seeqst_binomial_q0.5,10,mean,1,70000,-4.534857142857143,0.43727881214243425,0.43727881214243425
6,seeqst_binomial_q0.5,10,mean,1,80000,-4.5824,0.38973595499957714,0.38973595499957714
6,seeqst_binomial_q0.5,10,mean,1,90000,-4.653511111111111,0.31862484388846557,0.31862484388846557
6,seeqst_binomial_q0.5,10,mean,1,100000,-4.608,0.3641359549995773,0.3641359549995773
6,seeqst_binomial_tuned,10,mean,1,10,0.0,4.972135954999577,4.972135954999577
6,seeqst_binomial_tuned,10,mean,1,30,-9.934107462565102,-4.961971507565525,4.961971507565525
6,seeqst_binomial_tuned,10,mean,1,100,-8.940696716308592,-3.968560761309015,3.968560761309015
6,seeqst_binomial_tuned,10,mean,1,300,-10.430812835693358,-5.458676880693781,5.458676880693781
6,seeqst_binomial_tuned,10,mean,1,1000,-6.854534149169921,-1.882398194170344,1.882398194170344
6,seeqst_binomial_tuned,10,mean,1,3000,-4.6193599700927725,0.3527759849068044,0.3527759849068044
6,seeqst_binomial_tuned,10,mean,1,10000,-5.066394805908202,-0.09425885090862529,0.09425885090862529
6,seeqst_binomial_tuned,10,mean,1,20000,-5.252659320831298,-0.280523365831721,0.280523365831721
6,seeqst_binomial_tuned,10,mean,1,30000,-5.08129596710205,-0.10916001210247295,0.10916001210247295
6,seeqst_binomial_tuned,10,mean,1,40000,-5.144625902175902,-0.1724899471763255,0.1724899471763255
6,seeqst_binomial_tuned,10,mean,1,50000,-5.137920379638671,-0.16578442463909404,0.16578442463909404
6,seeqst_binomial_tuned,10,mean,1,60000,-5.073845386505126,-0.10170943150554912,0.10170943150554912
6,seeqst_binomial_tuned,10,mean,1,70000,-5.04084995814732,-0.06871400314774334,0.06871400314774334
6,seeqst_binomial_tuned,10,mean,1,80000,-5.0552189350128165,-0.08308298001323955,0.08308298001323955
6,seeqst_binomial_tuned,10,mean,1,90000,-5.025002691480847,-0.05286673648127049,0.05286673648127049
6,seeqst_binomial_tuned,10,mean,1,100000,-4.999339580535888,-0.027203625536310838,0.027203625536310838
7,pauli,10,mean,1,10,15.074999999999992,20.04713595499957,20.04713595499957
7,pauli,10,mean,1,30,-4.124999999999996,0.8471359549995814,0.8471359549995814
7,pauli,10,mean,1,100,-5.782499999999995,-0.8103640450004184,0.8103640450004184
7,pauli,10,mean,1,300,-6.352499999999997,-1.3803640450004204,1.3803640450004204
7,pauli,10,mean,1,1000,-10.653749999999997,-5.68161404500042,5.68161404500042
7,pauli,10,mean,1,3000,-5.789249999999999,-0.8171140450004222,0.8171140450004222
7,pauli,10,mean,1,10000,-5.069925,-0.09778904500042263,0.09778904500042263
7,pauli,10,mean,1,20000,-6.4474874999999985,-1.4753515450004215,1.4753515450004215
7,pauli,10,mean,1,30000,-6.458174999999999,-1.486039045000422,1.486039045000422
7,pauli,10,mean,1,40000,-6.105149999999999,-1.1330140450004222,1.1330140450004222
7,pauli,10,mean,1,50000,-5.841854999999999,-0.869719045000422,0.869719045000422
7,pauli,10,mean,1,60000,-6.015187499999999,-1.0430515450004219,1.0430515450004219
7,pauli,10,mean,1,70000,-6.085285714285713,-1.1131497592861361,1.1131497592861361
7,pauli,10,mean,1,80000,-6.153356249999999,-1.181220295000422,1.181220295000422
7,pauli,10,mean,1,90000,-5.897049999999998,-0.9249140450004214,0.9249140450004214
7,pauli,10,mean,1,100000,-5.829232499999999,-0.857096545000422,0.857096545000422
7,clifford,10,mean,1,10,-1.242645136132747e-15,4.972135954999576,4.972135954999576
7,clifford,10,mean,1,30,1.1264091600341565e-15,4.972135954999578,4.972135954999578
7,clifford,10,mean,1,100,-10.249999999999966,-5.277864045000389,5.277864045000389
7,clifford,10,mean,1,300,-6.833333333333312,-1.8611973783337348,1.8611973783337348
7,clifford,10,mean,1,1000,-5.637499999999976,-0.6653640450003993,0.6653640450003993
7,clifford,10,mean,1,3000,-5.381249999999984,-0.4091140450004067,0.4091140450004067
7,clifford,10,mean,1,10000,-4.868749999999994,0.10338595499958281,0.10338595499958281
7,clifford,10,mean,1,20000,-4.189687499999997,0.7824484549995798,0.7824484549995798
7,clifford,10,mean,1,30000,-4.492916666666665,0.47921928833291183,0.47921928833291183
7,clifford,10,mean,1,40000,-4.657343749999998,0.31479220499957883,0.31479220499957883
7,clifford,10,mean,1,50000,-4.796999999999999,0.17513595499957813,0.17513595499957813
7,clifford,10,mean,1,60000,-5.026770833333332,-0.05463487833375513,0.05463487833375513
7,clifford,10,mean,1,70000,-5.124999999999999,-0.15286404500042217,0.15286404500042217
7,clifford,10,mean,1,80000,-5.128203124999999,-0.15606717000042192,0.15606717000042192
7,clifford,10,mean,1,90000,-5.105069444444444,-0.13293348944486727,0.13293348944486727
7,clifford,10,mean,1,100000,-4.9943124999999995,-0.022176545000422543,0.022176545000422543
7,seeqst_uniform,10,mean,1,10,0.0,4.972135954999577,4.972135954999577
7,seeqst_uniform,10,mean,1,30,0.0,4.972135954999577,4.972135954999577
7,seeqst_uniform,10,mean,1,100,0.0,4.972135954999577,4.972135954999577
7,seeqst_uniform,10,mean,1,300,0.0,4.972135954999577,4.972135954999577
7,seeqst_uniform,10,mean,1,1000,-3.072,1.9001359549995769,1.9001359549995769
7,seeqst_uniform,10,mean,1,3000,-3.7546666666666666,1.2174692883329103,1.2174692883329103
7,seeqst_uniform,10,mean,1,10000,-4.608,0.3641359549995773,0.3641359549995773
7,seeqst_uniform,10,mean,1,20000,-4.6592,0.3129359549995767,0.3129359549995767
7,seeqst_uniform,10,mean,1,30000,-4.5056,0.4665359549995767,0.4665359549995767
7,seeqst_uniform,10,mean,1,40000,-4.5568,0.415335954999577,0.415335954999577
7,seeqst_uniform,10,mean,1,50000,-4.62848,0.34365595499957724,0.34365595499957724
7,seeqst_uniform,10,mean,1,60000,-4.795733333333334,0.17640262166624332,0.17640262166624332
7,seeqst_uniform,10,mean,1,70000,-4.827428571428571,0.14470738357100554,0.14470738357100554
7,seeqst_uniform,10,mean,1,80000,-5.056,-0.0838640450004231,0.0838640450004231
7,seeqst_uniform,10,mean,1,90000,-5.12,-0.14786404500042316,0.14786404500042316
7,seeqst_uniform,10,mean,1,100000,-4.99712,-0.02498404500042284,0.02498404500042284
7,seeqst_binomial_q0.09091,10,mean,1,10,0.0,4.972135954999577,4.972135954999577
7,seeqst_binomial_q0.09091,10,mean,1,30,8.645808201370828,13.617944156370406,13.617944156370406
7,seeqst_binomial_q0.09091,10,mean,1,100,-5.187484920822496,-0.21534896582291907,0.21534896582291907
7,seeqst_binomial_q0.09091,10,mean,1,300,-5.187484920822497,-0.21534896582291996,0.21534896582291996
7,seeqst_binomial_q0.09091,10,mean,1,1000,-5.706233412904748,-0.7340974579051709,0.7340974579051709
7,seeqst_binomial_q0.09091,10,mean,1,3000,-5.10102683880879,-0.12889088380921265,0.12889088380921265
7,seeqst_binomial_q0.09091,10,mean,1,10000,-4.876235825573127,0.09590012942645032,0.09590012942645032
7,seeqst_binomial_q0.09091,10,mean,1,20000,-4.681705141042317,0.29043081395725956,0.29043081395725956
7,seeqst_binomial_q0.09091,10,mean,1,30000,-4.850298400969054,0.12183755403052299,0.12183755403052299
7,seeqst_binomial_q0.09091,10,mean,1,40000,-5.1096726470101235,-0.13753669201054652,0.13753669201054652
7,seeqst_binomial_q0.09091,10,mean,1,50000,-5.130422586693384,-0.15828663169380697,0.15828663169380697
7,seeqst_binomial_q0.09091,10,mean,1,60000,-5.066443606003223,-0.09430765100364624,0.09430765100364624
7,seeqst_binomial_q0.09091,10,mean,1,70000,-5.065208490545872,-0.09307253554629469,0.09307253554629469
7,seeqst_binomial_q0.09091,10,mean,1,80000,-5.077250866254913,-0.10511491125533645,0.10511491125533645
7,seeqst_binomial_q0.09091,10,mean,1,90000,-5.077971350271686,-0.10583539527210917,0.10583539527210917
7,seeqst_binomial_q0.09091,10,mean,1,100000,-5.1226413593120945,-0.15050540431251758,0.15050540431251758
7,seeqst_binomial_q0.5,10,mean,1,10,0.0,4.972135954999577,4.972135954999577
7,seeqst_binomial_q0.5,10,mean,1,30,0.0,4.972135954999577,4.972135954999577
7,seeqst_binomial_q0.5,10,mean,1,100,-10.24,-5.267864045000423,5.267864045000423
7,seeqst_binomial_q0.5,10,mean,1,300,-6.826666666666667,-1.8545307116670902,1.8545307116670902
7,seeqst_binomial_q0.5,10,mean,1,1000,-7.168,-2.195864045000423,2.195864045000423
7,seeqst_binomial_q0.5,10,mean,1,3000,-1.7066666666666668,3.26546928833291,3.26546928833291
7,seeqst_binomial_q0.5,10,mean,1,10000,-2.8672,2.104935954999577,2.104935954999577
7,seeqst_binomial_q0.5,10,mean,1,20000,-4.352,0.6201359549995766,0.6201359549995766
7,seeqst_binomial_q0.5,10,mean,1,30000,-4.9152,0.056935954999577376,0.056935954999577376
7,seeqst_binomial_q0.5,10,mean,1,40000,-4.864,0.10813595499957707,0.10813595499957707
7,seeqst_binomial_q0.5,10,mean,1,50000,-4.85376,0.11837595499957665,0.11837595499957665
7,seeqst_binomial_q0.5,10,mean,1,60000,-5.034666666666666,-0.06253071166708946,0.06253071166708946
7,seeqst_binomial_q0.5,10,mean,1,70000,-4.827428571428571,0.14470738357100554,0.14470738357100554
7,seeqst_binomial_q0.5,10,mean,1,80000,-5.0432,-0.07106404500042274,0.07106404500042274
7,seeqst_binomial_q0.5,10,mean,1,90000,-5.0289777777777775,-0.0568418227782006,0.0568418227782006
7,seeqst_binomial_q0.5,10,mean,1,100000,-4.93568,0.03645595499957732,0.03645595499957732
7,seeqst_binomial_tuned,10,mean,1,10,14.901161193847653,19.87329714884723,19.87329714884723
7,seeqst_binomial_tuned,10,mean,1,30,0.0,4.972135954999577,4.972135954999577
7,seeqst_binomial_tuned,10,mean,1,100,-8.940696716308592,-3.968560761309015,3.968560761309015
7,seeqst_binomial_tuned,10,mean,1,300,-8.940696716308592,-3.968560761309015,3.968560761309015
7,seeqst_binomial_tuned,10,mean,1,1000,-5.6624412536621085,-0.6903052986625315,0.6903052986625315
7,seeqst_binomial_tuned,10,mean,1,3000,-5.9107939402262355,-0.9386579852266586,0.9386579852266586
7,seeqst_binomial_tuned,10,mean,1,10000,-4.7087669372558585,0.26336901774371846,0.26336901774371846
7,seeqst_binomial_tuned,10,mean,1,20000,-4.73111867904663,0.24101727595294697,0.24101727595294697
7,seeqst_binomial_tuned,10,mean,1,30000,-4.450480143229166,0.5216558117704109,0.5216558117704109
7,seeqst_binomial_tuned,10,mean,1,40000,-4.55603003501892,0.41610591998065694,0.41610591998065694
7,seeqst_binomial_tuned,10,mean,1,50000,-4.678964614868163,0.29317134013141377,0.29317134013141377
7,seeqst_binomial_tuned,10,mean,1,60000,-4.701316356658935,0.2708195983406423,0.2708195983406423
7,seeqst_binomial_tuned,10,mean,1,70000,-4.719410623822893,0.25272533117668416,0.25272533117668416
7,seeqst_binomial_tuned,10,mean,1,80000,-4.701316356658935,0.2708195983406423,0.2708195983406423
7,seeqst_binomial_tuned,10,mean,1,90000,-4.779961374070909,0.19217458092866835,0.19217458092866835
7,seeqst_binomial_tuned,10,mean,1,100000,-4.746019840240478,0.22611611475909932,0.22611611475909932
8,pauli,10,mean,1,10,-5.849999999999995,-0.8778640450004183,0.8778640450004183
8,pauli,10,mean,1,30,-11.02499999999999,-6.052864045000413,6.052864045000413
8,pauli,10,mean,1,100,-7.379999999999996,-2.4078640450004194,2.4078640450004194
8,pauli,10,mean,1,300,-6.022499999999999,-1.0503640450004221,1.0503640450004221
8,pauli,10,mean,1,1000,-7.280999999999999,-2.308864045000422,2.308864045000422
8,pauli,10,mean,1,3000,-3.5625,1.409635954999577,1.409635954999577
8,pauli,10,mean,1,10000,-5.0121,-0.039964045000423276,0.039964045000423276
8,pauli,10,mean,1,20000,-5.1957,-0.22356404500042348,0.22356404500042348
8,pauli,10,mean,1,30000,-6.4293,-1.4571640450004226,1.4571640450004226
8,pauli,10,mean,1,40000,-5.72495625,-0.752820295000423,0.752820295000423
8,pauli,10,mean,1,50000,-5.32593,-0.35379404500042266,0.35379404500042266
8,pauli,10,mean,1,60000,-5.1738,-0.201664045000423,0.201664045000423
8,pauli,10,mean,1,70000,-5.0710178571428575,-0.09888190214328052,0.09888190214328052
8,pauli,10,mean,1,80000,-5.0036625,-0.031526545000422956,0.031526545000422956
8,pauli,10,mean,1,90000,-4.966025,0.006110954999576812,0.006110954999576812
8,pauli,10,mean,1,100000,-5.246505,-0.27436904500042303,0.27436904500042303
8,clifford,10,mean,1,10,-7.349637391740327e-14,4.972135954999503,4.972135954999503
8,clifford,10,mean,1,30,-17.083333333333304,-12.111197378333728,12.111197378333728
8,clifford,10,mean,1,100,-7.687499999999982,-2.7153640450004053,2.7153640450004053
8,clifford,10,mean,1,300,-6.833333333333322,-1.8611973783337454,1.8611973783337454
8,clifford,10,mean,1,1000,-4.868749999999987,0.10338595499958991,0.10338595499958991
8,clifford,10,mean,1,3000,-6.235416666666652,-1.2632807116670755,1.2632807116670755
8,clifford,10,mean,1,10000,-5.201874999999993,-0.2297390450004162,0.2297390450004162
8,clifford,10,mean,1,20000,-4.574062499999996,0.39807345499958124,0.39807345499958124
8,clifford,10,mean,1,30000,-4.757708333333331,0.21442762166624618,0.21442762166624618
8,clifford,10,mean,1,40000,-4.913593749999998,0.058542204999579184,0.058542204999579184
8,clifford,10,mean,1,50000,-4.750874999999998,0.22126095499957898,0.22126095499957898
8,clifford,10,mean,1,60000,-4.8901041666666645,0.08203178833291247,0.08203178833291247
8,clifford,10,mean,1,70000,-4.641785714285713,0.3303502407138641,0.3303502407138641
8,clifford,10,mean,1,80000,-4.558046874999999,0.4140890799995782,0.4140890799995782
8,clifford,10,mean,1,90000,-4.547013888888888,0.42512206611068937,0.42512206611068937
8,clifford,10,mean,1,100000,-4.581749999999999,0.3903859549995783,0.3903859549995783
8,seeqst_uniform,10,mean,1,10,0.0,4.972135954999577,4.972135954999577
8,seeqst_uniform,10,mean,1,30,-34.13333333333333,-29.161197378333757,29.161197378333757
8,seeqst_uniform,10,mean,1,100,-20.48,-15.507864045000424,15.507864045000424
8,seeqst_uniform,10,mean,1,300,-6.826666666666667,-1.8545307116670902,1.8545307116670902
8,seeqst_uniform,10,mean,1,1000,-6.144,-1.1718640450004232,1.1718640450004232
8,seeqst_uniform,10,mean,1,3000,-4.437333333333333,0.5348026216662438,0.5348026216662438
8,seeqst_uniform,10,mean,1,10000,-4.096,0.8761359549995769,0.8761359549995769
8,seeqst_uniform,10,mean,1,20000,-4.5056,0.4665359549995767,0.4665359549995767
8,seeqst_uniform,10,mean,1,30000,-4.949333333333334,0.02280262166624336,0.02280262166624336
8,seeqst_uniform,10,mean,1,40000,-5.0432,-0.07106404500042274,0.07106404500042274
8,seeqst_uniform,10,mean,1,50000,-4.89472,0.07741595499957654,0.07741595499957654
8,seeqst_uniform,10,mean,1,60000,-4.983466666666667,-0.011330711667089766,0.011330711667089766
8,seeqst_uniform,10,mean,1,70000,-4.827428571428571,0.14470738357100554,0.14470738357100554
8,seeqst_uniform,10,mean,1,80000,-4.864,0.10813595499957707,0.10813595499957707
8,seeqst_uniform,10,mean,1,90000,-5.097244444444445,-0.12510848944486774,0.12510848944486774
8,seeqst_uniform,10,mean,1,100000,-5.05856,-0.086424045000423,0.086424045000423
8,seeqst_binomial_q0.09091,10,mean,1,10,0.0,4.972135954999577,4.972135954999577
8,seeqst_binomial_q0.09091,10,mean,1,30,-17.291616402741656,-12.31948044774208,12.31948044774208
8,seeqst_binomial_q0.09091,10,mean,1,100,-10.374969841644992,-5.402833886645415,5.402833886645415
8,seeqst_binomial_q0.09091,10,mean,1,300,-7.781227381233746,-2.8090914262341693,2.8090914262341693
8,seeqst_binomial_q0.09091,10,mean,1,1000,-7.5218531351926226,-2.5497171801930456,2.5497171801930456
8,seeqst_binomial_q0.09091,10,mean,1,3000,-6.052065740959577,-1.07992978596,1.07992978596
8,seeqst_binomial_q0.09091,10,mean,1,10000,-4.850298400969014,0.12183755403056296,0.12183755403056296
8,seeqst_binomial_q0.09091,10,mean,1,20000,-4.850298400969052,0.12183755403052476,0.12183755403052476
8,seeqst_binomial_q0.09091,10,mean,1,30000,-4.642799004136162,0.3293369508634152,0.3293369508634152
8,seeqst_binomial_q0.09091,10,mean,1,40000,-4.817876620213868,0.15425933478570908,0.15425933478570908
8,seeqst_binomial_q0.09091,10,mean,1,50000,-4.751736187473355,0.2203997675262217,0.2203997675262217
8,seeqst_binomial_q0.09091,10,mean,1,60000,-4.91514196247924,0.05699399252033732,0.05699399252033732
8,seeqst_binomial_q0.09091,10,mean,1,70000,-5.102261954266031,-0.13012599926645407,0.13012599926645407
8,seeqst_binomial_q0.09091,10,mean,1,80000,-5.142094427765192,-0.16995847276561538,0.16995847276561538
8,seeqst_binomial_q0.09091,10,mean,1,90000,-5.011686820727846,-0.039550865728268825,0.039550865728268825
8,seeqst_binomial_q0.09091,10,mean,1,100000,-5.026672888276882,-0.05453693327730491,0.05453693327730491
8,seeqst_binomial_q0.5,10,mean,1,10,0.0,4.972135954999577,4.972135954999577
8,seeqst_binomial_q0.5,10,mean,1,30,0.0,4.972135954999577,4.972135954999577
8,seeqst_binomial_q0.5,10,mean,1,100,0.0,4.972135954999577,4.972135954999577
8,seeqst_binomial_q0.5,10,mean,1,300,0.0,4.972135954999577,4.972135954999577
8,seeqst_binomial_q0.5,10,mean,1,1000,-1.024,3.948135954999577,3.948135954999577
8,seeqst_binomial_q0.5,10,mean,1,3000,-6.485333333333333,-1.5131973783337562,1.5131973783337562
8,seeqst_binomial_q0.5,10,mean,1,10000,-6.4512,-1.479064045000423,1.479064045000423
8,seeqst_binomial_q0.5,10,mean,1,20000,-5.4784,-0.5062640450004228,0.5062640450004228
8,seeqst_binomial_q0.5,10,mean,1,30000,-5.3248,-0.3526640450004228,0.3526640450004228
8,seeqst_binomial_q0.5,10,mean,1,40000,-5.2992,-0.32706404500042296,0.32706404500042296
8,seeqst_binomial_q0.5,10,mean,1,50000,-4.8128,0.15933595499957676,0.15933595499957676
8,seeqst_binomial_q0.5,10,mean,1,60000,-4.625066666666667,0.34706928833290984,0.34706928833290984
8,seeqst_binomial_q0.5,10,mean,1,70000,-4.666514285714285,0.30562166928529155,0.30562166928529155
8,seeqst_binomial_q0.5,10,mean,1,80000,-4.7616,0.21053595499957733,0.21053595499957733
8,seeqst_binomial_q0.5,10,mean,1,90000,-4.824177777777778,0.14795817722179905,0.14795817722179905
8,seeqst_binomial_q0.5,10,mean,1,100000,-4.9664,0.005735954999576798,0.005735954999576798
8,seeqst_binomial_tuned,10,mean,1,10,-14.901161193847653,-9.929025238848077,9.929025238848077
8,seeqst_binomial_tuned,10,mean,1,30,-4.967053731282551,0.0050822237170260465,0.0050822237170260465
8,seeqst_binomial_tuned,10,mean,1,100,1.4901161193847654,6.462252074384343,6.462252074384343
8,seeqst_binomial_tuned,10,mean,1,300,-2.9802322387695312,1.9919037162300457,1.9919037162300457
8,seeqst_binomial_tuned,10,mean,1,1000,-3.5762786865234375,1.3958572684761394,1.3958572684761394
8,seeqst_binomial_tuned,10,mean,1,3000,-4.520018895467122,0.45211705953245485,0.45211705953245485
8,seeqst_binomial_tuned,10,mean,1,10000,-4.678964614868164,0.2931713401314129,0.2931713401314129
8,seeqst_binomial_tuned,10,mean,1,20000,-4.917383193969727,0.05475276102985038,0.05475276102985038
8,seeqst_binomial_tuned,10,mean,1,30000,-5.026658376057942,-0.05452242105836547,0.05452242105836547
8,seeqst_binomial_tuned,10,mean,1,40000,-5.058944225311279,-0.08680827031170235,0.08680827031170235
8,seeqst_binomial_tuned,10,mean,1,50000,-5.269050598144531,-0.2969146431449543,0.2969146431449543
8,seeqst_binomial_tuned,10,mean,1,60000,-5.237758159637451,-0.2656222046378742,0.2656222046378742
8,seeqst_binomial_tuned,10,mean,1,70000,-5.238822528294155,-0.266686573294578,0.266686573294578
8,seeqst_binomial_tuned,10,mean,1,80000,-5.125999450683594,-0.1538634956840168,0.1538634956840168
8,seeqst_binomial_tuned,10,mean,1,90000,-5.139244927300347,-0.16710897230077038,0.16710897230077038
8,seeqst_binomial_tuned,10,mean,1,100000,-5.1781535148620605,-0.2060175598624836,0.2060175598624836
9,pauli,10,mean,1,10,0.6749999999999972,5.647135954999574,5.647135954999574
9,pauli,10,mean,1,30,-0.5250000000000006,4.447135954999577,4.447135954999577
9,pauli,10,mean,1,100,-18.51749999999999,-13.545364045000415,13.545364045000415
9,pauli,10,mean,1,300,-7.087499999999999,-2.1153640450004216,2.1153640450004216
9,pauli,10,mean,1,1000,-6.493499999999998,-1.5213640450004213,1.5213640450004213
9,pauli,10,mean,1,3000,-4.28625,0.685885954999577,0.685885954999577
9,pauli,10,mean,1,10000,-5.8311,-0.8589640450004232,0.8589640450004232
9,pauli,10,mean,1,20000,-5.817375,-0.8452390450004232,0.8452390450004232
9,pauli,10,mean,1,30000,-5.928225,-0.9560890450004234,0.9560890450004234
9,pauli,10,mean,1,40000,-5.5026,-0.5304640450004232,0.5304640450004232
9,pauli,10,mean,1,50000,-5.55462,-0.582484045000423,0.582484045000423
9,pauli,10,mean,1,60000,-5.4087,-0.4365640450004227,0.4365640450004227
9,pauli,10,mean,1,70000,-5.397782142857142,-0.4256461878575655,0.4256461878575655
9,pauli,10,mean,1,80000,-5.28890625,-0.3167702950004232,0.3167702950004232
9,pauli,10,mean,1,90000,-5.1903,-0.21816404500042275,0.21816404500042275
9,pauli,10,mean,1,100000,-5.040945,-0.06880904500042284,0.06880904500042284
9,clifford,10,mean,1,10,-25.624999999999847,-20.65286404500027,20.65286404500027
9,clifford,10,mean,1,30,-34.16666666666649,-29.19453071166691,29.19453071166691
9,clifford,10,mean,1,100,-12.812499999999936,-7.840364045000359,7.840364045000359
9,clifford,10,mean,1,300,-10.249999999999948,-5.2778640450003715,5.2778640450003715
9,clifford,10,mean,1,1000,-5.381249999999972,-0.40911404500039517,0.40911404500039517
9,clifford,10,mean,1,3000,-3.8437499999999845,1.1283859549995925,1.1283859549995925
9,clifford,10,mean,1,10000,-4.099999999999993,0.8721359549995835,0.8721359549995835
9,clifford,10,mean,1,20000,-5.073749999999996,-0.10161404500041904,0.10161404500041904
9,clifford,10,mean,1,30000,-5.01395833333333,-0.04182237833375346,0.04182237833375346
9,clifford,10,mean,1,40000,-5.1570312499999975,-0.18489529500042057,0.18489529500042057
9,clifford,10,mean,1,50000,-5.0532499999999985,-0.08111404500042152,0.08111404500042152
9,clifford,10,mean,1,60000,-5.060937499999998,-0.08880154500042092,0.08880154500042092
9,clifford,10,mean,1,70000,-4.9639285714285695,0.008207383571007476,0.008207383571007476
9,clifford,10,mean,1,80000,-4.990468749999999,-0.018332795000421953,0.018332795000421953
9,clifford,10,mean,1,90000,-4.939930555555554,0.03220539944402301,0.03220539944402301
9,clifford,10,mean,1,100000,-4.894374999999999,0.07776095499957769,0.07776095499957769
9,seeqst_uniform,10,mean,1,10,0.0,4.972135954999577,4.972135954999577
9,seeqst_uniform,10,mean,1,30,0.0,4.972135954999577,4.972135954999577
9,seeqst_uniform,10,mean,1,100,0.0,4.972135954999577,4.972135954999577
9,seeqst_uniform,10,mean,1,300,-6.826666666666667,-1.8545307116670902,1.8545307116670902
9,seeqst_uniform,10,mean,1,1000,-11.264,-6.291864045000422,6.291864045000422
9,seeqst_uniform,10,mean,1,3000,-8.533333333333333,-3.5611973783337563,3.5611973783337563
9,seeqst_uniform,10,mean,1,10000,-7.0656,-2.093464045000423,2.093464045000423
9,seeqst_uniform,10,mean,1,20000,-6.5024,-1.5302640450004228,1.5302640450004228
9,seeqst_uniform,10,mean,1,30000,-5.8368,-0.8646640450004233,0.8646640450004233
9,seeqst_uniform,10,mean,1,40000,-5.376,-0.4038640450004234,0.4038640450004234
9,seeqst_uniform,10,mean,1,50000,-5.20192,-0.22978404500042338,0.22978404500042338
9,seeqst_uniform,10,mean,1,60000,-5.085866666666667,-0.11373071166709003,0.11373071166709003
9,seeqst_uniform,10,mean,1,70000,-5.207771428571428,-0.23563547357185133,0.23563547357185133
9,seeqst_uniform,10,mean,1,80000,-5.2096,-0.23746404500042306,0.23746404500042306
9,seeqst_uniform,10,mean,1,90000,-5.211022222222223,-0.23888626722264572,0.23888626722264572
9,seeqst_uniform,10,mean,1,100000,-5.13024,-0.15810404500042274,0.15810404500042274
9,seeqst_binomial_q0.09091,10,mean,1,10,0.0,4.972135954999577,4.972135954999577
9,seeqst_binomial_q0.09091,10,mean,1,30,0.0,4.972135954999577,4.972135954999577
9,seeqst_binomial_q0.09091,10,mean,1,100,0.0,4.972135954999577,4.972135954999577
9,seeqst_binomial_q0.09091,10,mean,1,300,-1.7291616402741654,3.2429743147254113,3.2429743147254113
9,seeqst_binomial_q0.09091,10,mean,1,1000,-5.187484920822498,-0.21534896582292085,0.21534896582292085
9,seeqst_binomial_q0.09091,10,mean,1,3000,-5.619775330891039,-0.6476393758914618,0.6476393758914618
9,seeqst_binomial_q0.09091,10,mean,1,10000,-4.69467385334434,0.277462101655237,0.277462101655237
9,seeqst_binomial_q0.09091,10,mean,1,20000,-4.928110674781392,0.04402528021818508,0.04402528021818508
9,seeqst_binomial_q0.09091,10,mean,1,30000,-4.876235825573166,0.09590012942641124,0.09590012942641124
9,seeqst_binomial_q0.09091,10,mean,1,40000,-5.064282153952928,-0.09214619895335119,0.09214619895335119
9,seeqst_binomial_q0.09091,10,mean,1,50000,-5.135610071614207,-0.16347411661462985,0.16347411661462985
9,seeqst_binomial_q0.09091,10,mean,1,60000,-5.105349742909391,-0.1332137879098143,0.1332137879098143
9,seeqst_binomial_q0.09091,10,mean,1,70000,-4.968869484873457,0.0032664701261202467,0.0032664701261202467
9,seeqst_binomial_q0.09091,10,mean,1,80000,-5.0448290854997735,-0.07269313050019655,0.07269313050019655
9,seeqst_binomial_q0.09091,10,mean,1,90000,-5.075089414204562,-0.10295345920498544,0.10295345920498544
9,seeqst_binomial_q0.09091,10,mean,1,100000,-5.062985282722638,-0.09084932772306065,0.09084932772306065
9,seeqst_binomial_q0.5,10,mean,1,10,0.0,4.972135954999577,4.972135954999577
9,seeqst_binomial_q0.5,10,mean,1,30,0.0,4.972135954999577,4.972135954999577
9,seeqst_binomial_q0.5,10,mean,1,100,0.0,4.972135954999577,4.972135954999577
9,seeqst_binomial_q0.5,10,mean,1,300,3.4133333333333336,8.38546928833291,8.38546928833291
9,seeqst_binomial_q0.5,10,mean,1,1000,-2.048,2.924135954999577,2.924135954999577
9,seeqst_binomial_q0.5,10,mean,1,3000,-0.6826666666666666,4.28946928833291,4.28946928833291
9,seeqst_binomial_q0.5,10,mean,1,10000,-3.072,1.9001359549995769,1.9001359549995769
9,seeqst_binomial_q0.5,10,mean,1,20000,-3.4304,1.5417359549995768,1.5417359549995768
9,seeqst_binomial_q0.5,10,mean,1,30000,-3.345066666666667,1.62706928833291,1.62706928833291
9,seeqst_binomial_q0.5,10,mean,1,40000,-4.0192,0.9529359549995773,0.9529359549995773
9,seeqst_binomial_q0.5,10,mean,1,50000,-3.9936,0.9785359549995771,0.9785359549995771
9,seeqst_binomial_q0.5,10,mean,1,60000,-4.369066666666667,0.6030692883329101,0.6030692883329101
9,seeqst_binomial_q0.5,10,mean,1,70000,-4.476342857142857,0.49579309785672,0.49579309785672
9,seeqst_binomial_q0.5,10,mean,1,80000,-4.3648,0.6073359549995772,0.6073359549995772
9,seeqst_binomial_q0.5,10,mean,1,90000,-4.437333333333333,0.5348026216662438,0.5348026216662438
9,seeqst_binomial_q0.5,10,mean,1,100000,-4.51584,0.4562959549995771,0.4562959549995771
9,seeqst_binomial_tuned,10,mean,1,10,-44.703483581542955,-39.731347626543375,39.731347626543375
9,seeqst_binomial_tuned,10,mean,1,30,-19.868214925130204,-14.896078970130628,14.896078970130628
9,seeqst_binomial_tuned,10,mean,1,100,-5.960464477539062,-0.9883285225394847,0.9883285225394847
9,seeqst_binomial_tuned,10,mean,1,300,-7.450580596923826,-2.4784446419242494,2.4784446419242494
9,seeqst_binomial_tuned,10,mean,1,1000,-4.172325134277343,0.7998108207222341,0.7998108207222341
9,seeqst_binomial_tuned,10,mean,1,3000,-5.712111790974934,-0.7399758359753568,0.7399758359753568
9,seeqst_binomial_tuned,10,mean,1,10000,-5.513429641723632,-0.541293686724055,0.541293686724055
9,seeqst_binomial_tuned,10,mean,1,20000,-5.163252353668212,-0.19111639866863506,0.19111639866863506
9,seeqst_binomial_tuned,10,mean,1,30000,-5.170702934265136,-0.19856697926555889,0.19856697926555889
9,seeqst_binomial_tuned,10,mean,1,40000,-5.032867193222045,-0.060731238222468065,0.060731238222468065
9,seeqst_binomial_tuned,10,mean,1,50000,-5.182623863220214,-0.210487908220637,0.210487908220637
9,seeqst_binomial_tuned,10,mean,1,60000,-5.168219407399494,-0.1960834523999173,0.1960834523999173
9,seeqst_binomial_tuned,10,mean,1,70000,-5.18773283277239,-0.21559687777281322,0.21559687777281322
9,seeqst_binomial_tuned,10,mean,1,80000,-5.129724740982055,-0.15758878598247783,0.15758878598247783
9,seeqst_binomial_tuned,10,mean,1,90000,-5.112753974066839,-0.14061801906726235,0.14061801906726235
9,seeqst_binomial_tuned,10,mean,1,100000,-5.169212818145751,-0.19707686314617412,0.19707686314617412
10,pauli,10,mean,1,10,-12.149999999999988,-7.177864045000411,7.177864045000411
10,pauli,10,mean,1,30,-6.824999999999997,-1.8528640450004197,1.8528640450004197
10,pauli,10,mean,1,100,-1.9800000000000006,2.9921359549995765,2.9921359549995765
10,pauli,10,mean,1,300,-3.7349999999999985,1.2371359549995784,1.2371359549995784
10,pauli,10,mean,1,1000,-2.4435,2.528635954999577,2.528635954999577
10,pauli,10,mean,1,3000,-4.3934999999999995,0.5786359549995774,0.5786359549995774
10,pauli,10,mean,1,10000,-4.913774999999999,0.05836095499957761,0.05836095499957761
10,pauli,10,mean,1,20000,-4.881824999999999,0.09031095499957775,0.09031095499957775
10,pauli,10,mean,1,30000,-4.619849999999999,0.35228595499957827,0.35228595499957827
10,pauli,10,mean,1,40000,-4.6682999999999995,0.3038359549995775,0.3038359549995775
10,pauli,10,mean,1,50000,-4.8660749999999995,0.10606095499957746,0.10606095499957746
10,pauli,10,mean,1,60000,-5.226524999999999,-0.2543890450004218,0.2543890450004218
10,pauli,10,mean,1,70000,-5.576271428571427,-0.6041354735718505,0.6041354735718505
10,pauli,10,mean,1,80000,-5.554996875,-0.5828609200004227,0.5828609200004227
10,pauli,10,mean,1,90000,-5.266674999999999,-0.2945390450004224,0.2945390450004224
10,pauli,10,mean,1,100000,-5.2681274999999985,-0.2959915450004216,0.2959915450004216
10,clifford,10,mean,1,10,-25.624999999999908,-20.65286404500033,20.65286404500033
10,clifford,10,mean,1,30,2.0962443254292146e-16,4.972135954999577,4.972135954999577
10,clifford,10,mean,1,100,-5.124999999999977,-0.15286404500039996,0.15286404500039996
10,clifford,10,mean,1,300,-4.270833333333308,0.7013026216662688,0.7013026216662688
10,clifford,10,mean,1,1000,-3.3312499999999883,1.6408859549995887,1.6408859549995887
10,clifford,10,mean,1,3000,-4.527083333333315,0.445052621666262,0.445052621666262
10,clifford,10,mean,1,10000,-4.407499999999994,0.5646359549995825,0.5646359549995825
10,clifford,10,mean,1,20000,-4.5740624999999975,0.39807345499957947,0.39807345499957947
10,clifford,10,mean,1,30000,-4.766249999999998,0.2058859549995793,0.2058859549995793
10,clifford,10,mean,1,40000,-4.7662499999999985,0.2058859549995784,0.2058859549995784
10,clifford,10,mean,1,50000,-4.638124999999999,0.3340109549995782,0.3340109549995782
10,clifford,10,mean,1,60000,-4.586874999999999,0.3852609549995778,0.3852609549995778
10,clifford,10,mean,1,70000,-4.590535714285713,0.38160024071386367,0.38160024071386367
10,clifford,10,mean,1,80000,-4.529218749999999,0.44291720499957776,0.44291720499957776
10,clifford,10,mean,1,90000,-4.5527083333333325,0.4194276216662445,0.4194276216662445
10,clifford,10,mean,1,100000,-4.658625,0.31351095499957715,0.31351095499957715
10,seeqst_uniform,10,mean,1,10,-102.4,-97.42786404500043,97.42786404500043
10,seeqst_uniform,10,mean,1,30,-34.13333333333333,-29.161197378333757,29.161197378333757
10,seeqst_uniform,10,mean,1,100,-20.48,-15.507864045000424,15.507864045000424
10,seeqst_uniform,10,mean,1,300,-6.826666666666667,-1.8545307116670902,1.8545307116670902
10,seeqst_uniform,10,mean,1,1000,-10.24,-5.267864045000423,5.267864045000423
10,seeqst_uniform,10,mean,1,3000,-8.192,-3.2198640450004232,3.2198640450004232
10,seeqst_uniform,10,mean,1,10000,-5.0176,-0.04546404500042289,0.04546404500042289
10,seeqst_uniform,10,mean,1,20000,-4.9152,0.056935954999577376,0.056935954999577376
10,seeqst_uniform,10,mean,1,30000,-4.4032,0.5689359549995769,0.5689359549995769
10,seeqst_uniform,10,mean,1,40000,-4.4032,0.5689359549995769,0.5689359549995769
10,seeqst_uniform,10,mean,1,50000,-4.42368,0.5484559549995769,0.5484559549995769
10,seeqst_uniform,10,mean,1,60000,-4.590933333333333,0.38120262166624386,0.38120262166624386
10,seeqst_uniform,10,mean,1,70000,-4.768914285714286,0.20322166928529128,0.20322166928529128
10,seeqst_uniform,10,mean,1,80000,-4.928,0.04413595499957701,0.04413595499957701
10,seeqst_uniform,10,mean,1,90000,-4.949333333333334,0.02280262166624336,0.02280262166624336
10,seeqst_uniform,10,mean,1,100000,-4.93568,0.03645595499957732,0.03645595499957732
10,seeqst_binomial_q0.09091,10,mean,1,10,-25.937424604112483,-20.965288649112907,20.965288649112907
10,seeqst_binomial_q0.09091,10,mean,1,30,0.0,4.972135954999577,4.972135954999577
10,seeqst_binomial_q0.09091,10,mean,1,100,-2.593742460411248,2.378393494588329,2.378393494588329
10,seeqst_binomial_q0.09091,10,mean,1,300,-7.781227381233746,-2.8090914262341693,2.8090914262341693
10,seeqst_binomial_q0.09091,10,mean,1,1000,-5.706233412904748,-0.7340974579051709,0.7340974579051709
10,seeqst_binomial_q0.09091,10,mean,1,3000,-5.10102683880879,-0.12889088380921265,0.12889088380921265
10,seeqst_binomial_q0.09091,10,mean,1,10000,-4.69467385334434,0.277462101655237,0.277462101655237
10,seeqst_binomial_q0.09091,10,mean,1,20000,-4.590924154927922,0.38121180007165467,0.38121180007165467
10,seeqst_binomial_q0.09091,10,mean,1,30000,-4.504466072914234,0.4676698820853433,0.4676698820853433
10,seeqst_binomial_q0.09091,10,mean,1,40000,-4.791939195609756,0.18019675938982083,0.18019675938982083
10,seeqst_binomial_q0.09091,10,mean,1,50000,-5.073360252564338,-0.10122429756476148,0.10122429756476148
10,seeqst_binomial_q0.09091,10,mean,1,60000,-5.126964263412817,-0.15482830841324002,0.15482830841324002
10,seeqst_binomial_q0.09091,10,mean,1,70000,-5.0503871050578075,-0.07825115005823058,0.07825115005823058
10,seeqst_binomial_q0.09091,10,mean,1,80000,-4.957290277460897,0.014845677538679602,0.014845677538679602
10,seeqst_binomial_q0.09091,10,mean,1,90000,-4.8877635698415345,0.08437238515804246,0.08437238515804246
10,seeqst_binomial_q0.09091,10,mean,1,100000,-4.907360735097968,0.06477521990160895,0.06477521990160895
10,seeqst_binomial_q0.5,10,mean,1,10,0.0,4.972135954999577,4.972135954999577
10,seeqst_binomial_q0.5,10,mean,1,30,0.0,4.972135954999577,4.972135954999577
10,seeqst_binomial_q0.5,10,mean,1,100,-10.24,-5.267864045000423,5.267864045000423
10,seeqst_binomial_q0.5,10,mean,1,300,-6.826666666666667,-1.8545307116670902,1.8545307116670902
10,seeqst_binomial_q0.5,10,mean,1,1000,-7.168,-2.195864045000423,2.195864045000423
10,seeqst_binomial_q0.5,10,mean,1,3000,-4.437333333333333,0.5348026216662438,0.5348026216662438
10,seeqst_binomial_q0.5,10,mean,1,10000,-5.12,-0.14786404500042316,0.14786404500042316
10,seeqst_binomial_q0.5,10,mean,1,20000,-5.0688,-0.09666404500042347,0.09666404500042347
10,seeqst_binomial_q0.5,10,mean,1,30000,-4.846933333333333,0.12520262166624363,0.12520262166624363
10,seeqst_binomial_q0.5,10,mean,1,40000,-4.7872,0.1849359549995766,0.1849359549995766
10,seeqst_binomial_q0.5,10,mean,1,50000,-4.93568,0.03645595499957732,0.03645595499957732
10,seeqst_binomial_q0.5,10,mean,1,60000,-4.7104,0.261735954999577,0.261735954999577
10,seeqst_binomial_q0.5,10,mean,1,70000,-5.002971428571429,-0.03083547357185168,0.03083547357185168
10,seeqst_binomial_q0.5,10,mean,1,80000,-4.9536,0.018535954999577164,0.018535954999577164
10,seeqst_binomial_q0.5,10,mean,1,90000,-4.926577777777778,0.04555817722179878,0.04555817722179878
10,seeqst_binomial_q0.5,10,mean,1,100000,-4.80256,0.16957595499957723,0.16957595499957723
10,seeqst_binomial_tuned,10,mean,1,10,0.0,4.972135954999577,4.972135954999577
10,seeqst_binomial_tuned,10,mean,1,30,-9.934107462565102,-4.961971507565525,4.961971507565525
10,seeqst_binomial_tuned,10,mean,1,100,-5.960464477539062,-0.9883285225394847,0.9883285225394847
10,seeqst_binomial_tuned,10,mean,1,300,-6.4571698506673165,-1.4850338956677396,1.4850338956677396
10,seeqst_binomial_tuned,10,mean,1,1000,-7.0035457611083975,-2.0314098061088206,2.0314098061088206
10,seeqst_binomial_tuned,10,mean,1,3000,-4.768371582031249,0.20376437296832783,0.20376437296832783
10,seeqst_binomial_tuned,10,mean,1,10000,-5.33461570739746,-0.3624797523978831,0.3624797523978831
10,seeqst_binomial_tuned,10,mean,1,20000,-5.23775815963745,-0.26562220463787334,0.26562220463787334
10,seeqst_binomial_tuned,10,mean,1,30000,-5.1856040954589835,-0.21346814045940654,0.21346814045940654
10,seeqst_binomial_tuned,10,mean,1,40000,-5.15952706336975,-0.18739110837017314,0.18739110837017314
10,seeqst_binomial_tuned,10,mean,1,50000,-5.137920379638671,-0.16578442463909404,0.16578442463909404
10,seeqst_binomial_tuned,10,mean,1,60000,-5.076328913370768,-0.10419295837119069,0.10419295837119069
10,seeqst_binomial_tuned,10,mean,1,70000,-5.0642660685947956,-0.09213011359521861,0.09213011359521861
10,seeqst_binomial_tuned,10,mean,1,80000,-4.9639493227005,0.008186632299077345,0.008186632299077345
10,seeqst_binomial_tuned,10,mean,1,90000,-4.927317301432291,0.04481865356728587,0.04481865356728587
10,seeqst_binomial_tuned,10,mean,1,100000,-4.869699478149413,0.10243647685016377,0.10243647685016377
11,pauli,10,mean,1,10,-7.424999999999995,-2.4528640450004184,2.4528640450004184
11,pauli,10,mean,1,30,-4.724999999999997,0.24713595499957997,0.24713595499957997
11,pauli,10,mean,1,100,-1.575,3.3971359549995768,3.3971359549995768
11,pauli,10,mean,1,300,-53.95499999999998,-48.9828640450004,48.9828640450004
11,pauli,10,mean,1,1000,-25.35974999999999,-20.387614045000415,20.387614045000415
11,pauli,10,mean,1,3000,-12.991499999999997,-8.019364045000419,8.019364045000419
11,pauli,10,mean,1,10000,-6.992324999999998,-2.0201890450004214,2.0201890450004214
11,pauli,10,mean,1,20000,-5.9346,-0.9624640450004227,0.9624640450004227
11,pauli,10,mean,1,30000,-4.948724999999999,0.023410954999578237,0.023410954999578237
11,pauli,10,mean,1,40000,-5.020368749999999,-0.048232795000422435,0.048232795000422435
11,pauli,10,mean,1,50000,-4.542839999999999,0.42929595499957784,0.42929595499957784
11,pauli,10,mean,1,60000,-4.868287499999999,0.10384845499957773,0.10384845499957773
11,pauli,10,mean,1,70000,-4.891082142857142,0.0810538121424349,0.0810538121424349
11,pauli,10,mean,1,80000,-4.828078124999999,0.1440578299995776,0.1440578299995776
11,pauli,10,mean,1,90000,-4.775474999999999,0.1966609549995777,0.1966609549995777
11,pauli,10,mean,1,100000,-4.6815074999999995,0.29062845499957746,0.29062845499957746
11,clifford,10,mean,1,10,7.0198631520221004e-15,4.972135954999584,4.972135954999584
11,clifford,10,mean,1,30,-8.54166666666664,-3.5695307116670625,3.5695307116670625
11,clifford,10,mean,1,100,-12.812499999999952,-7.840364045000375,7.840364045000375
11,clifford,10,mean,1,300,-6.833333333333309,-1.861197378333732,1.861197378333732
11,clifford,10,mean,1,1000,-4.6124999999999865,0.35963595499959045,0.35963595499959045
11,clifford,10,mean,1,3000,-4.6124999999999865,0.35963595499959045,0.35963595499959045
11,clifford,10,mean,1,10000,-4.894374999999996,0.07776095499958124,0.07776095499958124
11,clifford,10,mean,1,20000,-4.8943749999999975,0.07776095499957947,0.07776095499957947
11,clifford,10,mean,1,30000,-4.638124999999998,0.3340109549995791,0.3340109549995791
11,clifford,10,mean,1,40000,-4.580468749999999,0.3916672049995782,0.3916672049995782
11,clifford,10,mean,1,50000,-4.576624999999999,0.3955109549995779,0.3955109549995779
11,clifford,10,mean,1,60000,-4.693645833333332,0.27849012166624476,0.27849012166624476
11,clifford,10,mean,1,70000,-4.769910714285714,0.20222524071386339,0.20222524071386339
11,clifford,10,mean,1,80000,-4.747031249999999,0.2251047049995778,0.2251047049995778
11,clifford,10,mean,1,90000,-4.766249999999999,0.20588595499957751,0.20588595499957751
11,clifford,10,mean,1,100000,-4.78675,0.18538595499957733,0.18538595499957733
11,seeqst_uniform,10,mean,1,10,0.0,4.972135954999577,4.972135954999577
11,seeqst_uniform,10,mean,1,30,0.0,4.972135954999577,4.972135954999577
11,seeqst_uniform,10,mean,1,100,10.24,15.212135954999578,15.212135954999578
11,seeqst_uniform,10,mean,1,300,0.0,4.972135954999577,4.972135954999577
11,seeqst_uniform,10,mean,1,1000,-4.096,0.8761359549995769,0.8761359549995769
11,seeqst_uniform,10,mean,1,3000,-4.437333333333333,0.5348026216662438,0.5348026216662438
11,seeqst_uniform,10,mean,1,10000,-4.1984,0.7737359549995766,0.7737359549995766
11,seeqst_uniform,10,mean,1,20000,-4.864,0.10813595499957707,0.10813595499957707
11,seeqst_uniform,10,mean,1,30000,-5.188266666666666,-0.21613071166708941,0.21613071166708941
11,seeqst_uniform,10,mean,1,40000,-5.376,-0.4038640450004234,0.4038640450004234
11,seeqst_uniform,10,mean,1,50000,-5.07904,-0.10690404500042305,0.10690404500042305
11,seeqst_uniform,10,mean,1,60000,-4.881066666666666,0.0910692883329105,0.0910692883329105
11,seeqst_uniform,10,mean,1,70000,-4.7542857142857144,0.2178502407138625,0.2178502407138625
11,seeqst_uniform,10,mean,1,80000,-4.7872,0.1849359549995766,0.1849359549995766
11,seeqst_uniform,10,mean,1,90000,-5.051733333333333,-0.07959737833375602,0.07959737833375602
11,seeqst_uniform,10,mean,1,100000,-5.08928,-0.11714404500042264,0.11714404500042264
11,seeqst_binomial_q0.09091,10,mean,1,10,0.0,4.972135954999577,4.972135954999577
11,seeqst_binomial_q0.09091,10,mean,1,30,0.0,4.972135954999577,4.972135954999577
11,seeqst_binomial_q0.09091,10,mean,1,100,-5.187484920822496,-0.21534896582291907,0.21534896582291907
11,seeqst_binomial_q0.09091,10,mean,1,300,-4.322904100685414,0.6492318543141629,0.6492318543141629
11,seeqst_binomial_q0.09091,10,mean,1,1000,-2.334368214370124,2.637767740629453,2.637767740629453
11,seeqst_binomial_q0.09091,10,mean,1,3000,-3.7176975265894567,1.2544384284101202,1.2544384284101202
11,seeqst_binomial_q0.09091,10,mean,1,10000,-4.3315499088867675,0.6405860461128094,0.6405860461128094
11,seeqst_binomial_q0.09091,10,mean,1,20000,-4.642799004136148,0.3293369508634285,0.3293369508634285
11,seeqst_binomial_q0.09091,10,mean,1,30000,-4.798423551760831,0.1737124032387456,0.1737124032387456
11,seeqst_binomial_q0.09091,10,mean,1,40000,-4.882720181724147,0.08941577327543015,0.08941577327543015
11,seeqst_binomial_q0.09091,10,mean,1,50000,-4.9540480993854255,0.018087855614151493,0.018087855614151493
11,seeqst_binomial_q0.09091,10,mean,1,60000,-5.053474893701168,-0.08133893870159081,0.08133893870159081
11,seeqst_binomial_q0.09091,10,mean,1,70000,-4.876235825573058,0.09590012942651871,0.09590012942651871
11,seeqst_binomial_q0.09091,10,mean,1,80000,-5.00916512666912,-0.037029171669543004,0.037029171669543004
11,seeqst_binomial_q0.09091,10,mean,1,90000,-5.043388117466204,-0.07125216246662713,0.07125216246662713
11,seeqst_binomial_q0.09091,10,mean,1,100000,-4.97739178152907,-0.0052558265294928574,0.0052558265294928574
11,seeqst_binomial_q0.5,10,mean,1,10,0.0,4.972135954999577,4.972135954999577
11,seeqst_binomial_q0.5,10,mean,1,30,-34.13333333333333,-29.161197378333757,29.161197378333757
11,seeqst_binomial_q0.5,10,mean,1,100,-20.48,-15.507864045000424,15.507864045000424
11,seeqst_binomial_q0.5,10,mean,1,300,-10.24,-5.267864045000423,5.267864045000423
11,seeqst_binomial_q0.5,10,mean,1,1000,-10.24,-5.267864045000423,5.267864045000423
11,seeqst_binomial_q0.5,10,mean,1,3000,-6.144,-1.1718640450004232,1.1718640450004232
11,seeqst_binomial_q0.5,10,mean,1,10000,-4.7104,0.261735954999577,0.261735954999577
11,seeqst_binomial_q0.5,10,mean,1,20000,-6.0416,-1.069464045000423,1.069464045000423
11,seeqst_binomial_q0.5,10,mean,1,30000,-5.188266666666666,-0.21613071166708941,0.21613071166708941
11,seeqst_binomial_q0.5,10,mean,1,40000,-5.2992,-0.32706404500042296,0.32706404500042296
11,seeqst_binomial_q0.5,10,mean,1,50000,-4.99712,-0.02498404500042284,0.02498404500042284
11,seeqst_binomial_q0.5,10,mean,1,60000,-4.846933333333333,0.12520262166624363,0.12520262166624363
11,seeqst_binomial_q0.5,10,mean,1,70000,-5.061485714285714,-0.08934975928613742,0.08934975928613742
11,seeqst_binomial_q0.5,10,mean,1,80000,-4.8128,0.15933595499957676,0.15933595499957676
11,seeqst_binomial_q0.5,10,mean,1,90000,-4.8014222222222225,0.17071373277735447,0.17071373277735447
11,seeqst_binomial_q0.5,10,mean,1,100000,-5.00736,-0.03522404500042331,0.03522404500042331
11,seeqst_binomial_tuned,10,mean,1,10,0.0,4.972135954999577,4.972135954999577
11,seeqst_binomial_tuned,10,mean,1,30,-9.934107462565102,-4.961971507565525,4.961971507565525
11,seeqst_binomial_tuned,10,mean,1,100,-5.960464477539062,-0.9883285225394847,0.9883285225394847
11,seeqst_binomial_tuned,10,mean,1,300,-3.4769376118977857,1.4951983431017912,1.4951983431017912
11,seeqst_binomial_tuned,10,mean,1,1000,-4.023313522338866,0.9488224326607106,0.9488224326607106
11,seeqst_binomial_tuned,10,mean,1,3000,-4.072984059651692,0.8991518953478845,0.8991518953478845
11,seeqst_binomial_tuned,10,mean,1,10000,-4.842877388000487,0.12925856699908955,0.12925856699908955
11,seeqst_binomial_tuned,10,mean,1,20000,-4.485249519348144,0.4868864356514333,0.4868864356514333
11,seeqst_binomial_tuned,10,mean,1,30000,-4.877646764119465,0.09448919088011198,0.09448919088011198
11,seeqst_binomial_tuned,10,mean,1,40000,-4.865229129791259,0.10690682520831807,0.10690682520831807
11,seeqst_binomial_tuned,10,mean,1,50000,-4.7534704208374015,0.2186655341621755,0.2186655341621755
11,seeqst_binomial_tuned,10,mean,1,60000,-4.656612873077392,0.31552308192218526,0.31552308192218526
11,seeqst_binomial_tuned,10,mean,1,70000,-4.7598566327776215,0.21227932222195545,0.21227932222195545
11,seeqst_binomial_tuned,10,mean,1,80000,-4.803761839866637,0.16837411513293965,0.16837411513293965
11,seeqst_binomial_tuned,10,mean,1,90000,-4.8445330725775815,0.12760288242199547,0.12760288242199547
11,seeqst_binomial_tuned,10,mean,1,100000,-4.8995018005371085,0.07263415446246846,0.07263415446246846
12,pauli,10,mean,1,10,-0.4500000000000002,4.522135954999577,4.522135954999577
12,pauli,10,mean,1,30,-7.7999999999999945,-2.8278640450004175,2.8278640450004175
12,pauli,10,mean,1,100,-3.464999999999999,1.507135954999578,1.507135954999578
12,pauli,10,mean,1,300,-5.849999999999998,-0.8778640450004209,0.8778640450004209
12,pauli,10,mean,1,1000,-7.447499999999998,-2.475364045000421,2.475364045000421
12,pauli,10,mean,1,3000,-10.438499999999998,-5.466364045000421,5.466364045000421
12,pauli,10,mean,1,10000,-5.701274999999999,-0.729139045000422,0.729139045000422
12,pauli,10,mean,1,20000,-5.2479,-0.2757640450004226,0.2757640450004226
12,pauli,10,mean,1,30000,-4.714574999999999,0.2575609549995779,0.2575609549995779
12,pauli,10,mean,1,40000,-4.921256249999999,0.050879704999577946,0.050879704999577946
12,pauli,10,mean,1,50000,-4.934564999999999,0.037570954999577744,0.037570954999577744
12,pauli,10,mean,1,60000,-5.217412499999999,-0.24527654500042217,0.24527654500042217
12,pauli,10,mean,1,70000,-5.248157142857142,-0.27602118785756513,0.27602118785756513
12,pauli,10,mean,1,80000,-5.340065624999999,-0.3679296700004224,0.3679296700004224
12,pauli,10,mean,1,90000,-5.3363249999999995,-0.3641890450004226,0.3641890450004226
12,pauli,10,mean,1,100000,-5.326694999999999,-0.3545590450004221,0.3545590450004221
12,clifford,10,mean,1,10,-25.624999999999858,-20.652864045000282,20.652864045000282
12,clifford,10,mean,1,30,2.275218497401384e-14,4.9721359549996,4.9721359549996
12,clifford,10,mean,1,100,-5.124999999999964,-0.15286404500038664,0.15286404500038664
12,clifford,10,mean,1,300,-7.687499999999965,-2.7153640450003884,2.7153640450003884
12,clifford,10,mean,1,1000,-6.406249999999972,-1.4341140450003946,1.4341140450003946
12,clifford,10,mean,1,3000,-3.4166666666666528,1.5554692883329242,1.5554692883329242
12,clifford,10,mean,1,10000,-4.561249999999996,0.41088595499958114,0.41088595499958114
12,clifford,10,mean,1,20000,-4.445937499999998,0.5261984549995793,0.5261984549995793
12,clifford,10,mean,1,30000,-4.253749999999998,0.7183859549995786,0.7183859549995786
12,clifford,10,mean,1,40000,-4.010312499999999,0.9618234549995783,0.9618234549995783
12,clifford,10,mean,1,50000,-4.176874999999999,0.7952609549995779,0.7952609549995779
12,clifford,10,mean,1,60000,-4.095729166666666,0.8764067883329112,0.8764067883329112
12,clifford,10,mean,1,70000,-4.213482142857142,0.7586538121424349,0.7586538121424349
12,clifford,10,mean,1,80000,-4.138437499999999,0.8336984549995776,0.8336984549995776
12,clifford,10,mean,1,90000,-4.259444444444444,0.7126915105551328,0.7126915105551328
12,clifford,10,mean,1,100000,-4.402374999999999,0.5697609549995777,0.5697609549995777
12,seeqst_uniform,10,mean,1,10,0.0,4.972135954999577,4.972135954999577
12,seeqst_uniform,10,mean,1,30,0.0,4.972135954999577,4.972135954999577
12,seeqst_uniform,10,mean,1,100,0.0,4.972135954999577,4.972135954999577
12,seeqst_uniform,10,mean,1,300,3.4133333333333336,8.38546928833291,8.38546928833291
12,seeqst_uniform,10,mean,1,1000,-2.048,2.924135954999577,2.924135954999577
12,seeqst_uniform,10,mean,1,3000,-5.12,-0.14786404500042316,0.14786404500042316
12,seeqst_uniform,10,mean,1,10000,-5.12,-0.14786404500042316,0.14786404500042316
12,seeqst_uniform,10,mean,1,20000,-4.864,0.10813595499957707,0.10813595499957707
12,seeqst_uniform,10,mean,1,30000,-4.266666666666667,0.7054692883329103,0.7054692883329103
12,seeqst_uniform,10,mean,1,40000,-4.1216,0.850535954999577,0.850535954999577
12,seeqst_uniform,10,mean,1,50000,-4.13696,0.8351759549995768,0.8351759549995768
12,seeqst_uniform,10,mean,1,60000,-4.471466666666666,0.5006692883329107,0.5006692883329107
12,seeqst_uniform,10,mean,1,70000,-4.242285714285714,0.729850240713863,0.729850240713863
12,seeqst_uniform,10,mean,1,80000,-4.0064,0.9657359549995768,0.9657359549995768
12,seeqst_uniform,10,mean,1,90000,-4.130133333333333,0.8420026216662437,0.8420026216662437
12,seeqst_uniform,10,mean,1,100000,-4.06528,0.9068559549995774,0.9068559549995774
12,seeqst_binomial_q0.09091,10,mean,1,10,25.937424604112483,30.90956055911206,30.90956055911206
12,seeqst_binomial_q0.09091,10,mean,1,30,0.0,4.972135954999577,4.972135954999577
12,seeqst_binomial_q0.09091,10,mean,1,100,-5.187484920822496,-0.21534896582291907,0.21534896582291907
12,seeqst_binomial_q0.09091,10,mean,1,300,-2.593742460411248,2.378393494588329,2.378393494588329
12,seeqst_binomial_q0.09091,10,mean,1,1000,-4.409362182699123,0.5627737723004538,0.5627737723004538
12,seeqst_binomial_q0.09091,10,mean,1,3000,-4.236446018671707,0.7356899363278702,0.7356899363278702
12,seeqst_binomial_q0.09091,10,mean,1,10000,-5.602483714488271,-0.6303477594886937,0.6303477594886937
12,seeqst_binomial_q0.09091,10,mean,1,20000,-5.005922948593731,-0.033786993594153714,0.033786993594153714
12,seeqst_binomial_q0.09091,10,mean,1,30000,-5.126964263412911,-0.15482830841333417,0.15482830841333417
12,seeqst_binomial_q0.09091,10,mean,1,40000,-5.096703934708067,-0.1245679797084902,0.1245679797084902
12,seeqst_binomial_q0.09091,10,mean,1,50000,-5.109672647010095,-0.1375366920105181,0.1375366920105181
12,seeqst_binomial_q0.09091,10,mean,1,60000,-5.157224592117614,-0.1850886371180369,0.1850886371180369
12,seeqst_binomial_q0.09091,10,mean,1,70000,-5.131904725242158,-0.1597687702425814,0.1597687702425814
12,seeqst_binomial_q0.09091,10,mean,1,80000,-5.1810005646713595,-0.20886460967178255,0.20886460967178255
12,seeqst_binomial_q0.09091,10,mean,1,90000,-5.227832025762108,-0.2556960707625313,0.2556960707625313
12,seeqst_binomial_q0.09091,10,mean,1,100000,-5.317172043842948,-0.3450360888433712,0.3450360888433712
12,seeqst_binomial_q0.5,10,mean,1,10,0.0,4.972135954999577,4.972135954999577
12,seeqst_binomial_q0.5,10,mean,1,30,0.0,4.972135954999577,4.972135954999577
12,seeqst_binomial_q0.5,10,mean,1,100,10.24,15.212135954999578,15.212135954999578
12,seeqst_binomial_q0.5,10,mean,1,300,0.0,4.972135954999577,4.972135954999577
12,seeqst_binomial_q0.5,10,mean,1,1000,-7.168,-2.195864045000423,2.195864045000423
12,seeqst_binomial_q0.5,10,mean,1,3000,-4.096,0.8761359549995769,0.8761359549995769
12,seeqst_binomial_q0.5,10,mean,1,10000,-4.8128,0.15933595499957676,0.15933595499957676
12,seeqst_binomial_q0.5,10,mean,1,20000,-5.376,-0.4038640450004234,0.4038640450004234
12,seeqst_binomial_q0.5,10,mean,1,30000,-5.495466666666666,-0.5233307116670893,0.5233307116670893
12,seeqst_binomial_q0.5,10,mean,1,40000,-5.1456,-0.173464045000423,0.173464045000423
12,seeqst_binomial_q0.5,10,mean,1,50000,-5.12,-0.14786404500042316,0.14786404500042316
12,seeqst_binomial_q0.5,10,mean,1,60000,-4.881066666666666,0.0910692883329105,0.0910692883329105
12,seeqst_binomial_q0.5,10,mean,1,70000,-4.856685714285715,0.11545024071386223,0.11545024071386223
12,seeqst_binomial_q0.5,10,mean,1,80000,-5.1456,-0.173464045000423,0.173464045000423
12,seeqst_binomial_q0.5,10,mean,1,90000,-5.074488888888889,-0.10235293388931233,0.10235293388931233
12,seeqst_binomial_q0.5,10,mean,1,100000,-5.05856,-0.086424045000423,0.086424045000423
12,seeqst_binomial_tuned,10,mean,1,10,0.0,4.972135954999577,4.972135954999577
12,seeqst_binomial_tuned,10,mean,1,30,0.0,4.972135954999577,4.972135954999577
12,seeqst_binomial_tuned,10,mean,1,100,-4.470348358154296,0.501787596845281,0.501787596845281
12,seeqst_binomial_tuned,10,mean,1,300,-4.967053731282551,0.0050822237170260465,0.0050822237170260465
12,seeqst_binomial_tuned,10,mean,1,1000,-4.172325134277343,0.7998108207222341,0.7998108207222341
12,seeqst_binomial_tuned,10,mean,1,3000,-5.4140885670979815,-0.44195261209840453,0.44195261209840453
12,seeqst_binomial_tuned,10,mean,1,10000,-5.58793544769287,-0.6157994926932933,0.6157994926932933
12,seeqst_binomial_tuned,10,mean,1,20000,-5.23775815963745,-0.26562220463787334,0.26562220463787334
12,seeqst_binomial_tuned,10,mean,1,30000,-5.294879277547199,-0.3227433225476224,0.3227433225476224
12,seeqst_binomial_tuned,10,mean,1,40000,-5.17815351486206,-0.2060175598624827,0.2060175598624827
12,seeqst_binomial_tuned,10,mean,1,50000,-5.084276199340819,-0.11214024434124248,0.11214024434124248
12,seeqst_binomial_tuned,10,mean,1,60000,-5.0713618596394845,-0.09922590463990755,0.09922590463990755
12,seeqst_binomial_tuned,10,mean,1,70000,-5.004661423819405,-0.032525468819827985,0.032525468819827985
12,seeqst_binomial_tuned,10,mean,1,80000,-5.016103386878966,-0.04396743187938945,0.04396743187938945
12,seeqst_binomial_tuned,10,mean,1,90000,-5.015068584018283,-0.04293262901870598,0.04293262901870598
12,seeqst_binomial_tuned,10,mean,1,100000,-5.063414573669433,-0.09127861866985576,0.09127861866985576
13,pauli,10,mean,1,10,-4.274999999999999,0.6971359549995784,0.6971359549995784
13,pauli,10,mean,1,30,-5.9999999999999964,-1.0278640450004195,1.0278640450004195
13,pauli,10,mean,1,100,-8.864999999999997,-3.8928640450004197,3.8928640450004197
13,pauli,10,mean,1,300,-4.0275,0.9446359549995771,0.9446359549995771
13,pauli,10,mean,1,1000,-3.32325,1.6488859549995771,1.6488859549995771
13,pauli,10,mean,1,3000,-4.62375,0.3483859549995767,0.3483859549995767
13,pauli,10,mean,1,10000,-3.64635,1.325785954999577,1.325785954999577
13,pauli,10,mean,1,20000,-4.0737375,0.8983984549995769,0.8983984549995769
13,pauli,10,mean,1,30000,-4.9353,0.03683595499957715,0.03683595499957715
13,pauli,10,mean,1,40000,-4.86556875,0.1065672049995765,0.1065672049995765
13,pauli,10,mean,1,50000,-4.86729,0.10484595499957727,0.10484595499957727
13,pauli,10,mean,1,60000,-4.8422625,0.1298734549995766,0.1298734549995766
13,pauli,10,mean,1,70000,-4.834446428571429,0.13768952642814813,0.13768952642814813
13,pauli,10,mean,1,80000,-4.725140625,0.24699532999957707,0.24699532999957707
13,pauli,10,mean,1,90000,-4.7855,0.18663595499957708,0.18663595499957708
13,pauli,10,mean,1,100000,-4.8684825,0.10365345499957712,0.10365345499957712
13,clifford,10,mean,1,10,1.3762424711793023e-15,4.972135954999579,4.972135954999579
13,clifford,10,mean,1,30,17.08333333333329,22.055469288332866,22.055469288332866
13,clifford,10,mean,1,100,7.687499999999961,12.659635954999537,12.659635954999537
13,clifford,10,mean,1,300,-2.562499999999998,2.409635954999579,2.409635954999579
13,clifford,10,mean,1,1000,-5.6374999999999815,-0.6653640450004046,0.6653640450004046
13,clifford,10,mean,1,3000,-5.722916666666653,-0.7507807116670762,0.7507807116670762
13,clifford,10,mean,1,10000,-5.944999999999996,-0.9728640450004189,0.9728640450004189
13,clifford,10,mean,1,20000,-5.073749999999998,-0.10161404500042082,0.10161404500042082
13,clifford,10,mean,1,30000,-4.783333333333331,0.1888026216662455,0.1888026216662455
13,clifford,10,mean,1,40000,-4.618906249999998,0.3532297049995785,0.3532297049995785
13,clifford,10,mean,1,50000,-4.878999999999999,0.09313595499957827,0.09313595499957827
13,clifford,10,mean,1,60000,-4.753437499999999,0.2186984549995783,0.2186984549995783
13,clifford,10,mean,1,70000,-4.846785714285714,0.12535024071386314,0.12535024071386314
13,clifford,10,mean,1,80000,-4.897578124999999,0.07455782999957794,0.07455782999957794
13,clifford,10,mean,1,90000,-5.019652777777777,-0.04751682277820013,0.04751682277820013
13,clifford,10,mean,1,100000,-4.879,0.09313595499957739,0.09313595499957739
13,seeqst_uniform,10,mean,1,10,0.0,4.972135954999577,4.972135954999577
13,seeqst_uniform,10,mean,1,30,0.0,4.972135954999577,4.972135954999577
13,seeqst_uniform,10,mean,1,100,0.0,4.972135954999577,4.972135954999577
13,seeqst_uniform,10,mean,1,300,3.4133333333333336,8.38546928833291,8.38546928833291
13,seeqst_uniform,10,mean,1,1000,-3.072,1.9001359549995769,1.9001359549995769
13,seeqst_uniform,10,mean,1,3000,-5.12,-0.14786404500042316,0.14786404500042316
13,seeqst_uniform,10,mean,1,10000,-4.096,0.8761359549995769,0.8761359549995769
13,seeqst_uniform,10,mean,1,20000,-3.7376,1.234535954999577,1.234535954999577
13,seeqst_uniform,10,mean,1,30000,-4.642133333333334,0.3300026216662433,0.3300026216662433
13,seeqst_uniform,10,mean,1,40000,-4.7872,0.1849359549995766,0.1849359549995766
13,seeqst_uniform,10,mean,1,50000,-4.68992,0.2822159549995771,0.2822159549995771
13,seeqst_uniform,10,mean,1,60000,-4.5056,0.4665359549995767,0.4665359549995767
13,seeqst_uniform,10,mean,1,70000,-4.549485714285714,0.42265024071386303,0.42265024071386303
13,seeqst_uniform,10,mean,1,80000,-4.6848,0.28733595499957687,0.28733595499957687
13,seeqst_uniform,10,mean,1,90000,-4.699022222222222,0.27311373277735473,0.27311373277735473
13,seeqst_uniform,10,mean,1,100000,-4.79232,0.1798159549995768,0.1798159549995768
13,seeqst_binomial_q0.09091,10,mean,1,10,0.0,4.972135954999577,4.972135954999577
13,seeqst_binomial_q0.09091,10,mean,1,30,-8.645808201370828,-3.6736722463712512,3.6736722463712512
13,seeqst_binomial_q0.09091,10,mean,1,100,-5.187484920822496,-0.21534896582291907,0.21534896582291907
13,seeqst_binomial_q0.09091,10,mean,1,300,-11.23955066178208,-6.267414706782502,6.267414706782502
13,seeqst_binomial_q0.09091,10,mean,1,1000,-5.965607658945872,-0.9934717039462955,0.9934717039462955
13,seeqst_binomial_q0.09091,10,mean,1,3000,-4.841652592767665,0.13048336223191193,0.13048336223191193
13,seeqst_binomial_q0.09091,10,mean,1,10000,-5.602483714488271,-0.6303477594886937,0.6303477594886937
13,seeqst_binomial_q0.09091,10,mean,1,20000,-5.30420333154103,-0.33206737654145346,0.33206737654145346
13,seeqst_binomial_q0.09091,10,mean,1,30000,-5.118318455211541,-0.14618250021196388,0.14618250021196388
13,seeqst_binomial_q0.09091,10,mean,1,40000,-5.187484920822458,-0.21534896582288088,0.21534896582288088
13,seeqst_binomial_q0.09091,10,mean,1,50000,-5.062985282722694,-0.09084932772311749,0.09084932772311749
13,seeqst_binomial_q0.09091,10,mean,1,60000,-4.9799855239895185,-0.007849568989941602,0.007849568989941602
13,seeqst_binomial_q0.09091,10,mean,1,70000,-4.983690870361521,-0.011554915361943863,0.011554915361943863
13,seeqst_binomial_q0.09091,10,mean,1,80000,-5.129125715463136,-0.15698976046355906,0.15698976046355906
13,seeqst_binomial_q0.09091,10,mean,1,90000,-5.236477833963479,-0.2643418789639025,0.2643418789639025
13,seeqst_binomial_q0.09091,10,mean,1,100000,-5.260109709713889,-0.2879737547143124,0.2879737547143124
13,seeqst_binomial_q0.5,10,mean,1,10,0.0,4.972135954999577,4.972135954999577
13,seeqst_binomial_q0.5,10,mean,1,30,0.0,4.972135954999577,4.972135954999577
13,seeqst_binomial_q0.5,10,mean,1,100,0.0,4.972135954999577,4.972135954999577
13,seeqst_binomial_q0.5,10,mean,1,300,-17.066666666666666,-12.09453071166709,12.09453071166709
13,seeqst_binomial_q0.5,10,mean,1,1000,-11.264,-6.291864045000422,6.291864045000422
13,seeqst_binomial_q0.5,10,mean,1,3000,-7.850666666666666,-2.8785307116670893,2.8785307116670893
13,seeqst_binomial_q0.5,10,mean,1,10000,-6.2464,-1.2742640450004235,1.2742640450004235
13,seeqst_binomial_q0.5,10,mean,1,20000,-6.0416,-1.069464045000423,1.069464045000423
13,seeqst_binomial_q0.5,10,mean,1,30000,-5.768533333333333,-0.7963973783337561,0.7963973783337561
13,seeqst_binomial_q0.5,10,mean,1,40000,-5.7344,-0.762264045000423,0.762264045000423
13,seeqst_binomial_q0.5,10,mean,1,50000,-5.61152,-0.6393840450004227,0.6393840450004227
13,seeqst_binomial_q0.5,10,mean,1,60000,-5.4272,-0.4550640450004231,0.4550640450004231
13,seeqst_binomial_q0.5,10,mean,1,70000,-5.295542857142857,-0.3234069021432804,0.3234069021432804
13,seeqst_binomial_q0.5,10,mean,1,80000,-5.3248,-0.3526640450004228,0.3526640450004228
13,seeqst_binomial_q0.5,10,mean,1,90000,-5.233777777777778,-0.26164182277820114,0.26164182277820114
13,seeqst_binomial_q0.5,10,mean,1,100000,-5.1712,-0.19906404500042285,0.19906404500042285
13,seeqst_binomial_tuned,10,mean,1,10,-14.901161193847653,-9.929025238848077,9.929025238848077
13,seeqst_binomial_tuned,10,mean,1,30,-4.967053731282551,0.0050822237170260465,0.0050822237170260465
13,seeqst_binomial_tuned,10,mean,1,100,-5.960464477539062,-0.9883285225394847,0.9883285225394847
13,seeqst_binomial_tuned,10,mean,1,300,-4.470348358154296,0.501787596845281,0.501787596845281
13,seeqst_binomial_tuned,10,mean,1,1000,-2.6822090148925777,2.2899269401069993,2.2899269401069993
13,seeqst_binomial_tuned,10,mean,1,3000,-4.6193599700927725,0.3527759849068044,0.3527759849068044
13,seeqst_binomial_tuned,10,mean,1,10000,-5.483627319335937,-0.5114913643363597,0.5114913643363597
13,seeqst_binomial_tuned,10,mean,1,20000,-5.424022674560546,-0.45188671956096904,0.45188671956096904
13,seeqst_binomial_tuned,10,mean,1,30000,-5.051493644714355,-0.07935768971477764,0.07935768971477764
13,seeqst_binomial_tuned,10,mean,1,40000,-4.976987838745116,-0.004851883745539354,0.004851883745539354
13,seeqst_binomial_tuned,10,mean,1,50000,-4.872679710388183,0.09945624461139424,0.09945624461139424
13,seeqst_binomial_tuned,10,mean,1,60000,-4.8230091730753575,0.14912678192421946,0.14912678192421946
13,seeqst_binomial_tuned,10,mean,1,70000,-4.847134862627301,0.1250010923722762,0.1250010923722762
13,seeqst_binomial_tuned,10,mean,1,80000,-4.857778549194335,0.1143574058052419,0.1143574058052419
13,seeqst_binomial_tuned,10,mean,1,90000,-4.909104771084255,0.0630311839153217,0.0630311839153217
13,seeqst_binomial_tuned,10,mean,1,100000,-4.945695400238036,0.026440554761540724,0.026440554761540724
14,pauli,10,mean,1,10,-0.8999999999999995,4.0721359549995775,4.0721359549995775
14,pauli,10,mean,1,30,-3.5249999999999964,1.4471359549995806,1.4471359549995806
14,pauli,10,mean,1,100,-1.304999999999999,3.667135954999578,3.667135954999578
14,pauli,10,mean,1,300,-6.584999999999997,-1.6128640450004204,1.6128640450004204
14,pauli,10,mean,1,1000,-4.73625,0.23588595499957687,0.23588595499957687
14,pauli,10,mean,1,3000,-3.970500000000001,1.0016359549995761,1.0016359549995761
14,pauli,10,mean,1,10000,-5.148675,-0.17653904500042295,0.17653904500042295
14,pauli,10,mean,1,20000,-5.195925,-0.22378904500042296,0.22378904500042296
14,pauli,10,mean,1,30000,-5.303475,-0.33133904500042277,0.33133904500042277
14,pauli,10,mean,1,40000,-5.3748,-0.40266404500042263,0.40266404500042263
14,pauli,10,mean,1,50000,-5.22882,-0.25668404500042286,0.25668404500042286
14,pauli,10,mean,1,60000,-5.2876125,-0.3154765450004229,0.3154765450004229
14,pauli,10,mean,1,70000,-5.359725,-0.3875890450004231,0.3875890450004231
14,pauli,10,mean,1,80000,-5.4943875,-0.5222515450004233,0.5222515450004233
14,pauli,10,mean,1,90000,-5.45215,-0.48001404500042266,0.48001404500042266
14,pauli,10,mean,1,100000,-5.4119025,-0.4397665450004231,0.4397665450004231
14,clifford,10,mean,1,10,-25.624999999999897,-20.65286404500032,20.65286404500032
14,clifford,10,mean,1,30,-8.541666666666632,-3.5695307116670554,3.5695307116670554
14,clifford,10,mean,1,100,-10.249999999999966,-5.277864045000389,5.277864045000389
14,clifford,10,mean,1,300,-9.395833333333298,-4.4236973783337215,4.4236973783337215
14,clifford,10,mean,1,1000,-5.893749999999981,-0.9216140450004042,0.9216140450004042
14,clifford,10,mean,1,3000,-5.295833333333323,-0.3236973783337458,0.3236973783337458
14,clifford,10,mean,1,10000,-4.945624999999996,0.026510954999580782,0.026510954999580782
14,clifford,10,mean,1,20000,-4.7790624999999975,0.1930734549995794,0.1930734549995794
14,clifford,10,mean,1,30000,-4.689374999999998,0.28276095499957865,0.28276095499957865
14,clifford,10,mean,1,40000,-5.009687499999998,-0.03755154500042135,0.03755154500042135
14,clifford,10,mean,1,50000,-5.130124999999999,-0.15798904500042177,0.15798904500042177
14,clifford,10,mean,1,60000,-5.146354166666666,-0.17421821166708895,0.17421821166708895
14,clifford,10,mean,1,70000,-5.143303571428571,-0.1711676164289937,0.1711676164289937
14,clifford,10,mean,1,80000,-5.076953124999999,-0.10481717000042234,0.10481717000042234
14,clifford,10,mean,1,90000,-5.173402777777778,-0.20126682277820063,0.20126682277820063
14,clifford,10,mean,1,100000,-5.224937499999999,-0.2528015450004224,0.2528015450004224
14,seeqst_uniform,10,mean,1,10,0.0,4.972135954999577,4.972135954999577
14,seeqst_uniform,10,mean,1,30,0.0,4.972135954999577,4.972135954999577
14,seeqst_uniform,10,mean,1,100,-10.24,-5.267864045000423,5.267864045000423
14,seeqst_uniform,10,mean,1,300,-3.4133333333333336,1.5588026216662434,1.5588026216662434
14,seeqst_uniform,10,mean,1,1000,-6.144,-1.1718640450004232,1.1718640450004232
14,seeqst_uniform,10,mean,1,3000,-2.7306666666666666,2.2414692883329104,2.2414692883329104
14,seeqst_uniform,10,mean,1,10000,-6.5536,-1.5814640450004234,1.5814640450004234
14,seeqst_uniform,10,mean,1,20000,-5.9392,-0.9670640450004226,0.9670640450004226
14,seeqst_uniform,10,mean,1,30000,-6.075733333333333,-1.103597378333756,1.103597378333756
14,seeqst_uniform,10,mean,1,40000,-5.7344,-0.762264045000423,0.762264045000423
14,seeqst_uniform,10,mean,1,50000,-5.46816,-0.4960240450004232,0.4960240450004232
14,seeqst_uniform,10,mean,1,60000,-5.239466666666667,-0.26733071166709,0.26733071166709
14,seeqst_uniform,10,mean,1,70000,-5.0176,-0.04546404500042289,0.04546404500042289
14,seeqst_uniform,10,mean,1,80000,-5.1584,-0.18626404500042337,0.18626404500042337
14,seeqst_uniform,10,mean,1,90000,-5.2224,-0.25026404500042343,0.25026404500042343
14,seeqst_uniform,10,mean,1,100000,-5.41696,-0.4448240450004235,0.4448240450004235
14,seeqst_binomial_q0.09091,10,mean,1,10,-25.937424604112483,-20.965288649112907,20.965288649112907
14,seeqst_binomial_q0.09091,10,mean,1,30,-8.645808201370828,-3.6736722463712512,3.6736722463712512
14,seeqst_binomial_q0.09091,10,mean,1,100,-7.7812273812337445,-2.8090914262341675,2.8090914262341675
14,seeqst_binomial_q0.09091,10,mean,1,300,-6.052065740959581,-1.0799297859600037,1.0799297859600037
14,seeqst_binomial_q0.09091,10,mean,1,1000,-6.743730397069247,-1.77159444206967,1.77159444206967
14,seeqst_binomial_q0.09091,10,mean,1,3000,-6.397898069014408,-1.425762114014831,1.425762114014831
14,seeqst_binomial_q0.09091,10,mean,1,10000,-6.121232206570517,-1.1490962515709402,1.1490962515709402
14,seeqst_binomial_q0.09091,10,mean,1,20000,-5.654358563696556,-0.6822226086969794,0.6822226086969794
14,seeqst_binomial_q0.09091,10,mean,1,30000,-5.239359770030728,-0.26722381503115145,0.26722381503115145
14,seeqst_binomial_q0.09091,10,mean,1,40000,-4.992954236291621,-0.020818281292044105,0.020818281292044105
14,seeqst_binomial_q0.09091,10,mean,1,50000,-5.135610071614207,-0.16347411661462985,0.16347411661462985
14,seeqst_binomial_q0.09091,10,mean,1,60000,-5.321494947943654,-0.3493589929440768,0.3493589929440768
14,seeqst_binomial_q0.09091,10,mean,1,70000,-5.269002541006748,-0.2968665860071713,0.2968665860071713
14,seeqst_binomial_q0.09091,10,mean,1,80000,-5.135610071614164,-0.16347411661458722,0.16347411661458722
14,seeqst_binomial_q0.09091,10,mean,1,90000,-5.069325542070316,-0.09718958707073888,0.09718958707073888
14,seeqst_binomial_q0.09091,10,mean,1,100000,-5.216016087886896,-0.2438801328873188,0.2438801328873188
14,seeqst_binomial_q0.5,10,mean,1,10,0.0,4.972135954999577,4.972135954999577
14,seeqst_binomial_q0.5,10,mean,1,30,-34.13333333333333,-29.161197378333757,29.161197378333757
14,seeqst_binomial_q0.5,10,mean,1,100,-20.48,-15.507864045000424,15.507864045000424
14,seeqst_binomial_q0.5,10,mean,1,300,-13.653333333333334,-8.681197378333756,8.681197378333756
14,seeqst_binomial_q0.5,10,mean,1,1000,-8.192,-3.2198640450004232,3.2198640450004232
14,seeqst_binomial_q0.5,10,mean,1,3000,-7.168,-2.195864045000423,2.195864045000423
14,seeqst_binomial_q0.5,10,mean,1,10000,-4.4032,0.5689359549995769,0.5689359549995769
14,seeqst_binomial_q0.5,10,mean,1,20000,-5.0688,-0.09666404500042347,0.09666404500042347
14,seeqst_binomial_q0.5,10,mean,1,30000,-5.563733333333333,-0.5915973783337565,0.5915973783337565
14,seeqst_binomial_q0.5,10,mean,1,40000,-5.3248,-0.3526640450004228,0.3526640450004228
14,seeqst_binomial_q0.5,10,mean,1,50000,-5.12,-0.14786404500042316,0.14786404500042316
14,seeqst_binomial_q0.5,10,mean,1,60000,-4.829866666666667,0.1422692883329102,0.1422692883329102
14,seeqst_binomial_q0.5,10,mean,1,70000,-4.856685714285715,0.11545024071386223,0.11545024071386223
14,seeqst_binomial_q0.5,10,mean,1,80000,-4.9024,0.06973595499957685,0.06973595499957685
14,seeqst_binomial_q0.5,10,mean,1,90000,-4.790044444444445,0.18209151055513217,0.18209151055513217
14,seeqst_binomial_q0.5,10,mean,1,100000,-4.82304,0.14909595499957717,0.14909595499957717
14,seeqst_binomial_tuned,10,mean,1,10,-14.901161193847653,-9.929025238848077,9.929025238848077
14,seeqst_binomial_tuned,10,mean,1,30,-9.934107462565102,-4.961971507565525,4.961971507565525
14,seeqst_binomial_tuned,10,mean,1,100,-5.960464477539062,-0.9883285225394847,0.9883285225394847
14,seeqst_binomial_tuned,10,mean,1,300,-2.9802322387695304,1.9919037162300466,1.9919037162300466
14,seeqst_binomial_tuned,10,mean,1,1000,-3.1292438507080074,1.8428921042915696,1.8428921042915696
14,seeqst_binomial_tuned,10,mean,1,3000,-5.116065343221028,-0.1439293882214514,0.1439293882214514
14,seeqst_binomial_tuned,10,mean,1,10000,-5.632638931274413,-0.6605029762748362,0.6605029762748362
14,seeqst_binomial_tuned,10,mean,1,20000,-5.3569674491882315,-0.3848314941886546,0.3848314941886546
14,seeqst_binomial_tuned,10,mean,1,30000,-5.309780438741047,-0.33764448374147005,0.33764448374147005
14,seeqst_binomial_tuned,10,mean,1,40000,-5.371868610382079,-0.39973265538250224,0.39973265538250224
14,seeqst_binomial_tuned,10,mean,1,50000,-5.2720308303833,-0.29989487538372295,0.29989487538372295
14,seeqst_binomial_tuned,10,mean,1,60000,-5.076328913370768,-0.10419295837119069,0.10419295837119069
14,seeqst_binomial_tuned,10,mean,1,70000,-5.102583340236118,-0.13044738523654065,0.13044738523654065
14,seeqst_binomial_tuned,10,mean,1,80000,-5.085021257400512,-0.11288530240093486,0.11288530240093486
14,seeqst_binomial_tuned,10,mean,1,90000,-5.086263020833333,-0.11412706583375609,0.11412706583375609
14,seeqst_binomial_tuned,10,mean,1,100000,-4.990398883819579,-0.018262928820002244,0.018262928820002244
15,pauli,10,mean,1,10,15.074999999999992,20.04713595499957,20.04713595499957
15,pauli,10,mean,1,30,-2.0249999999999972,2.9471359549995797,2.9471359549995797
15,pauli,10,mean,1,100,-8.032499999999994,-3.0603640450004166,3.0603640450004166
15,pauli,10,mean,1,300,-4.124999999999998,0.8471359549995787,0.8471359549995787
15,pauli,10,mean,1,1000,-4.605749999999999,0.36638595499957827,0.36638595499957827
15,pauli,10,mean,1,3000,-3.1702499999999993,1.8018859549995776,1.8018859549995776
15,pauli,10,mean,1,10000,-4.451624999999999,0.5205109549995779,0.5205109549995779
15,pauli,10,mean,1,20000,-3.9631499999999993,1.0089859549995777,1.0089859549995777
15,pauli,10,mean,1,30000,-4.206524999999999,0.7656109549995778,0.7656109549995778
15,pauli,10,mean,1,40000,-4.2129562499999995,0.7591797049995774,0.7591797049995774
15,pauli,10,mean,1,50000,-4.057784999999999,0.9143509549995779,0.9143509549995779
15,pauli,10,mean,1,60000,-4.145662499999999,0.8264734549995776,0.8264734549995776
15,pauli,10,mean,1,70000,-4.342499999999999,0.6296359549995776,0.6296359549995776
15,pauli,10,mean,1,80000,-4.437140625,0.5349953299995773,0.5349953299995773
15,pauli,10,mean,1,90000,-4.511699999999999,0.46043595499957757,0.46043595499957757
15,pauli,10,mean,1,100000,-4.535842499999999,0.4362934549995776,0.4362934549995776
15,clifford,10,mean,1,10,-1.0879176642221344e-14,4.972135954999566,4.972135954999566
15,clifford,10,mean,1,30,-3.9628083311455786e-14,4.972135954999537,4.972135954999537
15,clifford,10,mean,1,100,5.124999999999972,10.097135954999548,10.097135954999548
15,clifford,10,mean,1,300,-5.979166666666649,-1.0070307116670723,1.0070307116670723
15,clifford,10,mean,1,1000,-5.893749999999979,-0.9216140450004024,0.9216140450004024
15,clifford,10,mean,1,3000,-5.8083333333333185,-0.8361973783337415,0.8361973783337415
15,clifford,10,mean,1,10000,-5.586249999999995,-0.6141140450004183,0.6141140450004183
15,clifford,10,mean,1,20000,-5.522187499999998,-0.5500515450004206,0.5500515450004206
15,clifford,10,mean,1,30000,-5.338541666666664,-0.36640571166708735,0.36640571166708735
15,clifford,10,mean,1,40000,-5.554218749999999,-0.5820827950004217,0.5820827950004217
15,clifford,10,mean,1,50000,-5.2582499999999985,-0.2861140450004216,0.2861140450004216
15,clifford,10,mean,1,60000,-5.167708333333333,-0.19557237833375574,0.19557237833375574
15,clifford,10,mean,1,70000,-5.227499999999999,-0.2553640450004222,0.2553640450004222
15,clifford,10,mean,1,80000,-5.224296874999999,-0.25216092000042245,0.25216092000042245
15,clifford,10,mean,1,90000,-5.1933333333333325,-0.22119737833375552,0.22119737833375552
15,clifford,10,mean,1,100000,-5.2813124999999985,-0.3091765450004216,0.3091765450004216
15,seeqst_uniform,10,mean,1,10,0.0,4.972135954999577,4.972135954999577
15,seeqst_uniform,10,mean,1,30,-34.13333333333333,-29.161197378333757,29.161197378333757
15,seeqst_uniform,10,mean,1,100,-30.72,-25.747864045000423,25.747864045000423
15,seeqst_uniform,10,mean,1,300,-17.066666666666666,-12.09453071166709,12.09453071166709
15,seeqst_uniform,10,mean,1,1000,-5.12,-0.14786404500042316,0.14786404500042316
15,seeqst_uniform,10,mean,1,3000,-7.850666666666666,-2.8785307116670893,2.8785307116670893
15,seeqst_uniform,10,mean,1,10000,-5.3248,-0.3526640450004228,0.3526640450004228
15,seeqst_uniform,10,mean,1,20000,-4.9664,0.005735954999576798,0.005735954999576798
15,seeqst_uniform,10,mean,1,30000,-5.085866666666667,-0.11373071166709003,0.11373071166709003
15,seeqst_uniform,10,mean,1,40000,-4.9408,0.03133595499957664,0.03133595499957664
15,seeqst_uniform,10,mean,1,50000,-5.46816,-0.4960240450004232,0.4960240450004232
15,seeqst_uniform,10,mean,1,60000,-5.649066666666666,-0.6769307116670893,0.6769307116670893
15,seeqst_uniform,10,mean,1,70000,-5.485714285714286,-0.5135783307147088,0.5135783307147088
15,seeqst_uniform,10,mean,1,80000,-5.3248,-0.3526640450004228,0.3526640450004228
15,seeqst_uniform,10,mean,1,90000,-5.472711111111111,-0.5005751561115339,0.5005751561115339
15,seeqst_uniform,10,mean,1,100000,-5.34528,-0.37314404500042286,0.37314404500042286
15,seeqst_binomial_q0.09091,10,mean,1,10,0.0,4.972135954999577,4.972135954999577
15,seeqst_binomial_q0.09091,10,mean,1,30,0.0,4.972135954999577,4.972135954999577
15,seeqst_binomial_q0.09091,10,mean,1,100,-2.593742460411248,2.378393494588329,2.378393494588329
15,seeqst_binomial_q0.09091,10,mean,1,300,-1.7291616402741654,3.2429743147254113,3.2429743147254113
15,seeqst_binomial_q0.09091,10,mean,1,1000,-3.112490952493499,1.859645002506078,1.859645002506078
15,seeqst_binomial_q0.09091,10,mean,1,3000,-3.1124909524934985,1.8596450025060784,1.8596450025060784
15,seeqst_binomial_q0.09091,10,mean,1,10000,-4.098113087449756,0.8740228675498205,0.8740228675498205
15,seeqst_binomial_q0.09091,10,mean,1,20000,-4.461237031907356,0.5108989230922205,0.5108989230922205
15,seeqst_binomial_q0.09091,10,mean,1,30000,-4.504466072914234,0.4676698820853433,0.4676698820853433
15,seeqst_binomial_q0.09091,10,mean,1,40000,-4.785454839458728,0.18668111554084899,0.18668111554084899
15,seeqst_binomial_q0.09091,10,mean,1,50000,-4.658361458898553,0.3137744961010238,0.3137744961010238
15,seeqst_binomial_q0.09091,10,mean,1,60000,-4.8416525927675895,0.13048336223198742,0.13048336223198742
15,seeqst_binomial_q0.09091,10,mean,1,70000,-4.891057211061122,0.0810787439384546,0.0810787439384546
15,seeqst_binomial_q0.09091,10,mean,1,80000,-4.879478003648562,0.09265795135101484,0.09265795135101484
15,seeqst_binomial_q0.09091,10,mean,1,90000,-4.824360976364817,0.14777497863475997,0.14777497863475997
15,seeqst_binomial_q0.09091,10,mean,1,100000,-4.943673129543725,0.028462825455852325,0.028462825455852325
15,seeqst_binomial_q0.5,10,mean,1,10,0.0,4.972135954999577,4.972135954999577
15,seeqst_binomial_q0.5,10,mean,1,30,0.0,4.972135954999577,4.972135954999577
15,seeqst_binomial_q0.5,10,mean,1,100,10.24,15.212135954999578,15.212135954999578
15,seeqst_binomial_q0.5,10,mean,1,300,-3.4133333333333336,1.5588026216662434,1.5588026216662434
15,seeqst_binomial_q0.5,10,mean,1,1000,-7.168,-2.195864045000423,2.195864045000423
15,seeqst_binomial_q0.5,10,mean,1,3000,-5.461333333333333,-0.4891973783337562,0.4891973783337562
15,seeqst_binomial_q0.5,10,mean,1,10000,-5.632,-0.6598640450004227,0.6598640450004227
15,seeqst_binomial_q0.5,10,mean,1,20000,-4.608,0.3641359549995773,0.3641359549995773
15,seeqst_binomial_q0.5,10,mean,1,30000,-5.2224,-0.25026404500042343,0.25026404500042343
15,seeqst_binomial_q0.5,10,mean,1,40000,-5.0944,-0.12226404500042332,0.12226404500042332
15,seeqst_binomial_q0.5,10,mean,1,50000,-5.46816,-0.4960240450004232,0.4960240450004232
15,seeqst_binomial_q0.5,10,mean,1,60000,-5.2565333333333335,-0.28439737833375656,0.28439737833375656
15,seeqst_binomial_q0.5,10,mean,1,70000,-4.959085714285714,0.013050240713862848,0.013050240713862848
15,seeqst_binomial_q0.5,10,mean,1,80000,-5.0432,-0.07106404500042274,0.07106404500042274
15,seeqst_binomial_q0.5,10,mean,1,90000,-5.051733333333333,-0.07959737833375602,0.07959737833375602
15,seeqst_binomial_q0.5,10,mean,1,100000,-4.95616,0.01597595499957727,0.01597595499957727
15,seeqst_binomial_tuned,10,mean,1,10,-14.901161193847653,-9.929025238848077,9.929025238848077
15,seeqst_binomial_tuned,10,mean,1,30,-9.934107462565102,-4.961971507565525,4.961971507565525
15,seeqst_binomial_tuned,10,mean,1,100,-11.920928955078123,-6.948793000078546,6.948793000078546
15,seeqst_binomial_tuned,10,mean,1,300,-7.947285970052082,-2.975150015052505,2.975150015052505
15,seeqst_binomial_tuned,10,mean,1,1000,-5.6624412536621085,-0.6903052986625315,0.6903052986625315
15,seeqst_binomial_tuned,10,mean,1,3000,-6.30815823872884,-1.336022283729263,1.336022283729263
15,seeqst_binomial_tuned,10,mean,1,10000,-5.304813385009765,-0.3326774300101878,0.3326774300101878
15,seeqst_binomial_tuned,10,mean,1,20000,-5.245208740234374,-0.27307278523479717,0.27307278523479717
15,seeqst_binomial_tuned,10,mean,1,30000,-4.857778549194335,0.1143574058052419,0.1143574058052419
15,seeqst_binomial_tuned,10,mean,1,40000,-4.813075065612792,0.15906088938678486,0.15906088938678486
15,seeqst_binomial_tuned,10,mean,1,50000,-5.0455331802368155,-0.07339722523723857,0.07339722523723857
15,seeqst_binomial_tuned,10,mean,1,60000,-4.949669043223063,0.022466911776514387,0.022466911776514387
15,seeqst_binomial_tuned,10,mean,1,70000,-4.853521074567522,0.11861488043205526,0.11861488043205526
15,seeqst_binomial_tuned,10,mean,1,80000,-4.800036549568175,0.17209940543140156,0.17209940543140156
15,seeqst_binomial_tuned,10,mean,1,90000,-4.79651821984185,0.1756177351577266,0.1756177351577266
15,seeqst_binomial_tuned,10,mean,1,100000,-4.826486110687255,0.14564984431232197,0.14564984431232197
16,pauli,10,mean,1,10,-13.274999999999988,-8.302864045000412,8.302864045000412
16,pauli,10,mean,1,30,-13.274999999999988,-8.302864045000412,8.302864045000412
16,pauli,10,mean,1,100,-6.1199999999999966,-1.1478640450004196,1.1478640450004196
16,pauli,10,mean,1,300,-4.2974999999999985,0.6746359549995784,0.6746359549995784
16,pauli,10,mean,1,1000,-3.174750000000001,1.797385954999576,1.797385954999576
16,pauli,10,mean,1,3000,-1.4595000000000016,3.5126359549995754,3.5126359549995754
16,pauli,10,mean,1,10000,-7.424099999999998,-2.4519640450004214,2.4519640450004214
16,pauli,10,mean,1,20000,-6.042487499999999,-1.0703515450004222,1.0703515450004222
16,pauli,10,mean,1,30000,-6.394724999999999,-1.4225890450004224,1.4225890450004224
16,pauli,10,mean,1,40000,-6.432131249999999,-1.4599952950004225,1.4599952950004225
16,pauli,10,mean,1,50000,-6.433109999999999,-1.4609740450004223,1.4609740450004223
16,pauli,10,mean,1,60000,-6.256799999999999,-1.2846640450004223,1.2846640450004223
16,pauli,10,mean,1,70000,-6.521785714285714,-1.5496497592861367,1.5496497592861367
16,pauli,10,mean,1,80000,-6.492009374999999,-1.5198734200004225,1.5198734200004225
16,pauli,10,mean,1,90000,-6.406424999999999,-1.4342890450004218,1.4342890450004218
16,pauli,10,mean,1,100000,-6.232972499999999,-1.260836545000422,1.260836545000422
16,clifford,10,mean,1,10,-6.508764453761333e-16,4.972135954999576,4.972135954999576
16,clifford,10,mean,1,30,-8.541666666666636,-3.569530711667059,3.569530711667059
16,clifford,10,mean,1,100,-7.687499999999971,-2.7153640450003937,2.7153640450003937
16,clifford,10,mean,1,300,-1.7083333333333224,3.2638026216662546,3.2638026216662546
16,clifford,10,mean,1,1000,-3.5874999999999844,1.3846359549995926,1.3846359549995926
16,clifford,10,mean,1,3000,-3.4166666666666567,1.5554692883329202,1.5554692883329202
16,clifford,10,mean,1,10000,-4.791874999999994,0.18026095499958306,0.18026095499958306
16,clifford,10,mean,1,20000,-4.804687499999997,0.1674484549995796,0.1674484549995796
16,clifford,10,mean,1,30000,-4.7747916666666645,0.1973442883329124,0.1973442883329124
16,clifford,10,mean,1,40000,-4.734218749999998,0.23791720499957858,0.23791720499957858
16,clifford,10,mean,1,50000,-4.386999999999999,0.5851359549995783,0.5851359549995783
16,clifford,10,mean,1,60000,-4.390416666666666,0.581719288332911,0.581719288332911
16,clifford,10,mean,1,70000,-4.381874999999999,0.5902609549995779,0.5902609549995779
16,clifford,10,mean,1,80000,-4.493984374999999,0.4781515799995777,0.4781515799995777
16,clifford,10,mean,1,90000,-4.342013888888888,0.6301220661106886,0.6301220661106886
16,clifford,10,mean,1,100000,-4.458749999999999,0.5133859549995776,0.5133859549995776
16,seeqst_uniform,10,mean,1,10,0.0,4.972135954999577,4.972135954999577
16,seeqst_uniform,10,mean,1,30,0.0,4.972135954999577,4.972135954999577
16,seeqst_uniform,10,mean,1,100,-10.24,-5.267864045000423,5.267864045000423
16,seeqst_uniform,10,mean,1,300,3.4133333333333336,8.38546928833291,8.38546928833291
16,seeqst_uniform,10,mean,1,1000,-2.048,2.924135954999577,2.924135954999577
16,seeqst_uniform,10,mean,1,3000,-5.802666666666667,-0.8305307116670901,0.8305307116670901
16,seeqst_uniform,10,mean,1,10000,-5.3248,-0.3526640450004228,0.3526640450004228
16,seeqst_uniform,10,mean,1,20000,-4.9664,0.005735954999576798,0.005735954999576798
16,seeqst_uniform,10,mean,1,30000,-4.5056,0.4665359549995767,0.4665359549995767
16,seeqst_uniform,10,mean,1,40000,-4.8128,0.15933595499957676,0.15933595499957676
16,seeqst_uniform,10,mean,1,50000,-4.77184,0.20029595499957686,0.20029595499957686
16,seeqst_uniform,10,mean,1,60000,-4.5568,0.415335954999577,0.415335954999577
16,seeqst_uniform,10,mean,1,70000,-4.637257142857143,0.334878812142434,0.334878812142434
16,seeqst_uniform,10,mean,1,80000,-4.8128,0.15933595499957676,0.15933595499957676
16,seeqst_uniform,10,mean,1,90000,-4.8014222222222225,0.17071373277735447,0.17071373277735447
16,seeqst_uniform,10,mean,1,100000,-4.98688,-0.014744045000423256,0.014744045000423256
16,seeqst_binomial_q0.09091,10,mean,1,10,0.0,4.972135954999577,4.972135954999577
16,seeqst_binomial_q0.09091,10,mean,1,30,-8.645808201370828,-3.6736722463712512,3.6736722463712512
16,seeqst_binomial_q0.09091,10,mean,1,100,-5.187484920822496,-0.21534896582291907,0.21534896582291907
16,seeqst_binomial_q0.09091,10,mean,1,300,-7.781227381233746,-2.8090914262341693,2.8090914262341693
16,seeqst_binomial_q0.09091,10,mean,1,1000,-7.262478889151497,-2.29034293415192,2.29034293415192
16,seeqst_binomial_q0.09091,10,mean,1,3000,-3.804155608603165,1.167980346396412,1.167980346396412
16,seeqst_binomial_q0.09091,10,mean,1,10000,-4.1759253612620935,0.7962105937374835,0.7962105937374835
16,seeqst_binomial_q0.09091,10,mean,1,20000,-4.474205744209414,0.4979302107901633,0.4979302107901633
16,seeqst_binomial_q0.09091,10,mean,1,30000,-4.400716374497787,0.5714195805017903,0.5714195805017903
16,seeqst_binomial_q0.09091,10,mean,1,40000,-4.610377223380975,0.36175873161860217,0.36175873161860217
16,seeqst_binomial_q0.09091,10,mean,1,50000,-4.736173732710888,0.23596222228868857,0.23596222228868857
16,seeqst_binomial_q0.09091,10,mean,1,60000,-4.794100647660052,0.17803530733952488,0.17803530733952488
16,seeqst_binomial_q0.09091,10,mean,1,70000,-4.905878596549186,0.06625735845039138,0.06625735845039138
16,seeqst_binomial_q0.09091,10,mean,1,80000,-4.898931072101646,0.07320488289793126,0.07320488289793126
16,seeqst_binomial_q0.09091,10,mean,1,90000,-4.905055186244276,0.067080768755301,0.067080768755301
16,seeqst_binomial_q0.09091,10,mean,1,100000,-4.881423310493856,0.0907126445057207,0.0907126445057207
16,seeqst_binomial_q0.5,10,mean,1,10,0.0,4.972135954999577,4.972135954999577
16,seeqst_binomial_q0.5,10,mean,1,30,0.0,4.972135954999577,4.972135954999577
16,seeqst_binomial_q0.5,10,mean,1,100,0.0,4.972135954999577,4.972135954999577
16,seeqst_binomial_q0.5,10,mean,1,300,-10.24,-5.267864045000423,5.267864045000423
16,seeqst_binomial_q0.5,10,mean,1,1000,-13.312,-8.339864045000422,8.339864045000422
16,seeqst_binomial_q0.5,10,mean,1,3000,-7.850666666666666,-2.8785307116670893,2.8785307116670893
16,seeqst_binomial_q0.5,10,mean,1,10000,-6.0416,-1.069464045000423,1.069464045000423
16,seeqst_binomial_q0.5,10,mean,1,20000,-5.6832,-0.7110640450004233,0.7110640450004233
16,seeqst_binomial_q0.5,10,mean,1,30000,-6.2464,-1.2742640450004235,1.2742640450004235
16,seeqst_binomial_q0.5,10,mean,1,40000,-6.2464,-1.2742640450004235,1.2742640450004235
16,seeqst_binomial_q0.5,10,mean,1,50000,-5.87776,-0.9056240450004234,0.9056240450004234
16,seeqst_binomial_q0.5,10,mean,1,60000,-5.614933333333333,-0.6427973783337562,0.6427973783337562
16,seeqst_binomial_q0.5,10,mean,1,70000,-5.514971428571428,-0.5428354735718512,0.5428354735718512
16,seeqst_binomial_q0.5,10,mean,1,80000,-5.4528,-0.4806640450004229,0.4806640450004229
16,seeqst_binomial_q0.5,10,mean,1,90000,-5.381688888888889,-0.40955293388931224,0.40955293388931224
16,seeqst_binomial_q0.5,10,mean,1,100000,-5.48864,-0.5165040450004232,0.5165040450004232
16,seeqst_binomial_tuned,10,mean,1,10,-14.901161193847653,-9.929025238848077,9.929025238848077
16,seeqst_binomial_tuned,10,mean,1,30,-14.901161193847653,-9.929025238848077,9.929025238848077
16,seeqst_binomial_tuned,10,mean,1,100,-8.940696716308592,-3.968560761309015,3.968560761309015
16,seeqst_binomial_tuned,10,mean,1,300,-8.443991343180336,-3.4718553881807592,3.4718553881807592
16,seeqst_binomial_tuned,10,mean,1,1000,-5.364418029785155,-0.3922820747855784,0.3922820747855784
16,seeqst_binomial_tuned,10,mean,1,3000,-4.967053731282552,0.005082223717025158,0.005082223717025158
16,seeqst_binomial_tuned,10,mean,1,10000,-4.962086677551269,0.010049277448308302,0.010049277448308302
16,seeqst_binomial_tuned,10,mean,1,20000,-4.947185516357421,0.02495043864215596,0.02495043864215596
16,seeqst_binomial_tuned,10,mean,1,30000,-5.086263020833332,-0.1141270658337552,0.1141270658337552
16,seeqst_binomial_tuned,10,mean,1,40000,-5.114823579788207,-0.14268762478863017,0.14268762478863017
16,seeqst_binomial_tuned,10,mean,1,50000,-5.289912223815917,-0.31777626881634014,0.31777626881634014
16,seeqst_binomial_tuned,10,mean,1,60000,-5.23775815963745,-0.26562220463787334,0.26562220463787334
16,seeqst_binomial_tuned,10,mean,1,70000,-5.136643137250627,-0.1645071822510502,0.1645071822510502
16,seeqst_binomial_tuned,10,mean,1,80000,-5.06266951560974,-0.09053356061016338,0.09053356061016338
16,seeqst_binomial_tuned,10,mean,1,90000,-5.091230074564615,-0.11909411956503835,0.11909411956503835
16,seeqst_binomial_tuned,10,mean,1,100000,-5.14686107635498,-0.17472512135540264,0.17472512135540264
17,pauli,10,mean,1,10,5.624999999999995,10.597135954999573,10.597135954999573
17,pauli,10,mean,1,30,-1.5749999999999995,3.3971359549995777,3.3971359549995777
17,pauli,10,mean,1,100,-5.5124999999999975,-0.5403640450004206,0.5403640450004206
17,pauli,10,mean,1,300,-6.817499999999997,-1.8453640450004203,1.8453640450004203
17,pauli,10,mean,1,1000,-5.244749999999999,-0.27261404500042197,0.27261404500042197
17,pauli,10,mean,1,3000,-4.61025,0.3618859549995772,0.3618859549995772
17,pauli,10,mean,1,10000,-5.472449999999999,-0.5003140450004224,0.5003140450004224
17,pauli,10,mean,1,20000,-4.915349999999999,0.056785954999577726,0.056785954999577726
17,pauli,10,mean,1,30000,-5.162924999999999,-0.1907890450004217,0.1907890450004217
17,pauli,10,mean,1,40000,-4.9996125,-0.027476545000422625,0.027476545000422625
17,pauli,10,mean,1,50000,-5.359634999999999,-0.3874990450004221,0.3874990450004221
17,pauli,10,mean,1,60000,-5.431312499999999,-0.45917654500042193,0.45917654500042193
17,pauli,10,mean,1,70000,-5.121064285714285,-0.1489283307147078,0.1489283307147078
17,pauli,10,mean,1,80000,-5.037299999999999,-0.06516404500042228,0.06516404500042228
17,pauli,10,mean,1,90000,-5.243199999999999,-0.271064045000422,0.271064045000422
17,pauli,10,mean,1,100000,-5.0798925,-0.10775654500042275,0.10775654500042275
17,clifford,10,mean,1,10,-25.624999999999908,-20.65286404500033,20.65286404500033
17,clifford,10,mean,1,30,-4.613801434041054e-16,4.972135954999576,4.972135954999576
17,clifford,10,mean,1,100,2.5625000000000018,7.534635954999579,7.534635954999579
17,clifford,10,mean,1,300,3.4166666666666576,8.388802621666235,8.388802621666235
17,clifford,10,mean,1,1000,-4.612499999999982,0.3596359549995949,0.3596359549995949
17,clifford,10,mean,1,3000,-5.55208333333332,-0.5799473783337428,0.5799473783337428
17,clifford,10,mean,1,10000,-6.380624999999996,-1.4084890450004188,1.4084890450004188
17,clifford,10,mean,1,20000,-5.7399999999999975,-0.7678640450004206,0.7678640450004206
17,clifford,10,mean,1,30000,-5.124999999999998,-0.15286404500042128,0.15286404500042128
17,clifford,10,mean,1,40000,-5.035312499999999,-0.06317654500042202,0.06317654500042202
17,clifford,10,mean,1,50000,-4.868749999999999,0.10338595499957837,0.10338595499957837
17,clifford,10,mean,1,60000,-5.052395833333333,-0.08025987833375581,0.08025987833375581
17,clifford,10,mean,1,70000,-5.223839285714285,-0.2517033307147081,0.2517033307147081
17,clifford,10,mean,1,80000,-5.121796874999999,-0.14966092000042241,0.14966092000042241
17,clifford,10,mean,1,90000,-5.0737499999999995,-0.10161404500042259,0.10161404500042259
17,clifford,10,mean,1,100000,-5.053249999999999,-0.08111404500042241,0.08111404500042241
17,seeqst_uniform,10,mean,1,10,0.0,4.972135954999577,4.972135954999577
17,seeqst_uniform,10,mean,1,30,0.0,4.972135954999577,4.972135954999577
17,seeqst_uniform,10,mean,1,100,-20.48,-15.507864045000424,15.507864045000424
17,seeqst_uniform,10,mean,1,300,-6.826666666666667,-1.8545307116670902,1.8545307116670902
17,seeqst_uniform,10,mean,1,1000,-7.168,-2.195864045000423,2.195864045000423
17,seeqst_uniform,10,mean,1,3000,-6.485333333333333,-1.5131973783337562,1.5131973783337562
17,seeqst_uniform,10,mean,1,10000,-4.7104,0.261735954999577,0.261735954999577
17,seeqst_uniform,10,mean,1,20000,-5.8368,-0.8646640450004233,0.8646640450004233
17,seeqst_uniform,10,mean,1,30000,-6.007466666666667,-1.0353307116670898,1.0353307116670898
17,seeqst_uniform,10,mean,1,40000,-5.9648,-0.9926640450004234,0.9926640450004234
17,seeqst_uniform,10,mean,1,50000,-5.98016,-1.0080240450004228,1.0080240450004228
17,seeqst_uniform,10,mean,1,60000,-5.6832,-0.7110640450004233,0.7110640450004233
17,seeqst_uniform,10,mean,1,70000,-5.661257142857143,-0.689121187857566,0.689121187857566
17,seeqst_uniform,10,mean,1,80000,-5.5552,-0.5830640450004232,0.5830640450004232
17,seeqst_uniform,10,mean,1,90000,-5.757155555555555,-0.7850196005559784,0.7850196005559784
17,seeqst_uniform,10,mean,1,100000,-5.67296,-0.7008240450004228,0.7008240450004228
17,seeqst_binomial_q0.09091,10,mean,1,10,0.0,4.972135954999577,4.972135954999577
17,seeqst_binomial_q0.09091,10,mean,1,30,0.0,4.972135954999577,4.972135954999577
17,seeqst_binomial_q0.09091,10,mean,1,100,-7.7812273812337445,-2.8090914262341675,2.8090914262341675
17,seeqst_binomial_q0.09091,10,mean,1,300,-11.23955066178208,-6.267414706782502,6.267414706782502
17,seeqst_binomial_q0.09091,10,mean,1,1000,-5.706233412904748,-0.7340974579051709,0.7340974579051709
17,seeqst_binomial_q0.09091,10,mean,1,3000,-2.5072843783975407,2.4648515766020362,2.4648515766020362
17,seeqst_binomial_q0.09091,10,mean,1,10000,-4.642799004136116,0.3293369508634614,0.3293369508634614
17,seeqst_binomial_q0.09091,10,mean,1,20000,-5.252328482332804,-0.2801925273332273,0.2801925273332273
17,seeqst_binomial_q0.09091,10,mean,1,30000,-5.144255879815653,-0.17211992481607563,0.17211992481607563
17,seeqst_binomial_q0.09091,10,mean,1,40000,-5.025376017046761,-0.05324006204718401,0.05324006204718401
17,seeqst_binomial_q0.09091,10,mean,1,50000,-5.104485162089273,-0.1323492070896961,0.1323492070896961
17,seeqst_binomial_q0.09091,10,mean,1,60000,-5.126964263412817,-0.15482830841324002,0.15482830841324002
17,seeqst_binomial_q0.09091,10,mean,1,70000,-5.035565719569744,-0.06342976457016736,0.06342976457016736
17,seeqst_binomial_q0.09091,10,mean,1,80000,-5.129125715463136,-0.15698976046355906,0.15698976046355906
17,seeqst_binomial_q0.09091,10,mean,1,90000,-5.075089414204562,-0.10295345920498544,0.10295345920498544
17,seeqst_binomial_q0.09091,10,mean,1,100000,-5.042235343039349,-0.07009938803977178,0.07009938803977178
17,seeqst_binomial_q0.5,10,mean,1,10,0.0,4.972135954999577,4.972135954999577
17,seeqst_binomial_q0.5,10,mean,1,30,0.0,4.972135954999577,4.972135954999577
17,seeqst_binomial_q0.5,10,mean,1,100,0.0,4.972135954999577,4.972135954999577
17,seeqst_binomial_q0.5,10,mean,1,300,-3.4133333333333336,1.5588026216662434,1.5588026216662434
17,seeqst_binomial_q0.5,10,mean,1,1000,-5.12,-0.14786404500042316,0.14786404500042316
17,seeqst_binomial_q0.5,10,mean,1,3000,-3.7546666666666666,1.2174692883329103,1.2174692883329103
17,seeqst_binomial_q0.5,10,mean,1,10000,-3.4816,1.4905359549995771,1.4905359549995771
17,seeqst_binomial_q0.5,10,mean,1,20000,-4.1472,0.8249359549995772,0.8249359549995772
17,seeqst_binomial_q0.5,10,mean,1,30000,-4.1984,0.7737359549995766,0.7737359549995766
17,seeqst_binomial_q0.5,10,mean,1,40000,-4.5824,0.38973595499957714,0.38973595499957714
17,seeqst_binomial_q0.5,10,mean,1,50000,-4.77184,0.20029595499957686,0.20029595499957686
17,seeqst_binomial_q0.5,10,mean,1,60000,-5.137066666666667,-0.16493071166708972,0.16493071166708972
17,seeqst_binomial_q0.5,10,mean,1,70000,-4.885942857142857,0.0861930978567198,0.0861930978567198
17,seeqst_binomial_q0.5,10,mean,1,80000,-4.7232,0.24893595499957666,0.24893595499957666
17,seeqst_binomial_q0.5,10,mean,1,90000,-4.721777777777778,0.2503581772217993,0.2503581772217993
17,seeqst_binomial_q0.5,10,mean,1,100000,-4.82304,0.14909595499957717,0.14909595499957717
17,seeqst_binomial_tuned,10,mean,1,10,0.0,4.972135954999577,4.972135954999577
17,seeqst_binomial_tuned,10,mean,1,30,0.0,4.972135954999577,4.972135954999577
17,seeqst_binomial_tuned,10,mean,1,100,0.0,4.972135954999577,4.972135954999577
17,seeqst_binomial_tuned,10,mean,1,300,-4.967053731282551,0.0050822237170260465,0.0050822237170260465
17,seeqst_binomial_tuned,10,mean,1,1000,-4.172325134277343,0.7998108207222341,0.7998108207222341
17,seeqst_binomial_tuned,10,mean,1,3000,-4.768371582031249,0.20376437296832783,0.20376437296832783
17,seeqst_binomial_tuned,10,mean,1,10000,-5.453824996948241,-0.48168904194866435,0.48168904194866435
17,seeqst_binomial_tuned,10,mean,1,20000,-5.342066287994384,-0.36993033299480693,0.36993033299480693
17,seeqst_binomial_tuned,10,mean,1,30000,-5.414088567097981,-0.44195261209840364,0.44195261209840364
17,seeqst_binomial_tuned,10,mean,1,40000,-5.275011062622069,-0.3028751076224925,0.3028751076224925
17,seeqst_binomial_tuned,10,mean,1,50000,-5.024671554565429,-0.052535599565851854,0.052535599565851854
17,seeqst_binomial_tuned,10,mean,1,60000,-4.9943725268046055,-0.022236571805028582,0.022236571805028582
17,seeqst_binomial_tuned,10,mean,1,70000,-5.023820059640066,-0.051684104640489004,0.051684104640489004
17,seeqst_binomial_tuned,10,mean,1,80000,-5.019828677177428,-0.047692722177851365,0.047692722177851365
17,seeqst_binomial_tuned,10,mean,1,90000,-5.053149329291449,-0.08101337429187172,0.08101337429187172
17,seeqst_binomial_tuned,10,mean,1,100000,-5.088746547698974,-0.11661059269939678,0.11661059269939678
18,pauli,10,mean,1,10,-58.499999999999964,-53.527864045000385,53.527864045000385
18,pauli,10,mean,1,30,-23.32499999999999,-18.352864045000413,18.352864045000413
18,pauli,10,mean,1,100,-7.897499999999997,-2.9253640450004204,2.9253640450004204
18,pauli,10,mean,1,300,-5.924999999999998,-0.9528640450004211,0.9528640450004211
18,pauli,10,mean,1,1000,-3.246749999999999,1.7253859549995778,1.7253859549995778
18,pauli,10,mean,1,3000,-4.1595,0.8126359549995765,0.8126359549995765
18,pauli,10,mean,1,10000,-2.70495,2.2671859549995768,2.2671859549995768
18,pauli,10,mean,1,20000,-4.032675,0.9394609549995767,0.9394609549995767
18,pauli,10,mean,1,30000,-4.09755,0.8745859549995769,0.8745859549995769
18,pauli,10,mean,1,40000,-4.65316875,0.3189672049995771,0.3189672049995771
18,pauli,10,mean,1,50000,-4.391595,0.5805409549995773,0.5805409549995773
18,pauli,10,mean,1,60000,-4.5645,0.40763595499957717,0.40763595499957717
18,pauli,10,mean,1,70000,-4.359053571428571,0.6130823835710055,0.6130823835710055
18,pauli,10,mean,1,80000,-4.851675,0.12046095499957676,0.12046095499957676
18,pauli,10,mean,1,90000,-4.76975,0.2023859549995768,0.2023859549995768
18,pauli,10,mean,1,100000,-4.8746925,0.09744345499957685,0.09744345499957685
18,clifford,10,mean,1,10,-51.249999999999815,-46.277864045000236,46.277864045000236
18,clifford,10,mean,1,30,-34.16666666666653,-29.194530711666953,29.194530711666953
18,clifford,10,mean,1,100,-15.374999999999945,-10.402864045000367,10.402864045000367
18,clifford,10,mean,1,300,-8.541666666666634,-3.569530711667057,3.569530711667057
18,clifford,10,mean,1,1000,-3.5874999999999884,1.3846359549995886,1.3846359549995886
18,clifford,10,mean,1,3000,-4.612499999999986,0.35963595499959133,0.35963595499959133
18,clifford,10,mean,1,10000,-5.278749999999993,-0.30661404500041645,0.30661404500041645
18,clifford,10,mean,1,20000,-5.214687499999997,-0.24255154500041964,0.24255154500041964
18,clifford,10,mean,1,30000,-5.329999999999997,-0.35786404500042046,0.35786404500042046
18,clifford,10,mean,1,40000,-5.041718749999998,-0.06958279500042064,0.06958279500042064
18,clifford,10,mean,1,50000,-5.0071249999999985,-0.03498904500042155,0.03498904500042155
18,clifford,10,mean,1,60000,-5.197604166666665,-0.22546821166708764,0.22546821166708764
18,clifford,10,mean,1,70000,-4.93830357142857,0.03383238357100726,0.03383238357100726
18,clifford,10,mean,1,80000,-4.753437499999999,0.2186984549995783,0.2186984549995783
18,clifford,10,mean,1,90000,-4.714999999999999,0.257135954999578,0.257135954999578
18,clifford,10,mean,1,100000,-4.699624999999999,0.27251095499957767,0.27251095499957767
18,seeqst_uniform,10,mean,1,10,0.0,4.972135954999577,4.972135954999577
18,seeqst_uniform,10,mean,1,30,0.0,4.972135954999577,4.972135954999577
18,seeqst_uniform,10,mean,1,100,-10.24,-5.267864045000423,5.267864045000423
18,seeqst_uniform,10,mean,1,300,-6.826666666666667,-1.8545307116670902,1.8545307116670902
18,seeqst_uniform,10,mean,1,1000,-1.024,3.948135954999577,3.948135954999577
18,seeqst_uniform,10,mean,1,3000,-2.3893333333333335,2.5828026216662434,2.5828026216662434
18,seeqst_uniform,10,mean,1,10000,-4.7104,0.261735954999577,0.261735954999577
18,seeqst_uniform,10,mean,1,20000,-4.2496,0.7225359549995769,0.7225359549995769
18,seeqst_uniform,10,mean,1,30000,-4.983466666666667,-0.011330711667089766,0.011330711667089766
18,seeqst_uniform,10,mean,1,40000,-4.9664,0.005735954999576798,0.005735954999576798
18,seeqst_uniform,10,mean,1,50000,-5.26336,-0.29122404500042265,0.29122404500042265
18,seeqst_uniform,10,mean,1,60000,-5.239466666666667,-0.26733071166709,0.26733071166709
18,seeqst_uniform,10,mean,1,70000,-5.2224,-0.25026404500042343,0.25026404500042343
18,seeqst_uniform,10,mean,1,80000,-5.12,-0.14786404500042316,0.14786404500042316
18,seeqst_uniform,10,mean,1,90000,-5.211022222222223,-0.23888626722264572,0.23888626722264572
18,seeqst_uniform,10,mean,1,100000,-5.07904,-0.10690404500042305,0.10690404500042305
18,seeqst_binomial_q0.09091,10,mean,1,10,0.0,4.972135954999577,4.972135954999577
18,seeqst_binomial_q0.09091,10,mean,1,30,0.0,4.972135954999577,4.972135954999577
18,seeqst_binomial_q0.09091,10,mean,1,100,-5.187484920822496,-0.21534896582291907,0.21534896582291907
18,seeqst_binomial_q0.09091,10,mean,1,300,-5.187484920822497,-0.21534896582291996,0.21534896582291996
18,seeqst_binomial_q0.09091,10,mean,1,1000,-7.262478889151497,-2.29034293415192,2.29034293415192
18,seeqst_binomial_q0.09091,10,mean,1,3000,-6.743730397069238,-1.7715944420696612,1.7715944420696612
18,seeqst_binomial_q0.09091,10,mean,1,10000,-4.69467385334434,0.277462101655237,0.277462101655237
18,seeqst_binomial_q0.09091,10,mean,1,20000,-4.863267113271109,0.10886884172846756,0.10886884172846756
18,seeqst_binomial_q0.09091,10,mean,1,30000,-5.031860373197835,-0.059724418198258356,0.059724418198258356
18,seeqst_binomial_q0.09091,10,mean,1,40000,-4.928110674781342,0.04402528021823482,0.04402528021823482
18,seeqst_binomial_q0.09091,10,mean,1,50000,-4.8451109160481565,0.12702503895142048,0.12702503895142048
18,seeqst_binomial_q0.09091,10,mean,1,60000,-5.049151989600483,-0.07701603460090567,0.07701603460090567
18,seeqst_binomial_q0.09091,10,mean,1,70000,-5.087440568777967,-0.11530461377838996,0.11530461377838996
18,seeqst_binomial_q0.09091,10,mean,1,80000,-5.031860373197718,-0.059724418198141116,0.059724418198141116
18,seeqst_binomial_q0.09091,10,mean,1,90000,-5.069325542070316,-0.09718958707073888,0.09718958707073888
18,seeqst_binomial_q0.09091,10,mean,1,100000,-5.109672647010038,-0.13753669201046126,0.13753669201046126
18,seeqst_binomial_q0.5,10,mean,1,10,0.0,4.972135954999577,4.972135954999577
18,seeqst_binomial_q0.5,10,mean,1,30,0.0,4.972135954999577,4.972135954999577
18,seeqst_binomial_q0.5,10,mean,1,100,10.24,15.212135954999578,15.212135954999578
18,seeqst_binomial_q0.5,10,mean,1,300,0.0,4.972135954999577,4.972135954999577
18,seeqst_binomial_q0.5,10,mean,1,1000,-8.192,-3.2198640450004232,3.2198640450004232
18,seeqst_binomial_q0.5,10,mean,1,3000,-6.485333333333333,-1.5131973783337562,1.5131973783337562
18,seeqst_binomial_q0.5,10,mean,1,10000,-6.2464,-1.2742640450004235,1.2742640450004235
18,seeqst_binomial_q0.5,10,mean,1,20000,-6.0928,-1.1206640450004235,1.1206640450004235
18,seeqst_binomial_q0.5,10,mean,1,30000,-6.109866666666667,-1.13773071166709,1.13773071166709
18,seeqst_binomial_q0.5,10,mean,1,40000,-6.4512,-1.479064045000423,1.479064045000423
18,seeqst_binomial_q0.5,10,mean,1,50000,-6.2464,-1.2742640450004235,1.2742640450004235
18,seeqst_binomial_q0.5,10,mean,1,60000,-6.212266666666666,-1.2401307116670894,1.2401307116670894
18,seeqst_binomial_q0.5,10,mean,1,70000,-5.997714285714285,-1.0255783307147084,1.0255783307147084
18,seeqst_binomial_q0.5,10,mean,1,80000,-6.1312,-1.1590640450004228,1.1590640450004228
18,seeqst_binomial_q0.5,10,mean,1,90000,-5.927822222222222,-0.9556862672226449,0.9556862672226449
18,seeqst_binomial_q0.5,10,mean,1,100000,-6.01088,-1.0387440450004233,1.0387440450004233
18,seeqst_binomial_tuned,10,mean,1,10,0.0,4.972135954999577,4.972135954999577
18,seeqst_binomial_tuned,10,mean,1,30,-4.967053731282551,0.0050822237170260465,0.0050822237170260465
18,seeqst_binomial_tuned,10,mean,1,100,-2.98023223876953,1.991903716230047,1.991903716230047
18,seeqst_binomial_tuned,10,mean,1,300,-4.470348358154296,0.501787596845281,0.501787596845281
18,seeqst_binomial_tuned,10,mean,1,1000,-3.576278686523437,1.39585726847614,1.39585726847614
18,seeqst_binomial_tuned,10,mean,1,3000,-4.569689432779947,0.4024465222196296,0.4024465222196296
18,seeqst_binomial_tuned,10,mean,1,10000,-4.947185516357421,0.02495043864215596,0.02495043864215596
18,seeqst_binomial_tuned,10,mean,1,20000,-4.917383193969726,0.05475276102985127,0.05475276102985127
18,seeqst_binomial_tuned,10,mean,1,30000,-5.1409006118774405,-0.16876465687786357,0.16876465687786357
18,seeqst_binomial_tuned,10,mean,1,40000,-4.9695372581481925,0.0025986968513844744,0.0025986968513844744
18,seeqst_binomial_tuned,10,mean,1,50000,-4.959106445312499,0.013029509687077834,0.013029509687077834
18,seeqst_binomial_tuned,10,mean,1,60000,-4.972020785013834,0.00011516998574290227,0.00011516998574290227
18,seeqst_binomial_tuned,10,mean,1,70000,-4.953571728297641,0.018564226701935915,0.018564226701935915
18,seeqst_binomial_tuned,10,mean,1,80000,-4.936009645462035,0.0361263095375417,0.0361263095375417
18,seeqst_binomial_tuned,10,mean,1,90000,-5.111098289489745,-0.13896233449016826,0.13896233449016826
18,seeqst_binomial_tuned,10,mean,1,100000,-5.172193050384521,-0.20005709538494365,0.20005709538494365
19,pauli,10,mean,1,10,-9.224999999999994,-4.252864045000417,4.252864045000417
19,pauli,10,mean,1,30,-12.29999999999999,-7.327864045000413,7.327864045000413
19,pauli,10,mean,1,100,-4.274999999999997,0.6971359549995801,0.6971359549995801
19,pauli,10,mean,1,300,-3.7424999999999993,1.2296359549995777,1.2296359549995777
19,pauli,10,mean,1,1000,-5.863499999999998,-0.8913640450004214,0.8913640450004214
19,pauli,10,mean,1,3000,-10.560749999999997,-5.58861404500042,5.58861404500042
19,pauli,10,mean,1,10000,-7.019999999999999,-2.0478640450004217,2.0478640450004217
19,pauli,10,mean,1,20000,-5.887012499999999,-0.9148765450004221,0.9148765450004221
19,pauli,10,mean,1,30000,-5.409749999999999,-0.437614045000422,0.437614045000422
19,pauli,10,mean,1,40000,-5.06615625,-0.09402029500042275,0.09402029500042275
19,pauli,10,mean,1,50000,-4.846679999999999,0.12545595499957773,0.12545595499957773
19,pauli,10,mean,1,60000,-4.811474999999999,0.1606609549995781,0.1606609549995781
19,pauli,10,mean,1,70000,-4.844571428571427,0.12756452642814953,0.12756452642814953
19,pauli,10,mean,1,80000,-4.794046874999999,0.17808907999957757,0.17808907999957757
19,pauli,10,mean,1,90000,-4.7902499999999995,0.1818859549995775,0.1818859549995775
19,pauli,10,mean,1,100000,-4.917915,0.05422095499957713,0.05422095499957713
19,clifford,10,mean,1,10,25.624999999999908,30.597135954999484,30.597135954999484
19,clifford,10,mean,1,30,-8.541666666666611,-3.569530711667034,3.569530711667034
19,clifford,10,mean,1,100,-12.81249999999995,-7.840364045000373,7.840364045000373
19,clifford,10,mean,1,300,-10.24999999999996,-5.277864045000382,5.277864045000382
19,clifford,10,mean,1,1000,-9.993749999999963,-5.021614045000386,5.021614045000386
19,clifford,10,mean,1,3000,-6.747916666666652,-1.7757807116670747,1.7757807116670747
19,clifford,10,mean,1,10000,-5.048124999999995,-0.07598904500041836,0.07598904500041836
19,clifford,10,mean,1,20000,-5.432499999999997,-0.4603640450004205,0.4603640450004205
19,clifford,10,mean,1,30000,-5.483749999999998,-0.511614045000421,0.511614045000421
19,clifford,10,mean,1,40000,-5.509374999999999,-0.5372390450004216,0.5372390450004216
19,clifford,10,mean,1,50000,-5.288999999999999,-0.31686404500042187,0.31686404500042187
19,clifford,10,mean,1,60000,-5.065208333333333,-0.0930723783337557,0.0930723783337557
19,clifford,10,mean,1,70000,-5.09205357142857,-0.11991761642899323,0.11991761642899323
19,clifford,10,mean,1,80000,-4.974453124999999,-0.0023171700004223084,0.0023171700004223084
19,clifford,10,mean,1,90000,-5.048125,-0.0759890450004228,0.0759890450004228
19,clifford,10,mean,1,100000,-5.1173125,-0.14517654500042276,0.14517654500042276
19,seeqst_uniform,10,mean,1,10,0.0,4.972135954999577,4.972135954999577
19,seeqst_uniform,10,mean,1,30,0.0,4.972135954999577,4.972135954999577
19,seeqst_uniform,10,mean,1,100,0.0,4.972135954999577,4.972135954999577
19,seeqst_uniform,10,mean,1,300,0.0,4.972135954999577,4.972135954999577
19,seeqst_uniform,10,mean,1,1000,-6.144,-1.1718640450004232,1.1718640450004232
19,seeqst_uniform,10,mean,1,3000,-10.922666666666666,-5.950530711667089,5.950530711667089
19,seeqst_uniform,10,mean,1,10000,-7.3728,-2.400664045000423,2.400664045000423
19,seeqst_uniform,10,mean,1,20000,-6.5536,-1.5814640450004234,1.5814640450004234
19,seeqst_uniform,10,mean,1,30000,-6.2464,-1.2742640450004235,1.2742640450004235
19,seeqst_uniform,10,mean,1,40000,-5.376,-0.4038640450004234,0.4038640450004234
19,seeqst_uniform,10,mean,1,50000,-5.46816,-0.4960240450004232,0.4960240450004232
19,seeqst_uniform,10,mean,1,60000,-5.341866666666666,-0.3697307116670894,0.3697307116670894
19,seeqst_uniform,10,mean,1,70000,-5.105371428571429,-0.13323547357185195,0.13323547357185195
19,seeqst_uniform,10,mean,1,80000,-5.0048,-0.032664045000423414,0.032664045000423414
19,seeqst_uniform,10,mean,1,90000,-5.131377777777778,-0.15924182277820087,0.15924182277820087
19,seeqst_uniform,10,mean,1,100000,-5.10976,-0.1376240450004227,0.1376240450004227
19,seeqst_binomial_q0.09091,10,mean,1,10,0.0,4.972135954999577,4.972135954999577
19,seeqst_binomial_q0.09091,10,mean,1,30,0.0,4.972135954999577,4.972135954999577
19,seeqst_binomial_q0.09091,10,mean,1,100,2.593742460411248,7.565878415410825,7.565878415410825
19,seeqst_binomial_q0.09091,10,mean,1,300,-2.593742460411248,2.378393494588329,2.378393494588329
19,seeqst_binomial_q0.09091,10,mean,1,1000,-4.149987936657998,0.8221480183415792,0.8221480183415792
19,seeqst_binomial_q0.09091,10,mean,1,3000,-4.841652592767665,0.13048336223191193,0.13048336223191193
19,seeqst_binomial_q0.09091,10,mean,1,10000,-5.239359770030698,-0.26722381503112125,0.26722381503112125
19,seeqst_binomial_q0.09091,10,mean,1,20000,-4.889204537875222,0.08293141712435492,0.08293141712435492
19,seeqst_binomial_q0.09091,10,mean,1,30000,-5.118318455211541,-0.14618250021196388,0.14618250021196388
19,seeqst_binomial_q0.09091,10,mean,1,40000,-4.979985523989566,-0.007849568989988676,0.007849568989988676
19,seeqst_binomial_q0.09091,10,mean,1,50000,-5.09929767716845,-0.12716172216887323,0.12716172216887323
19,seeqst_binomial_q0.09091,10,mean,1,60000,-5.010245852694315,-0.03810989769473849,0.03810989769473849
19,seeqst_binomial_q0.09091,10,mean,1,70000,-4.798423551760724,0.17371240323885306,0.17371240323885306
19,seeqst_binomial_q0.09091,10,mean,1,80000,-4.681705141042212,0.29043081395736525,0.29043081395736525
19,seeqst_binomial_q0.09091,10,mean,1,90000,-4.700437725478507,0.27169822952107037,0.27169822952107037
19,seeqst_binomial_q0.09091,10,mean,1,100000,-4.601299124769452,0.37083683023012526,0.37083683023012526
19,seeqst_binomial_q0.5,10,mean,1,10,0.0,4.972135954999577,4.972135954999577
19,seeqst_binomial_q0.5,10,mean,1,30,0.0,4.972135954999577,4.972135954999577
19,seeqst_binomial_q0.5,10,mean,1,100,0.0,4.972135954999577,4.972135954999577
19,seeqst_binomial_q0.5,10,mean,1,300,-3.4133333333333336,1.5588026216662434,1.5588026216662434
19,seeqst_binomial_q0.5,10,mean,1,1000,-3.072,1.9001359549995769,1.9001359549995769
19,seeqst_binomial_q0.5,10,mean,1,3000,-5.12,-0.14786404500042316,0.14786404500042316
19,seeqst_binomial_q0.5,10,mean,1,10000,-5.0176,-0.04546404500042289,0.04546404500042289
19,seeqst_binomial_q0.5,10,mean,1,20000,-5.7344,-0.762264045000423,0.762264045000423
19,seeqst_binomial_q0.5,10,mean,1,30000,-5.768533333333333,-0.7963973783337561,0.7963973783337561
19,seeqst_binomial_q0.5,10,mean,1,40000,-5.3504,-0.37826404500042266,0.37826404500042266
19,seeqst_binomial_q0.5,10,mean,1,50000,-5.14048,-0.16834404500042321,0.16834404500042321
19,seeqst_binomial_q0.5,10,mean,1,60000,-5.154133333333333,-0.1819973783337563,0.1819973783337563
19,seeqst_binomial_q0.5,10,mean,1,70000,-4.929828571428572,0.042307383571005275,0.042307383571005275
19,seeqst_binomial_q0.5,10,mean,1,80000,-4.9408,0.03133595499957664,0.03133595499957664
19,seeqst_binomial_q0.5,10,mean,1,90000,-4.960711111111111,0.011424843888465652,0.011424843888465652
19,seeqst_binomial_q0.5,10,mean,1,100000,-5.02784,-0.05570404500042336,0.05570404500042336
19,seeqst_binomial_tuned,10,mean,1,10,0.0,4.972135954999577,4.972135954999577
19,seeqst_binomial_tuned,10,mean,1,30,-9.934107462565102,-4.961971507565525,4.961971507565525
19,seeqst_binomial_tuned,10,mean,1,100,-8.940696716308592,-3.968560761309015,3.968560761309015
19,seeqst_binomial_tuned,10,mean,1,300,-2.4835268656412754,2.4886090893583015,2.4886090893583015
19,seeqst_binomial_tuned,10,mean,1,1000,-1.9371509552001949,3.034984999799382,3.034984999799382
19,seeqst_binomial_tuned,10,mean,1,3000,-4.122654596964518,0.8494813580350593,0.8494813580350593
19,seeqst_binomial_tuned,10,mean,1,10000,-4.544854164123534,0.4272817908760427,0.4272817908760427
19,seeqst_binomial_tuned,10,mean,1,20000,-4.4032931327819815,0.5688428222175954,0.5688428222175954
19,seeqst_binomial_tuned,10,mean,1,30000,-4.624327023824055,0.34780893117552214,0.34780893117552214
19,seeqst_binomial_tuned,10,mean,1,40000,-4.690140485763549,0.28199546923602803,0.28199546923602803
19,seeqst_binomial_tuned,10,mean,1,50000,-4.607439041137694,0.3646969138618825,0.3646969138618825
19,seeqst_binomial_tuned,10,mean,1,60000,-4.73111867904663,0.24101727595294697,0.24101727595294697
19,seeqst_binomial_tuned,10,mean,1,70000,-4.825847489493233,0.1462884655063439,0.1462884655063439
19,seeqst_binomial_tuned,10,mean,1,80000,-4.904344677925109,0.06779127707446797,0.06779127707446797
19,seeqst_binomial_tuned,10,mean,1,90000,-4.8908922407362185,0.08124371426335841,0.08124371426335841
19,seeqst_binomial_tuned,10,mean,1,100000,-4.948675632476806,0.023460322522771193,0.023460322522771193
