repeat,ensemble,n,estimator,mom_num_groups,n_sample,estimate,error,abs_error
0,pauli,10,median_of_means,6,10,-6.749999999999997,-1.7778640450004204,1.7778640450004204
0,pauli,10,median_of_means,6,30,-10.574999999999989,-5.602864045000412,5.602864045000412
0,pauli,10,median_of_means,6,100,-9.281249999999991,-4.309114045000414,4.309114045000414
0,pauli,10,median_of_means,6,300,-10.732499999999995,-5.760364045000418,5.760364045000418
0,pauli,10,median_of_means,6,1000,-5.231927710843371,-0.25979175584379366,0.25979175584379366
0,pauli,10,median_of_means,6,3000,-5.273999999999997,-0.3018640450004204,0.3018640450004204
0,pauli,10,median_of_means,6,10000,-7.182848139255698,-2.2107121842561215,2.2107121842561215
0,pauli,10,median_of_means,6,20000,-4.367686768676865,0.6044491863227117,0.6044491863227117
0,pauli,10,median_of_means,6,30000,-4.633874999999998,0.338260954999579,0.338260954999579
0,pauli,10,median_of_means,6,40000,-5.469734473447342,-0.4975985184477647,0.4975985184477647
0,pauli,10,median_of_means,6,50000,-6.042166686667464,-1.0700307316678872,1.0700307316678872
0,pauli,10,median_of_means,6,60000,-5.727937499999998,-0.7558015450004207,0.7558015450004207
0,pauli,10,median_of_means,6,70000,-5.016211640665178,-0.04407568566560105,0.04407568566560105
0,pauli,10,median_of_means,6,80000,-4.898934973374331,0.07320098162524591,0.07320098162524591
0,pauli,10,median_of_means,6,90000,-4.708499999999998,0.2636359549995788,0.2636359549995788
0,pauli,10,median_of_means,6,100000,-4.668824252970115,0.303311702029462,0.303311702029462
0,clifford,10,median_of_means,6,10,-2.222614453595284e-15,4.972135954999574,4.972135954999574
0,clifford,10,median_of_means,6,30,-2.0495273447410654e-14,4.9721359549995565,4.9721359549995565
0,clifford,10,median_of_means,6,100,-16.015624999999925,-11.04348904500035,11.04348904500035
0,clifford,10,median_of_means,6,300,-7.687499999999969,-2.715364045000392,2.715364045000392
0,clifford,10,median_of_means,6,1000,-7.71837349397587,-2.7462375389762927,2.7462375389762927
0,clifford,10,median_of_means,6,3000,-7.943749999999968,-2.9716140450003907,2.9716140450003907
0,clifford,10,median_of_means,6,10000,-5.998649459783892,-1.0265135047843152,1.0265135047843152
0,clifford,10,median_of_means,6,20000,-6.189056405640541,-1.2169204506409637,1.2169204506409637
0,clifford,10,median_of_means,6,30000,-5.3556249999999785,-0.3834890450004016,0.3834890450004016
0,clifford,10,median_of_means,6,40000,-5.38178817881786,-0.40965222381828337,0.40965222381828337
0,clifford,10,median_of_means,6,50000,-4.766440657626287,0.20569529737328995,0.20569529737328995
0,clifford,10,median_of_means,6,60000,-4.586874999999983,0.3852609549995938,0.3852609549995938
0,clifford,10,median_of_means,6,70000,-4.6237463569346655,0.34838959806491143,0.34838959806491143
0,clifford,10,median_of_means,6,80000,-4.631834545863629,0.34030140913594753,0.34030140913594753
0,clifford,10,median_of_means,6,90000,-4.8943749999999815,0.07776095499959546,0.07776095499959546
0,clifford,10,median_of_means,6,100000,-4.574245469818776,0.3978904851808007,0.3978904851808007
0,seeqst_uniform,10,median_of_means,6,10,0.0,4.972135954999577,4.972135954999577
0,seeqst_uniform,10,median_of_means,6,30,0.0,4.972135954999577,4.972135954999577
0,seeqst_uniform,10,median_of_means,6,100,0.0,4.972135954999577,4.972135954999577
0,seeqst_uniform,10,median_of_means,6,300,0.0,4.972135954999577,4.972135954999577
0,seeqst_uniform,10,median_of_means,6,1000,-3.0843373493975905,1.8877986056019864,1.8877986056019864
0,seeqst_uniform,10,median_of_means,6,3000,-7.168,-2.195864045000423,2.195864045000423
0,seeqst_uniform,10,median_of_means,6,10000,-5.224489795918368,-0.2523538409187909,0.2523538409187909
0,seeqst_uniform,10,median_of_means,6,20000,-4.608460846084609,0.36367510891496835,0.36367510891496835
0,seeqst_uniform,10,median_of_means,6,30000,-3.9936,0.9785359549995771,0.9785359549995771
0,seeqst_uniform,10,median_of_means,6,40000,-4.301230123012301,0.6709058319872758,0.6709058319872758
0,seeqst_uniform,10,median_of_means,6,50000,-4.792511700468019,0.17962425453155806,0.17962425453155806
0,seeqst_uniform,10,median_of_means,6,60000,-5.171200000000001,-0.19906404500042374,0.19906404500042374
0,seeqst_uniform,10,median_of_means,6,70000,-4.696039773701354,0.27609618129822255,0.27609618129822255
0,seeqst_uniform,10,median_of_means,6,80000,-4.8385209630240755,0.13361499197550142,0.13361499197550142
0,seeqst_uniform,10,median_of_means,6,90000,-4.8128,0.15933595499957676,0.15933595499957676
0,seeqst_uniform,10,median_of_means,6,100000,-4.485299411976479,0.48683654302309787,0.48683654302309787
0,seeqst_binomial_q0.09091,10,median_of_means,6,10,0.0,4.972135954999577,4.972135954999577
0,seeqst_binomial_q0.09091,10,median_of_means,6,30,0.0,4.972135954999577,4.972135954999577
0,seeqst_binomial_q0.09091,10,median_of_means,6,100,0.0,4.972135954999577,4.972135954999577
0,seeqst_binomial_q0.09091,10,median_of_means,6,300,-2.593742460411248,2.378393494588329,2.378393494588329
0,seeqst_binomial_q0.09091,10,median_of_means,6,1000,-3.12499091615813,1.8471450388414468,1.8471450388414468
0,seeqst_binomial_q0.09091,10,median_of_means,6,3000,-3.8906136906168722,1.0815222643827047,1.0815222643827047
0,seeqst_binomial_q0.09091,10,median_of_means,6,10000,-5.604725604730188,-0.6325896497306109,0.6325896497306109
0,seeqst_binomial_q0.09091,10,median_of_means,6,20000,-5.058303628164751,-0.08616767316517393,0.08616767316517393
0,seeqst_binomial_q0.09091,10,median_of_means,6,30000,-5.213422345426609,-0.2412863904270317,0.2412863904270317
0,seeqst_binomial_q0.09091,10,median_of_means,6,40000,-5.097213656073711,-0.12507770107413396,0.12507770107413396
0,seeqst_binomial_q0.09091,10,median_of_means,6,50000,-5.322572431661149,-0.35043647666157174,0.35043647666157174
0,seeqst_binomial_q0.09091,10,median_of_means,6,60000,-5.005922948593709,-0.0337869935941324,0.0337869935941324
0,seeqst_binomial_q0.09091,10,median_of_means,6,70000,-4.935803413434743,0.036332541564833676,0.036332541564833676
0,seeqst_binomial_q0.09091,10,median_of_means,6,80000,-4.892569030176471,0.0795669248231059,0.0795669248231059
0,seeqst_binomial_q0.09091,10,median_of_means,6,90000,-4.988631332190968,-0.016495377191390936,0.016495377191390936
0,seeqst_binomial_q0.09091,10,median_of_means,6,100000,-4.731175494809909,0.240960460189668,0.240960460189668
0,seeqst_binomial_q0.5,10,median_of_means,6,10,0.0,4.972135954999577,4.972135954999577
0,seeqst_binomial_q0.5,10,median_of_means,6,30,0.0,4.972135954999577,4.972135954999577
0,seeqst_binomial_q0.5,10,median_of_means,6,100,0.0,4.972135954999577,4.972135954999577
0,seeqst_binomial_q0.5,10,median_of_means,6,300,0.0,4.972135954999577,4.972135954999577
0,seeqst_binomial_q0.5,10,median_of_means,6,1000,-3.0843373493975905,1.8877986056019864,1.8877986056019864
0,seeqst_binomial_q0.5,10,median_of_means,6,3000,-3.072,1.9001359549995769,1.9001359549995769
0,seeqst_binomial_q0.5,10,median_of_means,6,10000,-3.687875150060024,1.284260804939553,1.284260804939553
0,seeqst_binomial_q0.5,10,median_of_means,6,20000,-4.301230123012301,0.6709058319872758,0.6709058319872758
0,seeqst_binomial_q0.5,10,median_of_means,6,30000,-4.9152000000000005,0.05693595499957649,0.05693595499957649
0,seeqst_binomial_q0.5,10,median_of_means,6,40000,-4.992499249924992,-0.02036329492541533,0.02036329492541533
0,seeqst_binomial_q0.5,10,median_of_means,6,50000,-5.4069362774510985,-0.43480032245152156,0.43480032245152156
0,seeqst_binomial_q0.5,10,median_of_means,6,60000,-5.2736,-0.3014640450004231,0.3014640450004231
0,seeqst_binomial_q0.5,10,median_of_means,6,70000,-4.5643751071489795,0.4077608478505974,0.4077608478505974
0,seeqst_binomial_q0.5,10,median_of_means,6,80000,-5.1073276831920795,-0.13519172819250258,0.13519172819250258
0,seeqst_binomial_q0.5,10,median_of_means,6,90000,-5.2224,-0.25026404500042343,0.25026404500042343
0,seeqst_binomial_q0.5,10,median_of_means,6,100000,-5.49909996399856,-0.5269640089989833,0.5269640089989833
0,seeqst_binomial_tuned,10,median_of_means,6,10,0.0,4.972135954999577,4.972135954999577
0,seeqst_binomial_tuned,10,median_of_means,6,30,0.0,4.972135954999577,4.972135954999577
0,seeqst_binomial_tuned,10,median_of_means,6,100,-4.656612873077392,0.31552308192218526,0.31552308192218526
0,seeqst_binomial_tuned,10,median_of_means,6,300,-7.450580596923826,-2.4784446419242494,2.4784446419242494
0,seeqst_binomial_tuned,10,median_of_means,6,1000,-4.488301564411943,0.4838343905876341,0.4838343905876341
0,seeqst_binomial_tuned,10,median_of_means,6,3000,-4.768371582031248,0.20376437296832872,0.20376437296832872
0,seeqst_binomial_tuned,10,median_of_means,6,10000,-5.053515050734648,-0.08137909573507063,0.08137909573507063
0,seeqst_binomial_tuned,10,median_of_means,6,20000,-4.6496272552059885,0.3225086997935884,0.3225086997935884
0,seeqst_binomial_tuned,10,median_of_means,6,30000,-5.006790161132811,-0.03465420613323378,0.03465420613323378
0,seeqst_binomial_tuned,10,median_of_means,6,40000,-4.9849369130333425,-0.012800958033765575,0.012800958033765575
0,seeqst_binomial_tuned,10,median_of_means,6,50000,-4.935462005882577,0.036673949116999616,0.036673949116999616
0,seeqst_binomial_tuned,10,median_of_means,6,60000,-4.932284355163572,0.0398515998360045,0.0398515998360045
0,seeqst_binomial_tuned,10,median_of_means,6,70000,-5.083715202427023,-0.1115792474274464,0.1115792474274464
0,seeqst_binomial_tuned,10,median_of_means,6,80000,-5.101912611558879,-0.1297766565593017,0.1297766565593017
0,seeqst_binomial_tuned,10,median_of_means,6,90000,-5.165735880533852,-0.19359992553427485,0.19359992553427485
0,seeqst_binomial_tuned,10,median_of_means,6,100000,-5.0561662397220966,-0.08403028472251961,0.08403028472251961
1,pauli,10,median_of_means,6,10,-13.499999999999996,-8.52786404500042,8.52786404500042
1,pauli,10,median_of_means,6,30,-8.099999999999998,-3.127864045000421,3.127864045000421
1,pauli,10,median_of_means,6,100,-9.984374999999993,-5.012239045000416,5.012239045000416
1,pauli,10,median_of_means,6,300,-6.322499999999996,-1.3503640450004193,1.3503640450004193
1,pauli,10,median_of_means,6,1000,-4.574548192771081,0.397587762228496,0.397587762228496
1,pauli,10,median_of_means,6,3000,-1.6964999999999986,3.2756359549995784,3.2756359549995784
1,pauli,10,median_of_means,6,10000,-4.2906662665066,0.6814696884929772,0.6814696884929772
1,pauli,10,median_of_means,6,20000,-5.7502250225022475,-0.7780890675026706,0.7780890675026706
1,pauli,10,median_of_means,6,30000,-5.3905499999999975,-0.41841404500042056,0.41841404500042056
1,pauli,10,median_of_means,6,40000,-5.528634113411338,-0.5564981584117614,0.5564981584117614
1,pauli,10,median_of_means,6,50000,-5.550072002880112,-0.5779360478805353,0.5779360478805353
1,pauli,10,median_of_means,6,60000,-5.467387499999997,-0.49525154500042046,0.49525154500042046
1,pauli,10,median_of_means,6,70000,-5.186707097548429,-0.21457114254885212,0.21457114254885212
1,pauli,10,median_of_means,6,80000,-5.169701117527936,-0.19756516252835876,0.19756516252835876
1,pauli,10,median_of_means,6,90000,-5.053124999999998,-0.08098904500042092,0.08098904500042092
1,pauli,10,median_of_means,6,100000,-5.123589943597741,-0.15145398859816428,0.15145398859816428
1,clifford,10,median_of_means,6,10,-1.5422485882788412e-33,4.972135954999577,4.972135954999577
1,clifford,10,median_of_means,6,30,4.867302656585076e-15,4.972135954999581,4.972135954999581
1,clifford,10,median_of_means,6,100,8.007812499999977,12.979948454999555,12.979948454999555
1,clifford,10,median_of_means,6,300,2.562499999999985,7.534635954999562,7.534635954999562
1,clifford,10,median_of_means,6,1000,-1.5436746987951684,3.4284612562044083,3.4284612562044083
1,clifford,10,median_of_means,6,3000,-2.818749999999992,2.153385954999585,2.153385954999585
1,clifford,10,median_of_means,6,10000,-3.383853541416552,1.5882824135830251,1.5882824135830251
1,clifford,10,median_of_means,6,20000,-3.805693069306915,1.1664428856926619,1.1664428856926619
1,clifford,10,median_of_means,6,30000,-4.458749999999985,0.5133859549995918,0.5133859549995918
1,clifford,10,median_of_means,6,40000,-4.8243886888688685,0.14774726613070843,0.14774726613070843
1,clifford,10,median_of_means,6,50000,-4.674186967478683,0.29794898752089427,0.29794898752089427
1,clifford,10,median_of_means,6,60000,-4.855937499999982,0.11619845499959514,0.11619845499959514
1,clifford,10,median_of_means,6,70000,-4.667677438710767,0.30445851628881027,0.30445851628881027
1,clifford,10,median_of_means,6,80000,-4.881684542113536,0.09045141288604075,0.09045141288604075
1,clifford,10,median_of_means,6,90000,-4.766249999999983,0.2058859549995944,0.2058859549995944
1,clifford,10,median_of_means,6,100000,-4.612684507380278,0.3594514476192989,0.3594514476192989
1,seeqst_uniform,10,median_of_means,6,10,0.0,4.972135954999577,4.972135954999577
1,seeqst_uniform,10,median_of_means,6,30,0.0,4.972135954999577,4.972135954999577
1,seeqst_uniform,10,median_of_means,6,100,0.0,4.972135954999577,4.972135954999577
1,seeqst_uniform,10,median_of_means,6,300,0.0,4.972135954999577,4.972135954999577
1,seeqst_uniform,10,median_of_means,6,1000,-6.168674698795181,-1.196538743795604,1.196538743795604
1,seeqst_uniform,10,median_of_means,6,3000,-5.12,-0.14786404500042316,0.14786404500042316
1,seeqst_uniform,10,median_of_means,6,10000,-5.839135654261705,-0.866999699262128,0.866999699262128
1,seeqst_uniform,10,median_of_means,6,20000,-6.298229822982298,-1.3260938679827214,1.3260938679827214
1,seeqst_uniform,10,median_of_means,6,30000,-5.4272,-0.4550640450004231,0.4550640450004231
1,seeqst_uniform,10,median_of_means,6,40000,-5.683768376837683,-0.7116324218381065,0.7116324218381065
1,seeqst_uniform,10,median_of_means,6,50000,-5.714148565942638,-0.7420126109430614,0.7420126109430614
1,seeqst_uniform,10,median_of_means,6,60000,-5.4272,-0.4550640450004231,0.4550640450004231
1,seeqst_uniform,10,median_of_means,6,70000,-5.5738042173838505,-0.6016682623842735,0.6016682623842735
1,seeqst_uniform,10,median_of_means,6,80000,-5.721743043576089,-0.7496070885765125,0.7496070885765125
1,seeqst_uniform,10,median_of_means,6,90000,-5.051733333333333,-0.07959737833375602,0.07959737833375602
1,seeqst_uniform,10,median_of_means,6,100000,-5.49909996399856,-0.5269640089989833,0.5269640089989833
1,seeqst_binomial_q0.09091,10,median_of_means,6,10,0.0,4.972135954999577,4.972135954999577
1,seeqst_binomial_q0.09091,10,median_of_means,6,30,0.0,4.972135954999577,4.972135954999577
1,seeqst_binomial_q0.09091,10,median_of_means,6,100,-16.2108903775703,-11.238754422570725,11.238754422570725
1,seeqst_binomial_q0.09091,10,median_of_means,6,300,-2.593742460411248,2.378393494588329,2.378393494588329
1,seeqst_binomial_q0.09091,10,median_of_means,6,1000,-3.906238645197663,1.065897309801914,1.065897309801914
1,seeqst_binomial_q0.09091,10,median_of_means,6,3000,-5.706233412904746,-0.7340974579051691,0.7340974579051691
1,seeqst_binomial_q0.09091,10,median_of_means,6,10000,-5.52688219355338,-0.5547462385538031,0.5547462385538031
1,seeqst_binomial_q0.09091,10,median_of_means,6,20000,-5.641954046799145,-0.6698180917995682,0.6698180917995682
1,seeqst_binomial_q0.09091,10,median_of_means,6,30000,-5.005922948593709,-0.0337869935941324,0.0337869935941324
1,seeqst_binomial_q0.09091,10,median_of_means,6,40000,-5.252853767709548,-0.2807178127099714,0.2807178127099714
1,seeqst_binomial_q0.09091,10,median_of_means,6,50000,-5.447077049945619,-0.4749410949460424,0.4749410949460424
1,seeqst_binomial_q0.09091,10,median_of_means,6,60000,-5.4468591668636215,-0.47472321186404454,0.47472321186404454
1,seeqst_binomial_q0.09091,10,median_of_means,6,70000,-5.469403782454715,-0.4972678274551381,0.4972678274551381
1,seeqst_binomial_q0.09091,10,median_of_means,6,80000,-5.612350557478775,-0.6402146024791984,0.6402146024791984
1,seeqst_binomial_q0.09091,10,median_of_means,6,90000,-5.576546289884184,-0.6044103348846068,0.6044103348846068
1,seeqst_binomial_q0.09091,10,median_of_means,6,100000,-5.2214124293050155,-0.24927647430543853,0.24927647430543853
1,seeqst_binomial_q0.5,10,median_of_means,6,10,0.0,4.972135954999577,4.972135954999577
1,seeqst_binomial_q0.5,10,median_of_means,6,30,0.0,4.972135954999577,4.972135954999577
1,seeqst_binomial_q0.5,10,median_of_means,6,100,0.0,4.972135954999577,4.972135954999577
1,seeqst_binomial_q0.5,10,median_of_means,6,300,0.0,4.972135954999577,4.972135954999577
1,seeqst_binomial_q0.5,10,median_of_means,6,1000,-6.168674698795181,-1.196538743795604,1.196538743795604
1,seeqst_binomial_q0.5,10,median_of_means,6,3000,-4.096,0.8761359549995769,0.8761359549995769
1,seeqst_binomial_q0.5,10,median_of_means,6,10000,-3.3805522208883554,1.5915837341112216,1.5915837341112216
1,seeqst_binomial_q0.5,10,median_of_means,6,20000,-5.222922292229223,-0.2507863372296457,0.2507863372296457
1,seeqst_binomial_q0.5,10,median_of_means,6,30000,-5.2224,-0.25026404500042343,0.25026404500042343
1,seeqst_binomial_q0.5,10,median_of_means,6,40000,-5.376537653765377,-0.4044016987657999,0.4044016987657999
1,seeqst_binomial_q0.5,10,median_of_means,6,50000,-5.222608904356174,-0.25047294935659714,0.25047294935659714
1,seeqst_binomial_q0.5,10,median_of_means,6,60000,-5.3759999999999994,-0.4038640450004225,0.4038640450004225
1,seeqst_binomial_q0.5,10,median_of_means,6,70000,-5.486027773015602,-0.5138918180160248,0.5138918180160248
1,seeqst_binomial_q0.5,10,median_of_means,6,80000,-5.2993324833120825,-0.32719652831250556,0.32719652831250556
1,seeqst_binomial_q0.5,10,median_of_means,6,90000,-5.358933333333333,-0.38679737833375594,0.38679737833375594
1,seeqst_binomial_q0.5,10,median_of_means,6,100000,-5.284051362054482,-0.3119154070549053,0.3119154070549053
1,seeqst_binomial_tuned,10,median_of_means,6,10,0.0,4.972135954999577,4.972135954999577
1,seeqst_binomial_tuned,10,median_of_means,6,30,-14.901161193847653,-9.929025238848077,9.929025238848077
1,seeqst_binomial_tuned,10,median_of_means,6,100,0.0,4.972135954999577,4.972135954999577
1,seeqst_binomial_tuned,10,median_of_means,6,300,-8.940696716308592,-3.968560761309015,3.968560761309015
1,seeqst_binomial_tuned,10,median_of_means,6,1000,-5.385961877294332,-0.41382592229475534,0.41382592229475534
1,seeqst_binomial_tuned,10,median_of_means,6,3000,-4.768371582031248,0.20376437296832872,0.20376437296832872
1,seeqst_binomial_tuned,10,median_of_means,6,10000,-4.472137213039511,0.49999874196006555,0.49999874196006555
1,seeqst_binomial_tuned,10,median_of_means,6,20000,-4.806105095525419,0.16603085947415774,0.16603085947415774
1,seeqst_binomial_tuned,10,median_of_means,6,30000,-4.917383193969725,0.05475276102985216,0.05475276102985216
1,seeqst_binomial_tuned,10,median_of_means,6,40000,-4.750220152554194,0.22191580244538311,0.22191580244538311
1,seeqst_binomial_tuned,10,median_of_means,6,50000,-4.738758809995953,0.23337714500362416,0.23337714500362416
1,seeqst_binomial_tuned,10,median_of_means,6,60000,-4.827976226806639,0.1441597281929381,0.1441597281929381
1,seeqst_binomial_tuned,10,median_of_means,6,70000,-4.911277626465303,0.060858328534274087,0.060858328534274087
1,seeqst_binomial_tuned,10,median_of_means,6,80000,-4.738687726836724,0.23344822816285316,0.23344822816285316
1,seeqst_binomial_tuned,10,median_of_means,6,90000,-4.827976226806639,0.1441597281929381,0.1441597281929381
1,seeqst_binomial_tuned,10,median_of_means,6,100000,-4.8371104079392655,0.13502554706031145,0.13502554706031145
2,pauli,10,median_of_means,6,10,-3.374999999999999,1.5971359549995778,1.5971359549995778
2,pauli,10,median_of_means,6,30,-4.949999999999997,0.02213595499958032,0.02213595499958032
2,pauli,10,median_of_means,6,100,-3.2343749999999982,1.7377609549995787,1.7377609549995787
2,pauli,10,median_of_means,6,300,-5.894999999999996,-0.9228640450004191,0.9228640450004191
2,pauli,10,median_of_means,6,1000,-5.320030120481925,-0.347894165482348,0.347894165482348
2,pauli,10,median_of_means,6,3000,-4.448249999999998,0.5238859549995789,0.5238859549995789
2,pauli,10,median_of_means,6,10000,-5.891731692677068,-0.9195957376774908,0.9195957376774908
2,pauli,10,median_of_means,6,20000,-5.607785778577854,-0.6356498235782775,0.6356498235782775
2,pauli,10,median_of_means,6,30000,-6.181649999999998,-1.2095140450004207,1.2095140450004207
2,pauli,10,median_of_means,6,40000,-5.397164716471645,-0.4250287614720678,0.4250287614720678
2,pauli,10,median_of_means,6,50000,-4.9609084363374505,0.011227518662126457,0.011227518662126457
2,pauli,10,median_of_means,6,60000,-5.030324999999998,-0.05818904500042077,0.05818904500042077
2,pauli,10,median_of_means,6,70000,-4.800392165266584,0.17174378973299298,0.17174378973299298
2,pauli,10,median_of_means,6,80000,-5.486537163429084,-0.5144012084295069,0.5144012084295069
2,pauli,10,median_of_means,6,90000,-4.623974999999997,0.3481609549995799,0.3481609549995799
2,pauli,10,median_of_means,6,100000,-4.6997404896195825,0.2723954653799945,0.2723954653799945
2,clifford,10,median_of_means,6,10,-1.0374646295677462e-14,4.972135954999566,4.972135954999566
2,clifford,10,median_of_means,6,30,-4.598736833002278e-15,4.9721359549995725,4.9721359549995725
2,clifford,10,median_of_means,6,100,-16.015624999999922,-11.043489045000346,11.043489045000346
2,clifford,10,median_of_means,6,300,-2.5624999999999933,2.4096359549995836,2.4096359549995836
2,clifford,10,median_of_means,6,1000,-4.6310240963855245,0.34111185861405247,0.34111185861405247
2,clifford,10,median_of_means,6,3000,-3.074999999999988,1.8971359549995888,1.8971359549995888
2,clifford,10,median_of_means,6,10000,-4.229816926770692,0.7423190282288852,0.7423190282288852
2,clifford,10,median_of_means,6,20000,-4.574519951995182,0.39761600300439515,0.39761600300439515
2,clifford,10,median_of_means,6,30000,-5.124999999999982,-0.1528640450004053,0.1528640450004053
2,clifford,10,median_of_means,6,40000,-5.055036753675349,-0.08290079867577216,0.08290079867577216
2,clifford,10,median_of_means,6,50000,-5.258460338413517,-0.2863243834139402,0.2863243834139402
2,clifford,10,median_of_means,6,60000,-5.086562499999983,-0.11442654500040561,0.11442654500040561
2,clifford,10,median_of_means,6,70000,-5.337626435796312,-0.3654904807967352,0.3654904807967352
2,clifford,10,median_of_means,6,80000,-5.304507612690298,-0.33237165769072075,0.33237165769072075
2,clifford,10,median_of_means,6,90000,-5.201874999999982,-0.22973904500040465,0.22973904500040465
2,clifford,10,median_of_means,6,100000,-5.258460338413517,-0.2863243834139402,0.2863243834139402
2,seeqst_uniform,10,median_of_means,6,10,0.0,4.972135954999577,4.972135954999577
2,seeqst_uniform,10,median_of_means,6,30,0.0,4.972135954999577,4.972135954999577
2,seeqst_uniform,10,median_of_means,6,100,0.0,4.972135954999577,4.972135954999577
2,seeqst_uniform,10,median_of_means,6,300,0.0,4.972135954999577,4.972135954999577
2,seeqst_uniform,10,median_of_means,6,1000,-3.0843373493975905,1.8877986056019864,1.8877986056019864
2,seeqst_uniform,10,median_of_means,6,3000,-6.144,-1.1718640450004232,1.1718640450004232
2,seeqst_uniform,10,median_of_means,6,10000,-4.302521008403361,0.6696149465962158,0.6696149465962158
2,seeqst_uniform,10,median_of_means,6,20000,-3.3795379537953796,1.5925980012041974,1.5925980012041974
2,seeqst_uniform,10,median_of_means,6,30000,-4.096,0.8761359549995769,0.8761359549995769
2,seeqst_uniform,10,median_of_means,6,40000,-3.9171917191719174,1.0549442358276595,1.0549442358276595
2,seeqst_uniform,10,median_of_means,6,50000,-3.9937597503900157,0.9783762046095612,0.9783762046095612
2,seeqst_uniform,10,median_of_means,6,60000,-4.096,0.8761359549995769,0.8761359549995769
2,seeqst_uniform,10,median_of_means,6,70000,-3.9499399965712323,1.0221959584283447,1.0221959584283447
2,seeqst_uniform,10,median_of_means,6,80000,-4.1089027225680645,0.8632332324315124,0.8632332324315124
2,seeqst_uniform,10,median_of_means,6,90000,-4.1983999999999995,0.7737359549995775,0.7737359549995775
2,seeqst_uniform,10,median_of_means,6,100000,-4.331693267730709,0.6404426872688678,0.6404426872688678
2,seeqst_binomial_q0.09091,10,median_of_means,6,10,0.0,4.972135954999577,4.972135954999577
2,seeqst_binomial_q0.09091,10,median_of_means,6,30,0.0,4.972135954999577,4.972135954999577
2,seeqst_binomial_q0.09091,10,median_of_means,6,100,0.0,4.972135954999577,4.972135954999577
2,seeqst_binomial_q0.09091,10,median_of_means,6,300,0.0,4.972135954999577,4.972135954999577
2,seeqst_binomial_q0.09091,10,median_of_means,6,1000,-11.71871593559299,-6.746579980593412,6.746579980593412
2,seeqst_binomial_q0.09091,10,median_of_means,6,3000,-5.706233412904747,-0.73409745790517,0.73409745790517
2,seeqst_binomial_q0.09091,10,median_of_means,6,10000,-3.6586403253099844,1.3134956296895925,1.3134956296895925
2,seeqst_binomial_q0.09091,10,median_of_means,6,20000,-4.163372986258679,0.8087629687408979,0.8087629687408979
2,seeqst_binomial_q0.09091,10,median_of_means,6,30000,-4.07217566284566,0.8999602921539172,0.8999602921539172
2,seeqst_binomial_q0.09091,10,median_of_means,6,40000,-4.513563237439316,0.4585727175602612,0.4585727175602612
2,seeqst_binomial_q0.09091,10,median_of_means,6,50000,-4.653360108382115,0.31877584661746194,0.31877584661746194
2,seeqst_binomial_q0.09091,10,median_of_means,6,60000,-4.707642565646417,0.26449338935316025,0.26449338935316025
2,seeqst_binomial_q0.09091,10,median_of_means,6,70000,-4.880220041661829,0.09191591333774785,0.09191591333774785
2,seeqst_binomial_q0.09091,10,median_of_means,6,80000,-4.912022584968426,0.060113370031150914,0.060113370031150914
2,seeqst_binomial_q0.09091,10,median_of_means,6,90000,-5.049151989600563,-0.0770160346009865,0.0770160346009865
2,seeqst_binomial_q0.09091,10,median_of_means,6,100000,-4.816772419880483,0.1553635351190943,0.1553635351190943
2,seeqst_binomial_q0.5,10,median_of_means,6,10,0.0,4.972135954999577,4.972135954999577
2,seeqst_binomial_q0.5,10,median_of_means,6,30,0.0,4.972135954999577,4.972135954999577
2,seeqst_binomial_q0.5,10,median_of_means,6,100,0.0,4.972135954999577,4.972135954999577
2,seeqst_binomial_q0.5,10,median_of_means,6,300,0.0,4.972135954999577,4.972135954999577
2,seeqst_binomial_q0.5,10,median_of_means,6,1000,0.0,4.972135954999577,4.972135954999577
2,seeqst_binomial_q0.5,10,median_of_means,6,3000,-4.096,0.8761359549995769,0.8761359549995769
2,seeqst_binomial_q0.5,10,median_of_means,6,10000,-6.146458583433374,-1.1743226284337966,1.1743226284337966
2,seeqst_binomial_q0.5,10,median_of_means,6,20000,-5.990999099909992,-1.0188631449104149,1.0188631449104149
2,seeqst_binomial_q0.5,10,median_of_means,6,30000,-5.9392,-0.9670640450004226,0.9670640450004226
2,seeqst_binomial_q0.5,10,median_of_means,6,40000,-5.7605760576057605,-0.7884401026061836,0.7884401026061836
2,seeqst_binomial_q0.5,10,median_of_means,6,50000,-5.652706108244329,-0.6805701532447523,0.6805701532447523
2,seeqst_binomial_q0.5,10,median_of_means,6,60000,-5.8368,-0.8646640450004233,0.8646640450004233
2,seeqst_binomial_q0.5,10,median_of_means,6,70000,-5.8810217726727245,-0.9088858176731476,0.9088858176731476
2,seeqst_binomial_q0.5,10,median_of_means,6,80000,-5.875346883672092,-0.9032109286725154,0.9032109286725154
2,seeqst_binomial_q0.5,10,median_of_means,6,90000,-5.0176,-0.04546404500042289,0.04546404500042289
2,seeqst_binomial_q0.5,10,median_of_means,6,100000,-5.529821192847714,-0.557685237848137,0.557685237848137
2,seeqst_binomial_tuned,10,median_of_means,6,10,0.0,4.972135954999577,4.972135954999577
2,seeqst_binomial_tuned,10,median_of_means,6,30,0.0,4.972135954999577,4.972135954999577
2,seeqst_binomial_tuned,10,median_of_means,6,100,-4.656612873077392,0.31552308192218526,0.31552308192218526
2,seeqst_binomial_tuned,10,median_of_means,6,300,-5.960464477539062,-0.9883285225394847,0.9883285225394847
2,seeqst_binomial_tuned,10,median_of_means,6,1000,-2.692980938647166,2.279155016352411,2.279155016352411
2,seeqst_binomial_tuned,10,median_of_means,6,3000,-2.5331974029541007,2.4389385520454763,2.4389385520454763
2,seeqst_binomial_tuned,10,median_of_means,6,10000,-3.532988398301214,1.4391475566983631,1.4391475566983631
2,seeqst_binomial_tuned,10,median_of_means,6,20000,-4.82845907271391,0.14367688228566688,0.14367688228566688
2,seeqst_binomial_tuned,10,median_of_means,6,30000,-4.3660402297973615,0.6060957252022154,0.6060957252022154
2,seeqst_binomial_tuned,10,median_of_means,6,40000,-4.604919300829007,0.36721665417057014,0.36721665417057014
2,seeqst_binomial_tuned,10,median_of_means,6,50000,-4.720876701278987,0.25125925372058955,0.25125925372058955
2,seeqst_binomial_tuned,10,median_of_means,6,60000,-4.827976226806639,0.1441597281929381,0.1441597281929381
2,seeqst_binomial_tuned,10,median_of_means,6,70000,-4.853798434478063,0.11833752052151425,0.11833752052151425
2,seeqst_binomial_tuned,10,median_of_means,6,80000,-4.945446507370873,0.026689447628704066,0.026689447628704066
2,seeqst_binomial_tuned,10,median_of_means,6,90000,-5.021691322326658,-0.049555367327081434,0.049555367327081434
2,seeqst_binomial_tuned,10,median_of_means,6,100000,-4.966755696137268,0.005380258862309084,0.005380258862309084
3,pauli,10,median_of_means,6,10,-6.7499999999999964,-1.7778640450004195,1.7778640450004195
3,pauli,10,median_of_means,6,30,-4.274999999999998,0.6971359549995793,0.6971359549995793
3,pauli,10,median_of_means,6,100,-0.7734374999999978,4.19869845499958,4.19869845499958
3,pauli,10,median_of_means,6,300,-2.8124999999999982,2.1596359549995787,2.1596359549995787
3,pauli,10,median_of_means,6,1000,-3.537650602409636,1.4344853525899408,1.4344853525899408
3,pauli,10,median_of_means,6,3000,-4.342499999999997,0.6296359549995802,0.6296359549995802
3,pauli,10,median_of_means,6,10000,-3.538415366146457,1.4337205888531201,1.4337205888531201
3,pauli,10,median_of_means,6,20000,-5.054230423042302,-0.08209446804272513,0.08209446804272513
3,pauli,10,median_of_means,6,30000,-4.596299999999998,0.37583595499957934,0.37583595499957934
3,pauli,10,median_of_means,6,40000,-4.241449144914489,0.7306868100850883,0.7306868100850883
3,pauli,10,median_of_means,6,50000,-4.530646225849031,0.44148972915054596,0.44148972915054596
3,pauli,10,median_of_means,6,60000,-3.728137499999998,1.2439984549995788,1.2439984549995788
3,pauli,10,median_of_means,6,70000,-4.106934681981825,0.8652012730177523,0.8652012730177523
3,pauli,10,median_of_means,6,80000,-4.340274131853294,0.6318618231462834,0.6318618231462834
3,pauli,10,median_of_means,6,90000,-4.560749999999998,0.4113859549995791,0.4113859549995791
3,pauli,10,median_of_means,6,100000,-4.717898715948635,0.25423723905094153,0.25423723905094153
3,clifford,10,median_of_means,6,10,1.8892222855559915e-15,4.972135954999579,4.972135954999579
3,clifford,10,median_of_means,6,30,1.5385977180066236e-15,4.972135954999579,4.972135954999579
3,clifford,10,median_of_means,6,100,-16.01562499999995,-11.043489045000374,11.043489045000374
3,clifford,10,median_of_means,6,300,-12.812499999999957,-7.84036404500038,7.84036404500038
3,clifford,10,median_of_means,6,1000,-6.94653614457829,-1.9744001895787129,1.9744001895787129
3,clifford,10,median_of_means,6,3000,-5.637499999999983,-0.6653640450004064,0.6653640450004064
3,clifford,10,median_of_means,6,10000,-4.99887454981991,-0.02673859482033336,0.02673859482033336
3,clifford,10,median_of_means,6,20000,-4.4591959195919415,0.5129400354076354,0.5129400354076354
3,clifford,10,median_of_means,6,30000,-4.638124999999983,0.3340109549995942,0.3340109549995942
3,clifford,10,median_of_means,6,40000,-4.4399752475247345,0.5321607074748425,0.5321607074748425
3,clifford,10,median_of_means,6,50000,-4.628060122404878,0.3440758325946991,0.3440758325946991
3,clifford,10,median_of_means,6,60000,-4.458749999999984,0.5133859549995927,0.5133859549995927
3,clifford,10,median_of_means,6,70000,-4.77750514315102,0.19463081184855735,0.19463081184855735
3,clifford,10,median_of_means,6,80000,-4.593396084902106,0.3787398700974709,0.3787398700974709
3,clifford,10,median_of_means,6,90000,-4.7918749999999815,0.1802609549995955,0.1802609549995955
3,clifford,10,median_of_means,6,100000,-4.697250390015585,0.2748855649839923,0.2748855649839923
3,seeqst_uniform,10,median_of_means,6,10,0.0,4.972135954999577,4.972135954999577
3,seeqst_uniform,10,median_of_means,6,30,0.0,4.972135954999577,4.972135954999577
3,seeqst_uniform,10,median_of_means,6,100,32.0,36.97213595499958,36.97213595499958
3,seeqst_uniform,10,median_of_means,6,300,10.24,15.212135954999578,15.212135954999578
3,seeqst_uniform,10,median_of_means,6,1000,-6.168674698795181,-1.196538743795604,1.196538743795604
3,seeqst_uniform,10,median_of_means,6,3000,-5.12,-0.14786404500042316,0.14786404500042316
3,seeqst_uniform,10,median_of_means,6,10000,-5.531812725090036,-0.5596767700904595,0.5596767700904595
3,seeqst_uniform,10,median_of_means,6,20000,-4.762076207620762,0.21005974737881505,0.21005974737881505
3,seeqst_uniform,10,median_of_means,6,30000,-4.7104,0.261735954999577,0.261735954999577
3,seeqst_uniform,10,median_of_means,6,40000,-5.146114611461146,-0.17397865646156863,0.17397865646156863
3,seeqst_uniform,10,median_of_means,6,50000,-5.03828153126125,-0.06614557626167272,0.06614557626167272
3,seeqst_uniform,10,median_of_means,6,60000,-4.9152000000000005,0.05693595499957649,0.05693595499957649
3,seeqst_uniform,10,median_of_means,6,70000,-5.0032573289902285,-0.031121373990651513,0.031121373990651513
3,seeqst_uniform,10,median_of_means,6,80000,-5.10732768319208,-0.13519172819250347,0.13519172819250347
3,seeqst_uniform,10,median_of_means,6,90000,-5.119999999999999,-0.14786404500042227,0.14786404500042227
3,seeqst_uniform,10,median_of_means,6,100000,-4.884675387015481,0.0874605679840963,0.0874605679840963
3,seeqst_binomial_q0.09091,10,median_of_means,6,10,0.0,4.972135954999577,4.972135954999577
3,seeqst_binomial_q0.09091,10,median_of_means,6,30,0.0,4.972135954999577,4.972135954999577
3,seeqst_binomial_q0.09091,10,median_of_means,6,100,0.0,4.972135954999577,4.972135954999577
3,seeqst_binomial_q0.09091,10,median_of_means,6,300,0.0,4.972135954999577,4.972135954999577
3,seeqst_binomial_q0.09091,10,median_of_means,6,1000,-2.343743187118598,2.628392767880979,2.628392767880979
3,seeqst_binomial_q0.09091,10,median_of_means,6,3000,-3.371865198534623,1.6002707564649539,1.6002707564649539
3,seeqst_binomial_q0.09091,10,median_of_means,6,10000,-3.2694232694259435,1.7027126855736334,1.7027126855736334
3,seeqst_binomial_q0.09091,10,median_of_means,6,20000,-4.8248434607109925,0.14729249428858449,0.14729249428858449
3,seeqst_binomial_q0.09091,10,median_of_means,6,30000,-5.239359770030722,-0.26722381503114523,0.26722381503114523
3,seeqst_binomial_q0.09091,10,median_of_means,6,40000,-4.630293321166195,0.341842633833382,0.341842633833382
3,seeqst_binomial_q0.09091,10,median_of_means,6,50000,-4.9646216540932935,0.0075143009062834665,0.0075143009062834665
3,seeqst_binomial_q0.09091,10,median_of_means,6,60000,-4.824360976364922,0.14777497863465516,0.14777497863465516
3,seeqst_binomial_q0.09091,10,median_of_means,6,70000,-4.869103367307247,0.10303258769233015,0.10303258769233015
3,seeqst_binomial_q0.09091,10,median_of_means,6,80000,-4.610492485693136,0.36164346930644076,0.36164346930644076
3,seeqst_binomial_q0.09091,10,median_of_means,6,90000,-4.616861579532022,0.35527437546755536,0.35527437546755536
3,seeqst_binomial_q0.09091,10,median_of_means,6,100000,-4.521073951454865,0.4510620035447124,0.4510620035447124
3,seeqst_binomial_q0.5,10,median_of_means,6,10,0.0,4.972135954999577,4.972135954999577
3,seeqst_binomial_q0.5,10,median_of_means,6,30,0.0,4.972135954999577,4.972135954999577
3,seeqst_binomial_q0.5,10,median_of_means,6,100,0.0,4.972135954999577,4.972135954999577
3,seeqst_binomial_q0.5,10,median_of_means,6,300,-10.24,-5.267864045000423,5.267864045000423
3,seeqst_binomial_q0.5,10,median_of_means,6,1000,-6.168674698795181,-1.196538743795604,1.196538743795604
3,seeqst_binomial_q0.5,10,median_of_means,6,3000,-5.12,-0.14786404500042316,0.14786404500042316
3,seeqst_binomial_q0.5,10,median_of_means,6,10000,-4.917166866746698,0.054969088252878606,0.054969088252878606
3,seeqst_binomial_q0.5,10,median_of_means,6,20000,-4.454845484548455,0.5172904704511216,0.5172904704511216
3,seeqst_binomial_q0.5,10,median_of_means,6,30000,-4.4032,0.5689359549995769,0.5689359549995769
3,seeqst_binomial_q0.5,10,median_of_means,6,40000,-4.147614761476148,0.8245211935234291,0.8245211935234291
3,seeqst_binomial_q0.5,10,median_of_means,6,50000,-5.161166446657866,-0.189030491658289,0.189030491658289
3,seeqst_binomial_q0.5,10,median_of_means,6,60000,-4.4032,0.5689359549995769,0.5689359549995769
3,seeqst_binomial_q0.5,10,median_of_means,6,70000,-4.652151551517229,0.3199844034823478,0.3199844034823478
3,seeqst_binomial_q0.5,10,median_of_means,6,80000,-4.4929123228080705,0.47922363219150643,0.47922363219150643
3,seeqst_binomial_q0.5,10,median_of_means,6,90000,-4.2325333333333335,0.7396026216662435,0.7396026216662435
3,seeqst_binomial_q0.5,10,median_of_means,6,100000,-4.270250810032401,0.7018851449671759,0.7018851449671759
3,seeqst_binomial_tuned,10,median_of_means,6,10,0.0,4.972135954999577,4.972135954999577
3,seeqst_binomial_tuned,10,median_of_means,6,30,0.0,4.972135954999577,4.972135954999577
3,seeqst_binomial_tuned,10,median_of_means,6,100,-9.313225746154783,-4.341089791155206,4.341089791155206
3,seeqst_binomial_tuned,10,median_of_means,6,300,-4.470348358154296,0.501787596845281,0.501787596845281
3,seeqst_binomial_tuned,10,median_of_means,6,1000,-4.039471407970749,0.9326645470288275,0.9326645470288275
3,seeqst_binomial_tuned,10,median_of_means,6,3000,-5.066394805908201,-0.0942588509086244,0.0942588509086244
3,seeqst_binomial_tuned,10,median_of_means,6,10000,-5.679614260560179,-0.7074783055606018,0.7074783055606018
3,seeqst_binomial_tuned,10,median_of_means,6,20000,-5.096706798975793,-0.12457084397621632,0.12457084397621632
3,seeqst_binomial_tuned,10,median_of_means,6,30000,-5.245208740234373,-0.2730727852347963,0.2730727852347963
3,seeqst_binomial_tuned,10,median_of_means,6,40000,-5.242007650700981,-0.26987169570140424,0.26987169570140424
3,seeqst_binomial_tuned,10,median_of_means,6,50000,-5.087459929976788,-0.11532397497721103,0.11532397497721103
3,seeqst_binomial_tuned,10,median_of_means,6,60000,-5.133450031280516,-0.16131407628093886,0.16131407628093886
3,seeqst_binomial_tuned,10,median_of_means,6,70000,-5.268925932163686,-0.29678997716410915,0.29678997716410915
3,seeqst_binomial_tuned,10,median_of_means,6,80000,-4.96779880796916,0.004337147030416766,0.004337147030416766
3,seeqst_binomial_tuned,10,median_of_means,6,90000,-5.076328913370766,-0.10419295837118892,0.10419295837118892
3,seeqst_binomial_tuned,10,median_of_means,6,100000,-5.078518875618304,-0.106382920618727,0.106382920618727
4,pauli,10,median_of_means,6,10,-1.1249999999999996,3.8471359549995774,3.8471359549995774
4,pauli,10,median_of_means,6,30,-1.3499999999999996,3.6221359549995773,3.6221359549995773
4,pauli,10,median_of_means,6,100,0.21093749999999645,5.183073454999573,5.183073454999573
4,pauli,10,median_of_means,6,300,-2.249999999999999,2.722135954999578,2.722135954999578
4,pauli,10,median_of_means,6,1000,-2.77183734939759,2.200298605601987,2.200298605601987
4,pauli,10,median_of_means,6,3000,-5.208749999999997,-0.23661404500041971,0.23661404500041971
4,pauli,10,median_of_means,6,10000,-6.23206782713085,-1.259931872131273,1.259931872131273
4,pauli,10,median_of_means,6,20000,-6.3371962196219584,-1.3650602646223815,1.3650602646223815
4,pauli,10,median_of_means,6,30000,-6.279524999999996,-1.307389045000419,1.307389045000419
4,pauli,10,median_of_means,6,40000,-7.2301417641764125,-2.2580058091768356,2.2580058091768356
4,pauli,10,median_of_means,6,50000,-6.308802352094081,-1.336666397094504,1.336666397094504
4,pauli,10,median_of_means,6,60000,-5.823337499999997,-0.8512015450004204,0.8512015450004204
4,pauli,10,median_of_means,6,70000,-5.4045516886679215,-0.4324157336683445,0.4324157336683445
4,pauli,10,median_of_means,6,80000,-5.788691592289805,-0.8165556372902278,0.8165556372902278
4,pauli,10,median_of_means,6,90000,-5.885849999999996,-0.9137140450004191,0.9137140450004191
4,pauli,10,median_of_means,6,100000,-5.411353954158163,-0.4392179991585863,0.4392179991585863
4,clifford,10,median_of_means,6,10,-4.7786210752298545e-15,4.9721359549995725,4.9721359549995725
4,clifford,10,median_of_means,6,30,-25.62499999999992,-20.652864045000342,20.652864045000342
4,clifford,10,median_of_means,6,100,-8.007812499999966,-3.0356765450003893,3.0356765450003893
4,clifford,10,median_of_means,6,300,-1.865174681370263e-14,4.972135954999558,4.972135954999558
4,clifford,10,median_of_means,6,1000,-3.859186746987942,1.112949208011635,1.112949208011635
4,clifford,10,median_of_means,6,3000,-5.893749999999977,-0.9216140450003998,0.9216140450003998
4,clifford,10,median_of_means,6,10000,-4.768157262905147,0.20397869209442998,0.20397869209442998
4,clifford,10,median_of_means,6,20000,-5.189581458145795,-0.2174455031462177,0.2174455031462177
4,clifford,10,median_of_means,6,30000,-4.919999999999983,0.05213595499959389,0.05213595499959389
4,clifford,10,median_of_means,6,40000,-4.689843984398424,0.2822919706011531,0.2822919706011531
4,clifford,10,median_of_means,6,50000,-4.428177127085068,0.5439588279145093,0.5439588279145093
4,clifford,10,median_of_means,6,60000,-4.727812499999983,0.24432345499959407,0.24432345499959407
4,clifford,10,median_of_means,6,70000,-4.601780816046614,0.3703551389529629,0.3703551389529629
4,clifford,10,median_of_means,6,80000,-4.804807620190488,0.16732833480908926,0.16732833480908926
4,clifford,10,median_of_means,6,90000,-4.851666666666649,0.12046928833292814,0.12046928833292814
4,clifford,10,median_of_means,6,100000,-4.904821192847697,0.06731476215187993,0.06731476215187993
4,seeqst_uniform,10,median_of_means,6,10,0.0,4.972135954999577,4.972135954999577
4,seeqst_uniform,10,median_of_means,6,30,0.0,4.972135954999577,4.972135954999577
4,seeqst_uniform,10,median_of_means,6,100,0.0,4.972135954999577,4.972135954999577
4,seeqst_uniform,10,median_of_means,6,300,0.0,4.972135954999577,4.972135954999577
4,seeqst_uniform,10,median_of_means,6,1000,0.0,4.972135954999577,4.972135954999577
4,seeqst_uniform,10,median_of_means,6,3000,-4.096,0.8761359549995769,0.8761359549995769
4,seeqst_uniform,10,median_of_means,6,10000,-2.765906362545018,2.2062295924545587,2.2062295924545587
4,seeqst_uniform,10,median_of_means,6,20000,-3.8403840384038403,1.1317519165957366,1.1317519165957366
4,seeqst_uniform,10,median_of_means,6,30000,-4.4032,0.5689359549995769,0.5689359549995769
4,seeqst_uniform,10,median_of_means,6,40000,-4.070807080708071,0.9013288742915062,0.9013288742915062
4,seeqst_uniform,10,median_of_means,6,50000,-4.239529581183247,0.7326063738163295,0.7326063738163295
4,seeqst_uniform,10,median_of_means,6,60000,-4.5568,0.415335954999577,0.415335954999577
4,seeqst_uniform,10,median_of_means,6,70000,-5.0032573289902285,-0.031121373990651513,0.031121373990651513
4,seeqst_uniform,10,median_of_means,6,80000,-4.761719042976074,0.21041691202350332,0.21041691202350332
4,seeqst_uniform,10,median_of_means,6,90000,-4.949333333333334,0.02280262166624336,0.02280262166624336
4,seeqst_uniform,10,median_of_means,6,100000,-4.608184327373095,0.3639516276264816,0.3639516276264816
4,seeqst_binomial_q0.09091,10,median_of_means,6,10,0.0,4.972135954999577,4.972135954999577
4,seeqst_binomial_q0.09091,10,median_of_means,6,30,0.0,4.972135954999577,4.972135954999577
4,seeqst_binomial_q0.09091,10,median_of_means,6,100,0.0,4.972135954999577,4.972135954999577
4,seeqst_binomial_q0.09091,10,median_of_means,6,300,-10.374969841644992,-5.402833886645415,5.402833886645415
4,seeqst_binomial_q0.09091,10,median_of_means,6,1000,-3.906238645197663,1.065897309801914,1.065897309801914
4,seeqst_binomial_q0.09091,10,median_of_means,6,3000,-4.928110674781372,0.04402528021820462,0.04402528021820462
4,seeqst_binomial_q0.09091,10,median_of_means,6,10000,-5.838255838260612,-0.8661198832610353,0.8661198832610353
4,seeqst_binomial_q0.09091,10,median_of_means,6,20000,-5.7586841305260235,-0.7865481755264465,0.7865481755264465
4,seeqst_binomial_q0.09091,10,median_of_means,6,30000,-5.472796591467734,-0.5006606364681572,0.5006606364681572
4,seeqst_binomial_q0.09091,10,median_of_means,6,40000,-5.291763795618508,-0.31962784061893146,0.31962784061893146
4,seeqst_binomial_q0.09091,10,median_of_means,6,50000,-5.0735631950922055,-0.1014272400926286,0.1014272400926286
4,seeqst_binomial_q0.09091,10,median_of_means,6,60000,-4.850298400969034,0.12183755403054253,0.12183755403054253
4,seeqst_binomial_q0.09091,10,median_of_means,6,70000,-5.046970156980571,-0.07483420198099378,0.07483420198099378
4,seeqst_binomial_q0.09091,10,median_of_means,6,80000,-4.941202917156357,0.030933037843220212,0.030933037843220212
4,seeqst_binomial_q0.09091,10,median_of_means,6,90000,-4.798423551760809,0.1737124032387678,0.1737124032387678
4,seeqst_binomial_q0.09091,10,median_of_means,6,100000,-4.941277038164955,0.03085891683462183,0.03085891683462183
4,seeqst_binomial_q0.5,10,median_of_means,6,10,0.0,4.972135954999577,4.972135954999577
4,seeqst_binomial_q0.5,10,median_of_means,6,30,0.0,4.972135954999577,4.972135954999577
4,seeqst_binomial_q0.5,10,median_of_means,6,100,0.0,4.972135954999577,4.972135954999577
4,seeqst_binomial_q0.5,10,median_of_means,6,300,-10.24,-5.267864045000423,5.267864045000423
4,seeqst_binomial_q0.5,10,median_of_means,6,1000,-12.337349397590362,-7.365213442590785,7.365213442590785
4,seeqst_binomial_q0.5,10,median_of_means,6,3000,-8.192,-3.2198640450004232,3.2198640450004232
4,seeqst_binomial_q0.5,10,median_of_means,6,10000,-6.761104441776711,-1.7889684867771338,1.7889684867771338
4,seeqst_binomial_q0.5,10,median_of_means,6,20000,-5.53015301530153,-0.5580170603019532,0.5580170603019532
4,seeqst_binomial_q0.5,10,median_of_means,6,30000,-5.9392,-0.9670640450004226,0.9670640450004226
4,seeqst_binomial_q0.5,10,median_of_means,6,40000,-5.2997299729973,-0.3275940179977228,0.3275940179977228
4,seeqst_binomial_q0.5,10,median_of_means,6,50000,-5.161166446657866,-0.189030491658289,0.189030491658289
4,seeqst_binomial_q0.5,10,median_of_means,6,60000,-4.864,0.10813595499957707,0.10813595499957707
4,seeqst_binomial_q0.5,10,median_of_means,6,70000,-4.827704440253728,0.1444315147458486,0.1444315147458486
4,seeqst_binomial_q0.5,10,median_of_means,6,80000,-4.6465161629040725,0.3256197920955044,0.3256197920955044
4,seeqst_binomial_q0.5,10,median_of_means,6,90000,-5.154133333333333,-0.1819973783337563,0.1819973783337563
4,seeqst_binomial_q0.5,10,median_of_means,6,100000,-5.130445217808712,-0.15830926280913538,0.15830926280913538
4,seeqst_binomial_tuned,10,median_of_means,6,10,0.0,4.972135954999577,4.972135954999577
4,seeqst_binomial_tuned,10,median_of_means,6,30,0.0,4.972135954999577,4.972135954999577
4,seeqst_binomial_tuned,10,median_of_means,6,100,0.0,4.972135954999577,4.972135954999577
4,seeqst_binomial_tuned,10,median_of_means,6,300,-5.960464477539062,-0.9883285225394847,0.9883285225394847
4,seeqst_binomial_tuned,10,median_of_means,6,1000,-7.630112659500304,-2.6579767045007268,2.6579767045007268
4,seeqst_binomial_tuned,10,median_of_means,6,3000,-7.450580596923826,-2.4784446419242494,2.4784446419242494
4,seeqst_binomial_tuned,10,median_of_means,6,10000,-5.903221121212154,-0.9310851662125774,0.9310851662125774
4,seeqst_binomial_tuned,10,median_of_means,6,20000,-5.923803954949936,-0.9516679999503594,0.9516679999503594
4,seeqst_binomial_tuned,10,median_of_means,6,30000,-5.45382499694824,-0.48168904194866347,0.48168904194866347
4,seeqst_binomial_tuned,10,median_of_means,6,40000,-5.409662479614658,-0.43752652461508124,0.43752652461508124
4,seeqst_binomial_tuned,10,median_of_means,6,50000,-5.355691560731275,-0.383555605731698,0.383555605731698
4,seeqst_binomial_tuned,10,median_of_means,6,60000,-5.245208740234373,-0.2730727852347963,0.2730727852347963
4,seeqst_binomial_tuned,10,median_of_means,6,70000,-5.320018547263454,-0.3478825922638773,0.3478825922638773
4,seeqst_binomial_tuned,10,median_of_means,6,80000,-5.358964068439173,-0.3868281134395959,0.3868281134395959
4,seeqst_binomial_tuned,10,median_of_means,6,90000,-5.1806370417276995,-0.2085010867281225,0.2085010867281225
4,seeqst_binomial_tuned,10,median_of_means,6,100000,-5.145576783306926,-0.1734408283073492,0.1734408283073492
5,pauli,10,median_of_means,6,10,-1.1249999999999996,3.8471359549995774,3.8471359549995774
5,pauli,10,median_of_means,6,30,-2.474999999999999,2.4971359549995777,2.4971359549995777
5,pauli,10,median_of_means,6,100,-1.2656249999999996,3.7065109549995774,3.7065109549995774
5,pauli,10,median_of_means,6,300,-3.0599999999999983,1.9121359549995787,1.9121359549995787
5,pauli,10,median_of_means,6,1000,-5.4962349397590335,-0.5240989847594566,0.5240989847594566
5,pauli,10,median_of_means,6,3000,-5.305499999999997,-0.33336404500041983,0.33336404500041983
5,pauli,10,median_of_means,6,10000,-5.0597989195678235,-0.08766296456824652,0.08766296456824652
5,pauli,10,median_of_means,6,20000,-5.479522952295227,-0.50738699729565,0.50738699729565
5,pauli,10,median_of_means,6,30000,-5.174324999999997,-0.20218904500042,0.20218904500042
5,pauli,10,median_of_means,6,40000,-4.504725472547252,0.4674104824523253,0.4674104824523253
5,pauli,10,median_of_means,6,50000,-4.744494779791189,0.22764117520838756,0.22764117520838756
5,pauli,10,median_of_means,6,60000,-4.715324999999997,0.2568109549995796,0.2568109549995796
5,pauli,10,median_of_means,6,70000,-4.435582033259041,0.536553921740536,0.536553921740536
5,pauli,10,median_of_means,6,80000,-4.896488037200927,0.07564791779864954,0.07564791779864954
5,pauli,10,median_of_means,6,90000,-5.061374999999998,-0.08923904500042124,0.08923904500042124
5,pauli,10,median_of_means,6,100000,-5.143435737429494,-0.17129978242991672,0.17129978242991672
5,clifford,10,median_of_means,6,10,3.193917368231617e-15,4.9721359549995805,4.9721359549995805
5,clifford,10,median_of_means,6,30,-6.039001426764224e-15,4.972135954999571,4.972135954999571
5,clifford,10,median_of_means,6,100,4.056458054707571e-15,4.972135954999581,4.972135954999581
5,clifford,10,median_of_means,6,300,-7.687499999999982,-2.7153640450004053,2.7153640450004053
5,clifford,10,median_of_means,6,1000,-4.631024096385527,0.3411118586140498,0.3411118586140498
5,clifford,10,median_of_means,6,3000,-4.868749999999983,0.10338595499959435,0.10338595499959435
5,clifford,10,median_of_means,6,10000,-6.844612845138027,-1.8724768901384499,1.8724768901384499
5,clifford,10,median_of_means,6,20000,-5.612436243624342,-0.6403002886247648,0.6403002886247648
5,clifford,10,median_of_means,6,30000,-5.073749999999981,-0.10161404500040394,0.10161404500040394
5,clifford,10,median_of_means,6,40000,-5.055036753675349,-0.08290079867577216,0.08290079867577216
5,clifford,10,median_of_means,6,50000,-5.2892115684627194,-0.3170756134631425,0.3170756134631425
5,clifford,10,median_of_means,6,60000,-5.137812499999981,-0.1656765450004043,0.1656765450004043
5,clifford,10,median_of_means,6,70000,-4.975195011143477,-0.0030590561438996744,0.0030590561438996744
5,clifford,10,median_of_means,6,80000,-4.996999924998107,-0.024863969998530244,0.024863969998530244
5,clifford,10,median_of_means,6,90000,-4.578333333333315,0.39380262166626157,0.39380262166626157
5,clifford,10,median_of_means,6,100000,-4.658811352454082,0.313324602545495,0.313324602545495
5,seeqst_uniform,10,median_of_means,6,10,0.0,4.972135954999577,4.972135954999577
5,seeqst_uniform,10,median_of_means,6,30,0.0,4.972135954999577,4.972135954999577
5,seeqst_uniform,10,median_of_means,6,100,0.0,4.972135954999577,4.972135954999577
5,seeqst_uniform,10,median_of_means,6,300,0.0,4.972135954999577,4.972135954999577
5,seeqst_uniform,10,median_of_means,6,1000,-3.0843373493975905,1.8877986056019864,1.8877986056019864
5,seeqst_uniform,10,median_of_means,6,3000,-3.072,1.9001359549995769,1.9001359549995769
5,seeqst_uniform,10,median_of_means,6,10000,-2.765906362545018,2.2062295924545587,2.2062295924545587
5,seeqst_uniform,10,median_of_means,6,20000,-4.147614761476148,0.8245211935234291,0.8245211935234291
5,seeqst_uniform,10,median_of_means,6,30000,-3.8912000000000004,1.0809359549995765,1.0809359549995765
5,seeqst_uniform,10,median_of_means,6,40000,-3.7635763576357633,1.2085595973638137,1.2085595973638137
5,seeqst_uniform,10,median_of_means,6,50000,-3.625105004200168,1.3470309507994092,1.3470309507994092
5,seeqst_uniform,10,median_of_means,6,60000,-3.9424,1.0297359549995768,1.0297359549995768
5,seeqst_uniform,10,median_of_means,6,70000,-3.7743871078347335,1.1977488471648434,1.1977488471648434
5,seeqst_uniform,10,median_of_means,6,80000,-4.032100802520063,0.9400351524795143,0.9400351524795143
5,seeqst_uniform,10,median_of_means,6,90000,-4.300800000000001,0.6713359549995763,0.6713359549995763
5,seeqst_uniform,10,median_of_means,6,100000,-4.362414496579863,0.6097214584197141,0.6097214584197141
5,seeqst_binomial_q0.09091,10,median_of_means,6,10,0.0,4.972135954999577,4.972135954999577
5,seeqst_binomial_q0.09091,10,median_of_means,6,30,0.0,4.972135954999577,4.972135954999577
5,seeqst_binomial_q0.09091,10,median_of_means,6,100,0.0,4.972135954999577,4.972135954999577
5,seeqst_binomial_q0.09091,10,median_of_means,6,300,-2.593742460411248,2.378393494588329,2.378393494588329
5,seeqst_binomial_q0.09091,10,median_of_means,6,1000,-2.343743187118598,2.628392767880979,2.628392767880979
5,seeqst_binomial_q0.09091,10,median_of_means,6,3000,-2.3343682143701234,2.6377677406294535,2.6377677406294535
5,seeqst_binomial_q0.09091,10,median_of_means,6,10000,-3.736483736486792,1.2356522185127847,1.2356522185127847
5,seeqst_binomial_q0.09091,10,median_of_means,6,20000,-4.591383293257235,0.380752661742342,0.380752661742342
5,seeqst_binomial_q0.09091,10,median_of_means,6,30000,-4.6946738533443595,0.27746210165521745,0.27746210165521745
5,seeqst_binomial_q0.09091,10,median_of_means,6,40000,-4.552473265348276,0.41966268965130116,0.41966268965130116
5,seeqst_binomial_q0.09091,10,median_of_means,6,50000,-4.980184731378852,-0.008048776379275147,0.008048776379275147
5,seeqst_binomial_q0.09091,10,median_of_means,6,60000,-4.513111881115572,0.459024073884005,0.459024073884005
5,seeqst_binomial_q0.09091,10,median_of_means,6,70000,-4.757936623761419,0.2141993312381576,0.2141993312381576
5,seeqst_binomial_q0.09091,10,median_of_means,6,80000,-4.5813121535052055,0.39082380149437146,0.39082380149437146
5,seeqst_binomial_q0.09091,10,median_of_means,6,90000,-4.668736428740248,0.3033995262593292,0.3033995262593292
5,seeqst_binomial_q0.09091,10,median_of_means,6,100000,-4.513292412812085,0.4588435421874921,0.4588435421874921
5,seeqst_binomial_q0.5,10,median_of_means,6,10,0.0,4.972135954999577,4.972135954999577
5,seeqst_binomial_q0.5,10,median_of_means,6,30,0.0,4.972135954999577,4.972135954999577
5,seeqst_binomial_q0.5,10,median_of_means,6,100,0.0,4.972135954999577,4.972135954999577
5,seeqst_binomial_q0.5,10,median_of_means,6,300,0.0,4.972135954999577,4.972135954999577
5,seeqst_binomial_q0.5,10,median_of_means,6,1000,-3.0843373493975905,1.8877986056019864,1.8877986056019864
5,seeqst_binomial_q0.5,10,median_of_means,6,3000,-7.168,-2.195864045000423,2.195864045000423
5,seeqst_binomial_q0.5,10,median_of_means,6,10000,-6.146458583433374,-1.1743226284337966,1.1743226284337966
5,seeqst_binomial_q0.5,10,median_of_means,6,20000,-5.222922292229223,-0.2507863372296457,0.2507863372296457
5,seeqst_binomial_q0.5,10,median_of_means,6,30000,-5.2224,-0.25026404500042343,0.25026404500042343
5,seeqst_binomial_q0.5,10,median_of_means,6,40000,-5.146114611461146,-0.17397865646156863,0.17397865646156863
5,seeqst_binomial_q0.5,10,median_of_means,6,50000,-5.161166446657866,-0.189030491658289,0.189030491658289
5,seeqst_binomial_q0.5,10,median_of_means,6,60000,-5.4272,-0.4550640450004231,0.4550640450004231
5,seeqst_binomial_q0.5,10,median_of_means,6,70000,-5.3104748842791025,-0.3383389292795256,0.3383389292795256
5,seeqst_binomial_q0.5,10,median_of_means,6,80000,-5.6065401635040875,-0.6344042085045105,0.6344042085045105
5,seeqst_binomial_q0.5,10,median_of_means,6,90000,-5.358933333333333,-0.38679737833375594,0.38679737833375594
5,seeqst_binomial_q0.5,10,median_of_means,6,100000,-5.652706108244329,-0.6805701532447523,0.6805701532447523
5,seeqst_binomial_tuned,10,median_of_means,6,10,0.0,4.972135954999577,4.972135954999577
5,seeqst_binomial_tuned,10,median_of_means,6,30,0.0,4.972135954999577,4.972135954999577
5,seeqst_binomial_tuned,10,median_of_means,6,100,0.0,4.972135954999577,4.972135954999577
5,seeqst_binomial_tuned,10,median_of_means,6,300,0.0,4.972135954999577,4.972135954999577
5,seeqst_binomial_tuned,10,median_of_means,6,1000,-5.385961877294332,-0.41382592229475534,0.41382592229475534
5,seeqst_binomial_tuned,10,median_of_means,6,3000,-4.917383193969726,0.05475276102985127,0.05475276102985127
5,seeqst_binomial_tuned,10,median_of_means,6,10000,-5.321843283517018,-0.34970732851744124,0.34970732851744124
5,seeqst_binomial_tuned,10,median_of_means,6,20000,-5.297892593672207,-0.3257566386726305,0.3257566386726305
5,seeqst_binomial_tuned,10,median_of_means,6,30000,-5.3197145462036115,-0.34757859120403456,0.34757859120403456
5,seeqst_binomial_tuned,10,median_of_means,6,40000,-5.197299696324,-0.2251637413244234,0.2251637413244234
5,seeqst_binomial_tuned,10,median_of_means,6,50000,-5.221575745354031,-0.24943979035445363,0.24943979035445363
5,seeqst_binomial_tuned,10,median_of_means,6,60000,-5.096197128295897,-0.12406117329631972,0.12406117329631972
5,seeqst_binomial_tuned,10,median_of_means,6,70000,-5.026236010439783,-0.05410005544020624,0.05410005544020624
5,seeqst_binomial_tuned,10,median_of_means,6,80000,-4.978974958268303,-0.006839003268725996,0.006839003268725996
5,seeqst_binomial_tuned,10,median_of_means,6,90000,-5.22037347157796,-0.24823751657838322,0.24823751657838322
5,seeqst_binomial_tuned,10,median_of_means,6,100000,-5.06510729408058,-0.09297133908100275,0.09297133908100275
6,pauli,10,median_of_means,6,10,-4.440892098500626e-16,4.972135954999576,4.972135954999576
6,pauli,10,median_of_means,6,30,0.4499999999999979,5.4221359549995745,5.4221359549995745
6,pauli,10,median_of_means,6,100,-3.7968749999999982,1.1752609549995787,1.1752609549995787
6,pauli,10,median_of_means,6,300,-5.9174999999999915,-0.9453640450004146,0.9453640450004146
6,pauli,10,median_of_means,6,1000,-4.628765060240959,0.3433708947586176,0.3433708947586176
6,pauli,10,median_of_means,6,3000,-6.209999999999997,-1.2378640450004204,1.2378640450004204
6,pauli,10,median_of_means,6,10000,-7.414465786314521,-2.442329831314944,2.442329831314944
6,pauli,10,median_of_means,6,20000,-6.15256525652565,-1.1804293015260727,1.1804293015260727
6,pauli,10,median_of_means,6,30000,-5.806799999999996,-0.8346640450004195,0.8346640450004195
6,pauli,10,median_of_means,6,40000,-5.297929792979296,-0.3257938379797194,0.3257938379797194
6,pauli,10,median_of_means,6,50000,-5.417496699867991,-0.44536074486841404,0.44536074486841404
6,pauli,10,median_of_means,6,60000,-5.656274999999997,-0.6841390450004203,0.6841390450004203
6,pauli,10,median_of_means,6,70000,-5.833586919252526,-0.8614509642529491,0.8614509642529491
6,pauli,10,median_of_means,6,80000,-5.884797119927995,-0.9126611649284184,0.9126611649284184
6,pauli,10,median_of_means,6,90000,-5.6717999999999975,-0.6996640450004206,0.6996640450004206
6,pauli,10,median_of_means,6,100000,-5.738607044281769,-0.7664710892821924,0.7664710892821924
6,clifford,10,median_of_means,6,10,2.2226144535952866e-16,4.972135954999577,4.972135954999577
6,clifford,10,median_of_means,6,30,6.163409314767201e-16,4.972135954999578,4.972135954999578
6,clifford,10,median_of_means,6,100,-2.0412537637289738e-15,4.972135954999575,4.972135954999575
6,clifford,10,median_of_means,6,300,5.124999999999956,10.097135954999533,10.097135954999533
6,clifford,10,median_of_means,6,1000,-1.5436746987951697,3.4284612562044074,3.4284612562044074
6,clifford,10,median_of_means,6,3000,-1.0249999999999977,3.9471359549995793,3.9471359549995793
6,clifford,10,median_of_means,6,10000,-3.768382352941163,1.203753602058414,1.203753602058414
6,clifford,10,median_of_means,6,20000,-5.266464146414624,-0.2943281914150466,0.2943281914150466
6,clifford,10,median_of_means,6,30000,-4.689374999999983,0.28276095499959375,0.28276095499959375
6,clifford,10,median_of_means,6,40000,-4.228547854785463,0.7435881002141143,0.7435881002141143
6,clifford,10,median_of_means,6,50000,-4.535806432257273,0.4363295227423043,0.4363295227423043
6,clifford,10,median_of_means,6,60000,-4.4459374999999834,0.5261984549995935,0.5261984549995935
6,clifford,10,median_of_means,6,70000,-4.9861777815875,-0.01404182658792319,0.01404182658792319
6,clifford,10,median_of_means,6,80000,-4.660663391584773,0.3114725634148039,0.3114725634148039
6,clifford,10,median_of_means,6,90000,-4.612499999999983,0.359635954999594,0.359635954999594
6,clifford,10,median_of_means,6,100000,-4.520430817232672,0.451705137766905,0.451705137766905
6,seeqst_uniform,10,median_of_means,6,10,0.0,4.972135954999577,4.972135954999577
6,seeqst_uniform,10,median_of_means,6,30,0.0,4.972135954999577,4.972135954999577
6,seeqst_uniform,10,median_of_means,6,100,0.0,4.972135954999577,4.972135954999577
6,seeqst_uniform,10,median_of_means,6,300,0.0,4.972135954999577,4.972135954999577
6,seeqst_uniform,10,median_of_means,6,1000,-6.168674698795181,-1.196538743795604,1.196538743795604
6,seeqst_uniform,10,median_of_means,6,3000,-4.096,0.8761359549995769,0.8761359549995769
6,seeqst_uniform,10,median_of_means,6,10000,-4.917166866746699,0.05496908825287772,0.05496908825287772
6,seeqst_uniform,10,median_of_means,6,20000,-3.993999399939994,0.9781365550595829,0.9781365550595829
6,seeqst_uniform,10,median_of_means,6,30000,-3.9936,0.9785359549995771,0.9785359549995771
6,seeqst_uniform,10,median_of_means,6,40000,-4.5316531653165315,0.44048278968304544,0.44048278968304544
6,seeqst_uniform,10,median_of_means,6,50000,-4.362414496579863,0.6097214584197141,0.6097214584197141
6,seeqst_uniform,10,median_of_means,6,60000,-4.6592,0.3129359549995767,0.3129359549995767
6,seeqst_uniform,10,median_of_means,6,70000,-4.739927995885479,0.2322079591140982,0.2322079591140982
6,seeqst_uniform,10,median_of_means,6,80000,-4.569714242856071,0.4024217121435063,0.4024217121435063
6,seeqst_uniform,10,median_of_means,6,90000,-4.608,0.3641359549995773,0.3641359549995773
6,seeqst_uniform,10,median_of_means,6,100000,-4.516020640825634,0.45611531417394335,0.45611531417394335
6,seeqst_binomial_q0.09091,10,median_of_means,6,10,0.0,4.972135954999577,4.972135954999577
6,seeqst_binomial_q0.09091,10,median_of_means,6,30,0.0,4.972135954999577,4.972135954999577
6,seeqst_binomial_q0.09091,10,median_of_means,6,100,0.0,4.972135954999577,4.972135954999577
6,seeqst_binomial_q0.09091,10,median_of_means,6,300,-7.7812273812337445,-2.8090914262341675,2.8090914262341675
6,seeqst_binomial_q0.09091,10,median_of_means,6,1000,-6.24998183231626,-1.2778458773166834,1.2778458773166834
6,seeqst_binomial_q0.09091,10,median_of_means,6,3000,-4.928110674781372,0.04402528021820462,0.04402528021820462
6,seeqst_binomial_q0.09091,10,median_of_means,6,10000,-5.371195371199764,-0.3990594162001875,0.3990594162001875
6,seeqst_binomial_q0.09091,10,median_of_means,6,20000,-5.019393600255791,-0.0472576452562139,0.0472576452562139
6,seeqst_binomial_q0.09091,10,median_of_means,6,30000,-5.343109468447171,-0.370973513447594,0.370973513447594
6,seeqst_binomial_q0.09091,10,median_of_means,6,40000,-5.3112188095729875,-0.3390828545734106,0.3390828545734106
6,seeqst_binomial_q0.09091,10,median_of_means,6,50000,-5.307009354375589,-0.33487339937601224,0.33487339937601224
6,seeqst_binomial_q0.09091,10,median_of_means,6,60000,-5.096703934708103,-0.12456797970852573,0.12456797970852573
6,seeqst_binomial_q0.09091,10,median_of_means,6,70000,-5.091436854398902,-0.11930089939932476,0.11930089939932476
6,seeqst_binomial_q0.09091,10,median_of_means,6,80000,-5.184372352055783,-0.21223639705620645,0.21223639705620645
6,seeqst_binomial_q0.09091,10,median_of_means,6,90000,-5.282588811037575,-0.31045285603799844,0.31045285603799844
6,seeqst_binomial_q0.09091,10,median_of_means,6,100000,-4.987966270021632,-0.015830315022054897,0.015830315022054897
6,seeqst_binomial_q0.5,10,median_of_means,6,10,0.0,4.972135954999577,4.972135954999577
6,seeqst_binomial_q0.5,10,median_of_means,6,30,0.0,4.972135954999577,4.972135954999577
6,seeqst_binomial_q0.5,10,median_of_means,6,100,0.0,4.972135954999577,4.972135954999577
6,seeqst_binomial_q0.5,10,median_of_means,6,300,-10.24,-5.267864045000423,5.267864045000423
6,seeqst_binomial_q0.5,10,median_of_means,6,1000,-3.0843373493975905,1.8877986056019864,1.8877986056019864
6,seeqst_binomial_q0.5,10,median_of_means,6,3000,-6.144,-1.1718640450004232,1.1718640450004232
6,seeqst_binomial_q0.5,10,median_of_means,6,10000,-6.761104441776711,-1.7889684867771338,1.7889684867771338
6,seeqst_binomial_q0.5,10,median_of_means,6,20000,-4.915691569156916,0.05644438584266087,0.05644438584266087
6,seeqst_binomial_q0.5,10,median_of_means,6,30000,-3.7888,1.1833359549995768,1.1833359549995768
6,seeqst_binomial_q0.5,10,median_of_means,6,40000,-4.147614761476148,0.8245211935234291,0.8245211935234291
6,seeqst_binomial_q0.5,10,median_of_means,6,50000,-3.625105004200168,1.3470309507994092,1.3470309507994092
6,seeqst_binomial_q0.5,10,median_of_means,6,60000,-3.9424,1.0297359549995768,1.0297359549995768
6,seeqst_binomial_q0.5,10,median_of_means,6,70000,-4.344933996228356,0.627201958771221,0.627201958771221
6,seeqst_binomial_q0.5,10,median_of_means,6,80000,-4.262506562664067,0.7096293923355104,0.7096293923355104
6,seeqst_binomial_q0.5,10,median_of_means,6,90000,-4.4032,0.5689359549995769,0.5689359549995769
6,seeqst_binomial_q0.5,10,median_of_means,6,100000,-4.731069242769711,0.2410667122298662,0.2410667122298662
6,seeqst_binomial_tuned,10,median_of_means,6,10,0.0,4.972135954999577,4.972135954999577
6,seeqst_binomial_tuned,10,median_of_means,6,30,0.0,4.972135954999577,4.972135954999577
6,seeqst_binomial_tuned,10,median_of_means,6,100,0.0,4.972135954999577,4.972135954999577
6,seeqst_binomial_tuned,10,median_of_means,6,300,-11.920928955078123,-6.948793000078546,6.948793000078546
6,seeqst_binomial_tuned,10,median_of_means,6,1000,-6.28362219017672,-1.311486235177143,1.311486235177143
6,seeqst_binomial_tuned,10,median_of_means,6,3000,-5.662441253662108,-0.6903052986625307,0.6903052986625307
6,seeqst_binomial_tuned,10,median_of_means,6,10000,-4.874629562213068,0.09750639278650919,0.09750639278650919
6,seeqst_binomial_tuned,10,median_of_means,6,20000,-5.387308502426168,-0.41517254742659127,0.41517254742659127
6,seeqst_binomial_tuned,10,median_of_means,6,30000,-5.3197145462036115,-0.34757859120403456,0.34757859120403456
6,seeqst_binomial_tuned,10,median_of_means,6,40000,-5.2978925936722066,-0.3257566386726296,0.3257566386726296
6,seeqst_binomial_tuned,10,median_of_means,6,50000,-5.141106256127685,-0.16897030112810807,0.16897030112810807
6,seeqst_binomial_tuned,10,median_of_means,6,60000,-5.04404306411743,-0.07190710911785292,0.07190710911785292
6,seeqst_binomial_tuned,10,median_of_means,6,70000,-5.096488356201965,-0.12435240120238777,0.12435240120238777
6,seeqst_binomial_tuned,10,median_of_means,6,80000,-5.129852987306736,-0.1577170323071586,0.1577170323071586
6,seeqst_binomial_tuned,10,median_of_means,6,90000,-5.021691322326658,-0.049555367327081434,0.049555367327081434
6,seeqst_binomial_tuned,10,median_of_means,6,100000,-5.087459929976787,-0.11532397497721014,0.11532397497721014
7,pauli,10,median_of_means,6,10,-10.124999999999991,-5.152864045000414,5.152864045000414
7,pauli,10,median_of_means,6,30,-1.8000000000000007,3.1721359549995762,3.1721359549995762
7,pauli,10,median_of_means,6,100,-1.7578124999999998,3.214323454999577,3.214323454999577
7,pauli,10,median_of_means,6,300,-5.602499999999996,-0.6303640450004186,0.6303640450004186
7,pauli,10,median_of_means,6,1000,-6.912650602409634,-1.9405146474100574,1.9405146474100574
7,pauli,10,median_of_means,6,3000,-3.6562499999999982,1.3158859549995787,1.3158859549995787
7,pauli,10,median_of_means,6,10000,-4.56550120048019,0.4066347545193869,0.4066347545193869
7,pauli,10,median_of_means,6,20000,-5.371512151215119,-0.39937619621554177,0.39937619621554177
7,pauli,10,median_of_means,6,30000,-4.978124999999998,-0.005989045000420745,0.005989045000420745
7,pauli,10,median_of_means,6,40000,-4.637545004500447,0.33459095049912957,0.33459095049912957
7,pauli,10,median_of_means,6,50000,-5.0948337933517305,-0.12269783835215353,0.12269783835215353
7,pauli,10,median_of_means,6,60000,-5.482912499999997,-0.5107765450004198,0.5107765450004198
7,pauli,10,median_of_means,6,70000,-5.275426452940165,-0.30329049794058793,0.30329049794058793
7,pauli,10,median_of_means,6,80000,-4.969642991074775,0.0024929639248023605,0.0024929639248023605
7,pauli,10,median_of_means,6,90000,-5.247449999999997,-0.2753140450004201,0.2753140450004201
7,pauli,10,median_of_means,6,100000,-5.121497359894393,-0.1493614048948162,0.1493614048948162
7,clifford,10,median_of_means,6,10,-2.805639130222441e-31,4.972135954999577,4.972135954999577
7,clifford,10,median_of_means,6,30,-2.9200739181081063e-15,4.972135954999574,4.972135954999574
7,clifford,10,median_of_means,6,100,-8.18947348673887e-17,4.972135954999577,4.972135954999577
7,clifford,10,median_of_means,6,300,-2.5624999999999756,2.4096359549996014,2.4096359549996014
7,clifford,10,median_of_means,6,1000,-6.9465361445782845,-1.9744001895787076,1.9744001895787076
7,clifford,10,median_of_means,6,3000,-5.637499999999983,-0.6653640450004064,0.6653640450004064
7,clifford,10,median_of_means,6,10000,-5.691026410564206,-0.7188904555646287,0.7188904555646287
7,clifford,10,median_of_means,6,20000,-5.804642964296409,-0.8325070092968323,0.8325070092968323
7,clifford,10,median_of_means,6,30000,-5.3043749999999825,-0.3322390450004056,0.3322390450004056
7,clifford,10,median_of_means,6,40000,-5.2088021302130025,-0.2366661752134256,0.2366661752134256
7,clifford,10,median_of_means,6,50000,-5.396840873634925,-0.4247049186353484,0.4247049186353484
7,clifford,10,median_of_means,6,60000,-5.368437499999981,-0.39630154500040415,0.39630154500040415
7,clifford,10,median_of_means,6,70000,-5.370574747128389,-0.39843879212881195,0.39843879212881195
7,clifford,10,median_of_means,6,80000,-5.246849921248014,-0.274713966248437,0.274713966248437
7,clifford,10,median_of_means,6,90000,-5.3214583333333145,-0.3493223783337376,0.3493223783337376
7,clifford,10,median_of_means,6,100000,-5.150831033241311,-0.17869507824173425,0.17869507824173425
7,seeqst_uniform,10,median_of_means,6,10,0.0,4.972135954999577,4.972135954999577
7,seeqst_uniform,10,median_of_means,6,30,0.0,4.972135954999577,4.972135954999577
7,seeqst_uniform,10,median_of_means,6,100,0.0,4.972135954999577,4.972135954999577
7,seeqst_uniform,10,median_of_means,6,300,0.0,4.972135954999577,4.972135954999577
7,seeqst_uniform,10,median_of_means,6,1000,-3.0843373493975905,1.8877986056019864,1.8877986056019864
7,seeqst_uniform,10,median_of_means,6,3000,-6.144,-1.1718640450004232,1.1718640450004232
7,seeqst_uniform,10,median_of_means,6,10000,-7.375750300120048,-2.403614345120471,2.403614345120471
7,seeqst_uniform,10,median_of_means,6,20000,-6.144614461446144,-1.1724785064465673,1.1724785064465673
7,seeqst_uniform,10,median_of_means,6,30000,-5.8368,-0.8646640450004233,0.8646640450004233
7,seeqst_uniform,10,median_of_means,6,40000,-5.914191419141915,-0.9420554641423378,0.9420554641423378
7,seeqst_uniform,10,median_of_means,6,50000,-6.451458058322332,-1.4793221033227555,1.4793221033227555
7,seeqst_uniform,10,median_of_means,6,60000,-6.144,-1.1718640450004232,1.1718640450004232
7,seeqst_uniform,10,median_of_means,6,70000,-5.5738042173838505,-0.6016682623842735,0.6016682623842735
7,seeqst_uniform,10,median_of_means,6,80000,-5.721743043576089,-0.7496070885765125,0.7496070885765125
7,seeqst_uniform,10,median_of_means,6,90000,-5.4272,-0.4550640450004231,0.4550640450004231
7,seeqst_uniform,10,median_of_means,6,100000,-5.1918876755070205,-0.21975172050744352,0.21975172050744352
7,seeqst_binomial_q0.09091,10,median_of_means,6,10,0.0,4.972135954999577,4.972135954999577
7,seeqst_binomial_q0.09091,10,median_of_means,6,30,0.0,4.972135954999577,4.972135954999577
7,seeqst_binomial_q0.09091,10,median_of_means,6,100,0.0,4.972135954999577,4.972135954999577
7,seeqst_binomial_q0.09091,10,median_of_means,6,300,-10.374969841644992,-5.402833886645415,5.402833886645415
7,seeqst_binomial_q0.09091,10,median_of_means,6,1000,-7.031229561355794,-2.0590936063562166,2.0590936063562166
7,seeqst_binomial_q0.09091,10,median_of_means,6,3000,-4.409362182699121,0.5627737723004556,0.5627737723004556
7,seeqst_binomial_q0.09091,10,median_of_means,6,10000,-4.592761259431683,0.37937469556789427,0.37937469556789427
7,seeqst_binomial_q0.09091,10,median_of_means,6,20000,-4.396833153712437,0.5753028012871395,0.5753028012871395
7,seeqst_binomial_q0.09091,10,median_of_means,6,30000,-4.642799004136135,0.32933695086344184,0.32933695086344184
7,seeqst_binomial_q0.09091,10,median_of_means,6,40000,-4.805388446756513,0.1667475082430636,0.1667475082430636
7,seeqst_binomial_q0.09091,10,median_of_means,6,50000,-4.840117035808821,0.13201891919075592,0.13201891919075592
7,seeqst_binomial_q0.09091,10,median_of_means,6,60000,-4.863267113271091,0.10886884172848621,0.10886884172848621
7,seeqst_binomial_q0.09091,10,median_of_means,6,70000,-5.180370249235564,-0.20823429423598672,0.20823429423598672
7,seeqst_binomial_q0.09091,10,median_of_means,6,80000,-5.048197468512104,-0.07606151351252688,0.07606151351252688
7,seeqst_binomial_q0.09091,10,median_of_means,6,90000,-4.8935274419758885,0.07860851302368843,0.07860851302368843
7,seeqst_binomial_q0.09091,10,median_of_means,6,100000,-4.847898574451602,0.12423738054797528,0.12423738054797528
7,seeqst_binomial_q0.5,10,median_of_means,6,10,0.0,4.972135954999577,4.972135954999577
7,seeqst_binomial_q0.5,10,median_of_means,6,30,0.0,4.972135954999577,4.972135954999577
7,seeqst_binomial_q0.5,10,median_of_means,6,100,0.0,4.972135954999577,4.972135954999577
7,seeqst_binomial_q0.5,10,median_of_means,6,300,0.0,4.972135954999577,4.972135954999577
7,seeqst_binomial_q0.5,10,median_of_means,6,1000,-6.168674698795181,-1.196538743795604,1.196538743795604
7,seeqst_binomial_q0.5,10,median_of_means,6,3000,-4.096,0.8761359549995769,0.8761359549995769
7,seeqst_binomial_q0.5,10,median_of_means,6,10000,-3.687875150060024,1.284260804939553,1.284260804939553
7,seeqst_binomial_q0.5,10,median_of_means,6,20000,-5.376537653765377,-0.4044016987657999,0.4044016987657999
7,seeqst_binomial_q0.5,10,median_of_means,6,30000,-4.4032,0.5689359549995769,0.5689359549995769
7,seeqst_binomial_q0.5,10,median_of_means,6,40000,-4.224422442244224,0.7477135127553529,0.7477135127553529
7,seeqst_binomial_q0.5,10,median_of_means,6,50000,-4.608184327373095,0.3639516276264816,0.3639516276264816
7,seeqst_binomial_q0.5,10,median_of_means,6,60000,-4.6080000000000005,0.3641359549995764,0.3641359549995764
7,seeqst_binomial_q0.5,10,median_of_means,6,70000,-5.134921995542603,-0.16278604054302637,0.16278604054302637
7,seeqst_binomial_q0.5,10,median_of_means,6,80000,-4.8769219230480765,0.09521403195150047,0.09521403195150047
7,seeqst_binomial_q0.5,10,median_of_means,6,90000,-4.778666666666666,0.19346928833291077,0.19346928833291077
7,seeqst_binomial_q0.5,10,median_of_means,6,100000,-4.546741869674786,0.4253940853247906,0.4253940853247906
7,seeqst_binomial_tuned,10,median_of_means,6,10,0.0,4.972135954999577,4.972135954999577
7,seeqst_binomial_tuned,10,median_of_means,6,30,0.0,4.972135954999577,4.972135954999577
7,seeqst_binomial_tuned,10,median_of_means,6,100,-9.313225746154783,-4.341089791155206,4.341089791155206
7,seeqst_binomial_tuned,10,median_of_means,6,300,-1.4901161193847656,3.4820198356148113,3.4820198356148113
7,seeqst_binomial_tuned,10,median_of_means,6,1000,-2.6929809386471657,2.2791550163524112,2.2791550163524112
7,seeqst_binomial_tuned,10,median_of_means,6,3000,-4.6193599700927725,0.3527759849068044,0.3527759849068044
7,seeqst_binomial_tuned,10,median_of_means,6,10000,-5.545450144168994,-0.5733141891694169,0.5733141891694169
7,seeqst_binomial_tuned,10,median_of_means,6,20000,-5.253184639295226,-0.2810486842956488,0.2810486842956488
7,seeqst_binomial_tuned,10,median_of_means,6,30000,-5.155801773071287,-0.18366581807171034,0.18366581807171034
7,seeqst_binomial_tuned,10,median_of_means,6,40000,-4.627273278017498,0.3448626769820793,0.3448626769820793
7,seeqst_binomial_tuned,10,median_of_means,6,50000,-4.953344114599544,0.018791840400033344,0.018791840400033344
7,seeqst_binomial_tuned,10,median_of_means,6,60000,-5.051493644714354,-0.07935768971477675,0.07935768971477675
7,seeqst_binomial_tuned,10,median_of_means,6,70000,-4.866571588253004,0.10556436674657288,0.10556436674657288
7,seeqst_binomial_tuned,10,median_of_means,6,80000,-5.163381438204166,-0.19124548320458867,0.19124548320458867
7,seeqst_binomial_tuned,10,median_of_means,6,90000,-5.051493644714354,-0.07935768971477675,0.07935768971477675
7,seeqst_binomial_tuned,10,median_of_means,6,100000,-5.087459929976787,-0.11532397497721014,0.11532397497721014
8,pauli,10,median_of_means,6,10,-11.249999999999996,-6.2778640450004195,6.2778640450004195
8,pauli,10,median_of_means,6,30,-8.774999999999995,-3.802864045000418,3.802864045000418
8,pauli,10,median_of_means,6,100,-7.242187499999993,-2.270051545000416,2.270051545000416
8,pauli,10,median_of_means,6,300,-5.0624999999999964,-0.0903640450004195,0.0903640450004195
8,pauli,10,median_of_means,6,1000,-5.8893072289156585,-0.9171712739160816,0.9171712739160816
8,pauli,10,median_of_means,6,3000,-3.5234999999999985,1.4486359549995784,1.4486359549995784
8,pauli,10,median_of_means,6,10000,-4.93082232893157,0.041313626068006926,0.041313626068006926
8,pauli,10,median_of_means,6,20000,-5.073807380738071,-0.10167142573849386,0.10167142573849386
8,pauli,10,median_of_means,6,30000,-4.657049999999997,0.3150859549995797,0.3150859549995797
8,pauli,10,median_of_means,6,40000,-4.87196219621962,0.10017375877995693,0.10017375877995693
8,pauli,10,median_of_means,6,50000,-4.660791431657264,0.31134452334231266,0.31134452334231266
8,pauli,10,median_of_means,6,60000,-4.543087499999997,0.4290484549995801,0.4290484549995801
8,pauli,10,median_of_means,6,70000,-5.178510200582887,-0.2063742455833104,0.2063742455833104
8,pauli,10,median_of_means,6,80000,-5.145316132903321,-0.17318017790374363,0.17318017790374363
8,pauli,10,median_of_means,6,90000,-4.900499999999997,0.07163595499957953,0.07163595499957953
8,pauli,10,median_of_means,6,100000,-4.743549741989677,0.22858621300990034,0.22858621300990034
8,clifford,10,median_of_means,6,10,-1.744752346072298e-14,4.972135954999559,4.972135954999559
8,clifford,10,median_of_means,6,30,-25.624999999999833,-20.652864045000257,20.652864045000257
8,clifford,10,median_of_means,6,100,-8.007812499999947,-3.0356765450003698,3.0356765450003698
8,clifford,10,median_of_means,6,300,-5.12499999999999,-0.15286404500041328,0.15286404500041328
8,clifford,10,median_of_means,6,1000,-4.631024096385527,0.3411118586140498,0.3411118586140498
8,clifford,10,median_of_means,6,3000,-4.099999999999985,0.8721359549995915,0.8721359549995915
8,clifford,10,median_of_means,6,10000,-5.306497599039599,-0.33436164404002167,0.33436164404002167
8,clifford,10,median_of_means,6,20000,-5.420229522952276,-0.44809356795269917,0.44809356795269917
8,clifford,10,median_of_means,6,30000,-4.279374999999984,0.692760954999593,0.692760954999593
8,clifford,10,median_of_means,6,40000,-4.785947344734457,0.1861886102651198,0.1861886102651198
8,clifford,10,median_of_means,6,50000,-4.843318732749292,0.12881722225028458,0.12881722225028458
8,clifford,10,median_of_means,6,60000,-4.932812499999983,0.039323454999594,0.039323454999594
8,clifford,10,median_of_means,6,70000,-4.810453454483097,0.1616825005164797,0.1616825005164797
8,clifford,10,median_of_means,6,80000,-4.612615315382868,0.35952063961670877,0.35952063961670877
8,clifford,10,median_of_means,6,90000,-4.569791666666651,0.4023442883329258,0.4023442883329258
8,clifford,10,median_of_means,6,100000,-4.704938197527884,0.26719775747169283,0.26719775747169283
8,seeqst_uniform,10,median_of_means,6,10,0.0,4.972135954999577,4.972135954999577
8,seeqst_uniform,10,median_of_means,6,30,0.0,4.972135954999577,4.972135954999577
8,seeqst_uniform,10,median_of_means,6,100,0.0,4.972135954999577,4.972135954999577
8,seeqst_uniform,10,median_of_means,6,300,0.0,4.972135954999577,4.972135954999577
8,seeqst_uniform,10,median_of_means,6,1000,-9.253012048192772,-4.2808760931931955,4.2808760931931955
8,seeqst_uniform,10,median_of_means,6,3000,-11.264,-6.291864045000422,6.291864045000422
8,seeqst_uniform,10,median_of_means,6,10000,-3.3805522208883554,1.5915837341112216,1.5915837341112216
8,seeqst_uniform,10,median_of_means,6,20000,-5.222922292229223,-0.2507863372296457,0.2507863372296457
8,seeqst_uniform,10,median_of_means,6,30000,-5.632,-0.6598640450004227,0.6598640450004227
8,seeqst_uniform,10,median_of_means,6,40000,-4.838883888388839,0.13325206661073796,0.13325206661073796
8,seeqst_uniform,10,median_of_means,6,50000,-5.161166446657866,-0.189030491658289,0.189030491658289
8,seeqst_uniform,10,median_of_means,6,60000,-5.2224,-0.25026404500042343,0.25026404500042343
8,seeqst_uniform,10,median_of_means,6,70000,-4.739927995885479,0.2322079591140982,0.2322079591140982
8,seeqst_uniform,10,median_of_means,6,80000,-4.339308482712068,0.6328274722875094,0.6328274722875094
8,seeqst_uniform,10,median_of_means,6,90000,-4.4032,0.5689359549995769,0.5689359549995769
8,seeqst_uniform,10,median_of_means,6,100000,-4.731069242769711,0.2410667122298662,0.2410667122298662
8,seeqst_binomial_q0.09091,10,median_of_means,6,10,0.0,4.972135954999577,4.972135954999577
8,seeqst_binomial_q0.09091,10,median_of_means,6,30,0.0,4.972135954999577,4.972135954999577
8,seeqst_binomial_q0.09091,10,median_of_means,6,100,-8.10544518878515,-3.1333092337855737,3.1333092337855737
8,seeqst_binomial_q0.09091,10,median_of_means,6,300,-5.187484920822496,-0.21534896582291907,0.21534896582291907
8,seeqst_binomial_q0.09091,10,median_of_means,6,1000,-6.24998183231626,-1.2778458773166834,1.2778458773166834
8,seeqst_binomial_q0.09091,10,median_of_means,6,3000,-5.706233412904746,-0.7340974579051691,0.7340974579051691
8,seeqst_binomial_q0.09091,10,median_of_means,6,10000,-5.449038782376572,-0.4769028273769953,0.4769028273769953
8,seeqst_binomial_q0.09091,10,median_of_means,6,20000,-5.836504186343943,-0.8643682313443657,0.8643682313443657
8,seeqst_binomial_q0.09091,10,median_of_means,6,30000,-5.187484920822497,-0.21534896582291996,0.21534896582291996
8,seeqst_binomial_q0.09091,10,median_of_means,6,40000,-5.875414214252903,-0.9032782592533257,0.9032782592533257
8,seeqst_binomial_q0.09091,10,median_of_means,6,50000,-5.2603201225189125,-0.2881841675193355,0.2881841675193355
8,seeqst_binomial_q0.09091,10,median_of_means,6,60000,-5.459827879165678,-0.48769192416610085,0.48769192416610085
8,seeqst_binomial_q0.09091,10,median_of_means,6,70000,-5.135903551817233,-0.16376759681765574,0.16376759681765574
8,seeqst_binomial_q0.09091,10,median_of_means,6,80000,-5.135738465075898,-0.16360251007632076,0.16360251007632076
8,seeqst_binomial_q0.09091,10,median_of_means,6,90000,-5.1356100716142725,-0.16347411661469557,0.16347411661469557
8,seeqst_binomial_q0.09091,10,median_of_means,6,100000,-5.135815504234442,-0.16367954923486483,0.16367954923486483
8,seeqst_binomial_q0.5,10,median_of_means,6,10,0.0,4.972135954999577,4.972135954999577
8,seeqst_binomial_q0.5,10,median_of_means,6,30,0.0,4.972135954999577,4.972135954999577
8,seeqst_binomial_q0.5,10,median_of_means,6,100,0.0,4.972135954999577,4.972135954999577
8,seeqst_binomial_q0.5,10,median_of_means,6,300,-10.24,-5.267864045000423,5.267864045000423
8,seeqst_binomial_q0.5,10,median_of_means,6,1000,0.0,4.972135954999577,4.972135954999577
8,seeqst_binomial_q0.5,10,median_of_means,6,3000,-5.12,-0.14786404500042316,0.14786404500042316
8,seeqst_binomial_q0.5,10,median_of_means,6,10000,-5.224489795918368,-0.2523538409187909,0.2523538409187909
8,seeqst_binomial_q0.5,10,median_of_means,6,20000,-5.069306930693069,-0.09717097569349242,0.09717097569349242
8,seeqst_binomial_q0.5,10,median_of_means,6,30000,-5.3248,-0.3526640450004228,0.3526640450004228
8,seeqst_binomial_q0.5,10,median_of_means,6,40000,-5.069306930693069,-0.09717097569349242,0.09717097569349242
8,seeqst_binomial_q0.5,10,median_of_means,6,50000,-5.161166446657866,-0.189030491658289,0.189030491658289
8,seeqst_binomial_q0.5,10,median_of_means,6,60000,-5.5296,-0.5574640450004233,0.5574640450004233
8,seeqst_binomial_q0.5,10,median_of_means,6,70000,-5.486027773015601,-0.5138918180160239,0.5138918180160239
8,seeqst_binomial_q0.5,10,median_of_means,6,80000,-5.2225305632640815,-0.25039460826450455,0.25039460826450455
8,seeqst_binomial_q0.5,10,median_of_means,6,90000,-5.3248,-0.3526640450004228,0.3526640450004228
8,seeqst_binomial_q0.5,10,median_of_means,6,100000,-5.468378735149406,-0.4962427801498288,0.4962427801498288
8,seeqst_binomial_tuned,10,median_of_means,6,10,0.0,4.972135954999577,4.972135954999577
8,seeqst_binomial_tuned,10,median_of_means,6,30,0.0,4.972135954999577,4.972135954999577
8,seeqst_binomial_tuned,10,median_of_means,6,100,-4.656612873077392,0.31552308192218526,0.31552308192218526
8,seeqst_binomial_tuned,10,median_of_means,6,300,-5.960464477539062,-0.9883285225394847,0.9883285225394847
8,seeqst_binomial_tuned,10,median_of_means,6,1000,-5.385961877294333,-0.41382592229475623,0.41382592229475623
8,seeqst_binomial_tuned,10,median_of_means,6,3000,-4.768371582031249,0.20376437296832783,0.20376437296832783
8,seeqst_binomial_tuned,10,median_of_means,6,10000,-4.651022701561092,0.32111325343848485,0.32111325343848485
8,seeqst_binomial_tuned,10,median_of_means,6,20000,-5.119060776164284,-0.14692482116470718,0.14692482116470718
8,seeqst_binomial_tuned,10,median_of_means,6,30000,-4.902482032775877,0.06965392222369982,0.06965392222369982
8,seeqst_binomial_tuned,10,median_of_means,6,40000,-5.063175833193059,-0.0910398781934818,0.0910398781934818
8,seeqst_binomial_tuned,10,median_of_means,6,50000,-4.872874625373196,0.09926132962638068,0.09926132962638068
8,seeqst_binomial_tuned,10,median_of_means,6,60000,-4.924833774566649,0.04730218043292833,0.04730218043292833
8,seeqst_binomial_tuned,10,median_of_means,6,70000,-4.821865550040707,0.1502704049588699,0.1502704049588699
8,seeqst_binomial_tuned,10,median_of_means,6,80000,-4.906329981323871,0.06580597367570551,0.06580597367570551
8,seeqst_binomial_tuned,10,median_of_means,6,90000,-4.897514979044594,0.07462097595498296,0.07462097595498296
8,seeqst_binomial_tuned,10,median_of_means,6,100000,-4.886286206910921,0.08584974808865553,0.08584974808865553
9,pauli,10,median_of_means,6,10,-6.749999999999997,-1.7778640450004204,1.7778640450004204
9,pauli,10,median_of_means,6,30,-6.299999999999997,-1.3278640450004202,1.3278640450004202
9,pauli,10,median_of_means,6,100,-0.28125000000000133,4.690885954999576,4.690885954999576
9,pauli,10,median_of_means,6,300,-2.7224999999999966,2.2496359549995804,2.2496359549995804
9,pauli,10,median_of_means,6,1000,-2.2432228915662638,2.728913063433313,2.728913063433313
9,pauli,10,median_of_means,6,3000,-1.1069999999999987,3.8651359549995785,3.8651359549995785
9,pauli,10,median_of_means,6,10000,-3.358793517406961,1.6133424375926158,1.6133424375926158
9,pauli,10,median_of_means,6,20000,-6.063118811881185,-1.0909828568816078,1.0909828568816078
9,pauli,10,median_of_means,6,30000,-5.202224999999997,-0.23008904500041982,0.23008904500041982
9,pauli,10,median_of_means,6,40000,-4.908753375337531,0.06338257966204619,0.06338257966204619
9,pauli,10,median_of_means,6,50000,-5.017475699027958,-0.04533974402838137,0.04533974402838137
9,pauli,10,median_of_means,6,60000,-4.377824999999998,0.5943109549995791,0.5943109549995791
9,pauli,10,median_of_means,6,70000,-4.532884021944108,0.43925193305546895,0.43925193305546895
9,pauli,10,median_of_means,6,80000,-4.690776644416108,0.2813593105834693,0.2813593105834693
9,pauli,10,median_of_means,6,90000,-4.570949999999997,0.40118595499957976,0.40118595499957976
9,pauli,10,median_of_means,6,100000,-4.597338893555739,0.3747970614438376,0.3747970614438376
9,clifford,10,median_of_means,6,10,-7.44575841954418e-15,4.97213595499957,4.97213595499957
9,clifford,10,median_of_means,6,30,-3.9218416101860595e-15,4.972135954999573,4.972135954999573
9,clifford,10,median_of_means,6,100,-8.007812499999956,-3.0356765450003786,3.0356765450003786
9,clifford,10,median_of_means,6,300,-5.124999999999986,-0.15286404500040884,0.15286404500040884
9,clifford,10,median_of_means,6,1000,-5.402861445783115,-0.43072549078353806,0.43072549078353806
9,clifford,10,median_of_means,6,3000,-2.8187499999999925,2.1533859549995844,2.1533859549995844
9,clifford,10,median_of_means,6,10000,-4.921968787514988,0.05016716748458894,0.05016716748458894
9,clifford,10,median_of_means,6,20000,-4.843609360936076,0.12852659406350053,0.12852659406350053
9,clifford,10,median_of_means,6,30000,-5.227499999999983,-0.2553640450004062,0.2553640450004062
9,clifford,10,median_of_means,6,40000,-4.978154065406523,-0.006018110406945887,0.006018110406945887
9,clifford,10,median_of_means,6,50000,-4.997074882995301,-0.02493892799572439,0.02493892799572439
9,clifford,10,median_of_means,6,60000,-4.881562499999982,0.09057345499959535,0.09057345499959535
9,clifford,10,median_of_means,6,70000,-4.909298388479325,0.06283756652025208,0.06283756652025208
9,clifford,10,median_of_means,6,80000,-4.852855696392392,0.11928025860718527,0.11928025860718527
9,clifford,10,median_of_means,6,90000,-4.800416666666649,0.1717192883329277,0.1717192883329277
9,clifford,10,median_of_means,6,100000,-4.728001620064785,0.24413433493479175,0.24413433493479175
9,seeqst_uniform,10,median_of_means,6,10,0.0,4.972135954999577,4.972135954999577
9,seeqst_uniform,10,median_of_means,6,30,0.0,4.972135954999577,4.972135954999577
9,seeqst_uniform,10,median_of_means,6,100,0.0,4.972135954999577,4.972135954999577
9,seeqst_uniform,10,median_of_means,6,300,-10.24,-5.267864045000423,5.267864045000423
9,seeqst_uniform,10,median_of_means,6,1000,-3.0843373493975905,1.8877986056019864,1.8877986056019864
9,seeqst_uniform,10,median_of_means,6,3000,-5.12,-0.14786404500042316,0.14786404500042316
9,seeqst_uniform,10,median_of_means,6,10000,-3.687875150060024,1.284260804939553,1.284260804939553
9,seeqst_uniform,10,median_of_means,6,20000,-3.8403840384038403,1.1317519165957366,1.1317519165957366
9,seeqst_uniform,10,median_of_means,6,30000,-4.7104,0.261735954999577,0.261735954999577
9,seeqst_uniform,10,median_of_means,6,40000,-4.838883888388839,0.13325206661073796,0.13325206661073796
9,seeqst_uniform,10,median_of_means,6,50000,-3.9323172926917076,1.0398186623078693,1.0398186623078693
9,seeqst_uniform,10,median_of_means,6,60000,-3.8912000000000004,1.0809359549995765,1.0809359549995765
9,seeqst_uniform,10,median_of_means,6,70000,-4.037716440939482,0.934419514060095,0.934419514060095
9,seeqst_uniform,10,median_of_means,6,80000,-3.8400960024000597,1.1320399525995173,1.1320399525995173
9,seeqst_uniform,10,median_of_means,6,90000,-3.9594666666666667,1.0126692883329103,1.0126692883329103
9,seeqst_uniform,10,median_of_means,6,100000,-4.331693267730709,0.6404426872688678,0.6404426872688678
9,seeqst_binomial_q0.09091,10,median_of_means,6,10,0.0,4.972135954999577,4.972135954999577
9,seeqst_binomial_q0.09091,10,median_of_means,6,30,0.0,4.972135954999577,4.972135954999577
9,seeqst_binomial_q0.09091,10,median_of_means,6,100,0.0,4.972135954999577,4.972135954999577
9,seeqst_binomial_q0.09091,10,median_of_means,6,300,-5.187484920822496,-0.21534896582291907,0.21534896582291907
9,seeqst_binomial_q0.09091,10,median_of_means,6,1000,-4.687486374237196,0.2846495807623812,0.2846495807623812
9,seeqst_binomial_q0.09091,10,median_of_means,6,3000,-5.706233412904746,-0.7340974579051691,0.7340974579051691
9,seeqst_binomial_q0.09091,10,median_of_means,6,10000,-5.059821726492531,-0.08768577149295442,0.08768577149295442
9,seeqst_binomial_q0.09091,10,median_of_means,6,20000,-5.252853767709548,-0.2807178127099714,0.2807178127099714
9,seeqst_binomial_q0.09091,10,median_of_means,6,30000,-4.876235825573146,0.09590012942643078,0.09590012942643078
9,seeqst_binomial_q0.09091,10,median_of_means,6,40000,-4.961028558392352,0.011107396607225262,0.011107396607225262
9,seeqst_binomial_q0.09091,10,median_of_means,6,50000,-4.902369344951056,0.06976661004852058,0.06976661004852058
9,seeqst_binomial_q0.09091,10,median_of_means,6,60000,-5.109672647010159,-0.13753669201058205,0.13753669201058205
9,seeqst_binomial_q0.09091,10,median_of_means,6,70000,-5.1247868774626495,-0.15265092246307255,0.15265092246307255
9,seeqst_binomial_q0.09091,10,median_of_means,6,80000,-5.0968313554919895,-0.12469540049241257,0.12469540049241257
9,seeqst_binomial_q0.09091,10,median_of_means,6,90000,-5.23071396182935,-0.25857800682977317,0.25857800682977317
9,seeqst_binomial_q0.09091,10,median_of_means,6,100000,-5.1124708883061025,-0.14033493330652558,0.14033493330652558
9,seeqst_binomial_q0.5,10,median_of_means,6,10,0.0,4.972135954999577,4.972135954999577
9,seeqst_binomial_q0.5,10,median_of_means,6,30,0.0,4.972135954999577,4.972135954999577
9,seeqst_binomial_q0.5,10,median_of_means,6,100,0.0,4.972135954999577,4.972135954999577
9,seeqst_binomial_q0.5,10,median_of_means,6,300,0.0,4.972135954999577,4.972135954999577
9,seeqst_binomial_q0.5,10,median_of_means,6,1000,-6.168674698795181,-1.196538743795604,1.196538743795604
9,seeqst_binomial_q0.5,10,median_of_means,6,3000,-3.072,1.9001359549995769,1.9001359549995769
9,seeqst_binomial_q0.5,10,median_of_means,6,10000,-4.609843937575031,0.3622920174245463,0.3622920174245463
9,seeqst_binomial_q0.5,10,median_of_means,6,20000,-3.8403840384038403,1.1317519165957366,1.1317519165957366
9,seeqst_binomial_q0.5,10,median_of_means,6,30000,-4.7104,0.261735954999577,0.261735954999577
9,seeqst_binomial_q0.5,10,median_of_means,6,40000,-5.222922292229223,-0.2507863372296457,0.2507863372296457
9,seeqst_binomial_q0.5,10,median_of_means,6,50000,-4.792511700468019,0.17962425453155806,0.17962425453155806
9,seeqst_binomial_q0.5,10,median_of_means,6,60000,-4.4032,0.5689359549995769,0.5689359549995769
9,seeqst_binomial_q0.5,10,median_of_means,6,70000,-4.432710440596605,0.5394255144029723,0.5394255144029723
9,seeqst_binomial_q0.5,10,median_of_means,6,80000,-4.416110402760069,0.5560255522395083,0.5560255522395083
9,seeqst_binomial_q0.5,10,median_of_means,6,90000,-4.642133333333334,0.3300026216662433,0.3300026216662433
9,seeqst_binomial_q0.5,10,median_of_means,6,100000,-4.454578183127325,0.5175577718722524,0.5175577718722524
9,seeqst_binomial_tuned,10,median_of_means,6,10,0.0,4.972135954999577,4.972135954999577
9,seeqst_binomial_tuned,10,median_of_means,6,30,0.0,4.972135954999577,4.972135954999577
9,seeqst_binomial_tuned,10,median_of_means,6,100,0.0,4.972135954999577,4.972135954999577
9,seeqst_binomial_tuned,10,median_of_means,6,300,-5.960464477539062,-0.9883285225394847,0.9883285225394847
9,seeqst_binomial_tuned,10,median_of_means,6,1000,-5.385961877294333,-0.41382592229475623,0.41382592229475623
9,seeqst_binomial_tuned,10,median_of_means,6,3000,-4.768371582031248,0.20376437296832872,0.20376437296832872
9,seeqst_binomial_tuned,10,median_of_means,6,10000,-5.634892888429784,-0.6627569334302068,0.6627569334302068
9,seeqst_binomial_tuned,10,median_of_means,6,20000,-5.253184639295226,-0.2810486842956488,0.2810486842956488
9,seeqst_binomial_tuned,10,median_of_means,6,30000,-5.185604095458983,-0.21346814045940565,0.21346814045940565
9,seeqst_binomial_tuned,10,median_of_means,6,40000,-5.420839468208904,-0.44870351320932667,0.44870351320932667
9,seeqst_binomial_tuned,10,median_of_means,6,50000,-5.373573669448241,-0.4014377144486643,0.4014377144486643
9,seeqst_binomial_tuned,10,median_of_means,6,60000,-5.036592483520506,-0.06445652852092909,0.06445652852092909
9,seeqst_binomial_tuned,10,median_of_means,6,70000,-4.911277626465303,0.060858328534274087,0.060858328534274087
9,seeqst_binomial_tuned,10,median_of_means,6,80000,-5.046031860063162,-0.07389590506358523,0.07389590506358523
9,seeqst_binomial_tuned,10,median_of_means,6,90000,-4.932284355163572,0.0398515998360045,0.0398515998360045
9,seeqst_binomial_tuned,10,median_of_means,6,100000,-4.957814641778785,0.01432131322079222,0.01432131322079222
10,pauli,10,median_of_means,6,10,-3.3749999999999996,1.5971359549995774,1.5971359549995774
10,pauli,10,median_of_means,6,30,4.274999999999995,9.247135954999571,9.247135954999571
10,pauli,10,median_of_means,6,100,-5.484374999999996,-0.5122390450004186,0.5122390450004186
10,pauli,10,median_of_means,6,300,-6.232499999999995,-1.2603640450004177,1.2603640450004177
10,pauli,10,median_of_means,6,1000,-3.1649096385542164,1.8072263164453606,1.8072263164453606
10,pauli,10,median_of_means,6,3000,-5.804999999999996,-0.8328640450004192,0.8328640450004192
10,pauli,10,median_of_means,6,10000,-4.762680072028809,0.20945588297076778,0.20945588297076778
10,pauli,10,median_of_means,6,20000,-5.810643564356433,-0.8385076093568564,0.8385076093568564
10,pauli,10,median_of_means,6,30000,-5.3707499999999975,-0.3986140450004205,0.3986140450004205
10,pauli,10,median_of_means,6,40000,-4.799223672367234,0.1729122826323426,0.1729122826323426
10,pauli,10,median_of_means,6,50000,-5.2746609864394545,-0.3025250314398775,0.3025250314398775
10,pauli,10,median_of_means,6,60000,-5.297849999999997,-0.3257140450004199,0.3257140450004199
10,pauli,10,median_of_means,6,70000,-4.965873049888563,0.006262905111014128,0.006262905111014128
10,pauli,10,median_of_means,6,80000,-4.672719942998572,0.29941601200100454,0.29941601200100454
10,pauli,10,median_of_means,6,90000,-4.685999999999998,0.2861359549995788,0.2861359549995788
10,pauli,10,median_of_means,6,100000,-4.703655646225846,0.2684803087737313,0.2684803087737313
10,clifford,10,median_of_means,6,10,7.779150587583496e-16,4.972135954999578,4.972135954999578
10,clifford,10,median_of_means,6,30,1.136173726765353e-15,4.972135954999578,4.972135954999578
10,clifford,10,median_of_means,6,100,-8.007812499999952,-3.035676545000375,3.035676545000375
10,clifford,10,median_of_means,6,300,-10.249999999999947,-5.27786404500037,5.27786404500037
10,clifford,10,median_of_means,6,1000,-2.315512048192763,2.656623906806814,2.656623906806814
10,clifford,10,median_of_means,6,3000,-4.099999999999988,0.8721359549995888,0.8721359549995888
10,clifford,10,median_of_means,6,10000,-3.999099639855929,0.9730363151436481,0.9730363151436481
10,clifford,10,median_of_means,6,20000,-4.612961296129598,0.35917465886997935,0.35917465886997935
10,clifford,10,median_of_means,6,30000,-4.996874999999983,-0.024739045000406357,0.024739045000406357
10,clifford,10,median_of_means,6,40000,-4.266989198919877,0.7051467560797002,0.7051467560797002
10,clifford,10,median_of_means,6,50000,-4.428177127085069,0.5439588279145076,0.5439588279145076
10,clifford,10,median_of_means,6,60000,-4.7662499999999834,0.2058859549995935,0.2058859549995935
10,clifford,10,median_of_means,6,70000,-4.491953111606362,0.48018284339321493,0.48018284339321493
10,clifford,10,median_of_means,6,80000,-4.5837864696617245,0.3883494853378524,0.3883494853378524
10,clifford,10,median_of_means,6,90000,-4.6466666666666505,0.32546928833292643,0.32546928833292643
10,clifford,10,median_of_means,6,100000,-4.712626005040184,0.25950994995939336,0.25950994995939336
10,seeqst_uniform,10,median_of_means,6,10,0.0,4.972135954999577,4.972135954999577
10,seeqst_uniform,10,median_of_means,6,30,0.0,4.972135954999577,4.972135954999577
10,seeqst_uniform,10,median_of_means,6,100,0.0,4.972135954999577,4.972135954999577
10,seeqst_uniform,10,median_of_means,6,300,0.0,4.972135954999577,4.972135954999577
10,seeqst_uniform,10,median_of_means,6,1000,-6.168674698795181,-1.196538743795604,1.196538743795604
10,seeqst_uniform,10,median_of_means,6,3000,-7.168,-2.195864045000423,2.195864045000423
10,seeqst_uniform,10,median_of_means,6,10000,-6.761104441776711,-1.7889684867771338,1.7889684867771338
10,seeqst_uniform,10,median_of_means,6,20000,-5.683768376837683,-0.7116324218381065,0.7116324218381065
10,seeqst_uniform,10,median_of_means,6,30000,-5.3248,-0.3526640450004228,0.3526640450004228
10,seeqst_uniform,10,median_of_means,6,40000,-5.837383738373838,-0.8652477833742607,0.8652477833742607
10,seeqst_uniform,10,median_of_means,6,50000,-5.898475939037562,-0.9263399840379849,0.9263399840379849
10,seeqst_uniform,10,median_of_means,6,60000,-5.376,-0.4038640450004234,0.4038640450004234
10,seeqst_uniform,10,median_of_means,6,70000,-5.968798217040974,-0.9966622620413972,0.9966622620413972
10,seeqst_uniform,10,median_of_means,6,80000,-5.491337283432086,-0.5192013284325094,0.5192013284325094
10,seeqst_uniform,10,median_of_means,6,90000,-5.768533333333333,-0.7963973783337561,0.7963973783337561
10,seeqst_uniform,10,median_of_means,6,100000,-5.775591023640946,-0.8034550686413686,0.8034550686413686
10,seeqst_binomial_q0.09091,10,median_of_means,6,10,0.0,4.972135954999577,4.972135954999577
10,seeqst_binomial_q0.09091,10,median_of_means,6,30,0.0,4.972135954999577,4.972135954999577
10,seeqst_binomial_q0.09091,10,median_of_means,6,100,0.0,4.972135954999577,4.972135954999577
10,seeqst_binomial_q0.09091,10,median_of_means,6,300,-5.187484920822496,-0.21534896582291907,0.21534896582291907
10,seeqst_binomial_q0.09091,10,median_of_means,6,1000,-4.687486374237196,0.2846495807623812,0.2846495807623812
10,seeqst_binomial_q0.09091,10,median_of_means,6,3000,-4.409362182699121,0.5627737723004556,0.5627737723004556
10,seeqst_binomial_q0.09091,10,median_of_means,6,10000,-4.592761259431682,0.37937469556789516,0.37937469556789516
10,seeqst_binomial_q0.09091,10,median_of_means,6,20000,-5.252853767709549,-0.2807178127099723,0.2807178127099723
10,seeqst_binomial_q0.09091,10,median_of_means,6,30000,-4.720611277948471,0.2515246770511057,0.2515246770511057
10,seeqst_binomial_q0.09091,10,median_of_means,6,40000,-5.019393600255791,-0.0472576452562139,0.0472576452562139
10,seeqst_binomial_q0.09091,10,median_of_means,6,50000,-5.229193967947795,-0.2570580129482183,0.2570580129482183
10,seeqst_binomial_q0.09091,10,median_of_means,6,60000,-5.317172043843059,-0.34503608884348225,0.34503608884348225
10,seeqst_binomial_q0.09091,10,median_of_means,6,70000,-5.046970156980571,-0.07483420198099378,0.07483420198099378
10,seeqst_binomial_q0.09091,10,median_of_means,6,80000,-4.980110026740265,-0.007974071740687982,0.007974071740687982
10,seeqst_binomial_q0.09091,10,median_of_means,6,90000,-5.1701933044197546,-0.1980573494201776,0.1980573494201776
10,seeqst_binomial_q0.09091,10,median_of_means,6,100000,-5.034655501878309,-0.06251954687873162,0.06251954687873162
10,seeqst_binomial_q0.5,10,median_of_means,6,10,0.0,4.972135954999577,4.972135954999577
10,seeqst_binomial_q0.5,10,median_of_means,6,30,0.0,4.972135954999577,4.972135954999577
10,seeqst_binomial_q0.5,10,median_of_means,6,100,0.0,4.972135954999577,4.972135954999577
10,seeqst_binomial_q0.5,10,median_of_means,6,300,0.0,4.972135954999577,4.972135954999577
10,seeqst_binomial_q0.5,10,median_of_means,6,1000,-3.0843373493975905,1.8877986056019864,1.8877986056019864
10,seeqst_binomial_q0.5,10,median_of_means,6,3000,-7.168,-2.195864045000423,2.195864045000423
10,seeqst_binomial_q0.5,10,median_of_means,6,10000,-5.531812725090036,-0.5596767700904595,0.5596767700904595
10,seeqst_binomial_q0.5,10,median_of_means,6,20000,-4.454845484548455,0.5172904704511216,0.5172904704511216
10,seeqst_binomial_q0.5,10,median_of_means,6,30000,-4.505599999999999,0.46653595499957756,0.46653595499957756
10,seeqst_binomial_q0.5,10,median_of_means,6,40000,-4.992499249924993,-0.02036329492541622,0.02036329492541622
10,seeqst_binomial_q0.5,10,median_of_means,6,50000,-4.608184327373095,0.3639516276264816,0.3639516276264816
10,seeqst_binomial_q0.5,10,median_of_means,6,60000,-4.6080000000000005,0.3641359549995764,0.3641359549995764
10,seeqst_binomial_q0.5,10,median_of_means,6,70000,-4.520486884964855,0.45164907003472177,0.45164907003472177
10,seeqst_binomial_q0.5,10,median_of_means,6,80000,-4.5313132828320715,0.4408226721675055,0.4408226721675055
10,seeqst_binomial_q0.5,10,median_of_means,6,90000,-4.642133333333334,0.3300026216662433,0.3300026216662433
10,seeqst_binomial_q0.5,10,median_of_means,6,100000,-4.915396615864634,0.05673933913494267,0.05673933913494267
10,seeqst_binomial_tuned,10,median_of_means,6,10,0.0,4.972135954999577,4.972135954999577
10,seeqst_binomial_tuned,10,median_of_means,6,30,0.0,4.972135954999577,4.972135954999577
10,seeqst_binomial_tuned,10,median_of_means,6,100,0.0,4.972135954999577,4.972135954999577
10,seeqst_binomial_tuned,10,median_of_means,6,300,-1.4901161193847654,3.4820198356148113,3.4820198356148113
10,seeqst_binomial_tuned,10,median_of_means,6,1000,-5.385961877294332,-0.41382592229475534,0.41382592229475534
10,seeqst_binomial_tuned,10,median_of_means,6,3000,-4.172325134277342,0.799810820722235,0.799810820722235
10,seeqst_binomial_tuned,10,median_of_means,6,10000,-5.0982364228650425,-0.12610046786546558,0.12610046786546558
10,seeqst_binomial_tuned,10,median_of_means,6,20000,-5.074352821787303,-0.10221686678772635,0.10221686678772635
10,seeqst_binomial_tuned,10,median_of_means,6,30000,-5.081295967102049,-0.10916001210247206,0.10916001210247206
10,seeqst_binomial_tuned,10,median_of_means,6,40000,-4.772574129742685,0.19956182525689226,0.19956182525689226
10,seeqst_binomial_tuned,10,median_of_means,6,50000,-4.953344114599544,0.018791840400033344,0.018791840400033344
10,seeqst_binomial_tuned,10,median_of_means,6,60000,-4.991888999938963,-0.019753044939386122,0.019753044939386122
10,seeqst_binomial_tuned,10,median_of_means,6,70000,-5.058168894877138,-0.086032939877561,0.086032939877561
10,seeqst_binomial_tuned,10,median_of_means,6,80000,-4.9007419061743,0.07139404882527689,0.07139404882527689
10,seeqst_binomial_tuned,10,median_of_means,6,90000,-4.996856053670245,-0.024720098670668378,0.024720098670668378
10,seeqst_binomial_tuned,10,median_of_means,6,100000,-4.930991478703336,0.04114447629624074,0.04114447629624074
11,pauli,10,median_of_means,6,10,-4.499999999999997,0.4721359549995796,0.4721359549995796
11,pauli,10,median_of_means,6,30,-4.274999999999997,0.6971359549995801,0.6971359549995801
11,pauli,10,median_of_means,6,100,-4.921874999999997,0.05026095499957961,0.05026095499957961
11,pauli,10,median_of_means,6,300,-4.409999999999997,0.5621359549995804,0.5621359549995804
11,pauli,10,median_of_means,6,1000,-6.7974397590361395,-1.8253038040365626,1.8253038040365626
11,pauli,10,median_of_means,6,3000,-6.326999999999998,-1.3548640450004212,1.3548640450004212
11,pauli,10,median_of_means,6,10000,-4.281212484993996,0.6909234700055809,0.6909234700055809
11,pauli,10,median_of_means,6,20000,-5.749549954995496,-0.7774139999959191,0.7774139999959191
11,pauli,10,median_of_means,6,30000,-4.545899999999998,0.4262359549995791,0.4262359549995791
11,pauli,10,median_of_means,6,40000,-4.710789828982897,0.2613461260166803,0.2613461260166803
11,pauli,10,median_of_means,6,50000,-4.159246369854792,0.8128895851447853,0.8128895851447853
11,pauli,10,median_of_means,6,60000,-4.391437499999997,0.5806984549995802,0.5806984549995802
11,pauli,10,median_of_means,6,70000,-5.107534716269498,-0.13539876126992123,0.13539876126992123
11,pauli,10,median_of_means,6,80000,-4.875056251406282,0.09707970359329465,0.09707970359329465
11,pauli,10,median_of_means,6,90000,-5.228399999999997,-0.2562640450004201,0.2562640450004201
11,pauli,10,median_of_means,6,100000,-5.251980079203165,-0.2798441242035876,0.2798441242035876
11,clifford,10,median_of_means,6,10,-4.445228907190564e-16,4.972135954999576,4.972135954999576
11,clifford,10,median_of_means,6,30,9.831075320184424e-16,4.972135954999578,4.972135954999578
11,clifford,10,median_of_means,6,100,4.2448172350278846e-15,4.972135954999581,4.972135954999581
11,clifford,10,median_of_means,6,300,1.2142788775900166e-14,4.972135954999589,4.972135954999589
11,clifford,10,median_of_means,6,1000,-6.946536144578285,-1.9744001895787084,1.9744001895787084
11,clifford,10,median_of_means,6,3000,-6.406249999999977,-1.4341140450004,1.4341140450004
11,clifford,10,median_of_means,6,10000,-5.306497599039599,-0.33436164404002167,0.33436164404002167
11,clifford,10,median_of_means,6,20000,-3.9594584458445725,1.0126775091550044,1.0126775091550044
11,clifford,10,median_of_means,6,30000,-5.022499999999983,-0.050364045000406144,0.050364045000406144
11,clifford,10,median_of_means,6,40000,-4.82438868886887,0.14774726613070666,0.14774726613070666
11,clifford,10,median_of_means,6,50000,-5.012450498019906,-0.040314543020328664,0.040314543020328664
11,clifford,10,median_of_means,6,60000,-5.214687499999982,-0.24255154500040543,0.24255154500040543
11,clifford,10,median_of_means,6,70000,-4.601780816046615,0.370355138952962,0.370355138952962
11,clifford,10,median_of_means,6,80000,-4.679882622065534,0.29225333293404265,0.29225333293404265
11,clifford,10,median_of_means,6,90000,-4.621041666666651,0.3510942883329262,0.3510942883329262
11,clifford,10,median_of_means,6,100000,-4.420489319572766,0.5516466354268106,0.5516466354268106
11,seeqst_uniform,10,median_of_means,6,10,0.0,4.972135954999577,4.972135954999577
11,seeqst_uniform,10,median_of_means,6,30,0.0,4.972135954999577,4.972135954999577
11,seeqst_uniform,10,median_of_means,6,100,0.0,4.972135954999577,4.972135954999577
11,seeqst_uniform,10,median_of_means,6,300,-10.24,-5.267864045000423,5.267864045000423
11,seeqst_uniform,10,median_of_means,6,1000,-6.168674698795181,-1.196538743795604,1.196538743795604
11,seeqst_uniform,10,median_of_means,6,3000,-5.12,-0.14786404500042316,0.14786404500042316
11,seeqst_uniform,10,median_of_means,6,10000,-4.60984393757503,0.3622920174245472,0.3622920174245472
11,seeqst_uniform,10,median_of_means,6,20000,-5.53015301530153,-0.5580170603019532,0.5580170603019532
11,seeqst_uniform,10,median_of_means,6,30000,-5.2224,-0.25026404500042343,0.25026404500042343
11,seeqst_uniform,10,median_of_means,6,40000,-5.2997299729973,-0.3275940179977228,0.3275940179977228
11,seeqst_uniform,10,median_of_means,6,50000,-5.099723988959559,-0.12758803395998175,0.12758803395998175
11,seeqst_uniform,10,median_of_means,6,60000,-4.2496,0.7225359549995769,0.7225359549995769
11,seeqst_uniform,10,median_of_means,6,70000,-4.827704440253729,0.1444315147458477,0.1444315147458477
11,seeqst_uniform,10,median_of_means,6,80000,-4.4929123228080705,0.47922363219150643,0.47922363219150643
11,seeqst_uniform,10,median_of_means,6,90000,-4.232533333333333,0.7396026216662444,0.7396026216662444
11,seeqst_uniform,10,median_of_means,6,100000,-5.007560302412097,-0.035424347412519985,0.035424347412519985
11,seeqst_binomial_q0.09091,10,median_of_means,6,10,0.0,4.972135954999577,4.972135954999577
11,seeqst_binomial_q0.09091,10,median_of_means,6,30,0.0,4.972135954999577,4.972135954999577
11,seeqst_binomial_q0.09091,10,median_of_means,6,100,-16.2108903775703,-11.238754422570725,11.238754422570725
11,seeqst_binomial_q0.09091,10,median_of_means,6,300,-10.374969841644992,-5.402833886645415,5.402833886645415
11,seeqst_binomial_q0.09091,10,median_of_means,6,1000,-6.249981832316262,-1.2778458773166852,1.2778458773166852
11,seeqst_binomial_q0.09091,10,median_of_means,6,3000,-5.4468591668636215,-0.47472321186404454,0.47472321186404454
11,seeqst_binomial_q0.09091,10,median_of_means,6,10000,-5.215508548846147,-0.24337259384657006,0.24337259384657006
11,seeqst_binomial_q0.09091,10,median_of_means,6,20000,-5.213943739800589,-0.24180778480101228,0.24180778480101228
11,seeqst_binomial_q0.09091,10,median_of_means,6,30000,-5.265297194634834,-0.293161239635257,0.293161239635257
11,seeqst_binomial_q0.09091,10,median_of_means,6,40000,-5.272308781664028,-0.30017282666445144,0.30017282666445144
11,seeqst_binomial_q0.09091,10,median_of_means,6,50000,-5.27588319980447,-0.30374724480489323,0.30374724480489323
11,seeqst_binomial_q0.09091,10,median_of_means,6,60000,-5.187484920822497,-0.21534896582291996,0.21534896582291996
11,seeqst_binomial_q0.09091,10,median_of_means,6,70000,-5.013620133916822,-0.041484178917245096,0.041484178917245096
11,seeqst_binomial_q0.09091,10,median_of_means,6,80000,-4.9022958075724485,0.06984014742712841,0.06984014742712841
11,seeqst_binomial_q0.09091,10,median_of_means,6,90000,-5.083735222406047,-0.1115992674064703,0.1115992674064703
11,seeqst_binomial_q0.09091,10,median_of_means,6,100000,-4.86346165173716,0.10867430326241667,0.10867430326241667
11,seeqst_binomial_q0.5,10,median_of_means,6,10,0.0,4.972135954999577,4.972135954999577
11,seeqst_binomial_q0.5,10,median_of_means,6,30,0.0,4.972135954999577,4.972135954999577
11,seeqst_binomial_q0.5,10,median_of_means,6,100,0.0,4.972135954999577,4.972135954999577
11,seeqst_binomial_q0.5,10,median_of_means,6,300,0.0,4.972135954999577,4.972135954999577
11,seeqst_binomial_q0.5,10,median_of_means,6,1000,-3.0843373493975905,1.8877986056019864,1.8877986056019864
11,seeqst_binomial_q0.5,10,median_of_means,6,3000,-8.192,-3.2198640450004232,3.2198640450004232
11,seeqst_binomial_q0.5,10,median_of_means,6,10000,-6.761104441776711,-1.7889684867771338,1.7889684867771338
11,seeqst_binomial_q0.5,10,median_of_means,6,20000,-6.144614461446144,-1.1724785064465673,1.1724785064465673
11,seeqst_binomial_q0.5,10,median_of_means,6,30000,-5.2224,-0.25026404500042343,0.25026404500042343
11,seeqst_binomial_q0.5,10,median_of_means,6,40000,-4.992499249924993,-0.02036329492541622,0.02036329492541622
11,seeqst_binomial_q0.5,10,median_of_means,6,50000,-5.3454938197527895,-0.37335786475321253,0.37335786475321253
11,seeqst_binomial_q0.5,10,median_of_means,6,60000,-5.3759999999999994,-0.4038640450004225,0.4038640450004225
11,seeqst_binomial_q0.5,10,median_of_means,6,70000,-5.0032573289902285,-0.031121373990651513,0.031121373990651513
11,seeqst_binomial_q0.5,10,median_of_means,6,80000,-5.2609315232880824,-0.2887955682885055,0.2887955682885055
11,seeqst_binomial_q0.5,10,median_of_means,6,90000,-4.676266666666667,0.29586928833291015,0.29586928833291015
11,seeqst_binomial_q0.5,10,median_of_means,6,100000,-4.731069242769711,0.2410667122298662,0.2410667122298662
11,seeqst_binomial_tuned,10,median_of_means,6,10,0.0,4.972135954999577,4.972135954999577
11,seeqst_binomial_tuned,10,median_of_means,6,30,-14.901161193847653,-9.929025238848077,9.929025238848077
11,seeqst_binomial_tuned,10,median_of_means,6,100,0.0,4.972135954999577,4.972135954999577
11,seeqst_binomial_tuned,10,median_of_means,6,300,0.0,4.972135954999577,4.972135954999577
11,seeqst_binomial_tuned,10,median_of_means,6,1000,-3.14181109508836,1.830324859911217,1.830324859911217
11,seeqst_binomial_tuned,10,median_of_means,6,3000,-4.3213367462158185,0.6507992087837584,0.6507992087837584
11,seeqst_binomial_tuned,10,median_of_means,6,10000,-3.84603800321398,1.1260979517855971,1.1260979517855971
11,seeqst_binomial_tuned,10,median_of_means,6,20000,-4.247255665813162,0.724880289186415,0.724880289186415
11,seeqst_binomial_tuned,10,median_of_means,6,30000,-4.619359970092772,0.3527759849068053,0.3527759849068053
11,seeqst_binomial_tuned,10,median_of_means,6,40000,-4.772574129742685,0.19956182525689226,0.19956182525689226
11,seeqst_binomial_tuned,10,median_of_means,6,50000,-4.6672303751280895,0.3049055798714875,0.3049055798714875
11,seeqst_binomial_tuned,10,median_of_means,6,60000,-4.686415195465086,0.28572075953449083,0.28572075953449083
11,seeqst_binomial_tuned,10,median_of_means,6,70000,-4.821865550040707,0.1502704049588699,0.1502704049588699
11,seeqst_binomial_tuned,10,median_of_means,6,80000,-4.9398584322213015,0.03227752277827545,0.03227752277827545
11,seeqst_binomial_tuned,10,median_of_means,6,90000,-4.996856053670245,-0.024720098670668378,0.024720098670668378
11,seeqst_binomial_tuned,10,median_of_means,6,100000,-4.939932533061819,0.032203421937757604,0.032203421937757604
12,pauli,10,median_of_means,6,10,4.499999999999995,9.472135954999573,9.472135954999573
12,pauli,10,median_of_means,6,30,-0.4500000000000015,4.522135954999575,4.522135954999575
12,pauli,10,median_of_means,6,100,-0.28125000000000167,4.690885954999575,4.690885954999575
12,pauli,10,median_of_means,6,300,-4.702499999999997,0.26963595499957993,0.26963595499957993
12,pauli,10,median_of_means,6,1000,-3.835843373493973,1.1362925815056037,1.1362925815056037
12,pauli,10,median_of_means,6,3000,-5.021999999999997,-0.04986404500041974,0.04986404500041974
12,pauli,10,median_of_means,6,10000,-4.886929771908761,0.08520618309081573,0.08520618309081573
12,pauli,10,median_of_means,6,20000,-4.12702520252025,0.8451107524793269,0.8451107524793269
12,pauli,10,median_of_means,6,30000,-4.320674999999998,0.6514609549995791,0.6514609549995791
12,pauli,10,median_of_means,6,40000,-4.005006750675065,0.9671292043245119,0.9671292043245119
12,pauli,10,median_of_means,6,50000,-4.3533841353654115,0.6187518196341655,0.6187518196341655
12,pauli,10,median_of_means,6,60000,-4.227862499999997,0.74427345499958,0.74427345499958
12,pauli,10,median_of_means,6,70000,-4.144736842105261,0.8273991128943159,0.8273991128943159
12,pauli,10,median_of_means,6,80000,-4.632218930473259,0.33991702452631767,0.33991702452631767
12,pauli,10,median_of_means,6,90000,-4.262549999999997,0.7095859549995795,0.7095859549995795
12,pauli,10,median_of_means,6,100000,-4.408466338653543,0.5636696163460337,0.5636696163460337
12,clifford,10,median_of_means,6,10,-2.435342390145185e-15,4.972135954999574,4.972135954999574
12,clifford,10,median_of_means,6,30,3.603592799506762e-15,4.9721359549995805,4.9721359549995805
12,clifford,10,median_of_means,6,100,-1.7763568394002505e-15,4.972135954999575,4.972135954999575
12,clifford,10,median_of_means,6,300,5.1249999999999725,10.09713595499955,10.09713595499955
12,clifford,10,median_of_means,6,1000,-3.0873493975903497,1.8847865574092273,1.8847865574092273
12,clifford,10,median_of_means,6,3000,0.25625000000000536,5.228385954999582,5.228385954999582
12,clifford,10,median_of_means,6,10000,-5.998649459783892,-1.0265135047843152,1.0265135047843152
12,clifford,10,median_of_means,6,20000,-4.612961296129596,0.3591746588699811,0.3591746588699811
12,clifford,10,median_of_means,6,30000,-4.381874999999984,0.590260954999593,0.590260954999593
12,clifford,10,median_of_means,6,40000,-4.747506000600042,0.2246299543995347,0.2246299543995347
12,clifford,10,median_of_means,6,50000,-4.904821192847695,0.0673147621518817,0.0673147621518817
12,clifford,10,median_of_means,6,60000,-4.740624999999983,0.23151095499959418,0.23151095499959418
12,clifford,10,median_of_means,6,70000,-4.513918652494411,0.4582173025051661,0.4582173025051661
12,clifford,10,median_of_means,6,80000,-4.603005700142486,0.36913025485709117,0.36913025485709117
12,clifford,10,median_of_means,6,90000,-4.603958333333316,0.3681776216662609,0.3681776216662609
12,clifford,10,median_of_means,6,100000,-4.704938197527884,0.26719775747169283,0.26719775747169283
12,seeqst_uniform,10,median_of_means,6,10,0.0,4.972135954999577,4.972135954999577
12,seeqst_uniform,10,median_of_means,6,30,0.0,4.972135954999577,4.972135954999577
12,seeqst_uniform,10,median_of_means,6,100,0.0,4.972135954999577,4.972135954999577
12,seeqst_uniform,10,median_of_means,6,300,0.0,4.972135954999577,4.972135954999577
12,seeqst_uniform,10,median_of_means,6,1000,-6.168674698795181,-1.196538743795604,1.196538743795604
12,seeqst_uniform,10,median_of_means,6,3000,-5.12,-0.14786404500042316,0.14786404500042316
12,seeqst_uniform,10,median_of_means,6,10000,-6.146458583433374,-1.1743226284337966,1.1743226284337966
12,seeqst_uniform,10,median_of_means,6,20000,-5.837383738373838,-0.8652477833742607,0.8652477833742607
12,seeqst_uniform,10,median_of_means,6,30000,-5.632,-0.6598640450004227,0.6598640450004227
12,seeqst_uniform,10,median_of_means,6,40000,-5.7605760576057605,-0.7884401026061836,0.7884401026061836
12,seeqst_uniform,10,median_of_means,6,50000,-5.591263650546022,-0.6191276955464451,0.6191276955464451
12,seeqst_uniform,10,median_of_means,6,60000,-5.4784,-0.5062640450004228,0.5062640450004228
12,seeqst_uniform,10,median_of_means,6,70000,-5.3104748842791025,-0.3383389292795256,0.3383389292795256
12,seeqst_uniform,10,median_of_means,6,80000,-5.3761344033600835,-0.4039984483605066,0.4039984483605066
12,seeqst_uniform,10,median_of_means,6,90000,-5.393066666666666,-0.42093071166708906,0.42093071166708906
12,seeqst_uniform,10,median_of_means,6,100000,-5.5605424216968675,-0.5884064666972906,0.5884064666972906
12,seeqst_binomial_q0.09091,10,median_of_means,6,10,0.0,4.972135954999577,4.972135954999577
12,seeqst_binomial_q0.09091,10,median_of_means,6,30,0.0,4.972135954999577,4.972135954999577
12,seeqst_binomial_q0.09091,10,median_of_means,6,100,-8.10544518878515,-3.1333092337855737,3.1333092337855737
12,seeqst_binomial_q0.09091,10,median_of_means,6,300,-5.187484920822496,-0.21534896582291907,0.21534896582291907
12,seeqst_binomial_q0.09091,10,median_of_means,6,1000,-4.687486374237196,0.2846495807623812,0.2846495807623812
12,seeqst_binomial_q0.09091,10,median_of_means,6,3000,-4.149987936657997,0.8221480183415801,0.8221480183415801
12,seeqst_binomial_q0.09091,10,median_of_means,6,10000,-5.52688219355338,-0.5547462385538031,0.5547462385538031
12,seeqst_binomial_q0.09091,10,median_of_means,6,20000,-4.8637534886199525,0.10838246637962445,0.10838246637962445
12,seeqst_binomial_q0.09091,10,median_of_means,6,30000,-5.161547496218384,-0.18941154121880732,0.18941154121880732
12,seeqst_binomial_q0.09091,10,median_of_means,6,40000,-5.213943739800589,-0.24180778480101228,0.24180778480101228
12,seeqst_binomial_q0.09091,10,median_of_means,6,50000,-5.369261663517825,-0.39712570851824847,0.39712570851824847
12,seeqst_binomial_q0.09091,10,median_of_means,6,60000,-5.200453633124553,-0.22831767812497628,0.22831767812497628
12,seeqst_binomial_q0.09091,10,median_of_means,6,70000,-5.113670203108067,-0.14153424810849025,0.14153424810849025
12,seeqst_binomial_q0.09091,10,median_of_means,6,80000,-5.23300623903567,-0.260870284036093,0.260870284036093
12,seeqst_binomial_q0.09091,10,median_of_means,6,90000,-5.265297194634834,-0.293161239635257,0.293161239635257
12,seeqst_binomial_q0.09091,10,median_of_means,6,100000,-5.2914462770900315,-0.3193103220904545,0.3193103220904545
12,seeqst_binomial_q0.5,10,median_of_means,6,10,0.0,4.972135954999577,4.972135954999577
12,seeqst_binomial_q0.5,10,median_of_means,6,30,0.0,4.972135954999577,4.972135954999577
12,seeqst_binomial_q0.5,10,median_of_means,6,100,0.0,4.972135954999577,4.972135954999577
12,seeqst_binomial_q0.5,10,median_of_means,6,300,0.0,4.972135954999577,4.972135954999577
12,seeqst_binomial_q0.5,10,median_of_means,6,1000,-6.168674698795181,-1.196538743795604,1.196538743795604
12,seeqst_binomial_q0.5,10,median_of_means,6,3000,-4.096,0.8761359549995769,0.8761359549995769
12,seeqst_binomial_q0.5,10,median_of_means,6,10000,-2.458583433373349,2.5135525216262278,2.5135525216262278
12,seeqst_binomial_q0.5,10,median_of_means,6,20000,-3.225922592259226,1.746213362740351,1.746213362740351
12,seeqst_binomial_q0.5,10,median_of_means,6,30000,-3.4816000000000003,1.4905359549995767,1.4905359549995767
12,seeqst_binomial_q0.5,10,median_of_means,6,40000,-3.9171917191719174,1.0549442358276595,1.0549442358276595
12,seeqst_binomial_q0.5,10,median_of_means,6,50000,-3.8708748349934,1.101261120006177,1.101261120006177
12,seeqst_binomial_q0.5,10,median_of_means,6,60000,-3.9424,1.0297359549995768,1.0297359549995768
12,seeqst_binomial_q0.5,10,median_of_means,6,70000,-4.301045774044231,0.6710901809553462,0.6710901809553462
12,seeqst_binomial_q0.5,10,median_of_means,6,80000,-4.6849171229280735,0.28721883207150345,0.28721883207150345
12,seeqst_binomial_q0.5,10,median_of_means,6,90000,-4.8128,0.15933595499957676,0.15933595499957676
12,seeqst_binomial_q0.5,10,median_of_means,6,100000,-4.976839073562942,-0.0047031185633654715,0.0047031185633654715
12,seeqst_binomial_tuned,10,median_of_means,6,10,0.0,4.972135954999577,4.972135954999577
12,seeqst_binomial_tuned,10,median_of_means,6,30,0.0,4.972135954999577,4.972135954999577
12,seeqst_binomial_tuned,10,median_of_means,6,100,-9.313225746154783,-4.341089791155206,4.341089791155206
12,seeqst_binomial_tuned,10,median_of_means,6,300,-4.470348358154296,0.501787596845281,0.501787596845281
12,seeqst_binomial_tuned,10,median_of_means,6,1000,-6.283622190176722,-1.3114862351771448,1.3114862351771448
12,seeqst_binomial_tuned,10,median_of_means,6,3000,-5.960464477539061,-0.9883285225394838,0.9883285225394838
12,seeqst_binomial_tuned,10,median_of_means,6,10000,-5.1429577949954375,-0.17082183999586054,0.17082183999586054
12,seeqst_binomial_tuned,10,median_of_means,6,20000,-5.3202465708606965,-0.3481106158611196,0.3481106158611196
12,seeqst_binomial_tuned,10,median_of_means,6,30000,-4.991888999938963,-0.019753044939386122,0.019753044939386122
12,seeqst_binomial_tuned,10,median_of_means,6,40000,-5.074352821787303,-0.10221686678772635,0.10221686678772635
12,seeqst_binomial_tuned,10,median_of_means,6,50000,-5.024872549467407,-0.05273659446782997,0.05273659446782997
12,seeqst_binomial_tuned,10,median_of_means,6,60000,-5.066394805908201,-0.0942588509086244,0.0942588509086244
12,seeqst_binomial_tuned,10,median_of_means,6,70000,-5.077328625539552,-0.10519267053997527,0.10519267053997527
12,seeqst_binomial_tuned,10,median_of_means,6,80000,-5.174557588503309,-0.20242163350373232,0.20242163350373232
12,seeqst_binomial_tuned,10,median_of_means,6,90000,-4.996856053670245,-0.024720098670668378,0.024720098670668378
12,seeqst_binomial_tuned,10,median_of_means,6,100000,-5.158988364844651,-0.18685240984507434,0.18685240984507434
13,pauli,10,median_of_means,6,10,3.3749999999999964,8.347135954999573,8.347135954999573
13,pauli,10,median_of_means,6,30,0.22499999999999865,5.197135954999576,5.197135954999576
13,pauli,10,median_of_means,6,100,1.4765624999999978,6.448698454999574,6.448698454999574
13,pauli,10,median_of_means,6,300,-2.6324999999999985,2.3396359549995784,2.3396359549995784
13,pauli,10,median_of_means,6,1000,-6.4043674698795146,-1.4322315148799376,1.4322315148799376
13,pauli,10,median_of_means,6,3000,-4.916249999999998,0.055885954999578935,0.055885954999578935
13,pauli,10,median_of_means,6,10000,-6.715561224489793,-1.7434252694902161,1.7434252694902161
13,pauli,10,median_of_means,6,20000,-5.815706570657063,-0.8435706156574865,0.8435706156574865
13,pauli,10,median_of_means,6,30000,-5.320124999999997,-0.3479890450004204,0.3479890450004204
13,pauli,10,median_of_means,6,40000,-5.584327182718269,-0.612191227718692,0.612191227718692
13,pauli,10,median_of_means,6,50000,-5.796321852874112,-0.8241858978745347,0.8241858978745347
13,pauli,10,median_of_means,6,60000,-5.823674999999997,-0.8515390450004201,0.8515390450004201
13,pauli,10,median_of_means,6,70000,-5.737056403223038,-0.7649204482234611,0.7649204482234611
13,pauli,10,median_of_means,6,80000,-5.430426385659638,-0.45829043066006125,0.45829043066006125
13,pauli,10,median_of_means,6,90000,-5.029799999999998,-0.057664045000421105,0.057664045000421105
13,pauli,10,median_of_means,6,100000,-5.498499939997597,-0.52636398499802,0.52636398499802
13,clifford,10,median_of_means,6,10,-1.5558301175166987e-15,4.972135954999575,4.972135954999575
13,clifford,10,median_of_means,6,30,-5.086243903644575e-16,4.972135954999576,4.972135954999576
13,clifford,10,median_of_means,6,100,-5.713902776425359e-15,4.972135954999572,4.972135954999572
13,clifford,10,median_of_means,6,300,-2.5624999999999973,2.4096359549995796,2.4096359549995796
13,clifford,10,median_of_means,6,1000,-4.631024096385532,0.34111185861404536,0.34111185861404536
13,clifford,10,median_of_means,6,3000,-4.099999999999987,0.8721359549995897,0.8721359549995897
13,clifford,10,median_of_means,6,10000,-4.921968787514989,0.05016716748458805,0.05016716748458805
13,clifford,10,median_of_means,6,20000,-4.343871887188705,0.6282640678108722,0.6282640678108722
13,clifford,10,median_of_means,6,30000,-4.279374999999984,0.692760954999593,0.692760954999593
13,clifford,10,median_of_means,6,40000,-4.074782478247809,0.8973534767517677,0.8973534767517677
13,clifford,10,median_of_means,6,50000,-4.443552742109668,0.5285832128899086,0.5285832128899086
13,clifford,10,median_of_means,6,60000,-4.394687499999984,0.5774484549995931,0.5774484549995931
13,clifford,10,median_of_means,6,70000,-4.327211554945982,0.6449244000535952,0.6449244000535952
13,clifford,10,median_of_means,6,80000,-4.439642241056011,0.5324937139435661,0.5324937139435661
13,clifford,10,median_of_means,6,90000,-4.356249999999984,0.6158859549995928,0.6158859549995928
13,clifford,10,median_of_means,6,100000,-4.497367394695772,0.4747685603038052,0.4747685603038052
13,seeqst_uniform,10,median_of_means,6,10,0.0,4.972135954999577,4.972135954999577
13,seeqst_uniform,10,median_of_means,6,30,0.0,4.972135954999577,4.972135954999577
13,seeqst_uniform,10,median_of_means,6,100,0.0,4.972135954999577,4.972135954999577
13,seeqst_uniform,10,median_of_means,6,300,-10.24,-5.267864045000423,5.267864045000423
13,seeqst_uniform,10,median_of_means,6,1000,-9.253012048192772,-4.2808760931931955,4.2808760931931955
13,seeqst_uniform,10,median_of_means,6,3000,-5.12,-0.14786404500042316,0.14786404500042316
13,seeqst_uniform,10,median_of_means,6,10000,-3.3805522208883554,1.5915837341112216,1.5915837341112216
13,seeqst_uniform,10,median_of_means,6,20000,-3.533153315331533,1.438982639668044,1.438982639668044
13,seeqst_uniform,10,median_of_means,6,30000,-4.096,0.8761359549995769,0.8761359549995769
13,seeqst_uniform,10,median_of_means,6,40000,-4.147614761476148,0.8245211935234291,0.8245211935234291
13,seeqst_uniform,10,median_of_means,6,50000,-4.731069242769711,0.2410667122298662,0.2410667122298662
13,seeqst_uniform,10,median_of_means,6,60000,-4.7616,0.21053595499957733,0.21053595499957733
13,seeqst_uniform,10,median_of_means,6,70000,-4.959369106806103,0.012766848193473734,0.012766848193473734
13,seeqst_uniform,10,median_of_means,6,80000,-4.800120003000075,0.17201595199950237,0.17201595199950237
13,seeqst_uniform,10,median_of_means,6,90000,-4.8128,0.15933595499957676,0.15933595499957676
13,seeqst_uniform,10,median_of_means,6,100000,-4.853954158166326,0.11818179683325081,0.11818179683325081
13,seeqst_binomial_q0.09091,10,median_of_means,6,10,0.0,4.972135954999577,4.972135954999577
13,seeqst_binomial_q0.09091,10,median_of_means,6,30,0.0,4.972135954999577,4.972135954999577
13,seeqst_binomial_q0.09091,10,median_of_means,6,100,0.0,4.972135954999577,4.972135954999577
13,seeqst_binomial_q0.09091,10,median_of_means,6,300,-5.187484920822496,-0.21534896582291907,0.21534896582291907
13,seeqst_binomial_q0.09091,10,median_of_means,6,1000,-2.343743187118598,2.628392767880979,2.628392767880979
13,seeqst_binomial_q0.09091,10,median_of_means,6,3000,-4.409362182699122,0.5627737723004547,0.5627737723004547
13,seeqst_binomial_q0.09091,10,median_of_means,6,10000,-5.137665137669339,-0.16552918266976224,0.16552918266976224
13,seeqst_binomial_q0.09091,10,median_of_means,6,20000,-5.330673823527468,-0.3585378685278915,0.3585378685278915
13,seeqst_binomial_q0.09091,10,median_of_means,6,30000,-4.772486127156697,0.19964982784287955,0.19964982784287955
13,seeqst_binomial_q0.09091,10,median_of_means,6,40000,-4.571928279302756,0.40020767569682114,0.40020767569682114
13,seeqst_binomial_q0.09091,10,median_of_means,6,50000,-4.43547702638429,0.536658928615287,0.536658928615287
13,seeqst_binomial_q0.09091,10,median_of_means,6,60000,-4.27967505967856,0.692460895321017,0.692460895321017
13,seeqst_binomial_q0.09091,10,median_of_means,6,70000,-4.724586600697672,0.2475493543019054,0.2475493543019054
13,seeqst_binomial_q0.09091,10,median_of_means,6,80000,-4.425683715169573,0.5464522398300042,0.5464522398300042
13,seeqst_binomial_q0.09091,10,median_of_means,6,90000,-4.59956996312928,0.3725659918702968,0.3725659918702968
13,seeqst_binomial_q0.09091,10,median_of_means,6,100000,-4.692267801596012,0.27986815340356497,0.27986815340356497
13,seeqst_binomial_q0.5,10,median_of_means,6,10,0.0,4.972135954999577,4.972135954999577
13,seeqst_binomial_q0.5,10,median_of_means,6,30,0.0,4.972135954999577,4.972135954999577
13,seeqst_binomial_q0.5,10,median_of_means,6,100,0.0,4.972135954999577,4.972135954999577
13,seeqst_binomial_q0.5,10,median_of_means,6,300,0.0,4.972135954999577,4.972135954999577
13,seeqst_binomial_q0.5,10,median_of_means,6,1000,0.0,4.972135954999577,4.972135954999577
13,seeqst_binomial_q0.5,10,median_of_means,6,3000,-4.096,0.8761359549995769,0.8761359549995769
13,seeqst_binomial_q0.5,10,median_of_means,6,10000,-4.60984393757503,0.3622920174245472,0.3622920174245472
13,seeqst_binomial_q0.5,10,median_of_means,6,20000,-4.147614761476148,0.8245211935234291,0.8245211935234291
13,seeqst_binomial_q0.5,10,median_of_means,6,30000,-4.812799999999999,0.15933595499957764,0.15933595499957764
13,seeqst_binomial_q0.5,10,median_of_means,6,40000,-4.378037803780378,0.5940981512191987,0.5940981512191987
13,seeqst_binomial_q0.5,10,median_of_means,6,50000,-4.546741869674787,0.42539408532478973,0.42539408532478973
13,seeqst_binomial_q0.5,10,median_of_means,6,60000,-4.5056,0.4665359549995767,0.4665359549995767
13,seeqst_binomial_q0.5,10,median_of_means,6,70000,-4.213269329675981,0.7588666253235958,0.7588666253235958
13,seeqst_binomial_q0.5,10,median_of_means,6,80000,-4.262506562664067,0.7096293923355104,0.7096293923355104
13,seeqst_binomial_q0.5,10,median_of_means,6,90000,-4.2325333333333335,0.7396026216662435,0.7396026216662435
13,seeqst_binomial_q0.5,10,median_of_means,6,100000,-4.516020640825634,0.45611531417394335,0.45611531417394335
13,seeqst_binomial_tuned,10,median_of_means,6,10,0.0,4.972135954999577,4.972135954999577
13,seeqst_binomial_tuned,10,median_of_means,6,30,0.0,4.972135954999577,4.972135954999577
13,seeqst_binomial_tuned,10,median_of_means,6,100,0.0,4.972135954999577,4.972135954999577
13,seeqst_binomial_tuned,10,median_of_means,6,300,-5.960464477539062,-0.9883285225394847,0.9883285225394847
13,seeqst_binomial_tuned,10,median_of_means,6,1000,-5.834792033735527,-0.8626560787359496,0.8626560787359496
13,seeqst_binomial_tuned,10,median_of_means,6,3000,-6.40749931335449,-1.4353633583549135,1.4353633583549135
13,seeqst_binomial_tuned,10,median_of_means,6,10000,-6.260992098255315,-1.288856143255738,1.288856143255738
13,seeqst_binomial_tuned,10,median_of_means,6,20000,-5.454370433991639,-0.48223447899206207,0.48223447899206207
13,seeqst_binomial_tuned,10,median_of_means,6,30000,-4.94718551635742,0.024950438642156847,0.024950438642156847
13,seeqst_binomial_tuned,10,median_of_means,6,40000,-5.387308502426167,-0.4151725474265904,0.4151725474265904
13,seeqst_binomial_tuned,10,median_of_means,6,50000,-5.042754658184372,-0.07061870318479535,0.07061870318479535
13,seeqst_binomial_tuned,10,median_of_means,6,60000,-4.932284355163572,0.0398515998360045,0.0398515998360045
13,seeqst_binomial_tuned,10,median_of_means,6,70000,-4.885731318915418,0.0864046360841586,0.0864046360841586
13,seeqst_binomial_tuned,10,median_of_means,6,80000,-5.046031860063162,-0.07389590506358523,0.07389590506358523
13,seeqst_binomial_tuned,10,median_of_means,6,90000,-4.962086677551268,0.01004927744830919,0.01004927744830919
13,seeqst_binomial_tuned,10,median_of_means,6,100000,-5.123224147410719,-0.1510881924111418,0.1510881924111418
14,pauli,10,median_of_means,6,10,-1.125000000000001,3.847135954999576,3.847135954999576
14,pauli,10,median_of_means,6,30,-0.44999999999999973,4.522135954999577,4.522135954999577
14,pauli,10,median_of_means,6,100,-3.515624999999997,1.45651095499958,1.45651095499958
14,pauli,10,median_of_means,6,300,-0.5399999999999994,4.432135954999578,4.432135954999578
14,pauli,10,median_of_means,6,1000,-3.1987951807228887,1.7733407742766882,1.7733407742766882
14,pauli,10,median_of_means,6,3000,-3.518999999999998,1.453135954999579,1.453135954999579
14,pauli,10,median_of_means,6,10000,-4.800495198079229,0.17164075692034775,0.17164075692034775
14,pauli,10,median_of_means,6,20000,-3.768901890189017,1.2032340648105602,1.2032340648105602
14,pauli,10,median_of_means,6,30000,-4.855274999999997,0.11686095499957982,0.11686095499957982
14,pauli,10,median_of_means,6,40000,-4.466415391539151,0.505720563460426,0.505720563460426
14,pauli,10,median_of_means,6,50000,-4.524030961238447,0.4481049937611301,0.4481049937611301
14,pauli,10,median_of_means,6,60000,-5.031224999999997,-0.05908904500042045,0.05908904500042045
14,pauli,10,median_of_means,6,70000,-5.205993913937937,-0.23385795893836026,0.23385795893836026
14,pauli,10,median_of_means,6,80000,-5.70760519012975,-0.7354692351301733,0.7354692351301733
14,pauli,10,median_of_means,6,90000,-5.425274999999996,-0.4531390450004187,0.4531390450004187
14,pauli,10,median_of_means,6,100000,-5.457188287531498,-0.4850523325319207,0.4850523325319207
14,clifford,10,median_of_means,6,10,-2.667137344314341e-15,4.972135954999574,4.972135954999574
14,clifford,10,median_of_means,6,30,-1.5094149986235272e-15,4.972135954999575,4.972135954999575
14,clifford,10,median_of_means,6,100,-2.9356384917756553e-15,4.972135954999574,4.972135954999574
14,clifford,10,median_of_means,6,300,-5.124999999999984,-0.15286404500040707,0.15286404500040707
14,clifford,10,median_of_means,6,1000,-6.174698795180699,-1.2025628401811224,1.2025628401811224
14,clifford,10,median_of_means,6,3000,-4.099999999999982,0.8721359549995951,0.8721359549995951
14,clifford,10,median_of_means,6,10000,-4.921968787514988,0.05016716748458894,0.05016716748458894
14,clifford,10,median_of_means,6,20000,-5.112698769876974,-0.14056281487739675,0.14056281487739675
14,clifford,10,median_of_means,6,30000,-5.40687499999998,-0.43473904500040295,0.43473904500040295
14,clifford,10,median_of_means,6,40000,-5.63165691569155,-0.6595209606919727,0.6595209606919727
14,clifford,10,median_of_means,6,50000,-5.519845793831733,-0.547709838832156,0.547709838832156
14,clifford,10,median_of_means,6,60000,-5.419687499999982,-0.4475515450004046,0.4475515450004046
14,clifford,10,median_of_means,6,70000,-5.403523058460464,-0.43138710346088693,0.43138710346088693
14,clifford,10,median_of_means,6,80000,-5.496699917497919,-0.524563962498342,0.524563962498342
14,clifford,10,median_of_means,6,90000,-5.63749999999998,-0.6653640450004028,0.6653640450004028
14,clifford,10,median_of_means,6,100000,-5.4506555262210306,-0.4785195712214536,0.4785195712214536
14,seeqst_uniform,10,median_of_means,6,10,0.0,4.972135954999577,4.972135954999577
14,seeqst_uniform,10,median_of_means,6,30,0.0,4.972135954999577,4.972135954999577
14,seeqst_uniform,10,median_of_means,6,100,0.0,4.972135954999577,4.972135954999577
14,seeqst_uniform,10,median_of_means,6,300,0.0,4.972135954999577,4.972135954999577
14,seeqst_uniform,10,median_of_means,6,1000,-6.168674698795181,-1.196538743795604,1.196538743795604
14,seeqst_uniform,10,median_of_means,6,3000,-3.072,1.9001359549995769,1.9001359549995769
14,seeqst_uniform,10,median_of_means,6,10000,-6.146458583433374,-1.1743226284337966,1.1743226284337966
14,seeqst_uniform,10,median_of_means,6,20000,-5.990999099909991,-1.018863144910414,1.018863144910414
14,seeqst_uniform,10,median_of_means,6,30000,-5.0176,-0.04546404500042289,0.04546404500042289
14,seeqst_uniform,10,median_of_means,6,40000,-5.453345334533454,-0.481209379533877,0.481209379533877
14,seeqst_uniform,10,median_of_means,6,50000,-5.03828153126125,-0.06614557626167272,0.06614557626167272
14,seeqst_uniform,10,median_of_means,6,60000,-5.2736,-0.3014640450004231,0.3014640450004231
14,seeqst_uniform,10,median_of_means,6,70000,-5.0032573289902285,-0.031121373990651513,0.031121373990651513
14,seeqst_uniform,10,median_of_means,6,80000,-4.723318082952074,0.24881787204750339,0.24881787204750339
14,seeqst_uniform,10,median_of_means,6,90000,-4.881066666666666,0.0910692883329105,0.0910692883329105
14,seeqst_uniform,10,median_of_means,6,100000,-4.3009720388815555,0.6711639161180214,0.6711639161180214
14,seeqst_binomial_q0.09091,10,median_of_means,6,10,0.0,4.972135954999577,4.972135954999577
14,seeqst_binomial_q0.09091,10,median_of_means,6,30,0.0,4.972135954999577,4.972135954999577
14,seeqst_binomial_q0.09091,10,median_of_means,6,100,16.2108903775703,21.183026332569877,21.183026332569877
14,seeqst_binomial_q0.09091,10,median_of_means,6,300,2.593742460411248,7.565878415410825,7.565878415410825
14,seeqst_binomial_q0.09091,10,median_of_means,6,1000,-4.687486374237196,0.2846495807623812,0.2846495807623812
14,seeqst_binomial_q0.09091,10,median_of_means,6,3000,-5.706233412904746,-0.7340974579051691,0.7340974579051691
14,seeqst_binomial_q0.09091,10,median_of_means,6,10000,-3.970013970017217,1.00212198498236,1.00212198498236
14,seeqst_binomial_q0.09091,10,median_of_means,6,20000,-4.8637534886199525,0.10838246637962445,0.10838246637962445
14,seeqst_binomial_q0.09091,10,median_of_means,6,30000,-4.954048099385483,0.018087855614093762,0.018087855614093762
14,seeqst_binomial_q0.09091,10,median_of_means,6,40000,-4.727568390938593,0.24456756406098368,0.24456756406098368
14,seeqst_binomial_q0.09091,10,median_of_means,6,50000,-4.762301649381027,0.20983430561854988,0.20983430561854988
14,seeqst_binomial_q0.09091,10,median_of_means,6,60000,-4.681705141042304,0.2904308139572729,0.2904308139572729
14,seeqst_binomial_q0.09091,10,median_of_means,6,70000,-4.746819949406836,0.2253160055927408,0.2253160055927408
14,seeqst_binomial_q0.09091,10,median_of_means,6,80000,-4.834208365800609,0.1379275891989682,0.1379275891989682
14,seeqst_binomial_q0.09091,10,median_of_means,6,90000,-4.599569963129281,0.37256599187029593,0.37256599187029593
14,seeqst_binomial_q0.09091,10,median_of_means,6,100000,-4.738957033452689,0.23317892154688824,0.23317892154688824
14,seeqst_binomial_q0.5,10,median_of_means,6,10,0.0,4.972135954999577,4.972135954999577
14,seeqst_binomial_q0.5,10,median_of_means,6,30,0.0,4.972135954999577,4.972135954999577
14,seeqst_binomial_q0.5,10,median_of_means,6,100,0.0,4.972135954999577,4.972135954999577
14,seeqst_binomial_q0.5,10,median_of_means,6,300,0.0,4.972135954999577,4.972135954999577
14,seeqst_binomial_q0.5,10,median_of_means,6,1000,3.0843373493975905,8.056473304397167,8.056473304397167
14,seeqst_binomial_q0.5,10,median_of_means,6,3000,-5.12,-0.14786404500042316,0.14786404500042316
14,seeqst_binomial_q0.5,10,median_of_means,6,10000,-3.3805522208883554,1.5915837341112216,1.5915837341112216
14,seeqst_binomial_q0.5,10,median_of_means,6,20000,-3.993999399939994,0.9781365550595829,0.9781365550595829
14,seeqst_binomial_q0.5,10,median_of_means,6,30000,-3.8911999999999995,1.0809359549995774,1.0809359549995774
14,seeqst_binomial_q0.5,10,median_of_means,6,40000,-4.915691569156916,0.05644438584266087,0.05644438584266087
14,seeqst_binomial_q0.5,10,median_of_means,6,50000,-4.362414496579863,0.6097214584197141,0.6097214584197141
14,seeqst_binomial_q0.5,10,median_of_means,6,60000,-4.2496,0.7225359549995769,0.7225359549995769
14,seeqst_binomial_q0.5,10,median_of_means,6,70000,-4.169381107491857,0.8027548475077202,0.8027548475077202
14,seeqst_binomial_q0.5,10,median_of_means,6,80000,-4.4929123228080705,0.47922363219150643,0.47922363219150643
14,seeqst_binomial_q0.5,10,median_of_means,6,90000,-4.096,0.8761359549995769,0.8761359549995769
14,seeqst_binomial_q0.5,10,median_of_means,6,100000,-4.362414496579863,0.6097214584197141,0.6097214584197141
14,seeqst_binomial_tuned,10,median_of_means,6,10,0.0,4.972135954999577,4.972135954999577
14,seeqst_binomial_tuned,10,median_of_means,6,30,0.0,4.972135954999577,4.972135954999577
14,seeqst_binomial_tuned,10,median_of_means,6,100,-9.313225746154783,-4.341089791155206,4.341089791155206
14,seeqst_binomial_tuned,10,median_of_means,6,300,-8.940696716308592,-3.968560761309015,3.968560761309015
14,seeqst_binomial_tuned,10,median_of_means,6,1000,-7.630112659500304,-2.6579767045007268,2.6579767045007268
14,seeqst_binomial_tuned,10,median_of_means,6,3000,-5.215406417846678,-0.24327046284710097,0.24327046284710097
14,seeqst_binomial_tuned,10,median_of_means,6,10000,-4.829908190082673,0.14222776491690414,0.14222776491690414
14,seeqst_binomial_tuned,10,median_of_means,6,20000,-5.096706798975793,-0.12457084397621632,0.12457084397621632
14,seeqst_binomial_tuned,10,median_of_means,6,30000,-5.036592483520506,-0.06445652852092909,0.06445652852092909
14,seeqst_binomial_tuned,10,median_of_means,6,40000,-5.119060776164284,-0.14692482116470718,0.14692482116470718
14,seeqst_binomial_tuned,10,median_of_means,6,50000,-5.1053420386937525,-0.13320608369417553,0.13320608369417553
14,seeqst_binomial_tuned,10,median_of_means,6,60000,-5.029141902923582,-0.05700594792400526,0.05700594792400526
14,seeqst_binomial_tuned,10,median_of_means,6,70000,-5.06455547176461,-0.09241951676503302,0.09241951676503302
14,seeqst_binomial_tuned,10,median_of_means,6,80000,-5.04044378491359,-0.06830782991401296,0.06830782991401296
14,seeqst_binomial_tuned,10,median_of_means,6,90000,-5.071361859639484,-0.09922590463990666,0.09922590463990666
14,seeqst_binomial_tuned,10,median_of_means,6,100000,-4.984637804854233,-0.0125018498546563,0.0125018498546563
15,pauli,10,median_of_means,6,10,-4.4999999999999964,0.4721359549995805,0.4721359549995805
15,pauli,10,median_of_means,6,30,-8.099999999999998,-3.127864045000421,3.127864045000421
15,pauli,10,median_of_means,6,100,-9.140624999999993,-4.168489045000416,4.168489045000416
15,pauli,10,median_of_means,6,300,-3.7574999999999976,1.2146359549995793,1.2146359549995793
15,pauli,10,median_of_means,6,1000,-3.5444277108433724,1.4277082441562046,1.4277082441562046
15,pauli,10,median_of_means,6,3000,-4.043249999999999,0.9288859549995783,0.9288859549995783
15,pauli,10,median_of_means,6,10000,-4.0907863145258085,0.8813496404737684,0.8813496404737684
15,pauli,10,median_of_means,6,20000,-4.0696444644464425,0.9024914905531345,0.9024914905531345
15,pauli,10,median_of_means,6,30000,-4.592474999999997,0.3796609549995802,0.3796609549995802
15,pauli,10,median_of_means,6,40000,-4.117574257425741,0.8545616975738364,0.8545616975738364
15,pauli,10,median_of_means,6,50000,-4.162081483259328,0.8100544717402487,0.8100544717402487
15,pauli,10,median_of_means,6,60000,-4.526549999999997,0.4455859549995802,0.4455859549995802
15,pauli,10,median_of_means,6,70000,-4.539248671352645,0.43288728364693174,0.43288728364693174
15,pauli,10,median_of_means,6,80000,-4.334030225755642,0.6381057292439349,0.6381057292439349
15,pauli,10,median_of_means,6,90000,-4.684124999999998,0.28801095499957885,0.28801095499957885
15,pauli,10,median_of_means,6,100000,-4.917774210968435,0.05436174403114169,0.05436174403114169
15,clifford,10,median_of_means,6,10,-4.2760469494839964e-17,4.972135954999577,4.972135954999577
15,clifford,10,median_of_means,6,30,-4.107177425838896e-15,4.9721359549995725,4.9721359549995725
15,clifford,10,median_of_means,6,100,-16.015624999999943,-11.043489045000367,11.043489045000367
15,clifford,10,median_of_means,6,300,-15.374999999999954,-10.402864045000378,10.402864045000378
15,clifford,10,median_of_means,6,1000,-6.94653614457829,-1.9744001895787129,1.9744001895787129
15,clifford,10,median_of_means,6,3000,-7.4312499999999755,-2.4591140450003985,2.4591140450003985
15,clifford,10,median_of_means,6,10000,-5.537214885954365,-0.5650789309547877,0.5650789309547877
15,clifford,10,median_of_means,6,20000,-5.112698769876971,-0.14056281487739408,0.14056281487739408
15,clifford,10,median_of_means,6,30000,-5.509374999999981,-0.5372390450004039,0.5372390450004039
15,clifford,10,median_of_means,6,40000,-5.324126162616242,-0.351990207616665,0.351990207616665
15,clifford,10,median_of_means,6,50000,-5.089328573142907,-0.11719261814333048,0.11719261814333048
15,clifford,10,median_of_means,6,60000,-5.060937499999981,-0.08880154500040405,0.08880154500040405
15,clifford,10,median_of_means,6,70000,-5.3486092062403365,-0.3764732512407596,0.3764732512407596
15,clifford,10,median_of_means,6,80000,-4.996999924998106,-0.024863969998529356,0.024863969998529356
15,clifford,10,median_of_means,6,90000,-4.928541666666649,0.04359428833292789,0.04359428833292789
15,clifford,10,median_of_means,6,100000,-5.227709108364317,-0.2555731533647396,0.2555731533647396
15,seeqst_uniform,10,median_of_means,6,10,0.0,4.972135954999577,4.972135954999577
15,seeqst_uniform,10,median_of_means,6,30,0.0,4.972135954999577,4.972135954999577
15,seeqst_uniform,10,median_of_means,6,100,-32.0,-27.027864045000424,27.027864045000424
15,seeqst_uniform,10,median_of_means,6,300,-10.24,-5.267864045000423,5.267864045000423
15,seeqst_uniform,10,median_of_means,6,1000,0.0,4.972135954999577,4.972135954999577
15,seeqst_uniform,10,median_of_means,6,3000,-7.168,-2.195864045000423,2.195864045000423
15,seeqst_uniform,10,median_of_means,6,10000,-6.453781512605042,-1.4816455576054652,1.4816455576054652
15,seeqst_uniform,10,median_of_means,6,20000,-4.301230123012301,0.6709058319872758,0.6709058319872758
15,seeqst_uniform,10,median_of_means,6,30000,-4.6080000000000005,0.3641359549995764,0.3641359549995764
15,seeqst_uniform,10,median_of_means,6,40000,-4.070807080708071,0.9013288742915062,0.9013288742915062
15,seeqst_uniform,10,median_of_means,6,50000,-4.485299411976479,0.48683654302309787,0.48683654302309787
15,seeqst_uniform,10,median_of_means,6,60000,-4.300800000000001,0.6713359549995763,0.6713359549995763
15,seeqst_uniform,10,median_of_means,6,70000,-5.266586662094977,-0.29445070709540033,0.29445070709540033
15,seeqst_uniform,10,median_of_means,6,80000,-4.569714242856071,0.4024217121435063,0.4024217121435063
15,seeqst_uniform,10,median_of_means,6,90000,-4.573866666666667,0.39826928833290953,0.39826928833290953
15,seeqst_uniform,10,median_of_means,6,100000,-4.853954158166327,0.11818179683324992,0.11818179683324992
15,seeqst_binomial_q0.09091,10,median_of_means,6,10,0.0,4.972135954999577,4.972135954999577
15,seeqst_binomial_q0.09091,10,median_of_means,6,30,0.0,4.972135954999577,4.972135954999577
15,seeqst_binomial_q0.09091,10,median_of_means,6,100,0.0,4.972135954999577,4.972135954999577
15,seeqst_binomial_q0.09091,10,median_of_means,6,300,-2.593742460411248,2.378393494588329,2.378393494588329
15,seeqst_binomial_q0.09091,10,median_of_means,6,1000,-6.249981832316261,-1.2778458773166843,1.2778458773166843
15,seeqst_binomial_q0.09091,10,median_of_means,6,3000,-2.853116706452373,2.119019248547204,2.119019248547204
15,seeqst_binomial_q0.09091,10,median_of_means,6,10000,-4.359231025901257,0.6129049290983195,0.6129049290983195
15,seeqst_binomial_q0.09091,10,median_of_means,6,20000,-4.8637534886199525,0.10838246637962445,0.10838246637962445
15,seeqst_binomial_q0.09091,10,median_of_means,6,30000,-5.109672647010159,-0.13753669201058205,0.13753669201058205
15,seeqst_binomial_q0.09091,10,median_of_means,6,40000,-4.961028558392352,0.011107396607225262,0.011107396607225262
15,seeqst_binomial_q0.09091,10,median_of_means,6,50000,-5.244757045233355,-0.2726210902337778,0.2726210902337778
15,seeqst_binomial_q0.09091,10,median_of_means,6,60000,-5.174516208520441,-0.20238025352086364,0.20238025352086364
15,seeqst_binomial_q0.09091,10,median_of_means,6,70000,-5.302653667135974,-0.33051771213639736,0.33051771213639736
15,seeqst_binomial_q0.09091,10,median_of_means,6,80000,-5.213552684243715,-0.24141672924413804,0.24141672924413804
15,seeqst_binomial_q0.09091,10,median_of_means,6,90000,-5.273943002836205,-0.30180704783662815,0.30180704783662815
15,seeqst_binomial_q0.09091,10,median_of_means,6,100000,-5.392606279446163,-0.42047032444658594,0.42047032444658594
15,seeqst_binomial_q0.5,10,median_of_means,6,10,0.0,4.972135954999577,4.972135954999577
15,seeqst_binomial_q0.5,10,median_of_means,6,30,0.0,4.972135954999577,4.972135954999577
15,seeqst_binomial_q0.5,10,median_of_means,6,100,0.0,4.972135954999577,4.972135954999577
15,seeqst_binomial_q0.5,10,median_of_means,6,300,0.0,4.972135954999577,4.972135954999577
15,seeqst_binomial_q0.5,10,median_of_means,6,1000,-6.168674698795181,-1.196538743795604,1.196538743795604
15,seeqst_binomial_q0.5,10,median_of_means,6,3000,-7.168,-2.195864045000423,2.195864045000423
15,seeqst_binomial_q0.5,10,median_of_means,6,10000,-4.609843937575031,0.3622920174245463,0.3622920174245463
15,seeqst_binomial_q0.5,10,median_of_means,6,20000,-5.53015301530153,-0.5580170603019532,0.5580170603019532
15,seeqst_binomial_q0.5,10,median_of_means,6,30000,-6.2463999999999995,-1.2742640450004226,1.2742640450004226
15,seeqst_binomial_q0.5,10,median_of_means,6,40000,-5.837383738373838,-0.8652477833742607,0.8652477833742607
15,seeqst_binomial_q0.5,10,median_of_means,6,50000,-4.731069242769711,0.2410667122298662,0.2410667122298662
15,seeqst_binomial_q0.5,10,median_of_means,6,60000,-5.0176,-0.04546404500042289,0.04546404500042289
15,seeqst_binomial_q0.5,10,median_of_means,6,70000,-5.091033773358477,-0.11889781835890023,0.11889781835890023
15,seeqst_binomial_q0.5,10,median_of_means,6,80000,-5.529738243456086,-0.5576022884565095,0.5576022884565095
15,seeqst_binomial_q0.5,10,median_of_means,6,90000,-5.632,-0.6598640450004227,0.6598640450004227
15,seeqst_binomial_q0.5,10,median_of_means,6,100000,-5.744869794791792,-0.772733839792215,0.772733839792215
15,seeqst_binomial_tuned,10,median_of_means,6,10,0.0,4.972135954999577,4.972135954999577
15,seeqst_binomial_tuned,10,median_of_means,6,30,-14.901161193847653,-9.929025238848077,9.929025238848077
15,seeqst_binomial_tuned,10,median_of_means,6,100,-4.656612873077392,0.31552308192218526,0.31552308192218526
15,seeqst_binomial_tuned,10,median_of_means,6,300,-1.4901161193847645,3.482019835614812,3.482019835614812
15,seeqst_binomial_tuned,10,median_of_means,6,1000,-4.488301564411944,0.4838343905876332,0.4838343905876332
15,seeqst_binomial_tuned,10,median_of_means,6,3000,-4.768371582031248,0.20376437296832872,0.20376437296832872
15,seeqst_binomial_tuned,10,median_of_means,6,10000,-4.248530352387536,0.7236056026120412,0.7236056026120412
15,seeqst_binomial_tuned,10,median_of_means,6,20000,-4.82845907271391,0.14367688228566688,0.14367688228566688
15,seeqst_binomial_tuned,10,median_of_means,6,30000,-4.619359970092772,0.3527759849068053,0.3527759849068053
15,seeqst_binomial_tuned,10,median_of_means,6,40000,-4.861990038496646,0.1101459165029306,0.1101459165029306
15,seeqst_binomial_tuned,10,median_of_means,6,50000,-4.756640918712918,0.21549503628665878,0.21549503628665878
15,seeqst_binomial_tuned,10,median_of_means,6,60000,-4.895031452178953,0.07710450282062364,0.07710450282062364
15,seeqst_binomial_tuned,10,median_of_means,6,70000,-4.636654820304044,0.33548113469553265,0.33548113469553265
15,seeqst_binomial_tuned,10,median_of_means,6,80000,-4.79456847833244,0.17756747666713668,0.17756747666713668
15,seeqst_binomial_tuned,10,median_of_means,6,90000,-4.73360220591227,0.23853374908730718,0.23853374908730718
15,seeqst_binomial_tuned,10,median_of_means,6,100000,-4.7789935546091264,0.1931424003904505,0.1931424003904505
16,pauli,10,median_of_means,6,10,-10.124999999999991,-5.152864045000414,5.152864045000414
16,pauli,10,median_of_means,6,30,-1.5749999999999988,3.397135954999578,3.397135954999578
16,pauli,10,median_of_means,6,100,-0.6328125,4.339323454999577,4.339323454999577
16,pauli,10,median_of_means,6,300,-1.2149999999999996,3.757135954999577,3.757135954999577
16,pauli,10,median_of_means,6,1000,0.033885542168674176,5.006021497168251,5.006021497168251
16,pauli,10,median_of_means,6,3000,-2.6437499999999985,2.3283859549995785,2.3283859549995785
16,pauli,10,median_of_means,6,10000,-3.724114645858341,1.2480213091412358,1.2480213091412358
16,pauli,10,median_of_means,6,20000,-5.042416741674165,-0.07028078667458804,0.07028078667458804
16,pauli,10,median_of_means,6,30000,-4.908149999999997,0.0639859549995796,0.0639859549995796
16,pauli,10,median_of_means,6,40000,-5.480198019801978,-0.5080620648024015,0.5080620648024015
16,pauli,10,median_of_means,6,50000,-5.577073082923313,-0.6049371279237361,0.6049371279237361
16,pauli,10,median_of_means,6,60000,-5.289637499999998,-0.3175015450004208,0.3175015450004208
16,pauli,10,median_of_means,6,70000,-5.888554345962624,-0.916418390963047,0.916418390963047
16,pauli,10,median_of_means,6,80000,-5.464092852321306,-0.491956897321729,0.491956897321729
16,pauli,10,median_of_means,6,90000,-5.421824999999997,-0.4496890450004196,0.4496890450004196
16,pauli,10,median_of_means,6,100000,-5.3411511460458385,-0.36901519104626157,0.36901519104626157
16,clifford,10,median_of_means,6,10,1.860567778981191e-32,4.972135954999577,4.972135954999577
16,clifford,10,median_of_means,6,30,-1.8003177074121825e-15,4.972135954999575,4.972135954999575
16,clifford,10,median_of_means,6,100,-1.9744798248922524e-15,4.972135954999575,4.972135954999575
16,clifford,10,median_of_means,6,300,-2.562499999999992,2.409635954999585,2.409635954999585
16,clifford,10,median_of_means,6,1000,-3.087349397590339,1.884786557409238,1.884786557409238
16,clifford,10,median_of_means,6,3000,-3.074999999999986,1.897135954999591,1.897135954999591
16,clifford,10,median_of_means,6,10000,-4.768157262905143,0.20397869209443353,0.20397869209443353
16,clifford,10,median_of_means,6,20000,-5.458670867086688,-0.4865349120871114,0.4865349120871114
16,clifford,10,median_of_means,6,30000,-4.971249999999982,0.0008859549995952065,0.0008859549995952065
16,clifford,10,median_of_means,6,40000,-5.055036753675349,-0.08290079867577216,0.08290079867577216
16,clifford,10,median_of_means,6,50000,-4.935572422896898,0.036563532102679375,0.036563532102679375
16,clifford,10,median_of_means,6,60000,-4.971249999999983,0.0008859549995943183,0.0008859549995943183
16,clifford,10,median_of_means,6,70000,-4.986177781587502,-0.014041826587924966,0.014041826587924966
16,clifford,10,median_of_means,6,80000,-4.977780694517344,-0.005644739517767228,0.005644739517767228
16,clifford,10,median_of_means,6,90000,-4.979791666666648,-0.007655711667070797,0.007655711667070797
16,clifford,10,median_of_means,6,100000,-4.897133385335396,0.07500256966418117,0.07500256966418117
16,seeqst_uniform,10,median_of_means,6,10,0.0,4.972135954999577,4.972135954999577
16,seeqst_uniform,10,median_of_means,6,30,0.0,4.972135954999577,4.972135954999577
16,seeqst_uniform,10,median_of_means,6,100,0.0,4.972135954999577,4.972135954999577
16,seeqst_uniform,10,median_of_means,6,300,0.0,4.972135954999577,4.972135954999577
16,seeqst_uniform,10,median_of_means,6,1000,3.0843373493975905,8.056473304397167,8.056473304397167
16,seeqst_uniform,10,median_of_means,6,3000,-4.096,0.8761359549995769,0.8761359549995769
16,seeqst_uniform,10,median_of_means,6,10000,-4.917166866746698,0.054969088252878606,0.054969088252878606
16,seeqst_uniform,10,median_of_means,6,20000,-6.144614461446144,-1.1724785064465673,1.1724785064465673
16,seeqst_uniform,10,median_of_means,6,30000,-4.812799999999999,0.15933595499957764,0.15933595499957764
16,seeqst_uniform,10,median_of_means,6,40000,-5.683768376837683,-0.7116324218381065,0.7116324218381065
16,seeqst_uniform,10,median_of_means,6,50000,-4.853954158166326,0.11818179683325081,0.11818179683325081
16,seeqst_uniform,10,median_of_means,6,60000,-4.2496,0.7225359549995769,0.7225359549995769
16,seeqst_uniform,10,median_of_means,6,70000,-4.652151551517229,0.3199844034823478,0.3199844034823478
16,seeqst_uniform,10,median_of_means,6,80000,-4.45451136278407,0.5176245922155074,0.5176245922155074
16,seeqst_uniform,10,median_of_means,6,90000,-4.881066666666666,0.0910692883329105,0.0910692883329105
16,seeqst_uniform,10,median_of_means,6,100000,-4.608184327373095,0.3639516276264816,0.3639516276264816
16,seeqst_binomial_q0.09091,10,median_of_means,6,10,0.0,4.972135954999577,4.972135954999577
16,seeqst_binomial_q0.09091,10,median_of_means,6,30,0.0,4.972135954999577,4.972135954999577
16,seeqst_binomial_q0.09091,10,median_of_means,6,100,-8.10544518878515,-3.1333092337855737,3.1333092337855737
16,seeqst_binomial_q0.09091,10,median_of_means,6,300,-2.593742460411248,2.378393494588329,2.378393494588329
16,seeqst_binomial_q0.09091,10,median_of_means,6,1000,-5.468734103276728,-0.4965981482771511,0.4965981482771511
16,seeqst_binomial_q0.09091,10,median_of_means,6,3000,-4.928110674781372,0.04402528021820462,0.04402528021820462
16,seeqst_binomial_q0.09091,10,median_of_means,6,10000,-4.748448081785298,0.22368787321427863,0.22368787321427863
16,seeqst_binomial_q0.09091,10,median_of_means,6,20000,-4.9026635165289125,0.06947243847066442,0.06947243847066442
16,seeqst_binomial_q0.09091,10,median_of_means,6,30000,-4.7724861271566965,0.19964982784288043,0.19964982784288043
16,seeqst_binomial_q0.09091,10,median_of_means,6,40000,-5.09721365607371,-0.12507770107413307,0.12507770107413307
16,seeqst_binomial_q0.09091,10,median_of_means,6,50000,-5.0735631950922055,-0.1014272400926286,0.1014272400926286
16,seeqst_binomial_q0.09091,10,median_of_means,6,60000,-4.850298400969034,0.12183755403054253,0.12183755403054253
16,seeqst_binomial_q0.09091,10,median_of_means,6,70000,-5.069203505689735,-0.09706755069015838,0.09706755069015838
16,seeqst_binomial_q0.09091,10,median_of_means,6,80000,-5.057924245908081,-0.08578829090850437,0.08578829090850437
16,seeqst_binomial_q0.09091,10,median_of_means,6,90000,-4.893527441975889,0.07860851302368754,0.07860851302368754
16,seeqst_binomial_q0.09091,10,median_of_means,6,100000,-5.081344733734984,-0.10920877873540746,0.10920877873540746
16,seeqst_binomial_q0.5,10,median_of_means,6,10,0.0,4.972135954999577,4.972135954999577
16,seeqst_binomial_q0.5,10,median_of_means,6,30,0.0,4.972135954999577,4.972135954999577
16,seeqst_binomial_q0.5,10,median_of_means,6,100,0.0,4.972135954999577,4.972135954999577
16,seeqst_binomial_q0.5,10,median_of_means,6,300,-10.24,-5.267864045000423,5.267864045000423
16,seeqst_binomial_q0.5,10,median_of_means,6,1000,-6.168674698795181,-1.196538743795604,1.196538743795604
16,seeqst_binomial_q0.5,10,median_of_means,6,3000,-6.144,-1.1718640450004232,1.1718640450004232
16,seeqst_binomial_q0.5,10,median_of_means,6,10000,-5.224489795918368,-0.2523538409187909,0.2523538409187909
16,seeqst_binomial_q0.5,10,median_of_means,6,20000,-5.069306930693069,-0.09717097569349242,0.09717097569349242
16,seeqst_binomial_q0.5,10,median_of_means,6,30000,-4.608,0.3641359549995773,0.3641359549995773
16,seeqst_binomial_q0.5,10,median_of_means,6,40000,-5.222922292229223,-0.2507863372296457,0.2507863372296457
16,seeqst_binomial_q0.5,10,median_of_means,6,50000,-4.3009720388815555,0.6711639161180214,0.6711639161180214
16,seeqst_binomial_q0.5,10,median_of_means,6,60000,-4.7104,0.261735954999577,0.261735954999577
16,seeqst_binomial_q0.5,10,median_of_means,6,70000,-5.0032573289902285,-0.031121373990651513,0.031121373990651513
16,seeqst_binomial_q0.5,10,median_of_means,6,80000,-4.9153228830720765,0.0568130719275004,0.0568130719275004
16,seeqst_binomial_q0.5,10,median_of_means,6,90000,-4.5738666666666665,0.3982692883329104,0.3982692883329104
16,seeqst_binomial_q0.5,10,median_of_means,6,100000,-4.731069242769711,0.2410667122298662,0.2410667122298662
16,seeqst_binomial_tuned,10,median_of_means,6,10,0.0,4.972135954999577,4.972135954999577
16,seeqst_binomial_tuned,10,median_of_means,6,30,0.0,4.972135954999577,4.972135954999577
16,seeqst_binomial_tuned,10,median_of_means,6,100,-9.313225746154783,-4.341089791155206,4.341089791155206
16,seeqst_binomial_tuned,10,median_of_means,6,300,-5.960464477539062,-0.9883285225394847,0.9883285225394847
16,seeqst_binomial_tuned,10,median_of_means,6,1000,-3.590641251529555,1.3814947034700218,1.3814947034700218
16,seeqst_binomial_tuned,10,median_of_means,6,3000,-3.42726707458496,1.544868880414617,1.544868880414617
16,seeqst_binomial_tuned,10,median_of_means,6,10000,-5.187679167125832,-0.2155432121262555,0.2155432121262555
16,seeqst_binomial_tuned,10,median_of_means,6,20000,-4.962582935844852,0.009553019154725284,0.009553019154725284
16,seeqst_binomial_tuned,10,median_of_means,6,30000,-5.155801773071287,-0.18366581807171034,0.18366581807171034
16,seeqst_binomial_tuned,10,median_of_means,6,40000,-4.929051970062117,0.043083984937459796,0.043083984937459796
16,seeqst_binomial_tuned,10,median_of_means,6,50000,-5.132165201769202,-0.16002924676962493,0.16002924676962493
16,seeqst_binomial_tuned,10,median_of_means,6,60000,-5.088746547698973,-0.11661059269939589,0.11661059269939589
16,seeqst_binomial_tuned,10,median_of_means,6,70000,-5.224219893951389,-0.25208393895181214,0.25208393895181214
16,seeqst_binomial_tuned,10,median_of_means,6,80000,-5.258378715746883,-0.2862427607473057,0.2862427607473057
16,seeqst_binomial_tuned,10,median_of_means,6,90000,-5.255142847696938,-0.2830068926973608,0.2830068926973608
16,seeqst_binomial_tuned,10,median_of_means,6,100000,-5.06510729408058,-0.09297133908100275,0.09297133908100275
17,pauli,10,median_of_means,6,10,-6.7499999999999964,-1.7778640450004195,1.7778640450004195
17,pauli,10,median_of_means,6,30,1.7999999999999985,6.772135954999575,6.772135954999575
17,pauli,10,median_of_means,6,100,-4.640624999999998,0.3315109549995787,0.3315109549995787
17,pauli,10,median_of_means,6,300,-2.632499999999998,2.339635954999579,2.339635954999579
17,pauli,10,median_of_means,6,1000,-1.3283132530120474,3.6438227019875296,3.6438227019875296
17,pauli,10,median_of_means,6,3000,-1.707749999999999,3.264385954999578,3.264385954999578
17,pauli,10,median_of_means,6,10000,-2.496473589435773,2.475662365563804,2.475662365563804
17,pauli,10,median_of_means,6,20000,-4.131075607560754,0.8410603474388232,0.8410603474388232
17,pauli,10,median_of_means,6,30000,-4.360949999999998,0.6111859549995788,0.6111859549995788
17,pauli,10,median_of_means,6,40000,-4.726316381638162,0.24581957336141524,0.24581957336141524
17,pauli,10,median_of_means,6,50000,-5.234969398775948,-0.26283344377637086,0.26283344377637086
17,pauli,10,median_of_means,6,60000,-4.867874999999997,0.10426095499957988,0.10426095499957988
17,pauli,10,median_of_means,6,70000,-5.631846819818271,-0.6597108648186945,0.6597108648186945
17,pauli,10,median_of_means,6,80000,-4.684870246756166,0.28726570824341113,0.28726570824341113
17,pauli,10,median_of_means,6,90000,-4.947149999999998,0.024985954999579008,0.024985954999579008
17,pauli,10,median_of_means,6,100000,-5.177119584783389,-0.20498362978381213,0.20498362978381213
17,clifford,10,median_of_means,6,10,3.924437945994702e-15,4.9721359549995805,4.9721359549995805
17,clifford,10,median_of_means,6,30,5.0826626236425376e-15,4.972135954999582,4.972135954999582
17,clifford,10,median_of_means,6,100,-16.01562499999995,-11.043489045000374,11.043489045000374
17,clifford,10,median_of_means,6,300,-15.374999999999947,-10.40286404500037,10.40286404500037
17,clifford,10,median_of_means,6,1000,-6.174698795180692,-1.2025628401811153,1.2025628401811153
17,clifford,10,median_of_means,6,3000,-6.918749999999977,-1.9466140450004001,1.9466140450004001
17,clifford,10,median_of_means,6,10000,-5.306497599039598,-0.3343616440400208,0.3343616440400208
17,clifford,10,median_of_means,6,20000,-4.920492049204901,0.05164390579467604,0.05164390579467604
17,clifford,10,median_of_means,6,30000,-5.32999999999998,-0.3578640450004027,0.3578640450004027
17,clifford,10,median_of_means,6,40000,-4.901271377137695,0.07086457786188216,0.07086457786188216
17,clifford,10,median_of_means,6,50000,-4.259045361814458,0.713090593185119,0.713090593185119
17,clifford,10,median_of_means,6,60000,-4.740624999999984,0.2315109549995933,0.2315109549995933
17,clifford,10,median_of_means,6,70000,-4.8543845362591975,0.11775141874037942,0.11775141874037942
17,clifford,10,median_of_means,6,80000,-4.64144416110401,0.3306917938955669,0.3306917938955669
17,clifford,10,median_of_means,6,90000,-4.962708333333315,0.009427621666262098,0.009427621666262098
17,clifford,10,median_of_means,6,100000,-4.874069962798494,0.09806599220108314,0.09806599220108314
17,seeqst_uniform,10,median_of_means,6,10,0.0,4.972135954999577,4.972135954999577
17,seeqst_uniform,10,median_of_means,6,30,0.0,4.972135954999577,4.972135954999577
17,seeqst_uniform,10,median_of_means,6,100,0.0,4.972135954999577,4.972135954999577
17,seeqst_uniform,10,median_of_means,6,300,0.0,4.972135954999577,4.972135954999577
17,seeqst_uniform,10,median_of_means,6,1000,-6.168674698795181,-1.196538743795604,1.196538743795604
17,seeqst_uniform,10,median_of_means,6,3000,-7.168,-2.195864045000423,2.195864045000423
17,seeqst_uniform,10,median_of_means,6,10000,-4.302521008403361,0.6696149465962158,0.6696149465962158
17,seeqst_uniform,10,median_of_means,6,20000,-6.605460546054605,-1.633324591055028,1.633324591055028
17,seeqst_uniform,10,median_of_means,6,30000,-6.4512,-1.479064045000423,1.479064045000423
17,seeqst_uniform,10,median_of_means,6,40000,-5.683768376837683,-0.7116324218381065,0.7116324218381065
17,seeqst_uniform,10,median_of_means,6,50000,-5.222608904356174,-0.25047294935659714,0.25047294935659714
17,seeqst_uniform,10,median_of_means,6,60000,-5.3759999999999994,-0.4038640450004225,0.4038640450004225
17,seeqst_uniform,10,median_of_means,6,70000,-5.354363106463227,-0.38222715146364994,0.38222715146364994
17,seeqst_uniform,10,median_of_means,6,80000,-5.452936323408085,-0.4808003684085085,0.4808003684085085
17,seeqst_uniform,10,median_of_means,6,90000,-5.358933333333333,-0.38679737833375594,0.38679737833375594
17,seeqst_uniform,10,median_of_means,6,100000,-5.3454938197527895,-0.37335786475321253,0.37335786475321253
17,seeqst_binomial_q0.09091,10,median_of_means,6,10,0.0,4.972135954999577,4.972135954999577
17,seeqst_binomial_q0.09091,10,median_of_means,6,30,0.0,4.972135954999577,4.972135954999577
17,seeqst_binomial_q0.09091,10,median_of_means,6,100,0.0,4.972135954999577,4.972135954999577
17,seeqst_binomial_q0.09091,10,median_of_means,6,300,-5.187484920822496,-0.21534896582291907,0.21534896582291907
17,seeqst_binomial_q0.09091,10,median_of_means,6,1000,-1.562495458079065,3.409640496920512,3.409640496920512
17,seeqst_binomial_q0.09091,10,median_of_means,6,3000,-4.149987936657998,0.8221480183415792,0.8221480183415792
17,seeqst_binomial_q0.09091,10,median_of_means,6,10000,-4.125700792370833,0.8464351626287439,0.8464351626287439
17,seeqst_binomial_q0.09091,10,median_of_means,6,20000,-4.980483572346831,-0.008347617347253866,0.008347617347253866
17,seeqst_binomial_q0.09091,10,median_of_means,6,30000,-5.109672647010159,-0.13753669201058205,0.13753669201058205
17,seeqst_binomial_q0.09091,10,median_of_means,6,40000,-4.766478418847554,0.20565753615202276,0.20565753615202276
17,seeqst_binomial_q0.09091,10,median_of_means,6,50000,-4.731175494809909,0.240960460189668,0.240960460189668
17,seeqst_binomial_q0.09091,10,median_of_means,6,60000,-4.513111881115572,0.459024073884005,0.459024073884005
17,seeqst_binomial_q0.09091,10,median_of_means,6,70000,-5.102553528753484,-0.13041757375390706,0.13041757375390706
17,seeqst_binomial_q0.09091,10,median_of_means,6,80000,-4.892569030176471,0.0795669248231059,0.0795669248231059
17,seeqst_binomial_q0.09091,10,median_of_means,6,90000,-4.867590017371777,0.10454593762780018,0.10454593762780018
17,seeqst_binomial_q0.09091,10,median_of_means,6,100000,-5.174723197448339,-0.2025872424487618,0.2025872424487618
17,seeqst_binomial_q0.5,10,median_of_means,6,10,0.0,4.972135954999577,4.972135954999577
17,seeqst_binomial_q0.5,10,median_of_means,6,30,0.0,4.972135954999577,4.972135954999577
17,seeqst_binomial_q0.5,10,median_of_means,6,100,0.0,4.972135954999577,4.972135954999577
17,seeqst_binomial_q0.5,10,median_of_means,6,300,0.0,4.972135954999577,4.972135954999577
17,seeqst_binomial_q0.5,10,median_of_means,6,1000,0.0,4.972135954999577,4.972135954999577
17,seeqst_binomial_q0.5,10,median_of_means,6,3000,-2.048,2.924135954999577,2.924135954999577
17,seeqst_binomial_q0.5,10,median_of_means,6,10000,-4.302521008403361,0.6696149465962158,0.6696149465962158
17,seeqst_binomial_q0.5,10,median_of_means,6,20000,-4.608460846084609,0.36367510891496835,0.36367510891496835
17,seeqst_binomial_q0.5,10,median_of_means,6,30000,-4.9152000000000005,0.05693595499957649,0.05693595499957649
17,seeqst_binomial_q0.5,10,median_of_means,6,40000,-4.915691569156916,0.05644438584266087,0.05644438584266087
17,seeqst_binomial_q0.5,10,median_of_means,6,50000,-4.915396615864635,0.05673933913494178,0.05673933913494178
17,seeqst_binomial_q0.5,10,median_of_means,6,60000,-4.9664,0.005735954999576798,0.005735954999576798
17,seeqst_binomial_q0.5,10,median_of_means,6,70000,-5.134921995542602,-0.16278604054302548,0.16278604054302548
17,seeqst_binomial_q0.5,10,median_of_means,6,80000,-4.6849171229280735,0.28721883207150345,0.28721883207150345
17,seeqst_binomial_q0.5,10,median_of_means,6,90000,-4.744533333333333,0.2276026216662439,0.2276026216662439
17,seeqst_binomial_q0.5,10,median_of_means,6,100000,-4.700348013920557,0.2717879410790198,0.2717879410790198
17,seeqst_binomial_tuned,10,median_of_means,6,10,0.0,4.972135954999577,4.972135954999577
17,seeqst_binomial_tuned,10,median_of_means,6,30,0.0,4.972135954999577,4.972135954999577
17,seeqst_binomial_tuned,10,median_of_means,6,100,0.0,4.972135954999577,4.972135954999577
17,seeqst_binomial_tuned,10,median_of_means,6,300,-5.960464477539062,-0.9883285225394847,0.9883285225394847
17,seeqst_binomial_tuned,10,median_of_means,6,1000,-5.385961877294331,-0.41382592229475446,0.41382592229475446
17,seeqst_binomial_tuned,10,median_of_means,6,3000,-4.917383193969725,0.05475276102985216,0.05475276102985216
17,seeqst_binomial_tuned,10,median_of_means,6,10000,-5.634892888429784,-0.6627569334302068,0.6627569334302068
17,seeqst_binomial_tuned,10,median_of_means,6,20000,-5.476724411180129,-0.504588456180552,0.504588456180552
17,seeqst_binomial_tuned,10,median_of_means,6,30000,-5.3197145462036115,-0.34757859120403456,0.34757859120403456
17,seeqst_binomial_tuned,10,median_of_means,6,40000,-5.398485491020414,-0.4263495360208367,0.4263495360208367
17,seeqst_binomial_tuned,10,median_of_means,6,50000,-5.33780945201431,-0.3656734970147326,0.3656734970147326
17,seeqst_binomial_tuned,10,median_of_means,6,60000,-5.073845386505125,-0.10170943150554823,0.10170943150554823
17,seeqst_binomial_tuned,10,median_of_means,6,70000,-5.122034663751849,-0.1498987087522723,0.1498987087522723
17,seeqst_binomial_tuned,10,median_of_means,6,80000,-4.973386883118732,-0.001250928119154615,0.001250928119154615
17,seeqst_binomial_tuned,10,median_of_means,6,90000,-5.026658376057941,-0.05452242105836369,0.05452242105836369
17,seeqst_binomial_tuned,10,median_of_means,6,100000,-5.051695712542855,-0.07955975754327849,0.07955975754327849
18,pauli,10,median_of_means,6,10,-4.4999999999999964,0.4721359549995805,0.4721359549995805
18,pauli,10,median_of_means,6,30,-6.0749999999999975,-1.1028640450004206,1.1028640450004206
18,pauli,10,median_of_means,6,100,-3.3046874999999987,1.6674484549995783,1.6674484549995783
18,pauli,10,median_of_means,6,300,-2.114999999999998,2.857135954999579,2.857135954999579
18,pauli,10,median_of_means,6,1000,-2.6769578313252995,2.2951781236742774,2.2951781236742774
18,pauli,10,median_of_means,6,3000,-4.252499999999997,0.7196359549995801,0.7196359549995801
18,pauli,10,median_of_means,6,10000,-5.250225090036011,-0.27808913503643407,0.27808913503643407
18,pauli,10,median_of_means,6,20000,-5.0002250225022475,-0.028089067502670595,0.028089067502670595
18,pauli,10,median_of_means,6,30000,-4.561649999999997,0.4104859549995803,0.4104859549995803
18,pauli,10,median_of_means,6,40000,-5.189918991899187,-0.21778303689961032,0.21778303689961032
18,pauli,10,median_of_means,6,50000,-5.452598103924155,-0.4804621489245777,0.4804621489245777
18,pauli,10,median_of_means,6,60000,-5.336662499999997,-0.3645265450004205,0.3645265450004205
18,pauli,10,median_of_means,6,70000,-5.23405623178467,-0.26192027678509344,0.26192027678509344
18,pauli,10,median_of_means,6,80000,-5.327401935048373,-0.35526598004879606,0.35526598004879606
18,pauli,10,median_of_means,6,90000,-5.6078249999999965,-0.6356890450004196,0.6356890450004196
18,pauli,10,median_of_means,6,100000,-5.310639925597021,-0.3385039705974444,0.3385039705974444
18,clifford,10,median_of_means,6,10,-3.776114831425786e-15,4.972135954999573,4.972135954999573
18,clifford,10,median_of_means,6,30,5.510954107038169e-16,4.972135954999578,4.972135954999578
18,clifford,10,median_of_means,6,100,-2.3775199695521566e-15,4.972135954999574,4.972135954999574
18,clifford,10,median_of_means,6,300,-7.6874999999999645,-2.7153640450003875,2.7153640450003875
18,clifford,10,median_of_means,6,1000,-1.5436746987951708,3.428461256204406,3.428461256204406
18,clifford,10,median_of_means,6,3000,-3.3312499999999874,1.6408859549995896,1.6408859549995896
18,clifford,10,median_of_means,6,10000,-4.383628451380535,0.5885075036190424,0.5885075036190424
18,clifford,10,median_of_means,6,20000,-5.573994899489929,-0.6018589444903517,0.6018589444903517
18,clifford,10,median_of_means,6,30000,-5.4581249999999795,-0.4859890450004025,0.4859890450004025
18,clifford,10,median_of_means,6,40000,-5.324126162616242,-0.351990207616665,0.351990207616665
18,clifford,10,median_of_means,6,50000,-5.135455418216711,-0.16331946321713442,0.16331946321713442
18,clifford,10,median_of_means,6,60000,-4.932812499999982,0.03932345499959489,0.03932345499959489
18,clifford,10,median_of_means,6,70000,-4.865367306703222,0.10676864829635502,0.10676864829635502
18,clifford,10,median_of_means,6,80000,-4.785588389709725,0.18654756528985228,0.18654756528985228
18,clifford,10,median_of_means,6,90000,-5.082291666666649,-0.11015571166707172,0.11015571166707172
18,clifford,10,median_of_means,6,100000,-5.050889535581406,-0.07875358058182869,0.07875358058182869
18,seeqst_uniform,10,median_of_means,6,10,0.0,4.972135954999577,4.972135954999577
18,seeqst_uniform,10,median_of_means,6,30,0.0,4.972135954999577,4.972135954999577
18,seeqst_uniform,10,median_of_means,6,100,0.0,4.972135954999577,4.972135954999577
18,seeqst_uniform,10,median_of_means,6,300,0.0,4.972135954999577,4.972135954999577
18,seeqst_uniform,10,median_of_means,6,1000,-6.168674698795181,-1.196538743795604,1.196538743795604
18,seeqst_uniform,10,median_of_means,6,3000,-6.144,-1.1718640450004232,1.1718640450004232
18,seeqst_uniform,10,median_of_means,6,10000,-4.917166866746699,0.05496908825287772,0.05496908825287772
18,seeqst_uniform,10,median_of_means,6,20000,-5.069306930693069,-0.09717097569349242,0.09717097569349242
18,seeqst_uniform,10,median_of_means,6,30000,-5.427199999999999,-0.4550640450004222,0.4550640450004222
18,seeqst_uniform,10,median_of_means,6,40000,-5.606960696069606,-0.6348247410700294,0.6348247410700294
18,seeqst_uniform,10,median_of_means,6,50000,-5.775591023640946,-0.8034550686413686,0.8034550686413686
18,seeqst_uniform,10,median_of_means,6,60000,-5.12,-0.14786404500042316,0.14786404500042316
18,seeqst_uniform,10,median_of_means,6,70000,-4.871592662437854,0.10054329256172334,0.10054329256172334
18,seeqst_uniform,10,median_of_means,6,80000,-4.8769219230480765,0.09521403195150047,0.09521403195150047
18,seeqst_uniform,10,median_of_means,6,90000,-4.778666666666666,0.19346928833291077,0.19346928833291077
18,seeqst_uniform,10,median_of_means,6,100000,-4.884675387015481,0.0874605679840963,0.0874605679840963
18,seeqst_binomial_q0.09091,10,median_of_means,6,10,0.0,4.972135954999577,4.972135954999577
18,seeqst_binomial_q0.09091,10,median_of_means,6,30,0.0,4.972135954999577,4.972135954999577
18,seeqst_binomial_q0.09091,10,median_of_means,6,100,0.0,4.972135954999577,4.972135954999577
18,seeqst_binomial_q0.09091,10,median_of_means,6,300,0.0,4.972135954999577,4.972135954999577
18,seeqst_binomial_q0.09091,10,median_of_means,6,1000,-5.468734103276728,-0.4965981482771511,0.4965981482771511
18,seeqst_binomial_q0.09091,10,median_of_means,6,3000,-6.224981904986997,-1.25284594998742,1.25284594998742
18,seeqst_binomial_q0.09091,10,median_of_means,6,10000,-5.137665137669339,-0.16552918266976224,0.16552918266976224
18,seeqst_binomial_q0.09091,10,median_of_means,6,20000,-4.708113376984114,0.2640225780154628,0.2640225780154628
18,seeqst_binomial_q0.09091,10,median_of_means,6,30000,-4.7724861271566965,0.19964982784288043,0.19964982784288043
18,seeqst_binomial_q0.09091,10,median_of_means,6,40000,-4.241193042076599,0.7309429129229779,0.7309429129229779
18,seeqst_binomial_q0.09091,10,median_of_means,6,50000,-4.404350871813172,0.5677850831864051,0.5677850831864051
18,seeqst_binomial_q0.09091,10,median_of_means,6,60000,-4.720611277948471,0.2515246770511057,0.2515246770511057
18,seeqst_binomial_q0.09091,10,median_of_means,6,70000,-4.824636669888915,0.14749928511066202,0.14749928511066202
18,seeqst_binomial_q0.09091,10,median_of_means,6,80000,-4.60076570829716,0.37137024670241736,0.37137024670241736
18,seeqst_binomial_q0.09091,10,median_of_means,6,90000,-4.867590017371777,0.10454593762780018,0.10454593762780018
18,seeqst_binomial_q0.09091,10,median_of_means,6,100000,-4.824553958523262,0.14758199647631454,0.14758199647631454
18,seeqst_binomial_q0.5,10,median_of_means,6,10,0.0,4.972135954999577,4.972135954999577
18,seeqst_binomial_q0.5,10,median_of_means,6,30,0.0,4.972135954999577,4.972135954999577
18,seeqst_binomial_q0.5,10,median_of_means,6,100,-32.0,-27.027864045000424,27.027864045000424
18,seeqst_binomial_q0.5,10,median_of_means,6,300,0.0,4.972135954999577,4.972135954999577
18,seeqst_binomial_q0.5,10,median_of_means,6,1000,-9.253012048192772,-4.2808760931931955,4.2808760931931955
18,seeqst_binomial_q0.5,10,median_of_means,6,3000,-4.096,0.8761359549995769,0.8761359549995769
18,seeqst_binomial_q0.5,10,median_of_means,6,10000,-5.224489795918368,-0.2523538409187909,0.2523538409187909
18,seeqst_binomial_q0.5,10,median_of_means,6,20000,-6.144614461446144,-1.1724785064465673,1.1724785064465673
18,seeqst_binomial_q0.5,10,median_of_means,6,30000,-6.553599999999999,-1.5814640450004225,1.5814640450004225
18,seeqst_binomial_q0.5,10,median_of_means,6,40000,-6.144614461446144,-1.1724785064465673,1.1724785064465673
18,seeqst_binomial_q0.5,10,median_of_means,6,50000,-5.284051362054482,-0.3119154070549053,0.3119154070549053
18,seeqst_binomial_q0.5,10,median_of_means,6,60000,-5.0176,-0.04546404500042289,0.04546404500042289
18,seeqst_binomial_q0.5,10,median_of_means,6,70000,-5.091033773358477,-0.11889781835890023,0.11889781835890023
18,seeqst_binomial_q0.5,10,median_of_means,6,80000,-5.529738243456086,-0.5576022884565095,0.5576022884565095
18,seeqst_binomial_q0.5,10,median_of_means,6,90000,-5.8368,-0.8646640450004233,0.8646640450004233
18,seeqst_binomial_q0.5,10,median_of_means,6,100000,-5.5605424216968675,-0.5884064666972906,0.5884064666972906
18,seeqst_binomial_tuned,10,median_of_means,6,10,0.0,4.972135954999577,4.972135954999577
18,seeqst_binomial_tuned,10,median_of_means,6,30,0.0,4.972135954999577,4.972135954999577
18,seeqst_binomial_tuned,10,median_of_means,6,100,-9.313225746154783,-4.341089791155206,4.341089791155206
18,seeqst_binomial_tuned,10,median_of_means,6,300,-5.960464477539062,-0.9883285225394847,0.9883285225394847
18,seeqst_binomial_tuned,10,median_of_means,6,1000,-3.1418110950883604,1.8303248599112165,1.8303248599112165
18,seeqst_binomial_tuned,10,median_of_means,6,3000,-5.662441253662108,-0.6903052986625307,0.6903052986625307
18,seeqst_binomial_tuned,10,median_of_means,6,10000,-4.3826944687787215,0.5894414862208555,0.5894414862208555
18,seeqst_binomial_tuned,10,median_of_means,6,20000,-4.582565323640516,0.389570631359061,0.389570631359061
18,seeqst_binomial_tuned,10,median_of_means,6,30000,-4.50015068054199,0.47198527445758653,0.47198527445758653
18,seeqst_binomial_tuned,10,median_of_means,6,40000,-4.660804243800232,0.3113317111993448,0.3113317111993448
18,seeqst_binomial_tuned,10,median_of_means,6,50000,-4.8907567340901625,0.08137922090941441,0.08137922090941441
18,seeqst_binomial_tuned,10,median_of_means,6,60000,-4.954636096954344,0.01749985804523302,0.01749985804523302
18,seeqst_binomial_tuned,10,median_of_means,6,70000,-5.000689702889899,-0.028553747890321723,0.028553747890321723
18,seeqst_binomial_tuned,10,median_of_means,6,80000,-4.962210732819588,0.009925222179989035,0.009925222179989035
18,seeqst_binomial_tuned,10,median_of_means,6,90000,-4.882613817850746,0.08952213714883062,0.08952213714883062
18,seeqst_binomial_tuned,10,median_of_means,6,100000,-4.868404098193955,0.1037318568056218,0.1037318568056218
19,pauli,10,median_of_means,6,10,-3.3749999999999987,1.5971359549995783,1.5971359549995783
19,pauli,10,median_of_means,6,30,-6.749999999999994,-1.7778640450004168,1.7778640450004168
19,pauli,10,median_of_means,6,100,-4.499999999999995,0.4721359549995823,0.4721359549995823
19,pauli,10,median_of_means,6,300,-5.827499999999995,-0.8553640450004183,0.8553640450004183
19,pauli,10,median_of_means,6,1000,-5.265813253012045,-0.2936772980124678,0.2936772980124678
19,pauli,10,median_of_means,6,3000,-5.987249999999997,-1.01511404500042,1.01511404500042
19,pauli,10,median_of_means,6,10000,-5.473739495798315,-0.5016035407987385,0.5016035407987385
19,pauli,10,median_of_means,6,20000,-3.771939693969394,1.2001962610301828,1.2001962610301828
19,pauli,10,median_of_means,6,30000,-4.3616249999999965,0.6105109549995804,0.6105109549995804
19,pauli,10,median_of_means,6,40000,-4.852216471647162,0.11991948335241531,0.11991948335241531
19,pauli,10,median_of_means,6,50000,-4.7620454818192695,0.2100904731803075,0.2100904731803075
19,pauli,10,median_of_means,6,60000,-4.626674999999997,0.34546095499957996,0.34546095499957996
19,pauli,10,median_of_means,6,70000,-4.700775758614775,0.27136019638480224,0.27136019638480224
19,pauli,10,median_of_means,6,80000,-4.920282382059549,0.051853572940028236,0.051853572940028236
19,pauli,10,median_of_means,6,90000,-4.645199999999997,0.3269359549995796,0.3269359549995796
19,pauli,10,median_of_means,6,100000,-4.859519380775228,0.11261657422434901,0.11261657422434901
19,clifford,10,median_of_means,6,10,5.1120132432691534e-15,4.972135954999582,4.972135954999582
19,clifford,10,median_of_means,6,30,-2.9984935135883386e-16,4.972135954999577,4.972135954999577
19,clifford,10,median_of_means,6,100,2.594134638090152e-15,4.97213595499958,4.97213595499958
19,clifford,10,median_of_means,6,300,-5.124999999999988,-0.15286404500041062,0.15286404500041062
19,clifford,10,median_of_means,6,1000,-5.402861445783113,-0.4307254907835363,0.4307254907835363
19,clifford,10,median_of_means,6,3000,-5.637499999999972,-0.6653640450003948,0.6653640450003948
19,clifford,10,median_of_means,6,10000,-4.076005402160852,0.8961305528387253,0.8961305528387253
19,clifford,10,median_of_means,6,20000,-5.2280228022802095,-0.2558868472806326,0.2558868472806326
19,clifford,10,median_of_means,6,30000,-5.40687499999998,-0.43473904500040295,0.43473904500040295
19,clifford,10,median_of_means,6,40000,-4.728285328532836,0.24385062646674083,0.24385062646674083
19,clifford,10,median_of_means,6,50000,-4.612684507380279,0.35945144761929804,0.35945144761929804
19,clifford,10,median_of_means,6,60000,-4.714999999999982,0.25713595499959485,0.25713595499959485
19,clifford,10,median_of_means,6,70000,-4.513918652494413,0.45821730250516435,0.45821730250516435
19,clifford,10,median_of_means,6,80000,-4.872074926873154,0.10006102812642315,0.10006102812642315
19,clifford,10,median_of_means,6,90000,-4.800416666666649,0.1717192883329277,0.1717192883329277
19,clifford,10,median_of_means,6,100000,-4.9586358454337995,0.013500109565777407,0.013500109565777407
19,seeqst_uniform,10,median_of_means,6,10,0.0,4.972135954999577,4.972135954999577
19,seeqst_uniform,10,median_of_means,6,30,0.0,4.972135954999577,4.972135954999577
19,seeqst_uniform,10,median_of_means,6,100,0.0,4.972135954999577,4.972135954999577
19,seeqst_uniform,10,median_of_means,6,300,-10.24,-5.267864045000423,5.267864045000423
19,seeqst_uniform,10,median_of_means,6,1000,-12.337349397590362,-7.365213442590785,7.365213442590785
19,seeqst_uniform,10,median_of_means,6,3000,-11.264,-6.291864045000422,6.291864045000422
19,seeqst_uniform,10,median_of_means,6,10000,-5.224489795918368,-0.2523538409187909,0.2523538409187909
19,seeqst_uniform,10,median_of_means,6,20000,-4.762076207620762,0.21005974737881505,0.21005974737881505
19,seeqst_uniform,10,median_of_means,6,30000,-4.9152000000000005,0.05693595499957649,0.05693595499957649
19,seeqst_uniform,10,median_of_means,6,40000,-4.608460846084608,0.36367510891496924,0.36367510891496924
19,seeqst_uniform,10,median_of_means,6,50000,-5.591263650546022,-0.6191276955464451,0.6191276955464451
19,seeqst_uniform,10,median_of_means,6,60000,-4.864,0.10813595499957707,0.10813595499957707
19,seeqst_uniform,10,median_of_means,6,70000,-5.003257328990228,-0.031121373990650625,0.031121373990650625
19,seeqst_uniform,10,median_of_means,6,80000,-4.608115202880072,0.36402075211950535,0.36402075211950535
19,seeqst_uniform,10,median_of_means,6,90000,-4.9152000000000005,0.05693595499957649,0.05693595499957649
19,seeqst_uniform,10,median_of_means,6,100000,-4.884675387015481,0.0874605679840963,0.0874605679840963
19,seeqst_binomial_q0.09091,10,median_of_means,6,10,0.0,4.972135954999577,4.972135954999577
19,seeqst_binomial_q0.09091,10,median_of_means,6,30,0.0,4.972135954999577,4.972135954999577
19,seeqst_binomial_q0.09091,10,median_of_means,6,100,0.0,4.972135954999577,4.972135954999577
19,seeqst_binomial_q0.09091,10,median_of_means,6,300,-7.7812273812337445,-2.8090914262341675,2.8090914262341675
19,seeqst_binomial_q0.09091,10,median_of_means,6,1000,-6.24998183231626,-1.2778458773166834,1.2778458773166834
19,seeqst_binomial_q0.09091,10,median_of_means,6,3000,-7.00310464311037,-2.030968688110793,2.030968688110793
19,seeqst_binomial_q0.09091,10,median_of_means,6,10000,-5.604725604730189,-0.6325896497306118,0.6325896497306118
19,seeqst_binomial_q0.09091,10,median_of_means,6,20000,-5.2917637956185075,-0.31962784061893057,0.31962784061893057
19,seeqst_binomial_q0.09091,10,median_of_means,6,30000,-5.291234619238947,-0.3190986642393696,0.3190986642393696
19,seeqst_binomial_q0.09091,10,median_of_means,6,40000,-5.330673823527468,-0.3585378685278915,0.3585378685278915
19,seeqst_binomial_q0.09091,10,median_of_means,6,50000,-5.213630890662236,-0.24149493566265878,0.24149493566265878
19,seeqst_binomial_q0.09091,10,median_of_means,6,60000,-5.057797797801934,-0.08566184280235678,0.08566184280235678
19,seeqst_binomial_q0.09091,10,median_of_means,6,70000,-5.058086831335153,-0.08595087633557608,0.08595087633557608
19,seeqst_binomial_q0.09091,10,median_of_means,6,80000,-5.028743913720151,-0.05660795872057367,0.05660795872057367
19,seeqst_binomial_q0.09091,10,median_of_means,6,90000,-5.161547496218384,-0.18941154121880732,0.18941154121880732
19,seeqst_binomial_q0.09091,10,median_of_means,6,100000,-5.081344733734984,-0.10920877873540746,0.10920877873540746
19,seeqst_binomial_q0.5,10,median_of_means,6,10,0.0,4.972135954999577,4.972135954999577
19,seeqst_binomial_q0.5,10,median_of_means,6,30,0.0,4.972135954999577,4.972135954999577
19,seeqst_binomial_q0.5,10,median_of_means,6,100,0.0,4.972135954999577,4.972135954999577
19,seeqst_binomial_q0.5,10,median_of_means,6,300,0.0,4.972135954999577,4.972135954999577
19,seeqst_binomial_q0.5,10,median_of_means,6,1000,-3.0843373493975905,1.8877986056019864,1.8877986056019864
19,seeqst_binomial_q0.5,10,median_of_means,6,3000,-5.12,-0.14786404500042316,0.14786404500042316
19,seeqst_binomial_q0.5,10,median_of_means,6,10000,-3.9951980792316926,0.9769378757678844,0.9769378757678844
19,seeqst_binomial_q0.5,10,median_of_means,6,20000,-4.915691569156916,0.05644438584266087,0.05644438584266087
19,seeqst_binomial_q0.5,10,median_of_means,6,30000,-4.505599999999999,0.46653595499957756,0.46653595499957756
19,seeqst_binomial_q0.5,10,median_of_means,6,40000,-5.069306930693069,-0.09717097569349242,0.09717097569349242
19,seeqst_binomial_q0.5,10,median_of_means,6,50000,-5.3454938197527895,-0.37335786475321253,0.37335786475321253
19,seeqst_binomial_q0.5,10,median_of_means,6,60000,-5.2224,-0.25026404500042343,0.25026404500042343
19,seeqst_binomial_q0.5,10,median_of_means,6,70000,-5.5738042173838505,-0.6016682623842735,0.6016682623842735
19,seeqst_binomial_q0.5,10,median_of_means,6,80000,-5.3761344033600835,-0.4039984483605066,0.4039984483605066
19,seeqst_binomial_q0.5,10,median_of_means,6,90000,-5.3248,-0.3526640450004228,0.3526640450004228
19,seeqst_binomial_q0.5,10,median_of_means,6,100000,-5.253330133205328,-0.28119417820575077,0.28119417820575077
19,seeqst_binomial_tuned,10,median_of_means,6,10,0.0,4.972135954999577,4.972135954999577
19,seeqst_binomial_tuned,10,median_of_means,6,30,-29.802322387695305,-24.83018643269573,24.83018643269573
19,seeqst_binomial_tuned,10,median_of_means,6,100,-18.626451492309567,-13.65431553730999,13.65431553730999
19,seeqst_binomial_tuned,10,median_of_means,6,300,-4.470348358154296,0.501787596845281,0.501787596845281
19,seeqst_binomial_tuned,10,median_of_means,6,1000,-5.834792033735527,-0.8626560787359496,0.8626560787359496
19,seeqst_binomial_tuned,10,median_of_means,6,3000,-4.619359970092772,0.3527759849068053,0.3527759849068053
19,seeqst_binomial_tuned,10,median_of_means,6,10000,-4.829908190082671,0.14222776491690592,0.14222776491690592
19,seeqst_binomial_tuned,10,median_of_means,6,20000,-4.470795437698065,0.5013405173015117,0.5013405173015117
19,seeqst_binomial_tuned,10,median_of_means,6,30000,-4.529953002929686,0.4421829520698912,0.4421829520698912
19,seeqst_binomial_tuned,10,median_of_means,6,40000,-4.861990038496646,0.1101459165029306,0.1101459165029306
19,seeqst_binomial_tuned,10,median_of_means,6,50000,-4.720876701278987,0.25125925372058955,0.25125925372058955
19,seeqst_binomial_tuned,10,median_of_means,6,60000,-4.5821070671081525,0.3900288878914244,0.3900288878914244
19,seeqst_binomial_tuned,10,median_of_means,6,70000,-4.738840050503582,0.23329590449599458,0.23329590449599458
19,seeqst_binomial_tuned,10,median_of_means,6,80000,-4.783392328033297,0.18874362696628033,0.18874362696628033
19,seeqst_binomial_tuned,10,median_of_means,6,90000,-4.952152570088702,0.01998338491087459,0.01998338491087459
19,seeqst_binomial_tuned,10,median_of_means,6,100000,-4.846051462297748,0.1260844927018292,0.1260844927018292
