state_repeat,obs_repeat,state_type,ensemble,n,l,num_observables,n_sample,rmse,max_error
0,0,haar_random,pauli,7,4,100,10,0.09426603673626589,0.24762601598935016
0,0,haar_random,pauli,7,4,100,100,4.877639032981104,21.987143715998005
0,0,haar_random,pauli,7,4,100,500,1.857087466204641,4.621626015989348
0,0,haar_random,pauli,7,4,100,1000,1.31307214168946,4.336618293870415
0,0,haar_random,pauli,7,4,100,5000,0.6003140698694351,1.451818530553159
0,0,haar_random,pauli,7,4,100,10000,0.5189232141004959,1.2089700787638131
0,0,haar_random,pauli,7,4,100,25000,0.3079002261257569,0.7725060159893501
0,0,haar_random,clifford,7,4,100,10,4.267049444776374,12.93469927044014
0,0,haar_random,clifford,7,4,100,100,1.1841866775418233,3.852420505134733
0,0,haar_random,clifford,7,4,100,500,0.420145870632464,1.4995108017366405
0,0,haar_random,clifford,7,4,100,1000,0.35246970767359065,1.1125108017366416
0,0,haar_random,clifford,7,4,100,5000,0.15994547686920904,0.3643108017366441
0,0,haar_random,clifford,7,4,100,10000,0.12325634307644495,0.28745384928486734
0,0,haar_random,clifford,7,4,100,25000,0.06981689550411123,0.19999680721941854
0,0,haar_random,seeqst_uniform,7,4,100,10,3.61429185937514,25.649094680490006
0,0,haar_random,seeqst_uniform,7,4,100,100,1.499165675115173,4.9674278958057805
0,0,haar_random,seeqst_uniform,7,4,100,500,0.7175458598376596,1.6392299212361867
0,0,haar_random,seeqst_uniform,7,4,100,1000,0.4654732234405452,1.2064156754782525
0,0,haar_random,seeqst_uniform,7,4,100,5000,0.2319565205736609,0.6583916597068719
0,0,haar_random,seeqst_uniform,7,4,100,10000,0.15728510616156838,0.5352478684521025
0,0,haar_random,seeqst_uniform,7,4,100,25000,0.08982711287729653,0.28948786845210245
0,0,haar_random,seeqst_binomial,7,4,100,10,0.7057095823060122,3.604706132284629
0,0,haar_random,seeqst_binomial,7,4,100,100,1.937282886718443,17.537795616350145
0,0,haar_random,seeqst_binomial,7,4,100,500,0.47757082921120275,3.5626052789907123
0,0,haar_random,seeqst_binomial,7,4,100,1000,1.818520429167717,12.355938513249825
0,0,haar_random,seeqst_binomial,7,4,100,5000,0.8128994545693913,5.018963586136121
0,0,haar_random,seeqst_binomial,7,4,100,10000,0.7075996765810629,3.616564348272852
0,0,haar_random,seeqst_binomial,7,4,100,25000,0.43525956818377953,1.5740083444773998
0,0,haar_random,seeqst_unifsize_l,7,4,100,10,4.468006559426038,34.93927213990035
0,0,haar_random,seeqst_unifsize_l,7,4,100,100,1.615008503271181,7.075703484001276
0,0,haar_random,seeqst_unifsize_l,7,4,100,500,0.6916480992447578,1.7237619067690702
0,0,haar_random,seeqst_unifsize_l,7,4,100,1000,0.5166784525679868,1.4757034840012766
0,0,haar_random,seeqst_unifsize_l,7,4,100,5000,0.22612068668213978,0.7439916597068719
0,0,haar_random,seeqst_unifsize_l,7,4,100,10000,0.17170275709652666,0.5585803899498448
0,0,haar_random,seeqst_unifsize_l,7,4,100,25000,0.08579719758664281,0.22540312000291143
0,1,haar_random,pauli,7,4,100,10,0.10579639319324097,0.23660032817613497
0,1,haar_random,pauli,7,4,100,100,3.073677555866871,21.72653120527365
0,1,haar_random,pauli,7,4,100,500,1.6963360940859777,8.604531205273652
0,1,haar_random,pauli,7,4,100,1000,1.2238299475605967,4.309930182912582
0,1,haar_random,pauli,7,4,100,5000,0.6574216119430225,2.265963862323916
0,1,haar_random,pauli,7,4,100,10000,0.5350066396860734,1.449982432026573
0,1,haar_random,pauli,7,4,100,25000,0.2878708706799261,0.687269045958679
0,1,haar_random,clifford,7,4,100,10,3.6513205627626055,13.052912456697822
0,1,haar_random,clifford,7,4,100,100,1.230284939616089,3.8211691592276207
0,1,haar_random,clifford,7,4,100,500,0.4115381664563348,1.0296877622052918
0,1,haar_random,clifford,7,4,100,1000,0.3407065253454955,1.0282858748935824
0,1,haar_random,clifford,7,4,100,5000,0.15172640899556397,0.3574858748935844
0,1,haar_random,clifford,7,4,100,10000,0.11085550933315684,0.2836736214980611
0,1,haar_random,clifford,7,4,100,25000,0.0677561141689149,0.22001749968831388
0,1,haar_random,seeqst_uniform,7,4,100,10,6.76432449310961,25.673904152969946
0,1,haar_random,seeqst_uniform,7,4,100,100,1.5747415415852957,5.043352987226898
0,1,haar_random,seeqst_uniform,7,4,100,500,0.7677316717934978,1.871995112203887
0,1,haar_random,seeqst_uniform,7,4,100,1000,0.5046756172894855,1.5396696021194614
0,1,haar_random,seeqst_uniform,7,4,100,5000,0.19772531846641592,0.5537796073094963
0,1,haar_random,seeqst_uniform,7,4,100,10000,0.13266655164108235,0.33093749968831443
0,1,haar_random,seeqst_uniform,7,4,100,25000,0.0946475963967792,0.2713103600262602
0,1,haar_random,seeqst_binomial,7,4,100,10,0.6098917455761736,3.483727555188693
0,1,haar_random,seeqst_binomial,7,4,100,100,1.972897214734855,17.61681637056272
0,1,haar_random,seeqst_binomial,7,4,100,500,4.946909155391288,24.492099112396435
0,1,haar_random,seeqst_binomial,7,4,100,1000,3.0907996465756673,12.267799443210746
0,1,haar_random,seeqst_binomial,7,4,100,5000,0.9344181593156012,2.5905526573786037
0,1,haar_random,seeqst_binomial,7,4,100,10000,0.7044939123871731,2.545245758708406
0,1,haar_random,seeqst_binomial,7,4,100,25000,0.495175483320921,1.992042669247748
0,1,haar_random,seeqst_unifsize_l,7,4,100,10,2.513650249610133,20.979365187769446
0,1,haar_random,seeqst_unifsize_l,7,4,100,100,1.6642599777863656,7.123666212407016
0,1,haar_random,seeqst_unifsize_l,7,4,100,500,0.7485427646235095,2.73339036002626
0,1,haar_random,seeqst_unifsize_l,7,4,100,1000,0.5576826448126933,1.4570610896018168
0,1,haar_random,seeqst_unifsize_l,7,4,100,5000,0.26221171450809283,0.662849639804921
0,1,haar_random,seeqst_unifsize_l,7,4,100,10000,0.14724103766104318,0.3719264549448147
0,1,haar_random,seeqst_unifsize_l,7,4,100,25000,0.09528684672215103,0.2295457605111018
0,2,haar_random,pauli,7,4,100,10,0.09127206290419718,0.22856695112412706
0,2,haar_random,pauli,7,4,100,100,3.7880663089314606,21.987143715998005
0,2,haar_random,pauli,7,4,100,500,2.0055831903495274,4.524192862681589
0,2,haar_random,pauli,7,4,100,1000,1.4164844443662161,4.3812653262735495
0,2,haar_random,pauli,7,4,100,5000,0.7631483731538855,3.0282510688563486
0,2,haar_random,pauli,7,4,100,10000,0.589934658721868,1.7160510688563486
0,2,haar_random,pauli,7,4,100,25000,0.3040933438548338,0.7636823965540269
0,2,haar_random,clifford,7,4,100,10,3.6457088745042308,12.979060981833761
0,2,haar_random,clifford,7,4,100,100,1.1412812470708653,3.9051492168057838
0,2,haar_random,clifford,7,4,100,500,0.4593738750612615,1.5831492168057884
0,2,haar_random,clifford,7,4,100,1000,0.3180323548421081,0.8769047999793843
0,2,haar_random,clifford,7,4,100,5000,0.174419651571736,0.47141620450012645
0,2,haar_random,clifford,7,4,100,10000,0.1252462738502396,0.26787842117311444
0,2,haar_random,clifford,7,4,100,25000,0.07410330628552843,0.18789842117311473
0,2,haar_random,seeqst_uniform,7,4,100,10,4.439974518652431,25.677720582310364
0,2,haar_random,seeqst_uniform,7,4,100,100,1.3537277272915431,2.674744008462127
0,2,haar_random,seeqst_uniform,7,4,100,500,0.8083341501304473,1.973679805991706
0,2,haar_random,seeqst_uniform,7,4,100,1000,0.5058842814104572,1.313548931143651
0,2,haar_random,seeqst_uniform,7,4,100,5000,0.19139659818534355,0.531076840912366
0,2,haar_random,seeqst_uniform,7,4,100,10000,0.14238602482703147,0.488879805991706
0,2,haar_random,seeqst_uniform,7,4,100,25000,0.08255607918220671,0.21239980599170594
0,2,haar_random,seeqst_binomial,7,4,100,10,24.718493001614345,174.64329162532292
0,2,haar_random,seeqst_binomial,7,4,100,100,3.1389365298501404,17.427004119056832
0,2,haar_random,seeqst_binomial,7,4,100,500,3.574594610819712,24.36117969881159
0,2,haar_random,seeqst_binomial,7,4,100,1000,1.8431365751257365,12.132888153622085
0,2,haar_random,seeqst_binomial,7,4,100,5000,0.8943623483388926,4.884300413575674
0,2,haar_random,seeqst_binomial,7,4,100,10000,0.6004189939037472,2.64985363858769
0,2,haar_random,seeqst_binomial,7,4,100,25000,0.3845889075267313,1.572720570431316
0,2,haar_random,seeqst_unifsize_l,7,4,100,10,4.254243663928971,35.14372697067062
0,2,haar_random,seeqst_unifsize_l,7,4,100,100,1.626840427462644,7.004381972293793
0,2,haar_random,seeqst_unifsize_l,7,4,100,500,0.7555719498836326,2.839478596169657
0,2,haar_random,seeqst_unifsize_l,7,4,100,1000,0.47711544580077797,1.789478596169657
0,2,haar_random,seeqst_unifsize_l,7,4,100,5000,0.22695974468733174,0.6799743912344114
0,2,haar_random,seeqst_unifsize_l,7,4,100,10000,0.14091875959749034,0.39115760344597306
0,2,haar_random,seeqst_unifsize_l,7,4,100,25000,0.1009160547178247,0.3752559915378728
0,3,haar_random,pauli,7,4,100,10,21.86694147017876,218.66688954786142
0,3,haar_random,pauli,7,4,100,100,3.100604542261072,21.987143715998005
0,3,haar_random,pauli,7,4,100,500,1.4538858042571907,8.714889547861516
0,3,haar_random,pauli,7,4,100,1000,1.3753813406474067,4.355240071375653
0,3,haar_random,pauli,7,4,100,5000,0.7057082369307504,2.265963862323916
0,3,haar_random,pauli,7,4,100,10000,0.5374604360461006,1.449982432026573
0,3,haar_random,pauli,7,4,100,25000,0.28445822124307735,0.841689547861519
0,3,haar_random,clifford,7,4,100,10,5.4698619343833705,25.79488436067872
0,3,haar_random,clifford,7,4,100,100,1.3093684101810776,3.9976747644192225
0,3,haar_random,clifford,7,4,100,500,0.46217632143889664,1.1596747644192313
0,3,haar_random,clifford,7,4,100,1000,0.38086471070018424,1.0282858748935824
0,3,haar_random,clifford,7,4,100,5000,0.172343895580695,0.38567476441923393
0,3,haar_random,clifford,7,4,100,10000,0.1260816777659828,0.2874703390624676
0,3,haar_random,clifford,7,4,100,25000,0.06447711789085449,0.1855105192895328
0,3,haar_random,seeqst_uniform,7,4,100,10,5.110556517021558,25.581341696621653
0,3,haar_random,seeqst_uniform,7,4,100,100,1.3415776505715584,4.96619512270208
0,3,haar_random,seeqst_uniform,7,4,100,500,0.8297478897359531,2.0900355875197225
0,3,haar_random,seeqst_uniform,7,4,100,1000,0.5056833014796236,1.4987945883103928
0,3,haar_random,seeqst_uniform,7,4,100,5000,0.22030941640354343,0.6283945883103926
0,3,haar_random,seeqst_uniform,7,4,100,10000,0.14156313913768037,0.3087040447008864
0,3,haar_random,seeqst_uniform,7,4,100,25000,0.09441488056923454,0.2259205624468167
0,3,haar_random,seeqst_binomial,7,4,100,10,0.9287237926878645,3.604706132284629
0,3,haar_random,seeqst_binomial,7,4,100,100,0.6213431287161244,2.5745335654238155
0,3,haar_random,seeqst_binomial,7,4,100,500,2.5576560301701927,24.586263629150377
0,3,haar_random,seeqst_binomial,7,4,100,1000,2.202169362762819,12.357972083960872
0,3,haar_random,seeqst_binomial,7,4,100,5000,0.9837469170984364,2.5816526619921407
0,3,haar_random,seeqst_binomial,7,4,100,10000,0.649033038000552,2.3827519453672337
0,3,haar_random,seeqst_binomial,7,4,100,25000,0.3950187525073134,1.4169407459338423
0,3,haar_random,seeqst_unifsize_l,7,4,100,10,2.798519127553711,21.140402367361073
0,3,haar_random,seeqst_unifsize_l,7,4,100,100,1.5868508407719086,7.004381972293793
0,3,haar_random,seeqst_unifsize_l,7,4,100,500,0.8034163232379761,2.1629063636706674
0,3,haar_random,seeqst_unifsize_l,7,4,100,1000,0.5792905111698549,2.011301035554446
0,3,haar_random,seeqst_unifsize_l,7,4,100,5000,0.22656965306964255,0.7327945883103927
0,3,haar_random,seeqst_unifsize_l,7,4,100,10000,0.16358915106584865,0.47530404470088644
0,3,haar_random,seeqst_unifsize_l,7,4,100,25000,0.10364240282867263,0.24914874329531098
0,4,haar_random,pauli,7,4,100,10,0.09101711251383975,0.24762601598935016
0,4,haar_random,pauli,7,4,100,100,2.1943928482008794,21.925113985973503
0,4,haar_random,pauli,7,4,100,500,1.7632084186391779,4.621626015989348
0,4,haar_random,pauli,7,4,100,1000,1.4710157345223545,4.418966246636867
0,4,haar_random,pauli,7,4,100,5000,0.6658979496899164,1.8347211699021875
0,4,haar_random,pauli,7,4,100,10000,0.5067659674680759,1.7043711229646916
0,4,haar_random,pauli,7,4,100,25000,0.3403818778517514,0.8733111229646924
0,4,haar_random,clifford,7,4,100,10,3.870236458406342,12.982395818862573
0,4,haar_random,clifford,7,4,100,100,1.2651852433560093,3.852420505134733
0,4,haar_random,clifford,7,4,100,500,0.4482941326539153,1.2828353267901336
0,4,haar_random,clifford,7,4,100,1000,0.32127015301526074,0.8821382557236499
0,4,haar_random,clifford,7,4,100,5000,0.15933012785470432,0.55126194620959
0,4,haar_random,clifford,7,4,100,10000,0.11293232437232628,0.28745384928486734
0,4,haar_random,clifford,7,4,100,25000,0.07724395875383575,0.21748759407510937
0,4,haar_random,seeqst_uniform,7,4,100,10,5.118632066891996,25.77932808539135
0,4,haar_random,seeqst_uniform,7,4,100,100,1.592363933748551,5.221792206080978
0,4,haar_random,seeqst_uniform,7,4,100,500,0.7508296610204576,2.0900355875197225
0,4,haar_random,seeqst_uniform,7,4,100,1000,0.4575359632582347,1.237861946209592
0,4,haar_random,seeqst_uniform,7,4,100,5000,0.1895822348319726,0.475381295986854
0,4,haar_random,seeqst_uniform,7,4,100,10000,0.13978084956425713,0.4089561500198225
0,4,haar_random,seeqst_uniform,7,4,100,25000,0.08876620092342274,0.229621295986854
0,4,haar_random,seeqst_binomial,7,4,100,10,0.7002546265537584,3.483727555188693
0,4,haar_random,seeqst_binomial,7,4,100,100,2.7223946249077193,17.52680206011304
0,4,haar_random,seeqst_binomial,7,4,100,500,2.600141732324002,24.67156771906792
0,4,haar_random,seeqst_binomial,7,4,100,1000,1.3790790578578245,12.443276173878413
0,4,haar_random,seeqst_binomial,7,4,100,5000,0.8016745947268842,2.66064293772681
0,4,haar_random,seeqst_binomial,7,4,100,10000,0.5543799425210104,2.5276660189905886
0,4,haar_random,seeqst_binomial,7,4,100,25000,0.31660802567452273,1.37054398427856
0,4,haar_random,seeqst_unifsize_l,7,4,100,10,2.871017158162025,20.979365187769446
0,4,haar_random,seeqst_unifsize_l,7,4,100,100,1.410155017263564,3.570405027468592
0,4,haar_random,seeqst_unifsize_l,7,4,100,500,0.5813894645296709,1.4704050274685918
0,4,haar_random,seeqst_unifsize_l,7,4,100,1000,0.5173289957952532,1.3371252359023094
0,4,haar_random,seeqst_unifsize_l,7,4,100,5000,0.2340757730927981,0.575121169902189
0,4,haar_random,seeqst_unifsize_l,7,4,100,10000,0.17196783372554925,0.4348860140264868
0,4,haar_random,seeqst_unifsize_l,7,4,100,25000,0.11562146925876975,0.35585522211512277
0,5,haar_random,pauli,7,4,100,10,37.863223393279384,218.66688954786142
0,5,haar_random,pauli,7,4,100,100,5.333725524716254,21.83688954786151
0,5,haar_random,pauli,7,4,100,500,2.080585752238265,8.714889547861516
0,5,haar_random,pauli,7,4,100,1000,1.292858790470011,4.340889547861517
0,5,haar_random,pauli,7,4,100,5000,0.651458713171456,2.265963862323916
0,5,haar_random,pauli,7,4,100,10000,0.4778400014166796,1.1482730094962292
0,5,haar_random,pauli,7,4,100,25000,0.2960136775270269,0.841689547861519
0,5,haar_random,clifford,7,4,100,10,3.8623278563340544,12.910171981204929
0,5,haar_random,clifford,7,4,100,100,1.2380982100414768,3.9976747644192225
0,5,haar_random,clifford,7,4,100,500,0.43319842943174874,1.4995108017366405
0,5,haar_random,clifford,7,4,100,1000,0.28820904642389994,1.1125108017366416
0,5,haar_random,clifford,7,4,100,5000,0.1453132981953123,0.38567476441923393
0,5,haar_random,clifford,7,4,100,10000,0.11109801652183511,0.27821045213848006
0,5,haar_random,clifford,7,4,100,25000,0.07184647959124686,0.16441757582998603
0,5,haar_random,seeqst_uniform,7,4,100,10,3.616139379567266,25.598355899617257
0,5,haar_random,seeqst_uniform,7,4,100,100,1.2974472587375117,5.118355899617256
0,5,haar_random,seeqst_uniform,7,4,100,500,0.6265167228428199,1.6180077099526877
0,5,haar_random,seeqst_uniform,7,4,100,1000,0.4405019113820749,1.0940257516709537
0,5,haar_random,seeqst_uniform,7,4,100,5000,0.22518826588144594,0.6878564251809184
0,5,haar_random,seeqst_uniform,7,4,100,10000,0.1473090112764228,0.40625642518091837
0,5,haar_random,seeqst_uniform,7,4,100,25000,0.08616378957906579,0.3017422523278639
0,5,haar_random,seeqst_binomial,7,4,100,10,0.726864341867406,3.604706132284629
0,5,haar_random,seeqst_binomial,7,4,100,100,1.2109836772512375,10.037765268039985
0,5,haar_random,seeqst_binomial,7,4,100,500,0.6775738368076681,3.6026832792794634
0,5,haar_random,seeqst_binomial,7,4,100,1000,1.7991299987149632,12.267799443210746
0,5,haar_random,seeqst_binomial,7,4,100,5000,1.022047510243976,4.917549645519457
0,5,haar_random,seeqst_binomial,7,4,100,10000,0.6771941606198703,2.545245758708406
0,5,haar_random,seeqst_binomial,7,4,100,25000,0.37868485586659106,1.4907127875758432
0,5,haar_random,seeqst_unifsize_l,7,4,100,10,6.389921152938678,35.14372697067062
0,5,haar_random,seeqst_unifsize_l,7,4,100,100,1.9155900553777516,7.035579380596312
0,5,haar_random,seeqst_unifsize_l,7,4,100,500,0.6264715398226672,2.1388814344859726
0,5,haar_random,seeqst_unifsize_l,7,4,100,1000,0.432826754867059,1.239365187769446
0,5,haar_random,seeqst_unifsize_l,7,4,100,5000,0.1947761685623646,0.40347811434357317
0,5,haar_random,seeqst_unifsize_l,7,4,100,10000,0.14241118256875937,0.4533558996172555
0,5,haar_random,seeqst_unifsize_l,7,4,100,25000,0.10271643564654095,0.2892642425464188
0,6,haar_random,pauli,7,4,100,10,21.8636919525555,218.63542154147532
0,6,haar_random,pauli,7,4,100,100,3.777707711699777,21.85995889419654
0,6,haar_random,pauli,7,4,100,500,1.633363777724033,4.509838942826699
0,6,haar_random,pauli,7,4,100,1000,0.9792174935307137,4.292322606607114
0,6,haar_random,pauli,7,4,100,5000,0.728244031532106,2.265963862323916
0,6,haar_random,pauli,7,4,100,10000,0.4871148525668505,1.1268361632369766
0,6,haar_random,pauli,7,4,100,25000,0.3250029995043342,0.9081361632369765
0,6,haar_random,clifford,7,4,100,10,4.08032033232298,12.935149216805767
0,6,haar_random,clifford,7,4,100,100,1.2818540700121615,3.9051492168057838
0,6,haar_random,clifford,7,4,100,500,0.4631990574056418,1.5831492168057884
0,6,haar_random,clifford,7,4,100,1000,0.3264978119473417,0.98005194436525
0,6,haar_random,clifford,7,4,100,5000,0.14920684190913514,0.3957029366129776
0,6,haar_random,clifford,7,4,100,10000,0.11618764011387052,0.25792154147549606
0,6,haar_random,clifford,7,4,100,25000,0.06799688648959878,0.15467741911541644
0,6,haar_random,seeqst_uniform,7,4,100,10,6.761536696689077,25.598355899617257
0,6,haar_random,seeqst_uniform,7,4,100,100,1.608990644243466,5.118355899617256
0,6,haar_random,seeqst_uniform,7,4,100,500,0.6951341578062108,1.5285674513197482
0,6,haar_random,seeqst_uniform,7,4,100,1000,0.4432432154334159,1.2335585822067372
0,6,haar_random,seeqst_uniform,7,4,100,5000,0.21504804120970342,0.5251555089488994
0,6,haar_random,seeqst_uniform,7,4,100,10000,0.14485279663228415,0.4089561500198225
0,6,haar_random,seeqst_uniform,7,4,100,25000,0.10053948994390959,0.3148238367630233
0,6,haar_random,seeqst_binomial,7,4,100,10,17.475179011064085,174.64329162532292
0,6,haar_random,seeqst_binomial,7,4,100,100,2.037921742705663,17.422400330029284
0,6,haar_random,seeqst_binomial,7,4,100,500,1.0493702363371837,7.056031265143701
0,6,haar_random,seeqst_binomial,7,4,100,1000,1.861309239564086,12.316716048117247
0,6,haar_random,seeqst_binomial,7,4,100,5000,0.9331198718744216,4.926487065419843
0,6,haar_random,seeqst_binomial,7,4,100,10000,0.7299851264596211,3.7036579109008922
0,6,haar_random,seeqst_binomial,7,4,100,25000,0.37547928959902616,1.5025654327667812
0,6,haar_random,seeqst_unifsize_l,7,4,100,10,6.121089830434791,34.93279741911542
0,6,haar_random,seeqst_unifsize_l,7,4,100,100,2.066432756828792,7.075703484001276
0,6,haar_random,seeqst_unifsize_l,7,4,100,500,0.7546284619430091,2.644493652941456
0,6,haar_random,seeqst_unifsize_l,7,4,100,1000,0.5562094673954905,1.5944936529414564
0,6,haar_random,seeqst_unifsize_l,7,4,100,5000,0.24365402128039343,0.6919207826501272
0,6,haar_random,seeqst_unifsize_l,7,4,100,10000,0.1682181668881056,0.47530404470088644
0,6,haar_random,seeqst_unifsize_l,7,4,100,25000,0.10800294979732948,0.30837711230966436
0,7,haar_random,pauli,7,4,100,10,21.88044445200696,218.8023443974921
0,7,haar_random,pauli,7,4,100,100,4.895564209676219,22.029271324493426
0,7,haar_random,pauli,7,4,100,500,2.1004746114318036,8.681279358956797
0,7,haar_random,pauli,7,4,100,1000,1.0304001947737105,4.307279358956801
0,7,haar_random,pauli,7,4,100,5000,0.6015799990044807,1.7685829422809718
0,7,haar_random,pauli,7,4,100,10000,0.49690986288390876,1.2089700787638131
0,7,haar_random,pauli,7,4,100,25000,0.2875021750101885,0.6392089135934566
0,7,haar_random,clifford,7,4,100,10,4.081423885246201,13.002261034254062
0,7,haar_random,clifford,7,4,100,100,1.214197477558918,3.852420505134733
0,7,haar_random,clifford,7,4,100,500,0.466696007840826,1.2043694780489098
0,7,haar_random,clifford,7,4,100,1000,0.32392122305891946,0.8769047999793843
0,7,haar_random,clifford,7,4,100,5000,0.15126303204510244,0.35828322465252194
0,7,haar_random,clifford,7,4,100,10000,0.12014393993820112,0.2520341372458866
0,7,haar_random,clifford,7,4,100,25000,0.06981489998684505,0.16441757582998603
0,7,haar_random,seeqst_uniform,7,4,100,10,5.103558101519166,25.618982942280972
0,7,haar_random,seeqst_uniform,7,4,100,100,1.7732120107270297,5.1009701428569985
0,7,haar_random,seeqst_uniform,7,4,100,500,0.7087049650144206,2.0900355875197225
0,7,haar_random,seeqst_uniform,7,4,100,1000,0.45700816254888743,1.2138678797392777
0,7,haar_random,seeqst_uniform,7,4,100,5000,0.23413086404660222,0.5711668329704578
0,7,haar_random,seeqst_uniform,7,4,100,10000,0.14298478779246834,0.3663668329704578
0,7,haar_random,seeqst_uniform,7,4,100,25000,0.08689373260141398,0.2454109424502408
0,7,haar_random,seeqst_binomial,7,4,100,10,0.8775105362239669,3.604706132284629
0,7,haar_random,seeqst_binomial,7,4,100,100,1.8677741161293817,17.422759346424275
0,7,haar_random,seeqst_binomial,7,4,100,500,3.500175000297071,24.511099865726486
0,7,haar_random,seeqst_binomial,7,4,100,1000,2.152686618023053,12.282808320536981
0,7,haar_random,seeqst_binomial,7,4,100,5000,0.8948252559257962,2.6354153176411304
0,7,haar_random,seeqst_binomial,7,4,100,10000,0.5905347201959924,2.545245758708406
0,7,haar_random,seeqst_binomial,7,4,100,25000,0.340219519935322,1.4405460718292835
0,7,haar_random,seeqst_unifsize_l,7,4,100,10,5.504390504444953,35.06398158054695
0,7,haar_random,seeqst_unifsize_l,7,4,100,100,1.5436530655500331,6.9332793589568045
0,7,haar_random,seeqst_unifsize_l,7,4,100,500,0.669102171263319,2.1653186063717493
0,7,haar_random,seeqst_unifsize_l,7,4,100,1000,0.4589743540592955,1.3087624192368885
0,7,haar_random,seeqst_unifsize_l,7,4,100,5000,0.2225812711105512,0.7955737215152638
0,7,haar_random,seeqst_unifsize_l,7,4,100,10000,0.14412566770788185,0.32811463278104747
0,7,haar_random,seeqst_unifsize_l,7,4,100,25000,0.10215358932432637,0.29188186835111174
0,8,haar_random,pauli,7,4,100,10,0.08873364927339035,0.1897570086032295
0,8,haar_random,pauli,7,4,100,100,4.893418548106518,22.029271324493426
0,8,haar_random,pauli,7,4,100,500,2.161209530728339,4.563757008603226
0,8,haar_random,pauli,7,4,100,1000,1.2517348696203283,4.394634854209558
0,8,haar_random,pauli,7,4,100,5000,0.6690819333420638,1.7685829422809718
0,8,haar_random,pauli,7,4,100,10000,0.4863490482433203,1.4963052082108779
0,8,haar_random,pauli,7,4,100,25000,0.2916251391963623,0.7782558432775984
0,8,haar_random,clifford,7,4,100,10,3.6499106232042013,12.961642864592823
0,8,haar_random,clifford,7,4,100,100,1.1879316282263654,3.8849842296997594
0,8,haar_random,clifford,7,4,100,500,0.4901204481854802,1.2828353267901336
0,8,haar_random,clifford,7,4,100,1000,0.34002756598227085,0.8148571666740623
0,8,haar_random,clifford,7,4,100,5000,0.1606875384219333,0.35045716667406396
0,8,haar_random,clifford,7,4,100,10000,0.10853426938635927,0.2836736214980611
0,8,haar_random,clifford,7,4,100,25000,0.0679746069550103,0.20165434834070245
0,8,haar_random,seeqst_uniform,7,4,100,10,4.421035410284696,25.618982942280972
0,8,haar_random,seeqst_uniform,7,4,100,100,1.6242999444512358,5.283492503576475
0,8,haar_random,seeqst_uniform,7,4,100,500,0.8092653583070717,1.9598571666740654
0,8,haar_random,seeqst_uniform,7,4,100,1000,0.5128416880148807,1.231854069126189
0,8,haar_random,seeqst_uniform,7,4,100,5000,0.24464555112978983,0.558858290149868
0,8,haar_random,seeqst_uniform,7,4,100,10000,0.14544291160438652,0.36145406912618894
0,8,haar_random,seeqst_uniform,7,4,100,25000,0.08398454257548944,0.21241315106659453
0,8,haar_random,seeqst_binomial,7,4,100,10,0.701073890252542,3.483727555188693
0,8,haar_random,seeqst_binomial,7,4,100,100,0.713859780022577,5.062347931267174
0,8,haar_random,seeqst_binomial,7,4,100,500,3.5507238299255106,24.528436518688547
0,8,haar_random,seeqst_binomial,7,4,100,1000,1.8270331938745277,12.300144973499044
0,8,haar_random,seeqst_binomial,7,4,100,5000,0.762663110607092,2.6354153176411304
0,8,haar_random,seeqst_binomial,7,4,100,10000,0.522785138182271,2.5060351107281376
0,8,haar_random,seeqst_binomial,7,4,100,25000,0.31439379300278913,1.992042669247748
0,8,haar_random,seeqst_unifsize_l,7,4,100,10,4.136929213055954,21.140402367361073
0,8,haar_random,seeqst_unifsize_l,7,4,100,100,1.4819919092310614,7.140045513870017
0,8,haar_random,seeqst_unifsize_l,7,4,100,500,0.8070755584003567,2.785015770300229
0,8,haar_random,seeqst_unifsize_l,7,4,100,1000,0.5343152797574238,1.7350157703002291
0,8,haar_random,seeqst_unifsize_l,7,4,100,5000,0.22320939669274018,0.6285803899498448
0,8,haar_random,seeqst_unifsize_l,7,4,100,10000,0.15574208162840886,0.5585803899498448
0,8,haar_random,seeqst_unifsize_l,7,4,100,25000,0.10365770379002974,0.2922803226737922
0,9,haar_random,pauli,7,4,100,10,21.866863538552774,218.66688954786142
0,9,haar_random,pauli,7,4,100,100,3.0816145717406465,21.83688954786151
0,9,haar_random,pauli,7,4,100,500,1.7912019621153323,8.714889547861516
0,9,haar_random,pauli,7,4,100,1000,1.411605545631477,4.410618704013143
0,9,haar_random,pauli,7,4,100,5000,0.6469080756847141,1.736878734630169
0,9,haar_random,pauli,7,4,100,10000,0.5444326462212954,1.2481301829125833
0,9,haar_random,pauli,7,4,100,25000,0.30462634040160014,0.841689547861519
0,9,haar_random,clifford,7,4,100,10,3.41422452156664,12.987184300165584
0,9,haar_random,clifford,7,4,100,100,1.3284177892953026,3.852420505134733
0,9,haar_random,clifford,7,4,100,500,0.4856985288361862,1.3435378772339346
0,9,haar_random,clifford,7,4,100,1000,0.36851730470022304,0.8769047999793843
0,9,haar_random,clifford,7,4,100,5000,0.15122856214024794,0.35817842117311405
0,9,haar_random,clifford,7,4,100,10000,0.1332008546637926,0.2836736214980611
0,9,haar_random,clifford,7,4,100,25000,0.07606032999403536,0.19999680721941854
0,9,haar_random,seeqst_uniform,7,4,100,10,3.616521676246901,25.673904152969946
0,9,haar_random,seeqst_uniform,7,4,100,100,1.6707713698746358,4.976531205273657
0,9,haar_random,seeqst_uniform,7,4,100,500,0.8145016941316658,2.0900355875197225
0,9,haar_random,seeqst_uniform,7,4,100,1000,0.49272879461786834,1.079982252327864
0,9,haar_random,seeqst_uniform,7,4,100,5000,0.23199100822834806,0.5608621227660612
0,9,haar_random,seeqst_uniform,7,4,100,10000,0.1459625767638894,0.3762327450622732
0,9,haar_random,seeqst_uniform,7,4,100,25000,0.0994061437946153,0.3017422523278639
0,9,haar_random,seeqst_binomial,7,4,100,10,0.8598725403687446,3.604706132284629
0,9,haar_random,seeqst_binomial,7,4,100,100,0.8329291464968053,5.040640622889212
0,9,haar_random,seeqst_binomial,7,4,100,500,2.644522059094781,24.468729147865396
0,9,haar_random,seeqst_binomial,7,4,100,1000,1.8491150695769685,12.24043760267589
0,9,haar_random,seeqst_binomial,7,4,100,5000,0.7421696016098179,2.490972756219618
0,9,haar_random,seeqst_binomial,7,4,100,10000,0.6561546989181086,2.380399326489453
0,9,haar_random,seeqst_binomial,7,4,100,25000,0.37303786096728137,1.4021360028742924
0,9,haar_random,seeqst_unifsize_l,7,4,100,10,4.585551020181178,35.144912981482136
0,9,haar_random,seeqst_unifsize_l,7,4,100,100,1.4099499136840707,3.644912981482134
0,9,haar_random,seeqst_unifsize_l,7,4,100,500,0.7200071417837077,2.6858273964965265
0,9,haar_random,seeqst_unifsize_l,7,4,100,1000,0.426370312548372,1.4453144471817168
0,9,haar_random,seeqst_unifsize_l,7,4,100,5000,0.2002694933317129,0.6053144471817168
0,9,haar_random,seeqst_unifsize_l,7,4,100,10000,0.14698926575812035,0.44329731408854955
0,9,haar_random,seeqst_unifsize_l,7,4,100,25000,0.09784086877466504,0.30837711230966436
0,10,haar_random,pauli,7,4,100,10,30.922061648017486,218.66688954786142
0,10,haar_random,pauli,7,4,100,100,5.354793937899754,21.987143715998005
0,10,haar_random,pauli,7,4,100,500,1.9571381367853184,8.714889547861516
0,10,haar_random,pauli,7,4,100,1000,1.1351126368162736,4.340889547861517
0,10,haar_random,pauli,7,4,100,5000,0.6491227723011731,1.7685829422809718
0,10,haar_random,pauli,7,4,100,10000,0.4659996155697798,1.0686428631399152
0,10,haar_random,pauli,7,4,100,25000,0.305075678345804,0.841689547861519
0,10,haar_random,clifford,7,4,100,10,4.819265946162968,12.971145597595468
0,10,haar_random,clifford,7,4,100,100,1.195071864249261,3.9051492168057838
0,10,haar_random,clifford,7,4,100,500,0.4452013444969673,1.5831492168057884
0,10,haar_random,clifford,7,4,100,1000,0.31166048545090913,0.8091492168057907
0,10,haar_random,clifford,7,4,100,5000,0.15330324181644644,0.42254168864100417
0,10,haar_random,clifford,7,4,100,10000,0.12411278192498797,0.4096416886410045
0,10,haar_random,clifford,7,4,100,25000,0.07313037888019495,0.22130168864100533
0,10,haar_random,seeqst_uniform,7,4,100,10,6.2546324166242036,25.618982942280972
0,10,haar_random,seeqst_uniform,7,4,100,100,1.7689984884519974,5.19997146365847
0,10,haar_random,seeqst_uniform,7,4,100,500,0.7818743831069148,1.8764320726543393
0,10,haar_random,seeqst_uniform,7,4,100,1000,0.45390123565344886,1.35997146365847
0,10,haar_random,seeqst_uniform,7,4,100,5000,0.20759520807237916,0.5309829422809725
0,10,haar_random,seeqst_uniform,7,4,100,10000,0.15260387368891112,0.5352478684521025
0,10,haar_random,seeqst_uniform,7,4,100,25000,0.10575225288254414,0.29325072091944343
0,10,haar_random,seeqst_binomial,7,4,100,10,0.8624372724406133,3.604706132284629
0,10,haar_random,seeqst_binomial,7,4,100,100,2.561889952969254,17.575255739724597
0,10,haar_random,seeqst_binomial,7,4,100,500,1.0472668165936116,7.093862986705023
0,10,haar_random,seeqst_binomial,7,4,100,1000,0.7453144491368383,3.600065402365165
0,10,haar_random,seeqst_binomial,7,4,100,5000,0.7467923787674277,2.5710338004504245
0,10,haar_random,seeqst_binomial,7,4,100,10000,0.510016975627186,2.194524674369262
0,10,haar_random,seeqst_binomial,7,4,100,25000,0.3414293162696071,1.4457965518901634
0,10,haar_random,seeqst_unifsize_l,7,4,100,10,4.024281158780173,35.14372697067062
0,10,haar_random,seeqst_unifsize_l,7,4,100,100,1.3761496026917561,3.6437269706706172
0,10,haar_random,seeqst_unifsize_l,7,4,100,500,0.673582665352566,2.8139098601984887
0,10,haar_random,seeqst_unifsize_l,7,4,100,1000,0.48469372074885986,1.7287764738755964
0,10,haar_random,seeqst_unifsize_l,7,4,100,5000,0.22176067852345802,0.7955737215152638
0,10,haar_random,seeqst_unifsize_l,7,4,100,10000,0.16084316856453065,0.4254215414754972
0,10,haar_random,seeqst_unifsize_l,7,4,100,25000,0.10580186769271266,0.3417321819746938
0,11,haar_random,pauli,7,4,100,10,21.86686066846858,218.66688954786142
0,11,haar_random,pauli,7,4,100,100,5.361875380078341,21.99439670526141
0,11,haar_random,pauli,7,4,100,500,2.1535655309002912,8.872396705261416
0,11,haar_random,pauli,7,4,100,1000,1.4033681009669228,4.498396705261419
0,11,haar_random,pauli,7,4,100,5000,0.6352776387364202,1.9030757230773192
0,11,haar_random,pauli,7,4,100,10000,0.46411275090639414,1.2089700787638131
0,11,haar_random,pauli,7,4,100,25000,0.2944422350651406,0.841689547861519
0,11,haar_random,clifford,7,4,100,10,3.86810056752156,13.008407385969406
0,11,haar_random,clifford,7,4,100,100,1.2873335463275657,3.9051492168057838
0,11,haar_random,clifford,7,4,100,500,0.4956588678479017,1.5831492168057884
0,11,haar_random,clifford,7,4,100,1000,0.36195646372738444,0.834825574119863
0,11,haar_random,clifford,7,4,100,5000,0.1655454563561233,0.46680032415990796
0,11,haar_random,clifford,7,4,100,10000,0.12093846147503567,0.27821045213848006
0,11,haar_random,clifford,7,4,100,25000,0.07181084964232608,0.18789842117311473
0,11,haar_random,seeqst_uniform,7,4,100,10,4.429413309854292,25.673904152969946
0,11,haar_random,seeqst_uniform,7,4,100,100,1.6481963804977715,4.902043466622273
0,11,haar_random,seeqst_uniform,7,4,100,500,0.7695906229830196,1.9598571666740654
0,11,haar_random,seeqst_uniform,7,4,100,1000,0.47388742231184366,1.1057497769150477
0,11,haar_random,seeqst_uniform,7,4,100,5000,0.24735259683881383,0.5466325761568602
0,11,haar_random,seeqst_uniform,7,4,100,10000,0.15174166239968995,0.5352478684521025
0,11,haar_random,seeqst_uniform,7,4,100,25000,0.09058925842462037,0.28948786845210245
0,11,haar_random,seeqst_binomial,7,4,100,10,0.9331329778003462,3.604706132284629
0,11,haar_random,seeqst_binomial,7,4,100,100,1.1632516416323384,10.037765268039985
0,11,haar_random,seeqst_binomial,7,4,100,500,0.7265234605412785,3.654472497045148
0,11,haar_random,seeqst_binomial,7,4,100,1000,2.5359404175730407,12.329091221029595
0,11,haar_random,seeqst_binomial,7,4,100,5000,1.0310030351102575,4.9343727899512695
0,11,haar_random,seeqst_binomial,7,4,100,10000,0.6645100255800805,3.711543635432319
0,11,haar_random,seeqst_binomial,7,4,100,25000,0.3767760731525453,1.5104511572982084
0,11,haar_random,seeqst_unifsize_l,7,4,100,10,3.357071910231834,21.140402367361073
0,11,haar_random,seeqst_unifsize_l,7,4,100,100,1.4751088406622308,3.6007996758400904
0,11,haar_random,seeqst_unifsize_l,7,4,100,500,0.7120074303562451,2.185590995885551
0,11,haar_random,seeqst_unifsize_l,7,4,100,1000,0.5225525327502782,1.4881428333259346
0,11,haar_random,seeqst_unifsize_l,7,4,100,5000,0.20974139341626705,0.6053144471817168
0,11,haar_random,seeqst_unifsize_l,7,4,100,10000,0.14235706898797437,0.4038350970633269
0,11,haar_random,seeqst_unifsize_l,7,4,100,25000,0.09356349125121803,0.2295457605111018
0,12,haar_random,pauli,7,4,100,10,0.09142848330474153,0.22986126874023577
0,12,haar_random,pauli,7,4,100,100,3.0892445729094224,21.925113985973503
0,12,haar_random,pauli,7,4,100,500,1.9525451943395693,8.622321001888675
0,12,haar_random,pauli,7,4,100,1000,1.2969077119310064,4.394634854209558
0,12,haar_random,pauli,7,4,100,5000,0.632221311740995,2.265963862323916
0,12,haar_random,pauli,7,4,100,10000,0.5060396441603344,1.4963052082108779
0,12,haar_random,pauli,7,4,100,25000,0.2799464467676963,0.7230878684521019
0,12,haar_random,clifford,7,4,100,10,3.4235418633877264,12.971145597595468
0,12,haar_random,clifford,7,4,100,100,1.302990769142579,3.9065329174250065
0,12,haar_random,clifford,7,4,100,500,0.4089151290744892,1.2554052082108753
0,12,haar_random,clifford,7,4,100,1000,0.32490140539384077,0.8314261402800549
0,12,haar_random,clifford,7,4,100,5000,0.17531456447344806,0.5427927055014128
0,12,haar_random,clifford,7,4,100,10000,0.12690380298580295,0.29769270550141375
0,12,haar_random,clifford,7,4,100,25000,0.07712816894470999,0.22661559113651036
0,12,haar_random,seeqst_uniform,7,4,100,10,5.7136845873557425,25.58108855888665
0,12,haar_random,seeqst_uniform,7,4,100,100,1.5519155720581375,5.097603138260986
0,12,haar_random,seeqst_uniform,7,4,100,500,0.7057601189808543,1.6392299212361867
0,12,haar_random,seeqst_uniform,7,4,100,1000,0.46624359598299975,1.2138678797392777
0,12,haar_random,seeqst_uniform,7,4,100,5000,0.22500417159347716,0.5232585709467309
0,12,haar_random,seeqst_uniform,7,4,100,10000,0.1634165689770055,0.5352478684521025
0,12,haar_random,seeqst_uniform,7,4,100,25000,0.09877074805969717,0.28948786845210245
0,12,haar_random,seeqst_binomial,7,4,100,10,0.7876261619621175,3.604706132284629
0,12,haar_random,seeqst_binomial,7,4,100,100,1.90248922714548,17.575255739724597
0,12,haar_random,seeqst_binomial,7,4,100,500,4.333209120411476,24.522576129514174
0,12,haar_random,seeqst_binomial,7,4,100,1000,3.083689007219874,12.312290377229255
0,12,haar_random,seeqst_binomial,7,4,100,5000,1.10285890547524,4.975315450115553
0,12,haar_random,seeqst_binomial,7,4,100,10000,0.7975414001591301,3.7036579109008922
0,12,haar_random,seeqst_binomial,7,4,100,25000,0.36671583717458683,1.5025654327667812
0,12,haar_random,seeqst_unifsize_l,7,4,100,10,2.1882485555871027,6.972839312509461
0,12,haar_random,seeqst_unifsize_l,7,4,100,100,1.9426274386942441,7.04323329254364
0,12,haar_random,seeqst_unifsize_l,7,4,100,500,0.6737491213236914,2.1388814344859726
0,12,haar_random,seeqst_unifsize_l,7,4,100,1000,0.4561218354189366,1.4570610896018168
0,12,haar_random,seeqst_unifsize_l,7,4,100,5000,0.22081206095715086,0.6285803899498448
0,12,haar_random,seeqst_unifsize_l,7,4,100,10000,0.16430152102970869,0.5585803899498448
0,12,haar_random,seeqst_unifsize_l,7,4,100,25000,0.08868811156132224,0.3417321819746938
0,13,haar_random,pauli,7,4,100,10,0.08917788585321915,0.24581966711262832
0,13,haar_random,pauli,7,4,100,100,3.771553824204941,21.85995889419654
0,13,haar_random,pauli,7,4,100,500,1.7495503217275148,8.622321001888675
0,13,haar_random,pauli,7,4,100,1000,1.3625385432808654,4.3812653262735495
0,13,haar_random,pauli,7,4,100,5000,0.7500969941908668,2.220336163236976
0,13,haar_random,pauli,7,4,100,10000,0.5878222333329122,1.2089700787638131
0,13,haar_random,pauli,7,4,100,25000,0.28973124837674397,0.9081361632369765
0,13,haar_random,clifford,7,4,100,10,2.8905337023586535,13.008407385969406
0,13,haar_random,clifford,7,4,100,100,1.151636140400781,3.9065329174250065
0,13,haar_random,clifford,7,4,100,500,0.4280271949985496,1.0511312345527706
0,13,haar_random,clifford,7,4,100,1000,0.34075027823541015,0.7496003965071086
0,13,haar_random,clifford,7,4,100,5000,0.15303603188909948,0.47946708257497955
0,13,haar_random,clifford,7,4,100,10000,0.12051909571387652,0.2836736214980611
0,13,haar_random,clifford,7,4,100,25000,0.06920329132835672,0.22001749968831388
0,13,haar_random,seeqst_uniform,7,4,100,10,4.439999705107242,25.70179220608098
0,13,haar_random,seeqst_uniform,7,4,100,100,1.645451302884785,5.221792206080978
0,13,haar_random,seeqst_uniform,7,4,100,500,0.7944805721089744,2.5791312345527735
0,13,haar_random,seeqst_uniform,7,4,100,1000,0.52890455619283,1.5551312345527735
0,13,haar_random,seeqst_uniform,7,4,100,5000,0.21942034043111922,0.4853311324133158
0,13,haar_random,seeqst_uniform,7,4,100,10000,0.15982830924937594,0.34373291742501877
0,13,haar_random,seeqst_uniform,7,4,100,25000,0.10864095612219893,0.3148238367630233
0,13,haar_random,seeqst_binomial,7,4,100,10,17.481435267120332,174.49695205926974
0,13,haar_random,seeqst_binomial,7,4,100,100,2.269875954078455,17.276060763976126
0,13,haar_random,seeqst_binomial,7,4,100,500,4.315973417734311,24.471084772823374
0,13,haar_random,seeqst_binomial,7,4,100,1000,2.532690028788886,12.24279322763387
0,13,haar_random,seeqst_binomial,7,4,100,5000,0.7366409115606369,4.722781439379698
0,13,haar_random,seeqst_binomial,7,4,100,10000,0.45916579882384123,2.2771231303417974
0,13,haar_random,seeqst_binomial,7,4,100,25000,0.313981120356002,1.4482637508699672
0,13,haar_random,seeqst_unifsize_l,7,4,100,10,2.3969635319221108,6.972839312509461
0,13,haar_random,seeqst_unifsize_l,7,4,100,100,1.3421825319308065,3.692927157723166
0,13,haar_random,seeqst_unifsize_l,7,4,100,500,0.7049638323349686,2.067059962819572
0,13,haar_random,seeqst_unifsize_l,7,4,100,1000,0.5031139814540889,1.3243530269158286
0,13,haar_random,seeqst_unifsize_l,7,4,100,5000,0.23872800789713128,0.577072842276834
0,13,haar_random,seeqst_unifsize_l,7,4,100,10000,0.17838591054848324,0.472072842276834
0,13,haar_random,seeqst_unifsize_l,7,4,100,25000,0.1144365026418096,0.30273769758749647
0,14,haar_random,pauli,7,4,100,10,30.922518400603096,218.8023443974921
0,14,haar_random,pauli,7,4,100,100,4.368412339419996,21.972344397492286
0,14,haar_random,pauli,7,4,100,500,1.963368201056518,4.509838942826699
0,14,haar_random,pauli,7,4,100,1000,1.2789903633980222,2.3228389428267
0,14,haar_random,pauli,7,4,100,5000,0.5492601823954092,1.2873235729591146
0,14,haar_random,pauli,7,4,100,10000,0.5129928153873151,1.2597091823560493
0,14,haar_random,pauli,7,4,100,25000,0.2711728473063909,0.6277847999793864
0,14,haar_random,clifford,7,4,100,10,2.5789858322427976,12.93404450994064
0,14,haar_random,clifford,7,4,100,100,1.007498651644064,2.676106065015748
0,14,haar_random,clifford,7,4,100,500,0.45640849979303316,1.1305391180928028
0,14,haar_random,clifford,7,4,100,1000,0.32555639907074035,0.8769047999793843
0,14,haar_random,clifford,7,4,100,5000,0.1320526781872386,0.28949591820371123
0,14,haar_random,clifford,7,4,100,10000,0.11136927860719087,0.25681307729589686
0,14,haar_random,clifford,7,4,100,25000,0.07473529681232907,0.22001749968831388
0,14,haar_random,seeqst_uniform,7,4,100,10,4.432876216929569,25.759460881907195
0,14,haar_random,seeqst_uniform,7,4,100,100,1.2428236862789117,2.6621144402023544
0,14,haar_random,seeqst_uniform,7,4,100,500,0.7268957319024764,2.0900355875197225
0,14,haar_random,seeqst_uniform,7,4,100,1000,0.4933027263140524,1.6169370672680292
0,14,haar_random,seeqst_uniform,7,4,100,5000,0.219588399765877,0.695337067268029
0,14,haar_random,seeqst_uniform,7,4,100,10000,0.15955978026235443,0.43933706726802907
0,14,haar_random,seeqst_uniform,7,4,100,25000,0.09346869226692159,0.25413749968831445
0,14,haar_random,seeqst_binomial,7,4,100,10,0.7130045842963487,3.604706132284629
0,14,haar_random,seeqst_binomial,7,4,100,100,1.8714416308932778,17.54728963068781
0,14,haar_random,seeqst_binomial,7,4,100,500,2.6429443395644228,24.365639335104824
0,14,haar_random,seeqst_binomial,7,4,100,1000,1.3146624451026663,12.13734778991532
0,14,haar_random,seeqst_binomial,7,4,100,5000,0.42794478781456635,2.6637375263877736
0,14,haar_random,seeqst_binomial,7,4,100,10000,0.46249641135471353,2.3875012511525613
0,14,haar_random,seeqst_binomial,7,4,100,25000,0.38040648953605666,1.8655828919561364
0,14,haar_random,seeqst_unifsize_l,7,4,100,10,5.723628948328433,35.14372697067062
0,14,haar_random,seeqst_unifsize_l,7,4,100,100,1.9168595366195502,7.140045513870017
0,14,haar_random,seeqst_unifsize_l,7,4,100,500,0.7949554526540629,2.8139098601984887
0,14,haar_random,seeqst_unifsize_l,7,4,100,1000,0.44794055412080314,1.5319207826501273
0,14,haar_random,seeqst_unifsize_l,7,4,100,5000,0.21415660249754678,0.6919207826501272
0,14,haar_random,seeqst_unifsize_l,7,4,100,10000,0.16632853148079274,0.5585803899498448
0,14,haar_random,seeqst_unifsize_l,7,4,100,25000,0.09732571008466394,0.2932269671346264
0,15,haar_random,pauli,7,4,100,10,21.8669012450757,218.66688954786142
0,15,haar_random,pauli,7,4,100,100,4.88234236224872,21.88898294228096
0,15,haar_random,pauli,7,4,100,500,1.686284008275103,8.714889547861516
0,15,haar_random,pauli,7,4,100,1000,1.19430075178614,4.418966246636867
0,15,haar_random,pauli,7,4,100,5000,0.5577208057127122,1.7685829422809718
0,15,haar_random,pauli,7,4,100,10000,0.4591859165109444,1.2089700787638131
0,15,haar_random,pauli,7,4,100,25000,0.28526801822173975,0.841689547861519
0,15,haar_random,clifford,7,4,100,10,2.55621686828209,12.842753779470916
0,15,haar_random,clifford,7,4,100,100,1.1534922085812953,3.852420505134733
0,15,haar_random,clifford,7,4,100,500,0.43357264549806074,0.9979382070558156
0,15,haar_random,clifford,7,4,100,1000,0.32276989933972666,0.8769047999793843
0,15,haar_random,clifford,7,4,100,5000,0.15400808307152533,0.36356033883790745
0,15,haar_random,clifford,7,4,100,10000,0.12602369973684607,0.2995195950276338
0,15,haar_random,clifford,7,4,100,25000,0.07478247095735183,0.17915459546893536
0,15,haar_random,seeqst_uniform,7,4,100,10,4.428189285578399,25.673904152969946
0,15,haar_random,seeqst_uniform,7,4,100,100,1.3712803376614564,2.6560385041782646
0,15,haar_random,seeqst_uniform,7,4,100,500,0.7373896101141629,1.871995112203887
0,15,haar_random,seeqst_uniform,7,4,100,1000,0.4752879991704965,1.2966060690964092
0,15,haar_random,seeqst_uniform,7,4,100,5000,0.23039806317100864,0.5548228323961517
0,15,haar_random,seeqst_uniform,7,4,100,10000,0.14860586676734147,0.3087040447008864
0,15,haar_random,seeqst_uniform,7,4,100,25000,0.09016069150630268,0.2136487765932153
0,15,haar_random,seeqst_binomial,7,4,100,10,0.9432728920568872,3.604706132284629
0,15,haar_random,seeqst_binomial,7,4,100,100,2.6095863289883723,17.52680206011304
0,15,haar_random,seeqst_binomial,7,4,100,500,2.587078118685755,24.471084772823374
0,15,haar_random,seeqst_binomial,7,4,100,1000,1.8467551358578065,12.24279322763387
0,15,haar_random,seeqst_binomial,7,4,100,5000,0.8412981066800443,4.722781439379698
0,15,haar_random,seeqst_binomial,7,4,100,10000,0.5416510694997487,2.3371642067675027
0,15,haar_random,seeqst_binomial,7,4,100,25000,0.40131168632873226,2.3371642067675027
0,15,haar_random,seeqst_unifsize_l,7,4,100,10,3.7770930241831704,35.14372697067062
0,15,haar_random,seeqst_unifsize_l,7,4,100,100,1.138874400207798,3.6437269706706172
0,15,haar_random,seeqst_unifsize_l,7,4,100,500,0.5743870212880929,1.6087914749326235
0,15,haar_random,seeqst_unifsize_l,7,4,100,1000,0.49058124767194683,1.3503040447008863
0,15,haar_random,seeqst_unifsize_l,7,4,100,5000,0.17356648250945098,0.5592054045310643
0,15,haar_random,seeqst_unifsize_l,7,4,100,10000,0.1544039092310627,0.47530404470088644
0,15,haar_random,seeqst_unifsize_l,7,4,100,25000,0.09505911821651332,0.23720540453106426
0,16,haar_random,pauli,7,4,100,10,21.86687547412045,218.66688954786142
0,16,haar_random,pauli,7,4,100,100,2.185555903329676,21.83688954786151
0,16,haar_random,pauli,7,4,100,500,1.6960183573297674,8.714889547861516
0,16,haar_random,pauli,7,4,100,1000,1.236166028667429,4.340889547861517
0,16,haar_random,pauli,7,4,100,5000,0.5787811441964342,1.9030757230773192
0,16,haar_random,pauli,7,4,100,10000,0.43449259276888436,1.2089700787638131
0,16,haar_random,pauli,7,4,100,25000,0.30066376016921037,0.841689547861519
0,16,haar_random,clifford,7,4,100,10,3.4116400964714297,12.987184300165584
0,16,haar_random,clifford,7,4,100,100,1.0673602040044776,2.6305407934678127
0,16,haar_random,clifford,7,4,100,500,0.46434950677067405,1.2678559715636912
0,16,haar_random,clifford,7,4,100,1000,0.3059713538612379,0.8155574270556006
0,16,haar_random,clifford,7,4,100,5000,0.1348718699462288,0.30035384928486736
0,16,haar_random,clifford,7,4,100,10000,0.11039150905342265,0.28745384928486734
0,16,haar_random,clifford,7,4,100,25000,0.06876829270701876,0.16441757582998603
0,16,haar_random,seeqst_uniform,7,4,100,10,3.628863682101111,25.77932808539135
0,16,haar_random,seeqst_uniform,7,4,100,100,1.4061233386391254,2.739328085391349
0,16,haar_random,seeqst_uniform,7,4,100,500,0.7274513092573952,1.6392299212361867
0,16,haar_random,seeqst_uniform,7,4,100,1000,0.4497486119861969,0.924294379773806
0,16,haar_random,seeqst_uniform,7,4,100,5000,0.21928407795348553,0.5548228323961517
0,16,haar_random,seeqst_uniform,7,4,100,10000,0.12967639644162582,0.29719192299931896
0,16,haar_random,seeqst_uniform,7,4,100,25000,0.08537771239765996,0.29325072091944343
0,16,haar_random,seeqst_binomial,7,4,100,10,0.9435015630763063,3.604706132284629
0,16,haar_random,seeqst_binomial,7,4,100,100,2.300998912474199,17.427004119056832
0,16,haar_random,seeqst_binomial,7,4,100,500,3.539515650001697,24.478727118815314
0,16,haar_random,seeqst_binomial,7,4,100,1000,2.1761230314983147,12.25043557362581
0,16,haar_random,seeqst_binomial,7,4,100,5000,0.6432139800266866,2.62498639442925
0,16,haar_random,seeqst_binomial,7,4,100,10000,0.4299164674990606,1.4021572399102995
0,16,haar_random,seeqst_binomial,7,4,100,25000,0.37470298420679604,2.4267018609065154
0,16,haar_random,seeqst_unifsize_l,7,4,100,10,5.377890910348689,35.14372697067062
0,16,haar_random,seeqst_unifsize_l,7,4,100,100,1.581833768102252,7.151629285021775
0,16,haar_random,seeqst_unifsize_l,7,4,100,500,0.7061679413643516,2.098798208122596
0,16,haar_random,seeqst_unifsize_l,7,4,100,1000,0.5219518081671278,1.7287764738755964
0,16,haar_random,seeqst_unifsize_l,7,4,100,5000,0.21114771814850553,0.6043467454933046
0,16,haar_random,seeqst_unifsize_l,7,4,100,10000,0.14123840611696734,0.3487982081225958
0,16,haar_random,seeqst_unifsize_l,7,4,100,25000,0.09215854947636444,0.3221648510521218
0,17,haar_random,pauli,7,4,100,10,0.0945943278051324,0.32564566105331616
0,17,haar_random,pauli,7,4,100,100,2.179835966384462,21.77801955530493
0,17,haar_random,pauli,7,4,100,500,2.0945870523832553,8.422354338946677
0,17,haar_random,pauli,7,4,100,1000,1.4339569351563544,4.410618704013143
0,17,haar_random,pauli,7,4,100,5000,0.6036605591078711,1.8613543389466822
0,17,haar_random,pauli,7,4,100,10000,0.4588667088311469,1.2089700787638131
0,17,haar_random,pauli,7,4,100,25000,0.30618342083584943,0.7563195950539348
0,17,haar_random,clifford,7,4,100,10,2.882569989146726,12.979060981833761
0,17,haar_random,clifford,7,4,100,100,1.0244003841169143,3.852420505134733
0,17,haar_random,clifford,7,4,100,500,0.4387438639102982,1.2828353267901336
0,17,haar_random,clifford,7,4,100,1000,0.38949767678629305,1.0883934585527968
0,17,haar_random,clifford,7,4,100,5000,0.16392209592957585,0.3957029366129776
0,17,haar_random,clifford,7,4,100,10000,0.13190474370514874,0.2836736214980611
0,17,haar_random,clifford,7,4,100,25000,0.07838041025360995,0.22001749968831388
0,17,haar_random,seeqst_uniform,7,4,100,10,5.117103041739957,25.735994497831747
0,17,haar_random,seeqst_uniform,7,4,100,100,1.393381379483824,4.949149666772216
0,17,haar_random,seeqst_uniform,7,4,100,500,0.711965584188002,1.8300217846803772
0,17,haar_random,seeqst_uniform,7,4,100,1000,0.49364105214624293,1.6169370672680292
0,17,haar_random,seeqst_uniform,7,4,100,5000,0.20887992548472464,0.695337067268029
0,17,haar_random,seeqst_uniform,7,4,100,10000,0.15746833374856464,0.43933706726802907
0,17,haar_random,seeqst_uniform,7,4,100,25000,0.09670271054877654,0.25413749968831445
0,17,haar_random,seeqst_binomial,7,4,100,10,0.9476511328926601,3.604706132284629
0,17,haar_random,seeqst_binomial,7,4,100,100,1.1980376825656287,10.037765268039985
0,17,haar_random,seeqst_binomial,7,4,100,500,2.495275606736926,24.359300004855328
0,17,haar_random,seeqst_binomial,7,4,100,1000,1.3046016231241588,12.131008459665821
0,17,haar_random,seeqst_binomial,7,4,100,5000,0.833366713067356,2.5816526619921407
0,17,haar_random,seeqst_binomial,7,4,100,10000,0.4402914351797221,1.3375731629810776
0,17,haar_random,seeqst_binomial,7,4,100,25000,0.3860942986960115,1.833454773115096
0,17,haar_random,seeqst_unifsize_l,7,4,100,10,4.737601776606531,34.93279741911542
0,17,haar_random,seeqst_unifsize_l,7,4,100,100,1.609583267047267,7.036024143067477
0,17,haar_random,seeqst_unifsize_l,7,4,100,500,0.5959667219656496,2.206104539994456
0,17,haar_random,seeqst_unifsize_l,7,4,100,1000,0.4316552709641172,1.3503040447008863
0,17,haar_random,seeqst_unifsize_l,7,4,100,5000,0.22270965054024205,0.5581374996883145
0,17,haar_random,seeqst_unifsize_l,7,4,100,10000,0.16372304661256384,0.47530404470088644
0,17,haar_random,seeqst_unifsize_l,7,4,100,25000,0.11732686327050262,0.3752559915378728
0,18,haar_random,pauli,7,4,100,10,30.938774251947766,218.87137101265395
0,18,haar_random,pauli,7,4,100,100,5.801172345411922,22.041371012654064
0,18,haar_random,pauli,7,4,100,500,2.2686125813401223,8.872396705261416
0,18,haar_random,pauli,7,4,100,1000,1.498650051939864,4.498396705261419
0,18,haar_random,pauli,7,4,100,5000,0.7486097516064203,3.0282510688563486
0,18,haar_random,pauli,7,4,100,10000,0.5004277378094772,1.7160510688563486
0,18,haar_random,pauli,7,4,100,25000,0.3010376752142936,0.841689547861519
0,18,haar_random,clifford,7,4,100,10,4.081924546072215,12.982395818862573
0,18,haar_random,clifford,7,4,100,100,1.0550913426679978,3.9051492168057838
0,18,haar_random,clifford,7,4,100,500,0.5358973796445363,1.5831492168057884
0,18,haar_random,clifford,7,4,100,1000,0.3669276098645456,0.8769047999793843
0,18,haar_random,clifford,7,4,100,5000,0.15651433783176133,0.46104275809841555
0,18,haar_random,clifford,7,4,100,10000,0.12970144395977337,0.3188289873459219
0,18,haar_random,clifford,7,4,100,25000,0.08184613608573815,0.2517489873459228
0,18,haar_random,seeqst_uniform,7,4,100,10,3.6253685109910094,25.633548931143654
0,18,haar_random,seeqst_uniform,7,4,100,100,1.6157028114955827,5.130990279315506
0,18,haar_random,seeqst_uniform,7,4,100,500,0.803322721827329,2.058990279315506
0,18,haar_random,seeqst_uniform,7,4,100,1000,0.5067801080572972,1.313548931143651
0,18,haar_random,seeqst_uniform,7,4,100,5000,0.21671788535402717,0.5881054760888506
0,18,haar_random,seeqst_uniform,7,4,100,10000,0.1540332761715298,0.4857054760888507
0,18,haar_random,seeqst_uniform,7,4,100,25000,0.09464521534196176,0.30138547608885063
0,18,haar_random,seeqst_binomial,7,4,100,10,17.471193727728416,174.49695205926974
0,18,haar_random,seeqst_binomial,7,4,100,100,2.134264736805819,17.276060763976126
0,18,haar_random,seeqst_binomial,7,4,100,500,3.516148444532428,24.522659632971056
0,18,haar_random,seeqst_binomial,7,4,100,1000,2.1849998083446027,12.294368087781551
0,18,haar_random,seeqst_binomial,7,4,100,5000,0.829483137231069,4.877026439509764
0,18,haar_random,seeqst_binomial,7,4,100,10000,0.6354906261519484,3.6541972849908135
0,18,haar_random,seeqst_binomial,7,4,100,25000,0.34063001051024605,1.4531048068567027
0,18,haar_random,seeqst_unifsize_l,7,4,100,10,2.400219108672561,6.972839312509461
0,18,haar_random,seeqst_unifsize_l,7,4,100,100,1.3725491919168233,6.781920782650127
0,18,haar_random,seeqst_unifsize_l,7,4,100,500,0.5953821571118486,1.8819207826501274
0,18,haar_random,seeqst_unifsize_l,7,4,100,1000,0.43984146875013685,1.5319207826501273
0,18,haar_random,seeqst_unifsize_l,7,4,100,5000,0.2403719385719859,0.6919207826501272
0,18,haar_random,seeqst_unifsize_l,7,4,100,10000,0.15780556574072926,0.472072842276834
0,18,haar_random,seeqst_unifsize_l,7,4,100,25000,0.10541862424043877,0.29188186835111174
0,19,haar_random,pauli,7,4,100,10,21.866901486640078,218.66688954786142
0,19,haar_random,pauli,7,4,100,100,5.332316899239767,21.88898294228096
0,19,haar_random,pauli,7,4,100,500,1.8423762076334598,8.714889547861516
0,19,haar_random,pauli,7,4,100,1000,1.2699421959044528,4.351855736032758
0,19,haar_random,pauli,7,4,100,5000,0.7444149314928272,2.265963862323916
0,19,haar_random,pauli,7,4,100,10000,0.49367920278394967,1.2089700787638131
0,19,haar_random,pauli,7,4,100,25000,0.32662206416151013,0.841689547861519
0,19,haar_random,clifford,7,4,100,10,3.1711695176431416,12.979060981833761
0,19,haar_random,clifford,7,4,100,100,1.1772521567277563,3.9976747644192225
0,19,haar_random,clifford,7,4,100,500,0.46397761524988973,1.5831492168057884
0,19,haar_random,clifford,7,4,100,1000,0.3079805785356866,0.8091492168057907
0,19,haar_random,clifford,7,4,100,5000,0.159870063495429,0.3957029366129776
0,19,haar_random,clifford,7,4,100,10000,0.1284470028975717,0.2995195950276338
0,19,haar_random,clifford,7,4,100,25000,0.07713642470920837,0.16441757582998603
0,19,haar_random,seeqst_uniform,7,4,100,10,5.101356084183304,25.618982942280972
0,19,haar_random,seeqst_uniform,7,4,100,100,1.8503028973032256,5.19997146365847
0,19,haar_random,seeqst_uniform,7,4,100,500,0.7016717757266836,1.6392299212361867
0,19,haar_random,seeqst_uniform,7,4,100,1000,0.5021844504143015,1.5396696021194614
0,19,haar_random,seeqst_uniform,7,4,100,5000,0.2385153240908545,0.6283945883103926
0,19,haar_random,seeqst_uniform,7,4,100,10000,0.14118284676902612,0.33542450858747624
0,19,haar_random,seeqst_uniform,7,4,100,25000,0.08844183428702974,0.29325072091944343
0,19,haar_random,seeqst_binomial,7,4,100,10,0.616656576957017,3.604706132284629
0,19,haar_random,seeqst_binomial,7,4,100,100,0.8844730288661025,5.040640622889212
0,19,haar_random,seeqst_binomial,7,4,100,500,4.272383128243383,24.528436518688547
0,19,haar_random,seeqst_binomial,7,4,100,1000,2.475633402685097,12.300144973499044
0,19,haar_random,seeqst_binomial,7,4,100,5000,0.821616934606628,2.6354153176411304
0,19,haar_random,seeqst_binomial,7,4,100,10000,0.5332394641057032,2.480107362567767
0,19,haar_random,seeqst_binomial,7,4,100,25000,0.44085141565841707,1.8655828919561364
0,19,haar_random,seeqst_unifsize_l,7,4,100,10,2.776254867479768,20.859622887690335
0,19,haar_random,seeqst_unifsize_l,7,4,100,100,1.5635660447294322,7.036024143067477
0,19,haar_random,seeqst_unifsize_l,7,4,100,500,0.7975263997824312,2.8139098601984887
0,19,haar_random,seeqst_unifsize_l,7,4,100,1000,0.48760945631742303,1.7127945883103928
0,19,haar_random,seeqst_unifsize_l,7,4,100,5000,0.2421096783771346,0.7327945883103927
0,19,haar_random,seeqst_unifsize_l,7,4,100,10000,0.15196434048751076,0.4533558996172555
0,19,haar_random,seeqst_unifsize_l,7,4,100,25000,0.10817580257022322,0.30837711230966436
0,20,haar_random,pauli,7,4,100,10,0.09291995258652216,0.24762601598935016
0,20,haar_random,pauli,7,4,100,100,3.7738084253859747,21.795960508633097
0,20,haar_random,pauli,7,4,100,500,1.7504928804679174,4.621626015989348
0,20,haar_random,pauli,7,4,100,1000,1.3180608345848437,4.602337972726855
0,20,haar_random,pauli,7,4,100,5000,0.5995660391857393,1.2909795315072468
0,20,haar_random,pauli,7,4,100,10000,0.4618231734339896,1.2089700787638131
0,20,haar_random,pauli,7,4,100,25000,0.25796109149505786,0.7725060159893501
0,20,haar_random,clifford,7,4,100,10,3.413205570889738,12.961642864592823
0,20,haar_random,clifford,7,4,100,100,1.066695985646388,2.8166003281761256
0,20,haar_random,clifford,7,4,100,500,0.4469080226255826,1.1305391180928028
0,20,haar_random,clifford,7,4,100,1000,0.3334645796544082,0.9694076069826922
0,20,haar_random,clifford,7,4,100,5000,0.1330358501001436,0.35997684560614573
0,20,haar_random,clifford,7,4,100,10000,0.11889278931084338,0.28745384928486734
0,20,haar_random,clifford,7,4,100,25000,0.08412359603564372,0.22001749968831388
0,20,haar_random,seeqst_uniform,7,4,100,10,4.4506534639315785,25.759460881907195
0,20,haar_random,seeqst_uniform,7,4,100,100,1.5538393141236955,5.191853428309539
0,20,haar_random,seeqst_uniform,7,4,100,500,0.7061639030481527,1.6392299212361867
0,20,haar_random,seeqst_uniform,7,4,100,1000,0.4879475435872979,1.5899927530539615
0,20,haar_random,seeqst_uniform,7,4,100,5000,0.21994168509620973,0.43025342830953905
0,20,haar_random,seeqst_uniform,7,4,100,10000,0.14817263428236135,0.4089561500198225
0,20,haar_random,seeqst_uniform,7,4,100,25000,0.0954749757414618,0.25413749968831445
0,20,haar_random,seeqst_binomial,7,4,100,10,24.71022310134683,174.65989607645588
0,20,haar_random,seeqst_binomial,7,4,100,100,4.074238577892055,17.478653935758864
0,20,haar_random,seeqst_binomial,7,4,100,500,3.6956925754767895,24.528436518688547
0,20,haar_random,seeqst_binomial,7,4,100,1000,2.573463344330028,12.300144973499044
0,20,haar_random,seeqst_binomial,7,4,100,5000,0.8644941557301284,2.673996281764759
0,20,haar_random,seeqst_binomial,7,4,100,10000,0.5287494915875426,2.209057980861766
0,20,haar_random,seeqst_binomial,7,4,100,25000,0.2803465368864546,1.5726578235856548
0,20,haar_random,seeqst_unifsize_l,7,4,100,10,3.7063856211093325,21.140402367361073
0,20,haar_random,seeqst_unifsize_l,7,4,100,100,1.4320565926307278,3.5737596541359
0,20,haar_random,seeqst_unifsize_l,7,4,100,500,0.756138298468832,2.0460072469460386
0,20,haar_random,seeqst_unifsize_l,7,4,100,1000,0.5379010196791771,1.9783379727268577
0,20,haar_random,seeqst_unifsize_l,7,4,100,5000,0.23170829078064054,0.7183379727268577
0,20,haar_random,seeqst_unifsize_l,7,4,100,10000,0.1774822237066903,0.7183379727268577
0,20,haar_random,seeqst_unifsize_l,7,4,100,25000,0.11344354460300857,0.32577517945455214
0,21,haar_random,pauli,7,4,100,10,37.86503403026818,218.66688954786142
0,21,haar_random,pauli,7,4,100,100,5.77044611093846,21.99439670526141
0,21,haar_random,pauli,7,4,100,500,2.5121765179834594,8.872396705261416
0,21,haar_random,pauli,7,4,100,1000,1.5098007610366073,4.498396705261419
0,21,haar_random,pauli,7,4,100,5000,0.7312615631220799,2.265963862323916
0,21,haar_random,pauli,7,4,100,10000,0.5547272826224531,1.2089700787638131
0,21,haar_random,pauli,7,4,100,25000,0.32333114523863143,0.841689547861519
0,21,haar_random,clifford,7,4,100,10,3.16523170843838,13.052912456697822
0,21,haar_random,clifford,7,4,100,100,1.1145175249425254,3.9976747644192225
0,21,haar_random,clifford,7,4,100,500,0.46679120501376575,1.3508088435483165
0,21,haar_random,clifford,7,4,100,1000,0.33346279344308555,0.7653988503495956
0,21,haar_random,clifford,7,4,100,5000,0.15648766047844606,0.38567476441923393
0,21,haar_random,clifford,7,4,100,10000,0.13496058975765202,0.2871475940751088
0,21,haar_random,clifford,7,4,100,25000,0.08460069582964365,0.2694686928119371
0,21,haar_random,seeqst_uniform,7,4,100,10,5.134392109210742,25.70179220608098
0,21,haar_random,seeqst_uniform,7,4,100,100,1.6143583944563873,5.221792206080978
0,21,haar_random,seeqst_uniform,7,4,100,500,0.6730274990643642,1.6392299212361867
0,21,haar_random,seeqst_uniform,7,4,100,1000,0.4416716649016457,1.0429829422809724
0,21,haar_random,seeqst_uniform,7,4,100,5000,0.24437967410107775,0.5437827070975559
0,21,haar_random,seeqst_uniform,7,4,100,10000,0.149573680586174,0.3473536957381529
0,21,haar_random,seeqst_uniform,7,4,100,25000,0.08641294202047393,0.2136487765932153
0,21,haar_random,seeqst_binomial,7,4,100,10,17.489596057598973,174.6496037417069
0,21,haar_random,seeqst_binomial,7,4,100,100,2.506627736178872,17.478653935758864
0,21,haar_random,seeqst_binomial,7,4,100,500,2.5748108089003785,24.488365797476565
0,21,haar_random,seeqst_binomial,7,4,100,1000,2.2048548022144003,12.387982604383499
0,21,haar_random,seeqst_binomial,7,4,100,5000,0.6318687264126336,2.5816526619921407
0,21,haar_random,seeqst_binomial,7,4,100,10000,0.48433088084103787,2.42544271790139
0,21,haar_random,seeqst_binomial,7,4,100,25000,0.3470532078757199,1.0441946308032224
0,21,haar_random,seeqst_unifsize_l,7,4,100,10,2.870631885045476,20.98113413724589
0,21,haar_random,seeqst_unifsize_l,7,4,100,100,1.3903406853775895,7.004381972293793
0,21,haar_random,seeqst_unifsize_l,7,4,100,500,0.6854282605624354,2.206104539994456
0,21,haar_random,seeqst_unifsize_l,7,4,100,1000,0.4588563082926698,1.3903339859404287
0,21,haar_random,seeqst_unifsize_l,7,4,100,5000,0.21193059298063882,0.6799743912344114
0,21,haar_random,seeqst_unifsize_l,7,4,100,10000,0.1449994809924825,0.47712658321066775
0,21,haar_random,seeqst_unifsize_l,7,4,100,25000,0.09766022102844613,0.3161265832106677
0,22,haar_random,pauli,7,4,100,10,0.0866079255822489,0.2113906715579193
0,22,haar_random,pauli,7,4,100,100,3.7895365703664963,21.987143715998005
0,22,haar_random,pauli,7,4,100,500,1.7502239653400828,4.509994352954236
0,22,haar_random,pauli,7,4,100,1000,1.2502961394844936,4.340451068856347
0,22,haar_random,pauli,7,4,100,5000,0.6546178197429112,3.0282510688563486
0,22,haar_random,pauli,7,4,100,10000,0.5218156869881839,1.7160510688563486
0,22,haar_random,pauli,7,4,100,25000,0.3346472667113227,0.7636823965540269
0,22,haar_random,clifford,7,4,100,10,4.077207464082007,12.939021244159576
0,22,haar_random,clifford,7,4,100,100,1.1851726674946295,3.852420505134733
0,22,haar_random,clifford,7,4,100,500,0.47007086671798287,1.2043694780489098
0,22,haar_random,clifford,7,4,100,1000,0.3374198053104021,0.8769047999793843
0,22,haar_random,clifford,7,4,100,5000,0.15207584212549277,0.35828322465252194
0,22,haar_random,clifford,7,4,100,10000,0.1194784565616992,0.30255352442468536
0,22,haar_random,clifford,7,4,100,25000,0.07916284505575176,0.18645352442468616
0,22,haar_random,seeqst_uniform,7,4,100,10,3.6290104590424956,25.673904152969946
0,22,haar_random,seeqst_uniform,7,4,100,100,1.5711125591120811,2.72178625269372
0,22,haar_random,seeqst_uniform,7,4,100,500,0.7704925882795337,1.6392299212361867
0,22,haar_random,seeqst_uniform,7,4,100,1000,0.4649325667021517,1.313548931143651
0,22,haar_random,seeqst_uniform,7,4,100,5000,0.18197078160233393,0.43960825735324827
0,22,haar_random,seeqst_uniform,7,4,100,10000,0.14630822474115082,0.3959227205188075
0,22,haar_random,seeqst_uniform,7,4,100,25000,0.08224267220474116,0.23316050863310833
0,22,haar_random,seeqst_binomial,7,4,100,10,0.35670685956835796,3.461869654620812
0,22,haar_random,seeqst_binomial,7,4,100,100,1.2928814766088026,10.037765268039985
0,22,haar_random,seeqst_binomial,7,4,100,500,2.5517822225635003,24.511099865726486
0,22,haar_random,seeqst_binomial,7,4,100,1000,2.500677105772734,12.282808320536981
0,22,haar_random,seeqst_binomial,7,4,100,5000,0.9395258392497096,4.926487065419843
0,22,haar_random,seeqst_binomial,7,4,100,10000,0.684814972529156,3.7036579109008922
0,22,haar_random,seeqst_binomial,7,4,100,25000,0.40440505987331693,1.5025654327667812
0,22,haar_random,seeqst_unifsize_l,7,4,100,10,5.740320618676978,35.121456264219965
0,22,haar_random,seeqst_unifsize_l,7,4,100,100,1.7652603467868693,6.992162065646461
0,22,haar_random,seeqst_unifsize_l,7,4,100,500,0.7757193796994258,3.492162065646461
0,22,haar_random,seeqst_unifsize_l,7,4,100,1000,0.5374463198606876,1.392162065646461
0,22,haar_random,seeqst_unifsize_l,7,4,100,5000,0.20175579023830184,0.5056305219510867
0,22,haar_random,seeqst_unifsize_l,7,4,100,10000,0.1647280878548591,0.39115760344597306
0,22,haar_random,seeqst_unifsize_l,7,4,100,25000,0.12276028613272676,0.35585522211512277
0,23,haar_random,pauli,7,4,100,10,21.866885362429336,218.66688954786142
0,23,haar_random,pauli,7,4,100,100,4.37689393370596,21.97428550312802
0,23,haar_random,pauli,7,4,100,500,1.6989420215832882,8.714889547861516
0,23,haar_random,pauli,7,4,100,1000,1.2710079421288996,4.478285503128031
0,23,haar_random,pauli,7,4,100,5000,0.6398953101677795,1.7762688675866836
0,23,haar_random,pauli,7,4,100,10000,0.5268277235923646,1.2089700787638131
0,23,haar_random,pauli,7,4,100,25000,0.30820985124781897,0.841689547861519
0,23,haar_random,clifford,7,4,100,10,2.2382559607643207,12.939021244159576
0,23,haar_random,clifford,7,4,100,100,1.0422341880389892,3.852420505134733
0,23,haar_random,clifford,7,4,100,500,0.49535991275649804,1.2828353267901336
0,23,haar_random,clifford,7,4,100,1000,0.3761825464631348,1.0382745643084854
0,23,haar_random,clifford,7,4,100,5000,0.16973684362350544,0.47141620450012645
0,23,haar_random,clifford,7,4,100,10000,0.12075240114394162,0.27821045213848006
0,23,haar_random,clifford,7,4,100,25000,0.07779533919362266,0.18789842117311473
0,23,haar_random,seeqst_uniform,7,4,100,10,5.1123266330099515,25.641318618302005
0,23,haar_random,seeqst_uniform,7,4,100,100,1.6660001014454646,5.130990279315506
0,23,haar_random,seeqst_uniform,7,4,100,500,0.7650167421459725,2.058990279315506
0,23,haar_random,seeqst_uniform,7,4,100,1000,0.4763605801806242,1.6169370672680292
0,23,haar_random,seeqst_uniform,7,4,100,5000,0.24317729787048856,0.695337067268029
0,23,haar_random,seeqst_uniform,7,4,100,10000,0.16357915269253434,0.43933706726802907
0,23,haar_random,seeqst_uniform,7,4,100,25000,0.09303076210459263,0.22429706726802906
0,23,haar_random,seeqst_binomial,7,4,100,10,17.482381931183813,174.6496037417069
0,23,haar_random,seeqst_binomial,7,4,100,100,2.6147179968013994,17.61681637056272
0,23,haar_random,seeqst_binomial,7,4,100,500,0.8136100289110644,3.641626033203286
0,23,haar_random,seeqst_binomial,7,4,100,1000,1.4001466346783873,12.176368429905505
0,23,haar_random,seeqst_binomial,7,4,100,5000,0.9942899424063053,4.884300413575674
0,23,haar_random,seeqst_binomial,7,4,100,10000,0.7236515403322515,3.616564348272852
0,23,haar_random,seeqst_binomial,7,4,100,25000,0.416779032533039,1.833454773115096
0,23,haar_random,seeqst_unifsize_l,7,4,100,10,2.879023424066518,21.140402367361073
0,23,haar_random,seeqst_unifsize_l,7,4,100,100,1.4647801831944698,6.876928125884776
0,23,haar_random,seeqst_unifsize_l,7,4,100,500,0.6495617417195123,2.1390212441596135
0,23,haar_random,seeqst_unifsize_l,7,4,100,1000,0.4886719381459368,1.3194246006264714
0,23,haar_random,seeqst_unifsize_l,7,4,100,5000,0.20448019415606317,0.48999168172545754
0,23,haar_random,seeqst_unifsize_l,7,4,100,10000,0.15306379387629931,0.4514764857032363
0,23,haar_random,seeqst_unifsize_l,7,4,100,25000,0.08935273904955895,0.2797018175446326
0,24,haar_random,pauli,7,4,100,10,0.08656609092656382,0.20419532954978908
0,24,haar_random,pauli,7,4,100,100,4.3816149031952625,21.93775224174986
0,24,haar_random,pauli,7,4,100,500,2.0123483805024662,4.509838942826699
0,24,haar_random,pauli,7,4,100,1000,1.3539846741407668,2.355535178696102
0,24,haar_random,pauli,7,4,100,5000,0.6270645577625124,2.220336163236976
0,24,haar_random,pauli,7,4,100,10000,0.4751162691380037,1.2089700787638131
0,24,haar_random,pauli,7,4,100,25000,0.29452243485528323,0.9081361632369765
0,24,haar_random,clifford,7,4,100,10,2.5738896348978666,12.927160687490503
0,24,haar_random,clifford,7,4,100,100,1.4065800091443428,3.8849842296997594
0,24,haar_random,clifford,7,4,100,500,0.4550348064490344,1.1916910591939918
0,24,haar_random,clifford,7,4,100,1000,0.31496798728164954,0.8148571666740623
0,24,haar_random,clifford,7,4,100,5000,0.1647374660218762,0.42254168864100417
0,24,haar_random,clifford,7,4,100,10000,0.12201439785464621,0.4096416886410045
0,24,haar_random,clifford,7,4,100,25000,0.07825319856818848,0.22130168864100533
0,24,haar_random,seeqst_uniform,7,4,100,10,5.1201430986031005,25.668524064411567
0,24,haar_random,seeqst_uniform,7,4,100,100,1.6121372855281124,5.052247758250133
0,24,haar_random,seeqst_uniform,7,4,100,500,0.8324768648441124,1.9598571666740654
0,24,haar_random,seeqst_uniform,7,4,100,1000,0.5382172995205446,1.5899927530539615
0,24,haar_random,seeqst_uniform,7,4,100,5000,0.24103687578780902,0.6283945883103926
0,24,haar_random,seeqst_uniform,7,4,100,10000,0.1528941474508465,0.43381558673169457
0,24,haar_random,seeqst_uniform,7,4,100,25000,0.09930725315503645,0.3148238367630233
0,24,haar_random,seeqst_binomial,7,4,100,10,0.936897930471388,3.604706132284629
0,24,haar_random,seeqst_binomial,7,4,100,100,0.6012437995626606,2.556823706828575
0,24,haar_random,seeqst_binomial,7,4,100,500,2.574558636656113,24.497155691487272
0,24,haar_random,seeqst_binomial,7,4,100,1000,2.5369386154758375,12.387982604383499
0,24,haar_random,seeqst_binomial,7,4,100,5000,0.8104518217950135,4.722781439379698
0,24,haar_random,seeqst_binomial,7,4,100,10000,0.49897734623940776,2.64985363858769
0,24,haar_random,seeqst_binomial,7,4,100,25000,0.3353674014037059,1.4169407459338423
0,24,haar_random,seeqst_unifsize_l,7,4,100,10,4.903408971604214,35.06852406441156
0,24,haar_random,seeqst_unifsize_l,7,4,100,100,1.356655720228462,3.6086357074035447
0,24,haar_random,seeqst_unifsize_l,7,4,100,500,0.749971031402559,2.785015770300229
0,24,haar_random,seeqst_unifsize_l,7,4,100,1000,0.5161225763447769,1.7350157703002291
0,24,haar_random,seeqst_unifsize_l,7,4,100,5000,0.1968859777701497,0.7327945883103927
0,24,haar_random,seeqst_unifsize_l,7,4,100,10000,0.145256772714648,0.4038350970633269
0,24,haar_random,seeqst_unifsize_l,7,4,100,25000,0.0992036662868514,0.2784805562155929
0,25,haar_random,pauli,7,4,100,10,0.09290780884546157,0.24762601598935016
0,25,haar_random,pauli,7,4,100,100,2.1834163407504334,21.814458290149858
0,25,haar_random,pauli,7,4,100,500,1.4560045346743764,4.621626015989348
0,25,haar_random,pauli,7,4,100,1000,0.9783373461692906,4.220973401543916
0,25,haar_random,pauli,7,4,100,5000,0.7117222560198115,2.265963862323916
0,25,haar_random,pauli,7,4,100,10000,0.5352840909273923,1.2089700787638131
0,25,haar_random,pauli,7,4,100,25000,0.3240074998749683,0.7725060159893501
0,25,haar_random,clifford,7,4,100,10,3.412408298005217,12.961642864592823
0,25,haar_random,clifford,7,4,100,100,1.2149605375766648,3.852420505134733
0,25,haar_random,clifford,7,4,100,500,0.5152362771168894,1.2828353267901336
0,25,haar_random,clifford,7,4,100,1000,0.3775653458423006,1.0883934585527968
0,25,haar_random,clifford,7,4,100,5000,0.15533090497461047,0.3777703390624675
0,25,haar_random,clifford,7,4,100,10000,0.12498710549830218,0.2874703390624676
0,25,haar_random,clifford,7,4,100,25000,0.06968091371236522,0.16441757582998603
0,25,haar_random,seeqst_uniform,7,4,100,10,2.554153359951583,25.524741260170888
0,25,haar_random,seeqst_uniform,7,4,100,100,1.3751812881274224,2.726910200320471
0,25,haar_random,seeqst_uniform,7,4,100,500,0.6811563447977269,1.6392299212361867
0,25,haar_random,seeqst_uniform,7,4,100,1000,0.44295589255569273,1.0940257516709537
0,25,haar_random,seeqst_uniform,7,4,100,5000,0.20390302635458682,0.558858290149868
0,25,haar_random,seeqst_uniform,7,4,100,10000,0.14624918590837258,0.3959227205188075
0,25,haar_random,seeqst_uniform,7,4,100,25000,0.09392658759324585,0.24323156736173046
0,25,haar_random,seeqst_binomial,7,4,100,10,0.8672424992130471,3.604706132284629
0,25,haar_random,seeqst_binomial,7,4,100,100,2.023875954773796,17.575255739724597
0,25,haar_random,seeqst_binomial,7,4,100,500,2.6290247054704414,24.485258606201484
0,25,haar_random,seeqst_binomial,7,4,100,1000,2.2273736413249705,12.387982604383499
0,25,haar_random,seeqst_binomial,7,4,100,5000,0.7797273720371891,2.5703311176868047
0,25,haar_random,seeqst_binomial,7,4,100,10000,0.5266106010432879,2.5703311176868047
0,25,haar_random,seeqst_binomial,7,4,100,25000,0.295229915968775,1.006938839437633
0,25,haar_random,seeqst_unifsize_l,7,4,100,10,4.429189613260853,35.121456264219965
0,25,haar_random,seeqst_unifsize_l,7,4,100,100,1.761437863729123,7.151629285021775
0,25,haar_random,seeqst_unifsize_l,7,4,100,500,0.7160191075051515,2.771324484177527
0,25,haar_random,seeqst_unifsize_l,7,4,100,1000,0.45980323673280776,1.3713244841775272
0,25,haar_random,seeqst_unifsize_l,7,4,100,5000,0.1999219355546418,0.5139703390624681
0,25,haar_random,seeqst_unifsize_l,7,4,100,10000,0.14289028939241796,0.38877517945455214
0,25,haar_random,seeqst_unifsize_l,7,4,100,25000,0.09813279964557992,0.3417321819746938
0,26,haar_random,pauli,7,4,100,10,0.09862330922585272,0.2850991302184637
0,26,haar_random,pauli,7,4,100,100,3.7951234065868755,22.029271324493426
0,26,haar_random,pauli,7,4,100,500,2.051677075274949,8.622321001888675
0,26,haar_random,pauli,7,4,100,1000,1.2222519205025955,4.602337972726855
0,26,haar_random,pauli,7,4,100,5000,0.6362252896588383,1.4645008697815356
0,26,haar_random,pauli,7,4,100,10000,0.5000144024826024,1.2597091823560493
0,26,haar_random,pauli,7,4,100,25000,0.29387646960883657,0.7639414046564879
0,26,haar_random,clifford,7,4,100,10,3.429875682196837,13.01169794505655
0,26,haar_random,clifford,7,4,100,100,0.9589446601377499,2.676106065015748
0,26,haar_random,clifford,7,4,100,500,0.5168284115063173,1.3435378772339346
0,26,haar_random,clifford,7,4,100,1000,0.3800210111521356,0.9694076069826922
0,26,haar_random,clifford,7,4,100,5000,0.14592985760593427,0.55126194620959
0,26,haar_random,clifford,7,4,100,10000,0.1273805832475321,0.3309979450565921
0,26,haar_random,clifford,7,4,100,25000,0.0745770773397661,0.19999680721941854
0,26,haar_random,seeqst_uniform,7,4,100,10,3.621480467467663,25.6570934769232
0,26,haar_random,seeqst_uniform,7,4,100,100,1.5189293003876276,5.052247758250133
0,26,haar_random,seeqst_uniform,7,4,100,500,0.7705461999634876,1.6952713244934368
0,26,haar_random,seeqst_uniform,7,4,100,1000,0.517199131630288,1.2982241019300802
0,26,haar_random,seeqst_uniform,7,4,100,5000,0.24435251093897636,0.5970999679858082
0,26,haar_random,seeqst_uniform,7,4,100,10000,0.1585146942399052,0.3473536957381529
0,26,haar_random,seeqst_uniform,7,4,100,25000,0.0974847305009909,0.24323156736173046
0,26,haar_random,seeqst_binomial,7,4,100,10,0.7134781085064524,3.604706132284629
0,26,haar_random,seeqst_binomial,7,4,100,100,2.7699056716989543,17.575255739724597
0,26,haar_random,seeqst_binomial,7,4,100,500,2.616637482804379,24.27500843055083
0,26,haar_random,seeqst_binomial,7,4,100,1000,2.2073810266523917,12.291282822435877
0,26,haar_random,seeqst_binomial,7,4,100,5000,0.6587271603393581,2.673996281764759
0,26,haar_random,seeqst_binomial,7,4,100,10000,0.5646147931339518,2.3705154042534304
0,26,haar_random,seeqst_binomial,7,4,100,25000,0.2510565853300047,0.9031204188306898
0,26,haar_random,seeqst_unifsize_l,7,4,100,10,4.469522026009999,34.9429065230768
0,26,haar_random,seeqst_unifsize_l,7,4,100,100,1.5403856184012212,7.140045513870017
0,26,haar_random,seeqst_unifsize_l,7,4,100,500,0.7436292717690323,2.240045513870017
0,26,haar_random,seeqst_unifsize_l,7,4,100,1000,0.5169589805945269,1.9783379727268577
0,26,haar_random,seeqst_unifsize_l,7,4,100,5000,0.2332080343641139,0.7183379727268577
0,26,haar_random,seeqst_unifsize_l,7,4,100,10000,0.17268495225513614,0.7183379727268577
0,26,haar_random,seeqst_unifsize_l,7,4,100,25000,0.11281055499877775,0.3417321819746938
0,27,haar_random,pauli,7,4,100,10,21.85080893382352,218.50604452628585
0,27,haar_random,pauli,7,4,100,100,4.888954892483479,21.987143715998005
0,27,haar_random,pauli,7,4,100,500,2.1094182355850277,4.509838942826699
0,27,haar_random,pauli,7,4,100,1000,1.420192766268417,4.418966246636867
0,27,haar_random,pauli,7,4,100,5000,0.6641223168364256,1.7762688675866836
0,27,haar_random,pauli,7,4,100,10000,0.5061376570023761,1.493678010041042
0,27,haar_random,pauli,7,4,100,25000,0.30960009664365307,0.8375780100410428
0,27,haar_random,clifford,7,4,100,10,2.576043631206869,13.008407385969406
0,27,haar_random,clifford,7,4,100,100,1.2587230234479818,3.9976747644192225
0,27,haar_random,clifford,7,4,100,500,0.49995079987845564,1.2620537984486344
0,27,haar_random,clifford,7,4,100,1000,0.3935650847649191,0.98005194436525
0,27,haar_random,clifford,7,4,100,5000,0.16608207698326627,0.5427927055014128
0,27,haar_random,clifford,7,4,100,10000,0.12395721826187309,0.29769270550141375
0,27,haar_random,clifford,7,4,100,25000,0.08757362635051533,0.18383959003669942
0,27,haar_random,seeqst_uniform,7,4,100,10,5.73619657765299,25.70179220608098
0,27,haar_random,seeqst_uniform,7,4,100,100,1.546786965204099,5.221792206080978
0,27,haar_random,seeqst_uniform,7,4,100,500,0.7257947448434923,1.871995112203887
0,27,haar_random,seeqst_uniform,7,4,100,1000,0.46668049003187884,1.2966060690964092
0,27,haar_random,seeqst_uniform,7,4,100,5000,0.22599188067802006,0.558858290149868
0,27,haar_random,seeqst_uniform,7,4,100,10000,0.13767766437233164,0.316825574119865
0,27,haar_random,seeqst_uniform,7,4,100,25000,0.07086791706643979,0.1537005361968803
0,27,haar_random,seeqst_binomial,7,4,100,10,17.49642713433832,174.64329162532292
0,27,haar_random,seeqst_binomial,7,4,100,100,1.8636594186073914,17.422400330029284
0,27,haar_random,seeqst_binomial,7,4,100,500,2.708565754595345,24.459792538444397
0,27,haar_random,seeqst_binomial,7,4,100,1000,1.4437935823277985,12.23150099325489
0,27,haar_random,seeqst_binomial,7,4,100,5000,0.7345680054091248,4.957150034876892
0,27,haar_random,seeqst_binomial,7,4,100,10000,0.5166245649475091,3.7343208803579415
0,27,haar_random,seeqst_binomial,7,4,100,25000,0.35582858237208903,1.533228402223831
0,27,haar_random,seeqst_unifsize_l,7,4,100,10,7.270738937642316,35.121456264219965
0,27,haar_random,seeqst_unifsize_l,7,4,100,100,1.377582815827168,3.6214562642199635
0,27,haar_random,seeqst_unifsize_l,7,4,100,500,0.6527455408920015,2.145314447181717
0,27,haar_random,seeqst_unifsize_l,7,4,100,1000,0.4602204407135627,1.4453144471817168
0,27,haar_random,seeqst_unifsize_l,7,4,100,5000,0.21282828951445373,0.6053144471817168
0,27,haar_random,seeqst_unifsize_l,7,4,100,10000,0.1332840413066654,0.37397033906246824
0,27,haar_random,seeqst_unifsize_l,7,4,100,25000,0.0875048349085339,0.2448476262014102
0,28,haar_random,pauli,7,4,100,10,0.09303064248920445,0.2511336346686387
0,28,haar_random,pauli,7,4,100,100,4.361840051884347,21.85995889419654
0,28,haar_random,pauli,7,4,100,500,1.8957331455953792,8.585840481242629
0,28,haar_random,pauli,7,4,100,1000,1.2474163994270766,4.336618293870415
0,28,haar_random,pauli,7,4,100,5000,0.6592820498345909,2.265963862323916
0,28,haar_random,pauli,7,4,100,10000,0.45695194214281865,1.2089700787638131
0,28,haar_random,pauli,7,4,100,25000,0.2634941914959963,0.687269045958679
0,28,haar_random,clifford,7,4,100,10,4.065162833121278,12.950397778361486
0,28,haar_random,clifford,7,4,100,100,1.2018700536937328,3.852420505134733
0,28,haar_random,clifford,7,4,100,500,0.4222118403260504,1.1278404812426333
0,28,haar_random,clifford,7,4,100,1000,0.3221373895212564,0.8665071675305163
0,28,haar_random,clifford,7,4,100,5000,0.15801455597989697,0.37676374951707037
0,28,haar_random,clifford,7,4,100,10000,0.11688947367719975,0.3122637495170706
0,28,haar_random,clifford,7,4,100,25000,0.07298099943430411,0.18383959003669942
0,28,haar_random,seeqst_uniform,7,4,100,10,3.595684185198972,25.44742789580578
0,28,haar_random,seeqst_uniform,7,4,100,100,1.7470029381551475,5.16684627330503
0,28,haar_random,seeqst_uniform,7,4,100,500,0.7683367081511701,2.058990279315506
0,28,haar_random,seeqst_uniform,7,4,100,1000,0.5064707466601305,1.5899927530539615
0,28,haar_random,seeqst_uniform,7,4,100,5000,0.21708511931881302,0.6878564251809184
0,28,haar_random,seeqst_uniform,7,4,100,10000,0.1548657878438461,0.40625642518091837
0,28,haar_random,seeqst_uniform,7,4,100,25000,0.09135671859378545,0.3017422523278639
0,28,haar_random,seeqst_binomial,7,4,100,10,0.8722146555846396,3.604706132284629
0,28,haar_random,seeqst_binomial,7,4,100,100,0.9842761537837822,5.040640622889212
0,28,haar_random,seeqst_binomial,7,4,100,500,3.5343937023904455,24.503429363684038
0,28,haar_random,seeqst_binomial,7,4,100,1000,2.175813698827303,12.275137818494535
0,28,haar_random,seeqst_binomial,7,4,100,5000,0.7601189538617424,2.503084449317958
0,28,haar_random,seeqst_binomial,7,4,100,10000,0.6370771889397194,2.5490380502651035
0,28,haar_random,seeqst_binomial,7,4,100,25000,0.4154768958122379,1.8655828919561364
0,28,haar_random,seeqst_unifsize_l,7,4,100,10,5.130605948237172,34.93927213990035
0,28,haar_random,seeqst_unifsize_l,7,4,100,100,1.2574774765646746,7.04323329254364
0,28,haar_random,seeqst_unifsize_l,7,4,100,500,0.6380223728400708,2.0460072469460386
0,28,haar_random,seeqst_unifsize_l,7,4,100,1000,0.46154458503930723,1.3496022216384715
0,28,haar_random,seeqst_unifsize_l,7,4,100,5000,0.19536460625801036,0.6068462733050299
0,28,haar_random,seeqst_unifsize_l,7,4,100,10000,0.14554317263073557,0.5018462733050298
0,28,haar_random,seeqst_unifsize_l,7,4,100,25000,0.10260365166683545,0.30837711230966436
0,29,haar_random,pauli,7,4,100,10,21.850795797987328,218.50604452628585
0,29,haar_random,pauli,7,4,100,100,5.337311935560822,21.93775224174986
0,29,haar_random,pauli,7,4,100,500,2.266233759376422,8.622321001888675
0,29,haar_random,pauli,7,4,100,1000,1.5905871723569402,4.505661463582659
0,29,haar_random,pauli,7,4,100,5000,0.6567973503688128,1.736878734630169
0,29,haar_random,pauli,7,4,100,10000,0.4527533978550157,1.0446613720798616
0,29,haar_random,pauli,7,4,100,25000,0.28309803159959646,0.6909520021945412
0,29,haar_random,clifford,7,4,100,10,2.586162649657679,12.982395818862573
0,29,haar_random,clifford,7,4,100,100,1.2356296513785032,3.9976747644192225
0,29,haar_random,clifford,7,4,100,500,0.48940329004710476,1.1596747644192313
0,29,haar_random,clifford,7,4,100,1000,0.32852150226520666,0.7163982349174561
0,29,haar_random,clifford,7,4,100,5000,0.15133913249285547,0.3957029366129776
0,29,haar_random,clifford,7,4,100,10000,0.10119352108322884,0.20730655642763035
0,29,haar_random,clifford,7,4,100,25000,0.07297361034421852,0.16441757582998603
0,29,haar_random,seeqst_uniform,7,4,100,10,6.786266858757747,25.759460881907195
0,29,haar_random,seeqst_uniform,7,4,100,100,1.8564978134472645,5.283492503576475
0,29,haar_random,seeqst_uniform,7,4,100,500,0.7503434852145254,2.0900355875197225
0,29,haar_random,seeqst_uniform,7,4,100,1000,0.4557033559931694,1.0660355875197223
0,29,haar_random,seeqst_uniform,7,4,100,5000,0.22889183021824686,0.5466477582501328
0,29,haar_random,seeqst_uniform,7,4,100,10000,0.15036440165847675,0.40373911809280694
0,29,haar_random,seeqst_uniform,7,4,100,25000,0.0949441027015848,0.24323156736173046
0,29,haar_random,seeqst_binomial,7,4,100,10,0.8006891415847314,3.604706132284629
0,29,haar_random,seeqst_binomial,7,4,100,100,0.835100540514108,5.062347931267174
0,29,haar_random,seeqst_binomial,7,4,100,500,2.7093315161859612,24.425713958868077
0,29,haar_random,seeqst_binomial,7,4,100,1000,2.8090914723675895,12.25452457263316
0,29,haar_random,seeqst_binomial,7,4,100,5000,0.8545980282701358,4.917549645519457
0,29,haar_random,seeqst_binomial,7,4,100,10000,0.5025370814731579,2.4718913364815562
0,29,haar_random,seeqst_binomial,7,4,100,25000,0.2647949052919712,1.0044963510588156
0,29,haar_random,seeqst_unifsize_l,7,4,100,10,2.406594116866381,20.859622887690335
0,29,haar_random,seeqst_unifsize_l,7,4,100,100,1.2990026783936184,3.6086357074035447
0,29,haar_random,seeqst_unifsize_l,7,4,100,500,0.6968587897466475,2.785015770300229
0,29,haar_random,seeqst_unifsize_l,7,4,100,1000,0.4961565289812863,1.7350157703002291
0,29,haar_random,seeqst_unifsize_l,7,4,100,5000,0.2035205757700778,0.5762963552210754
0,29,haar_random,seeqst_unifsize_l,7,4,100,10000,0.13574025609373183,0.33129635522107537
0,29,haar_random,seeqst_unifsize_l,7,4,100,25000,0.09658485943315519,0.30837711230966436
0,30,haar_random,pauli,7,4,100,10,21.883152964992366,218.82972547506094
0,30,haar_random,pauli,7,4,100,100,4.892970633254169,21.999725475061116
0,30,haar_random,pauli,7,4,100,500,1.6983834532000004,8.877725475061125
0,30,haar_random,pauli,7,4,100,1000,1.449033973423765,4.503725475061129
0,30,haar_random,pauli,7,4,100,5000,0.6592125420547326,1.7762688675866836
0,30,haar_random,pauli,7,4,100,10000,0.5079874507776077,1.2089700787638131
0,30,haar_random,pauli,7,4,100,25000,0.2956011201832891,0.7512591651767553
0,30,haar_random,clifford,7,4,100,10,3.65872522378412,13.01169794505655
0,30,haar_random,clifford,7,4,100,100,1.126431959867735,3.9976747644192225
0,30,haar_random,clifford,7,4,100,500,0.5035731443188691,1.2828353267901336
0,30,haar_random,clifford,7,4,100,1000,0.37199194697387866,0.8821382557236499
0,30,haar_random,clifford,7,4,100,5000,0.17006720492014174,0.5427927055014128
0,30,haar_random,clifford,7,4,100,10000,0.12959184448612465,0.3309979450565921
0,30,haar_random,clifford,7,4,100,25000,0.06584171368651336,0.16441757582998603
0,30,haar_random,seeqst_uniform,7,4,100,10,4.444628492626207,25.729725475061134
0,30,haar_random,seeqst_uniform,7,4,100,100,1.5187940297121507,2.72178625269372
0,30,haar_random,seeqst_uniform,7,4,100,500,0.775294477787448,1.6392299212361867
0,30,haar_random,seeqst_uniform,7,4,100,1000,0.49837481598361016,1.6169370672680292
0,30,haar_random,seeqst_uniform,7,4,100,5000,0.24319523745470917,0.695337067268029
0,30,haar_random,seeqst_uniform,7,4,100,10000,0.1681474901442679,0.43933706726802907
0,30,haar_random,seeqst_uniform,7,4,100,25000,0.10912886727454767,0.29325072091944343
0,30,haar_random,seeqst_binomial,7,4,100,10,0.7123123721605463,3.604706132284629
0,30,haar_random,seeqst_binomial,7,4,100,100,0.6672777512336961,2.5320625355693798
0,30,haar_random,seeqst_binomial,7,4,100,500,0.3262066461912988,1.4585432988652425
0,30,haar_random,seeqst_binomial,7,4,100,1000,1.2884023236716604,12.176368429905505
0,30,haar_random,seeqst_binomial,7,4,100,5000,0.6470115489869973,2.5509838940464764
0,30,haar_random,seeqst_binomial,7,4,100,10000,0.640533701577875,3.616564348272852
0,30,haar_random,seeqst_binomial,7,4,100,25000,0.39493895944440477,1.572720570431316
0,30,haar_random,seeqst_unifsize_l,7,4,100,10,4.6441619026574505,35.06398158054695
0,30,haar_random,seeqst_unifsize_l,7,4,100,100,1.0856722597435748,3.563981580546954
0,30,haar_random,seeqst_unifsize_l,7,4,100,500,0.649084935414778,2.8139098601984887
0,30,haar_random,seeqst_unifsize_l,7,4,100,1000,0.4483393067956558,1.413909860198489
0,30,haar_random,seeqst_unifsize_l,7,4,100,5000,0.23742672052682684,0.7439916597068719
0,30,haar_random,seeqst_unifsize_l,7,4,100,10000,0.15191485815831537,0.37603850417826445
0,30,haar_random,seeqst_unifsize_l,7,4,100,25000,0.0996801635963554,0.2797018175446326
0,31,haar_random,pauli,7,4,100,10,0.08828818197933086,0.2511336346686387
0,31,haar_random,pauli,7,4,100,100,3.7974332616076727,22.008112634652328
0,31,haar_random,pauli,7,4,100,500,1.8113996587618784,4.521828448863426
0,31,haar_random,pauli,7,4,100,1000,1.2624569937269041,4.394634854209558
0,31,haar_random,pauli,7,4,100,5000,0.5748509665207627,1.7550496591263667
0,31,haar_random,pauli,7,4,100,10000,0.4828025954119992,1.317649659126367
0,31,haar_random,pauli,7,4,100,25000,0.28407120927050256,0.7639414046564879
0,31,haar_random,clifford,7,4,100,10,2.248681455272988,13.00467927504818
0,31,haar_random,clifford,7,4,100,100,1.1270547829455402,3.9051492168057838
0,31,haar_random,clifford,7,4,100,500,0.5190234443277023,1.5831492168057884
0,31,haar_random,clifford,7,4,100,1000,0.3631052672712376,0.8665071675305163
0,31,haar_random,clifford,7,4,100,5000,0.1568153719474922,0.36356033883790745
0,31,haar_random,clifford,7,4,100,10000,0.12960637379582507,0.2871475940751088
0,31,haar_random,clifford,7,4,100,25000,0.07676423293455822,0.21748759407510937
0,31,haar_random,seeqst_uniform,7,4,100,10,5.735769928928634,25.759460881907195
0,31,haar_random,seeqst_uniform,7,4,100,100,1.514658360467241,5.1391312345527735
0,31,haar_random,seeqst_uniform,7,4,100,500,0.7028832107346065,2.5791312345527735
0,31,haar_random,seeqst_uniform,7,4,100,1000,0.48370958566486216,1.5551312345527735
0,31,haar_random,seeqst_uniform,7,4,100,5000,0.21707520602675567,0.5466477582501328
0,31,haar_random,seeqst_uniform,7,4,100,10000,0.15688952675402074,0.40373911809280694
0,31,haar_random,seeqst_uniform,7,4,100,25000,0.09635492421945903,0.3017422523278639
0,31,haar_random,seeqst_binomial,7,4,100,10,0.6223989125818284,3.604706132284629
0,31,haar_random,seeqst_binomial,7,4,100,100,3.155761032314981,17.61681637056272
0,31,haar_random,seeqst_binomial,7,4,100,500,3.6527501788227146,24.488365797476565
0,31,haar_random,seeqst_binomial,7,4,100,1000,1.8608484228830093,12.26007425228706
0,31,haar_random,seeqst_binomial,7,4,100,5000,0.7308694693751725,2.4774410161354568
0,31,haar_random,seeqst_binomial,7,4,100,10000,0.667483314033023,2.4689761111910036
0,31,haar_random,seeqst_binomial,7,4,100,25000,0.4792174525074105,1.5726578235856548
0,31,haar_random,seeqst_unifsize_l,7,4,100,10,3.757421481631307,34.93279741911542
0,31,haar_random,seeqst_unifsize_l,7,4,100,100,1.5881777806986135,6.9983558996172555
0,31,haar_random,seeqst_unifsize_l,7,4,100,500,0.6999836601785344,2.043739094345027
0,31,haar_random,seeqst_unifsize_l,7,4,100,1000,0.5040072133753907,1.3194246006264714
0,31,haar_random,seeqst_unifsize_l,7,4,100,5000,0.21350224040325316,0.662849639804921
0,31,haar_random,seeqst_unifsize_l,7,4,100,10000,0.14806934517205078,0.4533558996172555
0,31,haar_random,seeqst_unifsize_l,7,4,100,25000,0.09113281270256554,0.21967172323241563
0,32,haar_random,pauli,7,4,100,10,0.08834320028169136,0.19470577463299632
0,32,haar_random,pauli,7,4,100,100,3.7759738458022585,21.83670475085636
0,32,haar_random,pauli,7,4,100,500,1.6942964511093166,4.521828448863426
0,32,haar_random,pauli,7,4,100,1000,1.3239704750804715,4.3812653262735495
0,32,haar_random,pauli,7,4,100,5000,0.6251199121604454,1.7762688675866836
0,32,haar_random,pauli,7,4,100,10000,0.43052017528206576,1.2597091823560493
0,32,haar_random,pauli,7,4,100,25000,0.30685793406743817,0.7512591651767553
0,32,haar_random,clifford,7,4,100,10,2.8774734873813257,12.996596997004126
0,32,haar_random,clifford,7,4,100,100,1.130534308374029,3.852420505134733
0,32,haar_random,clifford,7,4,100,500,0.4502631705623792,1.2239234574079485
0,32,haar_random,clifford,7,4,100,1000,0.30937122334179223,0.7649305293804
0,32,haar_random,clifford,7,4,100,5000,0.1324747359758422,0.3957029366129776
0,32,haar_random,clifford,7,4,100,10000,0.10421503409038156,0.21733770476027553
0,32,haar_random,clifford,7,4,100,25000,0.07601861194437705,0.22001749968831388
0,32,haar_random,seeqst_uniform,7,4,100,10,3.6158991316143183,25.673904152969946
0,32,haar_random,seeqst_uniform,7,4,100,100,1.4348171604419704,4.9674278958057805
0,32,haar_random,seeqst_uniform,7,4,100,500,0.6255694237912515,1.6180077099526877
0,32,haar_random,seeqst_uniform,7,4,100,1000,0.45356116847466965,1.2966060690964092
0,32,haar_random,seeqst_uniform,7,4,100,5000,0.21580609776245713,0.5970999679858082
0,32,haar_random,seeqst_uniform,7,4,100,10000,0.13688667634669527,0.35942789580578066
0,32,haar_random,seeqst_uniform,7,4,100,25000,0.08765545494195055,0.25413749968831445
0,32,haar_random,seeqst_binomial,7,4,100,10,17.47198355469911,174.49695205926974
0,32,haar_random,seeqst_binomial,7,4,100,100,3.725605493950188,17.61681637056272
0,32,haar_random,seeqst_binomial,7,4,100,500,3.6047879971956713,24.522659632971056
0,32,haar_random,seeqst_binomial,7,4,100,1000,2.837649268374508,12.341936884371169
0,32,haar_random,seeqst_binomial,7,4,100,5000,0.8008893160073389,2.559303648219564
0,32,haar_random,seeqst_binomial,7,4,100,10000,0.6893081834346237,3.7821328027385146
0,32,haar_random,seeqst_binomial,7,4,100,25000,0.37358270835439183,1.3148228812285212
0,32,haar_random,seeqst_unifsize_l,7,4,100,10,4.891250084839688,35.14372697067062
0,32,haar_random,seeqst_unifsize_l,7,4,100,100,1.271607443458675,3.692927157723166
0,32,haar_random,seeqst_unifsize_l,7,4,100,500,0.6198114001498861,2.1629063636706674
0,32,haar_random,seeqst_unifsize_l,7,4,100,1000,0.4321232172846967,1.3259605086331083
0,32,haar_random,seeqst_unifsize_l,7,4,100,5000,0.2345154656803916,0.577072842276834
0,32,haar_random,seeqst_unifsize_l,7,4,100,10000,0.1480852040623917,0.472072842276834
0,32,haar_random,seeqst_unifsize_l,7,4,100,25000,0.10937732301818999,0.30837711230966436
0,33,haar_random,pauli,7,4,100,10,0.08548883867042759,0.24762601598935016
0,33,haar_random,pauli,7,4,100,100,4.899156141861648,22.029271324493426
0,33,haar_random,pauli,7,4,100,500,2.2514094739863446,4.621626015989348
0,33,haar_random,pauli,7,4,100,1000,1.477113661800668,4.394634854209558
0,33,haar_random,pauli,7,4,100,5000,0.7145702948393204,1.9030757230773192
0,33,haar_random,pauli,7,4,100,10000,0.5332477958186432,1.493678010041042
0,33,haar_random,pauli,7,4,100,25000,0.2998675221664915,0.8375780100410428
0,33,haar_random,clifford,7,4,100,10,3.158165521132772,12.927160687490503
0,33,haar_random,clifford,7,4,100,100,0.8883417381407471,3.8849842296997594
0,33,haar_random,clifford,7,4,100,500,0.4547223053279787,1.2828353267901336
0,33,haar_random,clifford,7,4,100,1000,0.3330032312259464,0.7649305293804
0,33,haar_random,clifford,7,4,100,5000,0.15042614283189668,0.39528244653898625
0,33,haar_random,clifford,7,4,100,10000,0.11353959406591889,0.2542452506798849
0,33,haar_random,clifford,7,4,100,25000,0.07401670104477759,0.19951230534914582
0,33,haar_random,seeqst_uniform,7,4,100,10,4.439569569392201,25.63722198995896
0,33,haar_random,seeqst_uniform,7,4,100,100,1.469824022326515,2.71347572307732
0,33,haar_random,seeqst_uniform,7,4,100,500,0.7946651365741563,2.0900355875197225
0,33,haar_random,seeqst_uniform,7,4,100,1000,0.47865318389609984,1.2138678797392777
0,33,haar_random,seeqst_uniform,7,4,100,5000,0.22981912155419593,0.531076840912366
0,33,haar_random,seeqst_uniform,7,4,100,10000,0.15156101587456422,0.3394696306092733
0,33,haar_random,seeqst_uniform,7,4,100,25000,0.09583786387041396,0.3017422523278639
0,33,haar_random,seeqst_binomial,7,4,100,10,0.7117814241271722,3.604706132284629
0,33,haar_random,seeqst_binomial,7,4,100,100,1.916356755873441,17.537795616350145
0,33,haar_random,seeqst_binomial,7,4,100,500,0.7376807392555944,3.6026832792794634
0,33,haar_random,seeqst_binomial,7,4,100,1000,1.7978962577797897,12.293087940521206
0,33,haar_random,seeqst_binomial,7,4,100,5000,0.8239875058161439,2.510454704369602
0,33,haar_random,seeqst_binomial,7,4,100,10000,0.7097490897623836,3.616564348272852
0,33,haar_random,seeqst_binomial,7,4,100,25000,0.4064576302376911,1.4503608390970757
0,33,haar_random,seeqst_unifsize_l,7,4,100,10,5.03423530300248,34.96277801004104
0,33,haar_random,seeqst_unifsize_l,7,4,100,100,1.2003440414465518,3.601584333325057
0,33,haar_random,seeqst_unifsize_l,7,4,100,500,0.591516864506912,2.785015770300229
0,33,haar_random,seeqst_unifsize_l,7,4,100,1000,0.5268837190813327,1.7350157703002291
0,33,haar_random,seeqst_unifsize_l,7,4,100,5000,0.225338827100325,0.5972219899589568
0,33,haar_random,seeqst_unifsize_l,7,4,100,10000,0.16465679641878792,0.39115760344597306
0,33,haar_random,seeqst_unifsize_l,7,4,100,25000,0.09356466290657205,0.25678418823351334
0,34,haar_random,pauli,7,4,100,10,21.86686051066224,218.66688954786142
0,34,haar_random,pauli,7,4,100,100,3.0878269470227644,21.83688954786151
0,34,haar_random,pauli,7,4,100,500,2.3533347675026226,8.714889547861516
0,34,haar_random,pauli,7,4,100,1000,1.381267786909324,4.505661463582659
0,34,haar_random,pauli,7,4,100,5000,0.6488326438474877,2.220336163236976
0,34,haar_random,pauli,7,4,100,10000,0.4929379000163075,1.2089700787638131
0,34,haar_random,pauli,7,4,100,25000,0.3237371846979368,0.9081361632369765
0,34,haar_random,clifford,7,4,100,10,4.076648463562499,12.935149216805767
0,34,haar_random,clifford,7,4,100,100,1.124033968448311,3.9051492168057838
0,34,haar_random,clifford,7,4,100,500,0.4676927832152252,1.5831492168057884
0,34,haar_random,clifford,7,4,100,1000,0.33959130262668247,0.9694076069826922
0,34,haar_random,clifford,7,4,100,5000,0.14507954727585365,0.3957029366129776
0,34,haar_random,clifford,7,4,100,10000,0.12160674760156158,0.27821045213848006
0,34,haar_random,clifford,7,4,100,25000,0.07495954084168348,0.167733151066594
0,34,haar_random,seeqst_uniform,7,4,100,10,4.434652098619743,25.64867079212542
0,34,haar_random,seeqst_uniform,7,4,100,100,1.3462654393223492,2.641372020668306
0,34,haar_random,seeqst_uniform,7,4,100,500,0.7242670328228386,1.6392299212361867
0,34,haar_random,seeqst_uniform,7,4,100,1000,0.4294968084860735,1.0758046704502109
0,34,haar_random,seeqst_uniform,7,4,100,5000,0.22400157834337772,0.558858290149868
0,34,haar_random,seeqst_uniform,7,4,100,10000,0.14795483674168342,0.3473536957381529
0,34,haar_random,seeqst_uniform,7,4,100,25000,0.09697969402530542,0.3148238367630233
0,34,haar_random,seeqst_binomial,7,4,100,10,0.8647973047071977,3.604706132284629
0,34,haar_random,seeqst_binomial,7,4,100,100,1.8682408987411459,17.494763424757988
0,34,haar_random,seeqst_binomial,7,4,100,500,3.4969238084553598,24.447755579453982
0,34,haar_random,seeqst_binomial,7,4,100,1000,2.493268406460548,12.236524903061728
0,34,haar_random,seeqst_binomial,7,4,100,5000,0.6457804030198849,2.64985363858769
0,34,haar_random,seeqst_binomial,7,4,100,10000,0.587896182023941,2.64985363858769
0,34,haar_random,seeqst_binomial,7,4,100,25000,0.40162738546428434,1.4869766350558364
0,34,haar_random,seeqst_unifsize_l,7,4,100,10,4.678502933677781,34.951329207874586
0,34,haar_random,seeqst_unifsize_l,7,4,100,100,1.8041702400992756,7.151629285021775
0,34,haar_random,seeqst_unifsize_l,7,4,100,500,0.7996018605964418,3.492162065646461
0,34,haar_random,seeqst_unifsize_l,7,4,100,1000,0.4567884346154645,1.392162065646461
0,34,haar_random,seeqst_unifsize_l,7,4,100,5000,0.2276855253142928,0.6799743912344114
0,34,haar_random,seeqst_unifsize_l,7,4,100,10000,0.15128997959793689,0.4038350970633269
0,34,haar_random,seeqst_unifsize_l,7,4,100,25000,0.10334490546010813,0.38641835036690425
0,35,haar_random,pauli,7,4,100,10,0.08597952188927563,0.24762601598935016
0,35,haar_random,pauli,7,4,100,100,4.8961182525725855,21.93775224174986
0,35,haar_random,pauli,7,4,100,500,1.9299403283836996,4.621626015989348
0,35,haar_random,pauli,7,4,100,1000,1.3043120538883979,4.462510456731433
0,35,haar_random,pauli,7,4,100,5000,0.677849039658851,1.5861074964235249
0,35,haar_random,pauli,7,4,100,10000,0.4814813789797954,1.2089700787638131
0,35,haar_random,pauli,7,4,100,25000,0.3190445727312116,0.7891797456256527
0,35,haar_random,clifford,7,4,100,10,3.162903116878629,12.927160687490503
0,35,haar_random,clifford,7,4,100,100,1.105479905599647,3.852420505134733
0,35,haar_random,clifford,7,4,100,500,0.4844407197356332,1.2828353267901336
0,35,haar_random,clifford,7,4,100,1000,0.34614554564007866,0.834825574119863
0,35,haar_random,clifford,7,4,100,5000,0.14023944495159102,0.328235326790137
0,35,haar_random,clifford,7,4,100,10000,0.10994482586871719,0.27499341416334894
0,35,haar_random,clifford,7,4,100,25000,0.07159916964311859,0.1855105192895328
0,35,haar_random,seeqst_uniform,7,4,100,10,2.575977890766846,25.74583909284238
0,35,haar_random,seeqst_uniform,7,4,100,100,1.6689715956917874,5.283492503576475
0,35,haar_random,seeqst_uniform,7,4,100,500,0.7440959790259427,1.6994925035764745
0,35,haar_random,seeqst_uniform,7,4,100,1000,0.47516972978562416,1.0940257516709537
0,35,haar_random,seeqst_uniform,7,4,100,5000,0.21633773803785555,0.5548228323961517
0,35,haar_random,seeqst_uniform,7,4,100,10000,0.14716257677348626,0.3375822523278639
0,35,haar_random,seeqst_uniform,7,4,100,25000,0.08444989671649696,0.3017422523278639
0,35,haar_random,seeqst_binomial,7,4,100,10,0.7880017725062248,3.604706132284629
0,35,haar_random,seeqst_binomial,7,4,100,100,1.2516361054693494,10.037765268039985
0,35,haar_random,seeqst_binomial,7,4,100,500,0.7368569992530812,3.657290087916333
0,35,haar_random,seeqst_binomial,7,4,100,1000,0.5841105712061525,1.9103912957464038
0,35,haar_random,seeqst_binomial,7,4,100,5000,0.6102638573811053,2.6637375263877736
0,35,haar_random,seeqst_binomial,7,4,100,10000,0.41053935441536055,2.5276660189905886
0,35,haar_random,seeqst_binomial,7,4,100,25000,0.2883050052636276,1.4405460718292835
0,35,haar_random,seeqst_unifsize_l,7,4,100,10,2.70153626879057,20.979365187769446
0,35,haar_random,seeqst_unifsize_l,7,4,100,100,1.9131215761239808,6.93959341416335
0,35,haar_random,seeqst_unifsize_l,7,4,100,500,0.7562363797259112,3.43959341416335
0,35,haar_random,seeqst_unifsize_l,7,4,100,1000,0.5347129236646696,2.0395934141633503
0,35,haar_random,seeqst_unifsize_l,7,4,100,5000,0.21504214514367254,0.6919207826501272
0,35,haar_random,seeqst_unifsize_l,7,4,100,10000,0.16972956798471775,0.4348860140264868
0,35,haar_random,seeqst_unifsize_l,7,4,100,25000,0.09758799327212977,0.2894895432685632
0,36,haar_random,pauli,7,4,100,10,30.922071293583567,218.66688954786142
0,36,haar_random,pauli,7,4,100,100,5.343365665015765,21.9116071294355
0,36,haar_random,pauli,7,4,100,500,2.0431643281774123,8.714889547861516
0,36,haar_random,pauli,7,4,100,1000,1.2860699168635392,4.340889547861517
0,36,haar_random,pauli,7,4,100,5000,0.7210767282606628,2.265963862323916
0,36,haar_random,pauli,7,4,100,10000,0.5138268543368308,1.0686428631399152
0,36,haar_random,pauli,7,4,100,25000,0.2891764888003435,0.841689547861519
0,36,haar_random,clifford,7,4,100,10,3.6493138136556635,12.987184300165584
0,36,haar_random,clifford,7,4,100,100,1.0934347259837447,3.852420505134733
0,36,haar_random,clifford,7,4,100,500,0.4177026462474834,1.1054247157800365
0,36,haar_random,clifford,7,4,100,1000,0.32236623718500773,1.0382745643084854
0,36,haar_random,clifford,7,4,100,5000,0.15127354811677352,0.5427927055014128
0,36,haar_random,clifford,7,4,100,10000,0.11909079590291026,0.29769270550141375
0,36,haar_random,clifford,7,4,100,25000,0.07404151599326511,0.19951230534914582
0,36,haar_random,seeqst_uniform,7,4,100,10,5.112289893507785,25.673904152969946
0,36,haar_random,seeqst_uniform,7,4,100,100,1.5249112288223459,4.976531205273657
0,36,haar_random,seeqst_uniform,7,4,100,500,0.6855036165422066,1.5932462205290414
0,36,haar_random,seeqst_uniform,7,4,100,1000,0.4875537862213879,1.231854069126189
0,36,haar_random,seeqst_uniform,7,4,100,5000,0.21953324519436637,0.6696450714850597
0,36,haar_random,seeqst_uniform,7,4,100,10000,0.15692312346598594,0.3959227205188075
0,36,haar_random,seeqst_uniform,7,4,100,25000,0.10394685390471574,0.3017422523278639
0,36,haar_random,seeqst_binomial,7,4,100,10,0.9396509778911869,3.604706132284629
0,36,haar_random,seeqst_binomial,7,4,100,100,2.058709788677328,17.537795616350145
0,36,haar_random,seeqst_binomial,7,4,100,500,3.5023704649349265,24.421892858645144
0,36,haar_random,seeqst_binomial,7,4,100,1000,1.7965710772682137,12.193601313455641
0,36,haar_random,seeqst_binomial,7,4,100,5000,0.6838617626621033,2.487265438473416
0,36,haar_random,seeqst_binomial,7,4,100,10000,0.6563831335211613,2.4928609947980944
0,36,haar_random,seeqst_binomial,7,4,100,25000,0.40211790998300967,1.4405460718292835
0,36,haar_random,seeqst_unifsize_l,7,4,100,10,3.366309124165063,21.140402367361073
0,36,haar_random,seeqst_unifsize_l,7,4,100,100,1.4299927081308133,6.924741260170886
0,36,haar_random,seeqst_unifsize_l,7,4,100,500,0.6772141303929703,1.6087914749326235
0,36,haar_random,seeqst_unifsize_l,7,4,100,1000,0.46196731260510365,1.1188076946508538
0,36,haar_random,seeqst_unifsize_l,7,4,100,5000,0.2197512881344565,0.5828450714850597
0,36,haar_random,seeqst_unifsize_l,7,4,100,10000,0.1648937639073515,0.4254215414754972
0,36,haar_random,seeqst_unifsize_l,7,4,100,25000,0.10421676684466011,0.27142154147549724
0,37,haar_random,pauli,7,4,100,10,30.93387995844983,218.8023443974921
0,37,haar_random,pauli,7,4,100,100,4.897132762479171,22.008112634652328
0,37,haar_random,pauli,7,4,100,500,2.319867902788251,8.714889547861516
0,37,haar_random,pauli,7,4,100,1000,1.4196063079333827,4.3812653262735495
0,37,haar_random,pauli,7,4,100,5000,0.6711354114686011,2.265963862323916
0,37,haar_random,pauli,7,4,100,10000,0.4614951512998705,1.2089700787638131
0,37,haar_random,pauli,7,4,100,25000,0.29487542074312517,0.841689547861519
0,37,haar_random,clifford,7,4,100,10,2.5915116222177925,12.982395818862573
0,37,haar_random,clifford,7,4,100,100,1.119652435527741,3.9976747644192225
0,37,haar_random,clifford,7,4,100,500,0.46458611316061427,1.2828353267901336
0,37,haar_random,clifford,7,4,100,1000,0.35432499884860424,1.0382745643084854
0,37,haar_random,clifford,7,4,100,5000,0.14683369644084296,0.3957029366129776
0,37,haar_random,clifford,7,4,100,10000,0.11656470619502306,0.2871475940751088
0,37,haar_random,clifford,7,4,100,25000,0.0737807742767139,0.21748759407510937
0,37,haar_random,seeqst_uniform,7,4,100,10,5.124495255537547,25.759460881907195
0,37,haar_random,seeqst_uniform,7,4,100,100,1.5858123269884696,5.027196259589538
0,37,haar_random,seeqst_uniform,7,4,100,500,0.691964733934302,1.8764320726543393
0,37,haar_random,seeqst_uniform,7,4,100,1000,0.45995281303977037,1.0757263785019378
0,37,haar_random,seeqst_uniform,7,4,100,5000,0.20871706288503708,0.627151431888452
0,37,haar_random,seeqst_uniform,7,4,100,10000,0.1546101659266463,0.40373911809280694
0,37,haar_random,seeqst_uniform,7,4,100,25000,0.08291339985944206,0.1995526346523369
0,37,haar_random,seeqst_binomial,7,4,100,10,0.7075005013188675,3.604706132284629
0,37,haar_random,seeqst_binomial,7,4,100,100,0.4438876809586728,2.5745335654238155
0,37,haar_random,seeqst_binomial,7,4,100,500,2.509337484289839,24.365639335104824
0,37,haar_random,seeqst_binomial,7,4,100,1000,1.83395651399167,12.387982604383499
0,37,haar_random,seeqst_binomial,7,4,100,5000,0.500087413942548,2.4525485671905214
0,37,haar_random,seeqst_binomial,7,4,100,10000,0.4016105929869498,2.348737765460498
0,37,haar_random,seeqst_binomial,7,4,100,25000,0.34389349045264683,1.8655828919561364
0,37,haar_random,seeqst_unifsize_l,7,4,100,10,2.7092737454027556,21.140402367361073
0,37,haar_random,seeqst_unifsize_l,7,4,100,100,1.389166868151675,7.040020371044631
0,37,haar_random,seeqst_unifsize_l,7,4,100,500,0.6250939355330349,2.8139098601984887
0,37,haar_random,seeqst_unifsize_l,7,4,100,1000,0.44989900207444844,1.413909860198489
0,37,haar_random,seeqst_unifsize_l,7,4,100,5000,0.20825921386920682,0.6285803899498448
0,37,haar_random,seeqst_unifsize_l,7,4,100,10000,0.1545091761941134,0.5585803899498448
0,37,haar_random,seeqst_unifsize_l,7,4,100,25000,0.09568251286254097,0.30273769758749647
0,38,haar_random,pauli,7,4,100,10,21.88733481205478,218.87137101265395
0,38,haar_random,pauli,7,4,100,100,3.788071531003484,22.041371012654064
0,38,haar_random,pauli,7,4,100,500,1.8514190357961513,4.613643645766768
0,38,haar_random,pauli,7,4,100,1000,1.427743863824858,4.613643645766768
0,38,haar_random,pauli,7,4,100,5000,0.6688030530855165,2.220336163236976
0,38,haar_random,pauli,7,4,100,10000,0.5250421615717036,1.33314364576677
0,38,haar_random,pauli,7,4,100,25000,0.3154298622112653,0.9081361632369765
0,38,haar_random,clifford,7,4,100,10,4.291043059135506,12.992421760242022
0,38,haar_random,clifford,7,4,100,100,1.1537713234327738,3.962421760242046
0,38,haar_random,clifford,7,4,100,500,0.5030353869764286,1.5831492168057884
0,38,haar_random,clifford,7,4,100,1000,0.3534788402593144,0.8821382557236499
0,38,haar_random,clifford,7,4,100,5000,0.16560208895707249,0.47946708257497955
0,38,haar_random,clifford,7,4,100,10000,0.11486875268156982,0.3188289873459219
0,38,haar_random,clifford,7,4,100,25000,0.07324258700764708,0.2517489873459228
0,38,haar_random,seeqst_uniform,7,4,100,10,5.118892100934682,25.735994497831747
0,38,haar_random,seeqst_uniform,7,4,100,100,1.5547446382706875,5.1009701428569985
0,38,haar_random,seeqst_uniform,7,4,100,500,0.8252439048793428,1.9598571666740654
0,38,haar_random,seeqst_uniform,7,4,100,1000,0.5166493427070602,1.2064156754782525
0,38,haar_random,seeqst_uniform,7,4,100,5000,0.23319377583728032,0.5251555089488994
0,38,haar_random,seeqst_uniform,7,4,100,10000,0.1570057196239006,0.39397823975794455
0,38,haar_random,seeqst_uniform,7,4,100,25000,0.0949645273970726,0.3148238367630233
0,38,haar_random,seeqst_binomial,7,4,100,10,0.7079585568344116,3.604706132284629
0,38,haar_random,seeqst_binomial,7,4,100,100,2.575547219077814,17.427004119056832
0,38,haar_random,seeqst_binomial,7,4,100,500,2.5611540324327025,24.40336323406075
0,38,haar_random,seeqst_binomial,7,4,100,1000,2.20353417497222,12.341936884371169
0,38,haar_random,seeqst_binomial,7,4,100,5000,0.744826724659477,2.6637375263877736
0,38,haar_random,seeqst_binomial,7,4,100,10000,0.710500558976292,3.7821328027385146
0,38,haar_random,seeqst_binomial,7,4,100,25000,0.3529272460166435,1.102145191966272
0,38,haar_random,seeqst_unifsize_l,7,4,100,10,1.6994676327246292,6.972839312509461
0,38,haar_random,seeqst_unifsize_l,7,4,100,100,1.9102849168622478,7.04323329254364
0,38,haar_random,seeqst_unifsize_l,7,4,100,500,0.6747568205853839,2.206104539994456
0,38,haar_random,seeqst_unifsize_l,7,4,100,1000,0.5016654995451385,1.5319207826501273
0,38,haar_random,seeqst_unifsize_l,7,4,100,5000,0.22152085428227106,0.7690497755717342
0,38,haar_random,seeqst_unifsize_l,7,4,100,10000,0.14495622190116386,0.3834670825749812
0,38,haar_random,seeqst_unifsize_l,7,4,100,25000,0.10118316883502419,0.3752559915378728
0,39,haar_random,pauli,7,4,100,10,21.866909706334532,218.66688954786142
0,39,haar_random,pauli,7,4,100,100,3.786517997758314,21.88898294228096
0,39,haar_random,pauli,7,4,100,500,1.8603572191252649,8.714889547861516
0,39,haar_random,pauli,7,4,100,1000,1.3538827862780909,4.394634854209558
0,39,haar_random,pauli,7,4,100,5000,0.6360740735780707,3.0282510688563486
0,39,haar_random,pauli,7,4,100,10000,0.4898514156606028,1.7160510688563486
0,39,haar_random,pauli,7,4,100,25000,0.3038248071890153,0.841689547861519
0,39,haar_random,clifford,7,4,100,10,4.081261154819294,12.982395818862573
0,39,haar_random,clifford,7,4,100,100,1.304448331574005,3.852420505134733
0,39,haar_random,clifford,7,4,100,500,0.4147263570978509,0.94642304690472
0,39,haar_random,clifford,7,4,100,1000,0.32823465119050177,0.7413614192236012
0,39,haar_random,clifford,7,4,100,5000,0.15764537457629305,0.3957029366129776
0,39,haar_random,clifford,7,4,100,10000,0.12247296309616179,0.2874703390624676
0,39,haar_random,clifford,7,4,100,25000,0.07300752401067624,0.16441757582998603
0,39,haar_random,seeqst_uniform,7,4,100,10,3.625432600647124,25.633548931143654
0,39,haar_random,seeqst_uniform,7,4,100,100,1.2270152454958314,2.72178625269372
0,39,haar_random,seeqst_uniform,7,4,100,500,0.6953301885168157,1.8300217846803772
0,39,haar_random,seeqst_uniform,7,4,100,1000,0.47833645614372006,1.313548931143651
0,39,haar_random,seeqst_uniform,7,4,100,5000,0.22234905975022418,0.5970999679858082
0,39,haar_random,seeqst_uniform,7,4,100,10000,0.1399830049339567,0.3375822523278639
0,39,haar_random,seeqst_uniform,7,4,100,25000,0.08396456219898137,0.3017422523278639
0,39,haar_random,seeqst_binomial,7,4,100,10,0.7205374398014069,3.604706132284629
0,39,haar_random,seeqst_binomial,7,4,100,100,1.899338102842421,17.328037697271025
0,39,haar_random,seeqst_binomial,7,4,100,500,0.7295452532141644,3.654472497045148
0,39,haar_random,seeqst_binomial,7,4,100,1000,1.8560072176636595,12.289879592721574
0,39,haar_random,seeqst_binomial,7,4,100,5000,0.8916977366789368,4.95290466560787
0,39,haar_random,seeqst_binomial,7,4,100,10000,0.6804319779768743,3.7300755110889203
0,39,haar_random,seeqst_binomial,7,4,100,25000,0.3164286772926108,1.5289830329548093
0,39,haar_random,seeqst_unifsize_l,7,4,100,10,1.9588492289046013,6.972839312509461
0,39,haar_random,seeqst_unifsize_l,7,4,100,100,1.4769513400245395,3.717978215319623
0,39,haar_random,seeqst_unifsize_l,7,4,100,500,0.5401040371945018,2.067059962819572
0,39,haar_random,seeqst_unifsize_l,7,4,100,1000,0.41706034956796045,1.0706348542095603
0,39,haar_random,seeqst_unifsize_l,7,4,100,5000,0.20392900651131346,0.7690497755717342
0,39,haar_random,seeqst_unifsize_l,7,4,100,10000,0.14348185381967804,0.3927431916415528
0,39,haar_random,seeqst_unifsize_l,7,4,100,25000,0.09448327419684018,0.24914874329531098
0,40,haar_random,pauli,7,4,100,10,0.09088334865979189,0.20419532954978908
0,40,haar_random,pauli,7,4,100,100,4.362224988900924,21.88898294228096
0,40,haar_random,pauli,7,4,100,500,2.1779232431916355,8.604531205273652
0,40,haar_random,pauli,7,4,100,1000,1.4158641869561275,4.318513544359608
0,40,haar_random,pauli,7,4,100,5000,0.6721197529466193,1.9030757230773192
0,40,haar_random,pauli,7,4,100,10000,0.4586109646772916,1.2089700787638131
0,40,haar_random,pauli,7,4,100,25000,0.2582076264188769,0.5636806417296694
0,40,haar_random,clifford,7,4,100,10,3.6503256057810742,13.00467927504818
0,40,haar_random,clifford,7,4,100,100,1.2831984164470511,3.852420505134733
0,40,haar_random,clifford,7,4,100,500,0.46122229575372664,1.2565567673423033
0,40,haar_random,clifford,7,4,100,1000,0.3334731389908487,0.8665071675305163
0,40,haar_random,clifford,7,4,100,5000,0.13142735018726884,0.46104275809841555
0,40,haar_random,clifford,7,4,100,10000,0.11293906393215543,0.2836736214980611
0,40,haar_random,clifford,7,4,100,25000,0.06530388748981471,0.16441757582998603
0,40,haar_random,seeqst_uniform,7,4,100,10,6.2586031023058135,25.618982942280972
0,40,haar_random,seeqst_uniform,7,4,100,100,1.5137319557727913,4.976531205273657
0,40,haar_random,seeqst_uniform,7,4,100,500,0.7139405327980431,1.6392299212361867
0,40,haar_random,seeqst_uniform,7,4,100,1000,0.5395131123838528,1.6169370672680292
0,40,haar_random,seeqst_uniform,7,4,100,5000,0.2585106935599377,0.695337067268029
0,40,haar_random,seeqst_uniform,7,4,100,10000,0.1581008122327851,0.43933706726802907
0,40,haar_random,seeqst_uniform,7,4,100,25000,0.09396829138441709,0.24323156736173046
0,40,haar_random,seeqst_binomial,7,4,100,10,0.9389679711090406,3.604706132284629
0,40,haar_random,seeqst_binomial,7,4,100,100,2.295232650089087,17.395228267563393
0,40,haar_random,seeqst_binomial,7,4,100,500,2.560197099609302,24.490026323036705
0,40,haar_random,seeqst_binomial,7,4,100,1000,1.3673867467063867,12.261734777847199
0,40,haar_random,seeqst_binomial,7,4,100,5000,0.7717602915609896,2.64985363858769
0,40,haar_random,seeqst_binomial,7,4,100,10000,0.5209070878616885,2.64985363858769
0,40,haar_random,seeqst_binomial,7,4,100,25000,0.3947433482649822,2.4267018609065154
0,40,haar_random,seeqst_unifsize_l,7,4,100,10,5.272767492848363,34.968766003167296
0,40,haar_random,seeqst_unifsize_l,7,4,100,100,1.3872236092670729,3.5855769530952766
0,40,haar_random,seeqst_unifsize_l,7,4,100,500,0.7028493197963909,2.7665567673423057
0,40,haar_random,seeqst_unifsize_l,7,4,100,1000,0.4599506237442134,1.3665567673423058
0,40,haar_random,seeqst_unifsize_l,7,4,100,5000,0.19519153400720113,0.490692503114445
0,40,haar_random,seeqst_unifsize_l,7,4,100,10000,0.14300427991301884,0.3281459308738111
0,40,haar_random,seeqst_unifsize_l,7,4,100,25000,0.10305842849274088,0.38641835036690425
0,41,haar_random,pauli,7,4,100,10,0.09825859874590057,0.2850991302184637
0,41,haar_random,pauli,7,4,100,100,3.0894570245058226,21.85501577030022
0,41,haar_random,pauli,7,4,100,500,1.7992968570058967,4.509838942826699
0,41,haar_random,pauli,7,4,100,1000,1.384911182784037,4.355240071375653
0,41,haar_random,pauli,7,4,100,5000,0.6772280053421798,2.265963862323916
0,41,haar_random,pauli,7,4,100,10000,0.49772300908881084,1.2089700787638131
0,41,haar_random,pauli,7,4,100,25000,0.2652831656603857,0.687269045958679
0,41,haar_random,clifford,7,4,100,10,4.825474381481813,25.79488436067872
0,41,haar_random,clifford,7,4,100,100,1.3059963076797383,3.9976747644192225
0,41,haar_random,clifford,7,4,100,500,0.44021855253447834,1.1596747644192313
0,41,haar_random,clifford,7,4,100,1000,0.3398848282023509,0.8665071675305163
0,41,haar_random,clifford,7,4,100,5000,0.15643519714474255,0.47946708257497955
0,41,haar_random,clifford,7,4,100,10000,0.11966680766958958,0.30255352442468536
0,41,haar_random,clifford,7,4,100,25000,0.07192879937731514,0.19011141249606717
0,41,haar_random,seeqst_uniform,7,4,100,10,5.121206284066011,25.72476533389858
0,41,haar_random,seeqst_uniform,7,4,100,100,1.6308975062033617,4.948432072654339
0,41,haar_random,seeqst_uniform,7,4,100,500,0.7841665020330041,1.8764320726543393
0,41,haar_random,seeqst_uniform,7,4,100,1000,0.4690510240688289,1.1057497769150477
0,41,haar_random,seeqst_uniform,7,4,100,5000,0.22437688616255386,0.5711668329704578
0,41,haar_random,seeqst_uniform,7,4,100,10000,0.1361996604764177,0.3663668329704578
0,41,haar_random,seeqst_uniform,7,4,100,25000,0.08604510548293692,0.2259205624468167
0,41,haar_random,seeqst_binomial,7,4,100,10,17.478350229064816,174.49695205926974
0,41,haar_random,seeqst_binomial,7,4,100,100,1.9968966380094204,17.276060763976126
0,41,haar_random,seeqst_binomial,7,4,100,500,3.614980969040132,24.459792538444397
0,41,haar_random,seeqst_binomial,7,4,100,1000,2.221160553573677,12.263461992533545
0,41,haar_random,seeqst_binomial,7,4,100,5000,0.8582898466822416,4.926487065419843
0,41,haar_random,seeqst_binomial,7,4,100,10000,0.6179043404284924,3.7036579109008922
0,41,haar_random,seeqst_binomial,7,4,100,25000,0.336265965266892,1.5025654327667812
0,41,haar_random,seeqst_unifsize_l,7,4,100,10,3.178154378790295,20.859622887690335
0,41,haar_random,seeqst_unifsize_l,7,4,100,100,1.3593992601868603,3.692927157723166
0,41,haar_random,seeqst_unifsize_l,7,4,100,500,0.7079972577909458,2.785015770300229
0,41,haar_random,seeqst_unifsize_l,7,4,100,1000,0.4524547130977154,1.7350157703002291
0,41,haar_random,seeqst_unifsize_l,7,4,100,5000,0.2194348210548683,0.6799743912344114
0,41,haar_random,seeqst_unifsize_l,7,4,100,10000,0.15018671997368668,0.472072842276834
0,41,haar_random,seeqst_unifsize_l,7,4,100,25000,0.09565191265670368,0.30837711230966436
0,42,haar_random,pauli,7,4,100,10,0.09782122944362061,0.32564566105331616
0,42,haar_random,pauli,7,4,100,100,2.1901215032725405,21.879360325027232
0,42,haar_random,pauli,7,4,100,500,1.942297642914922,8.422354338946677
0,42,haar_random,pauli,7,4,100,1000,1.3238634780923277,4.394634854209558
0,42,haar_random,pauli,7,4,100,5000,0.6277030793617941,1.8613543389466822
0,42,haar_random,pauli,7,4,100,10000,0.4531443128301293,1.1533824465389868
0,42,haar_random,pauli,7,4,100,25000,0.2954509621076345,0.7891797456256527
0,42,haar_random,clifford,7,4,100,10,3.1536791886772626,12.927160687490503
0,42,haar_random,clifford,7,4,100,100,0.9406557838680727,3.784369478048903
0,42,haar_random,clifford,7,4,100,500,0.4368804979732457,1.3508088435483165
0,42,haar_random,clifford,7,4,100,1000,0.32584821518017454,0.8821382557236499
0,42,haar_random,clifford,7,4,100,5000,0.14890647703873583,0.39528244653898625
0,42,haar_random,clifford,7,4,100,10000,0.12782104540370784,0.2871475940751088
0,42,haar_random,clifford,7,4,100,25000,0.071944207748358,0.21748759407510937
0,42,haar_random,seeqst_uniform,7,4,100,10,4.424110845112343,25.673904152969946
0,42,haar_random,seeqst_uniform,7,4,100,100,1.610473225449653,4.96619512270208
0,42,haar_random,seeqst_uniform,7,4,100,500,0.7326307944435276,1.6204701663288081
0,42,haar_random,seeqst_uniform,7,4,100,1000,0.45303050193930944,1.2016982910114815
0,42,haar_random,seeqst_uniform,7,4,100,5000,0.19771551601979592,0.41587387579456964
0,42,haar_random,seeqst_uniform,7,4,100,10000,0.13943900619548516,0.3282457261085943
0,42,haar_random,seeqst_uniform,7,4,100,25000,0.08881463397465061,0.2665052427040514
0,42,haar_random,seeqst_binomial,7,4,100,10,0.8065729108350522,3.604706132284629
0,42,haar_random,seeqst_binomial,7,4,100,100,2.648529931504729,17.575255739724597
0,42,haar_random,seeqst_binomial,7,4,100,500,5.562563314139135,24.67156771906792
0,42,haar_random,seeqst_binomial,7,4,100,1000,3.2686586258322237,12.443276173878413
0,42,haar_random,seeqst_binomial,7,4,100,5000,0.8155698679950085,2.66064293772681
0,42,haar_random,seeqst_binomial,7,4,100,10000,0.6801698663444552,2.4286241627122362
0,42,haar_random,seeqst_binomial,7,4,100,25000,0.41592732246770103,2.3371642067675027
0,42,haar_random,seeqst_unifsize_l,7,4,100,10,4.301494024855302,34.88925185110686
0,42,haar_random,seeqst_unifsize_l,7,4,100,100,1.4610544403591916,6.815414757295948
0,42,haar_random,seeqst_unifsize_l,7,4,100,500,0.6105385603428608,2.043739094345027
0,42,haar_random,seeqst_unifsize_l,7,4,100,1000,0.40705140697106384,1.0706348542095603
0,42,haar_random,seeqst_unifsize_l,7,4,100,5000,0.18481382939507782,0.6043467454933046
0,42,haar_random,seeqst_unifsize_l,7,4,100,10000,0.14062345429063514,0.41501730358345273
0,42,haar_random,seeqst_unifsize_l,7,4,100,25000,0.10344856007815977,0.3417321819746938
0,43,haar_random,pauli,7,4,100,10,21.85078150218319,218.50604452628585
0,43,haar_random,pauli,7,4,100,100,5.341336491111549,21.97457426946013
0,43,haar_random,pauli,7,4,100,500,2.342119685918255,8.713309768266129
0,43,haar_random,pauli,7,4,100,1000,1.4842210893525571,4.418966246636867
0,43,haar_random,pauli,7,4,100,5000,0.6444391708687447,3.0282510688563486
0,43,haar_random,pauli,7,4,100,10000,0.5196803755369416,1.7160510688563486
0,43,haar_random,pauli,7,4,100,25000,0.3039477389094796,0.7483291982633542
0,43,haar_random,clifford,7,4,100,10,3.421624448510862,12.933548931143608
0,43,haar_random,clifford,7,4,100,100,0.875922537304777,3.852420505134733
0,43,haar_random,clifford,7,4,100,500,0.4501776111954456,1.4995108017366405
0,43,haar_random,clifford,7,4,100,1000,0.3098698408309456,1.1125108017366416
0,43,haar_random,clifford,7,4,100,5000,0.14595291470569924,0.3957029366129776
0,43,haar_random,clifford,7,4,100,10000,0.11333309864064181,0.2836736214980611
0,43,haar_random,clifford,7,4,100,25000,0.0785957497022793,0.2694686928119371
0,43,haar_random,seeqst_uniform,7,4,100,10,4.432885454683348,25.673904152969946
0,43,haar_random,seeqst_uniform,7,4,100,100,1.5862043163301773,4.976531205273657
0,43,haar_random,seeqst_uniform,7,4,100,500,0.8367156234764043,1.8737497769150477
0,43,haar_random,seeqst_uniform,7,4,100,1000,0.5185108265910046,1.313548931143651
0,43,haar_random,seeqst_uniform,7,4,100,5000,0.2131625876726214,0.627151431888452
0,43,haar_random,seeqst_uniform,7,4,100,10000,0.14237383046244328,0.3711514318884521
0,43,haar_random,seeqst_uniform,7,4,100,25000,0.08444485529245896,0.2130201436817401
0,43,haar_random,seeqst_binomial,7,4,100,10,0.5092486986880017,3.604706132284629
0,43,haar_random,seeqst_binomial,7,4,100,100,0.6364680429589756,5.062347931267174
0,43,haar_random,seeqst_binomial,7,4,100,500,4.276512963062251,24.421892858645144
0,43,haar_random,seeqst_binomial,7,4,100,1000,2.496533442372974,12.251281904249435
0,43,haar_random,seeqst_binomial,7,4,100,5000,0.7361885667916651,2.4712320305531645
0,43,haar_random,seeqst_binomial,7,4,100,10000,0.5229233653961166,2.3971691107745463
0,43,haar_random,seeqst_binomial,7,4,100,25000,0.35208853300974,1.418905787159386
0,43,haar_random,seeqst_unifsize_l,7,4,100,10,1.7103504087422712,6.972839312509461
0,43,haar_random,seeqst_unifsize_l,7,4,100,100,1.6732643350212144,7.093816335758901
0,43,haar_random,seeqst_unifsize_l,7,4,100,500,0.6462661863748873,2.193816335758901
0,43,haar_random,seeqst_unifsize_l,7,4,100,1000,0.4593960910740267,1.4938163357589012
0,43,haar_random,seeqst_unifsize_l,7,4,100,5000,0.20946016947405702,0.7955737215152638
0,43,haar_random,seeqst_unifsize_l,7,4,100,10000,0.14421990766178733,0.30514716416233245
0,43,haar_random,seeqst_unifsize_l,7,4,100,25000,0.09649748352596813,0.2343528884465322
0,44,haar_random,pauli,7,4,100,10,21.8669044996381,218.66688954786142
0,44,haar_random,pauli,7,4,100,100,6.547628307466242,22.029271324493426
0,44,haar_random,pauli,7,4,100,500,2.3508213542746144,8.714889547861516
0,44,haar_random,pauli,7,4,100,1000,1.2920612313197246,4.4344368610328475
0,44,haar_random,pauli,7,4,100,5000,0.6783287311275449,2.265963862323916
0,44,haar_random,pauli,7,4,100,10000,0.51123212279126,1.2089700787638131
0,44,haar_random,pauli,7,4,100,25000,0.28089435616952646,0.841689547861519
0,44,haar_random,clifford,7,4,100,10,3.418037298176916,13.052912456697822
0,44,haar_random,clifford,7,4,100,100,1.1367340741227903,3.8849842296997594
0,44,haar_random,clifford,7,4,100,500,0.40268183229892657,0.8589685914473659
0,44,haar_random,clifford,7,4,100,1000,0.31132357335843736,0.7677794638031175
0,44,haar_random,clifford,7,4,100,5000,0.14459286305298374,0.3777703390624675
0,44,haar_random,clifford,7,4,100,10000,0.11982186302416846,0.2874703390624676
0,44,haar_random,clifford,7,4,100,25000,0.06619547795660248,0.16441757582998603
0,44,haar_random,seeqst_uniform,7,4,100,10,4.430093692946558,25.606530456526524
0,44,haar_random,seeqst_uniform,7,4,100,100,1.5459647852597143,2.7050943287919194
0,44,haar_random,seeqst_uniform,7,4,100,500,0.6860635136396999,1.6952713244934368
0,44,haar_random,seeqst_uniform,7,4,100,1000,0.4380001081199044,1.1832713244934367
0,44,haar_random,seeqst_uniform,7,4,100,5000,0.24919247709469233,0.5372469680603198
0,44,haar_random,seeqst_uniform,7,4,100,10000,0.1513685804033869,0.3806031200029114
0,44,haar_random,seeqst_uniform,7,4,100,25000,0.10197341108242321,0.3017422523278639
0,44,haar_random,seeqst_binomial,7,4,100,10,0.6097303422802448,3.483727555188693
0,44,haar_random,seeqst_binomial,7,4,100,100,2.668974349421248,17.61681637056272
0,44,haar_random,seeqst_binomial,7,4,100,500,0.6251724416971337,3.641626033203286
0,44,haar_random,seeqst_binomial,7,4,100,1000,2.5108874362973594,12.355938513249825
0,44,haar_random,seeqst_binomial,7,4,100,5000,0.9986645709468286,5.018963586136121
0,44,haar_random,seeqst_binomial,7,4,100,10000,0.6899952113193019,3.616564348272852
0,44,haar_random,seeqst_binomial,7,4,100,25000,0.38005010024222313,1.47857643219902
0,44,haar_random,seeqst_unifsize_l,7,4,100,10,6.8528640409820705,35.144912981482136
0,44,haar_random,seeqst_unifsize_l,7,4,100,100,2.0674077331923564,7.040020371044631
0,44,haar_random,seeqst_unifsize_l,7,4,100,500,0.8554408672902053,3.43959341416335
0,44,haar_random,seeqst_unifsize_l,7,4,100,1000,0.5222533460655624,2.0395934141633503
0,44,haar_random,seeqst_unifsize_l,7,4,100,5000,0.234988817956025,0.6919207826501272
0,44,haar_random,seeqst_unifsize_l,7,4,100,10000,0.16962589798553818,0.4670898169832598
0,44,haar_random,seeqst_unifsize_l,7,4,100,25000,0.11781510077137687,0.32577517945455214
0,45,haar_random,pauli,7,4,100,10,21.866841525085704,218.66688954786142
0,45,haar_random,pauli,7,4,100,100,5.77059143932717,21.85995889419654
0,45,haar_random,pauli,7,4,100,500,2.217467131276126,8.714889547861516
0,45,haar_random,pauli,7,4,100,1000,1.3349575903894146,4.340889547861517
0,45,haar_random,pauli,7,4,100,5000,0.685494963869372,2.265963862323916
0,45,haar_random,pauli,7,4,100,10000,0.522851933140426,1.2089700787638131
0,45,haar_random,pauli,7,4,100,25000,0.33674978303191727,0.841689547861519
0,45,haar_random,clifford,7,4,100,10,3.6427522871480225,12.927160687490503
0,45,haar_random,clifford,7,4,100,100,1.4014620968513705,3.852420505134733
0,45,haar_random,clifford,7,4,100,500,0.43175659612666056,1.1917331855274313
0,45,haar_random,clifford,7,4,100,1000,0.24253639111512393,0.648529482415937
0,45,haar_random,clifford,7,4,100,5000,0.13887006696175067,0.3466678797392762
0,45,haar_random,clifford,7,4,100,10000,0.11255248591986625,0.27821045213848006
0,45,haar_random,clifford,7,4,100,25000,0.07999304512165595,0.2694686928119371
0,45,haar_random,seeqst_uniform,7,4,100,10,4.430192189047002,25.6570934769232
0,45,haar_random,seeqst_uniform,7,4,100,100,1.6875655499318183,5.130990279315506
0,45,haar_random,seeqst_uniform,7,4,100,500,0.8137687069352177,2.0900355875197225
0,45,haar_random,seeqst_uniform,7,4,100,1000,0.5287217745595637,1.5899927530539615
0,45,haar_random,seeqst_uniform,7,4,100,5000,0.22847168574308846,0.5548228323961517
0,45,haar_random,seeqst_uniform,7,4,100,10000,0.13516494149028707,0.3375822523278639
0,45,haar_random,seeqst_uniform,7,4,100,25000,0.08932178811179868,0.3017422523278639
0,45,haar_random,seeqst_binomial,7,4,100,10,17.480760176973916,174.65989607645588
0,45,haar_random,seeqst_binomial,7,4,100,100,2.637592956380104,17.478653935758864
0,45,haar_random,seeqst_binomial,7,4,100,500,0.8630536405541518,3.520160145724326
0,45,haar_random,seeqst_binomial,7,4,100,1000,0.64517532631014,1.9138089924904005
0,45,haar_random,seeqst_binomial,7,4,100,5000,0.6034877134791471,2.538568492054641
0,45,haar_random,seeqst_binomial,7,4,100,10000,0.4906745132334188,2.538568492054641
0,45,haar_random,seeqst_binomial,7,4,100,25000,0.26952043600883296,1.0711735066319006
0,45,haar_random,seeqst_unifsize_l,7,4,100,10,5.840468279815607,34.9429065230768
0,45,haar_random,seeqst_unifsize_l,7,4,100,100,1.4777381179405444,3.589209606569522
0,45,haar_random,seeqst_unifsize_l,7,4,100,500,0.6334184526387115,2.0460072469460386
0,45,haar_random,seeqst_unifsize_l,7,4,100,1000,0.4394992979927443,1.3903339859404287
0,45,haar_random,seeqst_unifsize_l,7,4,100,5000,0.19854874801021583,0.4961576034459731
0,45,haar_random,seeqst_unifsize_l,7,4,100,10000,0.16057666073780935,0.4670898169832598
0,45,haar_random,seeqst_unifsize_l,7,4,100,25000,0.0958046496304698,0.22908981698325978
0,46,haar_random,pauli,7,4,100,10,0.08644235046444201,0.2850991302184637
0,46,haar_random,pauli,7,4,100,100,3.794836117968907,21.93775224174986
0,46,haar_random,pauli,7,4,100,500,1.8112233159637343,4.509838942826699
0,46,haar_random,pauli,7,4,100,1000,1.3304192611656651,4.379449659126365
0,46,haar_random,pauli,7,4,100,5000,0.6741041418495252,1.8094824465389865
0,46,haar_random,pauli,7,4,100,10000,0.5191739742523657,1.317649659126367
0,46,haar_random,pauli,7,4,100,25000,0.32280574052892874,0.7891797456256527
0,46,haar_random,clifford,7,4,100,10,3.652405092558761,12.941027249911656
0,46,haar_random,clifford,7,4,100,100,1.1818464630996706,3.9051492168057838
0,46,haar_random,clifford,7,4,100,500,0.47936752496889307,1.5831492168057884
0,46,haar_random,clifford,7,4,100,1000,0.3367920328892783,0.8091492168057907
0,46,haar_random,clifford,7,4,100,5000,0.1610046530732469,0.5427927055014128
0,46,haar_random,clifford,7,4,100,10000,0.11527876460972405,0.2995195950276338
0,46,haar_random,clifford,7,4,100,25000,0.06953843736125356,0.22001749968831388
0,46,haar_random,seeqst_uniform,7,4,100,10,3.621423599712085,25.618982942280972
0,46,haar_random,seeqst_uniform,7,4,100,100,1.585443291096743,5.052247758250133
0,46,haar_random,seeqst_uniform,7,4,100,500,0.7936816376405142,2.4986218279454766
0,46,haar_random,seeqst_uniform,7,4,100,1000,0.4944038829835772,1.7306218279454766
0,46,haar_random,seeqst_uniform,7,4,100,5000,0.21285330933910954,0.5466477582501328
0,46,haar_random,seeqst_uniform,7,4,100,10000,0.15438382506840895,0.4089561500198225
0,46,haar_random,seeqst_uniform,7,4,100,25000,0.0950797915089118,0.29325072091944343
0,46,haar_random,seeqst_binomial,7,4,100,10,24.69030326339912,174.49695205926974
0,46,haar_random,seeqst_binomial,7,4,100,100,3.669255315237494,17.427004119056832
0,46,haar_random,seeqst_binomial,7,4,100,500,0.9696938757343289,3.6026832792794634
0,46,haar_random,seeqst_binomial,7,4,100,1000,0.7350827183041289,3.5952740700430947
0,46,haar_random,seeqst_binomial,7,4,100,5000,0.6705894665805783,2.5129779040655356
0,46,haar_random,seeqst_binomial,7,4,100,10000,0.5149346235889988,2.4830428501839266
0,46,haar_random,seeqst_binomial,7,4,100,25000,0.2740573479423727,1.4907127875758432
0,46,haar_random,seeqst_unifsize_l,7,4,100,10,4.362230013017956,34.968766003167296
0,46,haar_random,seeqst_unifsize_l,7,4,100,100,1.5338545722467007,3.692927157723166
0,46,haar_random,seeqst_unifsize_l,7,4,100,500,0.6951936015625969,2.0532772610146814
0,46,haar_random,seeqst_unifsize_l,7,4,100,1000,0.5051678909775911,1.3243530269158286
0,46,haar_random,seeqst_unifsize_l,7,4,100,5000,0.22213270238806535,0.6295417867165627
0,46,haar_random,seeqst_unifsize_l,7,4,100,10000,0.17041510766127213,0.472072842276834
0,46,haar_random,seeqst_unifsize_l,7,4,100,25000,0.10291369048071224,0.28307284227683394
0,47,haar_random,pauli,7,4,100,10,21.873847832627973,218.73671820613905
0,47,haar_random,pauli,7,4,100,100,3.795965594105132,21.93775224174986
0,47,haar_random,pauli,7,4,100,500,1.6948122954536355,4.621626015989348
0,47,haar_random,pauli,7,4,100,1000,1.250714156049217,4.336778010041041
0,47,haar_random,pauli,7,4,100,5000,0.6619537811806163,2.265963862323916
0,47,haar_random,pauli,7,4,100,10000,0.5349101115633165,1.493678010041042
0,47,haar_random,pauli,7,4,100,25000,0.31054224528426666,0.8375780100410428
0,47,haar_random,clifford,7,4,100,10,4.271128741736627,12.939021244159576
0,47,haar_random,clifford,7,4,100,100,0.9902779316086784,3.852420505134733
0,47,haar_random,clifford,7,4,100,500,0.43165284322828784,1.0997522417498637
0,47,haar_random,clifford,7,4,100,1000,0.32260649669695535,0.7810162045001257
0,47,haar_random,clifford,7,4,100,5000,0.1709244292365557,0.47141620450012645
0,47,haar_random,clifford,7,4,100,10000,0.12970863728168958,0.312090569830574
0,47,haar_random,clifford,7,4,100,25000,0.06322562641047155,0.16441757582998603
0,47,haar_random,seeqst_uniform,7,4,100,10,4.427630820560447,25.649094680490006
0,47,haar_random,seeqst_uniform,7,4,100,100,1.4231012817076498,5.052247758250133
0,47,haar_random,seeqst_uniform,7,4,100,500,0.6745620162549562,2.4986218279454766
0,47,haar_random,seeqst_uniform,7,4,100,1000,0.44403833132454623,1.7306218279454766
0,47,haar_random,seeqst_uniform,7,4,100,5000,0.2185079201705921,0.6631094301694251
0,47,haar_random,seeqst_uniform,7,4,100,10000,0.1392230759485477,0.4089561500198225
0,47,haar_random,seeqst_uniform,7,4,100,25000,0.10073741100944493,0.29325072091944343
0,47,haar_random,seeqst_binomial,7,4,100,10,0.7059830111474813,3.604706132284629
0,47,haar_random,seeqst_binomial,7,4,100,100,1.913298535320616,17.494763424757988
0,47,haar_random,seeqst_binomial,7,4,100,500,0.67422884677927,3.540772453780092
0,47,haar_random,seeqst_binomial,7,4,100,1000,1.338110625605993,12.163611815584085
0,47,haar_random,seeqst_binomial,7,4,100,5000,0.8634905080811968,4.884300413575674
0,47,haar_random,seeqst_binomial,7,4,100,10000,0.5166721956702046,2.3827519453672337
0,47,haar_random,seeqst_binomial,7,4,100,25000,0.42347632370615124,2.4267018609065154
0,47,haar_random,seeqst_unifsize_l,7,4,100,10,5.587760304247959,34.99750943016942
0,47,haar_random,seeqst_unifsize_l,7,4,100,100,1.3343048034369562,3.5807509558683965
0,47,haar_random,seeqst_unifsize_l,7,4,100,500,0.7509804211827933,2.6858273964965265
0,47,haar_random,seeqst_unifsize_l,7,4,100,1000,0.46531052708296006,1.336157603445973
0,47,haar_random,seeqst_unifsize_l,7,4,100,5000,0.2294091267865929,0.5972219899589568
0,47,haar_random,seeqst_unifsize_l,7,4,100,10000,0.1499717201268518,0.39115760344597306
0,47,haar_random,seeqst_unifsize_l,7,4,100,25000,0.0909947964165248,0.30837711230966436
0,48,haar_random,pauli,7,4,100,10,0.08556399307618368,0.2850991302184637
0,48,haar_random,pauli,7,4,100,100,5.362613469241103,22.008112634652328
0,48,haar_random,pauli,7,4,100,500,1.9159817179187926,4.621626015989348
0,48,haar_random,pauli,7,4,100,1000,1.3067258272658806,4.478285503128031
0,48,haar_random,pauli,7,4,100,5000,0.6835442180646402,1.6481926211695206
0,48,haar_random,pauli,7,4,100,10000,0.5531550492394788,1.449982432026573
0,48,haar_random,pauli,7,4,100,25000,0.33732169226530356,0.7782558432775984
0,48,haar_random,clifford,7,4,100,10,4.08345299977136,13.052912456697822
0,48,haar_random,clifford,7,4,100,100,1.3120930718901733,3.852420505134733
0,48,haar_random,clifford,7,4,100,500,0.41854753317062743,1.2678559715636912
0,48,haar_random,clifford,7,4,100,1000,0.31908153738565337,0.7649305293804
0,48,haar_random,clifford,7,4,100,5000,0.14930974799372784,0.5427927055014128
0,48,haar_random,clifford,7,4,100,10000,0.10623704654802688,0.29769270550141375
0,48,haar_random,clifford,7,4,100,25000,0.06979785997003474,0.16441757582998603
0,48,haar_random,seeqst_uniform,7,4,100,10,5.104344399150705,25.598355899617257
0,48,haar_random,seeqst_uniform,7,4,100,100,1.6995512494275349,5.118355899617256
0,48,haar_random,seeqst_uniform,7,4,100,500,0.6826608724271793,1.6392299212361867
0,48,haar_random,seeqst_uniform,7,4,100,1000,0.4449036719279149,1.0455733559615583
0,48,haar_random,seeqst_uniform,7,4,100,5000,0.19029822741005675,0.43023481223055404
0,48,haar_random,seeqst_uniform,7,4,100,10000,0.13937272999542988,0.35942789580578066
0,48,haar_random,seeqst_uniform,7,4,100,25000,0.09822429502691758,0.29325072091944343
0,48,haar_random,seeqst_binomial,7,4,100,10,17.482050463077773,174.64329162532292
0,48,haar_random,seeqst_binomial,7,4,100,100,2.055489587315189,17.422400330029284
0,48,haar_random,seeqst_binomial,7,4,100,500,4.279296963206673,24.478727118815314
0,48,haar_random,seeqst_binomial,7,4,100,1000,2.7836750655535054,12.25043557362581
0,48,haar_random,seeqst_binomial,7,4,100,5000,0.9335248472231753,2.530014454640751
0,48,haar_random,seeqst_binomial,7,4,100,10000,0.5990153042929992,2.3827519453672337
0,48,haar_random,seeqst_binomial,7,4,100,25000,0.4077817671082307,1.504240194311355
0,48,haar_random,seeqst_unifsize_l,7,4,100,10,3.4807640732930127,20.979365187769446
0,48,haar_random,seeqst_unifsize_l,7,4,100,100,1.5713467058086485,6.9983558996172555
0,48,haar_random,seeqst_unifsize_l,7,4,100,500,0.6842220345619435,2.1629063636706674
0,48,haar_random,seeqst_unifsize_l,7,4,100,1000,0.4946790329386358,1.239365187769446
0,48,haar_random,seeqst_unifsize_l,7,4,100,5000,0.22776012149957917,0.7951945362078703
0,48,haar_random,seeqst_unifsize_l,7,4,100,10000,0.18719505131783848,0.47712658321066775
0,48,haar_random,seeqst_unifsize_l,7,4,100,25000,0.10832345919001037,0.3161265832106677
0,49,haar_random,pauli,7,4,100,10,0.08701144621253463,0.2006278856696513
0,49,haar_random,pauli,7,4,100,100,4.879737141510268,21.92791010737486
0,49,haar_random,pauli,7,4,100,500,1.7434157979305607,4.521828448863426
0,49,haar_random,pauli,7,4,100,1000,1.2782124541926794,4.431910107374867
0,49,haar_random,pauli,7,4,100,5000,0.6830707958409808,2.220336163236976
0,49,haar_random,pauli,7,4,100,10000,0.5061099188977266,1.2089700787638131
0,49,haar_random,pauli,7,4,100,25000,0.27889684366360895,0.9081361632369765
0,49,haar_random,clifford,7,4,100,10,3.169360144281873,13.008407385969406
0,49,haar_random,clifford,7,4,100,100,1.1898186820319345,3.9976747644192225
0,49,haar_random,clifford,7,4,100,500,0.44244188010866126,1.1596747644192313
0,49,haar_random,clifford,7,4,100,1000,0.32657562660153455,0.8665071675305163
0,49,haar_random,clifford,7,4,100,5000,0.16487148484386502,0.38567476441923393
0,49,haar_random,clifford,7,4,100,10000,0.12379828721275542,0.25681307729589686
0,49,haar_random,clifford,7,4,100,25000,0.07452174179358141,0.19951230534914582
0,49,haar_random,seeqst_uniform,7,4,100,10,5.117399973807616,25.677720582310364
0,49,haar_random,seeqst_uniform,7,4,100,100,1.460600689436276,2.6539229751216746
0,49,haar_random,seeqst_uniform,7,4,100,500,0.7119458845081114,1.6392299212361867
0,49,haar_random,seeqst_uniform,7,4,100,1000,0.4723383447828978,1.2982241019300802
0,49,haar_random,seeqst_uniform,7,4,100,5000,0.19407249625130366,0.558858290149868
0,49,haar_random,seeqst_uniform,7,4,100,10000,0.14572952654071744,0.3282457261085943
0,49,haar_random,seeqst_uniform,7,4,100,25000,0.09541376544303573,0.3148238367630233
0,49,haar_random,seeqst_binomial,7,4,100,10,0.866630649855418,3.604706132284629
0,49,haar_random,seeqst_binomial,7,4,100,100,2.5429871518037475,17.61681637056272
0,49,haar_random,seeqst_binomial,7,4,100,500,3.575119709065841,24.485258606201484
0,49,haar_random,seeqst_binomial,7,4,100,1000,1.8472469809388243,12.256967061011977
0,49,haar_random,seeqst_binomial,7,4,100,5000,0.7073851396609598,2.591748326595796
0,49,haar_random,seeqst_binomial,7,4,100,10000,0.4435802057344465,1.3689191720768459
0,49,haar_random,seeqst_binomial,7,4,100,25000,0.3550187033216707,1.613485002980636
0,49,haar_random,seeqst_unifsize_l,7,4,100,10,1.9604789104529206,6.972839312509461
0,49,haar_random,seeqst_unifsize_l,7,4,100,100,1.3560565433924052,7.040020371044631
0,49,haar_random,seeqst_unifsize_l,7,4,100,500,0.6597601939919382,2.785015770300229
0,49,haar_random,seeqst_unifsize_l,7,4,100,1000,0.5506512253273957,1.7350157703002291
0,49,haar_random,seeqst_unifsize_l,7,4,100,5000,0.21064458318766116,0.662849639804921
0,49,haar_random,seeqst_unifsize_l,7,4,100,10000,0.13752957754211018,0.38044572610859434
0,49,haar_random,seeqst_unifsize_l,7,4,100,25000,0.08949696847303827,0.21944572610859434
0,50,haar_random,pauli,7,4,100,10,0.09172333017820757,0.21248637383696634
0,50,haar_random,pauli,7,4,100,100,5.35825565785815,21.987143715998005
0,50,haar_random,pauli,7,4,100,500,1.8437364655110124,8.585840481242629
0,50,haar_random,pauli,7,4,100,1000,1.1321563675096054,4.2463252355807635
0,50,haar_random,pauli,7,4,100,5000,0.6668870706064123,2.220336163236976
0,50,haar_random,pauli,7,4,100,10000,0.47376285511146093,1.2089700787638131
0,50,haar_random,pauli,7,4,100,25000,0.2962127799193508,0.9081361632369765
0,50,haar_random,clifford,7,4,100,10,4.460955326619481,12.996596997004126
0,50,haar_random,clifford,7,4,100,100,1.1795034554527566,3.9976747644192225
0,50,haar_random,clifford,7,4,100,500,0.447776421557582,1.1596747644192313
0,50,haar_random,clifford,7,4,100,1000,0.3565823212760579,0.952542336108211
0,50,haar_random,clifford,7,4,100,5000,0.14524770242147628,0.38567476441923393
0,50,haar_random,clifford,7,4,100,10000,0.11340614708443177,0.27215369573815223
0,50,haar_random,clifford,7,4,100,25000,0.07792805957087583,0.18789842117311473
0,50,haar_random,seeqst_uniform,7,4,100,10,5.107798271387355,25.618982942280972
0,50,haar_random,seeqst_uniform,7,4,100,100,1.4818873860966582,2.7003771123096643
0,50,haar_random,seeqst_uniform,7,4,100,500,0.8072437114899387,1.6392299212361867
0,50,haar_random,seeqst_uniform,7,4,100,1000,0.49622471662168693,1.231854069126189
0,50,haar_random,seeqst_uniform,7,4,100,5000,0.20927794043521966,0.5309829422809725
0,50,haar_random,seeqst_uniform,7,4,100,10000,0.15946778869887535,0.39525857094673084
0,50,haar_random,seeqst_uniform,7,4,100,25000,0.10360766316449001,0.3148238367630233
0,50,haar_random,seeqst_binomial,7,4,100,10,17.479287593379503,174.6496037417069
0,50,haar_random,seeqst_binomial,7,4,100,100,2.0062159517492364,17.428712446413275
0,50,haar_random,seeqst_binomial,7,4,100,500,4.269716767120569,24.485258606201484
0,50,haar_random,seeqst_binomial,7,4,100,1000,2.7814905957023908,12.341936884371169
0,50,haar_random,seeqst_binomial,7,4,100,5000,0.8298241518014724,4.957150034876892
0,50,haar_random,seeqst_binomial,7,4,100,10000,0.7575466520683121,3.7821328027385146
0,50,haar_random,seeqst_binomial,7,4,100,25000,0.385104981014493,1.533228402223831
0,50,haar_random,seeqst_unifsize_l,7,4,100,10,4.528477827075078,35.06398158054695
0,50,haar_random,seeqst_unifsize_l,7,4,100,100,1.7112394506514794,7.123666212407016
0,50,haar_random,seeqst_unifsize_l,7,4,100,500,0.7590256371209289,2.785015770300229
0,50,haar_random,seeqst_unifsize_l,7,4,100,1000,0.5130980553145467,1.7350157703002291
0,50,haar_random,seeqst_unifsize_l,7,4,100,5000,0.2065338593792138,0.5748860140264868
0,50,haar_random,seeqst_unifsize_l,7,4,100,10000,0.16272143256383514,0.4348860140264868
0,50,haar_random,seeqst_unifsize_l,7,4,100,25000,0.11068191622727114,0.30837711230966436
0,51,haar_random,pauli,7,4,100,10,0.09614226928794709,0.24581966711262832
0,51,haar_random,pauli,7,4,100,100,3.0904827712482446,21.94058623048077
0,51,haar_random,pauli,7,4,100,500,1.728636800073387,8.622321001888675
0,51,haar_random,pauli,7,4,100,1000,1.0921719401383694,4.336778010041041
0,51,haar_random,pauli,7,4,100,5000,0.6083911608219253,1.7123780100410422
0,51,haar_random,pauli,7,4,100,10000,0.5063527206115127,1.493678010041042
0,51,haar_random,pauli,7,4,100,25000,0.3065813182390451,0.8375780100410428
0,51,haar_random,clifford,7,4,100,10,4.834016338108241,25.79488436067872
0,51,haar_random,clifford,7,4,100,100,1.2852556019225059,3.852420505134733
0,51,haar_random,clifford,7,4,100,500,0.48025791035543103,1.2043694780489098
0,51,haar_random,clifford,7,4,100,1000,0.36363752705494684,0.952542336108211
0,51,haar_random,clifford,7,4,100,5000,0.16518949649815773,0.6705811651095321
0,51,haar_random,clifford,7,4,100,10000,0.12371871209730011,0.2520341372458866
0,51,haar_random,clifford,7,4,100,25000,0.070507613215006,0.16441757582998603
0,51,haar_random,seeqst_uniform,7,4,100,10,3.6217372560722527,25.63722198995896
0,51,haar_random,seeqst_uniform,7,4,100,100,1.4460304815161935,2.6528291168632503
0,51,haar_random,seeqst_uniform,7,4,100,500,0.8387385127724069,1.9598571666740654
0,51,haar_random,seeqst_uniform,7,4,100,1000,0.5058578808943719,1.2335585822067372
0,51,haar_random,seeqst_uniform,7,4,100,5000,0.19700680653109098,0.5140185953435116
0,51,haar_random,seeqst_uniform,7,4,100,10000,0.12672760590354482,0.3375822523278639
0,51,haar_random,seeqst_uniform,7,4,100,25000,0.09387796583905889,0.3017422523278639
0,51,haar_random,seeqst_binomial,7,4,100,10,0.86170557739981,3.604706132284629
0,51,haar_random,seeqst_binomial,7,4,100,100,0.796008781857236,5.062347931267174
0,51,haar_random,seeqst_binomial,7,4,100,500,2.501732330113127,24.525840042311124
0,51,haar_random,seeqst_binomial,7,4,100,1000,1.2950859248449584,12.297548497121621
0,51,haar_random,seeqst_binomial,7,4,100,5000,0.6897685095771443,2.530014454640751
0,51,haar_random,seeqst_binomial,7,4,100,10000,0.46674477240261336,2.4830428501839266
0,51,haar_random,seeqst_binomial,7,4,100,25000,0.3817606960322626,2.4267018609065154
0,51,haar_random,seeqst_unifsize_l,7,4,100,10,5.719624272583599,34.968766003167296
0,51,haar_random,seeqst_unifsize_l,7,4,100,100,1.6593032061542863,6.992162065646461
0,51,haar_random,seeqst_unifsize_l,7,4,100,500,0.6648181486020105,3.492162065646461
0,51,haar_random,seeqst_unifsize_l,7,4,100,1000,0.47916922496245157,1.4881428333259346
0,51,haar_random,seeqst_unifsize_l,7,4,100,5000,0.21246358770409174,0.5972219899589568
0,51,haar_random,seeqst_unifsize_l,7,4,100,10000,0.14218969574999832,0.3581163431539607
0,51,haar_random,seeqst_unifsize_l,7,4,100,25000,0.1110626859810404,0.2721803328873717
0,52,haar_random,pauli,7,4,100,10,0.09071358874532157,0.24762601598935016
0,52,haar_random,pauli,7,4,100,100,5.80223815494419,21.987143715998005
0,52,haar_random,pauli,7,4,100,500,1.7134109190884996,4.621626015989348
0,52,haar_random,pauli,7,4,100,1000,1.1693893179783441,2.434626015989349
0,52,haar_random,pauli,7,4,100,5000,0.6194653502788207,1.7685829422809718
0,52,haar_random,pauli,7,4,100,10000,0.4626353702379262,1.0446613720798616
0,52,haar_random,pauli,7,4,100,25000,0.3091513440097003,0.7855903934304773
0,52,haar_random,clifford,7,4,100,10,4.0589595723840945,12.927160687490503
0,52,haar_random,clifford,7,4,100,100,1.2481178052887998,3.852420505134733
0,52,haar_random,clifford,7,4,100,500,0.47460176973023205,1.1917331855274313
0,52,haar_random,clifford,7,4,100,1000,0.3559760682127427,0.98005194436525
0,52,haar_random,clifford,7,4,100,5000,0.13606239854000204,0.3957029366129776
0,52,haar_random,clifford,7,4,100,10000,0.10718276798104139,0.2115938272757912
0,52,haar_random,clifford,7,4,100,25000,0.07556676523529866,0.20165434834070245
0,52,haar_random,seeqst_uniform,7,4,100,10,5.121049214000796,25.649094680490006
0,52,haar_random,seeqst_uniform,7,4,100,100,1.8242752382704255,5.097603138260986
0,52,haar_random,seeqst_uniform,7,4,100,500,0.7514699374242438,1.8764320726543393
0,52,haar_random,seeqst_uniform,7,4,100,1000,0.46644855361839366,1.2982241019300802
0,52,haar_random,seeqst_uniform,7,4,100,5000,0.2097235850781671,0.5466477582501328
0,52,haar_random,seeqst_uniform,7,4,100,10000,0.14229956689716314,0.3375822523278639
0,52,haar_random,seeqst_uniform,7,4,100,25000,0.08711727766404272,0.3017422523278639
0,52,haar_random,seeqst_binomial,7,4,100,10,0.6170470458983706,3.604706132284629
0,52,haar_random,seeqst_binomial,7,4,100,100,0.8534872596916094,5.040640622889212
0,52,haar_random,seeqst_binomial,7,4,100,500,2.6475702546164026,24.478979952118024
0,52,haar_random,seeqst_binomial,7,4,100,1000,1.8545638420435198,12.316716048117247
0,52,haar_random,seeqst_binomial,7,4,100,5000,0.7590121802071251,2.5905526573786037
0,52,haar_random,seeqst_binomial,7,4,100,10000,0.4682875116524977,1.367723502859653
0,52,haar_random,seeqst_binomial,7,4,100,25000,0.38100939059989947,1.833454773115096
0,52,haar_random,seeqst_unifsize_l,7,4,100,10,4.314151035202982,34.93927213990035
0,52,haar_random,seeqst_unifsize_l,7,4,100,100,1.9392520808466835,6.962087829295893
0,52,haar_random,seeqst_unifsize_l,7,4,100,500,0.6388479886481216,1.9769281258847755
0,52,haar_random,seeqst_unifsize_l,7,4,100,1000,0.4315848242318003,1.1036491187243715
0,52,haar_random,seeqst_unifsize_l,7,4,100,5000,0.22489972565444788,0.662849639804921
0,52,haar_random,seeqst_unifsize_l,7,4,100,10000,0.16208587783532458,0.3581163431539607
0,52,haar_random,seeqst_unifsize_l,7,4,100,25000,0.11486998581831002,0.2721803328873717
0,53,haar_random,pauli,7,4,100,10,0.08800003554891299,0.2179782153196229
0,53,haar_random,pauli,7,4,100,100,4.888803156657196,21.93775224174986
0,53,haar_random,pauli,7,4,100,500,1.8547653103408657,4.563757008603226
0,53,haar_random,pauli,7,4,100,1000,1.2988808580659823,4.431910107374867
0,53,haar_random,pauli,7,4,100,5000,0.6805699812183207,2.265963862323916
0,53,haar_random,pauli,7,4,100,10000,0.5195019019026281,1.2089700787638131
0,53,haar_random,pauli,7,4,100,25000,0.28958913881559856,0.6411834418957384
0,53,haar_random,clifford,7,4,100,10,2.580812355629669,12.943686221139636
0,53,haar_random,clifford,7,4,100,100,1.3684979201147522,3.9976747644192225
0,53,haar_random,clifford,7,4,100,500,0.4494438342226014,1.2828353267901336
0,53,haar_random,clifford,7,4,100,1000,0.307141348888769,0.7730940547538558
0,53,haar_random,clifford,7,4,100,5000,0.15560480110709365,0.38567476441923393
0,53,haar_random,clifford,7,4,100,10000,0.11811735873419156,0.312090569830574
0,53,haar_random,clifford,7,4,100,25000,0.07479755781640805,0.16441757582998603
0,53,haar_random,seeqst_uniform,7,4,100,10,6.769377855122072,25.72476533389858
0,53,haar_random,seeqst_uniform,7,4,100,100,1.7923897891900995,5.191853428309539
0,53,haar_random,seeqst_uniform,7,4,100,500,0.7649260229628324,2.058990279315506
0,53,haar_random,seeqst_uniform,7,4,100,1000,0.4360175081290287,1.1378375576040685
0,53,haar_random,seeqst_uniform,7,4,100,5000,0.20324493754484607,0.6631094301694251
0,53,haar_random,seeqst_uniform,7,4,100,10000,0.1380726974291885,0.3815094301694251
0,53,haar_random,seeqst_uniform,7,4,100,25000,0.09149346907066143,0.22278943016942512
0,53,haar_random,seeqst_binomial,7,4,100,10,0.7131808832917288,3.604706132284629
0,53,haar_random,seeqst_binomial,7,4,100,100,0.6022437547986017,2.5745335654238155
0,53,haar_random,seeqst_binomial,7,4,100,500,2.5138880280126275,24.528436518688547
0,53,haar_random,seeqst_binomial,7,4,100,1000,1.7942466658799432,12.300144973499044
0,53,haar_random,seeqst_binomial,7,4,100,5000,0.8381325452978167,4.926487065419843
0,53,haar_random,seeqst_binomial,7,4,100,10000,0.543485236683713,3.7036579109008922
0,53,haar_random,seeqst_binomial,7,4,100,25000,0.4359372626396731,1.5144319921020124
0,53,haar_random,seeqst_unifsize_l,7,4,100,10,5.54471588828886,34.99750943016942
0,53,haar_random,seeqst_unifsize_l,7,4,100,100,1.4669210112053528,3.717978215319623
0,53,haar_random,seeqst_unifsize_l,7,4,100,500,0.6856652254626889,2.785015770300229
0,53,haar_random,seeqst_unifsize_l,7,4,100,1000,0.4928291855053396,1.9556879411167314
0,53,haar_random,seeqst_unifsize_l,7,4,100,5000,0.199429012022856,0.5382705889370186
0,53,haar_random,seeqst_unifsize_l,7,4,100,10000,0.1342639066845957,0.41568794111673124
0,53,haar_random,seeqst_unifsize_l,7,4,100,25000,0.11244671317261304,0.38641835036690425
0,54,haar_random,pauli,7,4,100,10,21.866874734636447,218.66688954786142
0,54,haar_random,pauli,7,4,100,100,4.359292060856085,21.83688954786151
0,54,haar_random,pauli,7,4,100,500,2.2255439119810925,8.714889547861516
0,54,haar_random,pauli,7,4,100,1000,1.3117395642646446,4.340889547861517
0,54,haar_random,pauli,7,4,100,5000,0.6761247153687788,2.220336163236976
0,54,haar_random,pauli,7,4,100,10000,0.5259049113119705,1.2089700787638131
0,54,haar_random,pauli,7,4,100,25000,0.29690795283206656,0.9081361632369765
0,54,haar_random,clifford,7,4,100,10,2.8762066786462057,12.93469927044014
0,54,haar_random,clifford,7,4,100,100,1.1002406028529188,3.852420505134733
0,54,haar_random,clifford,7,4,100,500,0.42336666676836726,1.2828353267901336
0,54,haar_random,clifford,7,4,100,1000,0.3355642659851795,1.0282858748935824
0,54,haar_random,clifford,7,4,100,5000,0.16959963038187786,0.3574858748935844
0,54,haar_random,clifford,7,4,100,10000,0.12160751866818853,0.2871475940751088
0,54,haar_random,clifford,7,4,100,25000,0.07699739316466868,0.2694686928119371
0,54,haar_random,seeqst_uniform,7,4,100,10,6.769432324825696,25.735994497831747
0,54,haar_random,seeqst_uniform,7,4,100,100,1.4894878234204358,4.976531205273657
0,54,haar_random,seeqst_uniform,7,4,100,500,0.796154486918361,1.6719944978317447
0,54,haar_random,seeqst_uniform,7,4,100,1000,0.5245541196327511,1.4987945883103928
0,54,haar_random,seeqst_uniform,7,4,100,5000,0.23243740546107725,0.6878564251809184
0,54,haar_random,seeqst_uniform,7,4,100,10000,0.15885857356899494,0.4089561500198225
0,54,haar_random,seeqst_uniform,7,4,100,25000,0.1045555353242226,0.3148238367630233
0,54,haar_random,seeqst_binomial,7,4,100,10,0.6073803112096638,3.483727555188693
0,54,haar_random,seeqst_binomial,7,4,100,100,1.8611986455607075,17.395228267563393
0,54,haar_random,seeqst_binomial,7,4,100,500,2.503405550995938,24.331515952742226
0,54,haar_random,seeqst_binomial,7,4,100,1000,1.3523599757598588,12.103224407552721
0,54,haar_random,seeqst_binomial,7,4,100,5000,0.7383925631894787,2.64985363858769
0,54,haar_random,seeqst_binomial,7,4,100,10000,0.48058170029139813,2.64985363858769
0,54,haar_random,seeqst_binomial,7,4,100,25000,0.3715579115739777,1.833454773115096
0,54,haar_random,seeqst_unifsize_l,7,4,100,10,6.378793416031839,35.06398158054695
0,54,haar_random,seeqst_unifsize_l,7,4,100,100,1.9324422411788797,7.075703484001276
0,54,haar_random,seeqst_unifsize_l,7,4,100,500,0.7369666052386076,2.185590995885551
0,54,haar_random,seeqst_unifsize_l,7,4,100,1000,0.4635749734315168,1.7127945883103928
0,54,haar_random,seeqst_unifsize_l,7,4,100,5000,0.20419729536006348,0.7327945883103927
0,54,haar_random,seeqst_unifsize_l,7,4,100,10000,0.13616435721134243,0.34729756268811673
0,54,haar_random,seeqst_unifsize_l,7,4,100,25000,0.10062079179958748,0.30837711230966436
0,55,haar_random,pauli,7,4,100,10,0.09132798575010831,0.23152434479424397
0,55,haar_random,pauli,7,4,100,100,3.1000927455540768,21.98767201055382
0,55,haar_random,pauli,7,4,100,500,1.7034356363423386,8.713309768266129
0,55,haar_random,pauli,7,4,100,1000,1.1618298118689445,4.351855736032758
0,55,haar_random,pauli,7,4,100,5000,0.6153729649469073,1.7149097682661347
0,55,haar_random,pauli,7,4,100,10000,0.44538554977327477,0.9027346281284669
0,55,haar_random,pauli,7,4,100,25000,0.27666022910855204,0.687269045958679
0,55,haar_random,clifford,7,4,100,10,3.8749668531477344,13.002261034254062
0,55,haar_random,clifford,7,4,100,100,1.4049320794934028,3.9976747644192225
0,55,haar_random,clifford,7,4,100,500,0.42097637964351087,1.1596747644192313
0,55,haar_random,clifford,7,4,100,1000,0.3151867967837774,0.7837376597779014
0,55,haar_random,clifford,7,4,100,5000,0.14992515891417138,0.38567476441923393
0,55,haar_random,clifford,7,4,100,10000,0.11892008428759959,0.312090569830574
0,55,haar_random,clifford,7,4,100,25000,0.07253150674124183,0.22001749968831388
0,55,haar_random,seeqst_uniform,7,4,100,10,2.5505367569882003,25.489251851106864
0,55,haar_random,seeqst_uniform,7,4,100,100,1.6708844936782263,5.191853428309539
0,55,haar_random,seeqst_uniform,7,4,100,500,0.7262696690192146,1.8764320726543393
0,55,haar_random,seeqst_uniform,7,4,100,1000,0.5031135025717085,1.2335585822067372
0,55,haar_random,seeqst_uniform,7,4,100,5000,0.23750197467296033,0.6631094301694251
0,55,haar_random,seeqst_uniform,7,4,100,10000,0.1717386894249263,0.3959227205188075
0,55,haar_random,seeqst_uniform,7,4,100,25000,0.09949579372374763,0.3017422523278639
0,55,haar_random,seeqst_binomial,7,4,100,10,0.7086298507545078,3.604706132284629
0,55,haar_random,seeqst_binomial,7,4,100,100,1.8810045664367772,17.575255739724597
0,55,haar_random,seeqst_binomial,7,4,100,500,3.566556919972949,24.528436518688547
0,55,haar_random,seeqst_binomial,7,4,100,1000,1.8367764329292184,12.300144973499044
0,55,haar_random,seeqst_binomial,7,4,100,5000,0.8654274812507122,4.956671580251592
0,55,haar_random,seeqst_binomial,7,4,100,10000,0.6871772633248886,3.7338424257326417
0,55,haar_random,seeqst_binomial,7,4,100,25000,0.37792059013914664,1.5327499475985307
0,55,haar_random,seeqst_unifsize_l,7,4,100,10,6.858622776319769,35.14372697067062
0,55,haar_random,seeqst_unifsize_l,7,4,100,100,1.614089424293658,3.731524344794244
0,55,haar_random,seeqst_unifsize_l,7,4,100,500,0.6908907199484312,2.1653186063717493
0,55,haar_random,seeqst_unifsize_l,7,4,100,1000,0.45966320619683476,1.3819328998977947
0,55,haar_random,seeqst_unifsize_l,7,4,100,5000,0.23424279439576795,0.6043467454933046
0,55,haar_random,seeqst_unifsize_l,7,4,100,10000,0.13755531751522132,0.4334266440384417
0,55,haar_random,seeqst_unifsize_l,7,4,100,25000,0.10851447081641442,0.34759174264675174
0,56,haar_random,pauli,7,4,100,10,0.09054915939126668,0.2757078460570913
0,56,haar_random,pauli,7,4,100,100,3.0845758307108624,21.835309768266118
0,56,haar_random,pauli,7,4,100,500,1.8438439368978985,8.713309768266129
0,56,haar_random,pauli,7,4,100,1000,1.0633258267724068,4.339309768266133
0,56,haar_random,pauli,7,4,100,5000,0.6166662255838281,1.9030757230773192
0,56,haar_random,pauli,7,4,100,10000,0.5052140949769327,1.449982432026573
0,56,haar_random,pauli,7,4,100,25000,0.3010650169485221,0.6613382070558181
0,56,haar_random,clifford,7,4,100,10,3.661582477315545,12.982395818862573
0,56,haar_random,clifford,7,4,100,100,1.0380366315198029,3.852420505134733
0,56,haar_random,clifford,7,4,100,500,0.41946034640469304,1.2828353267901336
0,56,haar_random,clifford,7,4,100,1000,0.3125199332498648,0.7127459962713214
0,56,haar_random,clifford,7,4,100,5000,0.14390743070146458,0.36745440240448796
0,56,haar_random,clifford,7,4,100,10000,0.11821158901121633,0.30255352442468536
0,56,haar_random,clifford,7,4,100,25000,0.0713555320681066,0.18645352442468616
0,56,haar_random,seeqst_uniform,7,4,100,10,3.621713894086358,25.673904152969946
0,56,haar_random,seeqst_uniform,7,4,100,100,1.5277785557613983,5.027196259589538
0,56,haar_random,seeqst_uniform,7,4,100,500,0.783521732776681,1.973679805991706
0,56,haar_random,seeqst_uniform,7,4,100,1000,0.4989410571634523,1.2982241019300802
0,56,haar_random,seeqst_uniform,7,4,100,5000,0.19771384874136574,0.46984325409191063
0,56,haar_random,seeqst_uniform,7,4,100,10000,0.16334624953110924,0.488879805991706
0,56,haar_random,seeqst_uniform,7,4,100,25000,0.08927035101440535,0.21239980599170594
0,56,haar_random,seeqst_binomial,7,4,100,10,0.8660937189025324,3.604706132284629
0,56,haar_random,seeqst_binomial,7,4,100,100,1.8804696081772412,17.494763424757988
0,56,haar_random,seeqst_binomial,7,4,100,500,4.330548091457549,24.421892858645144
0,56,haar_random,seeqst_binomial,7,4,100,1000,2.2346951440333416,12.193601313455641
0,56,haar_random,seeqst_binomial,7,4,100,5000,0.6737791019830718,2.4547015631298117
0,56,haar_random,seeqst_binomial,7,4,100,10000,0.45323600489656085,1.4985370005760417
0,56,haar_random,seeqst_binomial,7,4,100,25000,0.38663343584368076,1.8655828919561364
0,56,haar_random,seeqst_unifsize_l,7,4,100,10,5.0371721015942015,35.121456264219965
0,56,haar_random,seeqst_unifsize_l,7,4,100,100,1.3016999883020965,3.6214562642199635
0,56,haar_random,seeqst_unifsize_l,7,4,100,500,0.66137447001534,2.185590995885551
0,56,haar_random,seeqst_unifsize_l,7,4,100,1000,0.42691182819119583,1.0895052029384156
0,56,haar_random,seeqst_unifsize_l,7,4,100,5000,0.23454181403367144,0.6285803899498448
0,56,haar_random,seeqst_unifsize_l,7,4,100,10000,0.16657192264961726,0.5585803899498448
0,56,haar_random,seeqst_unifsize_l,7,4,100,25000,0.1060781630160349,0.34759174264675174
0,57,haar_random,pauli,7,4,100,10,0.09546724872521009,0.18724588471991002
0,57,haar_random,pauli,7,4,100,100,3.09674329696946,21.88898294228096
0,57,haar_random,pauli,7,4,100,500,1.8573616937953377,8.585840481242629
0,57,haar_random,pauli,7,4,100,1000,1.2379425704203761,4.318513544359608
0,57,haar_random,pauli,7,4,100,5000,0.6482631727545477,2.027308940806004
0,57,haar_random,pauli,7,4,100,10000,0.5246078277744907,1.7043711229646916
0,57,haar_random,pauli,7,4,100,25000,0.3366340940505458,0.8733111229646924
0,57,haar_random,clifford,7,4,100,10,3.872692194152019,12.927160687490503
0,57,haar_random,clifford,7,4,100,100,1.2741854935314112,3.852420505134733
0,57,haar_random,clifford,7,4,100,500,0.5102052550159929,1.2043694780489098
0,57,haar_random,clifford,7,4,100,1000,0.3484389091721139,0.98005194436525
0,57,haar_random,clifford,7,4,100,5000,0.15272274021249332,0.5427927055014128
0,57,haar_random,clifford,7,4,100,10000,0.11539275012927087,0.29769270550141375
0,57,haar_random,clifford,7,4,100,25000,0.061056541400535146,0.22661559113651036
0,57,haar_random,seeqst_uniform,7,4,100,10,4.436549662217982,25.625181044197635
0,57,haar_random,seeqst_uniform,7,4,100,100,1.4854339949142064,2.71347572307732
0,57,haar_random,seeqst_uniform,7,4,100,500,0.8122508078539213,1.6392299212361867
0,57,haar_random,seeqst_uniform,7,4,100,1000,0.5430843710881489,1.2966060690964092
0,57,haar_random,seeqst_uniform,7,4,100,5000,0.22902358400986708,0.531076840912366
0,57,haar_random,seeqst_uniform,7,4,100,10000,0.1603827690421203,0.5352478684521025
0,57,haar_random,seeqst_uniform,7,4,100,25000,0.09896359705255278,0.3017422523278639
0,57,haar_random,seeqst_binomial,7,4,100,10,0.9331516629811977,3.604706132284629
0,57,haar_random,seeqst_binomial,7,4,100,100,3.3414355073797104,17.61681637056272
0,57,haar_random,seeqst_binomial,7,4,100,500,3.5045929853286637,24.443509545323824
0,57,haar_random,seeqst_binomial,7,4,100,1000,3.2836306766739085,12.387982604383499
0,57,haar_random,seeqst_binomial,7,4,100,5000,0.9519953197342689,2.4851662070591427
0,57,haar_random,seeqst_binomial,7,4,100,10000,0.719087052708337,2.45598577413758
0,57,haar_random,seeqst_binomial,7,4,100,25000,0.3703502490377057,1.4169407459338423
0,57,haar_random,seeqst_unifsize_l,7,4,100,10,2.1958052388706832,6.972839312509461
0,57,haar_random,seeqst_unifsize_l,7,4,100,100,1.4572846998713604,7.151629285021775
0,57,haar_random,seeqst_unifsize_l,7,4,100,500,0.7113198330737103,2.839478596169657
0,57,haar_random,seeqst_unifsize_l,7,4,100,1000,0.5452853056213047,1.789478596169657
0,57,haar_random,seeqst_unifsize_l,7,4,100,5000,0.22446919217346076,0.7690497755717342
0,57,haar_random,seeqst_unifsize_l,7,4,100,10000,0.1470892530505442,0.3719264549448147
0,57,haar_random,seeqst_unifsize_l,7,4,100,25000,0.09443124354629587,0.2295457605111018
0,58,haar_random,pauli,7,4,100,10,21.880421118053974,218.8023443974921
0,58,haar_random,pauli,7,4,100,100,4.369334739817615,21.972344397492286
0,58,haar_random,pauli,7,4,100,500,1.9035116653535173,8.622321001888675
0,58,haar_random,pauli,7,4,100,1000,1.3333121868614293,4.3812653262735495
0,58,haar_random,pauli,7,4,100,5000,0.5691377941993881,1.2873235729591146
0,58,haar_random,pauli,7,4,100,10000,0.4850239919824916,1.2089700787638131
0,58,haar_random,pauli,7,4,100,25000,0.2900106696929928,0.5959366683257429
0,58,haar_random,clifford,7,4,100,10,2.890422954923945,12.927160687490503
0,58,haar_random,clifford,7,4,100,100,0.9898962640739524,3.9976747644192225
0,58,haar_random,clifford,7,4,100,500,0.45434274880531805,1.1596747644192313
0,58,haar_random,clifford,7,4,100,1000,0.33777289523137266,0.8821382557236499
0,58,haar_random,clifford,7,4,100,5000,0.1580188740831379,0.46680032415990796
0,58,haar_random,clifford,7,4,100,10000,0.11800730039761058,0.2871475940751088
0,58,haar_random,clifford,7,4,100,25000,0.06932959180094032,0.22001749968831388
0,58,haar_random,seeqst_uniform,7,4,100,10,3.631996369815676,25.70179220608098
0,58,haar_random,seeqst_uniform,7,4,100,100,1.6512819035217974,5.221792206080978
0,58,haar_random,seeqst_uniform,7,4,100,500,0.7960331318296776,2.0900355875197225
0,58,haar_random,seeqst_uniform,7,4,100,1000,0.48415101826472756,1.1378375576040685
0,58,haar_random,seeqst_uniform,7,4,100,5000,0.2199982983707052,0.5711668329704578
0,58,haar_random,seeqst_uniform,7,4,100,10000,0.14609265703394136,0.3663668329704578
0,58,haar_random,seeqst_uniform,7,4,100,25000,0.09714853605623686,0.3017422523278639
0,58,haar_random,seeqst_binomial,7,4,100,10,0.7063797487677284,3.604706132284629
0,58,haar_random,seeqst_binomial,7,4,100,100,2.1986308860604886,17.494763424757988
0,58,haar_random,seeqst_binomial,7,4,100,500,0.9567319805533848,6.911151640122116
0,58,haar_random,seeqst_binomial,7,4,100,1000,2.5584888440507094,12.329091221029595
0,58,haar_random,seeqst_binomial,7,4,100,5000,0.750049648191711,2.5703311176868047
0,58,haar_random,seeqst_binomial,7,4,100,10000,0.5127006671785198,2.5703311176868047
0,58,haar_random,seeqst_binomial,7,4,100,25000,0.3597587542163495,1.4457965518901634
0,58,haar_random,seeqst_unifsize_l,7,4,100,10,4.5839980482638785,35.121456264219965
0,58,haar_random,seeqst_unifsize_l,7,4,100,100,1.4464926764421602,3.6214562642199635
0,58,haar_random,seeqst_unifsize_l,7,4,100,500,0.5908901271017517,1.6087914749326235
0,58,haar_random,seeqst_unifsize_l,7,4,100,1000,0.4499153212491352,1.3503040447008863
0,58,haar_random,seeqst_unifsize_l,7,4,100,5000,0.25077983455601804,0.7955737215152638
0,58,haar_random,seeqst_unifsize_l,7,4,100,10000,0.161059022299251,0.47530404470088644
0,58,haar_random,seeqst_unifsize_l,7,4,100,25000,0.10961254954144907,0.30837711230966436
0,59,haar_random,pauli,7,4,100,10,21.866907094180423,218.66688954786142
0,59,haar_random,pauli,7,4,100,100,5.772509105860257,21.92365156815701
0,59,haar_random,pauli,7,4,100,500,2.2228157291041564,8.714889547861516
0,59,haar_random,pauli,7,4,100,1000,1.3795775987778622,4.340889547861517
0,59,haar_random,pauli,7,4,100,5000,0.6733493427939609,1.7762688675866836
0,59,haar_random,pauli,7,4,100,10000,0.5063400900238372,1.2089700787638131
0,59,haar_random,pauli,7,4,100,25000,0.30636204990448446,0.841689547861519
0,59,haar_random,clifford,7,4,100,10,3.8755452516153284,25.79488436067872
0,59,haar_random,clifford,7,4,100,100,0.9704666543303213,3.9065329174250065
0,59,haar_random,clifford,7,4,100,500,0.48189436423527987,1.2828353267901336
0,59,haar_random,clifford,7,4,100,1000,0.36194278856810075,0.8769047999793843
0,59,haar_random,clifford,7,4,100,5000,0.1484558635803938,0.47946708257497955
0,59,haar_random,clifford,7,4,100,10000,0.11625478080778853,0.27821045213848006
0,59,haar_random,clifford,7,4,100,25000,0.06223775182616228,0.17915459546893536
0,59,haar_random,seeqst_uniform,7,4,100,10,5.136736598607295,25.804606475468745
0,59,haar_random,seeqst_uniform,7,4,100,100,1.5722798991917923,5.324606475468744
0,59,haar_random,seeqst_uniform,7,4,100,500,0.7281940350780923,2.5791312345527735
0,59,haar_random,seeqst_uniform,7,4,100,1000,0.5032044180752323,1.5551312345527735
0,59,haar_random,seeqst_uniform,7,4,100,5000,0.23094699199993002,0.5309829422809725
0,59,haar_random,seeqst_uniform,7,4,100,10000,0.1617391467598786,0.39829017856603777
0,59,haar_random,seeqst_uniform,7,4,100,25000,0.10734648207760902,0.3274864754687433
0,59,haar_random,seeqst_binomial,7,4,100,10,17.46405733232113,174.49695205926974
0,59,haar_random,seeqst_binomial,7,4,100,100,1.9286079923051795,17.276060763976126
0,59,haar_random,seeqst_binomial,7,4,100,500,2.6151619209029544,24.36117969881159
0,59,haar_random,seeqst_binomial,7,4,100,1000,2.7989444175494658,12.214001366623467
0,59,haar_random,seeqst_binomial,7,4,100,5000,1.2738601177610003,4.882052375529383
0,59,haar_random,seeqst_binomial,7,4,100,10000,0.7740546030288273,3.6541972849908135
0,59,haar_random,seeqst_binomial,7,4,100,25000,0.45152210540751114,1.4531048068567027
0,59,haar_random,seeqst_unifsize_l,7,4,100,10,1.5500307572634593,6.972839312509461
0,59,haar_random,seeqst_unifsize_l,7,4,100,100,1.2926153216556688,3.692927157723166
0,59,haar_random,seeqst_unifsize_l,7,4,100,500,0.6154577305060839,1.6087914749326235
0,59,haar_random,seeqst_unifsize_l,7,4,100,1000,0.401282282124019,0.9787914749326238
0,59,haar_random,seeqst_unifsize_l,7,4,100,5000,0.24447157224006139,0.577072842276834
0,59,haar_random,seeqst_unifsize_l,7,4,100,10000,0.18012193496543005,0.472072842276834
0,59,haar_random,seeqst_unifsize_l,7,4,100,25000,0.10972628361844025,0.2892642425464188
0,60,haar_random,pauli,7,4,100,10,21.866878587346015,218.66688954786142
0,60,haar_random,pauli,7,4,100,100,3.089512171385363,21.83688954786151
0,60,haar_random,pauli,7,4,100,500,2.0035186086010066,8.714889547861516
0,60,haar_random,pauli,7,4,100,1000,1.5910103371048916,4.462510456731433
0,60,haar_random,pauli,7,4,100,5000,0.7150316058476616,3.0282510688563486
0,60,haar_random,pauli,7,4,100,10000,0.48864020807974057,1.7160510688563486
0,60,haar_random,pauli,7,4,100,25000,0.3281209244702492,0.9081361632369765
0,60,haar_random,clifford,7,4,100,10,4.287444619735501,13.028781165109487
0,60,haar_random,clifford,7,4,100,100,1.4736521645162262,3.9976747644192225
0,60,haar_random,clifford,7,4,100,500,0.4743536661071285,1.5831492168057884
0,60,haar_random,clifford,7,4,100,1000,0.3400894290464971,0.98005194436525
0,60,haar_random,clifford,7,4,100,5000,0.18177621600896454,0.6705811651095321
0,60,haar_random,clifford,7,4,100,10000,0.12170937449544952,0.2874703390624676
0,60,haar_random,clifford,7,4,100,25000,0.06683738346566455,0.16441757582998603
0,60,haar_random,seeqst_uniform,7,4,100,10,5.7204544523979015,25.705262838162916
0,60,haar_random,seeqst_uniform,7,4,100,100,1.6832164393637705,2.7050943287919194
0,60,haar_random,seeqst_uniform,7,4,100,500,0.7161592150353334,1.569548931143651
0,60,haar_random,seeqst_uniform,7,4,100,1000,0.46035330826808807,1.313548931143651
0,60,haar_random,seeqst_uniform,7,4,100,5000,0.22845959380951275,0.4692296609375318
0,60,haar_random,seeqst_uniform,7,4,100,10000,0.16067159298399125,0.4089561500198225
0,60,haar_random,seeqst_uniform,7,4,100,25000,0.0997419568718358,0.3148238367630233
0,60,haar_random,seeqst_binomial,7,4,100,10,17.467785597575393,174.49695205926974
0,60,haar_random,seeqst_binomial,7,4,100,100,1.9133335474321589,17.276060763976126
0,60,haar_random,seeqst_binomial,7,4,100,500,0.9276365288716536,3.6026832792794634
0,60,haar_random,seeqst_binomial,7,4,100,1000,2.253883088325613,12.311138508136288
0,60,haar_random,seeqst_binomial,7,4,100,5000,0.816525687770732,2.6354153176411304
0,60,haar_random,seeqst_binomial,7,4,100,10000,0.5702653507538162,2.4689761111910036
0,60,haar_random,seeqst_binomial,7,4,100,25000,0.4509203123579656,1.5726578235856548
0,60,haar_random,seeqst_unifsize_l,7,4,100,10,2.4169304982536297,20.979365187769446
0,60,haar_random,seeqst_unifsize_l,7,4,100,100,1.7863624112405265,7.151629285021775
0,60,haar_random,seeqst_unifsize_l,7,4,100,500,0.8019373417765359,2.8139098601984887
0,60,haar_random,seeqst_unifsize_l,7,4,100,1000,0.4915828152576007,1.413909860198489
0,60,haar_random,seeqst_unifsize_l,7,4,100,5000,0.22850971551966634,0.577072842276834
0,60,haar_random,seeqst_unifsize_l,7,4,100,10000,0.1690008415662672,0.472072842276834
0,60,haar_random,seeqst_unifsize_l,7,4,100,25000,0.11787271933772085,0.3364050274685919
0,61,haar_random,pauli,7,4,100,10,21.866877161128528,218.66688954786142
0,61,haar_random,pauli,7,4,100,100,4.3833524613180135,21.98767201055382
0,61,haar_random,pauli,7,4,100,500,2.018487049290259,8.714889547861516
0,61,haar_random,pauli,7,4,100,1000,1.3649371345136347,4.410618704013143
0,61,haar_random,pauli,7,4,100,5000,0.6027312943149676,2.265963862323916
0,61,haar_random,pauli,7,4,100,10000,0.4643741730275729,1.2089700787638131
0,61,haar_random,pauli,7,4,100,25000,0.2748560121866606,0.841689547861519
0,61,haar_random,clifford,7,4,100,10,2.882340349509714,12.982395818862573
0,61,haar_random,clifford,7,4,100,100,1.196205559183116,3.9976747644192225
0,61,haar_random,clifford,7,4,100,500,0.45036474986133035,1.1596747644192313
0,61,haar_random,clifford,7,4,100,1000,0.3203520330395319,0.8769047999793843
0,61,haar_random,clifford,7,4,100,5000,0.16666821445537588,0.38567476441923393
0,61,haar_random,clifford,7,4,100,10000,0.13459535927833569,0.2995195950276338
0,61,haar_random,clifford,7,4,100,25000,0.08344760356482178,0.22661559113651036
0,61,haar_random,seeqst_uniform,7,4,100,10,4.445951439471301,25.735994497831747
0,61,haar_random,seeqst_uniform,7,4,100,100,1.2657058165608204,5.052247758250133
0,61,haar_random,seeqst_uniform,7,4,100,500,0.6835440094059115,1.871995112203887
0,61,haar_random,seeqst_uniform,7,4,100,1000,0.44959767654767685,1.6169370672680292
0,61,haar_random,seeqst_uniform,7,4,100,5000,0.25437413537640796,0.695337067268029
0,61,haar_random,seeqst_uniform,7,4,100,10000,0.15131691323447377,0.43933706726802907
0,61,haar_random,seeqst_uniform,7,4,100,25000,0.09275360457950628,0.2603875299226597
0,61,haar_random,seeqst_binomial,7,4,100,10,0.6087491058627831,3.483727555188693
0,61,haar_random,seeqst_binomial,7,4,100,100,2.597330605499241,17.54728963068781
0,61,haar_random,seeqst_binomial,7,4,100,500,0.9744695550275774,7.065896877668235
0,61,haar_random,seeqst_binomial,7,4,100,1000,1.3356010560034346,12.271347717064973
0,61,haar_random,seeqst_binomial,7,4,100,5000,0.9603683693708598,4.9343727899512695
0,61,haar_random,seeqst_binomial,7,4,100,10000,0.6645145426528606,3.711543635432319
0,61,haar_random,seeqst_binomial,7,4,100,25000,0.39479375316161147,1.5104511572982084
0,61,haar_random,seeqst_unifsize_l,7,4,100,10,4.375611922782458,35.14372697067062
0,61,haar_random,seeqst_unifsize_l,7,4,100,100,1.5265238118440034,6.93959341416335
0,61,haar_random,seeqst_unifsize_l,7,4,100,500,0.7409810747544902,3.43959341416335
0,61,haar_random,seeqst_unifsize_l,7,4,100,1000,0.49585194448126196,2.0395934141633503
0,61,haar_random,seeqst_unifsize_l,7,4,100,5000,0.22518347726043134,0.7955737215152638
0,61,haar_random,seeqst_unifsize_l,7,4,100,10000,0.14894391020234773,0.38877517945455214
0,61,haar_random,seeqst_unifsize_l,7,4,100,25000,0.10839297972367147,0.38641835036690425
0,62,haar_random,pauli,7,4,100,10,21.866910836329332,218.66688954786142
0,62,haar_random,pauli,7,4,100,100,3.7953456203117675,21.94058623048077
0,62,haar_random,pauli,7,4,100,500,1.700271305911968,8.714889547861516
0,62,haar_random,pauli,7,4,100,1000,0.9819233918708842,4.340889547861517
0,62,haar_random,pauli,7,4,100,5000,0.6868567423528092,2.265963862323916
0,62,haar_random,pauli,7,4,100,10000,0.5363244387064475,1.449982432026573
0,62,haar_random,pauli,7,4,100,25000,0.31027448415464925,0.841689547861519
0,62,haar_random,clifford,7,4,100,10,4.480133313365249,25.79488436067872
0,62,haar_random,clifford,7,4,100,100,1.1951005689111607,3.852420505134733
0,62,haar_random,clifford,7,4,100,500,0.45772920683075097,1.138987031338839
0,62,haar_random,clifford,7,4,100,1000,0.3354888826983515,0.8665071675305163
0,62,haar_random,clifford,7,4,100,5000,0.13887136092997313,0.3772218279454752
0,62,haar_random,clifford,7,4,100,10000,0.11468959771651459,0.28745384928486734
0,62,haar_random,clifford,7,4,100,25000,0.06536165969109342,0.16441757582998603
0,62,haar_random,seeqst_uniform,7,4,100,10,5.1278204205373425,25.735994497831747
0,62,haar_random,seeqst_uniform,7,4,100,100,1.6860312074616728,5.052247758250133
0,62,haar_random,seeqst_uniform,7,4,100,500,0.8466510321301713,2.4986218279454766
0,62,haar_random,seeqst_uniform,7,4,100,1000,0.5313727023802325,1.7306218279454766
0,62,haar_random,seeqst_uniform,7,4,100,5000,0.22496744483733475,0.5881054760888506
0,62,haar_random,seeqst_uniform,7,4,100,10000,0.17024549845965695,0.4857054760888507
0,62,haar_random,seeqst_uniform,7,4,100,25000,0.11097719708670635,0.3017422523278639
0,62,haar_random,seeqst_binomial,7,4,100,10,0.9912040706072774,3.604706132284629
0,62,haar_random,seeqst_binomial,7,4,100,100,1.1524756097194335,5.062347931267174
0,62,haar_random,seeqst_binomial,7,4,100,500,0.6157612673268703,3.400268322814542
0,62,haar_random,seeqst_binomial,7,4,100,1000,0.48574956578811485,1.8564344357142561
0,62,haar_random,seeqst_binomial,7,4,100,5000,0.4995302334599594,2.5703311176868047
0,62,haar_random,seeqst_binomial,7,4,100,10000,0.4960840267888662,2.5703311176868047
0,62,haar_random,seeqst_binomial,7,4,100,25000,0.3442460907819875,1.3968087549419572
0,62,haar_random,seeqst_unifsize_l,7,4,100,10,3.8091640943406477,20.98113413724589
0,62,haar_random,seeqst_unifsize_l,7,4,100,100,1.678775678201096,7.151629285021775
0,62,haar_random,seeqst_unifsize_l,7,4,100,500,0.6511079362770613,1.623919126319223
0,62,haar_random,seeqst_unifsize_l,7,4,100,1000,0.40091879225792937,0.9787914749326238
0,62,haar_random,seeqst_unifsize_l,7,4,100,5000,0.1866124254893337,0.5691538492848685
0,62,haar_random,seeqst_unifsize_l,7,4,100,10000,0.14830077295543578,0.3927431916415528
0,62,haar_random,seeqst_unifsize_l,7,4,100,25000,0.10297288061325026,0.30837711230966436
0,63,haar_random,pauli,7,4,100,10,30.938759078614634,218.87137101265395
0,63,haar_random,pauli,7,4,100,100,3.1039772553990526,22.041371012654064
0,63,haar_random,pauli,7,4,100,500,1.6377355623093222,8.714889547861516
0,63,haar_random,pauli,7,4,100,1000,0.9539256314622049,4.340889547861517
0,63,haar_random,pauli,7,4,100,5000,0.5686894179949944,1.8094824465389865
0,63,haar_random,pauli,7,4,100,10000,0.5288043476231118,1.4963052082108779
0,63,haar_random,pauli,7,4,100,25000,0.2862941407628215,0.841689547861519
0,63,haar_random,clifford,7,4,100,10,3.8796326861793937,12.982395818862573
0,63,haar_random,clifford,7,4,100,100,1.1185203269113388,3.852420505134733
0,63,haar_random,clifford,7,4,100,500,0.40995468401013335,1.2554052082108753
0,63,haar_random,clifford,7,4,100,1000,0.2857248250700328,0.7496003965071086
0,63,haar_random,clifford,7,4,100,5000,0.15324768478982195,0.39528244653898625
0,63,haar_random,clifford,7,4,100,10000,0.13069567546518232,0.3188289873459219
0,63,haar_random,clifford,7,4,100,25000,0.08911628812691104,0.2694686928119371
0,63,haar_random,seeqst_uniform,7,4,100,10,3.6107735857476286,25.524741260170888
0,63,haar_random,seeqst_uniform,7,4,100,100,1.5463269643887338,5.043352987226898
0,63,haar_random,seeqst_uniform,7,4,100,500,0.7622557848847343,1.6392299212361867
0,63,haar_random,seeqst_uniform,7,4,100,1000,0.460524505003216,1.0940257516709537
0,63,haar_random,seeqst_uniform,7,4,100,5000,0.19750364850744465,0.531076840912366
0,63,haar_random,seeqst_uniform,7,4,100,10000,0.15087768513658265,0.3616696230305815
0,63,haar_random,seeqst_uniform,7,4,100,25000,0.09136552397180722,0.2713103600262602
0,63,haar_random,seeqst_binomial,7,4,100,10,0.4977342007980195,3.461869654620812
0,63,haar_random,seeqst_binomial,7,4,100,100,3.2193388030711216,17.52680206011304
0,63,haar_random,seeqst_binomial,7,4,100,500,3.591142357308263,24.40336323406075
0,63,haar_random,seeqst_binomial,7,4,100,1000,2.2411374021993953,12.291282822435877
0,63,haar_random,seeqst_binomial,7,4,100,5000,0.6366335485665092,2.5710338004504245
0,63,haar_random,seeqst_binomial,7,4,100,10000,0.6092350151934192,2.42544271790139
0,63,haar_random,seeqst_binomial,7,4,100,25000,0.36261058490581277,1.3999868870221301
0,63,haar_random,seeqst_unifsize_l,7,4,100,10,2.1959645162923453,6.972839312509461
0,63,haar_random,seeqst_unifsize_l,7,4,100,100,1.5290145776334298,6.962087829295893
0,63,haar_random,seeqst_unifsize_l,7,4,100,500,0.7129889059166447,2.73339036002626
0,63,haar_random,seeqst_unifsize_l,7,4,100,1000,0.45222089276244065,1.0276696230305815
0,63,haar_random,seeqst_unifsize_l,7,4,100,5000,0.23785342882944227,0.7690497755717342
0,63,haar_random,seeqst_unifsize_l,7,4,100,10000,0.1603321752240808,0.3639191263192231
0,63,haar_random,seeqst_unifsize_l,7,4,100,25000,0.10524402150737426,0.30273769758749647
0,64,haar_random,pauli,7,4,100,10,30.912946131992292,218.66688954786142
0,64,haar_random,pauli,7,4,100,100,5.781432090492062,21.94058623048077
0,64,haar_random,pauli,7,4,100,500,2.0818948040238934,8.714889547861516
0,64,haar_random,pauli,7,4,100,1000,1.4450246174479235,4.602337972726855
0,64,haar_random,pauli,7,4,100,5000,0.7541386196528499,2.265963862323916
0,64,haar_random,pauli,7,4,100,10000,0.5006952450216015,1.1482730094962292
0,64,haar_random,pauli,7,4,100,25000,0.30249598245112624,0.841689547861519
0,64,haar_random,clifford,7,4,100,10,2.888052775076962,12.935140546297752
0,64,haar_random,clifford,7,4,100,100,1.0890299723103236,2.7196185305531517
0,64,haar_random,clifford,7,4,100,500,0.40926757879478876,1.2620537984486344
0,64,haar_random,clifford,7,4,100,1000,0.3031396411431864,0.7460537984486356
0,64,haar_random,clifford,7,4,100,5000,0.13006510304327432,0.3196411058034493
0,64,haar_random,clifford,7,4,100,10000,0.10938072027651509,0.2871475940751088
0,64,haar_random,clifford,7,4,100,25000,0.06899578614785175,0.21748759407510937
0,64,haar_random,seeqst_uniform,7,4,100,10,2.563775377365405,25.618982942280972
0,64,haar_random,seeqst_uniform,7,4,100,100,1.637897832462353,2.7050943287919194
0,64,haar_random,seeqst_uniform,7,4,100,500,0.725309966964662,1.983802924332455
0,64,haar_random,seeqst_uniform,7,4,100,1000,0.43925566327813154,1.231854069126189
0,64,haar_random,seeqst_uniform,7,4,100,5000,0.23489244376147972,0.5309829422809725
0,64,haar_random,seeqst_uniform,7,4,100,10000,0.1640046374861562,0.5352478684521025
0,64,haar_random,seeqst_uniform,7,4,100,25000,0.102634044563815,0.34082271808621023
0,64,haar_random,seeqst_binomial,7,4,100,10,0.6251152168072436,3.604706132284629
0,64,haar_random,seeqst_binomial,7,4,100,100,1.8907226488204032,17.478653935758864
0,64,haar_random,seeqst_binomial,7,4,100,500,5.486137695236856,24.468729147865396
0,64,haar_random,seeqst_binomial,7,4,100,1000,3.0265669108937305,12.289879592721574
0,64,haar_random,seeqst_binomial,7,4,100,5000,0.9694909712284573,4.95290466560787
0,64,haar_random,seeqst_binomial,7,4,100,10000,0.7074905560995066,3.7300755110889203
0,64,haar_random,seeqst_binomial,7,4,100,25000,0.4615954316325415,1.833454773115096
0,64,haar_random,seeqst_unifsize_l,7,4,100,10,2.8629138955130378,20.859622887690335
0,64,haar_random,seeqst_unifsize_l,7,4,100,100,1.4499169929129503,6.876928125884776
0,64,haar_random,seeqst_unifsize_l,7,4,100,500,0.6817907206327701,1.9769281258847755
0,64,haar_random,seeqst_unifsize_l,7,4,100,1000,0.5249532123570916,1.9783379727268577
0,64,haar_random,seeqst_unifsize_l,7,4,100,5000,0.22007326330635357,0.7183379727268577
0,64,haar_random,seeqst_unifsize_l,7,4,100,10000,0.16384904796489397,0.7183379727268577
0,64,haar_random,seeqst_unifsize_l,7,4,100,25000,0.10374101207331872,0.30837711230966436
0,65,haar_random,pauli,7,4,100,10,0.08591981986481957,0.24762601598935016
0,65,haar_random,pauli,7,4,100,100,5.35438811979666,21.977768118941942
0,65,haar_random,pauli,7,4,100,500,2.398669297003001,8.713309768266129
0,65,haar_random,pauli,7,4,100,1000,1.5595506601450384,4.4344368610328475
0,65,haar_random,pauli,7,4,100,5000,0.7528774039621954,3.0282510688563486
0,65,haar_random,pauli,7,4,100,10000,0.5449367391410449,1.7160510688563486
0,65,haar_random,pauli,7,4,100,25000,0.2793843001238624,0.7725060159893501
0,65,haar_random,clifford,7,4,100,10,3.1716135110104684,13.008407385969406
0,65,haar_random,clifford,7,4,100,100,1.209627070457654,3.852420505134733
0,65,haar_random,clifford,7,4,100,500,0.45818095431485056,1.2828353267901336
0,65,haar_random,clifford,7,4,100,1000,0.3357572152204926,0.7677794638031175
0,65,haar_random,clifford,7,4,100,5000,0.16425240845900546,0.46680032415990796
0,65,haar_random,clifford,7,4,100,10000,0.1248026356731242,0.2733003241599084
0,65,haar_random,clifford,7,4,100,25000,0.07170787935413904,0.16441757582998603
0,65,haar_random,seeqst_uniform,7,4,100,10,2.5647922465944792,25.633548931143654
0,65,haar_random,seeqst_uniform,7,4,100,100,1.4764793501521891,5.097603138260986
0,65,haar_random,seeqst_uniform,7,4,100,500,0.7166153159340333,1.569548931143651
0,65,haar_random,seeqst_uniform,7,4,100,1000,0.5014107178505539,1.5396696021194614
0,65,haar_random,seeqst_uniform,7,4,100,5000,0.21297200687793588,0.6283945883103926
0,65,haar_random,seeqst_uniform,7,4,100,10000,0.1445411962636289,0.30647642704088474
0,65,haar_random,seeqst_uniform,7,4,100,25000,0.08830567173693704,0.23547109881870867
0,65,haar_random,seeqst_binomial,7,4,100,10,17.47544842697409,174.64329162532292
0,65,haar_random,seeqst_binomial,7,4,100,100,2.7547475037909193,17.427004119056832
0,65,haar_random,seeqst_binomial,7,4,100,500,3.53233386348757,24.478979952118024
0,65,haar_random,seeqst_binomial,7,4,100,1000,2.553040878603823,12.329091221029595
0,65,haar_random,seeqst_binomial,7,4,100,5000,0.7508065780260823,2.64985363858769
0,65,haar_random,seeqst_binomial,7,4,100,10000,0.5822905450243858,2.64985363858769
0,65,haar_random,seeqst_binomial,7,4,100,25000,0.36148019353306043,1.504240194311355
0,65,haar_random,seeqst_unifsize_l,7,4,100,10,5.2864638396195245,35.144912981482136
0,65,haar_random,seeqst_unifsize_l,7,4,100,100,1.560019249822499,6.9332793589568045
0,65,haar_random,seeqst_unifsize_l,7,4,100,500,0.6918592356384866,2.1388814344859726
0,65,haar_random,seeqst_unifsize_l,7,4,100,1000,0.449658099584315,1.7127945883103928
0,65,haar_random,seeqst_unifsize_l,7,4,100,5000,0.23027432982707724,0.7327945883103927
0,65,haar_random,seeqst_unifsize_l,7,4,100,10000,0.1448030079485367,0.4038350970633269
0,65,haar_random,seeqst_unifsize_l,7,4,100,25000,0.0932121627557385,0.20783509706332687
0,66,haar_random,pauli,7,4,100,10,0.09774900917599495,0.2511336346686387
0,66,haar_random,pauli,7,4,100,100,2.1763940555343604,21.74235303193967
0,66,haar_random,pauli,7,4,100,500,1.5807571025346177,4.509838942826699
0,66,haar_random,pauli,7,4,100,1000,1.1025563329300938,2.4155669511241262
0,66,haar_random,pauli,7,4,100,5000,0.6249654106392851,1.736878734630169
0,66,haar_random,pauli,7,4,100,10000,0.48237328306821897,1.2089700787638131
0,66,haar_random,pauli,7,4,100,25000,0.302161835427128,0.7636823965540269
0,66,haar_random,clifford,7,4,100,10,3.159441606374049,13.01169794505655
0,66,haar_random,clifford,7,4,100,100,1.2305317136766931,3.852420505134733
0,66,haar_random,clifford,7,4,100,500,0.48311940207943105,1.3508088435483165
0,66,haar_random,clifford,7,4,100,1000,0.31590309056153787,0.7058088435483182
0,66,haar_random,clifford,7,4,100,5000,0.1571079155438137,0.328235326790137
0,66,haar_random,clifford,7,4,100,10000,0.13605030573254545,0.3309979450565921
0,66,haar_random,clifford,7,4,100,25000,0.08087632964534372,0.18383959003669942
0,66,haar_random,seeqst_uniform,7,4,100,10,2.572362618670685,25.705262838162916
0,66,haar_random,seeqst_uniform,7,4,100,100,1.1995839411537015,5.1009701428569985
0,66,haar_random,seeqst_uniform,7,4,100,500,0.5918925808197126,1.6392299212361867
0,66,haar_random,seeqst_uniform,7,4,100,1000,0.44021311949305275,1.079982252327864
0,66,haar_random,seeqst_uniform,7,4,100,5000,0.22905005592951347,0.5372469680603198
0,66,haar_random,seeqst_uniform,7,4,100,10000,0.1555359599285672,0.4089561500198225
0,66,haar_random,seeqst_uniform,7,4,100,25000,0.09168486301885519,0.3017422523278639
0,66,haar_random,seeqst_binomial,7,4,100,10,0.5005907334486747,3.483727555188693
0,66,haar_random,seeqst_binomial,7,4,100,100,1.036837345016578,5.062347931267174
0,66,haar_random,seeqst_binomial,7,4,100,500,2.582691884182125,24.27500843055083
0,66,haar_random,seeqst_binomial,7,4,100,1000,2.184438171477191,12.355938513249825
0,66,haar_random,seeqst_binomial,7,4,100,5000,1.0085403188771207,5.018963586136121
0,66,haar_random,seeqst_binomial,7,4,100,10000,0.7218134612343502,3.7343208803579415
0,66,haar_random,seeqst_binomial,7,4,100,25000,0.44113551544566254,2.3371642067675027
0,66,haar_random,seeqst_unifsize_l,7,4,100,10,4.647891138302385,35.14372697067062
0,66,haar_random,seeqst_unifsize_l,7,4,100,100,1.4565453972914197,3.6437269706706172
0,66,haar_random,seeqst_unifsize_l,7,4,100,500,0.6348663853347267,2.1388814344859726
0,66,haar_random,seeqst_unifsize_l,7,4,100,1000,0.4479820261408763,1.336157603445973
0,66,haar_random,seeqst_unifsize_l,7,4,100,5000,0.24838586639189664,0.6276877622052954
0,66,haar_random,seeqst_unifsize_l,7,4,100,10000,0.15637014486268858,0.3927431916415528
0,66,haar_random,seeqst_unifsize_l,7,4,100,25000,0.1044442275583207,0.30273769758749647
0,67,haar_random,pauli,7,4,100,10,0.08550906948418867,0.1985261242054303
0,67,haar_random,pauli,7,4,100,100,3.0910021804117496,21.85995889419654
0,67,haar_random,pauli,7,4,100,500,1.8169897547020106,4.527475723077318
0,67,haar_random,pauli,7,4,100,1000,1.3430471867960034,2.340475723077319
0,67,haar_random,pauli,7,4,100,5000,0.5786381307070908,1.9030757230773192
0,67,haar_random,pauli,7,4,100,10000,0.4904589720523214,1.2089700787638131
0,67,haar_random,pauli,7,4,100,25000,0.26208252768676615,0.5875028631399154
0,67,haar_random,clifford,7,4,100,10,4.069647494548695,12.982395818862573
0,67,haar_random,clifford,7,4,100,100,0.9576656482812141,2.6649685914473604
0,67,haar_random,clifford,7,4,100,500,0.4086516797475996,1.0212231723711587
0,67,haar_random,clifford,7,4,100,1000,0.32083718756033125,0.7413614192236012
0,67,haar_random,clifford,7,4,100,5000,0.14126753800833675,0.32198158054695347
0,67,haar_random,clifford,7,4,100,10000,0.11795405800318613,0.312090569830574
0,67,haar_random,clifford,7,4,100,25000,0.06450339979577634,0.20718441326830506
0,67,haar_random,seeqst_uniform,7,4,100,10,5.106427964520658,25.575142863139916
0,67,haar_random,seeqst_uniform,7,4,100,100,1.2271054541961364,2.71347572307732
0,67,haar_random,seeqst_uniform,7,4,100,500,0.7377639650235319,1.6392299212361867
0,67,haar_random,seeqst_uniform,7,4,100,1000,0.536421837503884,1.6169370672680292
0,67,haar_random,seeqst_uniform,7,4,100,5000,0.2252547590145198,0.695337067268029
0,67,haar_random,seeqst_uniform,7,4,100,10000,0.16326803558331948,0.43933706726802907
0,67,haar_random,seeqst_uniform,7,4,100,25000,0.09613166791876156,0.2713103600262602
0,67,haar_random,seeqst_binomial,7,4,100,10,1.061724103562201,3.604706132284629
0,67,haar_random,seeqst_binomial,7,4,100,100,1.9113743258910167,17.61681637056272
0,67,haar_random,seeqst_binomial,7,4,100,500,4.282251188530587,24.522576129514174
0,67,haar_random,seeqst_binomial,7,4,100,1000,2.795653427186016,12.311138508136288
0,67,haar_random,seeqst_binomial,7,4,100,5000,0.6735559616138418,2.5816526619921407
0,67,haar_random,seeqst_binomial,7,4,100,10000,0.4638584676715762,1.3125974785277756
0,67,haar_random,seeqst_binomial,7,4,100,25000,0.30761884180347343,1.1004723571239379
0,67,haar_random,seeqst_unifsize_l,7,4,100,10,8.014914583996438,35.144912981482136
0,67,haar_random,seeqst_unifsize_l,7,4,100,100,1.7100119790132895,7.151629285021775
0,67,haar_random,seeqst_unifsize_l,7,4,100,500,0.7205833005051538,2.73339036002626
0,67,haar_random,seeqst_unifsize_l,7,4,100,1000,0.4095003520971175,0.9833903600262602
0,67,haar_random,seeqst_unifsize_l,7,4,100,5000,0.18549148175611221,0.5438350970633269
0,67,haar_random,seeqst_unifsize_l,7,4,100,10000,0.1451509530235947,0.43472104235537634
0,67,haar_random,seeqst_unifsize_l,7,4,100,25000,0.09124538024683046,0.23872104235537633
0,68,haar_random,pauli,7,4,100,10,0.08604153457910035,0.2239191263192215
0,68,haar_random,pauli,7,4,100,100,5.372109218008804,22.008112634652328
0,68,haar_random,pauli,7,4,100,500,2.066121047536963,4.512112634652334
0,68,haar_random,pauli,7,4,100,1000,1.255511921437429,2.335396415079753
0,68,haar_random,pauli,7,4,100,5000,0.7179118091361522,2.265963862323916
0,68,haar_random,pauli,7,4,100,10000,0.5167238987657032,1.7043711229646916
0,68,haar_random,pauli,7,4,100,25000,0.29812824163099083,0.8733111229646924
0,68,haar_random,clifford,7,4,100,10,2.242567490535672,12.943686221139636
0,68,haar_random,clifford,7,4,100,100,1.3732318525641478,3.9051492168057838
0,68,haar_random,clifford,7,4,100,500,0.43051090329754615,1.5831492168057884
0,68,haar_random,clifford,7,4,100,1000,0.3044472334291484,0.8184711229646906
0,68,haar_random,clifford,7,4,100,5000,0.15170925520441428,0.46680032415990796
0,68,haar_random,clifford,7,4,100,10000,0.12766586427519058,0.4096416886410045
0,68,haar_random,clifford,7,4,100,25000,0.07518466046567722,0.22130168864100533
0,68,haar_random,seeqst_uniform,7,4,100,10,5.114112606563607,25.618982942280972
0,68,haar_random,seeqst_uniform,7,4,100,100,1.7048751297298994,5.283492503576475
0,68,haar_random,seeqst_uniform,7,4,100,500,0.6809293410351419,1.6994925035764745
0,68,haar_random,seeqst_uniform,7,4,100,1000,0.455880057051711,1.35997146365847
0,68,haar_random,seeqst_uniform,7,4,100,5000,0.23010682495248136,0.531076840912366
0,68,haar_random,seeqst_uniform,7,4,100,10000,0.15120772254009968,0.39525857094673084
0,68,haar_random,seeqst_uniform,7,4,100,25000,0.08059934719087726,0.21824563692118656
0,68,haar_random,seeqst_binomial,7,4,100,10,0.9430960856962495,3.604706132284629
0,68,haar_random,seeqst_binomial,7,4,100,100,1.870423293493791,17.427004119056832
0,68,haar_random,seeqst_binomial,7,4,100,500,2.769116857835102,24.497155691487272
0,68,haar_random,seeqst_binomial,7,4,100,1000,2.2307615744681217,12.329091221029595
0,68,haar_random,seeqst_binomial,7,4,100,5000,0.8567737313862323,2.5360164491274513
0,68,haar_random,seeqst_binomial,7,4,100,10000,0.6842580690005629,2.4928609947980944
0,68,haar_random,seeqst_binomial,7,4,100,25000,0.38022389992987954,1.504240194311355
0,68,haar_random,seeqst_unifsize_l,7,4,100,10,2.784009169974709,20.98113413724589
0,68,haar_random,seeqst_unifsize_l,7,4,100,100,1.1934336046421312,3.6007996758400904
0,68,haar_random,seeqst_unifsize_l,7,4,100,500,0.7491006257752318,2.785015770300229
0,68,haar_random,seeqst_unifsize_l,7,4,100,1000,0.5423196859929562,2.011301035554446
0,68,haar_random,seeqst_unifsize_l,7,4,100,5000,0.20599826102342167,0.6043467454933046
0,68,haar_random,seeqst_unifsize_l,7,4,100,10000,0.15179092759124477,0.3639191263192231
0,68,haar_random,seeqst_unifsize_l,7,4,100,25000,0.09154532613240147,0.28764185991044977
0,69,haar_random,pauli,7,4,100,10,21.866876935585704,218.66688954786142
0,69,haar_random,pauli,7,4,100,100,4.380302974251711,21.93775224174986
0,69,haar_random,pauli,7,4,100,500,1.9115334797880463,8.714889547861516
0,69,haar_random,pauli,7,4,100,1000,1.4316333742723473,4.431910107374867
0,69,haar_random,pauli,7,4,100,5000,0.5946512703792839,2.220336163236976
0,69,haar_random,pauli,7,4,100,10000,0.47468148259137577,1.2089700787638131
0,69,haar_random,pauli,7,4,100,25000,0.2823165176349544,0.9081361632369765
0,69,haar_random,clifford,7,4,100,10,2.240882506027889,12.927160687490503
0,69,haar_random,clifford,7,4,100,100,1.0588894062615917,2.7196185305531517
0,69,haar_random,clifford,7,4,100,500,0.4682828892359297,1.138987031338839
0,69,haar_random,clifford,7,4,100,1000,0.33197255057832686,0.7163982349174561
0,69,haar_random,clifford,7,4,100,5000,0.14430059756730954,0.3957029366129776
0,69,haar_random,clifford,7,4,100,10000,0.11764025737895624,0.27821045213848006
0,69,haar_random,clifford,7,4,100,25000,0.07511522549011439,0.22001749968831388
0,69,haar_random,seeqst_uniform,7,4,100,10,5.122694457043895,25.673904152969946
0,69,haar_random,seeqst_uniform,7,4,100,100,1.672284690855783,5.1009701428569985
0,69,haar_random,seeqst_uniform,7,4,100,500,0.720651220880696,1.6392299212361867
0,69,haar_random,seeqst_uniform,7,4,100,1000,0.46668078018556725,1.0940257516709537
0,69,haar_random,seeqst_uniform,7,4,100,5000,0.2076823529697735,0.5466477582501328
0,69,haar_random,seeqst_uniform,7,4,100,10000,0.14925838017887097,0.3616696230305815
0,69,haar_random,seeqst_uniform,7,4,100,25000,0.0988047692748838,0.3148238367630233
0,69,haar_random,seeqst_binomial,7,4,100,10,17.483245208660833,174.6496037417069
0,69,haar_random,seeqst_binomial,7,4,100,100,2.53476894133221,17.575255739724597
0,69,haar_random,seeqst_binomial,7,4,100,500,1.1868793420267776,7.093862986705023
0,69,haar_random,seeqst_binomial,7,4,100,1000,1.8604665524499704,12.163611815584085
0,69,haar_random,seeqst_binomial,7,4,100,5000,0.6061492299349506,2.4140686319361953
0,69,haar_random,seeqst_binomial,7,4,100,10000,0.5505213905709501,2.3875012511525613
0,69,haar_random,seeqst_binomial,7,4,100,25000,0.2811185714498947,1.409237927537401
0,69,haar_random,seeqst_unifsize_l,7,4,100,10,2.6119273936615484,20.98113413724589
0,69,haar_random,seeqst_unifsize_l,7,4,100,100,1.5193659904560062,3.6727978550713996
0,69,haar_random,seeqst_unifsize_l,7,4,100,500,0.7466559664183589,2.206104539994456
0,69,haar_random,seeqst_unifsize_l,7,4,100,1000,0.5102748223279093,1.5121873447724306
0,69,haar_random,seeqst_unifsize_l,7,4,100,5000,0.21559107708725522,0.5731114124960679
0,69,haar_random,seeqst_unifsize_l,7,4,100,10000,0.14979804897254942,0.39827058893701867
0,69,haar_random,seeqst_unifsize_l,7,4,100,25000,0.0948090627056526,0.3417321819746938
0,70,haar_random,pauli,7,4,100,10,21.866862973382858,218.66688954786142
0,70,haar_random,pauli,7,4,100,100,5.337964924120866,21.925113985973503
0,70,haar_random,pauli,7,4,100,500,2.098273238199436,8.714889547861516
0,70,haar_random,pauli,7,4,100,1000,1.272561073206475,4.340889547861517
0,70,haar_random,pauli,7,4,100,5000,0.6492744204022088,1.3606891982633535
0,70,haar_random,pauli,7,4,100,10000,0.5041417631249777,1.2089700787638131
0,70,haar_random,pauli,7,4,100,25000,0.3163867850732324,0.841689547861519
0,70,haar_random,clifford,7,4,100,10,3.416827527206455,12.982395818862573
0,70,haar_random,clifford,7,4,100,100,1.1999211786079889,3.9051492168057838
0,70,haar_random,clifford,7,4,100,500,0.4773591715670992,1.5831492168057884
0,70,haar_random,clifford,7,4,100,1000,0.36227925413310946,1.1125108017366416
0,70,haar_random,clifford,7,4,100,5000,0.1461154259833835,0.3957029366129776
0,70,haar_random,clifford,7,4,100,10000,0.11152532014512985,0.27821045213848006
0,70,haar_random,clifford,7,4,100,25000,0.06522587114730152,0.2694686928119371
0,70,haar_random,seeqst_uniform,7,4,100,10,2.5692439262357647,25.677720582310364
0,70,haar_random,seeqst_uniform,7,4,100,100,1.4550530596248135,5.027196259589538
0,70,haar_random,seeqst_uniform,7,4,100,500,0.7065284494846414,1.6392299212361867
0,70,haar_random,seeqst_uniform,7,4,100,1000,0.48754732512375676,1.0857384681534
0,70,haar_random,seeqst_uniform,7,4,100,5000,0.21516220135521566,0.558858290149868
0,70,haar_random,seeqst_uniform,7,4,100,10000,0.15400743193384447,0.5352478684521025
0,70,haar_random,seeqst_uniform,7,4,100,25000,0.09291490548371384,0.28948786845210245
0,70,haar_random,seeqst_binomial,7,4,100,10,17.493093893197067,174.6496037417069
0,70,haar_random,seeqst_binomial,7,4,100,100,3.598991489521142,17.61681637056272
0,70,haar_random,seeqst_binomial,7,4,100,500,3.565039738366806,24.525840042311124
0,70,haar_random,seeqst_binomial,7,4,100,1000,2.505074776047013,12.297548497121621
0,70,haar_random,seeqst_binomial,7,4,100,5000,0.8228685940105158,2.5816526619921407
0,70,haar_random,seeqst_binomial,7,4,100,10000,0.7694753345859212,2.4830428501839266
0,70,haar_random,seeqst_binomial,7,4,100,25000,0.49402971488084874,2.3371642067675027
0,70,haar_random,seeqst_unifsize_l,7,4,100,10,1.9596242268752824,6.972839312509461
0,70,haar_random,seeqst_unifsize_l,7,4,100,100,1.251361787080988,3.5855769530952766
0,70,haar_random,seeqst_unifsize_l,7,4,100,500,0.6808489610841807,2.644493652941456
0,70,haar_random,seeqst_unifsize_l,7,4,100,1000,0.5030320829473623,1.5944936529414564
0,70,haar_random,seeqst_unifsize_l,7,4,100,5000,0.2537599979302896,0.7690497755717342
0,70,haar_random,seeqst_unifsize_l,7,4,100,10000,0.15563188441247885,0.44329731408854955
0,70,haar_random,seeqst_unifsize_l,7,4,100,25000,0.0976855152769596,0.26537549141252376
0,71,haar_random,pauli,7,4,100,10,0.10124234608511518,0.2511336346686387
0,71,haar_random,pauli,7,4,100,100,3.7911753060114326,21.987143715998005
0,71,haar_random,pauli,7,4,100,500,1.7693824775823217,4.509838942826699
0,71,haar_random,pauli,7,4,100,1000,1.355885002032522,4.394634854209558
0,71,haar_random,pauli,7,4,100,5000,0.6993424140048417,3.0282510688563486
0,71,haar_random,pauli,7,4,100,10000,0.4968803377931926,1.7160510688563486
0,71,haar_random,pauli,7,4,100,25000,0.2848964568368506,0.9081361632369765
0,71,haar_random,clifford,7,4,100,10,3.8681660574025245,12.948872713765297
0,71,haar_random,clifford,7,4,100,100,1.3103604884038207,3.852420505134733
0,71,haar_random,clifford,7,4,100,500,0.45237411120895166,1.2043694780489098
0,71,haar_random,clifford,7,4,100,1000,0.3698992467235327,0.98005194436525
0,71,haar_random,clifford,7,4,100,5000,0.15748086246819873,0.35828322465252194
0,71,haar_random,clifford,7,4,100,10000,0.11759954648400411,0.2871475940751088
0,71,haar_random,clifford,7,4,100,25000,0.07273025499833831,0.21748759407510937
0,71,haar_random,seeqst_uniform,7,4,100,10,4.4397017791685,25.677720582310364
0,71,haar_random,seeqst_uniform,7,4,100,100,1.653084586707432,5.1009701428569985
0,71,haar_random,seeqst_uniform,7,4,100,500,0.6863740213588888,1.8737497769150477
0,71,haar_random,seeqst_uniform,7,4,100,1000,0.4425451362529392,1.313548931143651
0,71,haar_random,seeqst_uniform,7,4,100,5000,0.19814910060425747,0.531076840912366
0,71,haar_random,seeqst_uniform,7,4,100,10000,0.13676836595994862,0.3423962595895378
0,71,haar_random,seeqst_uniform,7,4,100,25000,0.08667605511820198,0.3148238367630233
0,71,haar_random,seeqst_binomial,7,4,100,10,0.7952548908414913,3.604706132284629
0,71,haar_random,seeqst_binomial,7,4,100,100,1.5079321658336085,10.037765268039985
0,71,haar_random,seeqst_binomial,7,4,100,500,2.6585358915516086,24.511099865726486
0,71,haar_random,seeqst_binomial,7,4,100,1000,2.2724825071879184,12.316716048117247
0,71,haar_random,seeqst_binomial,7,4,100,5000,0.6308676004504503,2.5723376575302286
0,71,haar_random,seeqst_binomial,7,4,100,10000,0.5941219378539438,3.616564348272852
0,71,haar_random,seeqst_binomial,7,4,100,25000,0.2971306574858572,1.2021824499343834
0,71,haar_random,seeqst_unifsize_l,7,4,100,10,3.842425502583274,35.14372697067062
0,71,haar_random,seeqst_unifsize_l,7,4,100,100,1.4797770977975255,3.6437269706706172
0,71,haar_random,seeqst_unifsize_l,7,4,100,500,0.6569498321155798,1.7237619067690702
0,71,haar_random,seeqst_unifsize_l,7,4,100,1000,0.44775099661128676,1.211795079834558
0,71,haar_random,seeqst_unifsize_l,7,4,100,5000,0.21922576036078936,0.662849639804921
0,71,haar_random,seeqst_unifsize_l,7,4,100,10000,0.16482584499963418,0.4514764857032363
0,71,haar_random,seeqst_unifsize_l,7,4,100,25000,0.09441642635077767,0.2134764857032363
0,72,haar_random,pauli,7,4,100,10,21.86688974000447,218.66688954786142
0,72,haar_random,pauli,7,4,100,100,3.791681622620889,21.92791010737486
0,72,haar_random,pauli,7,4,100,500,2.0056486209271926,8.714889547861516
0,72,haar_random,pauli,7,4,100,1000,1.347213055407537,4.431910107374867
0,72,haar_random,pauli,7,4,100,5000,0.6406128137392136,1.7685829422809718
0,72,haar_random,pauli,7,4,100,10000,0.5213350267738978,1.2089700787638131
0,72,haar_random,pauli,7,4,100,25000,0.29368620126104206,0.841689547861519
0,72,haar_random,clifford,7,4,100,10,3.419042760928305,12.979060981833761
0,72,haar_random,clifford,7,4,100,100,1.1350669934172661,3.852420505134733
0,72,haar_random,clifford,7,4,100,500,0.44777430160398485,1.3435378772339346
0,72,haar_random,clifford,7,4,100,1000,0.36002684538331425,0.8155574270556006
0,72,haar_random,clifford,7,4,100,5000,0.14446104162757162,0.3466678797392762
0,72,haar_random,clifford,7,4,100,10000,0.10179567838240845,0.27821045213848006
0,72,haar_random,clifford,7,4,100,25000,0.07242692064985992,0.16441757582998603
0,72,haar_random,seeqst_uniform,7,4,100,10,3.628160720245916,25.673904152969946
0,72,haar_random,seeqst_uniform,7,4,100,100,1.4234402130067019,2.783919126319223
0,72,haar_random,seeqst_uniform,7,4,100,500,0.7716030782231618,1.871995112203887
0,72,haar_random,seeqst_uniform,7,4,100,1000,0.46522077345500257,1.2138678797392777
0,72,haar_random,seeqst_uniform,7,4,100,5000,0.21277397916611177,0.5711668329704578
0,72,haar_random,seeqst_uniform,7,4,100,10000,0.14336178407285669,0.3663668329704578
0,72,haar_random,seeqst_uniform,7,4,100,25000,0.08447375847863861,0.20320555623233363
0,72,haar_random,seeqst_binomial,7,4,100,10,0.6995040632945684,3.483727555188693
0,72,haar_random,seeqst_binomial,7,4,100,100,2.434890545628441,17.54728963068781
0,72,haar_random,seeqst_binomial,7,4,100,500,2.648109492998075,24.36117969881159
0,72,haar_random,seeqst_binomial,7,4,100,1000,2.185475920067799,12.251281904249435
0,72,haar_random,seeqst_binomial,7,4,100,5000,0.6994829779235783,4.882052375529383
0,72,haar_random,seeqst_binomial,7,4,100,10000,0.3701685909645085,1.4467482808381735
0,72,haar_random,seeqst_binomial,7,4,100,25000,0.2622523874656168,1.2021824499343834
0,72,haar_random,seeqst_unifsize_l,7,4,100,10,3.6164809789298467,20.979365187769446
0,72,haar_random,seeqst_unifsize_l,7,4,100,100,1.440052957241787,3.5807509558683965
0,72,haar_random,seeqst_unifsize_l,7,4,100,500,0.7098834284081548,2.1388814344859726
0,72,haar_random,seeqst_unifsize_l,7,4,100,1000,0.5054612925979965,1.7287764738755964
0,72,haar_random,seeqst_unifsize_l,7,4,100,5000,0.2237265079604055,0.5438350970633269
0,72,haar_random,seeqst_unifsize_l,7,4,100,10000,0.1670933839893812,0.4038350970633269
0,72,haar_random,seeqst_unifsize_l,7,4,100,25000,0.1090915740320845,0.30837711230966436
0,73,haar_random,pauli,7,4,100,10,37.87432186063552,218.66688954786142
0,73,haar_random,pauli,7,4,100,100,5.782819413045484,21.925113985973503
0,73,haar_random,pauli,7,4,100,500,2.2221071265738797,8.714889547861516
0,73,haar_random,pauli,7,4,100,1000,1.2973129595221962,4.379449659126365
0,73,haar_random,pauli,7,4,100,5000,0.687157764817628,1.7685829422809718
0,73,haar_random,pauli,7,4,100,10000,0.5144242270913946,1.317649659126367
0,73,haar_random,pauli,7,4,100,25000,0.28890296518912895,0.841689547861519
0,73,haar_random,clifford,7,4,100,10,3.8724766356390936,13.01169794505655
0,73,haar_random,clifford,7,4,100,100,1.0507793669230399,3.852420505134733
0,73,haar_random,clifford,7,4,100,500,0.4043092514453129,0.941689571659098
0,73,haar_random,clifford,7,4,100,1000,0.36008483625918314,1.0282858748935824
0,73,haar_random,clifford,7,4,100,5000,0.1644288873044985,0.3777703390624675
0,73,haar_random,clifford,7,4,100,10000,0.13856497727515737,0.3309979450565921
0,73,haar_random,clifford,7,4,100,25000,0.07866408914821138,0.21748759407510937
0,73,haar_random,seeqst_uniform,7,4,100,10,3.6174172764396,25.618982942280972
0,73,haar_random,seeqst_uniform,7,4,100,100,1.472717343572373,5.043352987226898
0,73,haar_random,seeqst_uniform,7,4,100,500,0.6717415243639828,1.6392299212361867
0,73,haar_random,seeqst_uniform,7,4,100,1000,0.43562808053470764,1.079982252327864
0,73,haar_random,seeqst_uniform,7,4,100,5000,0.2437900796696824,0.5548228323961517
0,73,haar_random,seeqst_uniform,7,4,100,10000,0.15127330821412338,0.3375822523278639
0,73,haar_random,seeqst_uniform,7,4,100,25000,0.0997971265322543,0.3017422523278639
0,73,haar_random,seeqst_binomial,7,4,100,10,0.6156227300901412,3.604706132284629
0,73,haar_random,seeqst_binomial,7,4,100,100,0.9770840650319005,5.062347931267174
0,73,haar_random,seeqst_binomial,7,4,100,500,3.6083938609869954,24.485258606201484
0,73,haar_random,seeqst_binomial,7,4,100,1000,1.8257999908195053,12.256967061011977
0,73,haar_random,seeqst_binomial,7,4,100,5000,0.6077812752547329,2.474333824860374
0,73,haar_random,seeqst_binomial,7,4,100,10000,0.454599287327689,2.45598577413758
0,73,haar_random,seeqst_binomial,7,4,100,25000,0.30458662800471425,1.5144319921020124
0,73,haar_random,seeqst_unifsize_l,7,4,100,10,4.430835989074551,35.144912981482136
0,73,haar_random,seeqst_unifsize_l,7,4,100,100,1.1456652389763826,3.644912981482134
0,73,haar_random,seeqst_unifsize_l,7,4,100,500,0.7011297113868148,2.771324484177527
0,73,haar_random,seeqst_unifsize_l,7,4,100,1000,0.43209188391138553,1.3713244841775272
0,73,haar_random,seeqst_unifsize_l,7,4,100,5000,0.21711643817102827,0.5748860140264868
0,73,haar_random,seeqst_unifsize_l,7,4,100,10000,0.1643638832576974,0.47712658321066775
0,73,haar_random,seeqst_unifsize_l,7,4,100,25000,0.09179841013045992,0.3161265832106677
0,74,haar_random,pauli,7,4,100,10,21.86685766505616,218.66688954786142
0,74,haar_random,pauli,7,4,100,100,3.0893820430206724,21.83688954786151
0,74,haar_random,pauli,7,4,100,500,1.5189561799929465,8.714889547861516
0,74,haar_random,pauli,7,4,100,1000,1.2262568906594653,4.340889547861517
0,74,haar_random,pauli,7,4,100,5000,0.5973362783780907,1.7250089555433559
0,74,haar_random,pauli,7,4,100,10000,0.546009017802136,1.2089700787638131
0,74,haar_random,pauli,7,4,100,25000,0.2927329998167104,0.841689547861519
0,74,haar_random,clifford,7,4,100,10,2.2343177949439386,12.910171981204929
0,74,haar_random,clifford,7,4,100,100,1.1392320530400493,3.9976747644192225
0,74,haar_random,clifford,7,4,100,500,0.38903836982437834,1.1596747644192313
0,74,haar_random,clifford,7,4,100,1000,0.3265037241858044,0.8665071675305163
0,74,haar_random,clifford,7,4,100,5000,0.16875722824054962,0.47946708257497955
0,74,haar_random,clifford,7,4,100,10000,0.1198336889703708,0.2874703390624676
0,74,haar_random,clifford,7,4,100,25000,0.07424176224063261,0.16441757582998603
0,74,haar_random,seeqst_uniform,7,4,100,10,5.12418078899326,25.649094680490006
0,74,haar_random,seeqst_uniform,7,4,100,100,1.371373470691091,2.72178625269372
0,74,haar_random,seeqst_uniform,7,4,100,500,0.7789732416000258,1.9598571666740654
0,74,haar_random,seeqst_uniform,7,4,100,1000,0.4544799061117655,1.6169370672680292
0,74,haar_random,seeqst_uniform,7,4,100,5000,0.22244343137480693,0.695337067268029
0,74,haar_random,seeqst_uniform,7,4,100,10000,0.14840547693848113,0.43933706726802907
0,74,haar_random,seeqst_uniform,7,4,100,25000,0.0973147591834516,0.24323156736173046
0,74,haar_random,seeqst_binomial,7,4,100,10,24.702870832518308,174.64329162532292
0,74,haar_random,seeqst_binomial,7,4,100,100,3.550329465790101,17.575255739724597
0,74,haar_random,seeqst_binomial,7,4,100,500,3.617272848462337,24.497155691487272
0,74,haar_random,seeqst_binomial,7,4,100,1000,1.8907517420759021,12.26886414629777
0,74,haar_random,seeqst_binomial,7,4,100,5000,0.9227116903328396,2.5723376575302286
0,74,haar_random,seeqst_binomial,7,4,100,10000,0.5866445774761828,2.5276660189905886
0,74,haar_random,seeqst_binomial,7,4,100,25000,0.45149003096222456,2.3371642067675027
0,74,haar_random,seeqst_unifsize_l,7,4,100,10,5.090985984698643,35.03225093356534
0,74,haar_random,seeqst_unifsize_l,7,4,100,100,1.5589508210270573,3.692927157723166
0,74,haar_random,seeqst_unifsize_l,7,4,100,500,0.6728713169488035,2.067059962819572
0,74,haar_random,seeqst_unifsize_l,7,4,100,1000,0.5310519804279111,1.9556879411167314
0,74,haar_random,seeqst_unifsize_l,7,4,100,5000,0.24045634436551203,0.6043467454933046
0,74,haar_random,seeqst_unifsize_l,7,4,100,10000,0.1690423286503787,0.472072842276834
0,74,haar_random,seeqst_unifsize_l,7,4,100,25000,0.11369443866142262,0.3456879411167312
0,75,haar_random,pauli,7,4,100,10,0.09342837625121889,0.23660032817613497
0,75,haar_random,pauli,7,4,100,100,2.1997353560631208,21.977768118941942
0,75,haar_random,pauli,7,4,100,500,1.9388743565555087,8.585840481242629
0,75,haar_random,pauli,7,4,100,1000,1.1826413336562835,4.211840481242633
0,75,haar_random,pauli,7,4,100,5000,0.6071383330226828,2.027308940806004
0,75,haar_random,pauli,7,4,100,10000,0.48871928843586926,1.1482730094962292
0,75,haar_random,pauli,7,4,100,25000,0.2881657460074202,0.8206137004507823
0,75,haar_random,clifford,7,4,100,10,3.8718390897310377,12.987184300165584
0,75,haar_random,clifford,7,4,100,100,1.127157433163476,3.9051492168057838
0,75,haar_random,clifford,7,4,100,500,0.4849724986060823,1.5831492168057884
0,75,haar_random,clifford,7,4,100,1000,0.3261020598175872,0.9683618181508354
0,75,haar_random,clifford,7,4,100,5000,0.14993686622154867,0.3772218279454752
0,75,haar_random,clifford,7,4,100,10000,0.11746345271981906,0.2696568072194184
0,75,haar_random,clifford,7,4,100,25000,0.08222929056924491,0.20718441326830506
0,75,haar_random,seeqst_uniform,7,4,100,10,2.5718566194487598,25.70179220608098
0,75,haar_random,seeqst_uniform,7,4,100,100,1.4345502628414075,5.221792206080978
0,75,haar_random,seeqst_uniform,7,4,100,500,0.801869911144547,2.4986218279454766
0,75,haar_random,seeqst_uniform,7,4,100,1000,0.5052059118685844,1.7306218279454766
0,75,haar_random,seeqst_uniform,7,4,100,5000,0.22403123787310875,0.5874155867316946
0,75,haar_random,seeqst_uniform,7,4,100,10000,0.1461655494666972,0.43381558673169457
0,75,haar_random,seeqst_uniform,7,4,100,25000,0.0906067164734271,0.23305925384678033
0,75,haar_random,seeqst_binomial,7,4,100,10,0.6243980914734124,3.604706132284629
0,75,haar_random,seeqst_binomial,7,4,100,100,2.0337903768336645,17.377144123164157
0,75,haar_random,seeqst_binomial,7,4,100,500,3.52589855761626,24.67156771906792
0,75,haar_random,seeqst_binomial,7,4,100,1000,2.5582024844304807,12.443276173878413
0,75,haar_random,seeqst_binomial,7,4,100,5000,0.889567757169451,4.882052375529383
0,75,haar_random,seeqst_binomial,7,4,100,10000,0.5996932044735551,2.453437562884681
0,75,haar_random,seeqst_binomial,7,4,100,25000,0.33009696677392253,1.3999868870221301
0,75,haar_random,seeqst_unifsize_l,7,4,100,10,3.2109703027521257,21.140402367361073
0,75,haar_random,seeqst_unifsize_l,7,4,100,100,1.3449418005385578,3.5661321202607223
0,75,haar_random,seeqst_unifsize_l,7,4,100,500,0.614776450860676,1.6087914749326235
0,75,haar_random,seeqst_unifsize_l,7,4,100,1000,0.45906184262930577,1.3371252359023094
0,75,haar_random,seeqst_unifsize_l,7,4,100,5000,0.2207937487041933,0.6034832957712243
0,75,haar_random,seeqst_unifsize_l,7,4,100,10000,0.15282172153965,0.4334266440384417
0,75,haar_random,seeqst_unifsize_l,7,4,100,25000,0.10587468936085333,0.29925445421423197
0,76,haar_random,pauli,7,4,100,10,0.09388143099261954,0.1897570086032295
0,76,haar_random,pauli,7,4,100,100,3.0924857654786635,21.98767201055382
0,76,haar_random,pauli,7,4,100,500,2.0000210551965614,8.604531205273652
0,76,haar_random,pauli,7,4,100,1000,1.3046445350638514,4.365112002194538
0,76,haar_random,pauli,7,4,100,5000,0.6646277640371707,2.265963862323916
0,76,haar_random,pauli,7,4,100,10000,0.4755085288409377,1.2597091823560493
0,76,haar_random,pauli,7,4,100,25000,0.2806119831966507,0.9081361632369765
0,76,haar_random,clifford,7,4,100,10,3.8636296373602677,25.79488436067872
0,76,haar_random,clifford,7,4,100,100,1.061303424107337,3.9976747644192225
0,76,haar_random,clifford,7,4,100,500,0.4500117774686054,1.2828353267901336
0,76,haar_random,clifford,7,4,100,1000,0.3549662073191016,0.8821382557236499
0,76,haar_random,clifford,7,4,100,5000,0.1632113321378654,0.38567476441923393
0,76,haar_random,clifford,7,4,100,10000,0.1295194748717284,0.2871475940751088
0,76,haar_random,clifford,7,4,100,25000,0.07347611169161819,0.21748759407510937
0,76,haar_random,seeqst_uniform,7,4,100,10,7.68589238020413,25.735994497831747
0,76,haar_random,seeqst_uniform,7,4,100,100,1.5000532809362486,4.976531205273657
0,76,haar_random,seeqst_uniform,7,4,100,500,0.7841977665598208,1.9598571666740654
0,76,haar_random,seeqst_uniform,7,4,100,1000,0.43092300253114657,1.0940257516709537
0,76,haar_random,seeqst_uniform,7,4,100,5000,0.20295045681792037,0.6583916597068719
0,76,haar_random,seeqst_uniform,7,4,100,10000,0.14045693810672963,0.3725013639708519
0,76,haar_random,seeqst_uniform,7,4,100,25000,0.09353519987528681,0.3148238367630233
0,76,haar_random,seeqst_binomial,7,4,100,10,17.479501217926494,174.6496037417069
0,76,haar_random,seeqst_binomial,7,4,100,100,2.505799646657399,17.537795616350145
0,76,haar_random,seeqst_binomial,7,4,100,500,0.8839360160597198,3.6502836355245365
0,76,haar_random,seeqst_binomial,7,4,100,1000,2.201037641271492,12.263461992533545
0,76,haar_random,seeqst_binomial,7,4,100,5000,0.7871410992102423,4.926487065419843
0,76,haar_random,seeqst_binomial,7,4,100,10000,0.5679915989244874,3.7036579109008922
0,76,haar_random,seeqst_binomial,7,4,100,25000,0.36422306427195056,1.5113866451296125
0,76,haar_random,seeqst_unifsize_l,7,4,100,10,6.307789832303436,35.06852406441156
0,76,haar_random,seeqst_unifsize_l,7,4,100,100,2.0712467035358046,7.140045513870017
0,76,haar_random,seeqst_unifsize_l,7,4,100,500,0.7290869114291009,2.240045513870017
0,76,haar_random,seeqst_unifsize_l,7,4,100,1000,0.5114328675652066,1.4881428333259346
0,76,haar_random,seeqst_unifsize_l,7,4,100,5000,0.22552912171285422,0.7439916597068719
0,76,haar_random,seeqst_unifsize_l,7,4,100,10000,0.15599395215496317,0.39827058893701867
0,76,haar_random,seeqst_unifsize_l,7,4,100,25000,0.11278749737108663,0.34759174264675174
0,77,haar_random,pauli,7,4,100,10,0.08938770025767241,0.19470577463299632
0,77,haar_random,pauli,7,4,100,100,2.1903020508025337,21.884778035647983
0,77,haar_random,pauli,7,4,100,500,1.9602782384872095,4.509838942826699
0,77,haar_random,pauli,7,4,100,1000,1.2237677760386856,2.3228389428267
0,77,haar_random,pauli,7,4,100,5000,0.7121820314184275,2.265963862323916
0,77,haar_random,pauli,7,4,100,10000,0.5323701325046737,1.2089700787638131
0,77,haar_random,pauli,7,4,100,25000,0.3041585921027604,0.7517880556347468
0,77,haar_random,clifford,7,4,100,10,3.8726860904750406,12.984214268230243
0,77,haar_random,clifford,7,4,100,100,1.2638331419716684,3.852420505134733
0,77,haar_random,clifford,7,4,100,500,0.4713021778991764,1.2239234574079485
0,77,haar_random,clifford,7,4,100,1000,0.3527655126655141,0.98005194436525
0,77,haar_random,clifford,7,4,100,5000,0.16486470931538413,0.46680032415990796
0,77,haar_random,clifford,7,4,100,10000,0.12307531888277008,0.2995195950276338
0,77,haar_random,clifford,7,4,100,25000,0.08201539230148269,0.21748759407510937
0,77,haar_random,seeqst_uniform,7,4,100,10,4.433310054309767,25.673904152969946
0,77,haar_random,seeqst_uniform,7,4,100,100,1.586146572084857,4.949149666772216
0,77,haar_random,seeqst_uniform,7,4,100,500,0.6578338439264543,1.983802924332455
0,77,haar_random,seeqst_uniform,7,4,100,1000,0.40631631368925675,1.1378375576040685
0,77,haar_random,seeqst_uniform,7,4,100,5000,0.22376712108032018,0.4853311324133158
0,77,haar_random,seeqst_uniform,7,4,100,10000,0.16385040013734847,0.39829017856603777
0,77,haar_random,seeqst_uniform,7,4,100,25000,0.09235948322831126,0.29325072091944343
0,77,haar_random,seeqst_binomial,7,4,100,10,0.7928505394353818,3.604706132284629
0,77,haar_random,seeqst_binomial,7,4,100,100,1.854115189512687,17.427004119056832
0,77,haar_random,seeqst_binomial,7,4,100,500,2.640286120333428,24.522659632971056
0,77,haar_random,seeqst_binomial,7,4,100,1000,3.0789832785034132,12.387982604383499
0,77,haar_random,seeqst_binomial,7,4,100,5000,1.0485632479239284,4.877026439509764
0,77,haar_random,seeqst_binomial,7,4,100,10000,0.7099114072472258,3.6541972849908135
0,77,haar_random,seeqst_binomial,7,4,100,25000,0.37940041562917276,1.5144319921020124
0,77,haar_random,seeqst_unifsize_l,7,4,100,10,4.432170406164654,35.06852406441156
0,77,haar_random,seeqst_unifsize_l,7,4,100,100,1.3863275590175943,3.635767254937727
0,77,haar_random,seeqst_unifsize_l,7,4,100,500,0.6933413575460792,2.1000499829349466
0,77,haar_random,seeqst_unifsize_l,7,4,100,1000,0.5176954303435592,2.011301035554446
0,77,haar_random,seeqst_unifsize_l,7,4,100,5000,0.21766132432841215,0.662849639804921
0,77,haar_random,seeqst_unifsize_l,7,4,100,10000,0.14699850901457182,0.47530404470088644
0,77,haar_random,seeqst_unifsize_l,7,4,100,25000,0.09684759104509183,0.22131959502763446
0,78,haar_random,pauli,7,4,100,10,21.88732422968932,218.87137101265395
0,78,haar_random,pauli,7,4,100,100,4.381236575333701,22.041371012654064
0,78,haar_random,pauli,7,4,100,500,1.7596354059548442,4.545371012654074
0,78,haar_random,pauli,7,4,100,1000,1.2622888550870073,4.478285503128031
0,78,haar_random,pauli,7,4,100,5000,0.542910262356503,1.451818530553159
0,78,haar_random,pauli,7,4,100,10000,0.46038641770107447,1.2089700787638131
0,78,haar_random,pauli,7,4,100,25000,0.2894440661356831,0.8206137004507823
0,78,haar_random,clifford,7,4,100,10,2.5805799459614094,12.942138053790362
0,78,haar_random,clifford,7,4,100,100,1.2348670193752398,3.9976747644192225
0,78,haar_random,clifford,7,4,100,500,0.4926797868517575,1.2828353267901336
0,78,haar_random,clifford,7,4,100,1000,0.33638378431354604,1.0282858748935824
0,78,haar_random,clifford,7,4,100,5000,0.17038239386656648,0.55126194620959
0,78,haar_random,clifford,7,4,100,10000,0.12060915086159567,0.3188289873459219
0,78,haar_random,clifford,7,4,100,25000,0.07110387963780292,0.2517489873459228
0,78,haar_random,seeqst_uniform,7,4,100,10,6.259256694935546,25.70179220608098
0,78,haar_random,seeqst_uniform,7,4,100,100,1.9655296867245975,5.221792206080978
0,78,haar_random,seeqst_uniform,7,4,100,500,0.8632956171109933,2.4986218279454766
0,78,haar_random,seeqst_uniform,7,4,100,1000,0.5188737661508342,1.7306218279454766
0,78,haar_random,seeqst_uniform,7,4,100,5000,0.20915451949428937,0.5466477582501328
0,78,haar_random,seeqst_uniform,7,4,100,10000,0.13850246179287198,0.3959227205188075
0,78,haar_random,seeqst_uniform,7,4,100,25000,0.0901015960974068,0.3017422523278639
0,78,haar_random,seeqst_binomial,7,4,100,10,30.256308647539246,174.65989607645588
0,78,haar_random,seeqst_binomial,7,4,100,100,3.238708058135782,17.439004781162243
0,78,haar_random,seeqst_binomial,7,4,100,500,1.042945154966812,3.6190834592334435
0,78,haar_random,seeqst_binomial,7,4,100,1000,1.4573717306858498,12.316716048117247
0,78,haar_random,seeqst_binomial,7,4,100,5000,0.6132950194264496,2.560402317500028
0,78,haar_random,seeqst_binomial,7,4,100,10000,0.5385613741598602,2.4928609947980944
0,78,haar_random,seeqst_binomial,7,4,100,25000,0.3445608044112915,1.3764955029277854
0,78,haar_random,seeqst_unifsize_l,7,4,100,10,6.710192422421027,35.121456264219965
0,78,haar_random,seeqst_unifsize_l,7,4,100,100,1.6667871297939703,6.903793073699218
0,78,haar_random,seeqst_unifsize_l,7,4,100,500,0.7106219322023773,2.839478596169657
0,78,haar_random,seeqst_unifsize_l,7,4,100,1000,0.5208964653029068,1.789478596169657
0,78,haar_random,seeqst_unifsize_l,7,4,100,5000,0.22055924806195143,0.5913710126540765
0,78,haar_random,seeqst_unifsize_l,7,4,100,10000,0.14372496256403178,0.36383084077236794
0,78,haar_random,seeqst_unifsize_l,7,4,100,25000,0.1108063669422827,0.3752559915378728
0,79,haar_random,pauli,7,4,100,10,0.08181444327579716,0.22856695112412706
0,79,haar_random,pauli,7,4,100,100,4.379163226938086,22.029271324493426
0,79,haar_random,pauli,7,4,100,500,1.9528673408250063,8.713309768266129
0,79,haar_random,pauli,7,4,100,1000,1.3839181591575056,4.394634854209558
0,79,haar_random,pauli,7,4,100,5000,0.6765080003464351,1.8347211699021875
0,79,haar_random,pauli,7,4,100,10000,0.47648113861430147,1.2089700787638131
0,79,haar_random,pauli,7,4,100,25000,0.2853361662090885,0.7891797456256527
0,79,haar_random,clifford,7,4,100,10,2.888788473294578,12.941027249911656
0,79,haar_random,clifford,7,4,100,100,1.3639014482654914,3.9065329174250065
0,79,haar_random,clifford,7,4,100,500,0.4796003392217119,1.1278404812426333
0,79,haar_random,clifford,7,4,100,1000,0.3303085491894539,1.0382745643084854
0,79,haar_random,clifford,7,4,100,5000,0.14688911912064737,0.47946708257497955
0,79,haar_random,clifford,7,4,100,10000,0.11387316520317739,0.28745384928486734
0,79,haar_random,clifford,7,4,100,25000,0.06962132997134145,0.1855105192895328
0,79,haar_random,seeqst_uniform,7,4,100,10,5.122394411100679,25.619131234552775
0,79,haar_random,seeqst_uniform,7,4,100,100,1.8184717638928691,5.1391312345527735
0,79,haar_random,seeqst_uniform,7,4,100,500,0.7847448047988327,2.5791312345527735
0,79,haar_random,seeqst_uniform,7,4,100,1000,0.5111209149793026,1.5551312345527735
0,79,haar_random,seeqst_uniform,7,4,100,5000,0.22478200851422567,0.6283945883103926
0,79,haar_random,seeqst_uniform,7,4,100,10000,0.16282541328993547,0.4089561500198225
0,79,haar_random,seeqst_uniform,7,4,100,25000,0.09777610238231448,0.3017422523278639
0,79,haar_random,seeqst_binomial,7,4,100,10,17.479238404630223,174.6496037417069
0,79,haar_random,seeqst_binomial,7,4,100,100,2.5781175341477454,17.428712446413275
0,79,haar_random,seeqst_binomial,7,4,100,500,4.334562042810157,24.67156771906792
0,79,haar_random,seeqst_binomial,7,4,100,1000,2.545172131424034,12.443276173878413
0,79,haar_random,seeqst_binomial,7,4,100,5000,0.8361035876502398,2.66064293772681
0,79,haar_random,seeqst_binomial,7,4,100,10000,0.638478101836178,2.5060351107281376
0,79,haar_random,seeqst_binomial,7,4,100,25000,0.35517799258585125,1.4482637508699672
0,79,haar_random,seeqst_unifsize_l,7,4,100,10,2.192095122095639,6.972839312509461
0,79,haar_random,seeqst_unifsize_l,7,4,100,100,1.714677637246312,6.9983558996172555
0,79,haar_random,seeqst_unifsize_l,7,4,100,500,0.6555044072535777,2.644493652941456
0,79,haar_random,seeqst_unifsize_l,7,4,100,1000,0.48730486880716645,1.7127945883103928
0,79,haar_random,seeqst_unifsize_l,7,4,100,5000,0.2588783616354255,0.7955737215152638
0,79,haar_random,seeqst_unifsize_l,7,4,100,10000,0.17574849455144242,0.4533558996172555
0,79,haar_random,seeqst_unifsize_l,7,4,100,25000,0.11086200818496464,0.3752559915378728
0,80,haar_random,pauli,7,4,100,10,21.850746470340365,218.50604452628585
0,80,haar_random,pauli,7,4,100,100,3.7669198291400745,21.803279358956786
0,80,haar_random,pauli,7,4,100,500,1.5687034854936008,8.681279358956797
0,80,haar_random,pauli,7,4,100,1000,1.0812096563606706,4.307279358956801
0,80,haar_random,pauli,7,4,100,5000,0.6682456176655218,1.7105787558403849
0,80,haar_random,pauli,7,4,100,10000,0.4740833620217863,1.2070099140409059
0,80,haar_random,pauli,7,4,100,25000,0.2875878180456129,0.7209123930173049
0,80,haar_random,clifford,7,4,100,10,3.6476409487167083,12.939021244159576
0,80,haar_random,clifford,7,4,100,100,1.03073721206742,3.852420505134733
0,80,haar_random,clifford,7,4,100,500,0.49778286242650105,1.2828353267901336
0,80,haar_random,clifford,7,4,100,1000,0.361812238961727,1.0282858748935824
0,80,haar_random,clifford,7,4,100,5000,0.13780168112211688,0.3574858748935844
0,80,haar_random,clifford,7,4,100,10000,0.12294765575340814,0.28745384928486734
0,80,haar_random,clifford,7,4,100,25000,0.07719987004523303,0.22001749968831388
0,80,haar_random,seeqst_uniform,7,4,100,10,5.736830918646727,25.77932808539135
0,80,haar_random,seeqst_uniform,7,4,100,100,1.5463576677836401,2.739328085391349
0,80,haar_random,seeqst_uniform,7,4,100,500,0.6810383603573451,2.0900355875197225
0,80,haar_random,seeqst_uniform,7,4,100,1000,0.4555938421755224,1.0940257516709537
0,80,haar_random,seeqst_uniform,7,4,100,5000,0.24015502354509724,0.627151431888452
0,80,haar_random,seeqst_uniform,7,4,100,10000,0.14868062684066616,0.40213316792223086
0,80,haar_random,seeqst_uniform,7,4,100,25000,0.09144635938748094,0.25413749968831445
0,80,haar_random,seeqst_binomial,7,4,100,10,0.7134592006516977,3.604706132284629
0,80,haar_random,seeqst_binomial,7,4,100,100,0.8992333538811998,5.040640622889212
0,80,haar_random,seeqst_binomial,7,4,100,500,2.507091380457914,24.378166453446465
0,80,haar_random,seeqst_binomial,7,4,100,1000,1.3462095145917217,12.14987490825696
0,80,haar_random,seeqst_binomial,7,4,100,5000,0.6632379274978373,2.62498639442925
0,80,haar_random,seeqst_binomial,7,4,100,10000,0.525954099313268,2.35072514111567
0,80,haar_random,seeqst_binomial,7,4,100,25000,0.40115973043739417,1.501439495363422
0,80,haar_random,seeqst_unifsize_l,7,4,100,10,1.5470338186000776,6.912257258080328
0,80,haar_random,seeqst_unifsize_l,7,4,100,100,1.5187629315289077,6.9332793589568045
0,80,haar_random,seeqst_unifsize_l,7,4,100,500,0.5755253935991979,2.1390212441596135
0,80,haar_random,seeqst_unifsize_l,7,4,100,1000,0.40843705156952353,1.4881428333259346
0,80,haar_random,seeqst_unifsize_l,7,4,100,5000,0.1998267735555635,0.5691538492848685
0,80,haar_random,seeqst_unifsize_l,7,4,100,10000,0.12522016957489293,0.3555403895067793
0,80,haar_random,seeqst_unifsize_l,7,4,100,25000,0.08730582903432836,0.2922803226737922
0,81,haar_random,pauli,7,4,100,10,0.09681197840833705,0.24581966711262832
0,81,haar_random,pauli,7,4,100,100,3.086538947006247,21.814458290149858
0,81,haar_random,pauli,7,4,100,500,1.845129360990777,4.509838942826699
0,81,haar_random,pauli,7,4,100,1000,1.3350794021709487,4.336778010041041
0,81,haar_random,pauli,7,4,100,5000,0.710640576982295,1.7123780100410422
0,81,haar_random,pauli,7,4,100,10000,0.515540804212113,1.493678010041042
0,81,haar_random,pauli,7,4,100,25000,0.2815443772361017,0.8375780100410428
0,81,haar_random,clifford,7,4,100,10,3.161293394965724,12.939021244159576
0,81,haar_random,clifford,7,4,100,100,1.2685951436847311,3.852420505134733
0,81,haar_random,clifford,7,4,100,500,0.49349570005749555,1.2828353267901336
0,81,haar_random,clifford,7,4,100,1000,0.33283310539214583,0.8821382557236499
0,81,haar_random,clifford,7,4,100,5000,0.15185638564245107,0.36356033883790745
0,81,haar_random,clifford,7,4,100,10000,0.1199845464991554,0.25681307729589686
0,81,haar_random,clifford,7,4,100,25000,0.07017222949345533,0.16441757582998603
0,81,haar_random,seeqst_uniform,7,4,100,10,5.122531050066468,25.72476533389858
0,81,haar_random,seeqst_uniform,7,4,100,100,1.7157897617330986,5.19997146365847
0,81,haar_random,seeqst_uniform,7,4,100,500,0.7871102608666072,1.871995112203887
0,81,haar_random,seeqst_uniform,7,4,100,1000,0.4903661421388156,1.4987945883103928
0,81,haar_random,seeqst_uniform,7,4,100,5000,0.21727285094968318,0.6283945883103926
0,81,haar_random,seeqst_uniform,7,4,100,10000,0.15809470280426513,0.5352478684521025
0,81,haar_random,seeqst_uniform,7,4,100,25000,0.09464889014271799,0.28948786845210245
0,81,haar_random,seeqst_binomial,7,4,100,10,24.70982588180807,174.65989607645588
0,81,haar_random,seeqst_binomial,7,4,100,100,2.6165445560516396,17.439004781162243
0,81,haar_random,seeqst_binomial,7,4,100,500,4.97093973596212,24.525840042311124
0,81,haar_random,seeqst_binomial,7,4,100,1000,2.797376755286249,12.297548497121621
0,81,haar_random,seeqst_binomial,7,4,100,5000,0.8700133773191793,2.591748326595796
0,81,haar_random,seeqst_binomial,7,4,100,10000,0.5263692583801829,1.3689191720768459
0,81,haar_random,seeqst_binomial,7,4,100,25000,0.42938151850278433,2.4267018609065154
0,81,haar_random,seeqst_unifsize_l,7,4,100,10,5.402921708235752,34.96277801004104
0,81,haar_random,seeqst_unifsize_l,7,4,100,100,1.6119123423465447,7.007285160495367
0,81,haar_random,seeqst_unifsize_l,7,4,100,500,0.8108990397563894,2.8139098601984887
0,81,haar_random,seeqst_unifsize_l,7,4,100,1000,0.5498550449244013,1.7127945883103928
0,81,haar_random,seeqst_unifsize_l,7,4,100,5000,0.2409072979932696,0.7327945883103927
0,81,haar_random,seeqst_unifsize_l,7,4,100,10000,0.17243840988145387,0.5018462733050298
0,81,haar_random,seeqst_unifsize_l,7,4,100,25000,0.10744924996461727,0.3161265832106677
0,82,haar_random,pauli,7,4,100,10,21.86689269695078,218.66688954786142
0,82,haar_random,pauli,7,4,100,100,4.882722207888501,21.987143715998005
0,82,haar_random,pauli,7,4,100,500,2.3404713571978406,8.714889547861516
0,82,haar_random,pauli,7,4,100,1000,1.526199100494684,4.602337972726855
0,82,haar_random,pauli,7,4,100,5000,0.6764900123931924,1.9030757230773192
0,82,haar_random,pauli,7,4,100,10000,0.4501201671092758,1.449982432026573
0,82,haar_random,pauli,7,4,100,25000,0.2952536670456992,0.841689547861519
0,82,haar_random,clifford,7,4,100,10,3.4172554711047427,12.980917567973389
0,82,haar_random,clifford,7,4,100,100,1.2096951495727033,3.9976747644192225
0,82,haar_random,clifford,7,4,100,500,0.4337578084108305,1.1596747644192313
0,82,haar_random,clifford,7,4,100,1000,0.31484538842978527,0.7163982349174561
0,82,haar_random,clifford,7,4,100,5000,0.14160443980748394,0.38567476441923393
0,82,haar_random,clifford,7,4,100,10000,0.12016519449475033,0.27821045213848006
0,82,haar_random,clifford,7,4,100,25000,0.06939828140987181,0.19999680721941854
0,82,haar_random,seeqst_uniform,7,4,100,10,5.127568575732362,25.70179220608098
0,82,haar_random,seeqst_uniform,7,4,100,100,1.6738261713622469,5.283492503576475
0,82,haar_random,seeqst_uniform,7,4,100,500,0.7770308424745981,2.058990279315506
0,82,haar_random,seeqst_uniform,7,4,100,1000,0.4725483019038058,1.079982252327864
0,82,haar_random,seeqst_uniform,7,4,100,5000,0.22262502397996548,0.5537796073094963
0,82,haar_random,seeqst_uniform,7,4,100,10000,0.1514234246772924,0.39829017856603777
0,82,haar_random,seeqst_uniform,7,4,100,25000,0.0825203999670917,0.3017422523278639
0,82,haar_random,seeqst_binomial,7,4,100,10,1.0111529591735984,3.604706132284629
0,82,haar_random,seeqst_binomial,7,4,100,100,2.534689229553326,17.61681637056272
0,82,haar_random,seeqst_binomial,7,4,100,500,0.9395581636112306,7.093862986705023
0,82,haar_random,seeqst_binomial,7,4,100,1000,1.369700531881314,12.214001366623467
0,82,haar_random,seeqst_binomial,7,4,100,5000,0.8268031637139536,4.877026439509764
0,82,haar_random,seeqst_binomial,7,4,100,10000,0.5990462521690451,3.6541972849908135
0,82,haar_random,seeqst_binomial,7,4,100,25000,0.4780718889524669,2.4267018609065154
0,82,haar_random,seeqst_unifsize_l,7,4,100,10,1.7031329652324034,6.972839312509461
0,82,haar_random,seeqst_unifsize_l,7,4,100,100,1.5770079502345222,3.6171437159980138
0,82,haar_random,seeqst_unifsize_l,7,4,100,500,0.6562489694697695,2.8139098601984887
0,82,haar_random,seeqst_unifsize_l,7,4,100,1000,0.534067500010476,1.9783379727268577
0,82,haar_random,seeqst_unifsize_l,7,4,100,5000,0.1986537137232554,0.7183379727268577
0,82,haar_random,seeqst_unifsize_l,7,4,100,10000,0.17077335973206845,0.7183379727268577
0,82,haar_random,seeqst_unifsize_l,7,4,100,25000,0.11971318845070672,0.3417321819746938
0,83,haar_random,pauli,7,4,100,10,0.09191144154543265,0.23660032817613497
0,83,haar_random,pauli,7,4,100,100,2.204786155258687,22.029271324493426
0,83,haar_random,pauli,7,4,100,500,1.459253384553991,4.533271324493435
0,83,haar_random,pauli,7,4,100,1000,1.1182675031477192,4.355240071375653
0,83,haar_random,pauli,7,4,100,5000,0.5515231749560865,1.3966701663288075
0,83,haar_random,pauli,7,4,100,10000,0.45710835848754955,1.0686428631399152
0,83,haar_random,pauli,7,4,100,25000,0.28011916612060866,0.7181867363158773
0,83,haar_random,clifford,7,4,100,10,3.6395655182125544,12.927160687490503
0,83,haar_random,clifford,7,4,100,100,1.2862662260134905,3.9976747644192225
0,83,haar_random,clifford,7,4,100,500,0.42234058180875816,1.2828353267901336
0,83,haar_random,clifford,7,4,100,1000,0.3365439132651051,1.0883934585527968
0,83,haar_random,clifford,7,4,100,5000,0.14611441707628542,0.38567476441923393
0,83,haar_random,clifford,7,4,100,10000,0.11956517105419469,0.2871475940751088
0,83,haar_random,clifford,7,4,100,25000,0.07133626694772209,0.2694686928119371
0,83,haar_random,seeqst_uniform,7,4,100,10,4.44428626806111,25.77932808539135
0,83,haar_random,seeqst_uniform,7,4,100,100,1.5202038037956582,5.19997146365847
0,83,haar_random,seeqst_uniform,7,4,100,500,0.7105920820718751,2.0900355875197225
0,83,haar_random,seeqst_uniform,7,4,100,1000,0.5008937734646969,1.35997146365847
0,83,haar_random,seeqst_uniform,7,4,100,5000,0.2081531665035986,0.43025342830953905
0,83,haar_random,seeqst_uniform,7,4,100,10000,0.13119283255326222,0.3806031200029114
0,83,haar_random,seeqst_uniform,7,4,100,25000,0.08443869710329058,0.2163003895067793
0,83,haar_random,seeqst_binomial,7,4,100,10,0.7207740314702269,3.604706132284629
0,83,haar_random,seeqst_binomial,7,4,100,100,2.063724875383148,17.478653935758864
0,83,haar_random,seeqst_binomial,7,4,100,500,4.304069155967823,24.528436518688547
0,83,haar_random,seeqst_binomial,7,4,100,1000,2.7964096615535117,12.300144973499044
0,83,haar_random,seeqst_binomial,7,4,100,5000,1.0778525154531489,2.64985363858769
0,83,haar_random,seeqst_binomial,7,4,100,10000,0.8185544819995498,2.64985363858769
0,83,haar_random,seeqst_binomial,7,4,100,25000,0.3657644998294988,1.1824586531649495
0,83,haar_random,seeqst_unifsize_l,7,4,100,10,3.118450933502504,20.979365187769446
0,83,haar_random,seeqst_unifsize_l,7,4,100,100,1.533165042389761,7.040020371044631
0,83,haar_random,seeqst_unifsize_l,7,4,100,500,0.539021955737176,1.4563934585527998
0,83,haar_random,seeqst_unifsize_l,7,4,100,1000,0.4633130724785765,1.3903339859404287
0,83,haar_random,seeqst_unifsize_l,7,4,100,5000,0.21033819309875,0.7955737215152638
0,83,haar_random,seeqst_unifsize_l,7,4,100,10000,0.1593821986848908,0.4670898169832598
0,83,haar_random,seeqst_unifsize_l,7,4,100,25000,0.10951977350394536,0.30837711230966436
0,84,haar_random,pauli,7,4,100,10,30.92925444052601,218.73671820613905
0,84,haar_random,pauli,7,4,100,100,4.377623997522779,21.92791010737486
0,84,haar_random,pauli,7,4,100,500,1.8123696250951997,8.714889547861516
0,84,haar_random,pauli,7,4,100,1000,1.2571032622405631,4.431910107374867
0,84,haar_random,pauli,7,4,100,5000,0.6255526487445601,1.7762688675866836
0,84,haar_random,pauli,7,4,100,10000,0.47920147452370765,1.2089700787638131
0,84,haar_random,pauli,7,4,100,25000,0.2510924404692973,0.841689547861519
0,84,haar_random,clifford,7,4,100,10,2.5754878050856114,12.975142904784445
0,84,haar_random,clifford,7,4,100,100,1.0939057610018632,2.681915743487585
0,84,haar_random,clifford,7,4,100,500,0.4423402176166042,1.1917331855274313
0,84,haar_random,clifford,7,4,100,1000,0.3131800903406558,0.952542336108211
0,84,haar_random,clifford,7,4,100,5000,0.14957719184196175,0.43864998293494545
0,84,haar_random,clifford,7,4,100,10000,0.1119673630945237,0.312090569830574
0,84,haar_random,clifford,7,4,100,25000,0.06797834325322247,0.16441757582998603
0,84,haar_random,seeqst_uniform,7,4,100,10,3.62183108305046,25.677720582310364
0,84,haar_random,seeqst_uniform,7,4,100,100,1.2645592694443641,2.7003771123096643
0,84,haar_random,seeqst_uniform,7,4,100,500,0.71536053651573,1.8300217846803772
0,84,haar_random,seeqst_uniform,7,4,100,1000,0.5038436567518672,1.2138678797392777
0,84,haar_random,seeqst_uniform,7,4,100,5000,0.20895562866678288,0.6631094301694251
0,84,haar_random,seeqst_uniform,7,4,100,10000,0.13647218196839878,0.40213316792223086
0,84,haar_random,seeqst_uniform,7,4,100,25000,0.08897942993074157,0.3017422523278639
0,84,haar_random,seeqst_binomial,7,4,100,10,17.498126219587668,174.65989607645588
0,84,haar_random,seeqst_binomial,7,4,100,100,3.2115878268560327,17.575255739724597
0,84,haar_random,seeqst_binomial,7,4,100,500,1.1874678428387537,7.093862986705023
0,84,haar_random,seeqst_binomial,7,4,100,1000,1.4095255815063745,12.116104200417075
0,84,haar_random,seeqst_binomial,7,4,100,5000,0.6412361265409111,2.5723376575302286
0,84,haar_random,seeqst_binomial,7,4,100,10000,0.5700695562658867,2.462225732881041
0,84,haar_random,seeqst_binomial,7,4,100,25000,0.3235091895907154,1.4839624092658805
0,84,haar_random,seeqst_unifsize_l,7,4,100,10,6.9701929776884315,35.14372697067062
0,84,haar_random,seeqst_unifsize_l,7,4,100,100,1.8720057025604309,7.140045513870017
0,84,haar_random,seeqst_unifsize_l,7,4,100,500,0.7379873017526324,2.240045513870017
0,84,haar_random,seeqst_unifsize_l,7,4,100,1000,0.5157309708626625,1.5121873447724306
0,84,haar_random,seeqst_unifsize_l,7,4,100,5000,0.2246821484073719,0.7690497755717342
0,84,haar_random,seeqst_unifsize_l,7,4,100,10000,0.1570995910870746,0.3555403895067793
0,84,haar_random,seeqst_unifsize_l,7,4,100,25000,0.1013951023472525,0.3417321819746938
0,85,haar_random,pauli,7,4,100,10,43.74242090161677,218.87137101265395
0,85,haar_random,pauli,7,4,100,100,5.34965897380539,22.041371012654064
0,85,haar_random,pauli,7,4,100,500,2.302631725112446,8.714889547861516
0,85,haar_random,pauli,7,4,100,1000,1.4401913092106562,4.505661463582659
0,85,haar_random,pauli,7,4,100,5000,0.5770859922486486,1.6481926211695206
0,85,haar_random,pauli,7,4,100,10000,0.44624426319948124,1.2089700787638131
0,85,haar_random,pauli,7,4,100,25000,0.29084627288018217,0.841689547861519
0,85,haar_random,clifford,7,4,100,10,3.8730866093263168,13.00467927504818
0,85,haar_random,clifford,7,4,100,100,1.1151681230522035,3.852420505134733
0,85,haar_random,clifford,7,4,100,500,0.4655223711873524,1.0646220393101873
0,85,haar_random,clifford,7,4,100,1000,0.32678544753828814,0.8769047999793843
0,85,haar_random,clifford,7,4,100,5000,0.16056819286622276,0.42254168864100417
0,85,haar_random,clifford,7,4,100,10000,0.12890162778361217,0.4096416886410045
0,85,haar_random,clifford,7,4,100,25000,0.08641925551259357,0.2517489873459228
0,85,haar_random,seeqst_uniform,7,4,100,10,5.112673112317745,25.735994497831747
0,85,haar_random,seeqst_uniform,7,4,100,100,1.4648377484735422,4.976531205273657
0,85,haar_random,seeqst_uniform,7,4,100,500,0.7790258149791195,1.9598571666740654
0,85,haar_random,seeqst_uniform,7,4,100,1000,0.4776607341308436,1.2335585822067372
0,85,haar_random,seeqst_uniform,7,4,100,5000,0.22090558983919287,0.5537796073094963
0,85,haar_random,seeqst_uniform,7,4,100,10000,0.15022851643119337,0.39525857094673084
0,85,haar_random,seeqst_uniform,7,4,100,25000,0.09414438932547403,0.2610935387948524
0,85,haar_random,seeqst_binomial,7,4,100,10,0.6153869349670771,3.604706132284629
0,85,haar_random,seeqst_binomial,7,4,100,100,1.2285121662099734,10.037765268039985
0,85,haar_random,seeqst_binomial,7,4,100,500,3.504821453701245,24.586263629150377
0,85,haar_random,seeqst_binomial,7,4,100,1000,1.830170973815279,12.357972083960872
0,85,haar_random,seeqst_binomial,7,4,100,5000,0.9040551409967398,2.5753388478092676
0,85,haar_random,seeqst_binomial,7,4,100,10000,0.6320587011104146,2.462225732881041
0,85,haar_random,seeqst_binomial,7,4,100,25000,0.32873586863532234,1.4839624092658805
0,85,haar_random,seeqst_unifsize_l,7,4,100,10,5.964769260268654,34.93927213990035
0,85,haar_random,seeqst_unifsize_l,7,4,100,100,1.4637018506700568,3.5881428333259344
0,85,haar_random,seeqst_unifsize_l,7,4,100,500,0.7102200486000944,2.8139098601984887
0,85,haar_random,seeqst_unifsize_l,7,4,100,1000,0.5857686005005982,2.011301035554446
0,85,haar_random,seeqst_unifsize_l,7,4,100,5000,0.23283450873581843,0.6295417867165627
0,85,haar_random,seeqst_unifsize_l,7,4,100,10000,0.15476961043022824,0.4195417867165626
0,85,haar_random,seeqst_unifsize_l,7,4,100,25000,0.10979062738528647,0.3221648510521218
0,86,haar_random,pauli,7,4,100,10,30.924293916608686,218.66688954786142
0,86,haar_random,pauli,7,4,100,100,6.186224851861603,22.029271324493426
0,86,haar_random,pauli,7,4,100,500,2.34840096857344,8.714889547861516
0,86,haar_random,pauli,7,4,100,1000,1.3041598800878131,4.340889547861517
0,86,haar_random,pauli,7,4,100,5000,0.6714771511207586,2.265963862323916
0,86,haar_random,pauli,7,4,100,10000,0.471002285516055,1.2089700787638131
0,86,haar_random,pauli,7,4,100,25000,0.2995780582406654,0.841689547861519
0,86,haar_random,clifford,7,4,100,10,3.409103544126375,12.927160687490503
0,86,haar_random,clifford,7,4,100,100,0.9794739757547223,3.852420505134733
0,86,haar_random,clifford,7,4,100,500,0.4345504987893688,1.2828353267901336
0,86,haar_random,clifford,7,4,100,1000,0.3240772568570577,0.952542336108211
0,86,haar_random,clifford,7,4,100,5000,0.1574958565627941,0.3957029366129776
0,86,haar_random,clifford,7,4,100,10000,0.12545610432686446,0.27821045213848006
0,86,haar_random,clifford,7,4,100,25000,0.07265089036775166,0.16441757582998603
0,86,haar_random,seeqst_uniform,7,4,100,10,2.5573764668626735,25.55853499444105
0,86,haar_random,seeqst_uniform,7,4,100,100,1.6077693842573553,5.052247758250133
0,86,haar_random,seeqst_uniform,7,4,100,500,0.8003925351862772,1.6952713244934368
0,86,haar_random,seeqst_uniform,7,4,100,1000,0.46630278956817034,1.5396696021194614
0,86,haar_random,seeqst_uniform,7,4,100,5000,0.24774881663624929,0.6878564251809184
0,86,haar_random,seeqst_uniform,7,4,100,10000,0.16300991741461404,0.40625642518091837
0,86,haar_random,seeqst_uniform,7,4,100,25000,0.09602709152919763,0.24323156736173046
0,86,haar_random,seeqst_binomial,7,4,100,10,0.8717271253573969,3.604706132284629
0,86,haar_random,seeqst_binomial,7,4,100,100,1.0651953750425989,5.062347931267174
0,86,haar_random,seeqst_binomial,7,4,100,500,3.5258442454716863,24.488365797476565
0,86,haar_random,seeqst_binomial,7,4,100,1000,1.8219429167658585,12.26007425228706
0,86,haar_random,seeqst_binomial,7,4,100,5000,0.6884431492773466,2.5080975043065163
0,86,haar_random,seeqst_binomial,7,4,100,10000,0.4975149008917306,1.3534390259113953
0,86,haar_random,seeqst_binomial,7,4,100,25000,0.31004511840700194,1.3872514106036589
0,86,haar_random,seeqst_unifsize_l,7,4,100,10,4.021086819359108,21.140402367361073
0,86,haar_random,seeqst_unifsize_l,7,4,100,100,1.4337832999514804,6.903793073699218
0,86,haar_random,seeqst_unifsize_l,7,4,100,500,0.7131327224994396,2.098798208122596
0,86,haar_random,seeqst_unifsize_l,7,4,100,1000,0.48504664041006085,1.3259605086331083
0,86,haar_random,seeqst_unifsize_l,7,4,100,5000,0.20089191919220348,0.6043467454933046
0,86,haar_random,seeqst_unifsize_l,7,4,100,10000,0.14923681121055096,0.35879307369921776
0,86,haar_random,seeqst_unifsize_l,7,4,100,25000,0.09786869707902482,0.34759174264675174
0,87,haar_random,pauli,7,4,100,10,21.866883545081183,218.66688954786142
0,87,haar_random,pauli,7,4,100,100,4.354779032530914,21.83688954786151
0,87,haar_random,pauli,7,4,100,500,1.627336942856352,8.714889547861516
0,87,haar_random,pauli,7,4,100,1000,1.2576869173933862,4.602337972726855
0,87,haar_random,pauli,7,4,100,5000,0.6225428831071645,1.2909795315072468
0,87,haar_random,pauli,7,4,100,10000,0.5118514193413933,1.2089700787638131
0,87,haar_random,pauli,7,4,100,25000,0.2934675968981814,0.841689547861519
0,87,haar_random,clifford,7,4,100,10,4.457800847183376,25.79488436067872
0,87,haar_random,clifford,7,4,100,100,1.086740420861498,3.852420505134733
0,87,haar_random,clifford,7,4,100,500,0.39026778624375913,0.9804509424502387
0,87,haar_random,clifford,7,4,100,1000,0.2767216063316187,0.7496003965071086
0,87,haar_random,clifford,7,4,100,5000,0.14424835949887216,0.5427927055014128
0,87,haar_random,clifford,7,4,100,10000,0.11865074413406884,0.29769270550141375
0,87,haar_random,clifford,7,4,100,25000,0.07058771237707342,0.22661559113651036
0,87,haar_random,seeqst_uniform,7,4,100,10,5.122616317312414,25.804606475468745
0,87,haar_random,seeqst_uniform,7,4,100,100,1.431632787744704,5.324606475468744
0,87,haar_random,seeqst_uniform,7,4,100,500,0.7797473175932734,1.7406064754687434
0,87,haar_random,seeqst_uniform,7,4,100,1000,0.4914478435439952,1.5396696021194614
0,87,haar_random,seeqst_uniform,7,4,100,5000,0.2179640795651512,0.49132812588477537
0,87,haar_random,seeqst_uniform,7,4,100,10000,0.15190526992000647,0.3211098601984889
0,87,haar_random,seeqst_uniform,7,4,100,25000,0.09196245020902807,0.3274864754687433
0,87,haar_random,seeqst_binomial,7,4,100,10,0.991388153850169,3.604706132284629
0,87,haar_random,seeqst_binomial,7,4,100,100,2.131808175615251,17.427004119056832
0,87,haar_random,seeqst_binomial,7,4,100,500,2.534822790954883,24.447755579453982
0,87,haar_random,seeqst_binomial,7,4,100,1000,2.1740473278205488,12.311138508136288
0,87,haar_random,seeqst_binomial,7,4,100,5000,0.9495600140017983,4.926487065419843
0,87,haar_random,seeqst_binomial,7,4,100,10000,0.6475369418580842,3.7036579109008922
0,87,haar_random,seeqst_binomial,7,4,100,25000,0.3159473101734629,1.833454773115096
0,87,haar_random,seeqst_unifsize_l,7,4,100,10,5.766174066051827,35.121456264219965
0,87,haar_random,seeqst_unifsize_l,7,4,100,100,1.538414672531749,6.876928125884776
0,87,haar_random,seeqst_unifsize_l,7,4,100,500,0.7937886961153642,2.8139098601984887
0,87,haar_random,seeqst_unifsize_l,7,4,100,1000,0.5061173785390773,1.9783379727268577
0,87,haar_random,seeqst_unifsize_l,7,4,100,5000,0.23261930659728755,0.7183379727268577
0,87,haar_random,seeqst_unifsize_l,7,4,100,10000,0.17511420192990726,0.7183379727268577
0,87,haar_random,seeqst_unifsize_l,7,4,100,25000,0.10665841935939713,0.2922803226737922
0,88,haar_random,pauli,7,4,100,10,21.866853613615024,218.66688954786142
0,88,haar_random,pauli,7,4,100,100,3.0964984087996457,21.93775224174986
0,88,haar_random,pauli,7,4,100,500,1.861562709090561,8.714889547861516
0,88,haar_random,pauli,7,4,100,1000,1.292572104711498,4.340889547861517
0,88,haar_random,pauli,7,4,100,5000,0.6489184754828082,2.265963862323916
0,88,haar_random,pauli,7,4,100,10000,0.5477685675673443,1.2089700787638131
0,88,haar_random,pauli,7,4,100,25000,0.288704358435875,0.841689547861519
0,88,haar_random,clifford,7,4,100,10,2.2396766201437868,12.927160687490503
0,88,haar_random,clifford,7,4,100,100,1.3123603421062267,3.9065329174250065
0,88,haar_random,clifford,7,4,100,500,0.4556038303101649,1.2828353267901336
0,88,haar_random,clifford,7,4,100,1000,0.32101677773013804,0.8665071675305163
0,88,haar_random,clifford,7,4,100,5000,0.17066599504818908,0.47946708257497955
0,88,haar_random,clifford,7,4,100,10000,0.12617818044419749,0.2836736214980611
0,88,haar_random,clifford,7,4,100,25000,0.06702991779470688,0.16441757582998603
0,88,haar_random,seeqst_uniform,7,4,100,10,3.619508729572896,25.598355899617257
0,88,haar_random,seeqst_uniform,7,4,100,100,1.60431160919255,5.150869131510934
0,88,haar_random,seeqst_uniform,7,4,100,500,0.8197037674843749,1.9598571666740654
0,88,haar_random,seeqst_uniform,7,4,100,1000,0.5199314887477862,1.2966060690964092
0,88,haar_random,seeqst_uniform,7,4,100,5000,0.2203699374173255,0.5548228323961517
0,88,haar_random,seeqst_uniform,7,4,100,10000,0.15349351146738072,0.34373291742501877
0,88,haar_random,seeqst_uniform,7,4,100,25000,0.09772827409003784,0.2163003895067793
0,88,haar_random,seeqst_binomial,7,4,100,10,0.9321320225526747,3.604706132284629
0,88,haar_random,seeqst_binomial,7,4,100,100,2.3687198311892512,17.54728963068781
0,88,haar_random,seeqst_binomial,7,4,100,500,3.609055241032234,24.485258606201484
0,88,haar_random,seeqst_binomial,7,4,100,1000,3.0528256376083664,12.271347717064973
0,88,haar_random,seeqst_binomial,7,4,100,5000,0.9214402216021962,4.9343727899512695
0,88,haar_random,seeqst_binomial,7,4,100,10000,0.6586044776740626,3.711543635432319
0,88,haar_random,seeqst_binomial,7,4,100,25000,0.3364176870920731,1.5104511572982084
0,88,haar_random,seeqst_unifsize_l,7,4,100,10,3.4211075897666556,21.140402367361073
0,88,haar_random,seeqst_unifsize_l,7,4,100,100,1.9514765084688968,7.007285160495367
0,88,haar_random,seeqst_unifsize_l,7,4,100,500,0.7511388427389446,2.771324484177527
0,88,haar_random,seeqst_unifsize_l,7,4,100,1000,0.5330035022157475,1.4881428333259346
0,88,haar_random,seeqst_unifsize_l,7,4,100,5000,0.20678305830357105,0.7951945362078703
0,88,haar_random,seeqst_unifsize_l,7,4,100,10000,0.17018656529766876,0.4533558996172555
0,88,haar_random,seeqst_unifsize_l,7,4,100,25000,0.10512053556207068,0.30837711230966436
0,89,haar_random,pauli,7,4,100,10,0.09146249680044531,0.2113906715579193
0,89,haar_random,pauli,7,4,100,100,4.381897213439951,21.977768118941942
0,89,haar_random,pauli,7,4,100,500,1.4475766946410225,4.509838942826699
0,89,haar_random,pauli,7,4,100,1000,1.061868331581359,4.2463252355807635
0,89,haar_random,pauli,7,4,100,5000,0.6217608648744928,1.7685829422809718
0,89,haar_random,pauli,7,4,100,10000,0.4812329068687272,1.2089700787638131
0,89,haar_random,pauli,7,4,100,25000,0.28607836761335637,0.7181867363158773
0,89,haar_random,clifford,7,4,100,10,2.8923995817239416,12.975142904784445
0,89,haar_random,clifford,7,4,100,100,1.229059631624027,3.9976747644192225
0,89,haar_random,clifford,7,4,100,500,0.5018048128970932,1.3435378772339346
0,89,haar_random,clifford,7,4,100,1000,0.3452265486883548,1.0883934585527968
0,89,haar_random,clifford,7,4,100,5000,0.1478201711559457,0.38567476441923393
0,89,haar_random,clifford,7,4,100,10000,0.118180431945665,0.312090569830574
0,89,haar_random,clifford,7,4,100,25000,0.07876921536675054,0.17711249402105927
0,89,haar_random,seeqst_uniform,7,4,100,10,2.563529725743165,25.618982942280972
0,89,haar_random,seeqst_uniform,7,4,100,100,1.600685979972955,5.052247758250133
0,89,haar_random,seeqst_uniform,7,4,100,500,0.7451822509077914,1.8764320726543393
0,89,haar_random,seeqst_uniform,7,4,100,1000,0.4525395708880085,1.2048570952155295
0,89,haar_random,seeqst_uniform,7,4,100,5000,0.22106783820471032,0.6631094301694251
0,89,haar_random,seeqst_uniform,7,4,100,10000,0.15160778658628263,0.3815094301694251
0,89,haar_random,seeqst_uniform,7,4,100,25000,0.09152392645989839,0.24323156736173046
0,89,haar_random,seeqst_binomial,7,4,100,10,24.703749225624378,174.6496037417069
0,89,haar_random,seeqst_binomial,7,4,100,100,2.525299608343415,17.428712446413275
0,89,haar_random,seeqst_binomial,7,4,100,500,2.6184809783206147,24.33942855810561
0,89,haar_random,seeqst_binomial,7,4,100,1000,1.8351295002359205,12.174753667955565
0,89,haar_random,seeqst_binomial,7,4,100,5000,0.5554014629779132,2.5050520966965593
0,89,haar_random,seeqst_binomial,7,4,100,10000,0.40370308248915215,2.3705154042534304
0,89,haar_random,seeqst_binomial,7,4,100,25000,0.2945329594239866,1.3999868870221301
0,89,haar_random,seeqst_unifsize_l,7,4,100,10,4.427698459194148,34.99750943016942
0,89,haar_random,seeqst_unifsize_l,7,4,100,100,1.2820850206635668,3.692927157723166
0,89,haar_random,seeqst_unifsize_l,7,4,100,500,0.596801724912113,2.1390212441596135
0,89,haar_random,seeqst_unifsize_l,7,4,100,1000,0.4232950287449094,1.0902754752860178
0,89,haar_random,seeqst_unifsize_l,7,4,100,5000,0.2031242022321632,0.577072842276834
0,89,haar_random,seeqst_unifsize_l,7,4,100,10000,0.15406772657873674,0.472072842276834
0,89,haar_random,seeqst_unifsize_l,7,4,100,25000,0.10838291515806624,0.34759174264675174
0,90,haar_random,pauli,7,4,100,10,0.08569391371120037,0.24581966711262832
0,90,haar_random,pauli,7,4,100,100,4.888735465688836,21.93775224174986
0,90,haar_random,pauli,7,4,100,500,1.968404558830309,8.622321001888675
0,90,haar_random,pauli,7,4,100,1000,1.319655482560304,4.351855736032758
0,90,haar_random,pauli,7,4,100,5000,0.6017237146212756,1.9030757230773192
0,90,haar_random,pauli,7,4,100,10000,0.5081394053247555,1.449982432026573
0,90,haar_random,pauli,7,4,100,25000,0.2754064503344554,0.7563195950539348
0,90,haar_random,clifford,7,4,100,10,4.996823499453728,13.002261034254062
0,90,haar_random,clifford,7,4,100,100,1.1849009171659397,3.9976747644192225
0,90,haar_random,clifford,7,4,100,500,0.4799645014333675,1.1596747644192313
0,90,haar_random,clifford,7,4,100,1000,0.36187544551840195,0.9683618181508354
0,90,haar_random,clifford,7,4,100,5000,0.1430177278456122,0.38567476441923393
0,90,haar_random,clifford,7,4,100,10000,0.11003864909301411,0.2502631864814063
0,90,haar_random,clifford,7,4,100,25000,0.0704413550705419,0.22001749968831388
0,90,haar_random,seeqst_uniform,7,4,100,10,3.627961085736121,25.673904152969946
0,90,haar_random,seeqst_uniform,7,4,100,100,1.7411618957537887,5.130990279315506
0,90,haar_random,seeqst_uniform,7,4,100,500,0.7795341093580499,2.058990279315506
0,90,haar_random,seeqst_uniform,7,4,100,1000,0.5058416918714442,1.6169370672680292
0,90,haar_random,seeqst_uniform,7,4,100,5000,0.2518469435941607,0.695337067268029
0,90,haar_random,seeqst_uniform,7,4,100,10000,0.15457000311654015,0.43933706726802907
0,90,haar_random,seeqst_uniform,7,4,100,25000,0.09122960606738198,0.3017422523278639
0,90,haar_random,seeqst_binomial,7,4,100,10,17.46825801894093,174.64329162532292
0,90,haar_random,seeqst_binomial,7,4,100,100,1.8974211681487185,17.422400330029284
0,90,haar_random,seeqst_binomial,7,4,100,500,0.7019499011438826,3.573650420177526
0,90,haar_random,seeqst_binomial,7,4,100,1000,1.8134269639880052,12.267799443210746
0,90,haar_random,seeqst_binomial,7,4,100,5000,0.8112992359276979,4.956671580251592
0,90,haar_random,seeqst_binomial,7,4,100,10000,0.611591638786343,3.7338424257326417
0,90,haar_random,seeqst_binomial,7,4,100,25000,0.34869620709203936,1.5327499475985307
0,90,haar_random,seeqst_unifsize_l,7,4,100,10,8.461372045399726,35.06398158054695
0,90,haar_random,seeqst_unifsize_l,7,4,100,100,1.4517343944037842,3.5653549621757903
0,90,haar_random,seeqst_unifsize_l,7,4,100,500,0.6066106333989502,1.7237619067690702
0,90,haar_random,seeqst_unifsize_l,7,4,100,1000,0.5033066893233719,1.3371252359023094
0,90,haar_random,seeqst_unifsize_l,7,4,100,5000,0.1867446869951251,0.5646450378242098
0,90,haar_random,seeqst_unifsize_l,7,4,100,10000,0.14210865581287968,0.3207770922199582
0,90,haar_random,seeqst_unifsize_l,7,4,100,25000,0.10058734130088105,0.2721803328873717
0,91,haar_random,pauli,7,4,100,10,21.863703383805095,218.63542154147532
0,91,haar_random,pauli,7,4,100,100,3.790947250255474,21.92791010737486
0,91,haar_random,pauli,7,4,100,500,2.0147439793802704,4.509994352954236
0,91,haar_random,pauli,7,4,100,1000,1.248841687816088,4.431910107374867
0,91,haar_random,pauli,7,4,100,5000,0.6120589816317277,1.3966701663288075
0,91,haar_random,pauli,7,4,100,10000,0.46039923579187186,1.0686428631399152
0,91,haar_random,pauli,7,4,100,25000,0.2573746351443386,0.6499606908629106
0,91,haar_random,clifford,7,4,100,10,3.149189512163263,12.904713743572005
0,91,haar_random,clifford,7,4,100,100,1.023949310507074,3.852420505134733
0,91,haar_random,clifford,7,4,100,500,0.4342707267914014,1.2239234574079485
0,91,haar_random,clifford,7,4,100,1000,0.31999106996726867,0.7127459962713214
0,91,haar_random,clifford,7,4,100,5000,0.14843421455741795,0.3482215414754958
0,91,haar_random,clifford,7,4,100,10000,0.12446085476319052,0.2836736214980611
0,91,haar_random,clifford,7,4,100,25000,0.07317406391575598,0.20718441326830506
0,91,haar_random,seeqst_uniform,7,4,100,10,4.426919939065501,25.598355899617257
0,91,haar_random,seeqst_uniform,7,4,100,100,1.6312693292758393,5.191853428309539
0,91,haar_random,seeqst_uniform,7,4,100,500,0.6376110462956068,1.6204701663288081
0,91,haar_random,seeqst_uniform,7,4,100,1000,0.5159473511872603,1.2872851604953668
0,91,haar_random,seeqst_uniform,7,4,100,5000,0.22110601481713943,0.5874155867316946
0,91,haar_random,seeqst_uniform,7,4,100,10000,0.14977968605183103,0.43381558673169457
0,91,haar_random,seeqst_uniform,7,4,100,25000,0.09177373294990192,0.2610935387948524
0,91,haar_random,seeqst_binomial,7,4,100,10,17.49864800917648,174.65989607645588
0,91,haar_random,seeqst_binomial,7,4,100,100,2.55372530083573,17.439004781162243
0,91,haar_random,seeqst_binomial,7,4,100,500,3.6093956567212655,24.528436518688547
0,91,haar_random,seeqst_binomial,7,4,100,1000,1.8543941480796269,12.300144973499044
0,91,haar_random,seeqst_binomial,7,4,100,5000,0.785152094849319,2.5816526619921407
0,91,haar_random,seeqst_binomial,7,4,100,10000,0.4359689493309626,1.3147541558949258
0,91,haar_random,seeqst_binomial,7,4,100,25000,0.31347614811051355,1.4405460718292835
0,91,haar_random,seeqst_unifsize_l,7,4,100,10,5.224171417457322,34.88925185110686
0,91,haar_random,seeqst_unifsize_l,7,4,100,100,1.6333439583551692,7.007285160495367
0,91,haar_random,seeqst_unifsize_l,7,4,100,500,0.6938201135577875,2.107285160495367
0,91,haar_random,seeqst_unifsize_l,7,4,100,1000,0.505690214060168,1.4072851604953667
0,91,haar_random,seeqst_unifsize_l,7,4,100,5000,0.22415138351361705,0.662849639804921
0,91,haar_random,seeqst_unifsize_l,7,4,100,10000,0.14324423607094963,0.4533558996172555
0,91,haar_random,seeqst_unifsize_l,7,4,100,25000,0.10704260712921519,0.27142154147549724
0,92,haar_random,pauli,7,4,100,10,30.933860245209623,218.8023443974921
0,92,haar_random,pauli,7,4,100,100,6.55640823521435,21.977768118941942
0,92,haar_random,pauli,7,4,100,500,2.226860836569935,8.714889547861516
0,92,haar_random,pauli,7,4,100,1000,1.3930099232954196,4.340889547861517
0,92,haar_random,pauli,7,4,100,5000,0.632433883358231,1.715005208210878
0,92,haar_random,pauli,7,4,100,10000,0.5003813894347012,1.4963052082108779
0,92,haar_random,pauli,7,4,100,25000,0.2934044032546522,0.841689547861519
0,92,haar_random,clifford,7,4,100,10,3.6480464606446446,12.984214268230243
0,92,haar_random,clifford,7,4,100,100,1.176534286718066,3.852420505134733
0,92,haar_random,clifford,7,4,100,500,0.4693142282301363,1.2554052082108753
0,92,haar_random,clifford,7,4,100,1000,0.3346961164803545,1.0282858748935824
0,92,haar_random,clifford,7,4,100,5000,0.17495522494275462,0.55126194620959
0,92,haar_random,clifford,7,4,100,10000,0.12570610773891783,0.2874703390624676
0,92,haar_random,clifford,7,4,100,25000,0.0810578672959403,0.22001749968831388
0,92,haar_random,seeqst_uniform,7,4,100,10,5.721032792699741,25.759460881907195
0,92,haar_random,seeqst_uniform,7,4,100,100,1.6910687036765841,5.191853428309539
0,92,haar_random,seeqst_uniform,7,4,100,500,0.8034039493217571,2.058990279315506
0,92,haar_random,seeqst_uniform,7,4,100,1000,0.4788531407766637,1.237861946209592
0,92,haar_random,seeqst_uniform,7,4,100,5000,0.22302690694844848,0.5881054760888506
0,92,haar_random,seeqst_uniform,7,4,100,10000,0.16560671486297995,0.4857054760888507
0,92,haar_random,seeqst_uniform,7,4,100,25000,0.11207018236267395,0.34082271808621023
0,92,haar_random,seeqst_binomial,7,4,100,10,0.7138080071429216,3.604706132284629
0,92,haar_random,seeqst_binomial,7,4,100,100,1.0075924378194971,4.823449834540697
0,92,haar_random,seeqst_binomial,7,4,100,500,3.505822897723952,24.528436518688547
0,92,haar_random,seeqst_binomial,7,4,100,1000,1.894090445419114,12.300144973499044
0,92,haar_random,seeqst_binomial,7,4,100,5000,0.6331125400155541,2.5298725772681765
0,92,haar_random,seeqst_binomial,7,4,100,10000,0.4948783296182981,2.5298725772681765
0,92,haar_random,seeqst_binomial,7,4,100,25000,0.2510887018756133,1.062477591845436
0,92,haar_random,seeqst_unifsize_l,7,4,100,10,5.899987370531652,35.121456264219965
0,92,haar_random,seeqst_unifsize_l,7,4,100,100,1.4158084768879298,3.6214562642199635
0,92,haar_random,seeqst_unifsize_l,7,4,100,500,0.5919038388840872,2.067059962819572
0,92,haar_random,seeqst_unifsize_l,7,4,100,1000,0.47260827304704556,1.3259605086331083
0,92,haar_random,seeqst_unifsize_l,7,4,100,5000,0.2159646661972109,0.6043467454933046
0,92,haar_random,seeqst_unifsize_l,7,4,100,10000,0.14639351779957677,0.4038350970633269
0,92,haar_random,seeqst_unifsize_l,7,4,100,25000,0.09681035058377024,0.2938619462095919
0,93,haar_random,pauli,7,4,100,10,21.86686347436949,218.66688954786142
0,93,haar_random,pauli,7,4,100,100,3.086537532426837,21.83688954786151
0,93,haar_random,pauli,7,4,100,500,1.646829375022167,8.714889547861516
0,93,haar_random,pauli,7,4,100,1000,1.6189810602312211,4.613643645766768
0,93,haar_random,pauli,7,4,100,5000,0.6509058633078778,1.5518436457667701
0,93,haar_random,pauli,7,4,100,10000,0.5592239138241982,1.33314364576677
0,93,haar_random,pauli,7,4,100,25000,0.30529607685748444,0.841689547861519
0,93,haar_random,clifford,7,4,100,10,4.0776281910303265,25.79488436067872
0,93,haar_random,clifford,7,4,100,100,1.0515494647784704,3.852420505134733
0,93,haar_random,clifford,7,4,100,500,0.4209845128494235,1.2828353267901336
0,93,haar_random,clifford,7,4,100,1000,0.3279491893339308,0.952542336108211
0,93,haar_random,clifford,7,4,100,5000,0.1629800453666527,0.3957029366129776
0,93,haar_random,clifford,7,4,100,10000,0.11536963220136486,0.27821045213848006
0,93,haar_random,clifford,7,4,100,25000,0.06637454300788227,0.16441757582998603
0,93,haar_random,seeqst_uniform,7,4,100,10,5.1270843130330555,25.705262838162916
0,93,haar_random,seeqst_uniform,7,4,100,100,1.5937567609265522,5.1391312345527735
0,93,haar_random,seeqst_uniform,7,4,100,500,0.7930559710785949,2.5791312345527735
0,93,haar_random,seeqst_uniform,7,4,100,1000,0.5009183640969805,1.5551312345527735
0,93,haar_random,seeqst_uniform,7,4,100,5000,0.20639685426060397,0.475381295986854
0,93,haar_random,seeqst_uniform,7,4,100,10000,0.15989560776175785,0.4089561500198225
0,93,haar_random,seeqst_uniform,7,4,100,25000,0.1010365102020693,0.34082271808621023
0,93,haar_random,seeqst_binomial,7,4,100,10,17.483965486290316,174.65989607645588
0,93,haar_random,seeqst_binomial,7,4,100,100,3.5724133654688774,17.52680206011304
0,93,haar_random,seeqst_binomial,7,4,100,500,2.5964815693829415,24.459792538444397
0,93,haar_random,seeqst_binomial,7,4,100,1000,1.8516733566159098,12.23150099325489
0,93,haar_random,seeqst_binomial,7,4,100,5000,0.5427368414433369,2.453437562884681
0,93,haar_random,seeqst_binomial,7,4,100,10000,0.5122564723068085,2.453437562884681
0,93,haar_random,seeqst_binomial,7,4,100,25000,0.3979018663938881,1.5726578235856548
0,93,haar_random,seeqst_unifsize_l,7,4,100,10,1.833861864226634,6.972839312509461
0,93,haar_random,seeqst_unifsize_l,7,4,100,100,1.9152347513777614,7.04323329254364
0,93,haar_random,seeqst_unifsize_l,7,4,100,500,0.6821606195593076,1.9800256087655888
0,93,haar_random,seeqst_unifsize_l,7,4,100,1000,0.43918933226501267,1.5121873447724306
0,93,haar_random,seeqst_unifsize_l,7,4,100,5000,0.21832396982796579,0.7690497755717342
0,93,haar_random,seeqst_unifsize_l,7,4,100,10000,0.16537747144961204,0.4514764857032363
0,93,haar_random,seeqst_unifsize_l,7,4,100,25000,0.10361383691121968,0.29188186835111174
0,94,haar_random,pauli,7,4,100,10,0.08950064152888779,0.24581966711262832
0,94,haar_random,pauli,7,4,100,100,3.089386063933407,21.92791010737486
0,94,haar_random,pauli,7,4,100,500,2.147958753146316,8.622321001888675
0,94,haar_random,pauli,7,4,100,1000,1.3478125291992191,4.431910107374867
0,94,haar_random,pauli,7,4,100,5000,0.6670127505530378,1.7550496591263667
0,94,haar_random,pauli,7,4,100,10000,0.48048912249730247,1.317649659126367
0,94,haar_random,pauli,7,4,100,25000,0.30096016054038,0.7782558432775984
0,94,haar_random,clifford,7,4,100,10,4.287701399603774,12.996596997004126
0,94,haar_random,clifford,7,4,100,100,1.1648281867517616,3.852420505134733
0,94,haar_random,clifford,7,4,100,500,0.43087073864554254,0.9709571383353086
0,94,haar_random,clifford,7,4,100,1000,0.2949233295631082,0.7127459962713214
0,94,haar_random,clifford,7,4,100,5000,0.15742604607819488,0.46680032415990796
0,94,haar_random,clifford,7,4,100,10000,0.11473889526712916,0.2874703390624676
0,94,haar_random,clifford,7,4,100,25000,0.07466709958671805,0.16441757582998603
0,94,haar_random,seeqst_uniform,7,4,100,10,5.118714618830367,25.735994497831747
0,94,haar_random,seeqst_uniform,7,4,100,100,1.564909721913833,2.695994497831745
0,94,haar_random,seeqst_uniform,7,4,100,500,0.6935982545164131,1.6719944978317447
0,94,haar_random,seeqst_uniform,7,4,100,1000,0.43830897829366694,1.2872851604953668
0,94,haar_random,seeqst_uniform,7,4,100,5000,0.20827584055972545,0.5537796073094963
0,94,haar_random,seeqst_uniform,7,4,100,10000,0.14298973255475292,0.5352478684521025
0,94,haar_random,seeqst_uniform,7,4,100,25000,0.08587737739123204,0.28948786845210245
0,94,haar_random,seeqst_binomial,7,4,100,10,17.484020552438647,174.65989607645588
0,94,haar_random,seeqst_binomial,7,4,100,100,1.920330983575565,17.439004781162243
0,94,haar_random,seeqst_binomial,7,4,100,500,0.6946606818195592,3.5517076917147268
0,94,haar_random,seeqst_binomial,7,4,100,1000,1.3422491120692124,12.329091221029595
0,94,haar_random,seeqst_binomial,7,4,100,5000,0.40031283002518664,2.4921576564140286
0,94,haar_random,seeqst_binomial,7,4,100,10000,0.3229385324875646,1.3758557529750322
0,94,haar_random,seeqst_binomial,7,4,100,25000,0.21338280531845413,0.933942255454047
0,94,haar_random,seeqst_unifsize_l,7,4,100,10,5.340661943908505,35.06398158054695
0,94,haar_random,seeqst_unifsize_l,7,4,100,100,2.0365183577103547,7.007285160495367
0,94,haar_random,seeqst_unifsize_l,7,4,100,500,0.8425513062248811,3.492162065646461
0,94,haar_random,seeqst_unifsize_l,7,4,100,1000,0.5480959853974688,2.0395934141633503
0,94,haar_random,seeqst_unifsize_l,7,4,100,5000,0.21589092836430468,0.5139703390624681
0,94,haar_random,seeqst_unifsize_l,7,4,100,10000,0.15513934398246282,0.41501730358345273
0,94,haar_random,seeqst_unifsize_l,7,4,100,25000,0.09749263000622894,0.2721803328873717
0,95,haar_random,pauli,7,4,100,10,0.09707590114193282,0.2757078460570913
0,95,haar_random,pauli,7,4,100,100,5.786699604308238,21.97428550312802
0,95,haar_random,pauli,7,4,100,500,1.8712079460696431,4.621626015989348
0,95,haar_random,pauli,7,4,100,1000,1.3349385098389641,4.478285503128031
0,95,haar_random,pauli,7,4,100,5000,0.6525580838081967,1.9030757230773192
0,95,haar_random,pauli,7,4,100,10000,0.475525460007705,1.2089700787638131
0,95,haar_random,pauli,7,4,100,25000,0.2560957417032017,0.7725060159893501
0,95,haar_random,clifford,7,4,100,10,2.8785583840070994,12.961642864592823
0,95,haar_random,clifford,7,4,100,100,0.9449002964339442,2.575453508081363
0,95,haar_random,clifford,7,4,100,500,0.4721244723200678,1.138987031338839
0,95,haar_random,clifford,7,4,100,1000,0.3463850482208793,0.8665071675305163
0,95,haar_random,clifford,7,4,100,5000,0.1374612830837332,0.3196411058034493
0,95,haar_random,clifford,7,4,100,10000,0.11887344605871622,0.2350571354071494
0,95,haar_random,clifford,7,4,100,25000,0.07254102260356812,0.22001749968831388
0,95,haar_random,seeqst_uniform,7,4,100,10,3.624808366198076,25.625181044197635
0,95,haar_random,seeqst_uniform,7,4,100,100,1.7095432560970873,5.19997146365847
0,95,haar_random,seeqst_uniform,7,4,100,500,0.7673067184992471,1.8737497769150477
0,95,haar_random,seeqst_uniform,7,4,100,1000,0.5135565332957343,1.35997146365847
0,95,haar_random,seeqst_uniform,7,4,100,5000,0.2206975938837619,0.5466477582501328
0,95,haar_random,seeqst_uniform,7,4,100,10000,0.16262632866106488,0.4089561500198225
0,95,haar_random,seeqst_uniform,7,4,100,25000,0.09853229681881003,0.25413749968831445
0,95,haar_random,seeqst_binomial,7,4,100,10,0.9441667287960211,3.604706132284629
0,95,haar_random,seeqst_binomial,7,4,100,100,0.9010006175231822,2.556823706828575
0,95,haar_random,seeqst_binomial,7,4,100,500,3.507720008452788,24.503429363684038
0,95,haar_random,seeqst_binomial,7,4,100,1000,1.813112325060015,12.275137818494535
0,95,haar_random,seeqst_binomial,7,4,100,5000,0.6526294044342267,2.4925045823429306
0,95,haar_random,seeqst_binomial,7,4,100,10000,0.38025021789087377,1.4985370005760417
0,95,haar_random,seeqst_binomial,7,4,100,25000,0.23704175117119552,0.6629555002858087
0,95,haar_random,seeqst_unifsize_l,7,4,100,10,1.697292091724781,6.972839312509461
0,95,haar_random,seeqst_unifsize_l,7,4,100,100,1.1740083654734086,3.5855769530952766
0,95,haar_random,seeqst_unifsize_l,7,4,100,500,0.574549483955363,2.8139098601984887
0,95,haar_random,seeqst_unifsize_l,7,4,100,1000,0.45259639515622374,1.413909860198489
0,95,haar_random,seeqst_unifsize_l,7,4,100,5000,0.2269648019745529,0.6295417867165627
0,95,haar_random,seeqst_unifsize_l,7,4,100,10000,0.17411199319191448,0.5018462733050298
0,95,haar_random,seeqst_unifsize_l,7,4,100,25000,0.08920303372916145,0.2797018175446326
0,96,haar_random,pauli,7,4,100,10,0.10147695471281967,0.2757078460570913
0,96,haar_random,pauli,7,4,100,100,3.780236913012563,21.88898294228096
0,96,haar_random,pauli,7,4,100,500,2.0242835779870676,8.604531205273652
0,96,haar_random,pauli,7,4,100,1000,1.3219390713791201,4.336778010041041
0,96,haar_random,pauli,7,4,100,5000,0.7050758216242327,2.265963862323916
0,96,haar_random,pauli,7,4,100,10000,0.5187305063449543,1.493678010041042
0,96,haar_random,pauli,7,4,100,25000,0.3153349986383677,0.8375780100410428
0,96,haar_random,clifford,7,4,100,10,3.6410902994257874,12.979060981833761
0,96,haar_random,clifford,7,4,100,100,1.2203065342498787,3.852420505134733
0,96,haar_random,clifford,7,4,100,500,0.4621263901314632,1.1917331855274313
0,96,haar_random,clifford,7,4,100,1000,0.3362986754532867,0.8314261402800549
0,96,haar_random,clifford,7,4,100,5000,0.15106993128498244,0.3466678797392762
0,96,haar_random,clifford,7,4,100,10000,0.12562911096817425,0.27215369573815223
0,96,haar_random,clifford,7,4,100,25000,0.06963243984809135,0.16441757582998603
0,96,haar_random,seeqst_uniform,7,4,100,10,6.7767083715946255,25.759460881907195
0,96,haar_random,seeqst_uniform,7,4,100,100,1.7127829885849595,5.118355899617256
0,96,haar_random,seeqst_uniform,7,4,100,500,0.7559063783445853,1.983802924332455
0,96,haar_random,seeqst_uniform,7,4,100,1000,0.49599140029479594,1.4987945883103928
0,96,haar_random,seeqst_uniform,7,4,100,5000,0.2062810163998343,0.6283945883103926
0,96,haar_random,seeqst_uniform,7,4,100,10000,0.15066622631960583,0.40373911809280694
0,96,haar_random,seeqst_uniform,7,4,100,25000,0.08762101904086891,0.3017422523278639
0,96,haar_random,seeqst_binomial,7,4,100,10,17.487756481320528,174.65989607645588
0,96,haar_random,seeqst_binomial,7,4,100,100,3.1143213144834276,17.478653935758864
0,96,haar_random,seeqst_binomial,7,4,100,500,0.8181322734159704,3.5034635983994296
0,96,haar_random,seeqst_binomial,7,4,100,1000,0.6566613940640874,1.900374515247249
0,96,haar_random,seeqst_binomial,7,4,100,5000,0.3585247462929924,2.503084449317958
0,96,haar_random,seeqst_binomial,7,4,100,10000,0.3756573705596005,1.4985370005760417
0,96,haar_random,seeqst_binomial,7,4,100,25000,0.24113031511270686,1.102145191966272
0,96,haar_random,seeqst_unifsize_l,7,4,100,10,7.074640479016469,35.144912981482136
0,96,haar_random,seeqst_unifsize_l,7,4,100,100,1.7676025509293465,7.04323329254364
0,96,haar_random,seeqst_unifsize_l,7,4,100,500,0.6638407917701151,2.0627945883103926
0,96,haar_random,seeqst_unifsize_l,7,4,100,1000,0.4976563397001165,1.7127945883103928
0,96,haar_random,seeqst_unifsize_l,7,4,100,5000,0.21020897892720034,0.7327945883103927
0,96,haar_random,seeqst_unifsize_l,7,4,100,10000,0.16151737222297521,0.4533558996172555
0,96,haar_random,seeqst_unifsize_l,7,4,100,25000,0.08831605462219985,0.29188186835111174
0,97,haar_random,pauli,7,4,100,10,0.10881435888389318,0.24762601598935016
0,97,haar_random,pauli,7,4,100,100,4.380375251590207,21.977768118941942
0,97,haar_random,pauli,7,4,100,500,1.6716450588395058,4.621626015989348
0,97,haar_random,pauli,7,4,100,1000,1.427834533358724,4.418966246636867
0,97,haar_random,pauli,7,4,100,5000,0.6171643752918182,1.457112981482133
0,97,haar_random,pauli,7,4,100,10000,0.5240104820815895,1.2089700787638131
0,97,haar_random,pauli,7,4,100,25000,0.2868958234706732,0.7725060159893501
0,97,haar_random,clifford,7,4,100,10,2.2443188768907247,12.950397778361486
0,97,haar_random,clifford,7,4,100,100,1.0331799404235038,3.9976747644192225
0,97,haar_random,clifford,7,4,100,500,0.4496894574937696,1.1596747644192313
0,97,haar_random,clifford,7,4,100,1000,0.31293300202539404,0.8148571666740623
0,97,haar_random,clifford,7,4,100,5000,0.17339952422780314,0.55126194620959
0,97,haar_random,clifford,7,4,100,10000,0.1119900316114091,0.2444423965540263
0,97,haar_random,clifford,7,4,100,25000,0.06273786109271114,0.16441757582998603
0,97,haar_random,seeqst_uniform,7,4,100,10,4.430722244827917,25.705262838162916
0,97,haar_random,seeqst_uniform,7,4,100,100,1.4064404977755194,5.052247758250133
0,97,haar_random,seeqst_uniform,7,4,100,500,0.7407248108406764,1.9598571666740654
0,97,haar_random,seeqst_uniform,7,4,100,1000,0.49558181863334316,1.4987945883103928
0,97,haar_random,seeqst_uniform,7,4,100,5000,0.23485076185214818,0.6283945883103926
0,97,haar_random,seeqst_uniform,7,4,100,10000,0.14859421659555122,0.3762327450622732
0,97,haar_random,seeqst_uniform,7,4,100,25000,0.10004873668485771,0.3017422523278639
0,97,haar_random,seeqst_binomial,7,4,100,10,17.479587800320346,174.6496037417069
0,97,haar_random,seeqst_binomial,7,4,100,100,1.9326413405635166,17.428712446413275
0,97,haar_random,seeqst_binomial,7,4,100,500,0.6337030794315529,3.5423774260139282
0,97,haar_random,seeqst_binomial,7,4,100,1000,1.349969811394704,12.271347717064973
0,97,haar_random,seeqst_binomial,7,4,100,5000,0.9815417063903916,4.9343727899512695
0,97,haar_random,seeqst_binomial,7,4,100,10000,0.6547052498025929,3.711543635432319
0,97,haar_random,seeqst_binomial,7,4,100,25000,0.3694310830221221,1.5740083444773998
0,97,haar_random,seeqst_unifsize_l,7,4,100,10,5.234047220228521,35.144912981482136
0,97,haar_random,seeqst_unifsize_l,7,4,100,100,1.792825084117813,6.962087829295893
0,97,haar_random,seeqst_unifsize_l,7,4,100,500,0.8040470883949529,2.785015770300229
0,97,haar_random,seeqst_unifsize_l,7,4,100,1000,0.6304553028954517,1.9556879411167314
0,97,haar_random,seeqst_unifsize_l,7,4,100,5000,0.2362028849594801,0.7327945883103927
0,97,haar_random,seeqst_unifsize_l,7,4,100,10000,0.1639195306121721,0.41568794111673124
0,97,haar_random,seeqst_unifsize_l,7,4,100,25000,0.10332319008895584,0.3456879411167312
0,98,haar_random,pauli,7,4,100,10,21.86375579135451,218.63542154147532
0,98,haar_random,pauli,7,4,100,100,4.37231611526332,22.029271324493426
0,98,haar_random,pauli,7,4,100,500,1.97476178928049,8.69959043928272
0,98,haar_random,pauli,7,4,100,1000,1.4316644161605414,4.379449659126365
0,98,haar_random,pauli,7,4,100,5000,0.6563292858713715,1.7550496591263667
0,98,haar_random,pauli,7,4,100,10000,0.5160759876158499,1.317649659126367
0,98,haar_random,pauli,7,4,100,25000,0.279305112886538,0.7725060159893501
0,98,haar_random,clifford,7,4,100,10,3.4194750975750168,12.984214268230243
0,98,haar_random,clifford,7,4,100,100,0.9736911869489433,3.852420505134733
0,98,haar_random,clifford,7,4,100,500,0.45716976232210743,1.4995108017366405
0,98,haar_random,clifford,7,4,100,1000,0.33873986535184514,1.1125108017366416
0,98,haar_random,clifford,7,4,100,5000,0.1563818907227664,0.42254168864100417
0,98,haar_random,clifford,7,4,100,10000,0.1151747051451714,0.4096416886410045
0,98,haar_random,clifford,7,4,100,25000,0.07519418946913134,0.22130168864100533
0,98,haar_random,seeqst_uniform,7,4,100,10,2.5524758228353357,25.506541688641008
0,98,haar_random,seeqst_uniform,7,4,100,100,1.5786145419672113,5.283492503576475
0,98,haar_random,seeqst_uniform,7,4,100,500,0.8282250660412122,1.8300217846803772
0,98,haar_random,seeqst_uniform,7,4,100,1000,0.4943617667813312,1.2966060690964092
0,98,haar_random,seeqst_uniform,7,4,100,5000,0.1909305572269695,0.4426142682302757
0,98,haar_random,seeqst_uniform,7,4,100,10000,0.14187424344602448,0.4089561500198225
0,98,haar_random,seeqst_uniform,7,4,100,25000,0.08117477243269161,0.2041561500198225
0,98,haar_random,seeqst_binomial,7,4,100,10,0.7817894599595057,3.483727555188693
0,98,haar_random,seeqst_binomial,7,4,100,100,1.270477729730801,10.037765268039985
0,98,haar_random,seeqst_binomial,7,4,100,500,1.0068409371584235,3.657290087916333
0,98,haar_random,seeqst_binomial,7,4,100,1000,1.3516921390388028,12.27670110590678
0,98,haar_random,seeqst_binomial,7,4,100,5000,0.6288474530438221,2.5298725772681765
0,98,haar_random,seeqst_binomial,7,4,100,10000,0.6360876222702687,2.5298725772681765
0,98,haar_random,seeqst_binomial,7,4,100,25000,0.33618276969584,1.418905787159386
0,98,haar_random,seeqst_unifsize_l,7,4,100,10,3.6887555602000175,20.979365187769446
0,98,haar_random,seeqst_unifsize_l,7,4,100,100,1.1374704352868974,3.717978215319623
0,98,haar_random,seeqst_unifsize_l,7,4,100,500,0.652295348177193,2.8139098601984887
0,98,haar_random,seeqst_unifsize_l,7,4,100,1000,0.4638977727861222,1.413909860198489
0,98,haar_random,seeqst_unifsize_l,7,4,100,5000,0.19766679003069446,0.6285803899498448
0,98,haar_random,seeqst_unifsize_l,7,4,100,10000,0.1561953105518187,0.5585803899498448
0,98,haar_random,seeqst_unifsize_l,7,4,100,25000,0.09664932871209136,0.27142154147549724
0,99,haar_random,pauli,7,4,100,10,0.08933234051237256,0.22986126874023577
0,99,haar_random,pauli,7,4,100,100,3.0776663200047065,21.85501577030022
0,99,haar_random,pauli,7,4,100,500,1.5182008088655405,4.51936334577491
0,99,haar_random,pauli,7,4,100,1000,1.172922632984817,4.418966246636867
0,99,haar_random,pauli,7,4,100,5000,0.7037378291823023,2.265963862323916
0,99,haar_random,pauli,7,4,100,10000,0.5388633151210782,1.449982432026573
0,99,haar_random,pauli,7,4,100,25000,0.32382880306475526,0.7891797456256527
0,99,haar_random,clifford,7,4,100,10,4.824874472164293,12.980917567973389
0,99,haar_random,clifford,7,4,100,100,1.1460990619176823,3.9065329174250065
0,99,haar_random,clifford,7,4,100,500,0.4875843558583215,1.2239234574079485
0,99,haar_random,clifford,7,4,100,1000,0.3455947191042087,0.98005194436525
0,99,haar_random,clifford,7,4,100,5000,0.1666269561371629,0.55126194620959
0,99,haar_random,clifford,7,4,100,10000,0.11858484239915383,0.312090569830574
0,99,haar_random,clifford,7,4,100,25000,0.07340110414151514,0.21748759407510937
0,99,haar_random,seeqst_uniform,7,4,100,10,6.7719194694143425,25.677720582310364
0,99,haar_random,seeqst_uniform,7,4,100,100,1.733022595124401,5.043352987226898
0,99,haar_random,seeqst_uniform,7,4,100,500,0.8001056938958085,1.6392299212361867
0,99,haar_random,seeqst_uniform,7,4,100,1000,0.5147837208954028,1.2982241019300802
0,99,haar_random,seeqst_uniform,7,4,100,5000,0.21681800910422663,0.6631094301694251
0,99,haar_random,seeqst_uniform,7,4,100,10000,0.1538895222051966,0.4857054760888507
0,99,haar_random,seeqst_uniform,7,4,100,25000,0.0966644078833786,0.3017422523278639
0,99,haar_random,seeqst_binomial,7,4,100,10,0.4990155114635334,3.483727555188693
0,99,haar_random,seeqst_binomial,7,4,100,100,0.8255095766803038,4.792613281994368
0,99,haar_random,seeqst_binomial,7,4,100,500,3.5320803035418087,24.522659632971056
0,99,haar_random,seeqst_binomial,7,4,100,1000,2.4993158578731136,12.294368087781551
0,99,haar_random,seeqst_binomial,7,4,100,5000,1.0061405958161553,4.926487065419843
0,99,haar_random,seeqst_binomial,7,4,100,10000,0.7505897149019838,3.7036579109008922
0,99,haar_random,seeqst_binomial,7,4,100,25000,0.3585931522612917,1.5025654327667812
0,99,haar_random,seeqst_unifsize_l,7,4,100,10,4.1902984501089655,34.99750943016942
0,99,haar_random,seeqst_unifsize_l,7,4,100,100,1.3341394782352805,3.525385600041635
0,99,haar_random,seeqst_unifsize_l,7,4,100,500,0.6256030941341856,2.785015770300229
0,99,haar_random,seeqst_unifsize_l,7,4,100,1000,0.46333961658003475,1.7350157703002291
0,99,haar_random,seeqst_unifsize_l,7,4,100,5000,0.21433209243516851,0.6295417867165627
0,99,haar_random,seeqst_unifsize_l,7,4,100,10000,0.1764536460377697,0.4670898169832598
0,99,haar_random,seeqst_unifsize_l,7,4,100,25000,0.11931572401774555,0.2938619462095919
1,0,haar_random,pauli,7,4,100,10,21.884499200250033,218.84351515956337
1,0,haar_random,pauli,7,4,100,100,6.917702824946544,43.883515159563444
1,0,haar_random,pauli,7,4,100,500,2.479614659122353,8.891515159563463
1,0,haar_random,pauli,7,4,100,1000,1.401402338220846,4.517515159563465
1,0,haar_random,pauli,7,4,100,5000,0.6337925304749302,1.6834997567918384
1,0,haar_random,pauli,7,4,100,10000,0.5510125749444202,1.5428280636274794
1,0,haar_random,pauli,7,4,100,25000,0.286888432662887,0.7654866283183985
1,0,haar_random,clifford,7,4,100,10,2.5531039309412815,12.809798268898955
1,0,haar_random,clifford,7,4,100,100,1.1168035509242515,2.636550219899904
1,0,haar_random,clifford,7,4,100,500,0.5321174146447811,1.582100701390786
1,0,haar_random,clifford,7,4,100,1000,0.3456630099800422,0.812798268898995
1,0,haar_random,clifford,7,4,100,5000,0.14049772595017618,0.38362706653369655
1,0,haar_random,clifford,7,4,100,10000,0.10297893917232907,0.25026051024600526
1,0,haar_random,clifford,7,4,100,25000,0.06037091495938287,0.17802051024600585
1,0,haar_random,seeqst_uniform,7,4,100,10,5.726666043478172,25.71953403244139
1,0,haar_random,seeqst_uniform,7,4,100,100,1.4093706976614337,5.234130844484407
1,0,haar_random,seeqst_uniform,7,4,100,500,0.6961241270502982,1.676145266443314
1,0,haar_random,seeqst_uniform,7,4,100,1000,0.5234759905602433,1.1754669943720335
1,0,haar_random,seeqst_uniform,7,4,100,5000,0.2191643985699147,0.5233858668778429
1,0,haar_random,seeqst_uniform,7,4,100,10000,0.14318373817542732,0.46377293346630244
1,0,haar_random,seeqst_uniform,7,4,100,25000,0.10784951322797486,0.32041293346630245
1,0,haar_random,seeqst_binomial,7,4,100,10,0.8785593700116714,3.624840078194301
1,0,haar_random,seeqst_binomial,7,4,100,100,1.9351719962800074,17.367895514987747
1,0,haar_random,seeqst_binomial,7,4,100,500,4.302338849317915,24.549859110126217
1,0,haar_random,seeqst_binomial,7,4,100,1000,3.054818826041197,12.349463699108842
1,0,haar_random,seeqst_binomial,7,4,100,5000,0.9592715166472964,2.5668304629572383
1,0,haar_random,seeqst_binomial,7,4,100,10000,0.6823653230883663,3.5951603985407825
1,0,haar_random,seeqst_binomial,7,4,100,25000,0.3885317842964925,1.5350270132801977
1,0,haar_random,seeqst_unifsize_l,7,4,100,10,2.969042889143698,20.986363975905363
1,0,haar_random,seeqst_unifsize_l,7,4,100,100,1.3563081641095485,3.615544128147265
1,0,haar_random,seeqst_unifsize_l,7,4,100,500,0.6575081524990661,2.099736594975009
1,0,haar_random,seeqst_unifsize_l,7,4,100,1000,0.50090904773856,1.3436378556219537
1,0,haar_random,seeqst_unifsize_l,7,4,100,5000,0.22360549742892682,0.5912348374923166
1,0,haar_random,seeqst_unifsize_l,7,4,100,10000,0.14088209042286273,0.36437709178237565
1,0,haar_random,seeqst_unifsize_l,7,4,100,25000,0.10881760118605406,0.32424791838663636
1,1,haar_random,pauli,7,4,100,10,0.09034372385266586,0.2253839305941234
1,1,haar_random,pauli,7,4,100,100,6.548189552380234,43.68007631045175
1,1,haar_random,pauli,7,4,100,500,2.2536359683089113,8.688076310451777
1,1,haar_random,pauli,7,4,100,1000,1.4069906411010047,4.292598360031498
1,1,haar_random,pauli,7,4,100,5000,0.7071958906384515,2.2701740026720416
1,1,haar_random,pauli,7,4,100,10000,0.526151199836124,1.0907267465169737
1,1,haar_random,pauli,7,4,100,25000,0.2748609744773071,0.7543048066824587
1,1,haar_random,clifford,7,4,100,10,2.861052165524719,12.942041091441027
1,1,haar_random,clifford,7,4,100,100,1.2759271520730848,2.636550219899904
1,1,haar_random,clifford,7,4,100,500,0.6264358508981945,1.582100701390786
1,1,haar_random,clifford,7,4,100,1000,0.39266620165308563,0.8111743676582085
1,1,haar_random,clifford,7,4,100,5000,0.1718371805384794,0.4850102426228424
1,1,haar_random,clifford,7,4,100,10000,0.12050438444483785,0.3689102426228432
1,1,haar_random,clifford,7,4,100,25000,0.06592189026243242,0.16130674333646977
1,1,haar_random,seeqst_uniform,7,4,100,10,4.43863000501868,25.761921381798594
1,1,haar_random,seeqst_uniform,7,4,100,100,1.9132629020602105,5.234130844484407
1,1,haar_random,seeqst_uniform,7,4,100,500,0.749628849426869,2.500076310451785
1,1,haar_random,seeqst_uniform,7,4,100,1000,0.5649902427338275,1.9880763104517851
1,1,haar_random,seeqst_uniform,7,4,100,5000,0.2532628163812978,0.7298290301193566
1,1,haar_random,seeqst_uniform,7,4,100,10000,0.16515001883114522,0.5250290301193565
1,1,haar_random,seeqst_uniform,7,4,100,25000,0.10784143547415188,0.3281352153063649
1,1,haar_random,seeqst_binomial,7,4,100,10,0.951166433338173,3.624840078194301
1,1,haar_random,seeqst_binomial,7,4,100,100,1.867807681928103,17.36136407302681
1,1,haar_random,seeqst_binomial,7,4,100,500,2.559257374838349,24.549859110126217
1,1,haar_random,seeqst_binomial,7,4,100,1000,2.2194454782272,12.349463699108842
1,1,haar_random,seeqst_binomial,7,4,100,5000,1.0235938072762754,2.6382024723539725
1,1,haar_random,seeqst_binomial,7,4,100,10000,0.636631339725192,2.5875219073323397
1,1,haar_random,seeqst_binomial,7,4,100,25000,0.37060414159353716,1.9184523849432975
1,1,haar_random,seeqst_unifsize_l,7,4,100,10,2.2331500064667096,21.215926746516974
1,1,haar_random,seeqst_unifsize_l,7,4,100,100,1.4342025059266306,6.957477749460517
1,1,haar_random,seeqst_unifsize_l,7,4,100,500,0.6865828704126259,2.658136401705561
1,1,haar_random,seeqst_unifsize_l,7,4,100,1000,0.45295897930604856,1.8024274527265411
1,1,haar_random,seeqst_unifsize_l,7,4,100,5000,0.21751380850396018,0.7639840668356215
1,1,haar_random,seeqst_unifsize_l,7,4,100,10000,0.1475649343135373,0.6239840668356216
1,1,haar_random,seeqst_unifsize_l,7,4,100,25000,0.10060291315259244,0.3184274527265412
1,2,haar_random,pauli,7,4,100,10,0.07550271130114118,0.18017184947609108
1,2,haar_random,pauli,7,4,100,100,5.772927900195749,21.889908144418268
1,2,haar_random,pauli,7,4,100,500,2.342944038759408,4.520072459697285
1,2,haar_random,pauli,7,4,100,1000,1.3224977770584396,2.3330724596972874
1,2,haar_random,pauli,7,4,100,5000,0.6064758356942765,1.7998952560245733
1,2,haar_random,pauli,7,4,100,10000,0.47939013142460624,1.0876950684355806
1,2,haar_random,pauli,7,4,100,25000,0.268675949618465,0.7815150684355808
1,2,haar_random,clifford,7,4,100,10,2.8697482317596905,12.903298202030461
1,2,haar_random,clifford,7,4,100,100,1.1687156290315326,2.6916302397022913
1,2,haar_random,clifford,7,4,100,500,0.5867786604731567,1.582100701390786
1,2,haar_random,clifford,7,4,100,1000,0.3803804033248415,0.8828235015610325
1,2,haar_random,clifford,7,4,100,5000,0.14283313543760823,0.317144789960213
1,2,haar_random,clifford,7,4,100,10000,0.11380348487940793,0.2784278905688331
1,2,haar_random,clifford,7,4,100,25000,0.0737522341227037,0.17522789056883387
1,2,haar_random,seeqst_uniform,7,4,100,10,2.553743349652253,25.526375852498603
1,2,haar_random,seeqst_uniform,7,4,100,100,1.4764042655844878,2.6221353392870603
1,2,haar_random,seeqst_uniform,7,4,100,500,0.6469762145646445,1.931981443376529
1,2,haar_random,seeqst_uniform,7,4,100,1000,0.48351847307552565,1.0903794670179507
1,2,haar_random,seeqst_uniform,7,4,100,5000,0.2300403633816401,0.5814974866499902
1,2,haar_random,seeqst_uniform,7,4,100,10000,0.13543998501926743,0.3359758524986029
1,2,haar_random,seeqst_uniform,7,4,100,25000,0.09022655876555741,0.23226486531559457
1,2,haar_random,seeqst_binomial,7,4,100,10,2.563872353129165,24.866463267352728
1,2,haar_random,seeqst_binomial,7,4,100,100,4.001833205146576,17.61283850630513
1,2,haar_random,seeqst_binomial,7,4,100,500,1.2399824421632937,3.6376481689456974
1,2,haar_random,seeqst_binomial,7,4,100,1000,3.095697052551151,12.374364004886793
1,2,haar_random,seeqst_binomial,7,4,100,5000,0.8595707213506674,2.5917307687351903
1,2,haar_random,seeqst_binomial,7,4,100,10000,0.6906573307784067,2.4753698031786087
1,2,haar_random,seeqst_binomial,7,4,100,25000,0.31680079928232213,1.0079748177558678
1,2,haar_random,seeqst_unifsize_l,7,4,100,10,3.898544479849149,21.132613772534086
1,2,haar_random,seeqst_unifsize_l,7,4,100,100,1.234968653175655,3.643850584605839
1,2,haar_random,seeqst_unifsize_l,7,4,100,500,0.5884630443810543,2.096701797969497
1,2,haar_random,seeqst_unifsize_l,7,4,100,1000,0.4567490248026292,1.7092161107495218
1,2,haar_random,seeqst_unifsize_l,7,4,100,5000,0.22094988867320184,0.7292161107495218
1,2,haar_random,seeqst_unifsize_l,7,4,100,10000,0.14609651895347847,0.4616302397022988
1,2,haar_random,seeqst_unifsize_l,7,4,100,25000,0.09269116332459354,0.24931062109412344
1,3,haar_random,pauli,7,4,100,10,0.08213196208074341,0.214509596090897
1,3,haar_random,pauli,7,4,100,100,3.7758913464215302,21.813449780100083
1,3,haar_random,pauli,7,4,100,500,2.656784153795464,8.887182407192496
1,3,haar_random,pauli,7,4,100,1000,1.6870571108957715,6.59716104282431
1,3,haar_random,pauli,7,4,100,5000,0.6953584926668087,2.2225474644795145
1,3,haar_random,pauli,7,4,100,10000,0.5650886787223744,1.637604804294803
1,3,haar_random,pauli,7,4,100,25000,0.2916967661655181,0.691602020505513
1,3,haar_random,clifford,7,4,100,10,2.5530698876164815,12.849036234292367
1,3,haar_random,clifford,7,4,100,100,1.3003133030948122,3.9205305372425614
1,3,haar_random,clifford,7,4,100,500,0.5244275973373304,1.582100701390786
1,3,haar_random,clifford,7,4,100,1000,0.3707285304062077,0.9252951957051934
1,3,haar_random,clifford,7,4,100,5000,0.15286154054233914,0.3352055754358834
1,3,haar_random,clifford,7,4,100,10000,0.11519401593662702,0.400014235667867
1,3,haar_random,clifford,7,4,100,25000,0.07200212901312338,0.24521423566786726
1,3,haar_random,seeqst_uniform,7,4,100,10,2.5726973056271865,25.714112826535455
1,3,haar_random,seeqst_uniform,7,4,100,100,1.3509544172161085,2.6741128265354552
1,3,haar_random,seeqst_uniform,7,4,100,500,0.7231552657629615,2.1096177528370865
1,3,haar_random,seeqst_uniform,7,4,100,1000,0.49238265421800115,1.3416177528370865
1,3,haar_random,seeqst_uniform,7,4,100,5000,0.20175879437377578,0.47121775283708656
1,3,haar_random,seeqst_uniform,7,4,100,10000,0.13197517310723245,0.42876543483493207
1,3,haar_random,seeqst_uniform,7,4,100,25000,0.08965461503502069,0.2449235999134581
1,3,haar_random,seeqst_binomial,7,4,100,10,3.5636197831560303,25.06142944839633
1,3,haar_random,seeqst_binomial,7,4,100,100,12.85620615163857,122.33070760497337
1,3,haar_random,seeqst_binomial,7,4,100,500,3.6215188991520906,24.504375243457346
1,3,haar_random,seeqst_binomial,7,4,100,1000,2.527345037169228,12.276083698267842
1,3,haar_random,seeqst_binomial,7,4,100,5000,1.3417032672295073,9.790251191238342
1,3,haar_random,seeqst_binomial,7,4,100,10000,0.9417890408240058,4.89893457316254
1,3,haar_random,seeqst_binomial,7,4,100,25000,0.48756201693427503,1.9791156523043143
1,3,haar_random,seeqst_unifsize_l,7,4,100,10,5.41245911459786,34.97237630511221
1,3,haar_random,seeqst_unifsize_l,7,4,100,100,1.4581780806886626,3.611630239702299
1,3,haar_random,seeqst_unifsize_l,7,4,100,500,0.7067636476577817,2.092073564306676
1,3,haar_random,seeqst_unifsize_l,7,4,100,1000,0.5107677647008145,2.0508051018415543
1,3,haar_random,seeqst_unifsize_l,7,4,100,5000,0.24259400198038425,0.6920684158237148
1,3,haar_random,seeqst_unifsize_l,7,4,100,10000,0.15675130022439693,0.4820684158237149
1,3,haar_random,seeqst_unifsize_l,7,4,100,25000,0.10783054241321079,0.32424791838663636
1,4,haar_random,pauli,7,4,100,10,0.07888141110213635,0.19990302825070647
1,4,haar_random,pauli,7,4,100,100,6.177637580626495,21.982509611182216
1,4,haar_random,pauli,7,4,100,500,2.3593930475686946,8.786765162507676
1,4,haar_random,pauli,7,4,100,1000,1.4867557378178733,4.451931584176282
1,4,haar_random,pauli,7,4,100,5000,0.6838081542403762,1.4049948892672781
1,4,haar_random,pauli,7,4,100,10000,0.5171674715507552,1.2028866283183983
1,4,haar_random,pauli,7,4,100,25000,0.2669556184795128,0.7926348892672787
1,4,haar_random,clifford,7,4,100,10,2.2244073538850544,12.920893100231119
1,4,haar_random,clifford,7,4,100,100,1.1688982232855945,2.636550219899904
1,4,haar_random,clifford,7,4,100,500,0.5028241044909123,1.582100701390786
1,4,haar_random,clifford,7,4,100,1000,0.361403626672049,0.8048921888553754
1,4,haar_random,clifford,7,4,100,5000,0.14323738165068475,0.317144789960213
1,4,haar_random,clifford,7,4,100,10000,0.09992735986692595,0.3031262213040662
1,4,haar_random,clifford,7,4,100,25000,0.06330658764642606,0.16219801827541558
1,4,haar_random,seeqst_uniform,7,4,100,10,4.4336485957767735,25.69327601974721
1,4,haar_random,seeqst_uniform,7,4,100,100,1.3667748062574967,2.6600634059038692
1,4,haar_random,seeqst_uniform,7,4,100,500,0.7420036060982744,2.001823062872351
1,4,haar_random,seeqst_uniform,7,4,100,1000,0.5260174911814645,1.1872051107327213
1,4,haar_random,seeqst_uniform,7,4,100,5000,0.21619795017463686,0.5323078111446226
1,4,haar_random,seeqst_uniform,7,4,100,10000,0.137030478310165,0.32622820854353385
1,4,haar_random,seeqst_uniform,7,4,100,25000,0.09474745493103408,0.20040312084425788
1,4,haar_random,seeqst_binomial,7,4,100,10,0.7140791741850953,3.6078967300783753
1,4,haar_random,seeqst_binomial,7,4,100,100,3.1620333129636586,17.50195504490633
1,4,haar_random,seeqst_binomial,7,4,100,500,2.596775441360463,24.549859110126217
1,4,haar_random,seeqst_binomial,7,4,100,1000,2.5247468469946637,12.340801156371736
1,4,haar_random,seeqst_binomial,7,4,100,5000,1.140328695172316,4.744051193792159
1,4,haar_random,seeqst_binomial,7,4,100,10000,0.8570806380532684,4.744051193792158
1,4,haar_random,seeqst_binomial,7,4,100,25000,0.4361577536161165,1.9357641708324633
1,4,haar_random,seeqst_unifsize_l,7,4,100,10,4.192167562739918,34.93936895482841
1,4,haar_random,seeqst_unifsize_l,7,4,100,100,1.2612366410463016,6.939368954828412
1,4,haar_random,seeqst_unifsize_l,7,4,100,500,0.6248650380541727,2.0612348374923166
1,4,haar_random,seeqst_unifsize_l,7,4,100,1000,0.41608448110510093,1.1104067159749111
1,4,haar_random,seeqst_unifsize_l,7,4,100,5000,0.23996206486437596,0.6920684158237148
1,4,haar_random,seeqst_unifsize_l,7,4,100,10000,0.15804819339872653,0.4820684158237149
1,4,haar_random,seeqst_unifsize_l,7,4,100,25000,0.08663048972661719,0.25458905078714245
1,5,haar_random,pauli,7,4,100,10,0.09086233576238333,0.2253839305941234
1,5,haar_random,pauli,7,4,100,100,4.375282424104175,21.939720687795646
1,5,haar_random,pauli,7,4,100,500,1.7589546004272147,4.5376973802815
1,5,haar_random,pauli,7,4,100,1000,1.2433258562732667,4.40842140295704
1,5,haar_random,pauli,7,4,100,5000,0.659359862668663,2.2701740026720416
1,5,haar_random,pauli,7,4,100,10000,0.5105749595859377,1.4940190305889858
1,5,haar_random,pauli,7,4,100,25000,0.2804665044508635,0.724333843836665
1,5,haar_random,clifford,7,4,100,10,2.559469253631625,12.901775514124347
1,5,haar_random,clifford,7,4,100,100,1.1938459126703065,3.9205305372425614
1,5,haar_random,clifford,7,4,100,500,0.599249770719694,1.582100701390786
1,5,haar_random,clifford,7,4,100,1000,0.39946216689622005,1.0046831361514044
1,5,haar_random,clifford,7,4,100,5000,0.15495510204310156,0.33323288721026095
1,5,haar_random,clifford,7,4,100,10000,0.12376176124176314,0.3372190305889848
1,5,haar_random,clifford,7,4,100,25000,0.06586387250969745,0.17522789056883387
1,5,haar_random,seeqst_uniform,7,4,100,10,4.424970797311665,25.662986156163335
1,5,haar_random,seeqst_uniform,7,4,100,100,1.3889499041108448,5.234130844484407
1,5,haar_random,seeqst_uniform,7,4,100,500,0.6365303950431147,2.232319823510852
1,5,haar_random,seeqst_uniform,7,4,100,1000,0.5189245553964434,1.208319823510852
1,5,haar_random,seeqst_uniform,7,4,100,5000,0.22865531533061978,0.7298290301193566
1,5,haar_random,seeqst_uniform,7,4,100,10000,0.14510954736838752,0.5250290301193565
1,5,haar_random,seeqst_uniform,7,4,100,25000,0.09049634870330518,0.21796623635373996
1,5,haar_random,seeqst_binomial,7,4,100,10,2.6144005809540425,24.866463267352728
1,5,haar_random,seeqst_binomial,7,4,100,100,3.1888376309627287,17.446472250644707
1,5,haar_random,seeqst_binomial,7,4,100,500,3.6940839690915914,24.641534663645107
1,5,haar_random,seeqst_binomial,7,4,100,1000,3.088800876428884,12.413243118455602
1,5,haar_random,seeqst_binomial,7,4,100,5000,1.071767925362982,4.952817670239437
1,5,haar_random,seeqst_binomial,7,4,100,10000,0.5446983530487699,2.400753501822911
1,5,haar_random,seeqst_binomial,7,4,100,25000,0.28747432045476284,1.2824434121566433
1,5,haar_random,seeqst_unifsize_l,7,4,100,10,5.825291817202983,35.06304952778765
1,5,haar_random,seeqst_unifsize_l,7,4,100,100,1.4465657983927809,6.815680176489148
1,5,haar_random,seeqst_unifsize_l,7,4,100,500,0.6914131498828094,2.078203549631558
1,5,haar_random,seeqst_unifsize_l,7,4,100,1000,0.47770143588487746,1.3983039309450278
1,5,haar_random,seeqst_unifsize_l,7,4,100,5000,0.22750757196928964,0.621469462757427
1,5,haar_random,seeqst_unifsize_l,7,4,100,10000,0.15426253629830208,0.43662623877751694
1,5,haar_random,seeqst_unifsize_l,7,4,100,25000,0.09984045943240256,0.32424791838663636
1,6,haar_random,pauli,7,4,100,10,30.9357077266031,218.84351515956337
1,6,haar_random,pauli,7,4,100,100,6.55898577060595,43.883515159563444
1,6,haar_random,pauli,7,4,100,500,2.3067942400482653,8.891515159563463
1,6,haar_random,pauli,7,4,100,1000,1.5289909750270179,4.517515159563465
1,6,haar_random,pauli,7,4,100,5000,0.5705235524970479,1.6257152613135668
1,6,haar_random,pauli,7,4,100,10000,0.4794072540749019,1.2960234408534732
1,6,haar_random,pauli,7,4,100,25000,0.2993331919243943,0.7815150684355808
1,6,haar_random,clifford,7,4,100,10,3.1294046215475797,12.929872965243822
1,6,haar_random,clifford,7,4,100,100,1.2281341959360517,3.7504645558115763
1,6,haar_random,clifford,7,4,100,500,0.5521594572764998,2.047451574390701
1,6,haar_random,clifford,7,4,100,1000,0.3795101437011001,1.0154515743907035
1,6,haar_random,clifford,7,4,100,5000,0.1580362502866565,0.4732141239080779
1,6,haar_random,clifford,7,4,100,10000,0.10838309579394538,0.2618099090065974
1,6,haar_random,clifford,7,4,100,25000,0.05840898684218476,0.17528886827412538
1,6,haar_random,seeqst_uniform,7,4,100,10,4.431992154883667,25.676696098619875
1,6,haar_random,seeqst_uniform,7,4,100,100,1.4802598925926138,2.636696098619872
1,6,haar_random,seeqst_uniform,7,4,100,500,0.7517193284992382,2.4166775023679317
1,6,haar_random,seeqst_uniform,7,4,100,1000,0.548131188232965,1.5294382001739328
1,6,haar_random,seeqst_uniform,7,4,100,5000,0.23477081313339465,0.5801894418968004
1,6,haar_random,seeqst_uniform,7,4,100,10000,0.1468544385391494,0.341409870304053
1,6,haar_random,seeqst_uniform,7,4,100,25000,0.09650833578385869,0.22159711764956805
1,6,haar_random,seeqst_binomial,7,4,100,10,0.8835847302946771,3.624840078194301
1,6,haar_random,seeqst_binomial,7,4,100,100,3.6255885318645347,17.521820826215233
1,6,haar_random,seeqst_binomial,7,4,100,500,1.0282099357199381,3.6266074933464565
1,6,haar_random,seeqst_binomial,7,4,100,1000,1.999527858845192,12.346076440686742
1,6,haar_random,seeqst_binomial,7,4,100,5000,1.0232949252504255,4.930800780310877
1,6,haar_random,seeqst_binomial,7,4,100,10000,0.7650276018832325,3.707971625791926
1,6,haar_random,seeqst_binomial,7,4,100,25000,0.4480655805416966,1.9960108094653952
1,6,haar_random,seeqst_unifsize_l,7,4,100,10,5.157151995216768,35.13907270797246
1,6,haar_random,seeqst_unifsize_l,7,4,100,100,1.8939292170590794,7.139072707972461
1,6,haar_random,seeqst_unifsize_l,7,4,100,500,0.6849737620172383,2.1394841622350746
1,6,haar_random,seeqst_unifsize_l,7,4,100,1000,0.3955961351522787,1.0733893868568327
1,6,haar_random,seeqst_unifsize_l,7,4,100,5000,0.21240404146730926,0.6946947213045316
1,6,haar_random,seeqst_unifsize_l,7,4,100,10000,0.1448136162756396,0.48108886827412545
1,6,haar_random,seeqst_unifsize_l,7,4,100,25000,0.09055856600224445,0.27108886827412537
1,7,haar_random,pauli,7,4,100,10,0.07640510747919595,0.1876103260173387
1,7,haar_random,pauli,7,4,100,100,4.360675112404295,21.815292397593833
1,7,haar_random,pauli,7,4,100,500,2.534553759138857,8.693292397593837
1,7,haar_random,pauli,7,4,100,1000,1.4974726224171089,4.319292397593839
1,7,haar_random,pauli,7,4,100,5000,0.6161448185218715,2.272979258362139
1,7,haar_random,pauli,7,4,100,10000,0.4534979082765545,1.1745835999134577
1,7,haar_random,pauli,7,4,100,25000,0.2648764558785074,0.6349750156288418
1,7,haar_random,clifford,7,4,100,10,3.1517366105317355,12.963812311547981
1,7,haar_random,clifford,7,4,100,100,1.27041103881346,2.6916302397022913
1,7,haar_random,clifford,7,4,100,500,0.5765053737812147,1.582100701390786
1,7,haar_random,clifford,7,4,100,1000,0.3825727605420616,0.7208299583787052
1,7,haar_random,clifford,7,4,100,5000,0.14495896163765207,0.43002074163785886
1,7,haar_random,clifford,7,4,100,10000,0.11643359422497206,0.2881207416378592
1,7,haar_random,clifford,7,4,100,25000,0.06905738067276339,0.18750074163785985
1,7,haar_random,seeqst_uniform,7,4,100,10,0.07640510747919572,0.1876103260173296
1,7,haar_random,seeqst_uniform,7,4,100,100,1.2973479184081134,2.711082302272074
1,7,haar_random,seeqst_uniform,7,4,100,500,0.7399029742275569,2.1220797636999817
1,7,haar_random,seeqst_uniform,7,4,100,1000,0.5010570972445865,1.2421508578248657
1,7,haar_random,seeqst_uniform,7,4,100,5000,0.2118602320366635,0.5801894418968004
1,7,haar_random,seeqst_uniform,7,4,100,10000,0.12371826229088619,0.4068797636999817
1,7,haar_random,seeqst_uniform,7,4,100,25000,0.10586269913973445,0.2449235999134581
1,7,haar_random,seeqst_binomial,7,4,100,10,2.639173968345744,24.866463267352728
1,7,haar_random,seeqst_binomial,7,4,100,100,13.085135274121034,122.159072608237
1,7,haar_random,seeqst_binomial,7,4,100,500,2.807216967395981,24.33274024672097
1,7,haar_random,seeqst_binomial,7,4,100,1000,2.0309189317513168,12.331260798970227
1,7,haar_random,seeqst_binomial,7,4,100,5000,0.7282789883527768,2.5486275628186235
1,7,haar_random,seeqst_binomial,7,4,100,10000,0.679693106731478,2.5486275628186235
1,7,haar_random,seeqst_binomial,7,4,100,25000,0.38570576415132574,1.8802857106993973
1,7,haar_random,seeqst_unifsize_l,7,4,100,10,6.157630253336377,35.15545903869267
1,7,haar_random,seeqst_unifsize_l,7,4,100,100,1.347860388103069,3.6554590386926717
1,7,haar_random,seeqst_unifsize_l,7,4,100,500,0.7653209676944815,3.376157156341959
1,7,haar_random,seeqst_unifsize_l,7,4,100,1000,0.47805883155701373,1.6261571563419592
1,7,haar_random,seeqst_unifsize_l,7,4,100,5000,0.21531922939197154,0.6461571563419592
1,7,haar_random,seeqst_unifsize_l,7,4,100,10000,0.14082563766748632,0.4616302397022988
1,7,haar_random,seeqst_unifsize_l,7,4,100,25000,0.08286444789163913,0.2550669309285865
1,8,haar_random,pauli,7,4,100,10,0.09086320062750496,0.2253839305941234
1,8,haar_random,pauli,7,4,100,100,4.878040569473431,21.813449780100083
1,8,haar_random,pauli,7,4,100,500,2.174333553481064,4.520072459697285
1,8,haar_random,pauli,7,4,100,1000,1.4759296396962065,2.3728955339785465
1,8,haar_random,pauli,7,4,100,5000,0.6357517497847472,2.272979258362139
1,8,haar_random,pauli,7,4,100,10000,0.49713065629241926,1.637604804294803
1,8,haar_random,pauli,7,4,100,25000,0.26668143256363763,0.691602020505513
1,8,haar_random,clifford,7,4,100,10,3.6112729774886314,12.865364043383337
1,8,haar_random,clifford,7,4,100,100,1.2920456131007927,2.6855463139896147
1,8,haar_random,clifford,7,4,100,500,0.5966828954615948,1.582100701390786
1,8,haar_random,clifford,7,4,100,1000,0.3745644604802174,0.9252951957051934
1,8,haar_random,clifford,7,4,100,5000,0.1611743681457636,0.43002074163785886
1,8,haar_random,clifford,7,4,100,10000,0.12375966315078266,0.2881207416378592
1,8,haar_random,clifford,7,4,100,25000,0.07545587908708053,0.22596319498925435
1,8,haar_random,seeqst_uniform,7,4,100,10,4.438369318652652,25.718408538044162
1,8,haar_random,seeqst_uniform,7,4,100,100,1.348264955624378,2.711082302272074
1,8,haar_random,seeqst_uniform,7,4,100,500,0.7425799729387191,2.001823062872351
1,8,haar_random,seeqst_uniform,7,4,100,1000,0.4895134080282489,1.094104466021453
1,8,haar_random,seeqst_uniform,7,4,100,5000,0.2161027103920434,0.5523951705942274
1,8,haar_random,seeqst_uniform,7,4,100,10000,0.14291801893798087,0.42876543483493207
1,8,haar_random,seeqst_uniform,7,4,100,25000,0.09534814343314722,0.1908000243537138
1,8,haar_random,seeqst_binomial,7,4,100,10,2.58601371452945,24.867769666997567
1,8,haar_random,seeqst_binomial,7,4,100,100,2.5570304889545508,17.446472250644707
1,8,haar_random,seeqst_binomial,7,4,100,500,2.75899134471878,24.470091864090577
1,8,haar_random,seeqst_binomial,7,4,100,1000,2.320686141790042,12.374364004886793
1,8,haar_random,seeqst_binomial,7,4,100,5000,0.6029203215754202,2.5917307687351903
1,8,haar_random,seeqst_binomial,7,4,100,10000,0.6077520308428668,2.476445919967663
1,8,haar_random,seeqst_binomial,7,4,100,25000,0.30254227401422035,1.0358978887802284
1,8,haar_random,seeqst_unifsize_l,7,4,100,10,6.931356443002387,35.06304952778765
1,8,haar_random,seeqst_unifsize_l,7,4,100,100,1.5978814965791168,7.072345686840555
1,8,haar_random,seeqst_unifsize_l,7,4,100,500,0.7559289486254225,2.109110071492363
1,8,haar_random,seeqst_unifsize_l,7,4,100,1000,0.5450318820155762,1.4091100714923626
1,8,haar_random,seeqst_unifsize_l,7,4,100,5000,0.21681069712735385,0.7039710583843011
1,8,haar_random,seeqst_unifsize_l,7,4,100,10000,0.14233288175847217,0.3889710583843011
1,8,haar_random,seeqst_unifsize_l,7,4,100,25000,0.09305757614302095,0.35331680501074514
1,9,haar_random,pauli,7,4,100,10,0.09736500378591068,0.23936762040417242
1,9,haar_random,pauli,7,4,100,100,3.7880167149094057,21.983147121869916
1,9,haar_random,pauli,7,4,100,500,2.0447137594752887,4.5085682835024725
1,9,haar_random,pauli,7,4,100,1000,1.3890163234196626,2.3728955339785465
1,9,haar_random,pauli,7,4,100,5000,0.6994410365202238,2.2701740026720416
1,9,haar_random,pauli,7,4,100,10000,0.5125398503960314,1.3097827190120428
1,9,haar_random,pauli,7,4,100,25000,0.2612325297337266,0.7654866283183985
1,9,haar_random,clifford,7,4,100,10,3.1294529341473836,12.929872965243822
1,9,haar_random,clifford,7,4,100,100,1.1784565763927375,2.636550219899904
1,9,haar_random,clifford,7,4,100,500,0.5532164975514692,1.582100701390786
1,9,haar_random,clifford,7,4,100,1000,0.3806755595413947,0.7584628846588836
1,9,haar_random,clifford,7,4,100,5000,0.15292928010926388,0.3587827190120427
1,9,haar_random,clifford,7,4,100,10000,0.11722917688739208,0.3556133680643536
1,9,haar_random,clifford,7,4,100,25000,0.0727378971427928,0.21887336806435412
1,9,haar_random,seeqst_uniform,7,4,100,10,4.431992162911746,25.69137702956841
1,9,haar_random,seeqst_uniform,7,4,100,100,1.4420953034625101,5.036825997327957
1,9,haar_random,seeqst_uniform,7,4,100,500,0.8143496111656174,2.232319823510852
1,9,haar_random,seeqst_uniform,7,4,100,1000,0.5876793621958442,1.3416177528370865
1,9,haar_random,seeqst_uniform,7,4,100,5000,0.2261584199989398,0.5801894418968004
1,9,haar_random,seeqst_uniform,7,4,100,10000,0.14887475368134018,0.3543250633130016
1,9,haar_random,seeqst_uniform,7,4,100,25000,0.09866382029521867,0.2710102327023136
1,9,haar_random,seeqst_binomial,7,4,100,10,2.680797680907775,25.06142944839633
1,9,haar_random,seeqst_binomial,7,4,100,100,12.395414348094475,122.39606257376497
1,9,haar_random,seeqst_binomial,7,4,100,500,4.278414296372514,24.56973021224894
1,9,haar_random,seeqst_binomial,7,4,100,1000,3.5170984588121774,12.34873441331178
1,9,haar_random,seeqst_binomial,7,4,100,5000,1.1620423895880394,4.893052753330804
1,9,haar_random,seeqst_binomial,7,4,100,10000,0.8144730182316341,3.6099157423686234
1,9,haar_random,seeqst_binomial,7,4,100,25000,0.504397981561695,1.8979549260420927
1,9,haar_random,seeqst_unifsize_l,7,4,100,10,8.254138141483175,35.239367620404174
1,9,haar_random,seeqst_unifsize_l,7,4,100,100,2.0373494670280348,7.239367620404172
1,9,haar_random,seeqst_unifsize_l,7,4,100,500,0.7739249828559921,3.501736135255002
1,9,haar_random,seeqst_unifsize_l,7,4,100,1000,0.5422976217395591,2.4517361352550022
1,9,haar_random,seeqst_unifsize_l,7,4,100,5000,0.19191210733422276,0.5815250633130017
1,9,haar_random,seeqst_unifsize_l,7,4,100,10000,0.1512860220452487,0.49603710875128704
1,9,haar_random,seeqst_unifsize_l,7,4,100,25000,0.1035865008107974,0.2860371087512871
1,10,haar_random,pauli,7,4,100,10,0.08588309117630702,0.19836243205501947
1,10,haar_random,pauli,7,4,100,100,3.7914933507369923,21.973378562458983
1,10,haar_random,pauli,7,4,100,500,2.1445442360597173,8.81818764810008
1,10,haar_random,pauli,7,4,100,1000,1.4678216002589404,4.444187648100083
1,10,haar_random,pauli,7,4,100,5000,0.6616930879732932,1.8401539782422118
1,10,haar_random,pauli,7,4,100,10000,0.4820179759498966,1.637604804294803
1,10,haar_random,pauli,7,4,100,25000,0.25271135152376667,0.6349750156288418
1,10,haar_random,clifford,7,4,100,10,2.558523860261099,12.903298202030461
1,10,haar_random,clifford,7,4,100,100,1.1931087600683556,2.727204711633441
1,10,haar_random,clifford,7,4,100,500,0.5482737902107467,1.582100701390786
1,10,haar_random,clifford,7,4,100,1000,0.43241892974866686,0.9286214375410042
1,10,haar_random,clifford,7,4,100,5000,0.1660533201788971,0.4850102426228424
1,10,haar_random,clifford,7,4,100,10000,0.1153658545220597,0.3689102426228432
1,10,haar_random,clifford,7,4,100,25000,0.06426219659040465,0.20399783374112074
1,10,haar_random,seeqst_uniform,7,4,100,10,3.62331838112182,25.69327601974721
1,10,haar_random,seeqst_uniform,7,4,100,100,1.3922903958541035,5.09382710198529
1,10,haar_random,seeqst_uniform,7,4,100,500,0.6954613500569815,1.981794655302103
1,10,haar_random,seeqst_uniform,7,4,100,1000,0.5446619207144494,1.4856405329107703
1,10,haar_random,seeqst_uniform,7,4,100,5000,0.2328171906077612,0.5323078111446226
1,10,haar_random,seeqst_uniform,7,4,100,10000,0.14766546214421214,0.3848405329107702
1,10,haar_random,seeqst_uniform,7,4,100,25000,0.10019994244273353,0.27947081186735573
1,10,haar_random,seeqst_binomial,7,4,100,10,3.626397629878714,24.867769666997567
1,10,haar_random,seeqst_binomial,7,4,100,100,0.8687069180147127,2.628183475633986
1,10,haar_random,seeqst_binomial,7,4,100,500,3.6038219444923714,24.549859110126217
1,10,haar_random,seeqst_binomial,7,4,100,1000,3.123811969015739,12.34392235705686
1,10,haar_random,seeqst_binomial,7,4,100,5000,0.8859507668398343,2.561289120905257
1,10,haar_random,seeqst_binomial,7,4,100,10000,0.644570938835986,2.5264571234010447
1,10,haar_random,seeqst_binomial,7,4,100,25000,0.4082936340620362,1.4851802599904145
1,10,haar_random,seeqst_unifsize_l,7,4,100,10,5.468960430103065,34.99794898462503
1,10,haar_random,seeqst_unifsize_l,7,4,100,100,1.56774871678998,3.6835248199920434
1,10,haar_random,seeqst_unifsize_l,7,4,100,500,0.5437519446766834,2.096701797969497
1,10,haar_random,seeqst_unifsize_l,7,4,100,1000,0.3983173741328771,1.047948984625036
1,10,haar_random,seeqst_unifsize_l,7,4,100,5000,0.22981624491025016,0.6794460217577876
1,10,haar_random,seeqst_unifsize_l,7,4,100,10000,0.151428329714714,0.4548123518999135
1,10,haar_random,seeqst_unifsize_l,7,4,100,25000,0.08805567632875506,0.3117852745676738
1,11,haar_random,pauli,7,4,100,10,0.08525411782714608,0.2894162666820257
1,11,haar_random,pauli,7,4,100,100,5.3552467836495445,21.897135053472272
1,11,haar_random,pauli,7,4,100,500,2.270916739085608,4.663416266682022
1,11,haar_random,pauli,7,4,100,1000,1.4394965370117834,4.401135053472281
1,11,haar_random,pauli,7,4,100,5000,0.6871122975071433,2.272979258362139
1,11,haar_random,pauli,7,4,100,10000,0.5064734819652357,1.3097827190120428
1,11,haar_random,pauli,7,4,100,25000,0.26510317623689056,0.7282635753251208
1,11,haar_random,clifford,7,4,100,10,3.1440899577182755,12.942041091441027
1,11,haar_random,clifford,7,4,100,100,1.124803393141155,2.743636519765898
1,11,haar_random,clifford,7,4,100,500,0.564376485028141,1.582100701390786
1,11,haar_random,clifford,7,4,100,1000,0.33089664968353444,0.7571745437634779
1,11,haar_random,clifford,7,4,100,5000,0.1615052066893644,0.44738651761462533
1,11,haar_random,clifford,7,4,100,10000,0.12449187019070088,0.2881207416378592
1,11,haar_random,clifford,7,4,100,25000,0.0777844233359745,0.18850271901204313
1,11,haar_random,seeqst_uniform,7,4,100,10,3.6013130812734206,25.60618901032377
1,11,haar_random,seeqst_uniform,7,4,100,100,1.3815209482502482,2.711082302272074
1,11,haar_random,seeqst_uniform,7,4,100,500,0.6609454712017551,2.054189010323771
1,11,haar_random,seeqst_uniform,7,4,100,1000,0.5104022962443154,1.2421508578248657
1,11,haar_random,seeqst_uniform,7,4,100,5000,0.22935238857456997,0.5826492828411358
1,11,haar_random,seeqst_uniform,7,4,100,10000,0.16207331600436842,0.5058492828411358
1,11,haar_random,seeqst_uniform,7,4,100,25000,0.10748368435707817,0.32041293346630245
1,11,haar_random,seeqst_binomial,7,4,100,10,2.565591413932745,24.866463267352728
1,11,haar_random,seeqst_binomial,7,4,100,100,12.375937118760612,122.3274296757609
1,11,haar_random,seeqst_binomial,7,4,100,500,4.370881471125426,24.536153373707993
1,11,haar_random,seeqst_binomial,7,4,100,1000,3.0707844022680866,12.309090359552648
1,11,haar_random,seeqst_binomial,7,4,100,5000,1.046338647762909,2.735074575719927
1,11,haar_random,seeqst_binomial,7,4,100,10000,0.8835386779647555,3.5951603985407825
1,11,haar_random,seeqst_binomial,7,4,100,25000,0.4343224862538232,1.4972598082048936
1,11,haar_random,seeqst_unifsize_l,7,4,100,10,5.148689835042459,35.15837023270231
1,11,haar_random,seeqst_unifsize_l,7,4,100,100,1.3486083996965839,3.6583702327023135
1,11,haar_random,seeqst_unifsize_l,7,4,100,500,0.7390371948069195,2.658136401705561
1,11,haar_random,seeqst_unifsize_l,7,4,100,1000,0.4913864107671043,1.6081364017055615
1,11,haar_random,seeqst_unifsize_l,7,4,100,5000,0.21737056543308989,0.5525810302936434
1,11,haar_random,seeqst_unifsize_l,7,4,100,10000,0.16434097294670919,0.49603710875128704
1,11,haar_random,seeqst_unifsize_l,7,4,100,25000,0.11104979312351629,0.311327065016069
1,12,haar_random,pauli,7,4,100,10,0.09601631138428915,0.21665363886819997
1,12,haar_random,pauli,7,4,100,100,3.7929376156022867,21.983147121869916
1,12,haar_random,pauli,7,4,100,500,2.1297829399878316,8.608927292027536
1,12,haar_random,pauli,7,4,100,1000,1.440578909867479,4.443414613821148
1,12,haar_random,pauli,7,4,100,5000,0.6564075107710404,1.9420976364992193
1,12,haar_random,pauli,7,4,100,10000,0.5335800756577129,1.637604804294803
1,12,haar_random,pauli,7,4,100,25000,0.3045152909318235,0.8048576364992198
1,12,haar_random,clifford,7,4,100,10,2.554646140185033,12.836173213621837
1,12,haar_random,clifford,7,4,100,100,1.1371533512299044,2.636550219899904
1,12,haar_random,clifford,7,4,100,500,0.5786251348380248,1.582100701390786
1,12,haar_random,clifford,7,4,100,1000,0.40757294892569873,0.9252951957051934
1,12,haar_random,clifford,7,4,100,5000,0.1539077699736869,0.3472976364992194
1,12,haar_random,clifford,7,4,100,10000,0.11505402934228585,0.3556133680643536
1,12,haar_random,clifford,7,4,100,25000,0.06628199509508868,0.21887336806435412
1,12,haar_random,seeqst_uniform,7,4,100,10,0.09601631138428915,0.21665363886819997
1,12,haar_random,seeqst_uniform,7,4,100,100,1.2270007314764988,2.711082302272074
1,12,haar_random,seeqst_uniform,7,4,100,500,0.7149347632035428,2.1096177528370865
1,12,haar_random,seeqst_uniform,7,4,100,1000,0.5247131714820806,1.4713052786954683
1,12,haar_random,seeqst_uniform,7,4,100,5000,0.24089658026392366,0.5801894418968004
1,12,haar_random,seeqst_uniform,7,4,100,10000,0.14815908002690978,0.42876543483493207
1,12,haar_random,seeqst_uniform,7,4,100,25000,0.11212435861052246,0.3281352153063649
1,12,haar_random,seeqst_binomial,7,4,100,10,3.6597278980951624,24.882368917857494
1,12,haar_random,seeqst_binomial,7,4,100,100,12.522128276086237,122.39606257376497
1,12,haar_random,seeqst_binomial,7,4,100,500,4.341356105517538,24.56973021224894
1,12,haar_random,seeqst_binomial,7,4,100,1000,3.071236130084172,12.341438667059434
1,12,haar_random,seeqst_binomial,7,4,100,5000,1.0330532442837363,2.5875219073323397
1,12,haar_random,seeqst_binomial,7,4,100,10000,0.9040828508495208,2.5875219073323397
1,12,haar_random,seeqst_binomial,7,4,100,25000,0.5016102384197576,1.5190851676292478
1,12,haar_random,seeqst_unifsize_l,7,4,100,10,7.902112423707252,35.15545903869267
1,12,haar_random,seeqst_unifsize_l,7,4,100,100,1.7034306544670523,7.139072707972461
1,12,haar_random,seeqst_unifsize_l,7,4,100,500,0.6875356551417676,2.658136401705561
1,12,haar_random,seeqst_unifsize_l,7,4,100,1000,0.49945430836801036,1.6081364017055615
1,12,haar_random,seeqst_unifsize_l,7,4,100,5000,0.23785448009363527,0.7934034339799627
1,12,haar_random,seeqst_unifsize_l,7,4,100,10000,0.14905560682972463,0.478762165708359
1,12,haar_random,seeqst_unifsize_l,7,4,100,25000,0.10599534405104523,0.3029940253368119
1,13,haar_random,pauli,7,4,100,10,21.884503576772286,218.84351515956337
1,13,haar_random,pauli,7,4,100,100,6.912329132182651,43.883515159563444
1,13,haar_random,pauli,7,4,100,500,2.0439654360339485,8.891515159563463
1,13,haar_random,pauli,7,4,100,1000,1.5367732182608702,4.517515159563465
1,13,haar_random,pauli,7,4,100,5000,0.604382776066678,1.5993090515402328
1,13,haar_random,pauli,7,4,100,10000,0.4760804334270814,1.0738074326215745
1,13,haar_random,pauli,7,4,100,25000,0.2724380560530186,0.7717966797388934
1,13,haar_random,clifford,7,4,100,10,2.5598120639717816,12.909635763119411
1,13,haar_random,clifford,7,4,100,100,1.267096454533254,3.9205305372425614
1,13,haar_random,clifford,7,4,100,500,0.609611499702234,1.582100701390786
1,13,haar_random,clifford,7,4,100,1000,0.4343875386536933,0.9839799370745215
1,13,haar_random,clifford,7,4,100,5000,0.15806033960133767,0.5228053268338915
1,13,haar_random,clifford,7,4,100,10000,0.10201508717655551,0.342205326833892
1,13,haar_random,clifford,7,4,100,25000,0.06619915536531691,0.17695082070380153
1,13,haar_random,seeqst_uniform,7,4,100,10,2.55970977507102,25.583696560088644
1,13,haar_random,seeqst_uniform,7,4,100,100,1.4835932687924465,2.7978333339586894
1,13,haar_random,seeqst_uniform,7,4,100,500,0.751784950702752,2.4166775023679317
1,13,haar_random,seeqst_uniform,7,4,100,1000,0.5958138906178082,1.969020062925475
1,13,haar_random,seeqst_uniform,7,4,100,5000,0.22171201871085336,0.5194189697063567
1,13,haar_random,seeqst_uniform,7,4,100,10000,0.1394683368829892,0.46377293346630244
1,13,haar_random,seeqst_uniform,7,4,100,25000,0.1009855755540561,0.32041293346630245
1,13,haar_random,seeqst_binomial,7,4,100,10,3.6358097334769908,25.06142944839633
1,13,haar_random,seeqst_binomial,7,4,100,100,1.9015160557281785,17.40884947580093
1,13,haar_random,seeqst_binomial,7,4,100,500,3.5853790687147176,24.472106410640116
1,13,haar_random,seeqst_binomial,7,4,100,1000,2.264845139511165,12.308684942838486
1,13,haar_random,seeqst_binomial,7,4,100,5000,1.0549803274252474,4.906839938336908
1,13,haar_random,seeqst_binomial,7,4,100,10000,0.7700890975760156,3.658851700437394
1,13,haar_random,seeqst_binomial,7,4,100,25000,0.4306922203573613,1.463951301592639
1,13,haar_random,seeqst_unifsize_l,7,4,100,10,6.138128623068067,35.070594673166106
1,13,haar_random,seeqst_unifsize_l,7,4,100,100,1.797281762751873,6.815680176489148
1,13,haar_random,seeqst_unifsize_l,7,4,100,500,0.7417357824786506,2.109110071492363
1,13,haar_random,seeqst_unifsize_l,7,4,100,1000,0.4398368573733629,1.4091100714923626
1,13,haar_random,seeqst_unifsize_l,7,4,100,5000,0.21303233850563605,0.621469462757427
1,13,haar_random,seeqst_unifsize_l,7,4,100,10000,0.1370489224243503,0.322864946527716
1,13,haar_random,seeqst_unifsize_l,7,4,100,25000,0.10429321879010962,0.4147302324215439
1,14,haar_random,pauli,7,4,100,10,0.08009233501495706,0.21665363886819997
1,14,haar_random,pauli,7,4,100,100,2.1828075306686854,21.813449780100083
1,14,haar_random,pauli,7,4,100,500,1.851283467666891,4.457174002672041
1,14,haar_random,pauli,7,4,100,1000,1.2706427438348804,4.332241651207838
1,14,haar_random,pauli,7,4,100,5000,0.6948929892722894,2.272979258362139
1,14,haar_random,pauli,7,4,100,10000,0.46664420229649917,1.3913663033111052
1,14,haar_random,pauli,7,4,100,25000,0.26903400766993096,0.7926348892672787
1,14,haar_random,clifford,7,4,100,10,2.5608146841405843,12.913240958367805
1,14,haar_random,clifford,7,4,100,100,1.1803098569704766,3.9205305372425614
1,14,haar_random,clifford,7,4,100,500,0.5411707896644331,1.582100701390786
1,14,haar_random,clifford,7,4,100,1000,0.3833949417944855,1.3798201115968334
1,14,haar_random,clifford,7,4,100,5000,0.1568905049619715,0.44738651761462533
1,14,haar_random,clifford,7,4,100,10000,0.1174556420238415,0.30282344539721173
1,14,haar_random,clifford,7,4,100,25000,0.06914442138339791,0.18750074163785985
1,14,haar_random,seeqst_uniform,7,4,100,10,2.5562890552701503,25.55038857805822
1,14,haar_random,seeqst_uniform,7,4,100,100,1.4921985240219,5.133240958367851
1,14,haar_random,seeqst_uniform,7,4,100,500,0.7173343293550019,1.955710437929024
1,14,haar_random,seeqst_uniform,7,4,100,1000,0.47034073438971163,1.443710437929024
1,14,haar_random,seeqst_uniform,7,4,100,5000,0.2296590384388866,0.6473540546236854
1,14,haar_random,seeqst_uniform,7,4,100,10000,0.1536907695011104,0.4169540546236854
1,14,haar_random,seeqst_uniform,7,4,100,25000,0.10608289542506873,0.2582340546236854
1,14,haar_random,seeqst_binomial,7,4,100,10,0.6318889044843555,3.624840078194301
1,14,haar_random,seeqst_binomial,7,4,100,100,12.618811751585739,122.26079410427683
1,14,haar_random,seeqst_binomial,7,4,100,500,3.6370861730644433,24.518084142542644
1,14,haar_random,seeqst_binomial,7,4,100,1000,2.6411216400615283,12.28979259735314
1,14,haar_random,seeqst_binomial,7,4,100,5000,1.2983633302525595,4.952817670239437
1,14,haar_random,seeqst_binomial,7,4,100,10000,0.7313113808261619,3.707971625791926
1,14,haar_random,seeqst_binomial,7,4,100,25000,0.43731213459712437,1.9960108094653952
1,14,haar_random,seeqst_unifsize_l,7,4,100,10,5.781469870794299,35.06304952778765
1,14,haar_random,seeqst_unifsize_l,7,4,100,100,1.3652376695999158,3.6835248199920434
1,14,haar_random,seeqst_unifsize_l,7,4,100,500,0.7860089027044773,2.658136401705561
1,14,haar_random,seeqst_unifsize_l,7,4,100,1000,0.5104564825955489,1.7490803671754407
1,14,haar_random,seeqst_unifsize_l,7,4,100,5000,0.239249789150415,0.7251765546027876
1,14,haar_random,seeqst_unifsize_l,7,4,100,10000,0.15548470289042113,0.48017655460278763
1,14,haar_random,seeqst_unifsize_l,7,4,100,25000,0.10458518138294207,0.2973968695782833
1,15,haar_random,pauli,7,4,100,10,0.08947056160874534,0.19836243205501947
1,15,haar_random,pauli,7,4,100,100,3.0981316336045928,21.982509611182216
1,15,haar_random,pauli,7,4,100,500,1.800196786482967,4.532373761222481
1,15,haar_random,pauli,7,4,100,1000,1.3866581608051927,4.443414613821148
1,15,haar_random,pauli,7,4,100,5000,0.710660778431001,2.094964484051652
1,15,haar_random,pauli,7,4,100,10000,0.5472304931449238,1.637604804294803
1,15,haar_random,pauli,7,4,100,25000,0.2789907186781929,0.724333843836665
1,15,haar_random,clifford,7,4,100,10,2.2235473572339495,12.893904627561442
1,15,haar_random,clifford,7,4,100,100,1.162544792009511,3.9205305372425614
1,15,haar_random,clifford,7,4,100,500,0.5793217793936709,1.582100701390786
1,15,haar_random,clifford,7,4,100,1000,0.39573940235108807,0.9252951957051934
1,15,haar_random,clifford,7,4,100,5000,0.14862929293569316,0.317144789960213
1,15,haar_random,clifford,7,4,100,10000,0.10612636531938163,0.3372190305889848
1,15,haar_random,clifford,7,4,100,25000,0.06832419008124406,0.20399783374112074
1,15,haar_random,seeqst_uniform,7,4,100,10,3.626372116046385,25.662986156163335
1,15,haar_random,seeqst_uniform,7,4,100,100,1.3752738221326224,2.718373761222483
1,15,haar_random,seeqst_uniform,7,4,100,500,0.7022015496525515,1.676145266443314
1,15,haar_random,seeqst_uniform,7,4,100,1000,0.5060907661504789,1.1754669943720335
1,15,haar_random,seeqst_uniform,7,4,100,5000,0.23346616243051238,0.4779354441884113
1,15,haar_random,seeqst_uniform,7,4,100,10000,0.15222482891239986,0.36571783939140773
1,15,haar_random,seeqst_uniform,7,4,100,25000,0.10644550055995071,0.2317664423267603
1,15,haar_random,seeqst_binomial,7,4,100,10,3.6812422279909307,24.882368917857494
1,15,haar_random,seeqst_binomial,7,4,100,100,2.5870420477242693,17.367895514987747
1,15,haar_random,seeqst_binomial,7,4,100,500,0.9793643369080209,3.6609089268017803
1,15,haar_random,seeqst_binomial,7,4,100,1000,2.5826585710862546,12.340801156371736
1,15,haar_random,seeqst_binomial,7,4,100,5000,0.940077628069061,2.5640875796320466
1,15,haar_random,seeqst_binomial,7,4,100,10000,0.7503560968939345,2.537693824986247
1,15,haar_random,seeqst_binomial,7,4,100,25000,0.43188270242679627,1.585824256016886
1,15,haar_random,seeqst_unifsize_l,7,4,100,10,5.114877951608461,35.15545903869267
1,15,haar_random,seeqst_unifsize_l,7,4,100,100,1.225143004140668,3.6554590386926717
1,15,haar_random,seeqst_unifsize_l,7,4,100,500,0.6634063385543204,2.2795375939268285
1,15,haar_random,seeqst_unifsize_l,7,4,100,1000,0.40558260924397743,1.2295375939268285
1,15,haar_random,seeqst_unifsize_l,7,4,100,5000,0.18497234284891076,0.621469462757427
1,15,haar_random,seeqst_unifsize_l,7,4,100,10000,0.1414581598759814,0.43662623877751694
1,15,haar_random,seeqst_unifsize_l,7,4,100,25000,0.09625377409483893,0.3029940253368119
1,16,haar_random,pauli,7,4,100,10,0.09014977189581808,0.19836243205501947
1,16,haar_random,pauli,7,4,100,100,4.369440142823425,21.877988429074623
1,16,haar_random,pauli,7,4,100,500,1.907579782939215,4.51360002435371
1,16,haar_random,pauli,7,4,100,1000,1.360404841548323,2.3745554763069734
1,16,haar_random,pauli,7,4,100,5000,0.6388569306549531,2.2225474644795145
1,16,haar_random,pauli,7,4,100,10000,0.5090705148836641,1.3748295368436267
1,16,haar_random,pauli,7,4,100,25000,0.27705407372931456,0.7926348892672787
1,16,haar_random,clifford,7,4,100,10,2.850937865597892,12.865364043383337
1,16,haar_random,clifford,7,4,100,100,1.2028686823031478,3.9033720203152455
1,16,haar_random,clifford,7,4,100,500,0.5372389850097653,1.582100701390786
1,16,haar_random,clifford,7,4,100,1000,0.42135625510882113,1.0046831361514044
1,16,haar_random,clifford,7,4,100,5000,0.15304909544252207,0.352615221739714
1,16,haar_random,clifford,7,4,100,10000,0.12036963356562874,0.400014235667867
1,16,haar_random,clifford,7,4,100,25000,0.06500564765512729,0.24521423566786726
1,16,haar_random,seeqst_uniform,7,4,100,10,4.438568798658739,25.682612364268522
1,16,haar_random,seeqst_uniform,7,4,100,100,1.5048607020332443,5.234130844484407
1,16,haar_random,seeqst_uniform,7,4,100,500,0.7950212307237364,2.2250200629254753
1,16,haar_random,seeqst_uniform,7,4,100,1000,0.6158020686413331,1.969020062925475
1,16,haar_random,seeqst_uniform,7,4,100,5000,0.21856667554195583,0.5826492828411358
1,16,haar_random,seeqst_uniform,7,4,100,10000,0.13333451645730984,0.5058492828411358
1,16,haar_random,seeqst_uniform,7,4,100,25000,0.09906412515954181,0.25496928284113585
1,16,haar_random,seeqst_binomial,7,4,100,10,3.5732042856371544,24.882368917857494
1,16,haar_random,seeqst_binomial,7,4,100,100,12.480096527665815,122.159072608237
1,16,haar_random,seeqst_binomial,7,4,100,500,4.373218302569815,24.438797815811334
1,16,haar_random,seeqst_binomial,7,4,100,1000,2.6208679432319473,12.223673744172439
1,16,haar_random,seeqst_binomial,7,4,100,5000,1.0847328614205956,4.856931839815517
1,16,haar_random,seeqst_binomial,7,4,100,10000,0.682519628046717,2.3294440733700332
1,16,haar_random,seeqst_binomial,7,4,100,25000,0.43296450325822505,1.490407022321031
1,16,haar_random,seeqst_unifsize_l,7,4,100,10,6.777491657471188,34.99438101693908
1,16,haar_random,seeqst_unifsize_l,7,4,100,100,1.3481451474765171,6.994381016939079
1,16,haar_random,seeqst_unifsize_l,7,4,100,500,0.7602537139615352,3.376157156341959
1,16,haar_random,seeqst_unifsize_l,7,4,100,1000,0.46061311120024084,1.6261571563419592
1,16,haar_random,seeqst_unifsize_l,7,4,100,5000,0.24804669613261018,0.7217012306859605
1,16,haar_random,seeqst_unifsize_l,7,4,100,10000,0.14933440187035374,0.42076638558855306
1,16,haar_random,seeqst_unifsize_l,7,4,100,25000,0.1055351100200056,0.3393197576774118
1,17,haar_random,pauli,7,4,100,10,0.08109407037861877,0.18589553397854716
1,17,haar_random,pauli,7,4,100,100,6.173514332753584,21.868224485875597
1,17,haar_random,pauli,7,4,100,500,2.082602107906252,8.608927292027536
1,17,haar_random,pauli,7,4,100,1000,1.4663849700584293,4.234927292027537
1,17,haar_random,pauli,7,4,100,5000,0.6205646362297959,2.272979258362139
1,17,haar_random,pauli,7,4,100,10000,0.49394968540320566,1.0604848066824586
1,17,haar_random,pauli,7,4,100,25000,0.2743036302123474,0.7543048066824587
1,17,haar_random,clifford,7,4,100,10,4.047036319584453,12.963812311547981
1,17,haar_random,clifford,7,4,100,100,1.4433046690219564,3.9205305372425614
1,17,haar_random,clifford,7,4,100,500,0.6742213187966843,2.047451574390701
1,17,haar_random,clifford,7,4,100,1000,0.37436735998025694,1.0154515743907035
1,17,haar_random,clifford,7,4,100,5000,0.1526325966268119,0.43002074163785886
1,17,haar_random,clifford,7,4,100,10000,0.11746434649655885,0.2881207416378592
1,17,haar_random,clifford,7,4,100,25000,0.054329924126073924,0.18750074163785985
1,17,haar_random,seeqst_uniform,7,4,100,10,3.6088818017795834,25.533794655302106
1,17,haar_random,seeqst_uniform,7,4,100,100,1.5507153049935947,2.737020062925475
1,17,haar_random,seeqst_uniform,7,4,100,500,0.7148222733346375,2.2250200629254753
1,17,haar_random,seeqst_uniform,7,4,100,1000,0.5728161572729915,1.969020062925475
1,17,haar_random,seeqst_uniform,7,4,100,5000,0.23298344023816062,0.49027270520488164
1,17,haar_random,seeqst_uniform,7,4,100,10000,0.14742662957485897,0.3878727052048816
1,17,haar_random,seeqst_uniform,7,4,100,25000,0.10262415569510705,0.24130191186857008
1,17,haar_random,seeqst_binomial,7,4,100,10,3.6586768247652417,25.06142944839633
1,17,haar_random,seeqst_binomial,7,4,100,100,3.6439371736712323,17.53622450734667
1,17,haar_random,seeqst_binomial,7,4,100,500,3.5811009668812424,24.641534663645107
1,17,haar_random,seeqst_binomial,7,4,100,1000,2.5629440779885386,12.413243118455602
1,17,haar_random,seeqst_binomial,7,4,100,5000,1.0959764117350752,4.89352243192733
1,17,haar_random,seeqst_binomial,7,4,100,10000,0.5075158670942836,2.4114430959472424
1,17,haar_random,seeqst_binomial,7,4,100,25000,0.2838809730935816,1.433179772332082
1,17,haar_random,seeqst_unifsize_l,7,4,100,10,6.205473279475714,35.15545903869267
1,17,haar_random,seeqst_unifsize_l,7,4,100,100,1.6688026741302866,7.139072707972461
1,17,haar_random,seeqst_unifsize_l,7,4,100,500,0.7213909551391933,3.501736135255002
1,17,haar_random,seeqst_unifsize_l,7,4,100,1000,0.502144434460602,2.4517361352550022
1,17,haar_random,seeqst_unifsize_l,7,4,100,5000,0.2563449072874178,1.0142152130906585
1,17,haar_random,seeqst_unifsize_l,7,4,100,10000,0.158804762077796,0.6239840668356216
1,17,haar_random,seeqst_unifsize_l,7,4,100,25000,0.0979052408779296,0.30579418614847187
1,18,haar_random,pauli,7,4,100,10,0.07779086157145675,0.18589553397854716
1,18,haar_random,pauli,7,4,100,100,6.179751667625347,21.939720687795646
1,18,haar_random,pauli,7,4,100,500,2.8186240559823332,8.801833751997844
1,18,haar_random,pauli,7,4,100,1000,1.6244089837712512,4.427833751997849
1,18,haar_random,pauli,7,4,100,5000,0.668564116698523,1.8401539782422118
1,18,haar_random,pauli,7,4,100,10000,0.46628336014108573,1.4940190305889858
1,18,haar_random,pauli,7,4,100,25000,0.25390609323404334,0.7815150684355808
1,18,haar_random,clifford,7,4,100,10,2.55995451321331,12.920893100231119
1,18,haar_random,clifford,7,4,100,100,1.2968425079586867,3.878269165763567
1,18,haar_random,clifford,7,4,100,500,0.5657792693985028,1.582100701390786
1,18,haar_random,clifford,7,4,100,1000,0.41891012203790884,0.9839799370745215
1,18,haar_random,clifford,7,4,100,5000,0.14782737909976043,0.38362706653369655
1,18,haar_random,clifford,7,4,100,10000,0.11630982349583859,0.3372190305889848
1,18,haar_random,clifford,7,4,100,25000,0.06991265566402093,0.17049883543778582
1,18,haar_random,seeqst_uniform,7,4,100,10,3.614386687872902,25.60618901032377
1,18,haar_random,seeqst_uniform,7,4,100,100,1.4247633570451472,2.737020062925475
1,18,haar_random,seeqst_uniform,7,4,100,500,0.7146578287848903,2.2250200629254753
1,18,haar_random,seeqst_uniform,7,4,100,1000,0.566920892678407,1.969020062925475
1,18,haar_random,seeqst_uniform,7,4,100,5000,0.24686756968229864,0.6244494713970501
1,18,haar_random,seeqst_uniform,7,4,100,10000,0.1471237785229349,0.46377293346630244
1,18,haar_random,seeqst_uniform,7,4,100,25000,0.11084616710430695,0.32041293346630245
1,18,haar_random,seeqst_binomial,7,4,100,10,4.4570093240239865,24.882368917857494
1,18,haar_random,seeqst_binomial,7,4,100,100,3.1737748403594868,17.596687136395953
1,18,haar_random,seeqst_binomial,7,4,100,500,2.735884104831185,24.458788904230538
1,18,haar_random,seeqst_binomial,7,4,100,1000,1.920605892017019,12.258156367971658
1,18,haar_random,seeqst_binomial,7,4,100,5000,0.8555477362353502,4.89352243192733
1,18,haar_random,seeqst_binomial,7,4,100,10000,0.48339661159023,2.475523131820054
1,18,haar_random,seeqst_binomial,7,4,100,25000,0.29122967131832456,1.4972598082048936
1,18,haar_random,seeqst_unifsize_l,7,4,100,10,7.705788994402545,35.15837023270231
1,18,haar_random,seeqst_unifsize_l,7,4,100,100,1.5421191816056974,7.139072707972461
1,18,haar_random,seeqst_unifsize_l,7,4,100,500,0.6614439957696964,2.097794186148472
1,18,haar_random,seeqst_unifsize_l,7,4,100,1000,0.4487970197293862,1.5200253892151319
1,18,haar_random,seeqst_unifsize_l,7,4,100,5000,0.19265830310792603,0.6794460217577876
1,18,haar_random,seeqst_unifsize_l,7,4,100,10000,0.13771664796372657,0.3666297672976864
1,18,haar_random,seeqst_unifsize_l,7,4,100,25000,0.08728716076384774,0.30579418614847187
1,19,haar_random,pauli,7,4,100,10,0.08717425834699347,0.215926746516974
1,19,haar_random,pauli,7,4,100,100,4.380606306658277,21.973378562458983
1,19,haar_random,pauli,7,4,100,500,2.223195941064695,4.489903575325119
1,19,haar_random,pauli,7,4,100,1000,1.3624575319717527,4.364013977010298
1,19,haar_random,pauli,7,4,100,5000,0.6352274633113836,2.2701740026720416
1,19,haar_random,pauli,7,4,100,10000,0.48482890933422845,1.2094035753251204
1,19,haar_random,pauli,7,4,100,25000,0.2781120079328258,0.7543048066824587
1,19,haar_random,clifford,7,4,100,10,1.8088135935431864,12.837861676878852
1,19,haar_random,clifford,7,4,100,100,1.168577893155432,2.636550219899904
1,19,haar_random,clifford,7,4,100,500,0.5355485894554634,1.582100701390786
1,19,haar_random,clifford,7,4,100,1000,0.3796281505970406,0.9436132912186627
1,19,haar_random,clifford,7,4,100,5000,0.1551986586412362,0.32441329121866447
1,19,haar_random,clifford,7,4,100,10000,0.11960317507669656,0.29471043792902274
1,19,haar_random,clifford,7,4,100,25000,0.07048729300144357,0.17802051024600585
1,19,haar_random,seeqst_uniform,7,4,100,10,2.5505583896019606,25.490915522364453
1,19,haar_random,seeqst_uniform,7,4,100,100,1.6094016783798069,5.234130844484407
1,19,haar_random,seeqst_uniform,7,4,100,500,0.7593054290129043,2.232319823510852
1,19,haar_random,seeqst_uniform,7,4,100,1000,0.5084578537878166,1.4713052786954683
1,19,haar_random,seeqst_uniform,7,4,100,5000,0.2172938712709863,0.6244494713970501
1,19,haar_random,seeqst_uniform,7,4,100,10000,0.13416631736496706,0.36844947139705
1,19,haar_random,seeqst_uniform,7,4,100,25000,0.10077842813144498,0.28652947139705004
1,19,haar_random,seeqst_binomial,7,4,100,10,3.6048964617757595,25.06142944839633
1,19,haar_random,seeqst_binomial,7,4,100,100,3.1314412825977658,17.61283850630513
1,19,haar_random,seeqst_binomial,7,4,100,500,1.1411247528325137,3.6376481689456974
1,19,haar_random,seeqst_binomial,7,4,100,1000,1.4450407119327782,12.129844721004028
1,19,haar_random,seeqst_binomial,7,4,100,5000,0.6654916391622216,2.502741222037032
1,19,haar_random,seeqst_binomial,7,4,100,10000,0.4718977209886462,2.4238472769854087
1,19,haar_random,seeqst_binomial,7,4,100,25000,0.33202197274752987,1.0630069130789443
1,19,haar_random,seeqst_unifsize_l,7,4,100,10,4.7019115991492155,34.93238690718269
1,19,haar_random,seeqst_unifsize_l,7,4,100,100,1.806104885863192,6.93238690718269
1,19,haar_random,seeqst_unifsize_l,7,4,100,500,0.6857179371052929,2.145602088197713
1,19,haar_random,seeqst_unifsize_l,7,4,100,1000,0.4171108101547653,1.193850584605839
1,19,haar_random,seeqst_unifsize_l,7,4,100,5000,0.21072095058111226,0.7309155223644529
1,19,haar_random,seeqst_unifsize_l,7,4,100,10000,0.1529183384367842,0.419190752653693
1,19,haar_random,seeqst_unifsize_l,7,4,100,25000,0.11305458175680366,0.32424791838663636
1,20,haar_random,pauli,7,4,100,10,0.08401492369027279,0.18589553397854716
1,20,haar_random,pauli,7,4,100,100,3.0879438248115294,21.868527414361417
1,20,haar_random,pauli,7,4,100,500,1.7573454443343084,4.51360002435371
1,20,haar_random,pauli,7,4,100,1000,1.3982101593143177,4.40842140295704
1,20,haar_random,pauli,7,4,100,5000,0.6134936467453134,1.7378638296214464
1,20,haar_random,pauli,7,4,100,10000,0.44144932916097424,1.2028866283183983
1,20,haar_random,pauli,7,4,100,25000,0.26962919904919047,0.7654866283183985
1,20,haar_random,clifford,7,4,100,10,3.3843743779034705,12.989186958309519
1,20,haar_random,clifford,7,4,100,100,1.419575550713172,3.9205305372425614
1,20,haar_random,clifford,7,4,100,500,0.6413853410830148,1.582100701390786
1,20,haar_random,clifford,7,4,100,1000,0.4485653304910868,1.3798201115968334
1,20,haar_random,clifford,7,4,100,5000,0.15054925767750588,0.32441329121866447
1,20,haar_random,clifford,7,4,100,10000,0.12036903883864021,0.29471043792902274
1,20,haar_random,clifford,7,4,100,25000,0.06446299132882852,0.18846204491326124
1,20,haar_random,seeqst_uniform,7,4,100,10,0.08401492369027275,0.18589553397854716
1,20,haar_random,seeqst_uniform,7,4,100,100,1.3027010376541468,2.737020062925475
1,20,haar_random,seeqst_uniform,7,4,100,500,0.6996117381772615,2.2250200629254753
1,20,haar_random,seeqst_uniform,7,4,100,1000,0.5835223809880119,1.969020062925475
1,20,haar_random,seeqst_uniform,7,4,100,5000,0.2308124361027997,0.5801894418968004
1,20,haar_random,seeqst_uniform,7,4,100,10000,0.12484294330702436,0.29879715422137654
1,20,haar_random,seeqst_uniform,7,4,100,25000,0.09891097608687283,0.22695716982724787
1,20,haar_random,seeqst_binomial,7,4,100,10,2.705799606264103,24.882368917857494
1,20,haar_random,seeqst_binomial,7,4,100,100,0.8582641218789226,2.628183475633986
1,20,haar_random,seeqst_binomial,7,4,100,500,0.8897107951656613,3.6054442634534176
1,20,haar_random,seeqst_binomial,7,4,100,1000,2.221567741244005,12.229764130828075
1,20,haar_random,seeqst_binomial,7,4,100,5000,1.4016415870329884,9.790251191238342
1,20,haar_random,seeqst_binomial,7,4,100,10000,0.8021263614072808,4.89893457316254
1,20,haar_random,seeqst_binomial,7,4,100,25000,0.36725056598720374,1.9641446023170588
1,20,haar_random,seeqst_unifsize_l,7,4,100,10,4.646970267154706,34.93238690718269
1,20,haar_random,seeqst_unifsize_l,7,4,100,100,1.168568821946498,6.93238690718269
1,20,haar_random,seeqst_unifsize_l,7,4,100,500,0.6970142908702386,2.2795375939268285
1,20,haar_random,seeqst_unifsize_l,7,4,100,1000,0.4412388881620391,1.2295375939268285
1,20,haar_random,seeqst_unifsize_l,7,4,100,5000,0.2350894861266635,0.6491869583095657
1,20,haar_random,seeqst_unifsize_l,7,4,100,10000,0.1526452162888126,0.4391869583095657
1,20,haar_random,seeqst_unifsize_l,7,4,100,25000,0.09282425823131472,0.24026382962144732
1,21,haar_random,pauli,7,4,100,10,21.884471052902274,218.84351515956337
1,21,haar_random,pauli,7,4,100,100,6.190360342616141,43.883515159563444
1,21,haar_random,pauli,7,4,100,500,2.512304977828198,8.891515159563463
1,21,haar_random,pauli,7,4,100,1000,1.5328137123695857,4.517515159563465
1,21,haar_random,pauli,7,4,100,5000,0.6609175026646936,1.8401539782422118
1,21,haar_random,pauli,7,4,100,10000,0.47554588860340974,1.637604804294803
1,21,haar_random,pauli,7,4,100,25000,0.2777538913365918,0.7815150684355808
1,21,haar_random,clifford,7,4,100,10,2.566070737494762,12.901775514124347
1,21,haar_random,clifford,7,4,100,100,1.2579467411453924,3.878269165763567
1,21,haar_random,clifford,7,4,100,500,0.5706802855397409,1.582100701390786
1,21,haar_random,clifford,7,4,100,1000,0.3828542283582824,0.9839799370745215
1,21,haar_random,clifford,7,4,100,5000,0.14823485610967954,0.33581615496184347
1,21,haar_random,clifford,7,4,100,10000,0.10353769771881743,0.2564743676582101
1,21,haar_random,clifford,7,4,100,25000,0.0701751600246484,0.17886591620290904
1,21,haar_random,seeqst_uniform,7,4,100,10,2.557296473539954,25.562358000375866
1,21,haar_random,seeqst_uniform,7,4,100,100,1.3589117175151135,2.737020062925475
1,21,haar_random,seeqst_uniform,7,4,100,500,0.7213275238996388,2.2250200629254753
1,21,haar_random,seeqst_uniform,7,4,100,1000,0.5382618680850907,1.969020062925475
1,21,haar_random,seeqst_uniform,7,4,100,5000,0.23375420854282106,0.5801894418968004
1,21,haar_random,seeqst_uniform,7,4,100,10000,0.14900250924412106,0.4068797636999817
1,21,haar_random,seeqst_uniform,7,4,100,25000,0.09601078541268941,0.2317664423267603
1,21,haar_random,seeqst_binomial,7,4,100,10,4.366994654314799,24.867769666997567
1,21,haar_random,seeqst_binomial,7,4,100,100,12.7403700818984,122.15826727331606
1,21,haar_random,seeqst_binomial,7,4,100,500,3.653049023462777,24.46586601338366
1,21,haar_random,seeqst_binomial,7,4,100,1000,2.3394642704342252,12.274845563731537
1,21,haar_random,seeqst_binomial,7,4,100,5000,0.9150382660149586,4.900599541080451
1,21,haar_random,seeqst_binomial,7,4,100,10000,0.6258929009369103,2.492212327579933
1,21,haar_random,seeqst_binomial,7,4,100,25000,0.3697303902081243,1.429752985798606
1,21,haar_random,seeqst_unifsize_l,7,4,100,10,4.246457941332752,34.95653342112062
1,21,haar_random,seeqst_unifsize_l,7,4,100,100,1.5327276402425465,3.6200253892151317
1,21,haar_random,seeqst_unifsize_l,7,4,100,500,0.8174012228118428,3.375351821421014
1,21,haar_random,seeqst_unifsize_l,7,4,100,1000,0.5249626349042478,2.3253518214210143
1,21,haar_random,seeqst_unifsize_l,7,4,100,5000,0.24749600091403784,0.6946947213045316
1,21,haar_random,seeqst_unifsize_l,7,4,100,10000,0.15958491237364197,0.4970627788871092
1,21,haar_random,seeqst_unifsize_l,7,4,100,25000,0.10713574931717304,0.39671707699535047
1,22,haar_random,pauli,7,4,100,10,0.088525424591715,0.215926746516974
1,22,haar_random,pauli,7,4,100,100,3.085241942693117,21.813449780100083
1,22,haar_random,pauli,7,4,100,500,2.376861940267776,8.666598360031495
1,22,haar_random,pauli,7,4,100,1000,1.6445062017680598,4.406624446920703
1,22,haar_random,pauli,7,4,100,5000,0.5777740876493687,1.6733590634690756
1,22,haar_random,pauli,7,4,100,10000,0.5237254624660734,1.637604804294803
1,22,haar_random,pauli,7,4,100,25000,0.268766568912716,0.7543048066824587
1,22,haar_random,clifford,7,4,100,10,3.8468865616373344,12.963812311547981
1,22,haar_random,clifford,7,4,100,100,1.2653664170564731,3.9205305372425614
1,22,haar_random,clifford,7,4,100,500,0.599879708615534,1.582100701390786
1,22,haar_random,clifford,7,4,100,1000,0.4352438229125102,0.9947012306859575
1,22,haar_random,clifford,7,4,100,5000,0.15228792052412546,0.4732141239080779
1,22,haar_random,clifford,7,4,100,10000,0.11013293653201915,0.25026051024600526
1,22,haar_random,clifford,7,4,100,25000,0.06662098822888267,0.17802051024600585
1,22,haar_random,seeqst_uniform,7,4,100,10,4.428886997230009,25.70773343182316
1,22,haar_random,seeqst_uniform,7,4,100,100,1.3928783776965592,2.737020062925475
1,22,haar_random,seeqst_uniform,7,4,100,500,0.7697804101901873,2.2250200629254753
1,22,haar_random,seeqst_uniform,7,4,100,1000,0.5109964529420058,1.969020062925475
1,22,haar_random,seeqst_uniform,7,4,100,5000,0.21474637169528216,0.49387709267920776
1,22,haar_random,seeqst_uniform,7,4,100,10000,0.14649984503355265,0.3434987693140395
1,22,haar_random,seeqst_uniform,7,4,100,25000,0.10295159066337356,0.2710102327023136
1,22,haar_random,seeqst_binomial,7,4,100,10,3.7236342352286944,25.06142944839633
1,22,haar_random,seeqst_binomial,7,4,100,100,2.623097457331437,17.521820826215233
1,22,haar_random,seeqst_binomial,7,4,100,500,2.6766304869556987,24.589659206675
1,22,haar_random,seeqst_binomial,7,4,100,1000,1.4778552270276952,12.361367661485497
1,22,haar_random,seeqst_binomial,7,4,100,5000,0.736871581924171,2.5787344253338937
1,22,haar_random,seeqst_binomial,7,4,100,10000,0.5726664496562006,2.4348443381859592
1,22,haar_random,seeqst_binomial,7,4,100,25000,0.35841494379538313,1.8802857106993973
1,22,haar_random,seeqst_unifsize_l,7,4,100,10,6.52013890403574,35.15837023270231
1,22,haar_random,seeqst_unifsize_l,7,4,100,100,1.3662859730284556,3.6583702327023135
1,22,haar_random,seeqst_unifsize_l,7,4,100,500,0.5766262475964699,1.6294694627574269
1,22,haar_random,seeqst_unifsize_l,7,4,100,1000,0.42154489024633895,1.1262409365309234
1,22,haar_random,seeqst_unifsize_l,7,4,100,5000,0.2325650793056897,0.7217012306859605
1,22,haar_random,seeqst_unifsize_l,7,4,100,10000,0.14382668350001632,0.4300669309285865
1,22,haar_random,seeqst_unifsize_l,7,4,100,25000,0.09742044841030627,0.2550669309285865
1,23,haar_random,pauli,7,4,100,10,30.949258431625413,218.84351515956337
1,23,haar_random,pauli,7,4,100,100,7.8970023881912,43.883515159563444
1,23,haar_random,pauli,7,4,100,500,2.836371080276878,8.891515159563463
1,23,haar_random,pauli,7,4,100,1000,1.7827137937597737,4.517515159563465
1,23,haar_random,pauli,7,4,100,5000,0.7179570857099844,2.272979258362139
1,23,haar_random,pauli,7,4,100,10000,0.5025319155066759,1.5428280636274794
1,23,haar_random,pauli,7,4,100,25000,0.25163304240038975,0.7282635753251208
1,23,haar_random,clifford,7,4,100,10,2.227589394855698,12.932667061234724
1,23,haar_random,clifford,7,4,100,100,1.087821130685601,3.878269165763567
1,23,haar_random,clifford,7,4,100,500,0.5743931982104832,1.582100701390786
1,23,haar_random,clifford,7,4,100,1000,0.40952990018205815,1.0138432195273168
1,23,haar_random,clifford,7,4,100,5000,0.17851824347174483,0.4850102426228424
1,23,haar_random,clifford,7,4,100,10000,0.1213301434586489,0.3689102426228432
1,23,haar_random,clifford,7,4,100,25000,0.07164137234298253,0.20399783374112074
1,23,haar_random,seeqst_uniform,7,4,100,10,3.6251663602931488,25.71953403244139
1,23,haar_random,seeqst_uniform,7,4,100,100,1.4417821494126775,2.7199897573771556
1,23,haar_random,seeqst_uniform,7,4,100,500,0.7264058601297393,2.4166775023679317
1,23,haar_random,seeqst_uniform,7,4,100,1000,0.5232369887901711,1.3926775023679316
1,23,haar_random,seeqst_uniform,7,4,100,5000,0.23233726651653513,0.5814974866499902
1,23,haar_random,seeqst_uniform,7,4,100,10000,0.149599953069869,0.4281329387652301
1,23,haar_random,seeqst_uniform,7,4,100,25000,0.10227469796563408,0.2480131536236523
1,23,haar_random,seeqst_binomial,7,4,100,10,3.679836921330278,24.882368917857494
1,23,haar_random,seeqst_binomial,7,4,100,100,12.631212947521902,122.33070760497337
1,23,haar_random,seeqst_binomial,7,4,100,500,2.785898393055655,24.504375243457346
1,23,haar_random,seeqst_binomial,7,4,100,1000,2.287744939159431,12.374364004886793
1,23,haar_random,seeqst_binomial,7,4,100,5000,0.968862103936877,2.5917307687351903
1,23,haar_random,seeqst_binomial,7,4,100,10000,0.5615377367942864,2.2549233798854873
1,23,haar_random,seeqst_binomial,7,4,100,25000,0.30843158019152883,0.9955027657457816
1,23,haar_random,seeqst_unifsize_l,7,4,100,10,2.7049530560860484,21.073328113141493
1,23,haar_random,seeqst_unifsize_l,7,4,100,100,1.4619432709821425,3.6502909484597668
1,23,haar_random,seeqst_unifsize_l,7,4,100,500,0.6993483098247621,2.052207846921663
1,23,haar_random,seeqst_unifsize_l,7,4,100,1000,0.5028011633499225,2.0508051018415543
1,23,haar_random,seeqst_unifsize_l,7,4,100,5000,0.24026830873893779,0.5804659675586116
1,23,haar_random,seeqst_unifsize_l,7,4,100,10000,0.1592660717820927,0.49603710875128704
1,23,haar_random,seeqst_unifsize_l,7,4,100,25000,0.08768157399553982,0.2860371087512871
1,24,haar_random,pauli,7,4,100,10,0.08071675719212723,0.214509596090897
1,24,haar_random,pauli,7,4,100,100,6.169239859022861,21.868224485875597
1,24,haar_random,pauli,7,4,100,500,2.639402191093531,8.693292397593837
1,24,haar_random,pauli,7,4,100,1000,1.762099238067198,4.48898629264849
1,24,haar_random,pauli,7,4,100,5000,0.6346724424057825,1.4126300779143495
1,24,haar_random,pauli,7,4,100,10000,0.46355738526799734,1.1745835999134577
1,24,haar_random,pauli,7,4,100,25000,0.277837986634437,0.691602020505513
1,24,haar_random,clifford,7,4,100,10,2.2446353082309063,12.987793848999159
1,24,haar_random,clifford,7,4,100,100,1.1561993539045208,2.681683136151399
1,24,haar_random,clifford,7,4,100,500,0.5756901390285095,1.582100701390786
1,24,haar_random,clifford,7,4,100,1000,0.40185497163272305,1.0046831361514044
1,24,haar_random,clifford,7,4,100,5000,0.15217081308305827,0.33323288721026095
1,24,haar_random,clifford,7,4,100,10000,0.10781454132448433,0.26233277601618077
1,24,haar_random,clifford,7,4,100,25000,0.07570657827766807,0.20399783374112074
1,24,haar_random,seeqst_uniform,7,4,100,10,2.5575807591326645,25.56309403241017
1,24,haar_random,seeqst_uniform,7,4,100,100,1.3731823041921323,5.074709337927231
1,24,haar_random,seeqst_uniform,7,4,100,500,0.6089455548737954,1.676145266443314
1,24,haar_random,seeqst_uniform,7,4,100,1000,0.47515644692848474,1.0903794670179507
1,24,haar_random,seeqst_uniform,7,4,100,5000,0.22399987750329606,0.5801894418968004
1,24,haar_random,seeqst_uniform,7,4,100,10000,0.1308847952149467,0.34027709267920775
1,24,haar_random,seeqst_uniform,7,4,100,25000,0.09744485624522438,0.2449235999134581
1,24,haar_random,seeqst_binomial,7,4,100,10,2.610954800843244,24.867769666997567
1,24,haar_random,seeqst_binomial,7,4,100,100,12.878357455667034,122.33070760497337
1,24,haar_random,seeqst_binomial,7,4,100,500,4.442295193760558,24.504375243457346
1,24,haar_random,seeqst_binomial,7,4,100,1000,3.122939446839701,12.312697243045937
1,24,haar_random,seeqst_binomial,7,4,100,5000,0.9564422538946613,2.6382024723539725
1,24,haar_random,seeqst_binomial,7,4,100,10000,0.8288589362375647,6.058105179935629
1,24,haar_random,seeqst_binomial,7,4,100,25000,0.3852125288431172,2.8787493781863582
1,24,haar_random,seeqst_unifsize_l,7,4,100,10,5.812798443323528,34.977958733207096
1,24,haar_random,seeqst_unifsize_l,7,4,100,100,1.2701026609347008,3.567236585647379
1,24,haar_random,seeqst_unifsize_l,7,4,100,500,0.6680152052581532,2.1817331930479953
1,24,haar_random,seeqst_unifsize_l,7,4,100,1000,0.4362270777733774,1.3436378556219537
1,24,haar_random,seeqst_unifsize_l,7,4,100,5000,0.23159228824761866,0.5052923975938413
1,24,haar_random,seeqst_unifsize_l,7,4,100,10000,0.16011408106623262,0.48108886827412545
1,24,haar_random,seeqst_unifsize_l,7,4,100,25000,0.1084567047036082,0.32424791838663636
1,25,haar_random,pauli,7,4,100,10,21.865348717052772,218.652130392074
1,25,haar_random,pauli,7,4,100,100,4.896336335534493,21.983147121869916
1,25,haar_random,pauli,7,4,100,500,2.2772348659235178,4.487147121869926
1,25,haar_random,pauli,7,4,100,1000,1.6281702199166153,4.406624446920703
1,25,haar_random,pauli,7,4,100,5000,0.7273508455566502,2.2701740026720416
1,25,haar_random,pauli,7,4,100,10000,0.5126427973212287,1.2859976364992196
1,25,haar_random,pauli,7,4,100,25000,0.28573891469652263,0.8048576364992198
1,25,haar_random,clifford,7,4,100,10,3.1392990490278034,12.959752318427753
1,25,haar_random,clifford,7,4,100,100,1.0970830493750594,2.636550219899904
1,25,haar_random,clifford,7,4,100,500,0.5944084904271142,1.582100701390786
1,25,haar_random,clifford,7,4,100,1000,0.40046737697531626,0.9286214375410042
1,25,haar_random,clifford,7,4,100,5000,0.165456646637385,0.3472976364992194
1,25,haar_random,clifford,7,4,100,10000,0.12274420672826002,0.2784278905688331
1,25,haar_random,clifford,7,4,100,25000,0.07037384877262758,0.22596319498925435
1,25,haar_random,seeqst_uniform,7,4,100,10,5.730747118876166,25.70503140091637
1,25,haar_random,seeqst_uniform,7,4,100,100,1.4515052731472669,5.234130844484407
1,25,haar_random,seeqst_uniform,7,4,100,500,0.5862544090431892,1.430267582602658
1,25,haar_random,seeqst_uniform,7,4,100,1000,0.5234981206880194,1.1754669943720335
1,25,haar_random,seeqst_uniform,7,4,100,5000,0.19564528580263083,0.46046921132201357
1,25,haar_random,seeqst_uniform,7,4,100,10000,0.1490623871292244,0.3359758524986029
1,25,haar_random,seeqst_uniform,7,4,100,25000,0.09768964660023134,0.2723129469885183
1,25,haar_random,seeqst_binomial,7,4,100,10,2.7251674243989656,25.06142944839633
1,25,haar_random,seeqst_binomial,7,4,100,100,17.67040765184233,122.39606257376497
1,25,haar_random,seeqst_binomial,7,4,100,500,4.410796282960537,24.56973021224894
1,25,haar_random,seeqst_binomial,7,4,100,1000,2.6668646611608517,12.341438667059434
1,25,haar_random,seeqst_binomial,7,4,100,5000,0.7914581496280664,2.5588054309078303
1,25,haar_random,seeqst_binomial,7,4,100,10000,0.5274995766997642,2.4311434486667993
1,25,haar_random,seeqst_binomial,7,4,100,25000,0.3546595269808915,1.5350270132801977
1,25,haar_random,seeqst_unifsize_l,7,4,100,10,4.261503925378823,35.00634078564066
1,25,haar_random,seeqst_unifsize_l,7,4,100,100,1.541683033076055,3.6131471218699294
1,25,haar_random,seeqst_unifsize_l,7,4,100,500,0.5754248985449287,2.161259087999932
1,25,haar_random,seeqst_unifsize_l,7,4,100,1000,0.44539669260293213,1.111259087999932
1,25,haar_random,seeqst_unifsize_l,7,4,100,5000,0.19421702846824493,0.5755855975308819
1,25,haar_random,seeqst_unifsize_l,7,4,100,10000,0.14707940978298228,0.4970627788871092
1,25,haar_random,seeqst_unifsize_l,7,4,100,25000,0.10788579927940567,0.35331680501074514
1,26,haar_random,pauli,7,4,100,10,21.884575668379007,218.84351515956337
1,26,haar_random,pauli,7,4,100,100,6.199587473285617,43.883515159563444
1,26,haar_random,pauli,7,4,100,500,2.0530381702443123,8.891515159563463
1,26,haar_random,pauli,7,4,100,1000,1.654484090757807,4.517515159563465
1,26,haar_random,pauli,7,4,100,5000,0.5751705156545827,1.8666633550334872
1,26,haar_random,pauli,7,4,100,10000,0.4727683040429345,1.1714315841762841
1,26,haar_random,pauli,7,4,100,25000,0.2937244785585283,0.7543048066824587
1,26,haar_random,clifford,7,4,100,10,4.427721825365354,12.9868499335211
1,26,haar_random,clifford,7,4,100,100,1.2839218171112086,2.743636519765898
1,26,haar_random,clifford,7,4,100,500,0.5158577944966496,1.582100701390786
1,26,haar_random,clifford,7,4,100,1000,0.36247692573978185,0.8111743676582085
1,26,haar_random,clifford,7,4,100,5000,0.16611643281698701,0.44738651761462533
1,26,haar_random,clifford,7,4,100,10000,0.12784091852619128,0.28789082070380084
1,26,haar_random,clifford,7,4,100,25000,0.06938150564555542,0.17695082070380153
1,26,haar_random,seeqst_uniform,7,4,100,10,0.10008434980652581,0.2830850125294236
1,26,haar_random,seeqst_uniform,7,4,100,100,1.4215798958313892,5.234130844484407
1,26,haar_random,seeqst_uniform,7,4,100,500,0.8151700534610002,2.0905222505394834
1,26,haar_random,seeqst_uniform,7,4,100,1000,0.5468076736716591,1.1019315841762851
1,26,haar_random,seeqst_uniform,7,4,100,5000,0.23610150306722133,0.7518337220203805
1,26,haar_random,seeqst_uniform,7,4,100,10000,0.16037373161230067,0.46377293346630244
1,26,haar_random,seeqst_uniform,7,4,100,25000,0.11220158006712586,0.32041293346630245
1,26,haar_random,seeqst_binomial,7,4,100,10,3.590287340999897,24.882368917857494
1,26,haar_random,seeqst_binomial,7,4,100,100,1.93715614973823,17.61283850630513
1,26,haar_random,seeqst_binomial,7,4,100,500,2.640646737601407,24.458445865553482
1,26,haar_random,seeqst_binomial,7,4,100,1000,3.081928037922578,12.340801156371736
1,26,haar_random,seeqst_binomial,7,4,100,5000,1.1195167837077113,4.893179393250273
1,26,haar_random,seeqst_binomial,7,4,100,10000,0.8034326604773969,3.670350238731323
1,26,haar_random,seeqst_binomial,7,4,100,25000,0.5015589890590783,1.9583894224047922
1,26,haar_random,seeqst_unifsize_l,7,4,100,10,6.213879041303405,34.9263409335467
1,26,haar_random,seeqst_unifsize_l,7,4,100,100,1.6807245450377757,6.957477749460517
1,26,haar_random,seeqst_unifsize_l,7,4,100,500,0.7594393068191737,2.099736594975009
1,26,haar_random,seeqst_unifsize_l,7,4,100,1000,0.49607110712930663,1.3306375194232885
1,26,haar_random,seeqst_unifsize_l,7,4,100,5000,0.22772396876086587,0.7183098177934927
1,26,haar_random,seeqst_unifsize_l,7,4,100,10000,0.15386409939148302,0.4820684158237149
1,26,haar_random,seeqst_unifsize_l,7,4,100,25000,0.10190199788605989,0.3570337220203805
1,27,haar_random,pauli,7,4,100,10,0.07825479287234799,0.18589553397854716
1,27,haar_random,pauli,7,4,100,100,3.7919664671053144,21.983147121869916
1,27,haar_random,pauli,7,4,100,500,2.229052750027928,8.666598360031495
1,27,haar_random,pauli,7,4,100,1000,1.3838711021028687,4.292598360031498
1,27,haar_random,pauli,7,4,100,5000,0.7237414556294572,2.2701740026720416
1,27,haar_random,pauli,7,4,100,10000,0.5957340516694135,1.637604804294803
1,27,haar_random,pauli,7,4,100,25000,0.3116108570699815,0.7543048066824587
1,27,haar_random,clifford,7,4,100,10,2.874360785397556,12.980645433238768
1,27,haar_random,clifford,7,4,100,100,1.2292496203723826,2.6407505908071798
1,27,haar_random,clifford,7,4,100,500,0.5883439229865876,1.582100701390786
1,27,haar_random,clifford,7,4,100,1000,0.4162937229312549,0.9252951957051934
1,27,haar_random,clifford,7,4,100,5000,0.15656351719982317,0.4267104978102477
1,27,haar_random,clifford,7,4,100,10000,0.10784627314580987,0.30282344539721173
1,27,haar_random,clifford,7,4,100,25000,0.06924133932479228,0.18555464983509812
1,27,haar_random,seeqst_uniform,7,4,100,10,2.5773295404523604,25.761921381798594
1,27,haar_random,seeqst_uniform,7,4,100,100,1.4469127394198955,5.036825997327957
1,27,haar_random,seeqst_uniform,7,4,100,500,0.7148003562077102,2.0898133318521794
1,27,haar_random,seeqst_uniform,7,4,100,1000,0.5515759520294634,1.1216843733202746
1,27,haar_random,seeqst_uniform,7,4,100,5000,0.22906245475371825,0.5814974866499902
1,27,haar_random,seeqst_uniform,7,4,100,10000,0.14738711799760154,0.34040159256764746
1,27,haar_random,seeqst_uniform,7,4,100,25000,0.10122468081139818,0.27947081186735573
1,27,haar_random,seeqst_binomial,7,4,100,10,3.6513835425062795,25.06142944839633
1,27,haar_random,seeqst_binomial,7,4,100,100,12.771865442983543,122.39606257376497
1,27,haar_random,seeqst_binomial,7,4,100,500,4.983294069766002,24.56973021224894
1,27,haar_random,seeqst_binomial,7,4,100,1000,3.3284695451939914,12.34392235705686
1,27,haar_random,seeqst_binomial,7,4,100,5000,0.9591644900220374,4.89352243192733
1,27,haar_random,seeqst_binomial,7,4,100,10000,0.5486718724582076,2.456642479270906
1,27,haar_random,seeqst_binomial,7,4,100,25000,0.3007355253762427,1.0578336069441439
1,27,haar_random,seeqst_unifsize_l,7,4,100,10,5.783536350488217,35.13907270797246
1,27,haar_random,seeqst_unifsize_l,7,4,100,100,1.5131980369757883,7.139072707972461
1,27,haar_random,seeqst_unifsize_l,7,4,100,500,0.6166201967371444,2.12577728919057
1,27,haar_random,seeqst_unifsize_l,7,4,100,1000,0.4253639201325267,1.0757772891905701
1,27,haar_random,seeqst_unifsize_l,7,4,100,5000,0.22005858027612868,0.7251765546027876
1,27,haar_random,seeqst_unifsize_l,7,4,100,10000,0.1351208508326123,0.48017655460278763
1,27,haar_random,seeqst_unifsize_l,7,4,100,25000,0.07851677410712073,0.30579418614847187
1,28,haar_random,pauli,7,4,100,10,0.08118504695213923,0.21665363886819997
1,28,haar_random,pauli,7,4,100,100,5.357890373768067,21.973378562458983
1,28,haar_random,pauli,7,4,100,500,2.355898019911872,8.608927292027536
1,28,haar_random,pauli,7,4,100,1000,1.5526410261168286,4.332241651207838
1,28,haar_random,pauli,7,4,100,5000,0.6856610815455976,1.7998952560245733
1,28,haar_random,pauli,7,4,100,10000,0.5117123125287469,1.637604804294803
1,28,haar_random,pauli,7,4,100,25000,0.26624708941808517,0.7543048066824587
1,28,haar_random,clifford,7,4,100,10,2.2306593252291256,13.002649873018063
1,28,haar_random,clifford,7,4,100,100,1.2122056746507603,2.636550219899904
1,28,haar_random,clifford,7,4,100,500,0.5149116516933407,2.047451574390701
1,28,haar_random,clifford,7,4,100,1000,0.38369658741008406,1.0154515743907035
1,28,haar_random,clifford,7,4,100,5000,0.15550884936481355,0.44738651761462533
1,28,haar_random,clifford,7,4,100,10000,0.1105683147783596,0.28789082070380084
1,28,haar_random,clifford,7,4,100,25000,0.06839776940728387,0.17886591620290904
1,28,haar_random,seeqst_uniform,7,4,100,10,4.424420174355507,25.60618901032377
1,28,haar_random,seeqst_uniform,7,4,100,100,1.5135709699448496,5.074709337927231
1,28,haar_random,seeqst_uniform,7,4,100,500,0.7066774143161235,2.2250200629254753
1,28,haar_random,seeqst_uniform,7,4,100,1000,0.5581323988173265,1.969020062925475
1,28,haar_random,seeqst_uniform,7,4,100,5000,0.22909943985232029,0.7298290301193566
1,28,haar_random,seeqst_uniform,7,4,100,10000,0.16654804174051036,0.5250290301193565
1,28,haar_random,seeqst_uniform,7,4,100,25000,0.09547490675030526,0.32041293346630245
1,28,haar_random,seeqst_binomial,7,4,100,10,3.555749186894254,24.882368917857494
1,28,haar_random,seeqst_binomial,7,4,100,100,1.9088665715379967,17.521820826215233
1,28,haar_random,seeqst_binomial,7,4,100,500,2.6060526338935297,24.458445865553482
1,28,haar_random,seeqst_binomial,7,4,100,1000,2.7979633395379593,12.289769535362192
1,28,haar_random,seeqst_binomial,7,4,100,5000,1.08903021365665,4.893179393250273
1,28,haar_random,seeqst_binomial,7,4,100,10000,0.6965916567783922,3.670350238731323
1,28,haar_random,seeqst_binomial,7,4,100,25000,0.4702264129949832,1.9583894224047922
1,28,haar_random,seeqst_unifsize_l,7,4,100,10,7.104151155957596,35.13907270797246
1,28,haar_random,seeqst_unifsize_l,7,4,100,100,1.6612014744566321,7.139072707972461
1,28,haar_random,seeqst_unifsize_l,7,4,100,500,0.7605440839041544,2.145602088197713
1,28,haar_random,seeqst_unifsize_l,7,4,100,1000,0.4947919638016982,1.4091100714923626
1,28,haar_random,seeqst_unifsize_l,7,4,100,5000,0.19514298038415956,0.54862185851071
1,28,haar_random,seeqst_unifsize_l,7,4,100,10000,0.14926268070727985,0.43662623877751694
1,28,haar_random,seeqst_unifsize_l,7,4,100,25000,0.0967627736802126,0.2552906620727692
1,29,haar_random,pauli,7,4,100,10,0.08922259377874064,0.22664029821192516
1,29,haar_random,pauli,7,4,100,100,6.9120813529287615,21.982509611182216
1,29,haar_random,pauli,7,4,100,500,2.1730461257690146,4.532373761222481
1,29,haar_random,pauli,7,4,100,1000,1.4273860402653726,4.48898629264849
1,29,haar_random,pauli,7,4,100,5000,0.6695474539905074,2.272979258362139
1,29,haar_random,pauli,7,4,100,10000,0.5101742411878369,1.637604804294803
1,29,haar_random,pauli,7,4,100,25000,0.32410782665824206,0.852357577526032
1,29,haar_random,clifford,7,4,100,10,4.0728928637882245,12.963812311547981
1,29,haar_random,clifford,7,4,100,100,1.168660572659765,2.636550219899904
1,29,haar_random,clifford,7,4,100,500,0.5117347619369634,1.3709799370745201
1,29,haar_random,clifford,7,4,100,1000,0.374048292305954,0.9839799370745215
1,29,haar_random,clifford,7,4,100,5000,0.15640068924022552,0.43002074163785886
1,29,haar_random,clifford,7,4,100,10000,0.10578011770638453,0.3372190305889848
1,29,haar_random,clifford,7,4,100,25000,0.0671510996539371,0.18750074163785985
1,29,haar_random,seeqst_uniform,7,4,100,10,3.6238515053604523,25.682612364268522
1,29,haar_random,seeqst_uniform,7,4,100,100,1.3874379293026515,2.753765353710977
1,29,haar_random,seeqst_uniform,7,4,100,500,0.6329337950550892,2.2250200629254753
1,29,haar_random,seeqst_uniform,7,4,100,1000,0.49300543753927856,1.969020062925475
1,29,haar_random,seeqst_uniform,7,4,100,5000,0.2163296978085312,0.5814974866499902
1,29,haar_random,seeqst_uniform,7,4,100,10000,0.1356161457162766,0.29879715422137654
1,29,haar_random,seeqst_uniform,7,4,100,25000,0.09976049166258678,0.21782500246660164
1,29,haar_random,seeqst_binomial,7,4,100,10,0.9561290240078733,3.624840078194301
1,29,haar_random,seeqst_binomial,7,4,100,100,3.1659962481133883,17.47479285326371
1,29,haar_random,seeqst_binomial,7,4,100,500,4.397469363650962,24.505720724837754
1,29,haar_random,seeqst_binomial,7,4,100,1000,2.896787433673439,12.340801156371736
1,29,haar_random,seeqst_binomial,7,4,100,5000,1.0251446211590962,4.893179393250273
1,29,haar_random,seeqst_binomial,7,4,100,10000,0.6359693919313044,3.670350238731323
1,29,haar_random,seeqst_binomial,7,4,100,25000,0.41624478164004913,1.9583894224047922
1,29,haar_random,seeqst_unifsize_l,7,4,100,10,6.473205409906951,35.1917749975334
1,29,haar_random,seeqst_unifsize_l,7,4,100,100,1.4278014729122146,6.939368954828412
1,29,haar_random,seeqst_unifsize_l,7,4,100,500,0.7240967569059394,3.501736135255002
1,29,haar_random,seeqst_unifsize_l,7,4,100,1000,0.48414860600867865,2.4517361352550022
1,29,haar_random,seeqst_unifsize_l,7,4,100,5000,0.22155839513484712,0.6444886448392831
1,29,haar_random,seeqst_unifsize_l,7,4,100,10000,0.16760880947766207,0.4970627788871092
1,29,haar_random,seeqst_unifsize_l,7,4,100,25000,0.11298681721880992,0.4344672928637071
1,30,haar_random,pauli,7,4,100,10,0.0922271964274899,0.23783333395868933
1,30,haar_random,pauli,7,4,100,100,3.0862556153683105,21.813449780100083
1,30,haar_random,pauli,7,4,100,500,2.3458031618378183,8.62534376322759
1,30,haar_random,pauli,7,4,100,1000,1.4987764727479393,4.406624446920703
1,30,haar_random,pauli,7,4,100,5000,0.6865821348962126,1.7613877296699838
1,30,haar_random,pauli,7,4,100,10000,0.45150426282447503,1.1261244469207046
1,30,haar_random,pauli,7,4,100,25000,0.26837582410581734,0.6291136144114469
1,30,haar_random,clifford,7,4,100,10,3.40223171928869,13.022656236772363
1,30,haar_random,clifford,7,4,100,100,1.2842495462007115,3.9033720203152455
1,30,haar_random,clifford,7,4,100,500,0.5163202555398186,1.582100701390786
1,30,haar_random,clifford,7,4,100,1000,0.3937471581981479,0.9839799370745215
1,30,haar_random,clifford,7,4,100,5000,0.1485978916098614,0.33933935624971917
1,30,haar_random,clifford,7,4,100,10000,0.10091500133033336,0.26233277601618077
1,30,haar_random,clifford,7,4,100,25000,0.062409188601606415,0.16154623877751642
1,30,haar_random,seeqst_uniform,7,4,100,10,3.632804947799941,25.682612364268522
1,30,haar_random,seeqst_uniform,7,4,100,100,1.4976881808294449,5.052162621936651
1,30,haar_random,seeqst_uniform,7,4,100,500,0.6442302055843686,2.2250200629254753
1,30,haar_random,seeqst_uniform,7,4,100,1000,0.5444241750686026,1.969020062925475
1,30,haar_random,seeqst_uniform,7,4,100,5000,0.22005354405303063,0.5801894418968004
1,30,haar_random,seeqst_uniform,7,4,100,10000,0.1270685754111149,0.29879715422137654
1,30,haar_random,seeqst_uniform,7,4,100,25000,0.09470905236951527,0.23020993352114277
1,30,haar_random,seeqst_binomial,7,4,100,10,3.606890103045642,24.867769666997567
1,30,haar_random,seeqst_binomial,7,4,100,100,3.146924883303019,17.576520697715473
1,30,haar_random,seeqst_binomial,7,4,100,500,3.634489202273769,24.409101423258857
1,30,haar_random,seeqst_binomial,7,4,100,1000,2.9176001168698393,12.301752188939785
1,30,haar_random,seeqst_binomial,7,4,100,5000,0.8004750174162629,2.5191189527881805
1,30,haar_random,seeqst_binomial,7,4,100,10000,0.6975453251225017,2.5191189527881805
1,30,haar_random,seeqst_binomial,7,4,100,25000,0.347103610844361,1.4556072557527553
1,30,haar_random,seeqst_unifsize_l,7,4,100,10,7.1078478658642466,35.13907270797246
1,30,haar_random,seeqst_unifsize_l,7,4,100,100,1.6624711191436221,7.139072707972461
1,30,haar_random,seeqst_unifsize_l,7,4,100,500,0.8284237288355407,2.1333720203152557
1,30,haar_random,seeqst_unifsize_l,7,4,100,1000,0.46880640647245275,1.0833720203152557
1,30,haar_random,seeqst_unifsize_l,7,4,100,5000,0.23866004768721852,0.5833893868568326
1,30,haar_random,seeqst_unifsize_l,7,4,100,10000,0.14709921657675473,0.43662623877751694
1,30,haar_random,seeqst_unifsize_l,7,4,100,25000,0.1026507743258371,0.32424791838663636
1,31,haar_random,pauli,7,4,100,10,21.884554940622408,218.84351515956337
1,31,haar_random,pauli,7,4,100,100,6.913836646703386,43.883515159563444
1,31,haar_random,pauli,7,4,100,500,2.224989377572325,8.891515159563463
1,31,haar_random,pauli,7,4,100,1000,1.4174933914904908,4.517515159563465
1,31,haar_random,pauli,7,4,100,5000,0.708564980007229,2.272979258362139
1,31,haar_random,pauli,7,4,100,10000,0.5412616567951527,1.637604804294803
1,31,haar_random,pauli,7,4,100,25000,0.2605026112746405,0.6315848042948031
1,31,haar_random,clifford,7,4,100,10,3.621725644024589,12.889186228867766
1,31,haar_random,clifford,7,4,100,100,1.290109979559796,2.727204711633441
1,31,haar_random,clifford,7,4,100,500,0.5644127987893658,1.582100701390786
1,31,haar_random,clifford,7,4,100,1000,0.3905041820437428,1.0046831361514044
1,31,haar_random,clifford,7,4,100,5000,0.15004976658175215,0.43002074163785886
1,31,haar_random,clifford,7,4,100,10000,0.11172826834201444,0.2881207416378592
1,31,haar_random,clifford,7,4,100,25000,0.07426994286775895,0.20399783374112074
1,31,haar_random,seeqst_uniform,7,4,100,10,3.626949059943434,25.71953403244139
1,31,haar_random,seeqst_uniform,7,4,100,100,1.5294713423294535,5.052162621936651
1,31,haar_random,seeqst_uniform,7,4,100,500,0.7340601516858646,1.676145266443314
1,31,haar_random,seeqst_uniform,7,4,100,1000,0.5102571014565868,1.0950484267339027
1,31,haar_random,seeqst_uniform,7,4,100,5000,0.19834242421592108,0.41700626616935593
1,31,haar_random,seeqst_uniform,7,4,100,10000,0.13517647104141992,0.3263726493339288
1,31,haar_random,seeqst_uniform,7,4,100,25000,0.09740926639897685,0.21796623635373996
1,31,haar_random,seeqst_binomial,7,4,100,10,3.6638326638240497,24.867769666997567
1,31,haar_random,seeqst_binomial,7,4,100,100,1.9654383772471595,17.400237963113554
1,31,haar_random,seeqst_binomial,7,4,100,500,4.3638619777826815,24.641534663645107
1,31,haar_random,seeqst_binomial,7,4,100,1000,2.8353065969394855,12.413243118455602
1,31,haar_random,seeqst_binomial,7,4,100,5000,0.8302387465275599,4.952817670239437
1,31,haar_random,seeqst_binomial,7,4,100,10000,0.5802393086100597,2.5264571234010447
1,31,haar_random,seeqst_binomial,7,4,100,25000,0.34209175785650137,1.2824434121566433
1,31,haar_random,seeqst_unifsize_l,7,4,100,10,3.7137155850501102,21.132613772534086
1,31,haar_random,seeqst_unifsize_l,7,4,100,100,1.3462931924908488,3.726640298211925
1,31,haar_random,seeqst_unifsize_l,7,4,100,500,0.5932921861728966,1.5391907526536928
1,31,haar_random,seeqst_unifsize_l,7,4,100,1000,0.47187159209404766,1.7490803671754407
1,31,haar_random,seeqst_unifsize_l,7,4,100,5000,0.21965806055243745,0.6444886448392831
1,31,haar_random,seeqst_unifsize_l,7,4,100,10000,0.1469397491901067,0.45407299969918846
1,31,haar_random,seeqst_unifsize_l,7,4,100,25000,0.08881959403915587,0.2599570993138699
1,32,haar_random,pauli,7,4,100,10,30.94925873881955,218.84351515956337
1,32,haar_random,pauli,7,4,100,100,8.475129534713874,43.883515159563444
1,32,haar_random,pauli,7,4,100,500,2.3468780889902434,8.891515159563463
1,32,haar_random,pauli,7,4,100,1000,1.4435862926440284,4.517515159563465
1,32,haar_random,pauli,7,4,100,5000,0.5936854993534342,1.7872503848082706
1,32,haar_random,pauli,7,4,100,10000,0.49716002815975674,1.0876950684355806
1,32,haar_random,pauli,7,4,100,25000,0.2807125372128302,0.7815150684355808
1,32,haar_random,clifford,7,4,100,10,3.1403741475041365,13.002649873018063
1,32,haar_random,clifford,7,4,100,100,1.2203335063932994,2.727204711633441
1,32,haar_random,clifford,7,4,100,500,0.5815626469704261,1.582100701390786
1,32,haar_random,clifford,7,4,100,1000,0.3871670747924243,0.8555183328798446
1,32,haar_random,clifford,7,4,100,5000,0.16132364500265123,0.4850102426228424
1,32,haar_random,clifford,7,4,100,10000,0.12056084654616461,0.3689102426228432
1,32,haar_random,clifford,7,4,100,25000,0.06905344953606789,0.16266358713055912
1,32,haar_random,seeqst_uniform,7,4,100,10,5.127901279902782,25.74177641286944
1,32,haar_random,seeqst_uniform,7,4,100,100,1.2617066382110445,2.7199897573771556
1,32,haar_random,seeqst_uniform,7,4,100,500,0.6746584294928282,2.3627418907957374
1,32,haar_random,seeqst_uniform,7,4,100,1000,0.5035034014393861,1.3387418907957374
1,32,haar_random,seeqst_uniform,7,4,100,5000,0.21864492093406246,0.5801894418968004
1,32,haar_random,seeqst_uniform,7,4,100,10000,0.1316223143223422,0.3263726493339288
1,32,haar_random,seeqst_uniform,7,4,100,25000,0.0987945521187467,0.22427023970229878
1,32,haar_random,seeqst_binomial,7,4,100,10,2.63116557626135,25.06142944839633
1,32,haar_random,seeqst_binomial,7,4,100,100,2.6249797057324136,17.47479285326371
1,32,haar_random,seeqst_binomial,7,4,100,500,6.552360769298276,24.505720724837754
1,32,haar_random,seeqst_binomial,7,4,100,1000,3.913981847987647,12.3054289236653
1,32,haar_random,seeqst_binomial,7,4,100,5000,1.3009166300990687,4.930800780310877
1,32,haar_random,seeqst_binomial,7,4,100,10000,0.9750197602673288,3.707971625791926
1,32,haar_random,seeqst_binomial,7,4,100,25000,0.4987268250028401,1.9960108094653952
1,32,haar_random,seeqst_unifsize_l,7,4,100,10,1.2006952380828402,6.915055210039786
1,32,haar_random,seeqst_unifsize_l,7,4,100,100,1.648871528760686,3.6417764128694405
1,32,haar_random,seeqst_unifsize_l,7,4,100,500,0.782627551540248,2.1444811850211947
1,32,haar_random,seeqst_unifsize_l,7,4,100,1000,0.5003525516899736,1.4444811850211945
1,32,haar_random,seeqst_unifsize_l,7,4,100,5000,0.2605366913997813,1.0142152130906585
1,32,haar_random,seeqst_unifsize_l,7,4,100,10000,0.1652750799795425,0.48921521309065846
1,32,haar_random,seeqst_unifsize_l,7,4,100,25000,0.10513456909209179,0.3120673256839926
1,33,haar_random,pauli,7,4,100,10,0.07724574612874206,0.18589553397854716
1,33,haar_random,pauli,7,4,100,100,3.7855677878220693,21.982509611182216
1,33,haar_random,pauli,7,4,100,500,2.1290209584772812,8.62534376322759
1,33,haar_random,pauli,7,4,100,1000,1.3040682173208236,4.2513437632275926
1,33,haar_random,pauli,7,4,100,5000,0.6897206648809219,2.272979258362139
1,33,haar_random,pauli,7,4,100,10000,0.4711482596063102,1.2028866283183983
1,33,haar_random,pauli,7,4,100,25000,0.2807163749382228,0.852357577526032
1,33,haar_random,clifford,7,4,100,10,3.6448477313552354,13.022656236772363
1,33,haar_random,clifford,7,4,100,100,1.3505528353573708,3.9205305372425614
1,33,haar_random,clifford,7,4,100,500,0.564300524496983,1.582100701390786
1,33,haar_random,clifford,7,4,100,1000,0.3691331723141902,0.6958692113220113
1,33,haar_random,clifford,7,4,100,5000,0.13472722051268307,0.43002074163785886
1,33,haar_random,clifford,7,4,100,10000,0.10531406546726246,0.30282344539721173
1,33,haar_random,clifford,7,4,100,25000,0.06449312279237415,0.18750074163785985
1,33,haar_random,seeqst_uniform,7,4,100,10,2.5556563959435326,25.544946696937696
1,33,haar_random,seeqst_uniform,7,4,100,100,1.3518925273616302,5.234130844484407
1,33,haar_random,seeqst_uniform,7,4,100,500,0.6600401876526114,2.1220797636999817
1,33,haar_random,seeqst_uniform,7,4,100,1000,0.5935039029625496,1.1216843733202746
1,33,haar_random,seeqst_uniform,7,4,100,5000,0.260763501531065,0.5826492828411358
1,33,haar_random,seeqst_uniform,7,4,100,10000,0.15613301909552482,0.5058492828411358
1,33,haar_random,seeqst_uniform,7,4,100,25000,0.10894020345283296,0.3490607939127093
1,33,haar_random,seeqst_binomial,7,4,100,10,2.5402100717238545,24.867769666997567
1,33,haar_random,seeqst_binomial,7,4,100,100,12.742470189697245,122.15826727331606
1,33,haar_random,seeqst_binomial,7,4,100,500,2.676097330443119,24.331934911800023
1,33,haar_random,seeqst_binomial,7,4,100,1000,2.5999706182702105,12.340801156371736
1,33,haar_random,seeqst_binomial,7,4,100,5000,0.9061683493049739,2.558167920220132
1,33,haar_random,seeqst_binomial,7,4,100,10000,0.544518220296977,2.4495770281947205
1,33,haar_random,seeqst_binomial,7,4,100,25000,0.3621413123204242,1.579904596604972
1,33,haar_random,seeqst_unifsize_l,7,4,100,10,7.640909011054397,35.15837023270231
1,33,haar_random,seeqst_unifsize_l,7,4,100,100,1.6148278040964754,7.139072707972461
1,33,haar_random,seeqst_unifsize_l,7,4,100,500,0.7414323598958906,3.375351821421014
1,33,haar_random,seeqst_unifsize_l,7,4,100,1000,0.4965953591654555,2.3253518214210143
1,33,haar_random,seeqst_unifsize_l,7,4,100,5000,0.22421727974451136,0.7251765546027876
1,33,haar_random,seeqst_unifsize_l,7,4,100,10000,0.15913831859499492,0.48017655460278763
1,33,haar_random,seeqst_unifsize_l,7,4,100,25000,0.11357498368289652,0.4147302324215439
1,34,haar_random,pauli,7,4,100,10,0.09247260988376597,0.2894162666820257
1,34,haar_random,pauli,7,4,100,100,5.353026774058098,21.983147121869916
1,34,haar_random,pauli,7,4,100,500,2.0438012189730834,4.663416266682022
1,34,haar_random,pauli,7,4,100,1000,1.301663828223884,4.406624446920703
1,34,haar_random,pauli,7,4,100,5000,0.6059738788305155,1.9420976364992193
1,34,haar_random,pauli,7,4,100,10000,0.5106707387186419,1.637604804294803
1,34,haar_random,pauli,7,4,100,25000,0.2621795630608568,0.8048576364992198
1,34,haar_random,clifford,7,4,100,10,2.8746336084579927,12.938696136190039
1,34,haar_random,clifford,7,4,100,100,1.2797076204925744,3.878269165763567
1,34,haar_random,clifford,7,4,100,500,0.5729952139679484,1.582100701390786
1,34,haar_random,clifford,7,4,100,1000,0.40870633948317275,0.9839799370745215
1,34,haar_random,clifford,7,4,100,5000,0.15371401009476937,0.3472976364992194
1,34,haar_random,clifford,7,4,100,10000,0.11949395023324047,0.28789082070380084
1,34,haar_random,clifford,7,4,100,25000,0.06886857409636749,0.18940071784105186
1,34,haar_random,seeqst_uniform,7,4,100,10,5.725263225752281,25.761921381798594
1,34,haar_random,seeqst_uniform,7,4,100,100,1.299954935953364,2.737020062925475
1,34,haar_random,seeqst_uniform,7,4,100,500,0.7056527556844552,2.2250200629254753
1,34,haar_random,seeqst_uniform,7,4,100,1000,0.5073036528824484,1.969020062925475
1,34,haar_random,seeqst_uniform,7,4,100,5000,0.2026864184846714,0.46046921132201357
1,34,haar_random,seeqst_uniform,7,4,100,10000,0.1545182229997544,0.37954191186857006
1,34,haar_random,seeqst_uniform,7,4,100,25000,0.10363950225734218,0.2480131536236523
1,34,haar_random,seeqst_binomial,7,4,100,10,3.6594005831125562,24.882368917857494
1,34,haar_random,seeqst_binomial,7,4,100,100,12.755494083641866,122.39606257376497
1,34,haar_random,seeqst_binomial,7,4,100,500,3.5808769495526094,24.56973021224894
1,34,haar_random,seeqst_binomial,7,4,100,1000,2.556407159709431,12.341438667059434
1,34,haar_random,seeqst_binomial,7,4,100,5000,1.0194188237437307,2.735074575719927
1,34,haar_random,seeqst_binomial,7,4,100,10000,0.8903505964117802,6.058105179935629
1,34,haar_random,seeqst_binomial,7,4,100,25000,0.44429941257745753,2.8787493781863582
1,34,haar_random,seeqst_unifsize_l,7,4,100,10,7.1908793534540605,34.977958733207096
1,34,haar_random,seeqst_unifsize_l,7,4,100,100,1.4015433759242055,3.6131471218699294
1,34,haar_random,seeqst_unifsize_l,7,4,100,500,0.6228881480162182,2.1524274527265415
1,34,haar_random,seeqst_unifsize_l,7,4,100,1000,0.4787628730581496,1.8024274527265411
1,34,haar_random,seeqst_unifsize_l,7,4,100,5000,0.2106602916003971,0.6099570993138699
1,34,haar_random,seeqst_unifsize_l,7,4,100,10000,0.1498649476490801,0.4349570993138699
1,34,haar_random,seeqst_unifsize_l,7,4,100,25000,0.11621414354798744,0.3393197576774118
1,35,haar_random,pauli,7,4,100,10,0.08028640469411541,0.22664029821192516
1,35,haar_random,pauli,7,4,100,100,4.362343969905992,21.813449780100083
1,35,haar_random,pauli,7,4,100,500,2.577464464390434,8.755770880235655
1,35,haar_random,pauli,7,4,100,1000,1.5950739555525317,4.431874423861211
1,35,haar_random,pauli,7,4,100,5000,0.6448969838282608,1.8666633550334872
1,35,haar_random,pauli,7,4,100,10000,0.45555601893227643,1.2028866283183983
1,35,haar_random,pauli,7,4,100,25000,0.2531448576079808,0.7654866283183985
1,35,haar_random,clifford,7,4,100,10,2.233535463274495,12.96278100037378
1,35,haar_random,clifford,7,4,100,100,1.1056832843945403,2.6427810003738132
1,35,haar_random,clifford,7,4,100,500,0.5526624667903439,1.582100701390786
1,35,haar_random,clifford,7,4,100,1000,0.3673675749687846,1.3605228046058149
1,35,haar_random,clifford,7,4,100,5000,0.14190074606177905,0.3205104379290226
1,35,haar_random,clifford,7,4,100,10000,0.10874541756965564,0.400014235667867
1,35,haar_random,clifford,7,4,100,25000,0.07055638553051556,0.24521423566786726
1,35,haar_random,seeqst_uniform,7,4,100,10,4.432718720957759,25.70503140091637
1,35,haar_random,seeqst_uniform,7,4,100,100,1.402059870370731,5.234130844484407
1,35,haar_random,seeqst_uniform,7,4,100,500,0.6150637598737292,1.955710437929024
1,35,haar_random,seeqst_uniform,7,4,100,1000,0.4526132033106504,1.443710437929024
1,35,haar_random,seeqst_uniform,7,4,100,5000,0.21510087353569343,0.5801894418968004
1,35,haar_random,seeqst_uniform,7,4,100,10000,0.14934778814438773,0.42876543483493207
1,35,haar_random,seeqst_uniform,7,4,100,25000,0.09647656970926205,0.22589999470851221
1,35,haar_random,seeqst_binomial,7,4,100,10,1.0746371002538966,3.624840078194301
1,35,haar_random,seeqst_binomial,7,4,100,100,3.098290633420522,17.446472250644707
1,35,haar_random,seeqst_binomial,7,4,100,500,4.330607609690314,24.400542497719886
1,35,haar_random,seeqst_binomial,7,4,100,1000,2.520521195299997,12.237065959526374
1,35,haar_random,seeqst_binomial,7,4,100,5000,1.0561574536317986,5.078793813469982
1,35,haar_random,seeqst_binomial,7,4,100,10000,1.0962042007208663,6.058105179935629
1,35,haar_random,seeqst_binomial,7,4,100,25000,0.5618434820244695,2.8787493781863582
1,35,haar_random,seeqst_unifsize_l,7,4,100,10,6.057268566678258,35.13907270797246
1,35,haar_random,seeqst_unifsize_l,7,4,100,100,1.5069207632901922,7.139072707972461
1,35,haar_random,seeqst_unifsize_l,7,4,100,500,0.6079984921453963,2.0423654348349323
1,35,haar_random,seeqst_unifsize_l,7,4,100,1000,0.4265760623091744,1.3436378556219537
1,35,haar_random,seeqst_unifsize_l,7,4,100,5000,0.20867362581164686,0.5640781808751195
1,35,haar_random,seeqst_unifsize_l,7,4,100,10000,0.1427316504892944,0.45407299969918846
1,35,haar_random,seeqst_unifsize_l,7,4,100,25000,0.0892594187522867,0.25458905078714245
1,36,haar_random,pauli,7,4,100,10,0.08610445741750114,0.21429953861282913
1,36,haar_random,pauli,7,4,100,100,4.8846637696399124,21.922272150051334
1,36,haar_random,pauli,7,4,100,500,2.3057817685862543,8.693292397593837
1,36,haar_random,pauli,7,4,100,1000,1.5805886315543476,4.40842140295704
1,36,haar_random,pauli,7,4,100,5000,0.7374242088371872,2.2701740026720416
1,36,haar_random,pauli,7,4,100,10000,0.552745603524909,1.3097827190120428
1,36,haar_random,pauli,7,4,100,25000,0.2782737190010852,0.8048576364992198
1,36,haar_random,clifford,7,4,100,10,4.046994957234407,12.895456350309784
1,36,haar_random,clifford,7,4,100,100,1.2186288954158104,2.636550219899904
1,36,haar_random,clifford,7,4,100,500,0.5428492915731443,1.582100701390786
1,36,haar_random,clifford,7,4,100,1000,0.34143569878456753,0.8161142397794711
1,36,haar_random,clifford,7,4,100,5000,0.1644401914403746,0.38362706653369655
1,36,haar_random,clifford,7,4,100,10000,0.1196897249544631,0.29471043792902274
1,36,haar_random,clifford,7,4,100,25000,0.07158660855796874,0.20399783374112074
1,36,haar_random,seeqst_uniform,7,4,100,10,4.427700224923559,25.567575099169645
1,36,haar_random,seeqst_uniform,7,4,100,100,1.6066962599371841,5.036825997327957
1,36,haar_random,seeqst_uniform,7,4,100,500,0.7238897693996066,1.955710437929024
1,36,haar_random,seeqst_uniform,7,4,100,1000,0.5418247741951862,1.443710437929024
1,36,haar_random,seeqst_uniform,7,4,100,5000,0.2190216152084042,0.4697384458983618
1,36,haar_random,seeqst_uniform,7,4,100,10000,0.14164255004440768,0.46377293346630244
1,36,haar_random,seeqst_uniform,7,4,100,25000,0.10251802903147736,0.32041293346630245
1,36,haar_random,seeqst_binomial,7,4,100,10,2.6330147824483885,25.06142944839633
1,36,haar_random,seeqst_binomial,7,4,100,100,12.618692107806153,122.159072608237
1,36,haar_random,seeqst_binomial,7,4,100,500,4.394956466563938,24.536153373707993
1,36,haar_random,seeqst_binomial,7,4,100,1000,2.893574980701822,12.349463699108842
1,36,haar_random,seeqst_binomial,7,4,100,5000,0.9400785176386907,2.5668304629572383
1,36,haar_random,seeqst_binomial,7,4,100,10000,0.544895105057551,2.5486275628186235
1,36,haar_random,seeqst_binomial,7,4,100,25000,0.2685357456012402,1.0812325773958826
1,36,haar_random,seeqst_unifsize_l,7,4,100,10,4.791137523274432,34.94865744536516
1,36,haar_random,seeqst_unifsize_l,7,4,100,100,1.142891202706516,3.586885760220526
1,36,haar_random,seeqst_unifsize_l,7,4,100,500,0.6270883410926945,3.376157156341959
1,36,haar_random,seeqst_unifsize_l,7,4,100,1000,0.46443146056186085,1.6261571563419592
1,36,haar_random,seeqst_unifsize_l,7,4,100,5000,0.2061847924204432,0.7042995386128291
1,36,haar_random,seeqst_unifsize_l,7,4,100,10000,0.14930484461920668,0.5642995386128291
1,36,haar_random,seeqst_unifsize_l,7,4,100,25000,0.09177251121969382,0.32424791838663636
1,37,haar_random,pauli,7,4,100,10,0.07412636104655566,0.2253839305941234
1,37,haar_random,pauli,7,4,100,100,5.771741393180838,21.868224485875597
1,37,haar_random,pauli,7,4,100,500,2.5368725460995227,8.666598360031495
1,37,haar_random,pauli,7,4,100,1000,1.549191039118658,4.450336388834777
1,37,haar_random,pauli,7,4,100,5000,0.6451846393952374,2.1824563503098235
1,37,haar_random,pauli,7,4,100,10000,0.4887529038618924,1.2960234408534732
1,37,haar_random,pauli,7,4,100,25000,0.2604845884675704,0.6836634408534735
1,37,haar_random,clifford,7,4,100,10,2.887065936188563,12.980645433238768
1,37,haar_random,clifford,7,4,100,100,1.3687743074328749,2.727204711633441
1,37,haar_random,clifford,7,4,100,500,0.5714814642821074,1.582100701390786
1,37,haar_random,clifford,7,4,100,1000,0.37931094487697997,1.0046831361514044
1,37,haar_random,clifford,7,4,100,5000,0.15528619219139705,0.38362706653369655
1,37,haar_random,clifford,7,4,100,10000,0.10185684535888143,0.23974478996021337
1,37,haar_random,clifford,7,4,100,25000,0.06946120209911365,0.17886591620290904
1,37,haar_random,seeqst_uniform,7,4,100,10,2.5538526325149666,25.527868264065667
1,37,haar_random,seeqst_uniform,7,4,100,100,1.4373292581411563,2.6724825765271847
1,37,haar_random,seeqst_uniform,7,4,100,500,0.6962303294381702,2.041438200173933
1,37,haar_random,seeqst_uniform,7,4,100,1000,0.4975292399455497,1.5294382001739328
1,37,haar_random,seeqst_uniform,7,4,100,5000,0.22663950895817758,0.5814974866499902
1,37,haar_random,seeqst_uniform,7,4,100,10000,0.14851830939475566,0.46377293346630244
1,37,haar_random,seeqst_uniform,7,4,100,25000,0.09750744753587824,0.32041293346630245
1,37,haar_random,seeqst_binomial,7,4,100,10,0.8071028511544428,3.624840078194301
1,37,haar_random,seeqst_binomial,7,4,100,100,4.678350141153888,17.53622450734667
1,37,haar_random,seeqst_binomial,7,4,100,500,1.2174772038540442,3.5954807204912655
1,37,haar_random,seeqst_binomial,7,4,100,1000,1.9127549451544181,12.309090359552648
1,37,haar_random,seeqst_binomial,7,4,100,5000,0.6900103000303405,2.5264571234010447
1,37,haar_random,seeqst_binomial,7,4,100,10000,0.588244641023687,2.5264571234010447
1,37,haar_random,seeqst_binomial,7,4,100,25000,0.3755942644608393,1.5190851676292478
1,37,haar_random,seeqst_unifsize_l,7,4,100,10,3.635402140913933,35.00634078564066
1,37,haar_random,seeqst_unifsize_l,7,4,100,100,1.7593497235289601,6.993438200173933
1,37,haar_random,seeqst_unifsize_l,7,4,100,500,0.6585336351206941,2.2795375939268285
1,37,haar_random,seeqst_unifsize_l,7,4,100,1000,0.5368043807769718,1.3954563503098254
1,37,haar_random,seeqst_unifsize_l,7,4,100,5000,0.25924525816155447,0.7934034339799627
1,37,haar_random,seeqst_unifsize_l,7,4,100,10000,0.17388484572411222,0.4616302397022988
1,37,haar_random,seeqst_unifsize_l,7,4,100,25000,0.08417378712137716,0.231663611165221
1,38,haar_random,pauli,7,4,100,10,0.08582701844537449,0.1929191777729868
1,38,haar_random,pauli,7,4,100,100,6.549533404677409,43.68007631045175
1,38,haar_random,pauli,7,4,100,500,2.648994550390521,13.107509945687571
1,38,haar_random,pauli,7,4,100,1000,1.692361439321428,8.733509945687572
1,38,haar_random,pauli,7,4,100,5000,0.7124630679421509,2.172509945687576
1,38,haar_random,pauli,7,4,100,10000,0.5315290385613352,1.2960234408534732
1,38,haar_random,pauli,7,4,100,25000,0.31621247876740116,0.7926348892672787
1,38,haar_random,clifford,7,4,100,10,3.624168320829443,12.865364043383337
1,38,haar_random,clifford,7,4,100,100,1.2459360720853538,3.9205305372425614
1,38,haar_random,clifford,7,4,100,500,0.5318018310610214,1.582100701390786
1,38,haar_random,clifford,7,4,100,1000,0.39211232128230183,1.3798201115968334
1,38,haar_random,clifford,7,4,100,5000,0.14025068997302412,0.352615221739714
1,38,haar_random,clifford,7,4,100,10000,0.10794136620282219,0.29471043792902274
1,38,haar_random,clifford,7,4,100,25000,0.06315219192998565,0.22596319498925435
1,38,haar_random,seeqst_uniform,7,4,100,10,4.443910147235586,25.718408538044162
1,38,haar_random,seeqst_uniform,7,4,100,100,1.3840942948836352,5.234130844484407
1,38,haar_random,seeqst_uniform,7,4,100,500,0.7946482659559195,2.500076310451785
1,38,haar_random,seeqst_uniform,7,4,100,1000,0.6277987253701116,1.9880763104517851
1,38,haar_random,seeqst_uniform,7,4,100,5000,0.22517404645478373,0.5801894418968004
1,38,haar_random,seeqst_uniform,7,4,100,10000,0.1548317659867378,0.4099792017295981
1,38,haar_random,seeqst_uniform,7,4,100,25000,0.09657606802802586,0.23589920172959808
1,38,haar_random,seeqst_binomial,7,4,100,10,4.352788834938076,24.882368917857494
1,38,haar_random,seeqst_binomial,7,4,100,100,2.6387010373925,17.446472250644707
1,38,haar_random,seeqst_binomial,7,4,100,500,4.3976903521159345,24.641534663645107
1,38,haar_random,seeqst_binomial,7,4,100,1000,3.1199125214287133,12.413243118455602
1,38,haar_random,seeqst_binomial,7,4,100,5000,1.0950641264800423,4.856931839815517
1,38,haar_random,seeqst_binomial,7,4,100,10000,0.805297896120539,4.744051193792158
1,38,haar_random,seeqst_binomial,7,4,100,25000,0.503620342500876,2.075623457576805
1,38,haar_random,seeqst_unifsize_l,7,4,100,10,6.512751036062439,35.13907270797246
1,38,haar_random,seeqst_unifsize_l,7,4,100,100,1.7822594539354517,7.139072707972461
1,38,haar_random,seeqst_unifsize_l,7,4,100,500,0.7388032029678459,2.093438200173933
1,38,haar_random,seeqst_unifsize_l,7,4,100,1000,0.48929738895556585,1.1699217177657755
1,38,haar_random,seeqst_unifsize_l,7,4,100,5000,0.22715734183770578,0.621469462757427
1,38,haar_random,seeqst_unifsize_l,7,4,100,10000,0.13763526767212864,0.42076638558855306
1,38,haar_random,seeqst_unifsize_l,7,4,100,25000,0.10113233036068534,0.35331680501074514
1,39,haar_random,pauli,7,4,100,10,0.08395585873593804,0.19177499753339838
1,39,haar_random,pauli,7,4,100,100,4.8815531747689285,21.940187648100075
1,39,haar_random,pauli,7,4,100,500,2.335523954255112,8.81818764810008
1,39,haar_random,pauli,7,4,100,1000,1.468971114185305,4.444187648100083
1,39,haar_random,pauli,7,4,100,5000,0.6463449955633624,1.386278180875119
1,39,haar_random,pauli,7,4,100,10000,0.48507194485235694,1.0876568722856663
1,39,haar_random,pauli,7,4,100,25000,0.24333499625489166,0.7717966797388934
1,39,haar_random,clifford,7,4,100,10,2.216245780576821,12.929872965243822
1,39,haar_random,clifford,7,4,100,100,1.2334825966484897,3.968588035504864
1,39,haar_random,clifford,7,4,100,500,0.5672610392138252,1.582100701390786
1,39,haar_random,clifford,7,4,100,1000,0.39020061627110175,0.730507570678081
1,39,haar_random,clifford,7,4,100,5000,0.1482166629855914,0.34793736258188773
1,39,haar_random,clifford,7,4,100,10000,0.11212551472245087,0.400014235667867
1,39,haar_random,clifford,7,4,100,25000,0.07143198932572754,0.24521423566786726
1,39,haar_random,seeqst_uniform,7,4,100,10,2.554156834929623,25.527868264065667
1,39,haar_random,seeqst_uniform,7,4,100,100,1.2982277418010677,2.656429596129519
1,39,haar_random,seeqst_uniform,7,4,100,500,0.6774592192221403,1.676145266443314
1,39,haar_random,seeqst_uniform,7,4,100,1000,0.5180439202182697,1.2955233202611063
1,39,haar_random,seeqst_uniform,7,4,100,5000,0.20428815202255782,0.5801894418968004
1,39,haar_random,seeqst_uniform,7,4,100,10000,0.12644741843562246,0.29879715422137654
1,39,haar_random,seeqst_uniform,7,4,100,25000,0.11324933074360224,0.27045849413285056
1,39,haar_random,seeqst_binomial,7,4,100,10,1.0670196239652094,3.624840078194301
1,39,haar_random,seeqst_binomial,7,4,100,100,3.1274160175798675,17.446472250644707
1,39,haar_random,seeqst_binomial,7,4,100,500,3.5956192400603815,24.472106410640116
1,39,haar_random,seeqst_binomial,7,4,100,1000,3.0559475859912357,12.308684942838486
1,39,haar_random,seeqst_binomial,7,4,100,5000,1.0267874114907847,4.906839938336908
1,39,haar_random,seeqst_binomial,7,4,100,10000,0.7066008694147765,2.38079567161979
1,39,haar_random,seeqst_binomial,7,4,100,25000,0.4144587878815971,1.8916640098122095
1,39,haar_random,seeqst_unifsize_l,7,4,100,10,8.486317829137183,35.1917749975334
1,39,haar_random,seeqst_unifsize_l,7,4,100,100,1.6219002635140398,6.994381016939079
1,39,haar_random,seeqst_unifsize_l,7,4,100,500,0.6523538224765812,2.1444811850211947
1,39,haar_random,seeqst_unifsize_l,7,4,100,1000,0.48673961671605104,1.4444811850211945
1,39,haar_random,seeqst_unifsize_l,7,4,100,5000,0.22395572377301562,0.6035248199920432
1,39,haar_random,seeqst_unifsize_l,7,4,100,10000,0.14605271096579847,0.4616302397022988
1,39,haar_random,seeqst_unifsize_l,7,4,100,25000,0.08629482686268077,0.22381235189991344
1,40,haar_random,pauli,7,4,100,10,0.09071713875621291,0.23783333395868933
1,40,haar_random,pauli,7,4,100,100,5.348794654383437,21.933720936323745
1,40,haar_random,pauli,7,4,100,500,2.391072774911364,13.107509945687571
1,40,haar_random,pauli,7,4,100,1000,1.7682940215164988,8.733509945687572
1,40,haar_random,pauli,7,4,100,5000,0.6792461590690905,2.172509945687576
1,40,haar_random,pauli,7,4,100,10000,0.4688662458931089,1.2162669708836684
1,40,haar_random,pauli,7,4,100,25000,0.2675113517818048,0.691602020505513
1,40,haar_random,clifford,7,4,100,10,3.3795161469885056,12.865364043383337
1,40,haar_random,clifford,7,4,100,100,1.3945119346023402,3.9205305372425614
1,40,haar_random,clifford,7,4,100,500,0.5684617204154164,1.582100701390786
1,40,haar_random,clifford,7,4,100,1000,0.3769649433064115,0.9839799370745215
1,40,haar_random,clifford,7,4,100,5000,0.15784530569880031,0.40382674333646895
1,40,haar_random,clifford,7,4,100,10000,0.118505536867225,0.28789082070380084
1,40,haar_random,clifford,7,4,100,25000,0.06722002172793075,0.17695082070380153
1,40,haar_random,seeqst_uniform,7,4,100,10,5.112734139454237,25.70503140091637
1,40,haar_random,seeqst_uniform,7,4,100,100,1.4317090922635962,2.7978333339586894
1,40,haar_random,seeqst_uniform,7,4,100,500,0.7017395537959412,2.2250200629254753
1,40,haar_random,seeqst_uniform,7,4,100,1000,0.5293643677747952,1.969020062925475
1,40,haar_random,seeqst_uniform,7,4,100,5000,0.2400629916890634,0.7298290301193566
1,40,haar_random,seeqst_uniform,7,4,100,10000,0.14087697687279577,0.5250290301193565
1,40,haar_random,seeqst_uniform,7,4,100,25000,0.09472678506927898,0.23151426930901006
1,40,haar_random,seeqst_binomial,7,4,100,10,2.581163726615398,25.06142944839633
1,40,haar_random,seeqst_binomial,7,4,100,100,12.623531421873876,122.21459030909124
1,40,haar_random,seeqst_binomial,7,4,100,500,4.331704856136378,24.49348905796884
1,40,haar_random,seeqst_binomial,7,4,100,1000,3.3022218748044603,12.320327061137851
1,40,haar_random,seeqst_binomial,7,4,100,5000,1.058690965360178,2.537693824986247
1,40,haar_random,seeqst_binomial,7,4,100,10000,0.7954919420765406,2.537693824986247
1,40,haar_random,seeqst_binomial,7,4,100,25000,0.39509749387752446,1.8916640098122095
1,40,haar_random,seeqst_unifsize_l,7,4,100,10,5.473173783213609,35.1917749975334
1,40,haar_random,seeqst_unifsize_l,7,4,100,100,1.7481375006156765,6.93238690718269
1,40,haar_random,seeqst_unifsize_l,7,4,100,500,0.7333602248131503,2.071787315996537
1,40,haar_random,seeqst_unifsize_l,7,4,100,1000,0.4453038827730407,1.304970368210377
1,40,haar_random,seeqst_unifsize_l,7,4,100,5000,0.21775748258041908,0.621469462757427
1,40,haar_random,seeqst_unifsize_l,7,4,100,10000,0.14603675854902085,0.4970627788871092
1,40,haar_random,seeqst_unifsize_l,7,4,100,25000,0.09270062613109926,0.29835800037586535
1,41,haar_random,pauli,7,4,100,10,0.08738285161041483,0.2253839305941234
1,41,haar_random,pauli,7,4,100,100,4.3684009741269,21.868224485875597
1,41,haar_random,pauli,7,4,100,500,2.506341035443646,13.107509945687571
1,41,haar_random,pauli,7,4,100,1000,1.5912717889663677,8.733509945687572
1,41,haar_random,pauli,7,4,100,5000,0.6985052415087732,2.2225474644795145
1,41,haar_random,pauli,7,4,100,10000,0.5338256733653786,1.3477474644795149
1,41,haar_random,pauli,7,4,100,25000,0.2880731068413816,0.8048576364992198
1,41,haar_random,clifford,7,4,100,10,2.8727284523308025,12.959752318427753
1,41,haar_random,clifford,7,4,100,100,1.1708840003910492,2.636550219899904
1,41,haar_random,clifford,7,4,100,500,0.5644722910187133,1.582100701390786
1,41,haar_random,clifford,7,4,100,1000,0.3847495181848846,0.8111743676582085
1,41,haar_random,clifford,7,4,100,5000,0.1508888992267897,0.3472976364992194
1,41,haar_random,clifford,7,4,100,10000,0.11376841035434629,0.2564743676582101
1,41,haar_random,clifford,7,4,100,25000,0.06605275013656133,0.16840245646601745
1,41,haar_random,seeqst_uniform,7,4,100,10,3.6263805839061307,25.71953403244139
1,41,haar_random,seeqst_uniform,7,4,100,100,1.3263794784438643,5.234130844484407
1,41,haar_random,seeqst_uniform,7,4,100,500,0.6749268153323029,1.676145266443314
1,41,haar_random,seeqst_uniform,7,4,100,1000,0.5134369769295699,1.2736966255497337
1,41,haar_random,seeqst_uniform,7,4,100,5000,0.22118980009650352,0.5801894418968004
1,41,haar_random,seeqst_uniform,7,4,100,10000,0.1469385058513009,0.42876543483493207
1,41,haar_random,seeqst_uniform,7,4,100,25000,0.09804807430259671,0.2710102327023136
1,41,haar_random,seeqst_binomial,7,4,100,10,1.0217674266926977,3.624840078194301
1,41,haar_random,seeqst_binomial,7,4,100,100,1.9162857544638385,17.30529054141779
1,41,haar_random,seeqst_binomial,7,4,100,500,0.843150908458725,3.5459933816657228
1,41,haar_random,seeqst_binomial,7,4,100,1000,1.315662425925357,12.121809088723486
1,41,haar_random,seeqst_binomial,7,4,100,5000,1.10945736670926,7.412459473868058
1,41,haar_random,seeqst_binomial,7,4,100,10000,0.6568648401831065,2.5211428557922564
1,41,haar_random,seeqst_binomial,7,4,100,25000,0.44576639365802484,2.4324283526667054
1,41,haar_random,seeqst_unifsize_l,7,4,100,10,7.187244401527114,35.15837023270231
1,41,haar_random,seeqst_unifsize_l,7,4,100,100,1.5192084530684433,6.994381016939079
1,41,haar_random,seeqst_unifsize_l,7,4,100,500,0.8001853155331667,3.501736135255002
1,41,haar_random,seeqst_unifsize_l,7,4,100,1000,0.48585184697989114,2.4517361352550022
1,41,haar_random,seeqst_unifsize_l,7,4,100,5000,0.2276326975539959,0.8267700436288044
1,41,haar_random,seeqst_unifsize_l,7,4,100,10000,0.14210450838718497,0.5642995386128291
1,41,haar_random,seeqst_unifsize_l,7,4,100,25000,0.09553243915327851,0.28429953861282914
1,42,haar_random,pauli,7,4,100,10,21.884545940969605,218.84351515956337
1,42,haar_random,pauli,7,4,100,100,5.368352689817408,43.883515159563444
1,42,haar_random,pauli,7,4,100,500,2.0507957584693925,8.891515159563463
1,42,haar_random,pauli,7,4,100,1000,1.4737923952122483,4.517515159563465
1,42,haar_random,pauli,7,4,100,5000,0.6837921781919228,1.8733643057944869
1,42,haar_random,pauli,7,4,100,10000,0.4969064052544332,1.637604804294803
1,42,haar_random,pauli,7,4,100,25000,0.2600405680366841,0.6405327100481972
1,42,haar_random,clifford,7,4,100,10,4.053864440083412,13.002649873018063
1,42,haar_random,clifford,7,4,100,100,1.2254366247312833,3.968588035504864
1,42,haar_random,clifford,7,4,100,500,0.5100280754759715,1.2242938766211957
1,42,haar_random,clifford,7,4,100,1000,0.34746772754613325,0.9252951957051934
1,42,haar_random,clifford,7,4,100,5000,0.14910429834931516,0.33016430579448747
1,42,haar_random,clifford,7,4,100,10000,0.12305872800329502,0.3556133680643536
1,42,haar_random,clifford,7,4,100,25000,0.06764342639157538,0.21887336806435412
1,42,haar_random,seeqst_uniform,7,4,100,10,0.09335809809089529,0.19782427268377498
1,42,haar_random,seeqst_uniform,7,4,100,100,1.383537290357338,2.681686631935645
1,42,haar_random,seeqst_uniform,7,4,100,500,0.7151639792326832,2.1096177528370865
1,42,haar_random,seeqst_uniform,7,4,100,1000,0.5511583246414552,1.443710437929024
1,42,haar_random,seeqst_uniform,7,4,100,5000,0.20620600967495772,0.48194568684055583
1,42,haar_random,seeqst_uniform,7,4,100,10000,0.1439027079710645,0.3867111494437102
1,42,haar_random,seeqst_uniform,7,4,100,25000,0.10233606282481542,0.24130191186857008
1,42,haar_random,seeqst_binomial,7,4,100,10,2.6125397809023094,24.882368917857494
1,42,haar_random,seeqst_binomial,7,4,100,100,3.1661880263712945,17.400237963113554
1,42,haar_random,seeqst_binomial,7,4,100,500,2.7409369454630745,24.39901138348331
1,42,haar_random,seeqst_binomial,7,4,100,1000,2.2945145013869332,12.279981727396011
1,42,haar_random,seeqst_binomial,7,4,100,5000,0.8342558452400559,2.584031202808381
1,42,haar_random,seeqst_binomial,7,4,100,10000,0.6389239992256042,2.476445919967663
1,42,haar_random,seeqst_binomial,7,4,100,25000,0.39232436159473677,1.5190851676292478
1,42,haar_random,seeqst_unifsize_l,7,4,100,10,5.898061801853594,34.969212389070236
1,42,haar_random,seeqst_unifsize_l,7,4,100,100,1.5202857276740598,7.072345686840555
1,42,haar_random,seeqst_unifsize_l,7,4,100,500,0.655925715570675,2.0612348374923166
1,42,haar_random,seeqst_unifsize_l,7,4,100,1000,0.4178231274428914,1.1699217177657755
1,42,haar_random,seeqst_unifsize_l,7,4,100,5000,0.25205135351371233,0.7183098177934927
1,42,haar_random,seeqst_unifsize_l,7,4,100,10000,0.1667760447396401,0.42894888800158615
1,42,haar_random,seeqst_unifsize_l,7,4,100,25000,0.0957994868215261,0.24291783939140774
1,43,haar_random,pauli,7,4,100,10,0.08352921423482416,0.21665363886819997
1,43,haar_random,pauli,7,4,100,100,3.7791108651477825,21.813449780100083
1,43,haar_random,pauli,7,4,100,500,2.182945353280775,4.48778586687784
1,43,haar_random,pauli,7,4,100,1000,1.5023884401287102,4.48898629264849
1,43,haar_random,pauli,7,4,100,5000,0.6107648268628532,2.2225474644795145
1,43,haar_random,pauli,7,4,100,10000,0.47913381240645164,1.4735920537433143
1,43,haar_random,pauli,7,4,100,25000,0.27188294576852623,0.5901530687588306
1,43,haar_random,clifford,7,4,100,10,3.1288534747749517,12.842692053743281
1,43,haar_random,clifford,7,4,100,100,1.3045471607555854,2.636550219899904
1,43,haar_random,clifford,7,4,100,500,0.5550253883497536,1.582100701390786
1,43,haar_random,clifford,7,4,100,1000,0.3768355053559624,0.9839799370745215
1,43,haar_random,clifford,7,4,100,5000,0.13043515822397125,0.37346729286370584
1,43,haar_random,clifford,7,4,100,10000,0.11908628473378423,0.37470688500840077
1,43,haar_random,clifford,7,4,100,25000,0.07123768348664695,0.17802051024600585
1,43,haar_random,seeqst_uniform,7,4,100,10,2.556446490890785,25.550862365541256
1,43,haar_random,seeqst_uniform,7,4,100,100,1.4244352249647207,2.737020062925475
1,43,haar_random,seeqst_uniform,7,4,100,500,0.7471616766511274,2.2250200629254753
1,43,haar_random,seeqst_uniform,7,4,100,1000,0.5436394897707633,1.969020062925475
1,43,haar_random,seeqst_uniform,7,4,100,5000,0.20855731479001766,0.5233858668778429
1,43,haar_random,seeqst_uniform,7,4,100,10000,0.1431155134059725,0.33720892004769
1,43,haar_random,seeqst_uniform,7,4,100,25000,0.09552619119832775,0.2710102327023136
1,43,haar_random,seeqst_binomial,7,4,100,10,3.652989136284487,25.06142944839633
1,43,haar_random,seeqst_binomial,7,4,100,100,12.26438665739891,122.33070760497337
1,43,haar_random,seeqst_binomial,7,4,100,500,4.324294330940174,24.505720724837754
1,43,haar_random,seeqst_binomial,7,4,100,1000,2.8243067483317996,12.309090359552648
1,43,haar_random,seeqst_binomial,7,4,100,5000,1.078772476967082,4.846411810860811
1,43,haar_random,seeqst_binomial,7,4,100,10000,0.733764803745364,2.564296770118318
1,43,haar_random,seeqst_binomial,7,4,100,25000,0.3814464951025778,1.2507413465545407
1,43,haar_random,seeqst_unifsize_l,7,4,100,10,5.388132582859233,35.15837023270231
1,43,haar_random,seeqst_unifsize_l,7,4,100,100,1.6977226200334277,6.957477749460517
1,43,haar_random,seeqst_unifsize_l,7,4,100,500,0.7361934640472853,2.1233893868568328
1,43,haar_random,seeqst_unifsize_l,7,4,100,1000,0.4228261745640626,1.0733893868568327
1,43,haar_random,seeqst_unifsize_l,7,4,100,5000,0.24049650133429676,0.7934034339799627
1,43,haar_random,seeqst_unifsize_l,7,4,100,10000,0.15173249707654585,0.5237885141215356
1,43,haar_random,seeqst_unifsize_l,7,4,100,25000,0.09999481033014038,0.4344672928637071
1,44,haar_random,pauli,7,4,100,10,0.08870865806087909,0.21429953861282913
1,44,haar_random,pauli,7,4,100,100,3.0862830483509254,21.815292397593833
1,44,haar_random,pauli,7,4,100,500,2.135961452676971,8.693292397593837
1,44,haar_random,pauli,7,4,100,1000,1.439518815411937,4.406624446920703
1,44,haar_random,pauli,7,4,100,5000,0.5997970134931824,2.094964484051652
1,44,haar_random,pauli,7,4,100,10000,0.4950534319637173,1.2960234408534732
1,44,haar_random,pauli,7,4,100,25000,0.2842336379503707,0.852357577526032
1,44,haar_random,clifford,7,4,100,10,3.143734238899931,12.980645433238768
1,44,haar_random,clifford,7,4,100,100,1.0608395373051105,2.636550219899904
1,44,haar_random,clifford,7,4,100,500,0.5457309090487168,1.582100701390786
1,44,haar_random,clifford,7,4,100,1000,0.3699882973941174,0.9839799370745215
1,44,haar_random,clifford,7,4,100,5000,0.15198748962747125,0.352615221739714
1,44,haar_random,clifford,7,4,100,10000,0.10919797463351202,0.29471043792902274
1,44,haar_random,clifford,7,4,100,25000,0.0703713502719342,0.22596319498925435
1,44,haar_random,seeqst_uniform,7,4,100,10,3.6231514827413682,25.69137702956841
1,44,haar_random,seeqst_uniform,7,4,100,100,1.516498829599971,5.234130844484407
1,44,haar_random,seeqst_uniform,7,4,100,500,0.642506030277506,2.2250200629254753
1,44,haar_random,seeqst_uniform,7,4,100,1000,0.5762892300107121,1.969020062925475
1,44,haar_random,seeqst_uniform,7,4,100,5000,0.21592395670326386,0.5194189697063567
1,44,haar_random,seeqst_uniform,7,4,100,10000,0.13207240685635155,0.36571783939140773
1,44,haar_random,seeqst_uniform,7,4,100,25000,0.09608674286858575,0.2441537533168264
1,44,haar_random,seeqst_binomial,7,4,100,10,2.564059655171382,24.866463267352728
1,44,haar_random,seeqst_binomial,7,4,100,100,12.73128767021354,122.20144333054385
1,44,haar_random,seeqst_binomial,7,4,100,500,4.450607156419866,24.422198312118724
1,44,haar_random,seeqst_binomial,7,4,100,1000,2.954967155382815,12.320327061137851
1,44,haar_random,seeqst_binomial,7,4,100,5000,1.0044916110802078,4.856931839815517
1,44,haar_random,seeqst_binomial,7,4,100,10000,0.7668192064757237,3.628034902168501
1,44,haar_random,seeqst_binomial,7,4,100,25000,0.43279174322370534,1.9160740858419707
1,44,haar_random,seeqst_unifsize_l,7,4,100,10,4.31038412010535,34.99794898462503
1,44,haar_random,seeqst_unifsize_l,7,4,100,100,1.2563270605378283,3.643850584605839
1,44,haar_random,seeqst_unifsize_l,7,4,100,500,0.6980959876464535,2.2795375939268285
1,44,haar_random,seeqst_unifsize_l,7,4,100,1000,0.4527115977896068,1.2295375939268285
1,44,haar_random,seeqst_unifsize_l,7,4,100,5000,0.23115909489153316,0.7114721213511839
1,44,haar_random,seeqst_unifsize_l,7,4,100,10000,0.16677721491414055,0.5642995386128291
1,44,haar_random,seeqst_unifsize_l,7,4,100,25000,0.10852335120915618,0.35331680501074514
1,45,haar_random,pauli,7,4,100,10,0.08811666791101008,0.215926746516974
1,45,haar_random,pauli,7,4,100,100,4.889321053114328,43.68007631045175
1,45,haar_random,pauli,7,4,100,500,2.348020354956253,8.688076310451777
1,45,haar_random,pauli,7,4,100,1000,1.577470239384914,4.48898629264849
1,45,haar_random,pauli,7,4,100,5000,0.6165158971098447,1.4049948892672781
1,45,haar_random,pauli,7,4,100,10000,0.4783489997431277,1.2960234408534732
1,45,haar_random,pauli,7,4,100,25000,0.2823891231051372,0.7926348892672787
1,45,haar_random,clifford,7,4,100,10,3.3976578947779177,12.945201603611705
1,45,haar_random,clifford,7,4,100,100,1.1913594826700802,3.968588035504864
1,45,haar_random,clifford,7,4,100,500,0.5034275143900507,1.582100701390786
1,45,haar_random,clifford,7,4,100,1000,0.40220666621018636,0.9907486756051459
1,45,haar_random,clifford,7,4,100,5000,0.16045678900133187,0.3544234453972116
1,45,haar_random,clifford,7,4,100,10000,0.13131207508292878,0.30282344539721173
1,45,haar_random,clifford,7,4,100,25000,0.07015619085740446,0.17695082070380153
1,45,haar_random,seeqst_uniform,7,4,100,10,5.118734961934859,25.718408538044162
1,45,haar_random,seeqst_uniform,7,4,100,100,1.511251508522261,5.154266744756684
1,45,haar_random,seeqst_uniform,7,4,100,500,0.7424201379911345,2.500076310451785
1,45,haar_random,seeqst_uniform,7,4,100,1000,0.5907768250453191,1.9880763104517851
1,45,haar_random,seeqst_uniform,7,4,100,5000,0.26029445128986956,0.7518337220203805
1,45,haar_random,seeqst_uniform,7,4,100,10000,0.16568265327251996,0.5250290301193565
1,45,haar_random,seeqst_uniform,7,4,100,25000,0.10848412162651079,0.27947081186735573
1,45,haar_random,seeqst_binomial,7,4,100,10,2.662613491851964,24.867769666997567
1,45,haar_random,seeqst_binomial,7,4,100,100,2.6227403265412845,17.521820826215233
1,45,haar_random,seeqst_binomial,7,4,100,500,0.7757820131598157,3.612206122384019
1,45,haar_random,seeqst_binomial,7,4,100,1000,2.21452318921196,12.34392235705686
1,45,haar_random,seeqst_binomial,7,4,100,5000,0.8709668832437962,2.561289120905257
1,45,haar_random,seeqst_binomial,7,4,100,10000,0.6932005655799194,2.492212327579933
1,45,haar_random,seeqst_binomial,7,4,100,25000,0.3113288551533552,1.4172018289448631
1,45,haar_random,seeqst_unifsize_l,7,4,100,10,6.8670742500047615,35.068803314789434
1,45,haar_random,seeqst_unifsize_l,7,4,100,100,1.7313912089016823,7.068803314789433
1,45,haar_random,seeqst_unifsize_l,7,4,100,500,0.6639054034799147,1.6312623978084533
1,45,haar_random,seeqst_unifsize_l,7,4,100,1000,0.46055754994876924,1.3436378556219537
1,45,haar_random,seeqst_unifsize_l,7,4,100,5000,0.24424843981820296,0.7251765546027876
1,45,haar_random,seeqst_unifsize_l,7,4,100,10000,0.16226513068816623,0.48017655460278763
1,45,haar_random,seeqst_unifsize_l,7,4,100,25000,0.10212601531251643,0.3570337220203805
1,46,haar_random,pauli,7,4,100,10,0.087782647847492,0.215926746516974
1,46,haar_random,pauli,7,4,100,100,7.242907856924924,43.68007631045175
1,46,haar_random,pauli,7,4,100,500,2.7851150211501094,13.107509945687571
1,46,haar_random,pauli,7,4,100,1000,1.6593992007432574,8.733509945687572
1,46,haar_random,pauli,7,4,100,5000,0.6819458915148079,2.172509945687576
1,46,haar_random,pauli,7,4,100,10000,0.5013199049135459,1.0907267465169737
1,46,haar_random,pauli,7,4,100,25000,0.2803200238093082,0.852357577526032
1,46,haar_random,clifford,7,4,100,10,3.851032863828001,12.989186958309519
1,46,haar_random,clifford,7,4,100,100,1.3239811413681373,3.9205305372425614
1,46,haar_random,clifford,7,4,100,500,0.5413308187897322,1.582100701390786
1,46,haar_random,clifford,7,4,100,1000,0.37321276056144453,0.9050510153749616
1,46,haar_random,clifford,7,4,100,5000,0.1571428882779494,0.38362706653369655
1,46,haar_random,clifford,7,4,100,10000,0.10897688937237261,0.29471043792902274
1,46,haar_random,clifford,7,4,100,25000,0.06401190736704514,0.18555464983509812
1,46,haar_random,seeqst_uniform,7,4,100,10,0.08778264784749197,0.215926746516974
1,46,haar_random,seeqst_uniform,7,4,100,100,1.5149732590862213,5.133240958367851
1,46,haar_random,seeqst_uniform,7,4,100,500,0.8525267613128451,2.500076310451785
1,46,haar_random,seeqst_uniform,7,4,100,1000,0.6256276106407804,1.9880763104517851
1,46,haar_random,seeqst_uniform,7,4,100,5000,0.212037121212444,0.49878695830956576
1,46,haar_random,seeqst_uniform,7,4,100,10000,0.15851774993255954,0.46377293346630244
1,46,haar_random,seeqst_uniform,7,4,100,25000,0.10085342785411339,0.32041293346630245
1,46,haar_random,seeqst_binomial,7,4,100,10,2.680466760708178,25.06142944839633
1,46,haar_random,seeqst_binomial,7,4,100,100,12.628561083241609,122.33070760497337
1,46,haar_random,seeqst_binomial,7,4,100,500,2.633498148021598,24.504375243457346
1,46,haar_random,seeqst_binomial,7,4,100,1000,2.2453239684299495,12.276083698267842
1,46,haar_random,seeqst_binomial,7,4,100,5000,0.7502095464535162,2.5647551193843854
1,46,haar_random,seeqst_binomial,7,4,100,10000,0.6441031045572727,2.4522040183173357
1,46,haar_random,seeqst_binomial,7,4,100,25000,0.3557319354467475,2.075623457576805
1,46,haar_random,seeqst_unifsize_l,7,4,100,10,5.778469758679944,34.99794898462503
1,46,haar_random,seeqst_unifsize_l,7,4,100,100,1.4777553850184857,3.612697742588132
1,46,haar_random,seeqst_unifsize_l,7,4,100,500,0.688507355154158,2.2795375939268285
1,46,haar_random,seeqst_unifsize_l,7,4,100,1000,0.4352263733641268,1.2295375939268285
1,46,haar_random,seeqst_unifsize_l,7,4,100,5000,0.23337947411983995,0.6946947213045316
1,46,haar_random,seeqst_unifsize_l,7,4,100,10000,0.1469400553426308,0.5048554676867436
1,46,haar_random,seeqst_unifsize_l,7,4,100,25000,0.10407345677144118,0.3788554676867436
1,47,haar_random,pauli,7,4,100,10,30.938281125073022,218.84351515956337
1,47,haar_random,pauli,7,4,100,100,5.79256346415119,43.883515159563444
1,47,haar_random,pauli,7,4,100,500,2.3149495855719926,8.891515159563463
1,47,haar_random,pauli,7,4,100,1000,1.5837783735780777,4.517515159563465
1,47,haar_random,pauli,7,4,100,5000,0.6572473697098983,2.2701740026720416
1,47,haar_random,pauli,7,4,100,10000,0.48052744060180647,1.031495170594227
1,47,haar_random,pauli,7,4,100,25000,0.27399855608043516,0.691602020505513
1,47,haar_random,clifford,7,4,100,10,2.2219163765257095,12.909635763119411
1,47,haar_random,clifford,7,4,100,100,1.2845241018819669,2.656240936530917
1,47,haar_random,clifford,7,4,100,500,0.6267692021134719,1.582100701390786
1,47,haar_random,clifford,7,4,100,1000,0.4275388731100823,1.3605228046058149
1,47,haar_random,clifford,7,4,100,5000,0.17403439440850846,0.44931913688370806
1,47,haar_random,clifford,7,4,100,10000,0.11359143083852748,0.28789082070380084
1,47,haar_random,clifford,7,4,100,25000,0.06507427187092793,0.17695082070380153
1,47,haar_random,seeqst_uniform,7,4,100,10,3.628522172440929,25.71953403244139
1,47,haar_random,seeqst_uniform,7,4,100,100,1.6040159778788836,5.234130844484407
1,47,haar_random,seeqst_uniform,7,4,100,500,0.6994777140206796,2.0898133318521794
1,47,haar_random,seeqst_uniform,7,4,100,1000,0.47551791098374285,1.094104466021453
1,47,haar_random,seeqst_uniform,7,4,100,5000,0.22767313782907064,0.5523951705942274
1,47,haar_random,seeqst_uniform,7,4,100,10000,0.14502549004452422,0.46377293346630244
1,47,haar_random,seeqst_uniform,7,4,100,25000,0.10248907862704956,0.32041293346630245
1,47,haar_random,seeqst_binomial,7,4,100,10,0.8007276997557332,3.624840078194301
1,47,haar_random,seeqst_binomial,7,4,100,100,1.9202945862519707,17.40698309229352
1,47,haar_random,seeqst_binomial,7,4,100,500,3.65638990417366,24.466218853498468
1,47,haar_random,seeqst_binomial,7,4,100,1000,3.0776388798732484,12.237927308308961
1,47,haar_random,seeqst_binomial,7,4,100,5000,1.2429185655118993,5.078793813469982
1,47,haar_random,seeqst_binomial,7,4,100,10000,0.9578177660450646,5.078793813469982
1,47,haar_random,seeqst_binomial,7,4,100,25000,0.4646227930735755,2.1440038426245005
1,47,haar_random,seeqst_unifsize_l,7,4,100,10,7.918813993502506,35.07624093653092
1,47,haar_random,seeqst_unifsize_l,7,4,100,100,1.6579647194268188,6.939368954828412
1,47,haar_random,seeqst_unifsize_l,7,4,100,500,0.7553569290392453,2.0984754670137837
1,47,haar_random,seeqst_unifsize_l,7,4,100,1000,0.48310433026087907,1.2117729334663025
1,47,haar_random,seeqst_unifsize_l,7,4,100,5000,0.2189359864080713,0.7039710583843011
1,47,haar_random,seeqst_unifsize_l,7,4,100,10000,0.1491058708011443,0.3889710583843011
1,47,haar_random,seeqst_unifsize_l,7,4,100,25000,0.10888767673250434,0.30579418614847187
1,48,haar_random,pauli,7,4,100,10,0.08186770837670156,0.21429953861282913
1,48,haar_random,pauli,7,4,100,100,5.352798575658711,43.67389975679181
1,48,haar_random,pauli,7,4,100,500,2.0564252537155645,8.681899756791834
1,48,haar_random,pauli,7,4,100,1000,1.4461050340113304,4.406624446920703
1,48,haar_random,pauli,7,4,100,5000,0.7659267956535266,2.272979258362139
1,48,haar_random,pauli,7,4,100,10000,0.5336868239959669,1.3913663033111052
1,48,haar_random,pauli,7,4,100,25000,0.2980475743964707,0.8048576364992198
1,48,haar_random,clifford,7,4,100,10,2.5549260811565535,12.932667061234724
1,48,haar_random,clifford,7,4,100,100,1.1434231805675308,3.9205305372425614
1,48,haar_random,clifford,7,4,100,500,0.5964709395212745,1.582100701390786
1,48,haar_random,clifford,7,4,100,1000,0.4012119755876713,1.0046831361514044
1,48,haar_random,clifford,7,4,100,5000,0.16262262203143676,0.43002074163785886
1,48,haar_random,clifford,7,4,100,10000,0.12384785613816698,0.29471043792902274
1,48,haar_random,clifford,7,4,100,25000,0.06714291045787478,0.18750074163785985
1,48,haar_random,seeqst_uniform,7,4,100,10,0.08186770837670156,0.21429953861282913
1,48,haar_random,seeqst_uniform,7,4,100,100,1.110084316427495,2.672697742588132
1,48,haar_random,seeqst_uniform,7,4,100,500,0.6126036632323274,1.955710437929024
1,48,haar_random,seeqst_uniform,7,4,100,1000,0.49637543074201207,1.443710437929024
1,48,haar_random,seeqst_uniform,7,4,100,5000,0.22596453302274302,0.5194189697063567
1,48,haar_random,seeqst_uniform,7,4,100,10000,0.16301125581414266,0.46377293346630244
1,48,haar_random,seeqst_uniform,7,4,100,25000,0.10818374270809714,0.32041293346630245
1,48,haar_random,seeqst_binomial,7,4,100,10,0.8056043279573278,3.6078967300783753
1,48,haar_random,seeqst_binomial,7,4,100,100,1.9028367994416884,17.400237963113554
1,48,haar_random,seeqst_binomial,7,4,100,500,2.7101342333038305,24.458445865553482
1,48,haar_random,seeqst_binomial,7,4,100,1000,1.8847489701495574,12.269659643399368
1,48,haar_random,seeqst_binomial,7,4,100,5000,1.167946322445486,4.893179393250273
1,48,haar_random,seeqst_binomial,7,4,100,10000,0.943643978739805,4.744051193792158
1,48,haar_random,seeqst_binomial,7,4,100,25000,0.48172295297007445,1.9583894224047922
1,48,haar_random,seeqst_unifsize_l,7,4,100,10,4.754278422549839,35.0602387926955
1,48,haar_random,seeqst_unifsize_l,7,4,100,100,1.266182606493681,3.612697742588132
1,48,haar_random,seeqst_unifsize_l,7,4,100,500,0.7141902411418546,2.658136401705561
1,48,haar_random,seeqst_unifsize_l,7,4,100,1000,0.5259750334272613,1.7490803671754407
1,48,haar_random,seeqst_unifsize_l,7,4,100,5000,0.21689417718371717,0.7042995386128291
1,48,haar_random,seeqst_unifsize_l,7,4,100,10000,0.13655543870134518,0.5642995386128291
1,48,haar_random,seeqst_unifsize_l,7,4,100,25000,0.09336194632284783,0.28429953861282914
1,49,haar_random,pauli,7,4,100,10,0.08120653969436464,0.18589553397854716
1,49,haar_random,pauli,7,4,100,100,4.889577042667072,21.925609138765683
1,49,haar_random,pauli,7,4,100,500,2.619871693981796,8.784161042824309
1,49,haar_random,pauli,7,4,100,1000,1.5875378514534788,6.59716104282431
1,49,haar_random,pauli,7,4,100,5000,0.6559274325989196,2.2701740026720416
1,49,haar_random,pauli,7,4,100,10000,0.5035439252667082,1.637604804294803
1,49,haar_random,pauli,7,4,100,25000,0.24436633906357993,0.6315848042948031
1,49,haar_random,clifford,7,4,100,10,2.5698859739808144,12.987793848999159
1,49,haar_random,clifford,7,4,100,100,1.3053884775543056,3.80513736258188
1,49,haar_random,clifford,7,4,100,500,0.5968185120707759,1.582100701390786
1,49,haar_random,clifford,7,4,100,1000,0.3850540820075464,0.9252951957051934
1,49,haar_random,clifford,7,4,100,5000,0.1516849072345966,0.44931913688370806
1,49,haar_random,clifford,7,4,100,10000,0.10844423575572242,0.25026051024600526
1,49,haar_random,clifford,7,4,100,25000,0.06562828184431797,0.17802051024600585
1,49,haar_random,seeqst_uniform,7,4,100,10,3.624985867156232,25.718408538044162
1,49,haar_random,seeqst_uniform,7,4,100,100,1.6235293563688833,5.234130844484407
1,49,haar_random,seeqst_uniform,7,4,100,500,0.6076984466531096,1.981794655302103
1,49,haar_random,seeqst_uniform,7,4,100,1000,0.5146733543051885,1.0950484267339027
1,49,haar_random,seeqst_uniform,7,4,100,5000,0.22331288493965945,0.5801894418968004
1,49,haar_random,seeqst_uniform,7,4,100,10000,0.14118598217966694,0.3878727052048816
1,49,haar_random,seeqst_uniform,7,4,100,25000,0.091677140243344,0.2710102327023136
1,49,haar_random,seeqst_binomial,7,4,100,10,0.9560463565447065,3.624840078194301
1,49,haar_random,seeqst_binomial,7,4,100,100,3.1285650036135695,17.41406597480325
1,49,haar_random,seeqst_binomial,7,4,100,500,2.779610995191892,24.641534663645107
1,49,haar_random,seeqst_binomial,7,4,100,1000,2.6056679482939007,12.413243118455602
1,49,haar_random,seeqst_binomial,7,4,100,5000,0.8870831305074691,2.5533567035936664
1,49,haar_random,seeqst_binomial,7,4,100,10000,0.7099556639689489,2.5533567035936664
1,49,haar_random,seeqst_binomial,7,4,100,25000,0.38870199234319336,1.8916640098122095
1,49,haar_random,seeqst_unifsize_l,7,4,100,10,4.153291979173456,35.15837023270231
1,49,haar_random,seeqst_unifsize_l,7,4,100,100,1.1977542700454982,3.6583702327023135
1,49,haar_random,seeqst_unifsize_l,7,4,100,500,0.65208451562743,2.099736594975009
1,49,haar_random,seeqst_unifsize_l,7,4,100,1000,0.443106137482889,1.133084873489959
1,49,haar_random,seeqst_unifsize_l,7,4,100,5000,0.19827481769936375,0.643084873489959
1,49,haar_random,seeqst_unifsize_l,7,4,100,10000,0.14447411392957704,0.3666297672976864
1,49,haar_random,seeqst_unifsize_l,7,4,100,25000,0.10218423527633386,0.2802526658869092
1,50,haar_random,pauli,7,4,100,10,21.884528325406283,218.84351515956337
1,50,haar_random,pauli,7,4,100,100,5.369805671297177,43.883515159563444
1,50,haar_random,pauli,7,4,100,500,2.1121623460525125,8.891515159563463
1,50,haar_random,pauli,7,4,100,1000,1.392133267819287,4.517515159563465
1,50,haar_random,pauli,7,4,100,5000,0.7002581842221927,2.2701740026720416
1,50,haar_random,pauli,7,4,100,10000,0.546112138194369,1.637604804294803
1,50,haar_random,pauli,7,4,100,25000,0.2920726290455102,0.852357577526032
1,50,haar_random,clifford,7,4,100,10,2.878921764946042,12.959752318427753
1,50,haar_random,clifford,7,4,100,100,1.2779120705447873,2.6445684373882696
1,50,haar_random,clifford,7,4,100,500,0.6347550505639791,1.582100701390786
1,50,haar_random,clifford,7,4,100,1000,0.4002729492165038,1.0138432195273168
1,50,haar_random,clifford,7,4,100,5000,0.15488468946473802,0.3205104379290226
1,50,haar_random,clifford,7,4,100,10000,0.11780328594436557,0.29471043792902274
1,50,haar_random,clifford,7,4,100,25000,0.07436330936537716,0.17802051024600585
1,50,haar_random,seeqst_uniform,7,4,100,10,3.613321064097628,25.550862365541256
1,50,haar_random,seeqst_uniform,7,4,100,100,1.382872022098634,5.036825997327957
1,50,haar_random,seeqst_uniform,7,4,100,500,0.745657228148561,2.232319823510852
1,50,haar_random,seeqst_uniform,7,4,100,1000,0.5155037906602327,1.443710437929024
1,50,haar_random,seeqst_uniform,7,4,100,5000,0.2013503133823993,0.46046921132201357
1,50,haar_random,seeqst_uniform,7,4,100,10000,0.14828390192493027,0.3867111494437102
1,50,haar_random,seeqst_uniform,7,4,100,25000,0.0956147501554383,0.2480131536236523
1,50,haar_random,seeqst_binomial,7,4,100,10,3.627314044493933,24.882368917857494
1,50,haar_random,seeqst_binomial,7,4,100,100,12.497678112545508,122.159072608237
1,50,haar_random,seeqst_binomial,7,4,100,500,3.564147829572612,24.505720724837754
1,50,haar_random,seeqst_binomial,7,4,100,1000,2.2162681822189993,12.27742917964825
1,50,haar_random,seeqst_binomial,7,4,100,5000,0.8590596502559948,2.55339567152647
1,50,haar_random,seeqst_binomial,7,4,100,10000,0.6022881055103421,2.4055945682735165
1,50,haar_random,seeqst_binomial,7,4,100,25000,0.28271631979763523,1.0802619417109496
1,50,haar_random,seeqst_unifsize_l,7,4,100,10,4.199013789383211,34.96679831359996
1,50,haar_random,seeqst_unifsize_l,7,4,100,100,1.6540379096314302,6.9667983135999565
1,50,haar_random,seeqst_unifsize_l,7,4,100,500,0.7179570069267502,3.376157156341959
1,50,haar_random,seeqst_unifsize_l,7,4,100,1000,0.45920236825918226,1.6261571563419592
1,50,haar_random,seeqst_unifsize_l,7,4,100,5000,0.23692552156628352,0.7934034339799627
1,50,haar_random,seeqst_unifsize_l,7,4,100,10000,0.15615677989518217,0.49603710875128704
1,50,haar_random,seeqst_unifsize_l,7,4,100,25000,0.1090678180854554,0.2860371087512871
1,51,haar_random,pauli,7,4,100,10,30.938998304058757,218.84351515956337
1,51,haar_random,pauli,7,4,100,100,6.925224764973013,43.883515159563444
1,51,haar_random,pauli,7,4,100,500,2.321900003605391,8.891515159563463
1,51,haar_random,pauli,7,4,100,1000,1.4951510247703548,4.517515159563465
1,51,haar_random,pauli,7,4,100,5000,0.6095965284672298,2.272979258362139
1,51,haar_random,pauli,7,4,100,10000,0.45131251156159585,1.2028866283183983
1,51,haar_random,pauli,7,4,100,25000,0.2529139113000381,0.7654866283183985
1,51,haar_random,clifford,7,4,100,10,4.047789417877678,12.865364043383337
1,51,haar_random,clifford,7,4,100,100,1.1489977762065633,2.636550219899904
1,51,haar_random,clifford,7,4,100,500,0.5449164563919009,1.582100701390786
1,51,haar_random,clifford,7,4,100,1000,0.3801507222520212,0.9404508956572736
1,51,haar_random,clifford,7,4,100,5000,0.15970218792440277,0.5228053268338915
1,51,haar_random,clifford,7,4,100,10000,0.12354096273822926,0.342205326833892
1,51,haar_random,clifford,7,4,100,25000,0.06995052421415462,0.18750074163785985
1,51,haar_random,seeqst_uniform,7,4,100,10,5.135506568711805,25.71953403244139
1,51,haar_random,seeqst_uniform,7,4,100,100,1.2504063652859352,2.6795340324413885
1,51,haar_random,seeqst_uniform,7,4,100,500,0.7126759544777176,2.0898133318521794
1,51,haar_random,seeqst_uniform,7,4,100,1000,0.553510812810498,1.4856405329107703
1,51,haar_random,seeqst_uniform,7,4,100,5000,0.23244036194637874,0.7518337220203805
1,51,haar_random,seeqst_uniform,7,4,100,10000,0.1577453488628603,0.4190337220203805
1,51,haar_random,seeqst_uniform,7,4,100,25000,0.08653285646374798,0.18615715422137652
1,51,haar_random,seeqst_binomial,7,4,100,10,0.7213888334041824,3.624840078194301
1,51,haar_random,seeqst_binomial,7,4,100,100,2.598895750479927,17.576520697715473
1,51,haar_random,seeqst_binomial,7,4,100,500,4.361135528230408,24.470091864090577
1,51,haar_random,seeqst_binomial,7,4,100,1000,3.1101319382561616,12.346076440686742
1,51,haar_random,seeqst_binomial,7,4,100,5000,0.9693778664358762,4.893179393250273
1,51,haar_random,seeqst_binomial,7,4,100,10000,0.7724187271673781,3.670350238731323
1,51,haar_random,seeqst_binomial,7,4,100,25000,0.5409328710019299,2.4324283526667054
1,51,haar_random,seeqst_unifsize_l,7,4,100,10,5.426666477101918,35.070594673166106
1,51,haar_random,seeqst_unifsize_l,7,4,100,100,1.5986625166395145,3.616142831589234
1,51,haar_random,seeqst_unifsize_l,7,4,100,500,0.7531106355006634,2.2795375939268285
1,51,haar_random,seeqst_unifsize_l,7,4,100,1000,0.5214203898885469,1.304970368210377
1,51,haar_random,seeqst_unifsize_l,7,4,100,5000,0.24791636693941319,0.8267700436288044
1,51,haar_random,seeqst_unifsize_l,7,4,100,10000,0.17122851444802276,0.4200337220203805
1,51,haar_random,seeqst_unifsize_l,7,4,100,25000,0.10251213472152224,0.3570337220203805
1,52,haar_random,pauli,7,4,100,10,21.884540376232813,218.84351515956337
1,52,haar_random,pauli,7,4,100,100,5.367164433616484,43.883515159563444
1,52,haar_random,pauli,7,4,100,500,2.478572332587701,8.891515159563463
1,52,haar_random,pauli,7,4,100,1000,1.5643767915393325,4.517515159563465
1,52,haar_random,pauli,7,4,100,5000,0.6016871974687895,1.3705573836347111
1,52,haar_random,pauli,7,4,100,10000,0.41859553379965037,1.2960234408534732
1,52,haar_random,pauli,7,4,100,25000,0.2264648545651402,0.7543048066824587
1,52,haar_random,clifford,7,4,100,10,3.1342694648887166,13.022656236772363
1,52,haar_random,clifford,7,4,100,100,1.1368643194231782,2.636550219899904
1,52,haar_random,clifford,7,4,100,500,0.519472968328715,1.3709799370745201
1,52,haar_random,clifford,7,4,100,1000,0.3718618415294974,0.9839799370745215
1,52,haar_random,clifford,7,4,100,5000,0.15806976692256014,0.3352055754358834
1,52,haar_random,clifford,7,4,100,10000,0.12215819914711745,0.29471043792902274
1,52,haar_random,clifford,7,4,100,25000,0.0687662966739624,0.17528886827412538
1,52,haar_random,seeqst_uniform,7,4,100,10,5.12113822502674,25.74177641286944
1,52,haar_random,seeqst_uniform,7,4,100,100,1.4585372292097323,2.737020062925475
1,52,haar_random,seeqst_uniform,7,4,100,500,0.693964160003209,2.2250200629254753
1,52,haar_random,seeqst_uniform,7,4,100,1000,0.5638017619570219,1.969020062925475
1,52,haar_random,seeqst_uniform,7,4,100,5000,0.2246280032318914,0.5814974866499902
1,52,haar_random,seeqst_uniform,7,4,100,10000,0.1532141344471167,0.42876543483493207
1,52,haar_random,seeqst_uniform,7,4,100,25000,0.10556990348415565,0.3281352153063649
1,52,haar_random,seeqst_binomial,7,4,100,10,2.5877977863630504,24.866463267352728
1,52,haar_random,seeqst_binomial,7,4,100,100,3.5831848145394094,17.61283850630513
1,52,haar_random,seeqst_binomial,7,4,100,500,3.66546526808318,24.43218103593695
1,52,haar_random,seeqst_binomial,7,4,100,1000,2.871115844441064,12.235003722977137
1,52,haar_random,seeqst_binomial,7,4,100,5000,1.0296432367200654,4.846411810860811
1,52,haar_random,seeqst_binomial,7,4,100,10000,0.6100898092875672,2.4523704868255325
1,52,haar_random,seeqst_binomial,7,4,100,25000,0.34640554644113725,1.036620707249872
1,52,haar_random,seeqst_unifsize_l,7,4,100,10,5.0375101286577,34.941642616365286
1,52,haar_random,seeqst_unifsize_l,7,4,100,100,1.6178027153031496,6.93238690718269
1,52,haar_random,seeqst_unifsize_l,7,4,100,500,0.6481983192857873,2.0423654348349323
1,52,haar_random,seeqst_unifsize_l,7,4,100,1000,0.42261360606424114,1.342365434834932
1,52,haar_random,seeqst_unifsize_l,7,4,100,5000,0.22953632345408445,0.7309155223644529
1,52,haar_random,seeqst_unifsize_l,7,4,100,10000,0.16543776602619323,0.48108886827412545
1,52,haar_random,seeqst_unifsize_l,7,4,100,25000,0.09635631292216913,0.27108886827412537
1,53,haar_random,pauli,7,4,100,10,0.07476284856109015,0.21453892232138994
1,53,haar_random,pauli,7,4,100,100,5.350920782276295,21.95064027636048
1,53,haar_random,pauli,7,4,100,500,2.584803584910364,13.107509945687571
1,53,haar_random,pauli,7,4,100,1000,1.7619442742437588,8.733509945687572
1,53,haar_random,pauli,7,4,100,5000,0.7452933018218607,2.272979258362139
1,53,haar_random,pauli,7,4,100,10000,0.42161008428983077,1.0162738500977406
1,53,haar_random,pauli,7,4,100,25000,0.24641921513880335,0.5515686889391999
1,53,haar_random,clifford,7,4,100,10,2.8693308059277807,12.945201603611705
1,53,haar_random,clifford,7,4,100,100,1.1686655318979988,3.9205305372425614
1,53,haar_random,clifford,7,4,100,500,0.5311624697917233,1.582100701390786
1,53,haar_random,clifford,7,4,100,1000,0.3602148679031666,0.9404508956572736
1,53,haar_random,clifford,7,4,100,5000,0.14321981968732903,0.43002074163785886
1,53,haar_random,clifford,7,4,100,10000,0.10663782936802235,0.2881207416378592
1,53,haar_random,clifford,7,4,100,25000,0.06486836832234028,0.18750074163785985
1,53,haar_random,seeqst_uniform,7,4,100,10,3.6193033456157826,25.60618901032377
1,53,haar_random,seeqst_uniform,7,4,100,100,1.3591848964508042,2.6811721539193374
1,53,haar_random,seeqst_uniform,7,4,100,500,0.6608053413976696,2.4166775023679317
1,53,haar_random,seeqst_uniform,7,4,100,1000,0.5349301034057936,1.3926775023679316
1,53,haar_random,seeqst_uniform,7,4,100,5000,0.23182838459588367,0.6473540546236854
1,53,haar_random,seeqst_uniform,7,4,100,10000,0.15509654595160924,0.4258318447485092
1,53,haar_random,seeqst_uniform,7,4,100,25000,0.1073827592666953,0.2710102327023136
1,53,haar_random,seeqst_binomial,7,4,100,10,2.6637931400034893,24.867769666997567
1,53,haar_random,seeqst_binomial,7,4,100,100,12.486871602946529,122.21459030909124
1,53,haar_random,seeqst_binomial,7,4,100,500,2.708336245452981,24.3882579475752
1,53,haar_random,seeqst_binomial,7,4,100,1000,2.5817601407904376,12.349463699108842
1,53,haar_random,seeqst_binomial,7,4,100,5000,1.0025162573249353,2.5668304629572383
1,53,haar_random,seeqst_binomial,7,4,100,10000,0.5889910114528578,2.3199455283778576
1,53,haar_random,seeqst_binomial,7,4,100,25000,0.35399618294379476,1.8308138665702773
1,53,haar_random,seeqst_unifsize_l,7,4,100,10,4.091395746384843,35.15837023270231
1,53,haar_random,seeqst_unifsize_l,7,4,100,100,1.3488212579226468,3.6583702327023135
1,53,haar_random,seeqst_unifsize_l,7,4,100,500,0.6889610596532356,2.1444811850211947
1,53,haar_random,seeqst_unifsize_l,7,4,100,1000,0.4658597430303263,1.4444811850211945
1,53,haar_random,seeqst_unifsize_l,7,4,100,5000,0.23233395695350043,0.6794460217577876
1,53,haar_random,seeqst_unifsize_l,7,4,100,10000,0.1501654361015504,0.42894888800158615
1,53,haar_random,seeqst_unifsize_l,7,4,100,25000,0.09504013100878121,0.24026382962144732
1,54,haar_random,pauli,7,4,100,10,21.86538989096422,218.652130392074
1,54,haar_random,pauli,7,4,100,100,5.365386687360874,21.982509611182216
1,54,haar_random,pauli,7,4,100,500,1.859938008041979,4.486509611182227
1,54,haar_random,pauli,7,4,100,1000,1.5640653640157354,4.443414613821148
1,54,haar_random,pauli,7,4,100,5000,0.7251876049680063,2.272979258362139
1,54,haar_random,pauli,7,4,100,10000,0.4965149734285172,1.637604804294803
1,54,haar_random,pauli,7,4,100,25000,0.25950506706721527,0.7926348892672787
1,54,haar_random,clifford,7,4,100,10,3.398026105671652,12.955609138765661
1,54,haar_random,clifford,7,4,100,100,1.139602425212793,3.7504645558115763
1,54,haar_random,clifford,7,4,100,500,0.6024919656438582,1.582100701390786
1,54,haar_random,clifford,7,4,100,1000,0.40826144652069485,1.3798201115968334
1,54,haar_random,clifford,7,4,100,5000,0.14524313240491685,0.43002074163785886
1,54,haar_random,clifford,7,4,100,10000,0.10956753843810825,0.2881207416378592
1,54,haar_random,clifford,7,4,100,25000,0.06914314742566645,0.22596319498925435
1,54,haar_random,seeqst_uniform,7,4,100,10,3.635223558864119,25.718408538044162
1,54,haar_random,seeqst_uniform,7,4,100,100,1.436222159268121,5.036825997327957
1,54,haar_random,seeqst_uniform,7,4,100,500,0.7493655784713946,2.0898133318521794
1,54,haar_random,seeqst_uniform,7,4,100,1000,0.5555269938633338,1.5294382001739328
1,54,haar_random,seeqst_uniform,7,4,100,5000,0.19951439528401244,0.4779354441884113
1,54,haar_random,seeqst_uniform,7,4,100,10000,0.13818569412227977,0.33356289124871297
1,54,haar_random,seeqst_uniform,7,4,100,25000,0.09801272115994367,0.24588313441704435
1,54,haar_random,seeqst_binomial,7,4,100,10,2.6589791125725677,24.867769666997567
1,54,haar_random,seeqst_binomial,7,4,100,100,0.73517756537904,2.607050289308209
1,54,haar_random,seeqst_binomial,7,4,100,500,4.2911327457005495,24.398649484589328
1,54,haar_random,seeqst_binomial,7,4,100,1000,3.32672401352901,12.340801156371736
1,54,haar_random,seeqst_binomial,7,4,100,5000,0.9746911747070603,4.832744896887574
1,54,haar_random,seeqst_binomial,7,4,100,10000,0.7377350594477275,3.6099157423686234
1,54,haar_random,seeqst_binomial,7,4,100,25000,0.5129367398873242,1.8979549260420927
1,54,haar_random,seeqst_unifsize_l,7,4,100,10,7.639067357433622,35.239367620404174
1,54,haar_random,seeqst_unifsize_l,7,4,100,100,1.9259622903159166,7.239367620404172
1,54,haar_random,seeqst_unifsize_l,7,4,100,500,0.7345692765291206,2.3393676204041727
1,54,haar_random,seeqst_unifsize_l,7,4,100,1000,0.5173167158075382,1.691428278811772
1,54,haar_random,seeqst_unifsize_l,7,4,100,5000,0.23131320363407215,0.6099570993138699
1,54,haar_random,seeqst_unifsize_l,7,4,100,10000,0.171852698101753,0.49603710875128704
1,54,haar_random,seeqst_unifsize_l,7,4,100,25000,0.12249831674262704,0.35331680501074514
1,55,haar_random,pauli,7,4,100,10,0.08624469211232186,0.2894162666820257
1,55,haar_random,pauli,7,4,100,100,4.376976768981201,21.973378562458983
1,55,haar_random,pauli,7,4,100,500,2.1777648100043256,8.666598360031495
1,55,haar_random,pauli,7,4,100,1000,1.5792041747829126,4.413939989072181
1,55,haar_random,pauli,7,4,100,5000,0.6186323062222957,2.2701740026720416
1,55,haar_random,pauli,7,4,100,10000,0.45567142884798917,1.2028866283183983
1,55,haar_random,pauli,7,4,100,25000,0.2743029069098299,0.7654866283183985
1,55,haar_random,clifford,7,4,100,10,3.3889982889002526,12.915345688897537
1,55,haar_random,clifford,7,4,100,100,1.1844779696934806,2.636550219899904
1,55,haar_random,clifford,7,4,100,500,0.5185927184359632,1.582100701390786
1,55,haar_random,clifford,7,4,100,1000,0.3684962236127827,0.9286214375410042
1,55,haar_random,clifford,7,4,100,5000,0.15682956444661109,0.33323288721026095
1,55,haar_random,clifford,7,4,100,10000,0.11376909592315858,0.29471043792902274
1,55,haar_random,clifford,7,4,100,25000,0.0710923962639203,0.20399783374112074
1,55,haar_random,seeqst_uniform,7,4,100,10,3.5974016386182788,25.550862365541256
1,55,haar_random,seeqst_uniform,7,4,100,100,1.4416818230254687,5.133240958367851
1,55,haar_random,seeqst_uniform,7,4,100,500,0.7659105566321793,2.3627418907957374
1,55,haar_random,seeqst_uniform,7,4,100,1000,0.5780832963771166,1.443710437929024
1,55,haar_random,seeqst_uniform,7,4,100,5000,0.21841920732665565,0.49027270520488164
1,55,haar_random,seeqst_uniform,7,4,100,10000,0.16111829322618648,0.4452127690443676
1,55,haar_random,seeqst_uniform,7,4,100,25000,0.09572866979774768,0.22695716982724787
1,55,haar_random,seeqst_binomial,7,4,100,10,3.574031091789539,24.882368917857494
1,55,haar_random,seeqst_binomial,7,4,100,100,17.305336037151253,122.21459030909124
1,55,haar_random,seeqst_binomial,7,4,100,500,6.025377555246166,24.505720724837754
1,55,haar_random,seeqst_binomial,7,4,100,1000,3.5226299248972763,12.27742917964825
1,55,haar_random,seeqst_binomial,7,4,100,5000,1.2002253959760272,4.850864056687452
1,55,haar_random,seeqst_binomial,7,4,100,10000,0.7977273211842514,3.628034902168501
1,55,haar_random,seeqst_binomial,7,4,100,25000,0.4626909403225561,1.9160740858419707
1,55,haar_random,seeqst_unifsize_l,7,4,100,10,3.207309154499132,21.073328113141493
1,55,haar_random,seeqst_unifsize_l,7,4,100,100,1.6275454096411528,3.6355951935724597
1,55,haar_random,seeqst_unifsize_l,7,4,100,500,0.6588435931702488,2.181472121351184
1,55,haar_random,seeqst_unifsize_l,7,4,100,1000,0.47538645696865073,1.3983039309450278
1,55,haar_random,seeqst_unifsize_l,7,4,100,5000,0.2190683102949873,0.7114721213511839
1,55,haar_random,seeqst_unifsize_l,7,4,100,10000,0.16307240003300796,0.5048554676867436
1,55,haar_random,seeqst_unifsize_l,7,4,100,25000,0.10019630118554927,0.3788554676867436
1,56,haar_random,pauli,7,4,100,10,30.938998644749812,218.84351515956337
1,56,haar_random,pauli,7,4,100,100,7.256181329395391,43.883515159563444
1,56,haar_random,pauli,7,4,100,500,2.4676028223910196,8.891515159563463
1,56,haar_random,pauli,7,4,100,1000,1.6634600219548785,6.59716104282431
1,56,haar_random,pauli,7,4,100,5000,0.5907832536003527,1.3428940382761716
1,56,haar_random,pauli,7,4,100,10000,0.44362606755378764,1.071057577526032
1,56,haar_random,pauli,7,4,100,25000,0.27664274870259187,0.852357577526032
1,56,haar_random,clifford,7,4,100,10,3.396348426167086,12.934447957336229
1,56,haar_random,clifford,7,4,100,100,1.2255629841126152,3.878269165763567
1,56,haar_random,clifford,7,4,100,500,0.551459471493563,1.582100701390786
1,56,haar_random,clifford,7,4,100,1000,0.3730968329881991,0.8828235015610325
1,56,haar_random,clifford,7,4,100,5000,0.15541365435941548,0.44931913688370806
1,56,haar_random,clifford,7,4,100,10000,0.11729544624044808,0.29471043792902274
1,56,haar_random,clifford,7,4,100,25000,0.06444147268426482,0.16219801827541558
1,56,haar_random,seeqst_uniform,7,4,100,10,4.42678722405825,25.567575099169645
1,56,haar_random,seeqst_uniform,7,4,100,100,1.3409611114214908,2.7040808631162903
1,56,haar_random,seeqst_uniform,7,4,100,500,0.6325405376226463,1.955710437929024
1,56,haar_random,seeqst_uniform,7,4,100,1000,0.5114495093000135,1.443710437929024
1,56,haar_random,seeqst_uniform,7,4,100,5000,0.21751643350160357,0.5826492828411358
1,56,haar_random,seeqst_uniform,7,4,100,10000,0.1401947917627993,0.5058492828411358
1,56,haar_random,seeqst_uniform,7,4,100,25000,0.09247356538165098,0.25496928284113585
1,56,haar_random,seeqst_binomial,7,4,100,10,3.62494566373402,24.867769666997567
1,56,haar_random,seeqst_binomial,7,4,100,100,12.629993896775375,122.39606257376497
1,56,haar_random,seeqst_binomial,7,4,100,500,5.626671592352916,24.56973021224894
1,56,haar_random,seeqst_binomial,7,4,100,1000,3.385442774189153,12.341438667059434
1,56,haar_random,seeqst_binomial,7,4,100,5000,1.0763982430889945,2.5647551193843854
1,56,haar_random,seeqst_binomial,7,4,100,10000,0.7704408227196806,3.5951603985407825
1,56,haar_random,seeqst_binomial,7,4,100,25000,0.4692867679994992,2.075623457576805
1,56,haar_random,seeqst_unifsize_l,7,4,100,10,5.895244990187703,35.15545903869267
1,56,haar_random,seeqst_unifsize_l,7,4,100,100,1.7047715879904548,6.939368954828412
1,56,haar_random,seeqst_unifsize_l,7,4,100,500,0.6854622125785911,2.1444811850211947
1,56,haar_random,seeqst_unifsize_l,7,4,100,1000,0.4922783697367187,1.5200253892151319
1,56,haar_random,seeqst_unifsize_l,7,4,100,5000,0.2245263078213092,0.6525890050739935
1,56,haar_random,seeqst_unifsize_l,7,4,100,10000,0.16423014719844412,0.5048554676867436
1,56,haar_random,seeqst_unifsize_l,7,4,100,25000,0.10677032646614226,0.3788554676867436
1,57,haar_random,pauli,7,4,100,10,0.08765042592343719,0.23936762040417242
1,57,haar_random,pauli,7,4,100,100,4.36962070213987,21.8797696059699
1,57,haar_random,pauli,7,4,100,500,1.6816955053411422,4.4309653501648985
1,57,haar_random,pauli,7,4,100,1000,1.1647769655958036,2.3728955339785465
1,57,haar_random,pauli,7,4,100,5000,0.6899686738856671,2.272979258362139
1,57,haar_random,pauli,7,4,100,10000,0.4301465997454895,1.2028866283183983
1,57,haar_random,pauli,7,4,100,25000,0.25720581359413325,0.7654866283183985
1,57,haar_random,clifford,7,4,100,10,3.1474122101270625,12.963812311547981
1,57,haar_random,clifford,7,4,100,100,1.1908889542816343,3.9205305372425614
1,57,haar_random,clifford,7,4,100,500,0.5472961533995112,1.582100701390786
1,57,haar_random,clifford,7,4,100,1000,0.3520027491228596,0.9050510153749616
1,57,haar_random,clifford,7,4,100,5000,0.1446588653172455,0.43002074163785886
1,57,haar_random,clifford,7,4,100,10000,0.11791423753786935,0.37470688500840077
1,57,haar_random,clifford,7,4,100,25000,0.07590442967947349,0.18750074163785985
1,57,haar_random,seeqst_uniform,7,4,100,10,4.413942476430177,25.562358000375866
1,57,haar_random,seeqst_uniform,7,4,100,100,1.3107196557357912,5.052162621936651
1,57,haar_random,seeqst_uniform,7,4,100,500,0.6529800887272689,1.9200473197953105
1,57,haar_random,seeqst_uniform,7,4,100,1000,0.503915227685958,1.094104466021453
1,57,haar_random,seeqst_uniform,7,4,100,5000,0.24839145592305428,0.7298290301193566
1,57,haar_random,seeqst_uniform,7,4,100,10000,0.15913074497654456,0.5250290301193565
1,57,haar_random,seeqst_uniform,7,4,100,25000,0.10118634830098758,0.32041293346630245
1,57,haar_random,seeqst_binomial,7,4,100,10,3.627367792110753,24.882368917857494
1,57,haar_random,seeqst_binomial,7,4,100,100,21.404446390064344,122.20144333054385
1,57,haar_random,seeqst_binomial,7,4,100,500,5.592723618902171,24.589659206675
1,57,haar_random,seeqst_binomial,7,4,100,1000,3.292208281449573,12.361367661485497
1,57,haar_random,seeqst_binomial,7,4,100,5000,0.9152444817367985,4.930800780310877
1,57,haar_random,seeqst_binomial,7,4,100,10000,0.7226250802391815,3.707971625791926
1,57,haar_random,seeqst_binomial,7,4,100,25000,0.4171255411440009,1.9960108094653952
1,57,haar_random,seeqst_unifsize_l,7,4,100,10,5.828016838061589,35.239367620404174
1,57,haar_random,seeqst_unifsize_l,7,4,100,100,1.7916939485666477,7.239367620404172
1,57,haar_random,seeqst_unifsize_l,7,4,100,500,0.9475106285049535,3.376157156341959
1,57,haar_random,seeqst_unifsize_l,7,4,100,1000,0.5878941699911301,2.3253518214210143
1,57,haar_random,seeqst_unifsize_l,7,4,100,5000,0.25820118768484746,1.0142152130906585
1,57,haar_random,seeqst_unifsize_l,7,4,100,10000,0.15821082645421533,0.48921521309065846
1,57,haar_random,seeqst_unifsize_l,7,4,100,25000,0.09403068540409784,0.29835800037586535
1,58,haar_random,pauli,7,4,100,10,21.88453381675336,218.84351515956337
1,58,haar_random,pauli,7,4,100,100,5.369828051121075,43.883515159563444
1,58,haar_random,pauli,7,4,100,500,2.01460295096875,8.891515159563463
1,58,haar_random,pauli,7,4,100,1000,1.3037098749529963,4.517515159563465
1,58,haar_random,pauli,7,4,100,5000,0.6257885795358163,1.7127190305889854
1,58,haar_random,pauli,7,4,100,10000,0.522533812367468,1.4940190305889858
1,58,haar_random,pauli,7,4,100,25000,0.2709821682356684,0.6836634408534735
1,58,haar_random,clifford,7,4,100,10,3.620721564264039,12.938696136190039
1,58,haar_random,clifford,7,4,100,100,1.139430870159723,2.6445684373882696
1,58,haar_random,clifford,7,4,100,500,0.5581622976120219,1.582100701390786
1,58,haar_random,clifford,7,4,100,1000,0.4285017457222974,1.3605228046058149
1,58,haar_random,clifford,7,4,100,5000,0.14982201051512417,0.3411079462566837
1,58,haar_random,clifford,7,4,100,10000,0.12635360732223272,0.3556133680643536
1,58,haar_random,clifford,7,4,100,25000,0.06994335752201684,0.22596319498925435
1,58,haar_random,seeqst_uniform,7,4,100,10,0.09047136945613268,0.215926746516974
1,58,haar_random,seeqst_uniform,7,4,100,100,1.2720437789660513,2.711082302272074
1,58,haar_random,seeqst_uniform,7,4,100,500,0.7478356151425608,2.0898133318521794
1,58,haar_random,seeqst_uniform,7,4,100,1000,0.5154394362277456,1.1754669943720335
1,58,haar_random,seeqst_uniform,7,4,100,5000,0.22655164479814757,0.6473540546236854
1,58,haar_random,seeqst_uniform,7,4,100,10000,0.15181097904732663,0.4169540546236854
1,58,haar_random,seeqst_uniform,7,4,100,25000,0.11271956557985609,0.3281352153063649
1,58,haar_random,seeqst_binomial,7,4,100,10,2.6605271184374906,24.866463267352728
1,58,haar_random,seeqst_binomial,7,4,100,100,3.595868000858787,17.576520697715473
1,58,haar_random,seeqst_binomial,7,4,100,500,3.5986969195873764,24.458788904230538
1,58,haar_random,seeqst_binomial,7,4,100,1000,1.854558485506074,12.230497359041033
1,58,haar_random,seeqst_binomial,7,4,100,5000,1.1589853429204742,5.078793813469982
1,58,haar_random,seeqst_binomial,7,4,100,10000,0.9645046506260608,6.058105179935629
1,58,haar_random,seeqst_binomial,7,4,100,25000,0.48227804524854295,2.8787493781863582
1,58,haar_random,seeqst_unifsize_l,7,4,100,10,2.1234110064300777,21.215926746516974
1,58,haar_random,seeqst_unifsize_l,7,4,100,100,1.4250054996825632,3.617897027549048
1,58,haar_random,seeqst_unifsize_l,7,4,100,500,0.624508451335079,2.107186164163102
1,58,haar_random,seeqst_unifsize_l,7,4,100,1000,0.4075546432979445,1.0571861641631017
1,58,haar_random,seeqst_unifsize_l,7,4,100,5000,0.2190997286331223,0.5339488880015861
1,58,haar_random,seeqst_unifsize_l,7,4,100,10000,0.15084113419228165,0.42894888800158615
1,58,haar_random,seeqst_unifsize_l,7,4,100,25000,0.1166792110294931,0.35331680501074514
1,59,haar_random,pauli,7,4,100,10,0.0891058064929785,0.2830850125294236
1,59,haar_random,pauli,7,4,100,100,3.7890456929797267,21.983147121869916
1,59,haar_random,pauli,7,4,100,500,2.673750834636263,8.666598360031495
1,59,haar_random,pauli,7,4,100,1000,1.5610539733871547,4.292598360031498
1,59,haar_random,pauli,7,4,100,5000,0.5804467547759133,1.8401539782422118
1,59,haar_random,pauli,7,4,100,10000,0.46441276470008164,1.2028866283183983
1,59,haar_random,pauli,7,4,100,25000,0.304444116388653,0.7654866283183985
1,59,haar_random,clifford,7,4,100,10,3.3936345615153973,12.987793848999159
1,59,haar_random,clifford,7,4,100,100,1.254840675652281,3.9205305372425614
1,59,haar_random,clifford,7,4,100,500,0.516671874465958,1.582100701390786
1,59,haar_random,clifford,7,4,100,1000,0.3874994954896038,0.8161142397794711
1,59,haar_random,clifford,7,4,100,5000,0.1551917874794302,0.3619149874705743
1,59,haar_random,clifford,7,4,100,10000,0.11545829817448094,0.25026051024600526
1,59,haar_random,clifford,7,4,100,25000,0.06943447103675161,0.17802051024600585
1,59,haar_random,seeqst_uniform,7,4,100,10,2.5482160177675706,25.46692388370401
1,59,haar_random,seeqst_uniform,7,4,100,100,1.4447889536765057,2.672696217370378
1,59,haar_random,seeqst_uniform,7,4,100,500,0.6925356518487948,2.041438200173933
1,59,haar_random,seeqst_uniform,7,4,100,1000,0.5538127518228517,1.6423806436246529
1,59,haar_random,seeqst_uniform,7,4,100,5000,0.2335189049480092,0.5801894418968004
1,59,haar_random,seeqst_uniform,7,4,100,10000,0.14498729109269395,0.37954191186857006
1,59,haar_random,seeqst_uniform,7,4,100,25000,0.09243892717478713,0.24130191186857008
1,59,haar_random,seeqst_binomial,7,4,100,10,2.6888769538216066,24.866463267352728
1,59,haar_random,seeqst_binomial,7,4,100,100,12.40705368305382,122.39606257376497
1,59,haar_random,seeqst_binomial,7,4,100,500,3.5760232614327014,24.589659206675
1,59,haar_random,seeqst_binomial,7,4,100,1000,2.2361255702074097,12.361367661485497
1,59,haar_random,seeqst_binomial,7,4,100,5000,1.3801376889886894,7.412459473868058
1,59,haar_random,seeqst_binomial,7,4,100,10000,0.8585916598108267,4.8923515182894555
1,59,haar_random,seeqst_binomial,7,4,100,25000,0.4435044706511691,1.957561547443974
1,59,haar_random,seeqst_unifsize_l,7,4,100,10,6.460514147014171,35.13907270797246
1,59,haar_random,seeqst_unifsize_l,7,4,100,100,1.5019795454933165,7.139072707972461
1,59,haar_random,seeqst_unifsize_l,7,4,100,500,0.6240842249974924,2.093438200173933
1,59,haar_random,seeqst_unifsize_l,7,4,100,1000,0.45963760751344745,1.0673784606090186
1,59,haar_random,seeqst_unifsize_l,7,4,100,5000,0.2205268959674577,0.6794460217577876
1,59,haar_random,seeqst_unifsize_l,7,4,100,10000,0.1332801522338594,0.31421644214798305
1,59,haar_random,seeqst_unifsize_l,7,4,100,25000,0.09450406252842035,0.28486417379080536
1,60,haar_random,pauli,7,4,100,10,21.88449211162289,218.84351515956337
1,60,haar_random,pauli,7,4,100,100,6.192895071582405,43.883515159563444
1,60,haar_random,pauli,7,4,100,500,2.467361585908304,8.891515159563463
1,60,haar_random,pauli,7,4,100,1000,1.70359454795386,4.517515159563465
1,60,haar_random,pauli,7,4,100,5000,0.7026128752219295,2.272979258362139
1,60,haar_random,pauli,7,4,100,10000,0.45862060682097583,1.3097827190120428
1,60,haar_random,pauli,7,4,100,25000,0.2350544317972852,0.724333843836665
1,60,haar_random,clifford,7,4,100,10,2.8813699470528733,13.022656236772363
1,60,haar_random,clifford,7,4,100,100,1.2108709782890896,3.9205305372425614
1,60,haar_random,clifford,7,4,100,500,0.5594185669847135,1.582100701390786
1,60,haar_random,clifford,7,4,100,1000,0.39238374229970074,0.9907486756051459
1,60,haar_random,clifford,7,4,100,5000,0.18715291195725578,0.4850102426228424
1,60,haar_random,clifford,7,4,100,10000,0.1267506960912701,0.3689102426228432
1,60,haar_random,clifford,7,4,100,25000,0.07366159551119333,0.18850271901204313
1,60,haar_random,seeqst_uniform,7,4,100,10,6.276608629902857,25.74177641286944
1,60,haar_random,seeqst_uniform,7,4,100,100,1.5758786146792028,2.7199897573771556
1,60,haar_random,seeqst_uniform,7,4,100,500,0.750495991092833,2.3627418907957374
1,60,haar_random,seeqst_uniform,7,4,100,1000,0.5339957806425849,1.4713052786954683
1,60,haar_random,seeqst_uniform,7,4,100,5000,0.2126016009807153,0.47121775283708656
1,60,haar_random,seeqst_uniform,7,4,100,10000,0.14090146772469492,0.4099792017295981
1,60,haar_random,seeqst_uniform,7,4,100,25000,0.09334555722945126,0.23589920172959808
1,60,haar_random,seeqst_binomial,7,4,100,10,0.8790701900525797,3.624840078194301
1,60,haar_random,seeqst_binomial,7,4,100,100,2.6754608440242778,17.576520697715473
1,60,haar_random,seeqst_binomial,7,4,100,500,4.365467982275398,24.518084142542644
1,60,haar_random,seeqst_binomial,7,4,100,1000,2.5690751803294445,12.28979259735314
1,60,haar_random,seeqst_binomial,7,4,100,5000,1.182516475256772,4.952817670239437
1,60,haar_random,seeqst_binomial,7,4,100,10000,0.6297923588454098,2.4390865175814347
1,60,haar_random,seeqst_binomial,7,4,100,25000,0.3285537166637703,1.0628310388770763
1,60,haar_random,seeqst_unifsize_l,7,4,100,10,4.791858454335035,34.977958733207096
1,60,haar_random,seeqst_unifsize_l,7,4,100,100,1.3686311305304741,3.6417764128694405
1,60,haar_random,seeqst_unifsize_l,7,4,100,500,0.7048117408546081,2.1679599913241603
1,60,haar_random,seeqst_unifsize_l,7,4,100,1000,0.4430481124725041,1.1129861561633347
1,60,haar_random,seeqst_unifsize_l,7,4,100,5000,0.2302311398344752,0.6946947213045316
1,60,haar_random,seeqst_unifsize_l,7,4,100,10000,0.15361804948406602,0.45295999132416037
1,60,haar_random,seeqst_unifsize_l,7,4,100,25000,0.0876307038042982,0.22456771526191588
1,61,haar_random,pauli,7,4,100,10,21.884528241783595,218.84351515956337
1,61,haar_random,pauli,7,4,100,100,4.38923274833766,43.883515159563444
1,61,haar_random,pauli,7,4,100,500,1.8675040197568407,8.891515159563463
1,61,haar_random,pauli,7,4,100,1000,1.316043803482853,4.517515159563465
1,61,haar_random,pauli,7,4,100,5000,0.652365235813961,2.2701740026720416
1,61,haar_random,pauli,7,4,100,10000,0.4762722288146582,1.3913663033111052
1,61,haar_random,pauli,7,4,100,25000,0.2596835810105777,0.724333843836665
1,61,haar_random,clifford,7,4,100,10,3.3833236965978464,12.929872965243822
1,61,haar_random,clifford,7,4,100,100,1.2204835517609178,3.9205305372425614
1,61,haar_random,clifford,7,4,100,500,0.5976659443327481,1.582100701390786
1,61,haar_random,clifford,7,4,100,1000,0.40950703033306146,0.9892141239080764
1,61,haar_random,clifford,7,4,100,5000,0.16012698375015189,0.4732141239080779
1,61,haar_random,clifford,7,4,100,10000,0.11023040945939185,0.2995792874483473
1,61,haar_random,clifford,7,4,100,25000,0.07584806760208643,0.21185928744834784
1,61,haar_random,seeqst_uniform,7,4,100,10,3.61822314360238,25.662986156163335
1,61,haar_random,seeqst_uniform,7,4,100,100,1.5776410243008085,5.036825997327957
1,61,haar_random,seeqst_uniform,7,4,100,500,0.8551184299350566,2.2250200629254753
1,61,haar_random,seeqst_uniform,7,4,100,1000,0.6765858416180588,1.969020062925475
1,61,haar_random,seeqst_uniform,7,4,100,5000,0.24621969380528558,0.5109650997863465
1,61,haar_random,seeqst_uniform,7,4,100,10000,0.15845670753979674,0.46377293346630244
1,61,haar_random,seeqst_uniform,7,4,100,25000,0.0961141653253222,0.32041293346630245
1,61,haar_random,seeqst_binomial,7,4,100,10,2.5384575675757133,24.867769666997567
1,61,haar_random,seeqst_binomial,7,4,100,100,3.5700959960314758,17.50195504490633
1,61,haar_random,seeqst_binomial,7,4,100,500,0.8595145119018762,3.5267647075468984
1,61,haar_random,seeqst_binomial,7,4,100,1000,1.4888603273027372,12.086817695091764
1,61,haar_random,seeqst_binomial,7,4,100,5000,1.1030907905108498,7.338009827327356
1,61,haar_random,seeqst_binomial,7,4,100,10000,0.7577451611581378,4.8923515182894555
1,61,haar_random,seeqst_binomial,7,4,100,25000,0.38400264695304653,1.957561547443974
1,61,haar_random,seeqst_unifsize_l,7,4,100,10,2.31024393158476,20.91207263599858
1,61,haar_random,seeqst_unifsize_l,7,4,100,100,1.625500693432802,6.957477749460517
1,61,haar_random,seeqst_unifsize_l,7,4,100,500,0.6682130117156673,2.0574777494605168
1,61,haar_random,seeqst_unifsize_l,7,4,100,1000,0.4354988877051308,1.3174325714235182
1,61,haar_random,seeqst_unifsize_l,7,4,100,5000,0.2291365042197449,0.7309155223644529
1,61,haar_random,seeqst_unifsize_l,7,4,100,10000,0.14737513262221713,0.4300669309285865
1,61,haar_random,seeqst_unifsize_l,7,4,100,25000,0.10874430965874007,0.4536207125516515
1,62,haar_random,pauli,7,4,100,10,0.0831444435642622,0.215926746516974
1,62,haar_random,pauli,7,4,100,100,6.180248456490739,21.939720687795646
1,62,haar_random,pauli,7,4,100,500,2.7913115756795905,13.107509945687571
1,62,haar_random,pauli,7,4,100,1000,1.606159744287423,8.733509945687572
1,62,haar_random,pauli,7,4,100,5000,0.6412191705180713,2.172509945687576
1,62,haar_random,pauli,7,4,100,10000,0.47728254158125893,1.0907267465169737
1,62,haar_random,pauli,7,4,100,25000,0.25748650851005633,0.691602020505513
1,62,haar_random,clifford,7,4,100,10,2.87130275179254,12.963812311547981
1,62,haar_random,clifford,7,4,100,100,1.258077327566831,2.772919177772979
1,62,haar_random,clifford,7,4,100,500,0.5065880482745401,1.582100701390786
1,62,haar_random,clifford,7,4,100,1000,0.3400252529351519,0.8555183328798446
1,62,haar_random,clifford,7,4,100,5000,0.1530351986764402,0.33323288721026095
1,62,haar_random,clifford,7,4,100,10000,0.11374561472293433,0.29471043792902274
1,62,haar_random,clifford,7,4,100,25000,0.06314333656865462,0.17802051024600585
1,62,haar_random,seeqst_uniform,7,4,100,10,3.6262349208416356,25.718408538044162
1,62,haar_random,seeqst_uniform,7,4,100,100,1.5814596005701567,2.711082302272074
1,62,haar_random,seeqst_uniform,7,4,100,500,0.7302277910981775,2.3627418907957374
1,62,haar_random,seeqst_uniform,7,4,100,1000,0.515011222421842,1.4856405329107703
1,62,haar_random,seeqst_uniform,7,4,100,5000,0.20933677337735432,0.5194189697063567
1,62,haar_random,seeqst_uniform,7,4,100,10000,0.12982774685914777,0.3848405329107702
1,62,haar_random,seeqst_uniform,7,4,100,25000,0.09119116398955592,0.24135086123430172
1,62,haar_random,seeqst_binomial,7,4,100,10,3.600147654893485,25.06142944839633
1,62,haar_random,seeqst_binomial,7,4,100,100,0.7754857033808147,2.711496449616873
1,62,haar_random,seeqst_binomial,7,4,100,500,4.990774267125782,24.505720724837754
1,62,haar_random,seeqst_binomial,7,4,100,1000,3.104324328678847,12.359113284193155
1,62,haar_random,seeqst_binomial,7,4,100,5000,0.8184202018715718,4.89352243192733
1,62,haar_random,seeqst_binomial,7,4,100,10000,0.5172513586950791,2.476445919967663
1,62,haar_random,seeqst_binomial,7,4,100,25000,0.33262292087902195,1.5161063310288811
1,62,haar_random,seeqst_unifsize_l,7,4,100,10,5.426104247628922,34.969212389070236
1,62,haar_random,seeqst_unifsize_l,7,4,100,100,1.5189251651175142,3.6019986180957893
1,62,haar_random,seeqst_unifsize_l,7,4,100,500,0.6992042661029152,2.097794186148472
1,62,haar_random,seeqst_unifsize_l,7,4,100,1000,0.42159528958404024,1.0644900543124236
1,62,haar_random,seeqst_unifsize_l,7,4,100,5000,0.20224160278110073,0.5755120315067939
1,62,haar_random,seeqst_unifsize_l,7,4,100,10000,0.12816961380137454,0.419190752653693
1,62,haar_random,seeqst_unifsize_l,7,4,100,25000,0.1011755230706424,0.32424791838663636
1,63,haar_random,pauli,7,4,100,10,30.939008916431572,218.84351515956337
1,63,haar_random,pauli,7,4,100,100,6.1943932091614355,43.883515159563444
1,63,haar_random,pauli,7,4,100,500,2.58645305557429,8.891515159563463
1,63,haar_random,pauli,7,4,100,1000,1.6547004881157752,4.517515159563465
1,63,haar_random,pauli,7,4,100,5000,0.6601723406254665,2.272979258362139
1,63,haar_random,pauli,7,4,100,10000,0.5047969899680008,1.637604804294803
1,63,haar_random,pauli,7,4,100,25000,0.2609662838733219,0.691602020505513
1,63,haar_random,clifford,7,4,100,10,2.2130488493754354,12.795299131507594
1,63,haar_random,clifford,7,4,100,100,1.11701520200398,2.6407633596138433
1,63,haar_random,clifford,7,4,100,500,0.5416229240210255,1.582100701390786
1,63,haar_random,clifford,7,4,100,1000,0.4142752571622327,0.9436132912186627
1,63,haar_random,clifford,7,4,100,5000,0.16041695481243565,0.43002074163785886
1,63,haar_random,clifford,7,4,100,10000,0.11502103955443543,0.2881207416378592
1,63,haar_random,clifford,7,4,100,25000,0.07068592801609114,0.18750074163785985
1,63,haar_random,seeqst_uniform,7,4,100,10,3.615261601491873,25.567575099169645
1,63,haar_random,seeqst_uniform,7,4,100,100,1.2430478047601363,5.036825997327957
1,63,haar_random,seeqst_uniform,7,4,100,500,0.7466519469876438,1.9833052786954684
1,63,haar_random,seeqst_uniform,7,4,100,1000,0.5378187623756869,1.6423806436246529
1,63,haar_random,seeqst_uniform,7,4,100,5000,0.2162352798908696,0.5455950081208418
1,63,haar_random,seeqst_uniform,7,4,100,10000,0.1437246552675997,0.42876543483493207
1,63,haar_random,seeqst_uniform,7,4,100,25000,0.09722663980097086,0.19666530976238505
1,63,haar_random,seeqst_binomial,7,4,100,10,4.364402346217184,25.06142944839633
1,63,haar_random,seeqst_binomial,7,4,100,100,4.3886621689286756,17.61283850630513
1,63,haar_random,seeqst_binomial,7,4,100,500,1.3252467745450556,7.042302771085876
1,63,haar_random,seeqst_binomial,7,4,100,1000,1.9353340041982723,12.3054289236653
1,63,haar_random,seeqst_binomial,7,4,100,5000,0.7960716152058718,2.522795687513697
1,63,haar_random,seeqst_binomial,7,4,100,10000,0.5921798591642102,2.5191189527881805
1,63,haar_random,seeqst_binomial,7,4,100,25000,0.3665164673962909,1.433179772332082
1,63,haar_random,seeqst_unifsize_l,7,4,100,10,5.9045537133889745,34.99794898462503
1,63,haar_random,seeqst_unifsize_l,7,4,100,100,1.2920328226668825,3.6502909484597668
1,63,haar_random,seeqst_unifsize_l,7,4,100,500,0.6730269270796447,2.109110071492363
1,63,haar_random,seeqst_unifsize_l,7,4,100,1000,0.5195991225565811,1.4091100714923626
1,63,haar_random,seeqst_unifsize_l,7,4,100,5000,0.2177429726648478,1.0142152130906585
1,63,haar_random,seeqst_unifsize_l,7,4,100,10000,0.12407730891496704,0.48921521309065846
1,63,haar_random,seeqst_unifsize_l,7,4,100,25000,0.08389375983216932,0.26253935624972036
1,64,haar_random,pauli,7,4,100,10,0.07757714464145955,0.215926746516974
1,64,haar_random,pauli,7,4,100,100,6.170498461355878,43.67389975679181
1,64,haar_random,pauli,7,4,100,500,2.7152743254924854,8.755770880235655
1,64,haar_random,pauli,7,4,100,1000,1.7202239818123657,4.406624446920703
1,64,haar_random,pauli,7,4,100,5000,0.7152454365827469,1.6834997567918384
1,64,haar_random,pauli,7,4,100,10000,0.49781936994522896,1.1261244469207046
1,64,haar_random,pauli,7,4,100,25000,0.29612138606177885,0.7543048066824587
1,64,haar_random,clifford,7,4,100,10,2.223957619193947,12.945201603611705
1,64,haar_random,clifford,7,4,100,100,1.1522441393416405,3.9205305372425614
1,64,haar_random,clifford,7,4,100,500,0.4786161855625958,1.582100701390786
1,64,haar_random,clifford,7,4,100,1000,0.341246196333262,0.7571745437634779
1,64,haar_random,clifford,7,4,100,5000,0.17332530494653453,0.4850102426228424
1,64,haar_random,clifford,7,4,100,10000,0.12134258953666588,0.3689102426228432
1,64,haar_random,clifford,7,4,100,25000,0.06400415100671755,0.16838418859629434
1,64,haar_random,seeqst_uniform,7,4,100,10,5.126000327821034,25.70773343182316
1,64,haar_random,seeqst_uniform,7,4,100,100,1.7141000293136988,5.234130844484407
1,64,haar_random,seeqst_uniform,7,4,100,500,0.7735722694695666,2.4166775023679317
1,64,haar_random,seeqst_uniform,7,4,100,1000,0.5660607763909618,1.5294382001739328
1,64,haar_random,seeqst_uniform,7,4,100,5000,0.21914481872270936,0.4731169124183499
1,64,haar_random,seeqst_uniform,7,4,100,10000,0.1446440853723596,0.35782710198528944
1,64,haar_random,seeqst_uniform,7,4,100,25000,0.09962822552005558,0.27947081186735573
1,64,haar_random,seeqst_binomial,7,4,100,10,3.6274714202011116,24.882368917857494
1,64,haar_random,seeqst_binomial,7,4,100,100,0.8269558463618014,2.711496449616873
1,64,haar_random,seeqst_binomial,7,4,100,500,3.5847953241689203,24.458788904230538
1,64,haar_random,seeqst_binomial,7,4,100,1000,2.5707019419498223,12.34392235705686
1,64,haar_random,seeqst_binomial,7,4,100,5000,1.138676504588999,4.89352243192733
1,64,haar_random,seeqst_binomial,7,4,100,10000,0.6317912675287427,2.3980789546790042
1,64,haar_random,seeqst_binomial,7,4,100,25000,0.39493707675409473,1.379327659738748
1,64,haar_random,seeqst_unifsize_l,7,4,100,10,4.817487601363023,21.215926746516974
1,64,haar_random,seeqst_unifsize_l,7,4,100,100,1.4598512725842618,6.993438200173933
1,64,haar_random,seeqst_unifsize_l,7,4,100,500,0.7750429438708311,2.145602088197713
1,64,haar_random,seeqst_unifsize_l,7,4,100,1000,0.44636100733526146,1.0477941861484719
1,64,haar_random,seeqst_unifsize_l,7,4,100,5000,0.21356832537964615,0.621469462757427
1,64,haar_random,seeqst_unifsize_l,7,4,100,10000,0.1572543660029328,0.42076638558855306
1,64,haar_random,seeqst_unifsize_l,7,4,100,25000,0.10326876363925507,0.3120673256839926
1,65,haar_random,pauli,7,4,100,10,0.08554938217561078,0.215926746516974
1,65,haar_random,pauli,7,4,100,100,5.350100325800837,21.923833751997837
1,65,haar_random,pauli,7,4,100,500,2.6141281751427377,8.801833751997844
1,65,haar_random,pauli,7,4,100,1000,1.5799535562038522,4.451931584176282
1,65,haar_random,pauli,7,4,100,5000,0.5915686390028785,1.390131584176284
1,65,haar_random,pauli,7,4,100,10000,0.5415517230607076,1.3748295368436267
1,65,haar_random,pauli,7,4,100,25000,0.288793154492433,0.7543048066824587
1,65,haar_random,clifford,7,4,100,10,3.127004791212979,12.862150857824831
1,65,haar_random,clifford,7,4,100,100,1.189384961214745,2.636550219899904
1,65,haar_random,clifford,7,4,100,500,0.566390286166271,1.582100701390786
1,65,haar_random,clifford,7,4,100,1000,0.39836945486726555,0.9839799370745215
1,65,haar_random,clifford,7,4,100,5000,0.16389180802579448,0.4850102426228424
1,65,haar_random,clifford,7,4,100,10000,0.11294536428321993,0.3689102426228432
1,65,haar_random,clifford,7,4,100,25000,0.06759786442110073,0.18555464983509812
1,65,haar_random,seeqst_uniform,7,4,100,10,0.08554938217561076,0.215926746516974
1,65,haar_random,seeqst_uniform,7,4,100,100,1.354966925588261,2.737020062925475
1,65,haar_random,seeqst_uniform,7,4,100,500,0.7284946222935386,2.2250200629254753
1,65,haar_random,seeqst_uniform,7,4,100,1000,0.5968740490974889,1.969020062925475
1,65,haar_random,seeqst_uniform,7,4,100,5000,0.24815290432098144,0.5814974866499902
1,65,haar_random,seeqst_uniform,7,4,100,10000,0.15747573035898374,0.46377293346630244
1,65,haar_random,seeqst_uniform,7,4,100,25000,0.09722027180649845,0.32041293346630245
1,65,haar_random,seeqst_binomial,7,4,100,10,0.8127048951759397,3.624840078194301
1,65,haar_random,seeqst_binomial,7,4,100,100,1.0041512073888346,2.711496449616873
1,65,haar_random,seeqst_binomial,7,4,100,500,1.0000301020218805,3.5980311987513054
1,65,haar_random,seeqst_binomial,7,4,100,1000,3.0885575067582667,12.374364004886793
1,65,haar_random,seeqst_binomial,7,4,100,5000,0.7948436213779685,2.5917307687351903
1,65,haar_random,seeqst_binomial,7,4,100,10000,0.6720749665969747,2.4297186447158876
1,65,haar_random,seeqst_binomial,7,4,100,25000,0.39845186730939736,1.9357641708324633
1,65,haar_random,seeqst_unifsize_l,7,4,100,10,6.209433312738023,35.13907270797246
1,65,haar_random,seeqst_unifsize_l,7,4,100,100,1.5622707747163787,7.139072707972461
1,65,haar_random,seeqst_unifsize_l,7,4,100,500,0.6957084171177514,2.033971058384301
1,65,haar_random,seeqst_unifsize_l,7,4,100,1000,0.4476696360652103,1.3306375194232885
1,65,haar_random,seeqst_unifsize_l,7,4,100,5000,0.24946665935048248,0.7039710583843011
1,65,haar_random,seeqst_unifsize_l,7,4,100,10000,0.16988315837213072,0.4970627788871092
1,65,haar_random,seeqst_unifsize_l,7,4,100,25000,0.08497100074961107,0.21606841582371483
1,66,haar_random,pauli,7,4,100,10,30.94924442399668,218.84351515956337
1,66,haar_random,pauli,7,4,100,100,7.592754867887828,43.883515159563444
1,66,haar_random,pauli,7,4,100,500,2.868974675709045,13.107509945687571
1,66,haar_random,pauli,7,4,100,1000,1.87168214551378,8.733509945687572
1,66,haar_random,pauli,7,4,100,5000,0.6341682262776381,2.172509945687576
1,66,haar_random,pauli,7,4,100,10000,0.5264343743184351,1.4940190305889858
1,66,haar_random,pauli,7,4,100,25000,0.249775510139052,0.7815150684355808
1,66,haar_random,clifford,7,4,100,10,3.3993834933356464,12.955609138765661
1,66,haar_random,clifford,7,4,100,100,1.2491985361392426,3.80513736258188
1,66,haar_random,clifford,7,4,100,500,0.5705331397214622,1.582100701390786
1,66,haar_random,clifford,7,4,100,1000,0.3727165024001202,0.9126357631194545
1,66,haar_random,clifford,7,4,100,5000,0.1622839649284539,0.38362706653369655
1,66,haar_random,clifford,7,4,100,10000,0.11521196862075879,0.3372190305889848
1,66,haar_random,clifford,7,4,100,25000,0.07323625374328946,0.17802051024600585
1,66,haar_random,seeqst_uniform,7,4,100,10,3.6256277698783874,25.70773343182316
1,66,haar_random,seeqst_uniform,7,4,100,100,1.4041890930725813,5.004369188132644
1,66,haar_random,seeqst_uniform,7,4,100,500,0.7896194868386006,2.3627418907957374
1,66,haar_random,seeqst_uniform,7,4,100,1000,0.5433018101374447,1.3387418907957374
1,66,haar_random,seeqst_uniform,7,4,100,5000,0.23919487627295394,0.4726460217577875
1,66,haar_random,seeqst_uniform,7,4,100,10000,0.1538414084164437,0.46377293346630244
1,66,haar_random,seeqst_uniform,7,4,100,25000,0.10601392883942334,0.32041293346630245
1,66,haar_random,seeqst_binomial,7,4,100,10,3.640664869718754,25.06142944839633
1,66,haar_random,seeqst_binomial,7,4,100,100,12.747656718125695,122.21459030909124
1,66,haar_random,seeqst_binomial,7,4,100,500,5.597386103207621,24.466218853498468
1,66,haar_random,seeqst_binomial,7,4,100,1000,3.7288406403692513,12.34392235705686
1,66,haar_random,seeqst_binomial,7,4,100,5000,1.0926179189963143,4.850864056687452
1,66,haar_random,seeqst_binomial,7,4,100,10000,0.8279054316659444,3.658851700437394
1,66,haar_random,seeqst_binomial,7,4,100,25000,0.5317250509122371,1.9357641708324633
1,66,haar_random,seeqst_unifsize_l,7,4,100,10,6.787312431695336,35.00634078564066
1,66,haar_random,seeqst_unifsize_l,7,4,100,100,1.6895643998899603,6.939368954828412
1,66,haar_random,seeqst_unifsize_l,7,4,100,500,0.635650504492314,2.1679599913241603
1,66,haar_random,seeqst_unifsize_l,7,4,100,1000,0.45418510079989977,1.2117729334663025
1,66,haar_random,seeqst_unifsize_l,7,4,100,5000,0.2188511635010721,0.6920684158237148
1,66,haar_random,seeqst_unifsize_l,7,4,100,10000,0.1522562794474097,0.4820684158237149
1,66,haar_random,seeqst_unifsize_l,7,4,100,25000,0.09314526132661709,0.24159794555793915
1,67,haar_random,pauli,7,4,100,10,0.07856348820894825,0.19876216570835897
1,67,haar_random,pauli,7,4,100,100,5.352749059275863,43.67389975679181
1,67,haar_random,pauli,7,4,100,500,2.170608342131407,8.681899756791834
1,67,haar_random,pauli,7,4,100,1000,1.420310109167984,4.443414613821148
1,67,haar_random,pauli,7,4,100,5000,0.7204311182467311,2.272979258362139
1,67,haar_random,pauli,7,4,100,10000,0.4907707710679715,1.0876950684355806
1,67,haar_random,pauli,7,4,100,25000,0.26932716016259856,0.7815150684355808
1,67,haar_random,clifford,7,4,100,10,3.1452866480194976,12.929872965243822
1,67,haar_random,clifford,7,4,100,100,1.1267833350939056,2.681683136151399
1,67,haar_random,clifford,7,4,100,500,0.6057841697166966,1.582100701390786
1,67,haar_random,clifford,7,4,100,1000,0.4194798127114,1.0046831361514044
1,67,haar_random,clifford,7,4,100,5000,0.14427302204604278,0.43002074163785886
1,67,haar_random,clifford,7,4,100,10000,0.10326863671739714,0.2881207416378592
1,67,haar_random,clifford,7,4,100,25000,0.068243238547174,0.20399783374112074
1,67,haar_random,seeqst_uniform,7,4,100,10,0.07856348820894826,0.19876216570835897
1,67,haar_random,seeqst_uniform,7,4,100,100,1.6009836917008387,5.234130844484407
1,67,haar_random,seeqst_uniform,7,4,100,500,0.7776397989143496,1.931981443376529
1,67,haar_random,seeqst_uniform,7,4,100,1000,0.5319944412506844,1.2421508578248657
1,67,haar_random,seeqst_uniform,7,4,100,5000,0.23172799875101946,0.6702570975276418
1,67,haar_random,seeqst_uniform,7,4,100,10000,0.14269347036001478,0.41425709752764184
1,67,haar_random,seeqst_uniform,7,4,100,25000,0.11389738232426462,0.3281352153063649
1,67,haar_random,seeqst_binomial,7,4,100,10,5.672807792153713,25.06142944839633
1,67,haar_random,seeqst_binomial,7,4,100,100,1.959501417586587,17.47479285326371
1,67,haar_random,seeqst_binomial,7,4,100,500,0.9240988905830093,3.6609089268017803
1,67,haar_random,seeqst_binomial,7,4,100,1000,1.8242000718400795,12.245384084606481
1,67,haar_random,seeqst_binomial,7,4,100,5000,0.9475187874178608,2.498051176664502
1,67,haar_random,seeqst_binomial,7,4,100,10000,0.618520355722027,2.4390865175814347
1,67,haar_random,seeqst_binomial,7,4,100,25000,0.34718455127421977,1.433179772332082
1,67,haar_random,seeqst_unifsize_l,7,4,100,10,6.797739899595951,35.1917749975334
1,67,haar_random,seeqst_unifsize_l,7,4,100,100,1.4671815052816264,3.691774997533398
1,67,haar_random,seeqst_unifsize_l,7,4,100,500,0.5491743061938981,1.5355951935724597
1,67,haar_random,seeqst_unifsize_l,7,4,100,1000,0.42489220221298274,1.3436378556219537
1,67,haar_random,seeqst_unifsize_l,7,4,100,5000,0.24056525922545052,1.0142152130906585
1,67,haar_random,seeqst_unifsize_l,7,4,100,10000,0.1574321116938842,0.48921521309065846
1,67,haar_random,seeqst_unifsize_l,7,4,100,25000,0.0974040835964039,0.24026382962144732
1,68,haar_random,pauli,7,4,100,10,0.0949477578876147,0.24598081327840832
1,68,haar_random,pauli,7,4,100,100,4.363708378431238,21.813449780100083
1,68,haar_random,pauli,7,4,100,500,2.0840359887491675,4.52126542428364
1,68,haar_random,pauli,7,4,100,1000,1.499090393657525,4.40842140295704
1,68,haar_random,pauli,7,4,100,5000,0.6143214229611539,1.4338866319356445
1,68,haar_random,pauli,7,4,100,10000,0.48629467652218156,1.2028866283183983
1,68,haar_random,pauli,7,4,100,25000,0.2683964617184104,0.7654866283183985
1,68,haar_random,clifford,7,4,100,10,2.2268823607084807,12.959752318427753
1,68,haar_random,clifford,7,4,100,100,1.2233844968414798,3.9205305372425614
1,68,haar_random,clifford,7,4,100,500,0.4934247151866816,1.582100701390786
1,68,haar_random,clifford,7,4,100,1000,0.35504406392231563,0.9839799370745215
1,68,haar_random,clifford,7,4,100,5000,0.15117868661427525,0.5228053268338915
1,68,haar_random,clifford,7,4,100,10000,0.10994811144534061,0.3556133680643536
1,68,haar_random,clifford,7,4,100,25000,0.06599519364924969,0.21887336806435412
1,68,haar_random,seeqst_uniform,7,4,100,10,4.4383351070123345,25.761921381798594
1,68,haar_random,seeqst_uniform,7,4,100,100,1.3653697578192905,2.7978333339586894
1,68,haar_random,seeqst_uniform,7,4,100,500,0.7855419328961474,2.232319823510852
1,68,haar_random,seeqst_uniform,7,4,100,1000,0.6084982944672394,1.969020062925475
1,68,haar_random,seeqst_uniform,7,4,100,5000,0.24133866447221686,0.5801894418968004
1,68,haar_random,seeqst_uniform,7,4,100,10000,0.16920577604673134,0.46377293346630244
1,68,haar_random,seeqst_uniform,7,4,100,25000,0.10299855048263404,0.32041293346630245
1,68,haar_random,seeqst_binomial,7,4,100,10,2.589536375140445,24.866463267352728
1,68,haar_random,seeqst_binomial,7,4,100,100,12.610028162957681,122.159072608237
1,68,haar_random,seeqst_binomial,7,4,100,500,3.618965004161209,24.400542497719886
1,68,haar_random,seeqst_binomial,7,4,100,1000,2.5556429614927696,12.245384084606481
1,68,haar_random,seeqst_binomial,7,4,100,5000,1.0071895518587968,4.744051193792159
1,68,haar_random,seeqst_binomial,7,4,100,10000,0.9712615682334268,6.058105179935629
1,68,haar_random,seeqst_binomial,7,4,100,25000,0.575504662428097,2.8787493781863582
1,68,haar_random,seeqst_unifsize_l,7,4,100,10,4.596003812858081,35.070594673166106
1,68,haar_random,seeqst_unifsize_l,7,4,100,100,1.6312305765125732,6.993438200173933
1,68,haar_random,seeqst_unifsize_l,7,4,100,500,0.7554554206174043,3.376157156341959
1,68,haar_random,seeqst_unifsize_l,7,4,100,1000,0.4698290786564962,1.6261571563419592
1,68,haar_random,seeqst_unifsize_l,7,4,100,5000,0.2287884954134385,0.8267700436288044
1,68,haar_random,seeqst_unifsize_l,7,4,100,10000,0.16105379731694683,0.5642995386128291
1,68,haar_random,seeqst_unifsize_l,7,4,100,25000,0.10456317407482661,0.29835800037586535
1,69,haar_random,pauli,7,4,100,10,0.08651435660934598,0.19410595483189302
1,69,haar_random,pauli,7,4,100,100,4.882270757807118,21.983147121869916
1,69,haar_random,pauli,7,4,100,500,2.3109395327604134,8.755770880235655
1,69,haar_random,pauli,7,4,100,1000,1.3308930430738555,4.292598360031498
1,69,haar_random,pauli,7,4,100,5000,0.6379282565301935,1.7613877296699838
1,69,haar_random,pauli,7,4,100,10000,0.5104218127423675,1.1862948892672784
1,69,haar_random,pauli,7,4,100,25000,0.2761240775494659,0.7926348892672787
1,69,haar_random,clifford,7,4,100,10,3.13998672266479,12.938696136190039
1,69,haar_random,clifford,7,4,100,100,1.33832715440153,3.9205305372425614
1,69,haar_random,clifford,7,4,100,500,0.6369699539135149,1.582100701390786
1,69,haar_random,clifford,7,4,100,1000,0.4099578653596634,0.7377948892672763
1,69,haar_random,clifford,7,4,100,5000,0.14260322731506225,0.32203081186735516
1,69,haar_random,clifford,7,4,100,10000,0.10673744098611576,0.29471043792902274
1,69,haar_random,clifford,7,4,100,25000,0.06519482444868029,0.18940071784105186
1,69,haar_random,seeqst_uniform,7,4,100,10,3.611403042049583,25.567575099169645
1,69,haar_random,seeqst_uniform,7,4,100,100,1.325018794786931,5.004369188132644
1,69,haar_random,seeqst_uniform,7,4,100,500,0.7483233036554543,2.1096177528370865
1,69,haar_random,seeqst_uniform,7,4,100,1000,0.56290022956392,1.443710437929024
1,69,haar_random,seeqst_uniform,7,4,100,5000,0.20833684806368152,0.47121775283708656
1,69,haar_random,seeqst_uniform,7,4,100,10000,0.1421383739814529,0.37954191186857006
1,69,haar_random,seeqst_uniform,7,4,100,25000,0.09468286137096828,0.27947081186735573
1,69,haar_random,seeqst_binomial,7,4,100,10,2.6526223497694756,25.06142944839633
1,69,haar_random,seeqst_binomial,7,4,100,100,12.746255931868017,122.39606257376497
1,69,haar_random,seeqst_binomial,7,4,100,500,3.629263978490846,24.56973021224894
1,69,haar_random,seeqst_binomial,7,4,100,1000,3.0958102790655286,12.34392235705686
1,69,haar_random,seeqst_binomial,7,4,100,5000,0.8101731423168358,2.5647551193843854
1,69,haar_random,seeqst_binomial,7,4,100,10000,0.8021413896394455,6.058105179935629
1,69,haar_random,seeqst_binomial,7,4,100,25000,0.4467829294764059,2.8787493781863582
1,69,haar_random,seeqst_unifsize_l,7,4,100,10,4.081399798554062,34.99438101693908
1,69,haar_random,seeqst_unifsize_l,7,4,100,100,1.6755677463967875,6.994381016939079
1,69,haar_random,seeqst_unifsize_l,7,4,100,500,0.6020045898133811,2.145602088197713
1,69,haar_random,seeqst_unifsize_l,7,4,100,1000,0.43441436053358756,1.1616302397022988
1,69,haar_random,seeqst_unifsize_l,7,4,100,5000,0.21506093838054408,0.7309155223644529
1,69,haar_random,seeqst_unifsize_l,7,4,100,10000,0.13064252451476352,0.4616302397022988
1,69,haar_random,seeqst_unifsize_l,7,4,100,25000,0.08118552607409885,0.211894045168107
1,70,haar_random,pauli,7,4,100,10,0.09553554955001951,0.22664029821192516
1,70,haar_random,pauli,7,4,100,100,4.365828660508666,21.855509945687565
1,70,haar_random,pauli,7,4,100,500,2.8005113755372184,13.107509945687571
1,70,haar_random,pauli,7,4,100,1000,1.7630330807235137,8.733509945687572
1,70,haar_random,pauli,7,4,100,5000,0.6603258371208152,2.172509945687576
1,70,haar_random,pauli,7,4,100,10000,0.5398577408072688,1.637604804294803
1,70,haar_random,pauli,7,4,100,25000,0.2696326344750565,0.7654866283183985
1,70,haar_random,clifford,7,4,100,10,3.131822994611471,12.96278100037378
1,70,haar_random,clifford,7,4,100,100,1.3153980952682962,2.727204711633441
1,70,haar_random,clifford,7,4,100,500,0.500904044663012,1.582100701390786
1,70,haar_random,clifford,7,4,100,1000,0.3427958955391621,0.9252951957051934
1,70,haar_random,clifford,7,4,100,5000,0.13970152705188732,0.3587827190120427
1,70,haar_random,clifford,7,4,100,10000,0.10957262131677116,0.28138271901204276
1,70,haar_random,clifford,7,4,100,25000,0.060015211982717545,0.18850271901204313
1,70,haar_random,seeqst_uniform,7,4,100,10,3.61199219344612,25.53721899962618
1,70,haar_random,seeqst_uniform,7,4,100,100,1.313638181994552,2.711082302272074
1,70,haar_random,seeqst_uniform,7,4,100,500,0.631114160207094,1.676145266443314
1,70,haar_random,seeqst_uniform,7,4,100,1000,0.5407655978825524,1.2421508578248657
1,70,haar_random,seeqst_uniform,7,4,100,5000,0.21670005412996282,0.4697384458983618
1,70,haar_random,seeqst_uniform,7,4,100,10000,0.13405020771753667,0.3359758524986029
1,70,haar_random,seeqst_uniform,7,4,100,25000,0.08603835017069737,0.23151426930901006
1,70,haar_random,seeqst_binomial,7,4,100,10,2.63356944140382,25.06142944839633
1,70,haar_random,seeqst_binomial,7,4,100,100,12.851885525662935,122.33070760497337
1,70,haar_random,seeqst_binomial,7,4,100,500,3.5900096745573724,24.504375243457346
1,70,haar_random,seeqst_binomial,7,4,100,1000,2.7891452696450423,12.276083698267842
1,70,haar_random,seeqst_binomial,7,4,100,5000,0.9537841566205942,2.5533567035936664
1,70,haar_random,seeqst_binomial,7,4,100,10000,0.7232102091146747,3.5951603985407825
1,70,haar_random,seeqst_binomial,7,4,100,25000,0.3708217779609855,1.5750933799785063
1,70,haar_random,seeqst_unifsize_l,7,4,100,10,4.193262166666956,34.93936895482841
1,70,haar_random,seeqst_unifsize_l,7,4,100,100,1.6594879850254307,6.939368954828412
1,70,haar_random,seeqst_unifsize_l,7,4,100,500,0.6310414238505444,2.092073564306676
1,70,haar_random,seeqst_unifsize_l,7,4,100,1000,0.42985079164609025,1.0644900543124236
1,70,haar_random,seeqst_unifsize_l,7,4,100,5000,0.19668622051863324,0.5427605578693788
1,70,haar_random,seeqst_unifsize_l,7,4,100,10000,0.14403256098849707,0.42894888800158615
1,70,haar_random,seeqst_unifsize_l,7,4,100,25000,0.10740845018831567,0.32424791838663636
1,71,haar_random,pauli,7,4,100,10,21.884510283761255,218.84351515956337
1,71,haar_random,pauli,7,4,100,100,6.561749289913377,43.883515159563444
1,71,haar_random,pauli,7,4,100,500,2.309229733252627,8.891515159563463
1,71,haar_random,pauli,7,4,100,1000,1.6067394540471258,4.517515159563465
1,71,haar_random,pauli,7,4,100,5000,0.5761698073381605,2.2701740026720416
1,71,haar_random,pauli,7,4,100,10000,0.4554824379241075,0.957974002672042
1,71,haar_random,pauli,7,4,100,25000,0.27149374975102014,0.7717966797388934
1,71,haar_random,clifford,7,4,100,10,2.210670858744792,12.836173213621837
1,71,haar_random,clifford,7,4,100,100,1.2741313838657697,3.9033720203152455
1,71,haar_random,clifford,7,4,100,500,0.5766308831682084,1.582100701390786
1,71,haar_random,clifford,7,4,100,1000,0.35537367617899607,0.7208299583787052
1,71,haar_random,clifford,7,4,100,5000,0.13880840879422057,0.3456766797388927
1,71,haar_random,clifford,7,4,100,10000,0.10729243201036072,0.2618099090065974
1,71,haar_random,clifford,7,4,100,25000,0.06324318759625353,0.15686403354561074
1,71,haar_random,seeqst_uniform,7,4,100,10,5.110452521518343,25.60618901032377
1,71,haar_random,seeqst_uniform,7,4,100,100,1.54089132481003,5.036825997327957
1,71,haar_random,seeqst_uniform,7,4,100,500,0.7143940548528487,2.054189010323771
1,71,haar_random,seeqst_uniform,7,4,100,1000,0.5353221590239606,1.2955233202611063
1,71,haar_random,seeqst_uniform,7,4,100,5000,0.22926683644732235,0.49027270520488164
1,71,haar_random,seeqst_uniform,7,4,100,10000,0.13900807141481566,0.3878727052048816
1,71,haar_random,seeqst_uniform,7,4,100,25000,0.10755925550797812,0.3490607939127093
1,71,haar_random,seeqst_binomial,7,4,100,10,5.074531683126922,25.06142944839633
1,71,haar_random,seeqst_binomial,7,4,100,100,17.482535317650512,122.21459030909124
1,71,haar_random,seeqst_binomial,7,4,100,500,5.032667665554,24.472106410640116
1,71,haar_random,seeqst_binomial,7,4,100,1000,3.1296845549239865,12.346076440686742
1,71,haar_random,seeqst_binomial,7,4,100,5000,1.1075040668778038,4.906839938336908
1,71,haar_random,seeqst_binomial,7,4,100,10000,0.6182278860347894,2.370697671162333
1,71,haar_random,seeqst_binomial,7,4,100,25000,0.3386258289353621,1.3924343475471728
1,71,haar_random,seeqst_unifsize_l,7,4,100,10,6.183120191751616,35.00634078564066
1,71,haar_random,seeqst_unifsize_l,7,4,100,100,1.475346664280114,6.980868360017568
1,71,haar_random,seeqst_unifsize_l,7,4,100,500,0.7837339064271479,3.376157156341959
1,71,haar_random,seeqst_unifsize_l,7,4,100,1000,0.4791164627588018,1.6261571563419592
1,71,haar_random,seeqst_unifsize_l,7,4,100,5000,0.21918365279462054,0.6461571563419592
1,71,haar_random,seeqst_unifsize_l,7,4,100,10000,0.13481646870129066,0.4970627788871092
1,71,haar_random,seeqst_unifsize_l,7,4,100,25000,0.08396708433838522,0.19961268453263248
1,72,haar_random,pauli,7,4,100,10,0.07394564687146471,0.19782427268377195
1,72,haar_random,pauli,7,4,100,100,4.875176909409577,21.813449780100083
1,72,haar_random,pauli,7,4,100,500,2.2269463518337265,8.786765162507676
1,72,haar_random,pauli,7,4,100,1000,1.4232097897882066,4.406624446920703
1,72,haar_random,pauli,7,4,100,5000,0.6852669566954277,2.094964484051652
1,72,haar_random,pauli,7,4,100,10000,0.47051294836658414,1.1261244469207046
1,72,haar_random,pauli,7,4,100,25000,0.25432148141820954,0.691602020505513
1,72,haar_random,clifford,7,4,100,10,3.6406068676127066,12.980645433238768
1,72,haar_random,clifford,7,4,100,100,1.3723115527281207,3.9033720203152455
1,72,haar_random,clifford,7,4,100,500,0.5932506333703227,1.582100701390786
1,72,haar_random,clifford,7,4,100,1000,0.3838646407130629,0.9839799370745215
1,72,haar_random,clifford,7,4,100,5000,0.13669250897997498,0.31857454376347943
1,72,haar_random,clifford,7,4,100,10000,0.10180546892969596,0.2559126211830484
1,72,haar_random,clifford,7,4,100,25000,0.06565630172578817,0.16838418859629434
1,72,haar_random,seeqst_uniform,7,4,100,10,6.761080302018154,25.60618901032377
1,72,haar_random,seeqst_uniform,7,4,100,100,1.4290258620124794,2.737020062925475
1,72,haar_random,seeqst_uniform,7,4,100,500,0.7777054018491397,2.2250200629254753
1,72,haar_random,seeqst_uniform,7,4,100,1000,0.5414080464363336,1.969020062925475
1,72,haar_random,seeqst_uniform,7,4,100,5000,0.22257195826787082,0.6702570975276418
1,72,haar_random,seeqst_uniform,7,4,100,10000,0.1433668957543618,0.41425709752764184
1,72,haar_random,seeqst_uniform,7,4,100,25000,0.08615807406989089,0.2480131536236523
1,72,haar_random,seeqst_binomial,7,4,100,10,4.36908795175081,24.882368917857494
1,72,haar_random,seeqst_binomial,7,4,100,100,2.600266407980673,17.506754553170747
1,72,haar_random,seeqst_binomial,7,4,100,500,4.325395469239703,24.505720724837754
1,72,haar_random,seeqst_binomial,7,4,100,1000,3.1147019796985096,12.330454475339018
1,72,haar_random,seeqst_binomial,7,4,100,5000,1.0398194242558252,2.5875219073323397
1,72,haar_random,seeqst_binomial,7,4,100,10000,0.7857664397326525,2.5875219073323397
1,72,haar_random,seeqst_binomial,7,4,100,25000,0.43916697530714,1.5144898023785454
1,72,haar_random,seeqst_unifsize_l,7,4,100,10,6.1380405817273616,34.99794898462503
1,72,haar_random,seeqst_unifsize_l,7,4,100,100,1.7626153510861424,6.957477749460517
1,72,haar_random,seeqst_unifsize_l,7,4,100,500,0.8217440861655533,2.658136401705561
1,72,haar_random,seeqst_unifsize_l,7,4,100,1000,0.4707026039304495,1.6081364017055615
1,72,haar_random,seeqst_unifsize_l,7,4,100,5000,0.22098246129446172,0.5912348374923166
1,72,haar_random,seeqst_unifsize_l,7,4,100,10000,0.14663277860577073,0.36735585133059145
1,72,haar_random,seeqst_unifsize_l,7,4,100,25000,0.09653577151049755,0.32424791838663636
1,73,haar_random,pauli,7,4,100,10,0.07975029526546495,0.215926746516974
1,73,haar_random,pauli,7,4,100,100,4.887119746370888,21.889908144418268
1,73,haar_random,pauli,7,4,100,500,2.2167143853201092,4.485824904891696
1,73,haar_random,pauli,7,4,100,1000,1.3718947199161229,2.3728955339785465
1,73,haar_random,pauli,7,4,100,5000,0.6865703260417749,2.2225474644795145
1,73,haar_random,pauli,7,4,100,10000,0.48865876995893764,1.3477474644795149
1,73,haar_random,pauli,7,4,100,25000,0.27373667577826916,0.7815150684355808
1,73,haar_random,clifford,7,4,100,10,2.227361835807008,12.938696136190039
1,73,haar_random,clifford,7,4,100,100,1.1584080780802442,3.808379287448337
1,73,haar_random,clifford,7,4,100,500,0.5826608901716976,1.582100701390786
1,73,haar_random,clifford,7,4,100,1000,0.3923254597351524,0.9839799370745215
1,73,haar_random,clifford,7,4,100,5000,0.17398237504370545,0.4850102426228424
1,73,haar_random,clifford,7,4,100,10000,0.12448147854277652,0.3689102426228432
1,73,haar_random,clifford,7,4,100,25000,0.06551300299996941,0.21185928744834784
1,73,haar_random,seeqst_uniform,7,4,100,10,2.5540220556597686,25.527868264065667
1,73,haar_random,seeqst_uniform,7,4,100,100,1.3627169788084301,5.09382710198529
1,73,haar_random,seeqst_uniform,7,4,100,500,0.6524662653690193,2.2250200629254753
1,73,haar_random,seeqst_uniform,7,4,100,1000,0.5458412058528942,1.969020062925475
1,73,haar_random,seeqst_uniform,7,4,100,5000,0.24604964881176014,0.7518337220203805
1,73,haar_random,seeqst_uniform,7,4,100,10000,0.1514666605066495,0.4190337220203805
1,73,haar_random,seeqst_uniform,7,4,100,25000,0.0997931933264415,0.3281352153063649
1,73,haar_random,seeqst_binomial,7,4,100,10,0.7209114671180366,3.624840078194301
1,73,haar_random,seeqst_binomial,7,4,100,100,21.339864679794683,122.33070760497337
1,73,haar_random,seeqst_binomial,7,4,100,500,6.0563912747093775,24.504375243457346
1,73,haar_random,seeqst_binomial,7,4,100,1000,3.0533938720209055,12.276083698267842
1,73,haar_random,seeqst_binomial,7,4,100,5000,1.151749872198778,4.900599541080451
1,73,haar_random,seeqst_binomial,7,4,100,10000,0.6466647555517574,2.4806920310582816
1,73,haar_random,seeqst_binomial,7,4,100,25000,0.33530346351303114,1.4204974006143893
1,73,haar_random,seeqst_unifsize_l,7,4,100,10,5.1137053829900845,34.9263409335467
1,73,haar_random,seeqst_unifsize_l,7,4,100,100,1.463534001095177,3.572131735934335
1,73,haar_random,seeqst_unifsize_l,7,4,100,500,0.8028783603858283,3.375351821421014
1,73,haar_random,seeqst_unifsize_l,7,4,100,1000,0.481608247724827,2.3253518214210143
1,73,haar_random,seeqst_unifsize_l,7,4,100,5000,0.22995327372120025,0.6453518214210141
1,73,haar_random,seeqst_unifsize_l,7,4,100,10000,0.160798454999201,0.4353518214210142
1,73,haar_random,seeqst_unifsize_l,7,4,100,25000,0.1388677596049026,0.4536207125516515
1,74,haar_random,pauli,7,4,100,10,0.08104925340634797,0.19836243205501947
1,74,haar_random,pauli,7,4,100,100,4.888937640898494,21.982509611182216
1,74,haar_random,pauli,7,4,100,500,2.1370576585764254,8.666598360031495
1,74,haar_random,pauli,7,4,100,1000,1.6122568348717328,4.414579164037863
1,74,haar_random,pauli,7,4,100,5000,0.6094012980924675,2.2701740026720416
1,74,haar_random,pauli,7,4,100,10000,0.46813101442867183,1.637604804294803
1,74,haar_random,pauli,7,4,100,25000,0.2621644477870642,0.6349750156288418
1,74,haar_random,clifford,7,4,100,10,3.1515180081208563,13.002649873018063
1,74,haar_random,clifford,7,4,100,100,1.2603918289822744,3.80513736258188
1,74,haar_random,clifford,7,4,100,500,0.5663954834893101,1.582100701390786
1,74,haar_random,clifford,7,4,100,1000,0.3888731422063809,0.9892141239080764
1,74,haar_random,clifford,7,4,100,5000,0.1701293332341584,0.4732141239080779
1,74,haar_random,clifford,7,4,100,10000,0.11676342841402348,0.37470688500840077
1,74,haar_random,clifford,7,4,100,25000,0.06567704339508207,0.159275763119457
1,74,haar_random,seeqst_uniform,7,4,100,10,0.08104925340634796,0.19836243205501947
1,74,haar_random,seeqst_uniform,7,4,100,100,1.3205071760552878,5.036825997327957
1,74,haar_random,seeqst_uniform,7,4,100,500,0.6258282905827498,1.955710437929024
1,74,haar_random,seeqst_uniform,7,4,100,1000,0.5286388825962343,1.6423806436246529
1,74,haar_random,seeqst_uniform,7,4,100,5000,0.2094860948792139,0.46377293346630244
1,74,haar_random,seeqst_uniform,7,4,100,10000,0.15240892785195756,0.46377293346630244
1,74,haar_random,seeqst_uniform,7,4,100,25000,0.10645206831390142,0.32041293346630245
1,74,haar_random,seeqst_binomial,7,4,100,10,0.4999540249814118,3.4892696174782913
1,74,haar_random,seeqst_binomial,7,4,100,100,2.5429806077199353,17.45007940893765
1,74,haar_random,seeqst_binomial,7,4,100,500,4.96289296775778,24.466218853498468
1,74,haar_random,seeqst_binomial,7,4,100,1000,3.7041757998176754,12.340801156371736
1,74,haar_random,seeqst_binomial,7,4,100,5000,1.3129058840846763,4.893179393250273
1,74,haar_random,seeqst_binomial,7,4,100,10000,0.9144771890067549,3.670350238731323
1,74,haar_random,seeqst_binomial,7,4,100,25000,0.5159256872626006,1.9583894224047922
1,74,haar_random,seeqst_unifsize_l,7,4,100,10,5.471483567074857,35.1917749975334
1,74,haar_random,seeqst_unifsize_l,7,4,100,100,1.4364438367148498,3.691774997533398
1,74,haar_random,seeqst_unifsize_l,7,4,100,500,0.727381381797139,2.0423654348349323
1,74,haar_random,seeqst_unifsize_l,7,4,100,1000,0.47549156088610206,1.3436378556219537
1,74,haar_random,seeqst_unifsize_l,7,4,100,5000,0.20815481087793516,0.7251765546027876
1,74,haar_random,seeqst_unifsize_l,7,4,100,10000,0.1485625280427301,0.48017655460278763
1,74,haar_random,seeqst_unifsize_l,7,4,100,25000,0.10318117510029777,0.4147302324215439
1,75,haar_random,pauli,7,4,100,10,0.08409804212271652,0.23936762040417242
1,75,haar_random,pauli,7,4,100,100,2.182958179742491,21.813449780100083
1,75,haar_random,pauli,7,4,100,500,2.0039451989933816,8.666598360031495
1,75,haar_random,pauli,7,4,100,1000,1.4268517536596264,4.406624446920703
1,75,haar_random,pauli,7,4,100,5000,0.7102475294082163,2.2225474644795145
1,75,haar_random,pauli,7,4,100,10000,0.543016593804223,1.637604804294803
1,75,haar_random,pauli,7,4,100,25000,0.30354371390177387,0.852357577526032
1,75,haar_random,clifford,7,4,100,10,2.8787279517651334,12.938696136190039
1,75,haar_random,clifford,7,4,100,100,1.2632975084014424,2.636550219899904
1,75,haar_random,clifford,7,4,100,500,0.589369098713512,1.582100701390786
1,75,haar_random,clifford,7,4,100,1000,0.4222849395493455,0.9252951957051934
1,75,haar_random,clifford,7,4,100,5000,0.17096488349211475,0.41636431424121334
1,75,haar_random,clifford,7,4,100,10000,0.11541053531461236,0.29471043792902274
1,75,haar_random,clifford,7,4,100,25000,0.06627429242051483,0.18555464983509812
1,75,haar_random,seeqst_uniform,7,4,100,10,3.608459372128561,25.550862365541256
1,75,haar_random,seeqst_uniform,7,4,100,100,1.419927898356831,5.234130844484407
1,75,haar_random,seeqst_uniform,7,4,100,500,0.6556353988648523,2.232319823510852
1,75,haar_random,seeqst_uniform,7,4,100,1000,0.46451644163866146,1.443710437929024
1,75,haar_random,seeqst_uniform,7,4,100,5000,0.19759615541970835,0.6473540546236854
1,75,haar_random,seeqst_uniform,7,4,100,10000,0.13748478663844005,0.4169540546236854
1,75,haar_random,seeqst_uniform,7,4,100,25000,0.09211784712277464,0.2582340546236854
1,75,haar_random,seeqst_binomial,7,4,100,10,2.5333503546494436,25.06142944839633
1,75,haar_random,seeqst_binomial,7,4,100,100,2.585781788101525,17.430291785509212
1,75,haar_random,seeqst_binomial,7,4,100,500,4.318288725222519,24.589659206675
1,75,haar_random,seeqst_binomial,7,4,100,1000,3.0844883430082057,12.361367661485497
1,75,haar_random,seeqst_binomial,7,4,100,5000,1.0328740376270276,2.6382024723539725
1,75,haar_random,seeqst_binomial,7,4,100,10000,0.7105495962314347,2.5486275628186235
1,75,haar_random,seeqst_binomial,7,4,100,25000,0.46815848176096053,1.841833399697513
1,75,haar_random,seeqst_unifsize_l,7,4,100,10,7.6359906292863045,35.239367620404174
1,75,haar_random,seeqst_unifsize_l,7,4,100,100,2.1025449906468325,7.239367620404172
1,75,haar_random,seeqst_unifsize_l,7,4,100,500,0.7416451540651162,2.3393676204041727
1,75,haar_random,seeqst_unifsize_l,7,4,100,1000,0.521240247206491,2.0508051018415543
1,75,haar_random,seeqst_unifsize_l,7,4,100,5000,0.21963613769521534,0.5755120315067939
1,75,haar_random,seeqst_unifsize_l,7,4,100,10000,0.15423909003134145,0.49603710875128704
1,75,haar_random,seeqst_unifsize_l,7,4,100,25000,0.11072911007324604,0.3393197576774118
1,76,haar_random,pauli,7,4,100,10,21.865386665617834,218.652130392074
1,76,haar_random,pauli,7,4,100,100,6.180987632936209,21.931249471397035
1,76,haar_random,pauli,7,4,100,500,2.758751322714818,13.107509945687571
1,76,haar_random,pauli,7,4,100,1000,1.7752425888708563,8.733509945687572
1,76,haar_random,pauli,7,4,100,5000,0.6604236391657348,2.172509945687576
1,76,haar_random,pauli,7,4,100,10000,0.4938864419850987,1.2960234408534732
1,76,haar_random,pauli,7,4,100,25000,0.29222670319282745,0.691602020505513
1,76,haar_random,clifford,7,4,100,10,2.557558500426218,12.901775514124347
1,76,haar_random,clifford,7,4,100,100,1.169990131108473,2.636550219899904
1,76,haar_random,clifford,7,4,100,500,0.5563458314054709,2.047451574390701
1,76,haar_random,clifford,7,4,100,1000,0.38281546163550434,1.0154515743907035
1,76,haar_random,clifford,7,4,100,5000,0.15779143490084335,0.4220515743907048
1,76,haar_random,clifford,7,4,100,10000,0.11092320786780323,0.2618099090065974
1,76,haar_random,clifford,7,4,100,25000,0.0789761911143741,0.18555464983509812
1,76,haar_random,seeqst_uniform,7,4,100,10,0.08726798981552107,0.23936762040417242
1,76,haar_random,seeqst_uniform,7,4,100,100,1.3716154695580252,2.681849282841136
1,76,haar_random,seeqst_uniform,7,4,100,500,0.6529208311300476,1.9833052786954684
1,76,haar_random,seeqst_uniform,7,4,100,1000,0.5234767850965594,1.6423806436246529
1,76,haar_random,seeqst_uniform,7,4,100,5000,0.22595537073083877,0.6244494713970501
1,76,haar_random,seeqst_uniform,7,4,100,10000,0.16739958428511095,0.5058492828411358
1,76,haar_random,seeqst_uniform,7,4,100,25000,0.1059278543143531,0.3281352153063649
1,76,haar_random,seeqst_binomial,7,4,100,10,5.013440962561006,24.882368917857494
1,76,haar_random,seeqst_binomial,7,4,100,100,12.389181391618433,122.33070760497337
1,76,haar_random,seeqst_binomial,7,4,100,500,2.6754595203704175,24.504375243457346
1,76,haar_random,seeqst_binomial,7,4,100,1000,2.5577583975178415,12.276083698267842
1,76,haar_random,seeqst_binomial,7,4,100,5000,0.8498235842382575,2.5875219073323397
1,76,haar_random,seeqst_binomial,7,4,100,10000,0.6181472460552987,2.5875219073323397
1,76,haar_random,seeqst_binomial,7,4,100,25000,0.38648850304259197,2.4324283526667054
1,76,haar_random,seeqst_unifsize_l,7,4,100,10,8.937381559487664,35.239367620404174
1,76,haar_random,seeqst_unifsize_l,7,4,100,100,1.834998979175576,7.239367620404172
1,76,haar_random,seeqst_unifsize_l,7,4,100,500,0.7822918751026154,2.658136401705561
1,76,haar_random,seeqst_unifsize_l,7,4,100,1000,0.46525524827798376,1.6081364017055615
1,76,haar_random,seeqst_unifsize_l,7,4,100,5000,0.23914203643647872,0.8267700436288044
1,76,haar_random,seeqst_unifsize_l,7,4,100,10000,0.16245477617918724,0.501453725993416
1,76,haar_random,seeqst_unifsize_l,7,4,100,25000,0.11111261153567366,0.32424791838663636
1,77,haar_random,pauli,7,4,100,10,0.09107141181713074,0.215926746516974
1,77,haar_random,pauli,7,4,100,100,4.369949728811478,21.939720687795646
1,77,haar_random,pauli,7,4,100,500,2.063290932466739,4.443720687795653
1,77,haar_random,pauli,7,4,100,1000,1.2638632189430241,2.291233614411446
1,77,haar_random,pauli,7,4,100,5000,0.5706804907015544,1.7613877296699838
1,77,haar_random,pauli,7,4,100,10000,0.44915623000163823,1.2028866283183983
1,77,haar_random,pauli,7,4,100,25000,0.25407077604707096,0.7654866283183985
1,77,haar_random,clifford,7,4,100,10,1.8129998429759042,12.88821227032997
1,77,haar_random,clifford,7,4,100,100,1.1139517002609167,2.727204711633441
1,77,haar_random,clifford,7,4,100,500,0.5640585661314281,1.582100701390786
1,77,haar_random,clifford,7,4,100,1000,0.4109946686685592,0.9947012306859575
1,77,haar_random,clifford,7,4,100,5000,0.1542419987768531,0.3544234453972116
1,77,haar_random,clifford,7,4,100,10000,0.1183011536052986,0.30282344539721173
1,77,haar_random,clifford,7,4,100,25000,0.06740752297114087,0.17802051024600585
1,77,haar_random,seeqst_uniform,7,4,100,10,3.609814050790106,25.567575099169645
1,77,haar_random,seeqst_uniform,7,4,100,100,1.5150918717526443,2.753765353710977
1,77,haar_random,seeqst_uniform,7,4,100,500,0.7120228005979334,2.2250200629254753
1,77,haar_random,seeqst_uniform,7,4,100,1000,0.6151348154639248,1.969020062925475
1,77,haar_random,seeqst_uniform,7,4,100,5000,0.23987134133256943,0.6473540546236854
1,77,haar_random,seeqst_uniform,7,4,100,10000,0.1453371619985801,0.4169540546236854
1,77,haar_random,seeqst_uniform,7,4,100,25000,0.09761783221371495,0.2582340546236854
1,77,haar_random,seeqst_binomial,7,4,100,10,2.711374172022811,24.867769666997567
1,77,haar_random,seeqst_binomial,7,4,100,100,3.636516221849053,17.61283850630513
1,77,haar_random,seeqst_binomial,7,4,100,500,2.673434037153718,24.589659206675
1,77,haar_random,seeqst_binomial,7,4,100,1000,1.8817647301094145,12.361367661485497
1,77,haar_random,seeqst_binomial,7,4,100,5000,0.6454887698041485,2.5787344253338937
1,77,haar_random,seeqst_binomial,7,4,100,10000,0.5952176016705006,2.5150015495645297
1,77,haar_random,seeqst_binomial,7,4,100,25000,0.3519650910112487,1.4556072557527553
1,77,haar_random,seeqst_unifsize_l,7,4,100,10,7.006038305862506,34.98086836001757
1,77,haar_random,seeqst_unifsize_l,7,4,100,100,1.4922690931081504,6.993438200173933
1,77,haar_random,seeqst_unifsize_l,7,4,100,500,0.6599372951987896,2.107186164163102
1,77,haar_random,seeqst_unifsize_l,7,4,100,1000,0.4495113535113287,1.3608279040554019
1,77,haar_random,seeqst_unifsize_l,7,4,100,5000,0.23705810729732887,0.7251765546027876
1,77,haar_random,seeqst_unifsize_l,7,4,100,10000,0.16317204892665732,0.48017655460278763
1,77,haar_random,seeqst_unifsize_l,7,4,100,25000,0.10324929560165602,0.324234646289023
1,78,haar_random,pauli,7,4,100,10,21.8653469256546,218.652130392074
1,78,haar_random,pauli,7,4,100,100,5.348437012111532,21.939720687795646
1,78,haar_random,pauli,7,4,100,500,2.217500130283538,8.693292397593837
1,78,haar_random,pauli,7,4,100,1000,1.6395424661113716,4.429517186749221
1,78,haar_random,pauli,7,4,100,5000,0.6484235749532626,1.9420976364992193
1,78,haar_random,pauli,7,4,100,10000,0.4542312877012979,1.2859976364992196
1,78,haar_random,pauli,7,4,100,25000,0.2735904982115042,0.8048576364992198
1,78,haar_random,clifford,7,4,100,10,1.829336912279008,12.938696136190039
1,78,haar_random,clifford,7,4,100,100,1.2380250759744058,3.878269165763567
1,78,haar_random,clifford,7,4,100,500,0.5178834380781782,1.582100701390786
1,78,haar_random,clifford,7,4,100,1000,0.35880666332227346,0.7208299583787052
1,78,haar_random,clifford,7,4,100,5000,0.17143301026564176,0.44931913688370806
1,78,haar_random,clifford,7,4,100,10000,0.12438570218003363,0.28789082070380084
1,78,haar_random,clifford,7,4,100,25000,0.07748386274159201,0.18940071784105186
1,78,haar_random,seeqst_uniform,7,4,100,10,4.434187537195348,25.718408538044162
1,78,haar_random,seeqst_uniform,7,4,100,100,1.3832324911252571,2.7040808631162903
1,78,haar_random,seeqst_uniform,7,4,100,500,0.61148394095958,1.676145266443314
1,78,haar_random,seeqst_uniform,7,4,100,1000,0.4941580347160203,1.0903794670179507
1,78,haar_random,seeqst_uniform,7,4,100,5000,0.2278026988649156,0.47109621737037766
1,78,haar_random,seeqst_uniform,7,4,100,10000,0.163331961709652,0.46377293346630244
1,78,haar_random,seeqst_uniform,7,4,100,25000,0.10026160992021196,0.32041293346630245
1,78,haar_random,seeqst_binomial,7,4,100,10,5.078537734443449,24.882368917857494
1,78,haar_random,seeqst_binomial,7,4,100,100,3.2213683332885634,17.596687136395953
1,78,haar_random,seeqst_binomial,7,4,100,500,3.663551339309587,24.458788904230538
1,78,haar_random,seeqst_binomial,7,4,100,1000,3.550657995748297,12.36199933998894
1,78,haar_random,seeqst_binomial,7,4,100,5000,1.0829140461212987,4.89352243192733
1,78,haar_random,seeqst_binomial,7,4,100,10000,0.6798713183402212,2.579366103837336
1,78,haar_random,seeqst_binomial,7,4,100,25000,0.3742564292803474,1.3894987886901062
1,78,haar_random,seeqst_unifsize_l,7,4,100,10,8.307775105101856,34.977958733207096
1,78,haar_random,seeqst_unifsize_l,7,4,100,100,1.5216203670722739,6.93238690718269
1,78,haar_random,seeqst_unifsize_l,7,4,100,500,0.6976088170457257,2.097794186148472
1,78,haar_random,seeqst_unifsize_l,7,4,100,1000,0.45854412505472036,1.3436378556219537
1,78,haar_random,seeqst_unifsize_l,7,4,100,5000,0.23576568029378941,0.6906508093478962
1,78,haar_random,seeqst_unifsize_l,7,4,100,10000,0.14280946892272717,0.35629220520056515
1,78,haar_random,seeqst_unifsize_l,7,4,100,25000,0.09874765293823487,0.30579418614847187
1,79,haar_random,pauli,7,4,100,10,0.07469211966785136,0.2010888682741254
1,79,haar_random,pauli,7,4,100,100,3.7762851739142564,21.813449780100083
1,79,haar_random,pauli,7,4,100,500,2.4285011955383937,8.666598360031495
1,79,haar_random,pauli,7,4,100,1000,1.534930566112283,4.364013977010298
1,79,haar_random,pauli,7,4,100,5000,0.6755133920178495,2.272979258362139
1,79,haar_random,pauli,7,4,100,10000,0.5034393914125068,1.1862948892672784
1,79,haar_random,pauli,7,4,100,25000,0.2870458315246053,0.7926348892672787
1,79,haar_random,clifford,7,4,100,10,2.565603993504404,12.959752318427753
1,79,haar_random,clifford,7,4,100,100,1.3429508008260025,3.80513736258188
1,79,haar_random,clifford,7,4,100,500,0.5608940946487343,1.582100701390786
1,79,haar_random,clifford,7,4,100,1000,0.3922153215200866,1.3798201115968334
1,79,haar_random,clifford,7,4,100,5000,0.1475916670463908,0.43002074163785886
1,79,haar_random,clifford,7,4,100,10000,0.11479356163471001,0.2881207416378592
1,79,haar_random,clifford,7,4,100,25000,0.06693919643982328,0.18750074163785985
1,79,haar_random,seeqst_uniform,7,4,100,10,2.5537195126363743,25.526375852498603
1,79,haar_random,seeqst_uniform,7,4,100,100,1.609955999874675,5.234130844484407
1,79,haar_random,seeqst_uniform,7,4,100,500,0.6686523637928472,1.96831579993617
1,79,haar_random,seeqst_uniform,7,4,100,1000,0.5114606627055236,1.2736966255497337
1,79,haar_random,seeqst_uniform,7,4,100,5000,0.218594447194586,0.5523951705942274
1,79,haar_random,seeqst_uniform,7,4,100,10000,0.1488400082781895,0.341409870304053
1,79,haar_random,seeqst_uniform,7,4,100,25000,0.09806958362257992,0.20417413614430052
1,79,haar_random,seeqst_binomial,7,4,100,10,0.7212074881970246,3.624840078194301
1,79,haar_random,seeqst_binomial,7,4,100,100,3.148985344511071,17.61283850630513
1,79,haar_random,seeqst_binomial,7,4,100,500,0.8320868426567487,3.6376481689456974
1,79,haar_random,seeqst_binomial,7,4,100,1000,2.5622066103253625,12.330454475339018
1,79,haar_random,seeqst_binomial,7,4,100,5000,0.785801223437406,2.5478212391874147
1,79,haar_random,seeqst_binomial,7,4,100,10000,0.4837750093677361,2.38079567161979
1,79,haar_random,seeqst_binomial,7,4,100,25000,0.37920673843116454,1.8916640098122095
1,79,haar_random,seeqst_unifsize_l,7,4,100,10,4.136217315843457,34.94865744536516
1,79,haar_random,seeqst_unifsize_l,7,4,100,100,1.3024883391207867,3.643850584605839
1,79,haar_random,seeqst_unifsize_l,7,4,100,500,0.6380451592491972,2.096701797969497
1,79,haar_random,seeqst_unifsize_l,7,4,100,1000,0.4426821757966067,1.7490803671754407
1,79,haar_random,seeqst_unifsize_l,7,4,100,5000,0.19683264956094526,0.48108886827412545
1,79,haar_random,seeqst_unifsize_l,7,4,100,10000,0.13758102415773873,0.48108886827412545
1,79,haar_random,seeqst_unifsize_l,7,4,100,25000,0.10486080159353484,0.2864087856719849
1,80,haar_random,pauli,7,4,100,10,0.08386249425613218,0.21453892232138994
1,80,haar_random,pauli,7,4,100,100,4.879268692456183,21.855509945687565
1,80,haar_random,pauli,7,4,100,500,2.4928085265299282,13.107509945687571
1,80,haar_random,pauli,7,4,100,1000,1.6942861759130734,8.733509945687572
1,80,haar_random,pauli,7,4,100,5000,0.6777617514657579,2.2701740026720416
1,80,haar_random,pauli,7,4,100,10000,0.4697287422282902,1.1862948892672784
1,80,haar_random,pauli,7,4,100,25000,0.2549002770055296,0.7926348892672787
1,80,haar_random,clifford,7,4,100,10,3.4039253455548737,12.938696136190039
1,80,haar_random,clifford,7,4,100,100,1.2654578650419284,2.636550219899904
1,80,haar_random,clifford,7,4,100,500,0.5484739111798397,1.582100701390786
1,80,haar_random,clifford,7,4,100,1000,0.38952903260129046,0.9839799370745215
1,80,haar_random,clifford,7,4,100,5000,0.15432812340307941,0.3205104379290226
1,80,haar_random,clifford,7,4,100,10000,0.1222430483217485,0.29471043792902274
1,80,haar_random,clifford,7,4,100,25000,0.06782011595202198,0.17528886827412538
1,80,haar_random,seeqst_uniform,7,4,100,10,4.4240321946322165,25.682612364268522
1,80,haar_random,seeqst_uniform,7,4,100,100,1.3590096715911606,5.036825997327957
1,80,haar_random,seeqst_uniform,7,4,100,500,0.6618299743167634,2.2250200629254753
1,80,haar_random,seeqst_uniform,7,4,100,1000,0.5664456187585003,1.969020062925475
1,80,haar_random,seeqst_uniform,7,4,100,5000,0.2518508923561206,0.7298290301193566
1,80,haar_random,seeqst_uniform,7,4,100,10000,0.17228201871427762,0.5250290301193565
1,80,haar_random,seeqst_uniform,7,4,100,25000,0.099640882846557,0.2723129469885183
1,80,haar_random,seeqst_binomial,7,4,100,10,2.6327129905258944,25.06142944839633
1,80,haar_random,seeqst_binomial,7,4,100,100,12.621663684811608,122.26079410427683
1,80,haar_random,seeqst_binomial,7,4,100,500,4.338031287570788,24.434461742760796
1,80,haar_random,seeqst_binomial,7,4,100,1000,2.928960887129598,12.206170197571291
1,80,haar_random,seeqst_binomial,7,4,100,5000,1.2299047018606313,7.412459473868058
1,80,haar_random,seeqst_binomial,7,4,100,10000,0.8147254679347388,3.628034902168501
1,80,haar_random,seeqst_binomial,7,4,100,25000,0.4612704969890994,1.9160740858419707
1,80,haar_random,seeqst_unifsize_l,7,4,100,10,3.6932092764480946,34.9263409335467
1,80,haar_random,seeqst_unifsize_l,7,4,100,100,1.7558087366614374,6.957477749460517
1,80,haar_random,seeqst_unifsize_l,7,4,100,500,0.7651004549544765,2.1817331930479953
1,80,haar_random,seeqst_unifsize_l,7,4,100,1000,0.40589310178102694,1.342365434834932
1,80,haar_random,seeqst_unifsize_l,7,4,100,5000,0.19849442536563272,0.54862185851071
1,80,haar_random,seeqst_unifsize_l,7,4,100,10000,0.1493304542325548,0.48108886827412545
1,80,haar_random,seeqst_unifsize_l,7,4,100,25000,0.10074550645544902,0.3102668069520049
1,81,haar_random,pauli,7,4,100,10,0.08023063764277236,0.21665363886819997
1,81,haar_random,pauli,7,4,100,100,5.782368006832015,21.983147121869916
1,81,haar_random,pauli,7,4,100,500,2.3092974566799103,8.693292397593837
1,81,haar_random,pauli,7,4,100,1000,1.4357561454751595,4.319292397593839
1,81,haar_random,pauli,7,4,100,5000,0.7959491077902837,2.272979258362139
1,81,haar_random,pauli,7,4,100,10000,0.5260120166290854,1.637604804294803
1,81,haar_random,pauli,7,4,100,25000,0.2881808240035995,0.7543048066824587
1,81,haar_random,clifford,7,4,100,10,3.4003985556565928,13.022656236772363
1,81,haar_random,clifford,7,4,100,100,1.3499010524789261,2.636550219899904
1,81,haar_random,clifford,7,4,100,500,0.5892742334679345,1.582100701390786
1,81,haar_random,clifford,7,4,100,1000,0.4218828202869149,0.9947012306859575
1,81,haar_random,clifford,7,4,100,5000,0.17052522459379257,0.43002074163785886
1,81,haar_random,clifford,7,4,100,10000,0.11268396126350858,0.2881207416378592
1,81,haar_random,clifford,7,4,100,25000,0.06489937516343948,0.18750074163785985
1,81,haar_random,seeqst_uniform,7,4,100,10,2.5543074675773996,25.53056578848653
1,81,haar_random,seeqst_uniform,7,4,100,100,1.5731072873846543,5.234130844484407
1,81,haar_random,seeqst_uniform,7,4,100,500,0.7658631705957374,2.1220797636999817
1,81,haar_random,seeqst_uniform,7,4,100,1000,0.5578372955129568,1.5294382001739328
1,81,haar_random,seeqst_uniform,7,4,100,5000,0.22810152417325785,0.5801894418968004
1,81,haar_random,seeqst_uniform,7,4,100,10000,0.16488044727810622,0.46377293346630244
1,81,haar_random,seeqst_uniform,7,4,100,25000,0.0991530685296404,0.32041293346630245
1,81,haar_random,seeqst_binomial,7,4,100,10,4.378732982356452,25.06142944839633
1,81,haar_random,seeqst_binomial,7,4,100,100,12.398358033939578,122.39606257376497
1,81,haar_random,seeqst_binomial,7,4,100,500,4.989718357263646,24.56973021224894
1,81,haar_random,seeqst_binomial,7,4,100,1000,3.0977599434725303,12.341438667059434
1,81,haar_random,seeqst_binomial,7,4,100,5000,0.9248151608960579,4.89352243192733
1,81,haar_random,seeqst_binomial,7,4,100,10000,0.5070676930126268,1.4394827933871504
1,81,haar_random,seeqst_binomial,7,4,100,25000,0.3474832585219359,1.5190851676292478
1,81,haar_random,seeqst_unifsize_l,7,4,100,10,5.823953850213009,35.1917749975334
1,81,haar_random,seeqst_unifsize_l,7,4,100,100,1.6211656597764723,6.993438200173933
1,81,haar_random,seeqst_unifsize_l,7,4,100,500,0.730621559170954,2.097794186148472
1,81,haar_random,seeqst_unifsize_l,7,4,100,1000,0.44666620894003484,1.2117729334663025
1,81,haar_random,seeqst_unifsize_l,7,4,100,5000,0.2300478564027793,0.7217012306859605
1,81,haar_random,seeqst_unifsize_l,7,4,100,10000,0.13330800948629515,0.3717012306859605
1,81,haar_random,seeqst_unifsize_l,7,4,100,25000,0.10982205048815516,0.3117852745676738
1,82,haar_random,pauli,7,4,100,10,0.08581600128475016,0.214509596090897
1,82,haar_random,pauli,7,4,100,100,5.348204092037929,43.68007631045175
1,82,haar_random,pauli,7,4,100,500,2.257506924967557,8.688076310451777
1,82,haar_random,pauli,7,4,100,1000,1.4405685611438785,4.406624446920703
1,82,haar_random,pauli,7,4,100,5000,0.6832133571699057,1.6271166884820396
1,82,haar_random,pauli,7,4,100,10000,0.5108268834408358,1.2960234408534732
1,82,haar_random,pauli,7,4,100,25000,0.2635508988021561,0.691602020505513
1,82,haar_random,clifford,7,4,100,10,3.149607416149476,13.022656236772363
1,82,haar_random,clifford,7,4,100,100,1.1981864049063833,2.727204711633441
1,82,haar_random,clifford,7,4,100,500,0.5846283666268127,1.582100701390786
1,82,haar_random,clifford,7,4,100,1000,0.4204703860720342,0.8199151265100386
1,82,haar_random,clifford,7,4,100,5000,0.1374423930795806,0.3542602286085349
1,82,haar_random,clifford,7,4,100,10000,0.10254531001492088,0.2559126211830484
1,82,haar_random,clifford,7,4,100,25000,0.06489163172093093,0.16219801827541558
1,82,haar_random,seeqst_uniform,7,4,100,10,2.548002878130834,25.46592632985647
1,82,haar_random,seeqst_uniform,7,4,100,100,1.3525592156690012,5.234130844484407
1,82,haar_random,seeqst_uniform,7,4,100,500,0.7148585940207943,2.500076310451785
1,82,haar_random,seeqst_uniform,7,4,100,1000,0.5533724927549466,1.9880763104517851
1,82,haar_random,seeqst_uniform,7,4,100,5000,0.22998118527727218,0.5801894418968004
1,82,haar_random,seeqst_uniform,7,4,100,10000,0.1471615184915374,0.42876543483493207
1,82,haar_random,seeqst_uniform,7,4,100,25000,0.09727934791883344,0.19547963282455924
1,82,haar_random,seeqst_binomial,7,4,100,10,0.7157229006588663,3.624840078194301
1,82,haar_random,seeqst_binomial,7,4,100,100,12.633496812686197,122.3274296757609
1,82,haar_random,seeqst_binomial,7,4,100,500,3.6091575132526414,24.501097314244866
1,82,haar_random,seeqst_binomial,7,4,100,1000,3.08904461954221,12.309090359552648
1,82,haar_random,seeqst_binomial,7,4,100,5000,0.9492168985916327,4.999638079032664
1,82,haar_random,seeqst_binomial,7,4,100,10000,0.6344361521107758,2.553979769994763
1,82,haar_random,seeqst_binomial,7,4,100,25000,0.3583727410936764,1.9184523849432975
1,82,haar_random,seeqst_unifsize_l,7,4,100,10,2.211276777195095,20.986363975905363
1,82,haar_random,seeqst_unifsize_l,7,4,100,100,1.3054421954126847,3.6199217177657754
1,82,haar_random,seeqst_unifsize_l,7,4,100,500,0.6370413069869368,2.0423654348349323
1,82,haar_random,seeqst_unifsize_l,7,4,100,1000,0.48526986097487007,1.7490803671754407
1,82,haar_random,seeqst_unifsize_l,7,4,100,5000,0.20906639693093715,0.643084873489959
1,82,haar_random,seeqst_unifsize_l,7,4,100,10000,0.12247303492395963,0.36217572731622505
1,82,haar_random,seeqst_unifsize_l,7,4,100,25000,0.09799611174370905,0.4147302324215439
1,83,haar_random,pauli,7,4,100,10,21.869956488563897,218.69840698113575
1,83,haar_random,pauli,7,4,100,100,4.370857383159585,21.868406981135855
1,83,haar_random,pauli,7,4,100,500,2.6836038500948303,13.107509945687571
1,83,haar_random,pauli,7,4,100,1000,1.709087230421927,8.733509945687572
1,83,haar_random,pauli,7,4,100,5000,0.744996918214987,2.272979258362139
1,83,haar_random,pauli,7,4,100,10000,0.47688379408683373,1.637604804294803
1,83,haar_random,pauli,7,4,100,25000,0.2665550896636153,0.852357577526032
1,83,haar_random,clifford,7,4,100,10,2.5857778562199547,12.9868499335211
1,83,haar_random,clifford,7,4,100,100,1.3341011926485622,3.9205305372425614
1,83,haar_random,clifford,7,4,100,500,0.5976231068544368,1.582100701390786
1,83,haar_random,clifford,7,4,100,1000,0.39853010269779093,0.9252951957051934
1,83,haar_random,clifford,7,4,100,5000,0.1777379378482952,0.43002074163785886
1,83,haar_random,clifford,7,4,100,10000,0.12573097361981564,0.30282344539721173
1,83,haar_random,clifford,7,4,100,25000,0.07436663643129525,0.18750074163785985
1,83,haar_random,seeqst_uniform,7,4,100,10,5.108389504888584,25.586491226288434
1,83,haar_random,seeqst_uniform,7,4,100,100,1.6084098265021904,5.036825997327957
1,83,haar_random,seeqst_uniform,7,4,100,500,0.748702029763491,1.9686615974296624
1,83,haar_random,seeqst_uniform,7,4,100,1000,0.5235075808885504,1.443710437929024
1,83,haar_random,seeqst_uniform,7,4,100,5000,0.21396579750411557,0.5814974866499902
1,83,haar_random,seeqst_uniform,7,4,100,10000,0.1504363553279268,0.4099792017295981
1,83,haar_random,seeqst_uniform,7,4,100,25000,0.09976818420873224,0.23589920172959808
1,83,haar_random,seeqst_binomial,7,4,100,10,0.8068363967558448,3.624840078194301
1,83,haar_random,seeqst_binomial,7,4,100,100,12.25129047012944,122.33070760497337
1,83,haar_random,seeqst_binomial,7,4,100,500,5.493008937223481,24.518084142542644
1,83,haar_random,seeqst_binomial,7,4,100,1000,3.490794155456512,12.320327061137851
1,83,haar_random,seeqst_binomial,7,4,100,5000,1.1566394671003568,4.952817670239437
1,83,haar_random,seeqst_binomial,7,4,100,10000,0.7746271328385465,3.5777380877387865
1,83,haar_random,seeqst_binomial,7,4,100,25000,0.42118388869877615,1.4274549963505556
1,83,haar_random,seeqst_unifsize_l,7,4,100,10,4.249410895967643,34.93936895482841
1,83,haar_random,seeqst_unifsize_l,7,4,100,100,1.5418331253518134,6.939368954828412
1,83,haar_random,seeqst_unifsize_l,7,4,100,500,0.7296419730888923,2.12577728919057
1,83,haar_random,seeqst_unifsize_l,7,4,100,1000,0.48181088975806474,2.0508051018415543
1,83,haar_random,seeqst_unifsize_l,7,4,100,5000,0.21795003536598181,0.7251765546027876
1,83,haar_random,seeqst_unifsize_l,7,4,100,10000,0.14489853053504984,0.48017655460278763
1,83,haar_random,seeqst_unifsize_l,7,4,100,25000,0.10085968441939887,0.324234646289023
1,84,haar_random,pauli,7,4,100,10,0.08936271677929632,0.2016147270614667
1,84,haar_random,pauli,7,4,100,100,3.0900504881130892,21.868224485875597
1,84,haar_random,pauli,7,4,100,500,2.6947305855292765,8.786765162507676
1,84,haar_random,pauli,7,4,100,1000,1.7513046233183815,4.450336388834777
1,84,haar_random,pauli,7,4,100,5000,0.6315871873785781,1.9420976364992193
1,84,haar_random,pauli,7,4,100,10000,0.48022531536927293,1.2859976364992196
1,84,haar_random,pauli,7,4,100,25000,0.2880033263981457,0.8048576364992198
1,84,haar_random,clifford,7,4,100,10,3.6410686675319224,13.022656236772363
1,84,haar_random,clifford,7,4,100,100,1.1417857317736835,2.666849933521135
1,84,haar_random,clifford,7,4,100,500,0.5636842064133762,1.582100701390786
1,84,haar_random,clifford,7,4,100,1000,0.3668509614318532,1.3798201115968334
1,84,haar_random,clifford,7,4,100,5000,0.1531119123028367,0.38362706653369655
1,84,haar_random,clifford,7,4,100,10000,0.10800632727348769,0.24409763649921964
1,84,haar_random,clifford,7,4,100,25000,0.06469031874222561,0.17528886827412538
1,84,haar_random,seeqst_uniform,7,4,100,10,3.622649043058179,25.682612364268522
1,84,haar_random,seeqst_uniform,7,4,100,100,1.4242078999512644,5.074709337927231
1,84,haar_random,seeqst_uniform,7,4,100,500,0.738074369927806,1.981794655302103
1,84,haar_random,seeqst_uniform,7,4,100,1000,0.4825464305741491,1.108795008120842
1,84,haar_random,seeqst_uniform,7,4,100,5000,0.21605119917819085,0.5523951705942274
1,84,haar_random,seeqst_uniform,7,4,100,10000,0.16149538164673394,0.46377293346630244
1,84,haar_random,seeqst_uniform,7,4,100,25000,0.1083164842411599,0.32041293346630245
1,84,haar_random,seeqst_binomial,7,4,100,10,0.812371928699441,3.624840078194301
1,84,haar_random,seeqst_binomial,7,4,100,100,3.1021307538797407,17.441756742927787
1,84,haar_random,seeqst_binomial,7,4,100,500,1.0730460974121094,3.6440885327996253
1,84,haar_random,seeqst_binomial,7,4,100,1000,2.580785096409693,12.212705947658623
1,84,haar_random,seeqst_binomial,7,4,100,5000,1.1454829631511032,4.893052753330804
1,84,haar_random,seeqst_binomial,7,4,100,10000,0.523790178626605,2.4055945682735165
1,84,haar_random,seeqst_binomial,7,4,100,25000,0.36303950732099344,1.179878050676627
1,84,haar_random,seeqst_unifsize_l,7,4,100,10,4.079095167380922,34.96679831359996
1,84,haar_random,seeqst_unifsize_l,7,4,100,100,1.4370197294708693,6.9667983135999565
1,84,haar_random,seeqst_unifsize_l,7,4,100,500,0.819446462179663,3.501736135255002
1,84,haar_random,seeqst_unifsize_l,7,4,100,1000,0.5379125015747009,2.4517361352550022
1,84,haar_random,seeqst_unifsize_l,7,4,100,5000,0.25694750773914216,0.6000637407643844
1,84,haar_random,seeqst_unifsize_l,7,4,100,10000,0.17674424032944988,0.48108886827412545
1,84,haar_random,seeqst_unifsize_l,7,4,100,25000,0.11212055797628331,0.27108886827412537
1,85,haar_random,pauli,7,4,100,10,0.08798955787915876,0.22186315020923528
1,85,haar_random,pauli,7,4,100,100,3.781813787762681,21.8797696059699
1,85,haar_random,pauli,7,4,100,500,2.2291247399124883,8.887182407192496
1,85,haar_random,pauli,7,4,100,1000,1.437747573380073,4.513182407192499
1,85,haar_random,pauli,7,4,100,5000,0.6784564061213563,2.272979258362139
1,85,haar_random,pauli,7,4,100,10000,0.4981989593023306,1.2960234408534732
1,85,haar_random,pauli,7,4,100,25000,0.2923441680313948,0.7654866283183985
1,85,haar_random,clifford,7,4,100,10,3.8570000785296172,13.022656236772363
1,85,haar_random,clifford,7,4,100,100,1.1483307853610767,2.772919177772979
1,85,haar_random,clifford,7,4,100,500,0.5532295020959891,1.582100701390786
1,85,haar_random,clifford,7,4,100,1000,0.4189710919293294,0.939136849790761
1,85,haar_random,clifford,7,4,100,5000,0.16084572765194544,0.43002074163785886
1,85,haar_random,clifford,7,4,100,10000,0.11151380255468747,0.29471043792902274
1,85,haar_random,clifford,7,4,100,25000,0.07396872031190792,0.18750074163785985
1,85,haar_random,seeqst_uniform,7,4,100,10,3.6111537922533348,25.532367972142545
1,85,haar_random,seeqst_uniform,7,4,100,100,1.7636027676295938,5.133240958367851
1,85,haar_random,seeqst_uniform,7,4,100,500,0.7944954470806683,2.1220797636999817
1,85,haar_random,seeqst_uniform,7,4,100,1000,0.5826823475212369,1.443710437929024
1,85,haar_random,seeqst_uniform,7,4,100,5000,0.22004108952033363,0.5348797636999817
1,85,haar_random,seeqst_uniform,7,4,100,10000,0.1530027663262041,0.46377293346630244
1,85,haar_random,seeqst_uniform,7,4,100,25000,0.10046387398288369,0.32041293346630245
1,85,haar_random,seeqst_binomial,7,4,100,10,2.5891902414207895,24.882368917857494
1,85,haar_random,seeqst_binomial,7,4,100,100,0.7669702160431846,2.628183475633986
1,85,haar_random,seeqst_binomial,7,4,100,500,3.5630021459435057,24.38114559063727
1,85,haar_random,seeqst_binomial,7,4,100,1000,2.5570014604388165,12.183000883116735
1,85,haar_random,seeqst_binomial,7,4,100,5000,1.0065011683395026,4.893052753330804
1,85,haar_random,seeqst_binomial,7,4,100,10000,0.5361378281622796,1.4394827933871504
1,85,haar_random,seeqst_binomial,7,4,100,25000,0.3591792129610255,1.5350270132801977
1,85,haar_random,seeqst_unifsize_l,7,4,100,10,5.862776317660592,35.06304952778765
1,85,haar_random,seeqst_unifsize_l,7,4,100,100,1.547732996014724,6.939368954828412
1,85,haar_random,seeqst_unifsize_l,7,4,100,500,0.7339391432108553,3.501736135255002
1,85,haar_random,seeqst_unifsize_l,7,4,100,1000,0.49111361640666756,2.4517361352550022
1,85,haar_random,seeqst_unifsize_l,7,4,100,5000,0.2196671633023654,0.5833893868568326
1,85,haar_random,seeqst_unifsize_l,7,4,100,10000,0.13697568951346503,0.42076638558855306
1,85,haar_random,seeqst_unifsize_l,7,4,100,25000,0.10627118106464307,0.2552906620727692
1,86,haar_random,pauli,7,4,100,10,21.884538400205273,218.84351515956337
1,86,haar_random,pauli,7,4,100,100,5.367028214139172,43.883515159563444
1,86,haar_random,pauli,7,4,100,500,2.404329637499937,8.891515159563463
1,86,haar_random,pauli,7,4,100,1000,1.5302518733472386,4.517515159563465
1,86,haar_random,pauli,7,4,100,5000,0.7234816117469646,2.2701740026720416
1,86,haar_random,pauli,7,4,100,10000,0.5633432796492327,1.637604804294803
1,86,haar_random,pauli,7,4,100,25000,0.27948919488866575,0.691602020505513
1,86,haar_random,clifford,7,4,100,10,2.233006430403057,12.987793848999159
1,86,haar_random,clifford,7,4,100,100,1.1497617772533082,3.968588035504864
1,86,haar_random,clifford,7,4,100,500,0.6281294608885957,1.582100701390786
1,86,haar_random,clifford,7,4,100,1000,0.3938605997427758,0.9252951957051934
1,86,haar_random,clifford,7,4,100,5000,0.15846155136910736,0.44931913688370806
1,86,haar_random,clifford,7,4,100,10000,0.11323144106758201,0.3556133680643536
1,86,haar_random,clifford,7,4,100,25000,0.06670242109604252,0.21887336806435412
1,86,haar_random,seeqst_uniform,7,4,100,10,4.434262300764598,25.682612364268522
1,86,haar_random,seeqst_uniform,7,4,100,100,1.7897484576348108,5.234130844484407
1,86,haar_random,seeqst_uniform,7,4,100,500,0.724293011452737,2.001823062872351
1,86,haar_random,seeqst_uniform,7,4,100,1000,0.5082435567150306,1.1225880355048732
1,86,haar_random,seeqst_uniform,7,4,100,5000,0.2013562876792361,0.5455950081208418
1,86,haar_random,seeqst_uniform,7,4,100,10000,0.13453380772074056,0.3151950081208419
1,86,haar_random,seeqst_uniform,7,4,100,25000,0.08989734499275631,0.2441537533168264
1,86,haar_random,seeqst_binomial,7,4,100,10,0.796851987127238,3.624840078194301
1,86,haar_random,seeqst_binomial,7,4,100,100,12.740566348121595,122.3274296757609
1,86,haar_random,seeqst_binomial,7,4,100,500,4.437915104338003,24.505720724837754
1,86,haar_random,seeqst_binomial,7,4,100,1000,2.898932617635279,12.312697243045937
1,86,haar_random,seeqst_binomial,7,4,100,5000,1.0275948463112685,4.856931839815517
1,86,haar_random,seeqst_binomial,7,4,100,10000,0.5509097941553711,2.454192698701303
1,86,haar_random,seeqst_binomial,7,4,100,25000,0.36267620292664837,1.585824256016886
1,86,haar_random,seeqst_unifsize_l,7,4,100,10,2.3377960506590747,21.215926746516974
1,86,haar_random,seeqst_unifsize_l,7,4,100,100,1.2594070974569944,3.6502909484597668
1,86,haar_random,seeqst_unifsize_l,7,4,100,500,0.5937485580860482,2.1233893868568328
1,86,haar_random,seeqst_unifsize_l,7,4,100,1000,0.46366521963121277,1.0733893868568327
1,86,haar_random,seeqst_unifsize_l,7,4,100,5000,0.22741329201431182,0.5833893868568326
1,86,haar_random,seeqst_unifsize_l,7,4,100,10000,0.15162886675512047,0.42894888800158615
1,86,haar_random,seeqst_unifsize_l,7,4,100,25000,0.1075937199652428,0.32424791838663636
1,87,haar_random,pauli,7,4,100,10,21.88450997707693,218.84351515956337
1,87,haar_random,pauli,7,4,100,100,6.563144279926525,43.883515159563444
1,87,haar_random,pauli,7,4,100,500,2.4320065868250325,13.107509945687571
1,87,haar_random,pauli,7,4,100,1000,1.8013131467654209,8.733509945687572
1,87,haar_random,pauli,7,4,100,5000,0.6643825354984223,2.1824563503098235
1,87,haar_random,pauli,7,4,100,10000,0.45642457154854,1.1261244469207046
1,87,haar_random,pauli,7,4,100,25000,0.23269364409019558,0.6397522263393871
1,87,haar_random,clifford,7,4,100,10,2.878095247618158,12.963812311547981
1,87,haar_random,clifford,7,4,100,100,1.2329930922405086,2.6707493758180565
1,87,haar_random,clifford,7,4,100,500,0.565138239762454,1.582100701390786
1,87,haar_random,clifford,7,4,100,1000,0.38606228491155126,1.3798201115968334
1,87,haar_random,clifford,7,4,100,5000,0.1565912977969293,0.41636431424121334
1,87,haar_random,clifford,7,4,100,10000,0.10897926294954356,0.28789082070380084
1,87,haar_random,clifford,7,4,100,25000,0.06929698378629429,0.1771664423267598
1,87,haar_random,seeqst_uniform,7,4,100,10,2.5620129590100165,25.60618901032377
1,87,haar_random,seeqst_uniform,7,4,100,100,1.4866351006408227,2.718373761222483
1,87,haar_random,seeqst_uniform,7,4,100,500,0.8168134911489864,2.054189010323771
1,87,haar_random,seeqst_uniform,7,4,100,1000,0.536396379982035,1.4713052786954683
1,87,haar_random,seeqst_uniform,7,4,100,5000,0.22173595459295953,0.7518337220203805
1,87,haar_random,seeqst_uniform,7,4,100,10000,0.14043387457425774,0.4190337220203805
1,87,haar_random,seeqst_uniform,7,4,100,25000,0.09612776310178428,0.23589920172959808
1,87,haar_random,seeqst_binomial,7,4,100,10,2.5575053831488614,25.06142944839633
1,87,haar_random,seeqst_binomial,7,4,100,100,3.5445637399304784,17.50195504490633
1,87,haar_random,seeqst_binomial,7,4,100,500,2.6609523229784573,24.365833714560946
1,87,haar_random,seeqst_binomial,7,4,100,1000,2.2390011719339085,12.331260798970227
1,87,haar_random,seeqst_binomial,7,4,100,5000,1.0337709467148526,4.846411810860811
1,87,haar_random,seeqst_binomial,7,4,100,10000,0.7589219726169802,3.5777380877387865
1,87,haar_random,seeqst_binomial,7,4,100,25000,0.31257361195107997,1.0812325773958826
1,87,haar_random,seeqst_unifsize_l,7,4,100,10,3.641083871199891,35.06304952778765
1,87,haar_random,seeqst_unifsize_l,7,4,100,100,1.3454514502836352,3.590749375818065
1,87,haar_random,seeqst_unifsize_l,7,4,100,500,0.6787201924360867,2.145602088197713
1,87,haar_random,seeqst_unifsize_l,7,4,100,1000,0.46536441203848444,1.3954563503098254
1,87,haar_random,seeqst_unifsize_l,7,4,100,5000,0.24755663358117644,0.6946947213045316
1,87,haar_random,seeqst_unifsize_l,7,4,100,10000,0.1816995559087365,0.48108886827412545
1,87,haar_random,seeqst_unifsize_l,7,4,100,25000,0.1047703399175991,0.3570337220203805
1,88,haar_random,pauli,7,4,100,10,21.884519630971372,218.84351515956337
1,88,haar_random,pauli,7,4,100,100,5.796029990545391,43.883515159563444
1,88,haar_random,pauli,7,4,100,500,1.9585281393305145,8.891515159563463
1,88,haar_random,pauli,7,4,100,1000,1.4035742235455668,4.517515159563465
1,88,haar_random,pauli,7,4,100,5000,0.6336206837745133,1.6155263298564662
1,88,haar_random,pauli,7,4,100,10000,0.5108513644119901,1.5428280636274794
1,88,haar_random,pauli,7,4,100,25000,0.26426474458246235,0.7214827091880897
1,88,haar_random,clifford,7,4,100,10,3.1483989462528146,12.9868499335211
1,88,haar_random,clifford,7,4,100,100,1.222487097548131,3.878269165763567
1,88,haar_random,clifford,7,4,100,500,0.574795578920848,1.582100701390786
1,88,haar_random,clifford,7,4,100,1000,0.398386572735242,0.9839799370745215
1,88,haar_random,clifford,7,4,100,5000,0.14017372170159645,0.31912674651697376
1,88,haar_random,clifford,7,4,100,10000,0.10298063678099527,0.2564743676582101
1,88,haar_random,clifford,7,4,100,25000,0.061798576373220726,0.18555464983509812
1,88,haar_random,seeqst_uniform,7,4,100,10,3.6177915890544647,25.682612364268522
1,88,haar_random,seeqst_uniform,7,4,100,100,1.3441888675068447,2.737020062925475
1,88,haar_random,seeqst_uniform,7,4,100,500,0.7037932234215737,2.2250200629254753
1,88,haar_random,seeqst_uniform,7,4,100,1000,0.5586546900914375,1.969020062925475
1,88,haar_random,seeqst_uniform,7,4,100,5000,0.23162651791246064,0.5523951705942274
1,88,haar_random,seeqst_uniform,7,4,100,10000,0.1412259232061511,0.4452127690443676
1,88,haar_random,seeqst_uniform,7,4,100,25000,0.09803770476100168,0.2710102327023136
1,88,haar_random,seeqst_binomial,7,4,100,10,0.8016295447881645,3.624840078194301
1,88,haar_random,seeqst_binomial,7,4,100,100,21.271848129556467,122.39606257376497
1,88,haar_random,seeqst_binomial,7,4,100,500,4.306979172117622,24.56973021224894
1,88,haar_random,seeqst_binomial,7,4,100,1000,2.887391871161371,12.341438667059434
1,88,haar_random,seeqst_binomial,7,4,100,5000,0.8873321715356322,2.5588054309078303
1,88,haar_random,seeqst_binomial,7,4,100,10000,0.658540524825451,2.5486275628186235
1,88,haar_random,seeqst_binomial,7,4,100,25000,0.3523658079840075,1.8308138665702773
1,88,haar_random,seeqst_unifsize_l,7,4,100,10,7.348966822921572,35.15837023270231
1,88,haar_random,seeqst_unifsize_l,7,4,100,100,1.6692230598320723,6.9667983135999565
1,88,haar_random,seeqst_unifsize_l,7,4,100,500,0.7303165820122414,3.375351821421014
1,88,haar_random,seeqst_unifsize_l,7,4,100,1000,0.5127487015477027,2.3253518214210143
1,88,haar_random,seeqst_unifsize_l,7,4,100,5000,0.22418260072602667,0.7114721213511839
1,88,haar_random,seeqst_unifsize_l,7,4,100,10000,0.1626589233707869,0.49603710875128704
1,88,haar_random,seeqst_unifsize_l,7,4,100,25000,0.10249749970581147,0.2860371087512871
1,89,haar_random,pauli,7,4,100,10,21.884514761750413,218.84351515956337
1,89,haar_random,pauli,7,4,100,100,7.253890726276375,43.883515159563444
1,89,haar_random,pauli,7,4,100,500,2.1003614265531967,8.891515159563463
1,89,haar_random,pauli,7,4,100,1000,1.408309177469844,4.517515159563465
1,89,haar_random,pauli,7,4,100,5000,0.7702612268940445,2.272979258362139
1,89,haar_random,pauli,7,4,100,10000,0.5586731872421988,1.3913663033111052
1,89,haar_random,pauli,7,4,100,25000,0.2996824096266798,0.7654866283183985
1,89,haar_random,clifford,7,4,100,10,2.234888448948915,12.980645433238768
1,89,haar_random,clifford,7,4,100,100,1.211528197621261,3.808379287448337
1,89,haar_random,clifford,7,4,100,500,0.5680736679576308,1.582100701390786
1,89,haar_random,clifford,7,4,100,1000,0.3790273914280932,1.0046831361514044
1,89,haar_random,clifford,7,4,100,5000,0.15148846746283468,0.43002074163785886
1,89,haar_random,clifford,7,4,100,10000,0.11483096700085868,0.2995792874483473
1,89,haar_random,clifford,7,4,100,25000,0.07063501693708604,0.21185928744834784
1,89,haar_random,seeqst_uniform,7,4,100,10,2.5505097131342938,25.490915522364453
1,89,haar_random,seeqst_uniform,7,4,100,100,1.2644152332613974,5.234130844484407
1,89,haar_random,seeqst_uniform,7,4,100,500,0.6942207368408474,2.500076310451785
1,89,haar_random,seeqst_uniform,7,4,100,1000,0.5436219319202423,1.9880763104517851
1,89,haar_random,seeqst_uniform,7,4,100,5000,0.22129251287309218,0.4779354441884113
1,89,haar_random,seeqst_uniform,7,4,100,10000,0.12345025474738734,0.35028092825064017
1,89,haar_random,seeqst_uniform,7,4,100,25000,0.09315207524739211,0.2449235999134581
1,89,haar_random,seeqst_binomial,7,4,100,10,2.611346189412691,24.867769666997567
1,89,haar_random,seeqst_binomial,7,4,100,100,3.1530408863253747,17.576520697715473
1,89,haar_random,seeqst_binomial,7,4,100,500,3.6883455956952225,24.46586601338366
1,89,haar_random,seeqst_binomial,7,4,100,1000,1.9338763108835653,12.237574468194154
1,89,haar_random,seeqst_binomial,7,4,100,5000,0.675047803457923,4.900599541080451
1,89,haar_random,seeqst_binomial,7,4,100,10000,0.5964739972304783,2.3694173725069776
1,89,haar_random,seeqst_binomial,7,4,100,25000,0.38455856687247636,1.8802857106993973
1,89,haar_random,seeqst_unifsize_l,7,4,100,10,5.371391427135932,35.07624093653092
1,89,haar_random,seeqst_unifsize_l,7,4,100,100,1.5244784265809737,3.6502909484597668
1,89,haar_random,seeqst_unifsize_l,7,4,100,500,0.706298230342523,2.608222603804191
1,89,haar_random,seeqst_unifsize_l,7,4,100,1000,0.4598048105749576,1.304970368210377
1,89,haar_random,seeqst_unifsize_l,7,4,100,5000,0.2501923613962836,0.7309155223644529
1,89,haar_random,seeqst_unifsize_l,7,4,100,10000,0.16825465134511164,0.4349570993138699
1,89,haar_random,seeqst_unifsize_l,7,4,100,25000,0.1099528353566525,0.4536207125516515
1,90,haar_random,pauli,7,4,100,10,0.07637617724031139,0.18589553397854716
1,90,haar_random,pauli,7,4,100,100,6.185108923014713,21.973378562458983
1,90,haar_random,pauli,7,4,100,500,2.2241810849009918,8.666598360031495
1,90,haar_random,pauli,7,4,100,1000,1.543151121623396,4.406624446920703
1,90,haar_random,pauli,7,4,100,5000,0.7102569686778885,2.2701740026720416
1,90,haar_random,pauli,7,4,100,10000,0.5000619757309329,1.2960234408534732
1,90,haar_random,pauli,7,4,100,25000,0.3030330767488506,0.7543048066824587
1,90,haar_random,clifford,7,4,100,10,3.140869365612996,12.889186228867766
1,90,haar_random,clifford,7,4,100,100,1.1246456562967644,3.9205305372425614
1,90,haar_random,clifford,7,4,100,500,0.5652661340221466,1.582100701390786
1,90,haar_random,clifford,7,4,100,1000,0.38222007827215954,0.9839799370745215
1,90,haar_random,clifford,7,4,100,5000,0.14489044637010573,0.3439998103014976
1,90,haar_random,clifford,7,4,100,10000,0.10935104925855199,0.29471043792902274
1,90,haar_random,clifford,7,4,100,25000,0.061846224538467325,0.17695082070380153
1,90,haar_random,seeqst_uniform,7,4,100,10,2.547702416165663,25.46592632985647
1,90,haar_random,seeqst_uniform,7,4,100,100,1.5974740835903363,5.234130844484407
1,90,haar_random,seeqst_uniform,7,4,100,500,0.8505120122368678,2.2250200629254753
1,90,haar_random,seeqst_uniform,7,4,100,1000,0.6016200612713385,1.969020062925475
1,90,haar_random,seeqst_uniform,7,4,100,5000,0.23290062824420713,0.5233858668778429
1,90,haar_random,seeqst_uniform,7,4,100,10000,0.14988327098492385,0.4258318447485092
1,90,haar_random,seeqst_uniform,7,4,100,25000,0.1069384214932196,0.2710102327023136
1,90,haar_random,seeqst_binomial,7,4,100,10,2.6900578242610984,24.866463267352728
1,90,haar_random,seeqst_binomial,7,4,100,100,3.108078971085257,17.446472250644707
1,90,haar_random,seeqst_binomial,7,4,100,500,1.1764127355512686,3.6033075477213927
1,90,haar_random,seeqst_binomial,7,4,100,1000,0.7733209802973737,3.5078970002521506
1,90,haar_random,seeqst_binomial,7,4,100,5000,0.6794801739415626,2.4967561873477955
1,90,haar_random,seeqst_binomial,7,4,100,10000,0.5657355184916588,2.49355165693443
1,90,haar_random,seeqst_binomial,7,4,100,25000,0.377009804246154,1.4753834144973759
1,90,haar_random,seeqst_unifsize_l,7,4,100,10,7.036961491487771,35.15837023270231
1,90,haar_random,seeqst_unifsize_l,7,4,100,100,1.5225149224403123,3.6583702327023135
1,90,haar_random,seeqst_unifsize_l,7,4,100,500,0.6433518099650825,2.064439606939711
1,90,haar_random,seeqst_unifsize_l,7,4,100,1000,0.4974908018177715,1.7490803671754407
1,90,haar_random,seeqst_unifsize_l,7,4,100,5000,0.24300537587210677,0.621469462757427
1,90,haar_random,seeqst_unifsize_l,7,4,100,10000,0.15539400604635822,0.42894888800158615
1,90,haar_random,seeqst_unifsize_l,7,4,100,25000,0.09937722489248306,0.2439081444182779
1,91,haar_random,pauli,7,4,100,10,0.0823137774201686,0.214509596090897
1,91,haar_random,pauli,7,4,100,100,6.562154206316568,21.983147121869916
1,91,haar_random,pauli,7,4,100,500,2.988544890386197,13.107509945687571
1,91,haar_random,pauli,7,4,100,1000,1.7954702716779825,8.733509945687572
1,91,haar_random,pauli,7,4,100,5000,0.7199524649463189,2.272979258362139
1,91,haar_random,pauli,7,4,100,10000,0.5154943379732915,1.5428280636274794
1,91,haar_random,pauli,7,4,100,25000,0.30708458153204665,0.7543048066824587
1,91,haar_random,clifford,7,4,100,10,2.571058773457554,12.980645433238768
1,91,haar_random,clifford,7,4,100,100,1.2221720501636277,3.9205305372425614
1,91,haar_random,clifford,7,4,100,500,0.5230548377762777,1.582100701390786
1,91,haar_random,clifford,7,4,100,1000,0.35937006891745704,1.3605228046058149
1,91,haar_random,clifford,7,4,100,5000,0.15492559757206759,0.43002074163785886
1,91,haar_random,clifford,7,4,100,10000,0.1269756864461087,0.2881207416378592
1,91,haar_random,clifford,7,4,100,25000,0.07406466989573071,0.18750074163785985
1,91,haar_random,seeqst_uniform,7,4,100,10,2.5731305309742427,25.718408538044162
1,91,haar_random,seeqst_uniform,7,4,100,100,1.3082841356464405,2.711082302272074
1,91,haar_random,seeqst_uniform,7,4,100,500,0.5542917508419696,1.4779441998649363
1,91,haar_random,seeqst_uniform,7,4,100,1000,0.4278183186768914,1.1216843733202746
1,91,haar_random,seeqst_uniform,7,4,100,5000,0.19100781207974313,0.5801894418968004
1,91,haar_random,seeqst_uniform,7,4,100,10000,0.13575627459394116,0.4258318447485092
1,91,haar_random,seeqst_uniform,7,4,100,25000,0.09119805287341999,0.21796623635373996
1,91,haar_random,seeqst_binomial,7,4,100,10,2.5619605389966202,24.866463267352728
1,91,haar_random,seeqst_binomial,7,4,100,100,12.87768738677871,122.39606257376497
1,91,haar_random,seeqst_binomial,7,4,100,500,5.050949888596391,24.56973021224894
1,91,haar_random,seeqst_binomial,7,4,100,1000,3.1339570833516075,12.341438667059434
1,91,haar_random,seeqst_binomial,7,4,100,5000,1.1606631599947301,5.078793813469982
1,91,haar_random,seeqst_binomial,7,4,100,10000,0.9358510235400609,5.078793813469982
1,91,haar_random,seeqst_binomial,7,4,100,25000,0.49195746310550714,2.1440038426245005
1,91,haar_random,seeqst_unifsize_l,7,4,100,10,4.698276997416734,34.977958733207096
1,91,haar_random,seeqst_unifsize_l,7,4,100,100,1.5547752261776555,3.643850584605839
1,91,haar_random,seeqst_unifsize_l,7,4,100,500,0.7790622442317681,2.658136401705561
1,91,haar_random,seeqst_unifsize_l,7,4,100,1000,0.5329534176051175,1.6081364017055615
1,91,haar_random,seeqst_unifsize_l,7,4,100,5000,0.22181931630280052,0.621469462757427
1,91,haar_random,seeqst_unifsize_l,7,4,100,10000,0.15298201468889924,0.4548123518999135
1,91,haar_random,seeqst_unifsize_l,7,4,100,25000,0.10918861660704075,0.3102668069520049
1,92,haar_random,pauli,7,4,100,10,0.0765599563709641,0.215926746516974
1,92,haar_random,pauli,7,4,100,100,5.342956074603169,21.868224485875597
1,92,haar_random,pauli,7,4,100,500,2.4171134798497156,8.666598360031495
1,92,haar_random,pauli,7,4,100,1000,1.5533656413767873,4.413939989072181
1,92,haar_random,pauli,7,4,100,5000,0.6647080932029509,2.272979258362139
1,92,haar_random,pauli,7,4,100,10000,0.5546073219488418,1.2960234408534732
1,92,haar_random,pauli,7,4,100,25000,0.3011060977978703,0.7543048066824587
1,92,haar_random,clifford,7,4,100,10,3.144488693105368,12.932667061234724
1,92,haar_random,clifford,7,4,100,100,1.2300774447674283,2.656240936530917
1,92,haar_random,clifford,7,4,100,500,0.6059518289211189,1.582100701390786
1,92,haar_random,clifford,7,4,100,1000,0.3727598875365607,0.8555183328798446
1,92,haar_random,clifford,7,4,100,5000,0.1559726545479492,0.43002074163785886
1,92,haar_random,clifford,7,4,100,10000,0.11563985702319801,0.2881207416378592
1,92,haar_random,clifford,7,4,100,25000,0.0791323083899979,0.22596319498925435
1,92,haar_random,seeqst_uniform,7,4,100,10,2.551737668689565,25.50606191970651
1,92,haar_random,seeqst_uniform,7,4,100,100,1.42621642139192,2.672696217370378
1,92,haar_random,seeqst_uniform,7,4,100,500,0.6200352309398394,1.577415215306365
1,92,haar_random,seeqst_uniform,7,4,100,1000,0.4605336883472768,1.094104466021453
1,92,haar_random,seeqst_uniform,7,4,100,5000,0.2086888996854321,0.5523951705942274
1,92,haar_random,seeqst_uniform,7,4,100,10000,0.14996346852351092,0.4281329387652301
1,92,haar_random,seeqst_uniform,7,4,100,25000,0.10666815901015758,0.3281352153063649
1,92,haar_random,seeqst_binomial,7,4,100,10,2.6785442575289813,25.06142944839633
1,92,haar_random,seeqst_binomial,7,4,100,100,4.0823750793456846,17.596687136395953
1,92,haar_random,seeqst_binomial,7,4,100,500,5.5570190960602925,24.438797815811334
1,92,haar_random,seeqst_binomial,7,4,100,1000,3.097762509778015,12.279981727396011
1,92,haar_random,seeqst_binomial,7,4,100,5000,0.9521860547224025,4.930800780310877
1,92,haar_random,seeqst_binomial,7,4,100,10000,0.9400238768236281,6.058105179935629
1,92,haar_random,seeqst_binomial,7,4,100,25000,0.5708846814198327,2.8787493781863582
1,92,haar_random,seeqst_unifsize_l,7,4,100,10,5.523892972829699,35.07624093653092
1,92,haar_random,seeqst_unifsize_l,7,4,100,100,1.3780591770258328,3.608572109431166
1,92,haar_random,seeqst_unifsize_l,7,4,100,500,0.5754363162300036,2.1394841622350746
1,92,haar_random,seeqst_unifsize_l,7,4,100,1000,0.39446882335561734,1.1262409365309234
1,92,haar_random,seeqst_unifsize_l,7,4,100,5000,0.20948792169243055,0.7183098177934927
1,92,haar_random,seeqst_unifsize_l,7,4,100,10000,0.14027592219497653,0.42076638558855306
1,92,haar_random,seeqst_unifsize_l,7,4,100,25000,0.09576982235440946,0.35331680501074514
1,93,haar_random,pauli,7,4,100,10,0.09044003745823867,0.215926746516974
1,93,haar_random,pauli,7,4,100,100,4.88684086536987,21.940187648100075
1,93,haar_random,pauli,7,4,100,500,2.1794827293406343,8.81818764810008
1,93,haar_random,pauli,7,4,100,1000,1.4283752938164784,4.444187648100083
1,93,haar_random,pauli,7,4,100,5000,0.729290651071884,2.2701740026720416
1,93,haar_random,pauli,7,4,100,10000,0.4761294986605179,1.2859976364992196
1,93,haar_random,pauli,7,4,100,25000,0.25497983223770865,0.8048576364992198
1,93,haar_random,clifford,7,4,100,10,3.851949426354904,12.9868499335211
1,93,haar_random,clifford,7,4,100,100,1.2257763772066528,3.9205305372425614
1,93,haar_random,clifford,7,4,100,500,0.5678767915405807,1.582100701390786
1,93,haar_random,clifford,7,4,100,1000,0.4067812927324137,0.9892141239080764
1,93,haar_random,clifford,7,4,100,5000,0.1665741766143409,0.4732141239080779
1,93,haar_random,clifford,7,4,100,10000,0.12796103540311798,0.29471043792902274
1,93,haar_random,clifford,7,4,100,25000,0.07598379918200311,0.1771664423267598
1,93,haar_random,seeqst_uniform,7,4,100,10,3.621733319744582,25.676696098619875
1,93,haar_random,seeqst_uniform,7,4,100,100,1.4215672852729617,5.036825997327957
1,93,haar_random,seeqst_uniform,7,4,100,500,0.749653263395916,1.96831579993617
1,93,haar_random,seeqst_uniform,7,4,100,1000,0.5680324915552721,1.443710437929024
1,93,haar_random,seeqst_uniform,7,4,100,5000,0.25987786179009975,0.7518337220203805
1,93,haar_random,seeqst_uniform,7,4,100,10000,0.16133500214264615,0.4258318447485092
1,93,haar_random,seeqst_uniform,7,4,100,25000,0.10622081470719671,0.2582340546236854
1,93,haar_random,seeqst_binomial,7,4,100,10,2.587741218214597,24.866463267352728
1,93,haar_random,seeqst_binomial,7,4,100,100,1.9141616148971319,17.493150804049723
1,93,haar_random,seeqst_binomial,7,4,100,500,4.363357083163539,24.400542497719886
1,93,haar_random,seeqst_binomial,7,4,100,1000,2.8629620477315734,12.331260798970227
1,93,haar_random,seeqst_binomial,7,4,100,5000,0.8633767585147417,2.5533567035936664
1,93,haar_random,seeqst_binomial,7,4,100,10000,1.0373105445990454,6.058105179935629
1,93,haar_random,seeqst_binomial,7,4,100,25000,0.5379704006880873,2.8787493781863582
1,93,haar_random,seeqst_unifsize_l,7,4,100,10,5.869534094852436,35.13907270797246
1,93,haar_random,seeqst_unifsize_l,7,4,100,100,1.789374714056005,7.139072707972461
1,93,haar_random,seeqst_unifsize_l,7,4,100,500,0.6764609517392013,1.6312623978084533
1,93,haar_random,seeqst_unifsize_l,7,4,100,1000,0.47644158678756454,1.1699217177657755
1,93,haar_random,seeqst_unifsize_l,7,4,100,5000,0.2550491465266932,1.0142152130906585
1,93,haar_random,seeqst_unifsize_l,7,4,100,10000,0.1518599374831831,0.48921521309065846
1,93,haar_random,seeqst_unifsize_l,7,4,100,25000,0.10326818475542165,0.3570337220203805
1,94,haar_random,pauli,7,4,100,10,21.88453004296861,218.84351515956337
1,94,haar_random,pauli,7,4,100,100,5.80634226087618,43.883515159563444
1,94,haar_random,pauli,7,4,100,500,2.8029133671535833,8.891515159563463
1,94,haar_random,pauli,7,4,100,1000,1.7467239143448838,4.517515159563465
1,94,haar_random,pauli,7,4,100,5000,0.6648204287598036,2.2225474644795145
1,94,haar_random,pauli,7,4,100,10000,0.5203045765618097,1.3477474644795149
1,94,haar_random,pauli,7,4,100,25000,0.2733679891495807,0.7654866283183985
1,94,haar_random,clifford,7,4,100,10,3.8353051448829394,13.002649873018063
1,94,haar_random,clifford,7,4,100,100,1.1549059734721852,2.772919177772979
1,94,haar_random,clifford,7,4,100,500,0.5188066793758492,1.582100701390786
1,94,haar_random,clifford,7,4,100,1000,0.3915901655882261,0.9286214375410042
1,94,haar_random,clifford,7,4,100,5000,0.16404066292608024,0.3352055754358834
1,94,haar_random,clifford,7,4,100,10000,0.13079534030860243,0.2731337519978517
1,94,haar_random,clifford,7,4,100,25000,0.06681196778817218,0.17802051024600585
1,94,haar_random,seeqst_uniform,7,4,100,10,0.08955385902003297,0.19376535371097706
1,94,haar_random,seeqst_uniform,7,4,100,100,1.584951587727001,5.234130844484407
1,94,haar_random,seeqst_uniform,7,4,100,500,0.7016958510159998,2.0905222505394834
1,94,haar_random,seeqst_uniform,7,4,100,1000,0.49271784770449056,1.108795008120842
1,94,haar_random,seeqst_uniform,7,4,100,5000,0.2237569225449506,0.5523951705942274
1,94,haar_random,seeqst_uniform,7,4,100,10000,0.15545470705444667,0.35028092825064017
1,94,haar_random,seeqst_uniform,7,4,100,25000,0.09576539176776389,0.27947081186735573
1,94,haar_random,seeqst_binomial,7,4,100,10,3.636603905500586,25.06142944839633
1,94,haar_random,seeqst_binomial,7,4,100,100,17.477143793897852,122.26079410427683
1,94,haar_random,seeqst_binomial,7,4,100,500,3.5258115382133153,24.434461742760796
1,94,haar_random,seeqst_binomial,7,4,100,1000,2.8176234858308797,12.34392235705686
1,94,haar_random,seeqst_binomial,7,4,100,5000,1.035905304040669,4.999638079032664
1,94,haar_random,seeqst_binomial,7,4,100,10000,0.7519472070157625,2.553979769994763
1,94,haar_random,seeqst_binomial,7,4,100,25000,0.447336384697,1.841833399697513
1,94,haar_random,seeqst_unifsize_l,7,4,100,10,5.136484264249408,34.977958733207096
1,94,haar_random,seeqst_unifsize_l,7,4,100,100,1.87795628955178,6.957477749460517
1,94,haar_random,seeqst_unifsize_l,7,4,100,500,0.7246412797292923,3.375351821421014
1,94,haar_random,seeqst_unifsize_l,7,4,100,1000,0.46898277344980344,2.3253518214210143
1,94,haar_random,seeqst_unifsize_l,7,4,100,5000,0.21135993072064693,0.6794460217577876
1,94,haar_random,seeqst_unifsize_l,7,4,100,10000,0.14634978974275062,0.436234646289023
1,94,haar_random,seeqst_unifsize_l,7,4,100,25000,0.09466664878910983,0.324234646289023
1,95,haar_random,pauli,7,4,100,10,21.86899927042085,218.68847383941463
1,95,haar_random,pauli,7,4,100,100,4.380685044494285,21.940187648100075
1,95,haar_random,pauli,7,4,100,500,2.3869030150585364,8.81818764810008
1,95,haar_random,pauli,7,4,100,1000,1.6686962146261102,6.59716104282431
1,95,haar_random,pauli,7,4,100,5000,0.7044403653551332,2.272979258362139
1,95,haar_random,pauli,7,4,100,10000,0.5251315194861609,1.637604804294803
1,95,haar_random,pauli,7,4,100,25000,0.269864081675112,0.691602020505513
1,95,haar_random,clifford,7,4,100,10,1.273885186467637,12.71410446602141
1,95,haar_random,clifford,7,4,100,100,1.1116247353477846,2.6445684373882696
1,95,haar_random,clifford,7,4,100,500,0.5417689079501118,1.582100701390786
1,95,haar_random,clifford,7,4,100,1000,0.37460358434544916,0.9252951957051934
1,95,haar_random,clifford,7,4,100,5000,0.17204085382578288,0.44931913688370806
1,95,haar_random,clifford,7,4,100,10000,0.12456778948427549,0.2881207416378592
1,95,haar_random,clifford,7,4,100,25000,0.06740789922817096,0.18750074163785985
1,95,haar_random,seeqst_uniform,7,4,100,10,3.6044438111420076,25.553823062872354
1,95,haar_random,seeqst_uniform,7,4,100,100,1.3845657577507349,2.7040808631162903
1,95,haar_random,seeqst_uniform,7,4,100,500,0.6811959032724317,2.1096177528370865
1,95,haar_random,seeqst_uniform,7,4,100,1000,0.4350317803962158,1.3416177528370865
1,95,haar_random,seeqst_uniform,7,4,100,5000,0.23699518364418257,0.7298290301193566
1,95,haar_random,seeqst_uniform,7,4,100,10000,0.1597998965202617,0.5250290301193565
1,95,haar_random,seeqst_uniform,7,4,100,25000,0.10005584328406715,0.2723129469885183
1,95,haar_random,seeqst_binomial,7,4,100,10,2.6080349903495788,25.06142944839633
1,95,haar_random,seeqst_binomial,7,4,100,100,2.628777961111036,17.521820826215233
1,95,haar_random,seeqst_binomial,7,4,100,500,0.930195499479508,3.6378784474561487
1,95,haar_random,seeqst_binomial,7,4,100,1000,2.2543955940163305,12.312697243045937
1,95,haar_random,seeqst_binomial,7,4,100,5000,1.1531144832397255,4.846411810860811
1,95,haar_random,seeqst_binomial,7,4,100,10000,0.7489362595777183,2.400753501822911
1,95,haar_random,seeqst_binomial,7,4,100,25000,0.5284581275345811,1.9184523849432975
1,95,haar_random,seeqst_unifsize_l,7,4,100,10,3.853131069823525,21.215926746516974
1,95,haar_random,seeqst_unifsize_l,7,4,100,100,1.3222935351307223,3.6355951935724597
1,95,haar_random,seeqst_unifsize_l,7,4,100,500,0.7200517004663003,2.1524274527265415
1,95,haar_random,seeqst_unifsize_l,7,4,100,1000,0.4585124484750838,1.8024274527265411
1,95,haar_random,seeqst_unifsize_l,7,4,100,5000,0.20626876846189512,0.5755120315067939
1,95,haar_random,seeqst_unifsize_l,7,4,100,10000,0.14551374683994833,0.4548123518999135
1,95,haar_random,seeqst_unifsize_l,7,4,100,25000,0.1209521271695711,0.4147302324215439
1,96,haar_random,pauli,7,4,100,10,0.08193005477699207,0.215926746516974
1,96,haar_random,pauli,7,4,100,100,3.782759634235034,21.889908144418268
1,96,haar_random,pauli,7,4,100,500,2.263289576870277,4.485824904891696
1,96,haar_random,pauli,7,4,100,1000,1.6350095681943368,4.431874423861211
1,96,haar_random,pauli,7,4,100,5000,0.5890841576679797,1.6733590634690756
1,96,haar_random,pauli,7,4,100,10000,0.40987004261448995,1.0907267465169737
1,96,haar_random,pauli,7,4,100,25000,0.22071868960621793,0.6098656817974891
1,96,haar_random,clifford,7,4,100,10,2.856692007468463,12.837861676878852
1,96,haar_random,clifford,7,4,100,100,1.1941378757174232,3.9205305372425614
1,96,haar_random,clifford,7,4,100,500,0.537514088644363,1.3916831361514033
1,96,haar_random,clifford,7,4,100,1000,0.4010248253508577,1.0046831361514044
1,96,haar_random,clifford,7,4,100,5000,0.1470357718162278,0.31912674651697376
1,96,haar_random,clifford,7,4,100,10000,0.11247036241555616,0.23974478996021337
1,96,haar_random,clifford,7,4,100,25000,0.0654493632441562,0.18846204491326124
1,96,haar_random,seeqst_uniform,7,4,100,10,0.08193005477699206,0.215926746516974
1,96,haar_random,seeqst_uniform,7,4,100,100,1.363744183331779,2.711082302272074
1,96,haar_random,seeqst_uniform,7,4,100,500,0.76080564841484,2.1096177528370865
1,96,haar_random,seeqst_uniform,7,4,100,1000,0.5049617462760401,1.3416177528370865
1,96,haar_random,seeqst_uniform,7,4,100,5000,0.22957834633887497,0.49387709267920776
1,96,haar_random,seeqst_uniform,7,4,100,10000,0.14305944435530368,0.4258318447485092
1,96,haar_random,seeqst_uniform,7,4,100,25000,0.09741722302771523,0.2317664423267603
1,96,haar_random,seeqst_binomial,7,4,100,10,3.6262345182076903,24.882368917857494
1,96,haar_random,seeqst_binomial,7,4,100,100,3.132120504045261,17.441756742927787
1,96,haar_random,seeqst_binomial,7,4,100,500,0.9631445655003983,3.5954807204912655
1,96,haar_random,seeqst_binomial,7,4,100,1000,1.4199018752952342,12.349463699108842
1,96,haar_random,seeqst_binomial,7,4,100,5000,1.411810996650222,9.790251191238342
1,96,haar_random,seeqst_binomial,7,4,100,10000,0.8186684041244997,4.89893457316254
1,96,haar_random,seeqst_binomial,7,4,100,25000,0.47211621422821076,1.9641446023170588
1,96,haar_random,seeqst_unifsize_l,7,4,100,10,6.5860187917048565,35.1917749975334
1,96,haar_random,seeqst_unifsize_l,7,4,100,100,1.3875618089696966,6.957477749460517
1,96,haar_random,seeqst_unifsize_l,7,4,100,500,0.8391961832577196,3.501736135255002
1,96,haar_random,seeqst_unifsize_l,7,4,100,1000,0.5686205766614572,2.4517361352550022
1,96,haar_random,seeqst_unifsize_l,7,4,100,5000,0.2384271289640454,0.7217012306859605
1,96,haar_random,seeqst_unifsize_l,7,4,100,10000,0.1517884075512019,0.5237885141215356
1,96,haar_random,seeqst_unifsize_l,7,4,100,25000,0.10605038502117944,0.25773352902124413
1,97,haar_random,pauli,7,4,100,10,21.884525709485462,218.84351515956337
1,97,haar_random,pauli,7,4,100,100,6.201461686343264,43.883515159563444
1,97,haar_random,pauli,7,4,100,500,2.4794612386035357,8.891515159563463
1,97,haar_random,pauli,7,4,100,1000,1.526382765528762,4.517515159563465
1,97,haar_random,pauli,7,4,100,5000,0.5848496649584731,1.4189048042948027
1,97,haar_random,pauli,7,4,100,10000,0.47530913624488486,1.637604804294803
1,97,haar_random,pauli,7,4,100,25000,0.24112813895607263,0.6315848042948031
1,97,haar_random,clifford,7,4,100,10,3.609585532921231,12.869133437625164
1,97,haar_random,clifford,7,4,100,100,1.4399897439552538,3.9205305372425614
1,97,haar_random,clifford,7,4,100,500,0.5738152190024209,1.582100701390786
1,97,haar_random,clifford,7,4,100,1000,0.42836265140749663,1.0046831361514044
1,97,haar_random,clifford,7,4,100,5000,0.14028617117845926,0.3098307462192764
1,97,haar_random,clifford,7,4,100,10000,0.09630472016555162,0.28789082070380084
1,97,haar_random,clifford,7,4,100,25000,0.06577155718660863,0.17886591620290904
1,97,haar_random,seeqst_uniform,7,4,100,10,2.5521234147449907,25.50606191970651
1,97,haar_random,seeqst_uniform,7,4,100,100,1.2520207509237924,2.672697742588132
1,97,haar_random,seeqst_uniform,7,4,100,500,0.6478803427122509,1.676145266443314
1,97,haar_random,seeqst_uniform,7,4,100,1000,0.5603535781441622,1.3473125612169463
1,97,haar_random,seeqst_uniform,7,4,100,5000,0.23670194091164473,0.7518337220203805
1,97,haar_random,seeqst_uniform,7,4,100,10000,0.1560179461268214,0.4190337220203805
1,97,haar_random,seeqst_uniform,7,4,100,25000,0.11202012612690337,0.3490607939127093
1,97,haar_random,seeqst_binomial,7,4,100,10,3.6810543987402995,24.882368917857494
1,97,haar_random,seeqst_binomial,7,4,100,100,1.9912708511446624,17.367895514987747
1,97,haar_random,seeqst_binomial,7,4,100,500,2.6027864470941564,24.36264501008552
1,97,haar_random,seeqst_binomial,7,4,100,1000,3.0520037600879535,12.34873441331178
1,97,haar_random,seeqst_binomial,7,4,100,5000,1.1363031055491721,7.412459473868058
1,97,haar_random,seeqst_binomial,7,4,100,10000,0.7064928007006801,2.5486275628186235
1,97,haar_random,seeqst_binomial,7,4,100,25000,0.37060056021878224,1.400527342298645
1,97,haar_random,seeqst_unifsize_l,7,4,100,10,5.392610274696092,35.239367620404174
1,97,haar_random,seeqst_unifsize_l,7,4,100,100,1.50545111280061,7.239367620404172
1,97,haar_random,seeqst_unifsize_l,7,4,100,500,0.7004863106041465,2.3393676204041727
1,97,haar_random,seeqst_unifsize_l,7,4,100,1000,0.460210393285527,1.8024274527265411
1,97,haar_random,seeqst_unifsize_l,7,4,100,5000,0.25741998828232654,0.7217012306859605
1,97,haar_random,seeqst_unifsize_l,7,4,100,10000,0.15960891702954383,0.5642995386128291
1,97,haar_random,seeqst_unifsize_l,7,4,100,25000,0.10600163103334231,0.3570337220203805
1,98,haar_random,pauli,7,4,100,10,0.09467777105039459,0.2894162666820257
1,98,haar_random,pauli,7,4,100,100,3.796022996339176,21.983147121869916
1,98,haar_random,pauli,7,4,100,500,1.9617850764173363,8.62534376322759
1,98,haar_random,pauli,7,4,100,1000,1.5209031262015276,4.414579164037863
1,98,haar_random,pauli,7,4,100,5000,0.5958324247098093,1.7872503848082706
1,98,haar_random,pauli,7,4,100,10000,0.4040719284078734,0.943209051540233
1,98,haar_random,pauli,7,4,100,25000,0.21874065776527424,0.6098656817974891
1,98,haar_random,clifford,7,4,100,10,3.625522549643387,13.022656236772363
1,98,haar_random,clifford,7,4,100,100,1.1914126645692105,3.878269165763567
1,98,haar_random,clifford,7,4,100,500,0.5313493706516673,1.582100701390786
1,98,haar_random,clifford,7,4,100,1000,0.4030991403628345,0.7674542907205624
1,98,haar_random,clifford,7,4,100,5000,0.13874491338512884,0.33323288721026095
1,98,haar_random,clifford,7,4,100,10000,0.09893670682597486,0.2559126211830484
1,98,haar_random,clifford,7,4,100,25000,0.0587610685085151,0.13551215307833692
1,98,haar_random,seeqst_uniform,7,4,100,10,3.596398978882148,25.533794655302106
1,98,haar_random,seeqst_uniform,7,4,100,100,1.242459646304269,2.6216177528370865
1,98,haar_random,seeqst_uniform,7,4,100,500,0.8217894514419944,2.1096177528370865
1,98,haar_random,seeqst_uniform,7,4,100,1000,0.5698719897236382,1.5294382001739328
1,98,haar_random,seeqst_uniform,7,4,100,5000,0.22433013745143596,0.6473540546236854
1,98,haar_random,seeqst_uniform,7,4,100,10000,0.15067993684081982,0.4169540546236854
1,98,haar_random,seeqst_uniform,7,4,100,25000,0.0946383299473906,0.2582340546236854
1,98,haar_random,seeqst_binomial,7,4,100,10,1.0182722830605804,3.624840078194301
1,98,haar_random,seeqst_binomial,7,4,100,100,17.49464299643366,122.39606257376497
1,98,haar_random,seeqst_binomial,7,4,100,500,4.3517014636128755,24.56973021224894
1,98,haar_random,seeqst_binomial,7,4,100,1000,2.5671884623099084,12.341438667059434
1,98,haar_random,seeqst_binomial,7,4,100,5000,1.0574402404790484,4.900599541080451
1,98,haar_random,seeqst_binomial,7,4,100,10000,0.5934645629141266,2.4522040183173357
1,98,haar_random,seeqst_binomial,7,4,100,25000,0.3918547432984708,1.841833399697513
1,98,haar_random,seeqst_unifsize_l,7,4,100,10,2.115339609801553,21.132613772534086
1,98,haar_random,seeqst_unifsize_l,7,4,100,100,1.601006747331684,6.993438200173933
1,98,haar_random,seeqst_unifsize_l,7,4,100,500,0.6842037997152095,2.093438200173933
1,98,haar_random,seeqst_unifsize_l,7,4,100,1000,0.4839100121796519,1.3608279040554019
1,98,haar_random,seeqst_unifsize_l,7,4,100,5000,0.21363365034356374,0.6491869583095657
1,98,haar_random,seeqst_unifsize_l,7,4,100,10000,0.1421361742686069,0.4391869583095657
1,98,haar_random,seeqst_unifsize_l,7,4,100,25000,0.08657721318429797,0.39671707699535047
1,99,haar_random,pauli,7,4,100,10,21.884548791767124,218.84351515956337
1,99,haar_random,pauli,7,4,100,100,5.796523066957177,43.883515159563444
1,99,haar_random,pauli,7,4,100,500,2.8982888677964502,8.891515159563463
1,99,haar_random,pauli,7,4,100,1000,1.7862671886891777,4.517515159563465
1,99,haar_random,pauli,7,4,100,5000,0.6839663376512037,1.9420976364992193
1,99,haar_random,pauli,7,4,100,10000,0.5064447716407734,1.3748295368436267
1,99,haar_random,pauli,7,4,100,25000,0.29043267758535113,0.8048576364992198
1,99,haar_random,clifford,7,4,100,10,3.130850129684698,12.913240958367805
1,99,haar_random,clifford,7,4,100,100,1.2487374112101635,2.6263642707420645
1,99,haar_random,clifford,7,4,100,500,0.47233296401943475,1.2878316173412203
1,99,haar_random,clifford,7,4,100,1000,0.37857487015137353,0.8555183328798446
1,99,haar_random,clifford,7,4,100,5000,0.15518952530641417,0.3472976364992194
1,99,haar_random,clifford,7,4,100,10000,0.11536161664368896,0.2731337519978517
1,99,haar_random,clifford,7,4,100,25000,0.07185957059473942,0.18555464983509812
1,99,haar_random,seeqst_uniform,7,4,100,10,4.43330418281815,25.70503140091637
1,99,haar_random,seeqst_uniform,7,4,100,100,1.526542888398939,5.133240958367851
1,99,haar_random,seeqst_uniform,7,4,100,500,0.7121293695445617,2.0905222505394834
1,99,haar_random,seeqst_uniform,7,4,100,1000,0.5792099100096524,1.2084206822372094
1,99,haar_random,seeqst_uniform,7,4,100,5000,0.2551484566029784,0.7518337220203805
1,99,haar_random,seeqst_uniform,7,4,100,10000,0.16689064904637219,0.4452127690443676
1,99,haar_random,seeqst_uniform,7,4,100,25000,0.10017134221599419,0.2710102327023136
1,99,haar_random,seeqst_binomial,7,4,100,10,2.6149744040555585,24.866463267352728
1,99,haar_random,seeqst_binomial,7,4,100,100,3.160778116011711,17.53622450734667
1,99,haar_random,seeqst_binomial,7,4,100,500,3.6681938632904036,24.409101423258857
1,99,haar_random,seeqst_binomial,7,4,100,1000,2.3036973125453843,12.258003039330212
1,99,haar_random,seeqst_binomial,7,4,100,5000,1.0463198444521284,2.5533567035936664
1,99,haar_random,seeqst_binomial,7,4,100,10000,0.7487905218472036,2.5533567035936664
1,99,haar_random,seeqst_binomial,7,4,100,25000,0.3774483290909802,1.5750933799785063
1,99,haar_random,seeqst_unifsize_l,7,4,100,10,4.2114679107159505,35.15837023270231
1,99,haar_random,seeqst_unifsize_l,7,4,100,100,1.8586648488478708,6.957477749460517
1,99,haar_random,seeqst_unifsize_l,7,4,100,500,0.6779184980736515,2.0574777494605168
1,99,haar_random,seeqst_unifsize_l,7,4,100,1000,0.5401693154366378,1.5200253892151319
1,99,haar_random,seeqst_unifsize_l,7,4,100,5000,0.2443907586177151,0.6523872309556324
1,99,haar_random,seeqst_unifsize_l,7,4,100,10000,0.14844943285665413,0.4200337220203805
1,99,haar_random,seeqst_unifsize_l,7,4,100,25000,0.10091104086741134,0.3570337220203805
2,0,haar_random,pauli,7,4,100,10,0.09395938984592235,0.2660112030309202
2,0,haar_random,pauli,7,4,100,100,4.370728799112437,21.935493964405094
2,0,haar_random,pauli,7,4,100,500,2.4667755324129765,8.763152471767745
2,0,haar_random,pauli,7,4,100,1000,1.6694856450378004,6.563973956423113
2,0,haar_random,pauli,7,4,100,5000,0.6486606964434628,2.1305204442512022
2,0,haar_random,pauli,7,4,100,10000,0.4241269684909976,1.0765362218196373
2,0,haar_random,pauli,7,4,100,25000,0.3064812014596709,1.0909488048817422
2,0,haar_random,clifford,7,4,100,10,3.8833702439676743,13.03545036420333
2,0,haar_random,clifford,7,4,100,100,1.1915269195847482,5.055306495385376
2,0,haar_random,clifford,7,4,100,500,0.5754744473557497,1.3403685968342003
2,0,haar_random,clifford,7,4,100,1000,0.40295072933182635,1.0634126329637086
2,0,haar_random,clifford,7,4,100,5000,0.17067469711926236,0.44421263296371044
2,0,haar_random,clifford,7,4,100,10000,0.11953929426495433,0.33224650435865055
2,0,haar_random,clifford,7,4,100,25000,0.07152292594699255,0.21615715755074782
2,0,haar_random,seeqst_uniform,7,4,100,10,5.114613782805774,25.745548243811573
2,0,haar_random,seeqst_uniform,7,4,100,100,1.6801218699641804,7.641184316015698
2,0,haar_random,seeqst_uniform,7,4,100,500,0.737476219138374,2.006721901155731
2,0,haar_random,seeqst_uniform,7,4,100,1000,0.5320232398123454,1.415450364203386
2,0,haar_random,seeqst_uniform,7,4,100,5000,0.21548598271960182,0.5641517355424625
2,0,haar_random,seeqst_uniform,7,4,100,10000,0.14131507176871166,0.3673081877188129
2,0,haar_random,seeqst_uniform,7,4,100,25000,0.1006278612216592,0.2702777455693881
2,0,haar_random,seeqst_binomial,7,4,100,10,2.652352765674372,24.810148787187416
2,0,haar_random,seeqst_binomial,7,4,100,100,0.7529416162240847,2.603855816383671
2,0,haar_random,seeqst_binomial,7,4,100,500,0.661079142869823,3.4324205048753353
2,0,haar_random,seeqst_binomial,7,4,100,1000,0.6309817973223049,3.4594813953946377
2,0,haar_random,seeqst_binomial,7,4,100,5000,0.7385413570048265,2.6501609147310154
2,0,haar_random,seeqst_binomial,7,4,100,10000,0.5168742465703788,2.501675718106794
2,0,haar_random,seeqst_binomial,7,4,100,25000,0.3750277975970964,1.895654133300085
2,0,haar_random,seeqst_unifsize_l,7,4,100,10,6.019143795236038,35.00998461442622
2,0,haar_random,seeqst_unifsize_l,7,4,100,100,1.8875693656524095,6.957182903492397
2,0,haar_random,seeqst_unifsize_l,7,4,100,500,0.7155444875294843,2.2046935046146094
2,0,haar_random,seeqst_unifsize_l,7,4,100,1000,0.4715064133543688,1.321300990129494
2,0,haar_random,seeqst_unifsize_l,7,4,100,5000,0.2528933237455341,0.6537088048817424
2,0,haar_random,seeqst_unifsize_l,7,4,100,10000,0.16616931613223224,0.4229739564231161
2,0,haar_random,seeqst_unifsize_l,7,4,100,25000,0.09884765825071236,0.234095840338218
2,1,haar_random,pauli,7,4,100,10,0.09573741724074346,0.21743419209635012
2,1,haar_random,pauli,7,4,100,100,3.805595245408946,22.01458345207046
2,1,haar_random,pauli,7,4,100,500,2.3216393937304054,8.892583452070472
2,1,haar_random,pauli,7,4,100,1000,1.5429217465406448,6.530341035706438
2,1,haar_random,pauli,7,4,100,5000,0.6201181543958775,1.3270369702999878
2,1,haar_random,pauli,7,4,100,10000,0.4866357061047292,1.090663447436845
2,1,haar_random,pauli,7,4,100,25000,0.3125420836100365,0.6670770150066945
2,1,haar_random,clifford,7,4,100,10,3.8768877703343043,13.03545036420333
2,1,haar_random,clifford,7,4,100,100,1.0999806239332666,2.6229477736111555
2,1,haar_random,clifford,7,4,100,500,0.4444068289828998,1.085727181072393
2,1,haar_random,clifford,7,4,100,1000,0.35348034725547123,0.824269239684129
2,1,haar_random,clifford,7,4,100,5000,0.16265793190368708,0.38912718107239525
2,1,haar_random,clifford,7,4,100,10000,0.11727197096688476,0.3454634474368443
2,1,haar_random,clifford,7,4,100,25000,0.07263573385955772,0.2271434520704791
2,1,haar_random,seeqst_uniform,7,4,100,10,7.261227005679235,25.780169912255385
2,1,haar_random,seeqst_uniform,7,4,100,100,1.4691084245905048,2.7774341920963503
2,1,haar_random,seeqst_uniform,7,4,100,500,0.6912812020130843,1.671450364203386
2,1,haar_random,seeqst_uniform,7,4,100,1000,0.5170536906239641,1.498101411926315
2,1,haar_random,seeqst_uniform,7,4,100,5000,0.20907929106274672,0.6068513934063249
2,1,haar_random,seeqst_uniform,7,4,100,10000,0.13945271096209677,0.5539861111884389
2,1,haar_random,seeqst_uniform,7,4,100,25000,0.10563937876098425,0.3066092431073582
2,1,haar_random,seeqst_binomial,7,4,100,10,2.661998192553231,25.13501157593313
2,1,haar_random,seeqst_binomial,7,4,100,100,1.9577335757398597,17.45056666446129
2,1,haar_random,seeqst_binomial,7,4,100,500,0.9697214705067475,3.54328356243602
2,1,haar_random,seeqst_binomial,7,4,100,1000,0.8479709720092541,3.54328356243602
2,1,haar_random,seeqst_binomial,7,4,100,5000,0.7760255373991769,2.6630925011342512
2,1,haar_random,seeqst_binomial,7,4,100,10000,0.6293241929082954,2.6630925011342512
2,1,haar_random,seeqst_binomial,7,4,100,25000,0.3977031703546344,2.094318116082581
2,1,haar_random,seeqst_unifsize_l,7,4,100,10,6.936520358982096,35.0537271810724
2,1,haar_random,seeqst_unifsize_l,7,4,100,100,1.8427318451464347,6.962101411926315
2,1,haar_random,seeqst_unifsize_l,7,4,100,500,0.8651503269474647,2.7621014119263148
2,1,haar_random,seeqst_unifsize_l,7,4,100,1000,0.5701986907066456,1.712101411926315
2,1,haar_random,seeqst_unifsize_l,7,4,100,5000,0.23867143342586564,0.732101411926315
2,1,haar_random,seeqst_unifsize_l,7,4,100,10000,0.1574390250837838,0.439244191193937
2,1,haar_random,seeqst_unifsize_l,7,4,100,25000,0.09811592346343494,0.27824419119393695
2,2,haar_random,pauli,7,4,100,10,0.09502202718470756,0.21667371798771903
2,2,haar_random,pauli,7,4,100,100,3.7793595997454736,21.935493964405094
2,2,haar_random,pauli,7,4,100,500,2.33793334101149,8.763152471767745
2,2,haar_random,pauli,7,4,100,1000,1.574311842488872,6.563973956423113
2,2,haar_random,pauli,7,4,100,5000,0.6334008786772475,1.8134606855040485
2,2,haar_random,pauli,7,4,100,10000,0.467475277695615,1.1157443665440234
2,2,haar_random,pauli,7,4,100,25000,0.29444401151575533,0.7220843665440235
2,2,haar_random,clifford,7,4,100,10,3.4172412471176723,12.993636554235238
2,2,haar_random,clifford,7,4,100,100,1.1267429419008743,2.643860685504041
2,2,haar_random,clifford,7,4,100,500,0.5547545749538861,1.44187871891719
2,2,haar_random,clifford,7,4,100,1000,0.34123194156820785,1.0548787189171909
2,2,haar_random,clifford,7,4,100,5000,0.1740900263643495,0.5013988325312088
2,2,haar_random,clifford,7,4,100,10000,0.11827044493945538,0.3723988325312091
2,2,haar_random,clifford,7,4,100,25000,0.06520654785209491,0.18861058800098163
2,2,haar_random,seeqst_uniform,7,4,100,10,5.131275103233956,25.780169912255385
2,2,haar_random,seeqst_uniform,7,4,100,100,1.4567587491580831,5.215189411999018
2,2,haar_random,seeqst_uniform,7,4,100,500,0.6645979710032913,2.1431894119990176
2,2,haar_random,seeqst_uniform,7,4,100,1000,0.470368683153434,1.3521439959404409
2,2,haar_random,seeqst_uniform,7,4,100,5000,0.2101609257541873,0.48275616890330436
2,2,haar_random,seeqst_uniform,7,4,100,10000,0.1358567918016946,0.3673081877188129
2,2,haar_random,seeqst_uniform,7,4,100,25000,0.09484689682902996,0.24627357703228017
2,2,haar_random,seeqst_binomial,7,4,100,10,2.738869050563257,24.973039370176757
2,2,haar_random,seeqst_binomial,7,4,100,100,1.9854401041366756,17.491232288243314
2,2,haar_random,seeqst_binomial,7,4,100,500,0.6420138035523844,3.5160419508838823
2,2,haar_random,seeqst_binomial,7,4,100,1000,1.3375010362921227,12.171772944019988
2,2,haar_random,seeqst_binomial,7,4,100,5000,0.977929659201273,4.796512116203484
2,2,haar_random,seeqst_binomial,7,4,100,10000,0.8366983791957651,3.824208546386753
2,2,haar_random,seeqst_binomial,7,4,100,25000,0.4991077118560615,1.9609145929676908
2,2,haar_random,seeqst_unifsize_l,7,4,100,10,6.7085608801779975,35.06804857865589
2,2,haar_random,seeqst_unifsize_l,7,4,100,100,1.6534954291489938,6.9888011674687895
2,2,haar_random,seeqst_unifsize_l,7,4,100,500,0.6697295337261058,1.6973423391777684
2,2,haar_random,seeqst_unifsize_l,7,4,100,1000,0.4841964130956966,1.4300115625448773
2,2,haar_random,seeqst_unifsize_l,7,4,100,5000,0.19137889738806066,0.5488011674687898
2,2,haar_random,seeqst_unifsize_l,7,4,100,10000,0.16365733176840097,0.48776160547732006
2,2,haar_random,seeqst_unifsize_l,7,4,100,25000,0.09820019535560451,0.29876160547732006
2,3,haar_random,pauli,7,4,100,10,0.08711599511939164,0.2660112030309202
2,3,haar_random,pauli,7,4,100,100,4.373704204495282,21.935493964405094
2,3,haar_random,pauli,7,4,100,500,2.3898090082009693,8.763152471767745
2,3,haar_random,pauli,7,4,100,1000,1.5692931719304206,4.389152471767746
2,3,haar_random,pauli,7,4,100,5000,0.6316533032973191,1.8134606855040485
2,3,haar_random,pauli,7,4,100,10000,0.44061540159805807,1.0765362218196373
2,3,haar_random,pauli,7,4,100,25000,0.2931422671739449,0.6670770150066945
2,3,haar_random,clifford,7,4,100,10,1.8344675024731394,12.993636554235238
2,3,haar_random,clifford,7,4,100,100,1.0382717895547962,2.643860685504041
2,3,haar_random,clifford,7,4,100,500,0.4815739567266877,1.2031945460498696
2,3,haar_random,clifford,7,4,100,1000,0.3851550734117488,1.0634126329637086
2,3,haar_random,clifford,7,4,100,5000,0.17146126322690516,0.44421263296371044
2,3,haar_random,clifford,7,4,100,10000,0.11205526299541894,0.2820051479181451
2,3,haar_random,clifford,7,4,100,25000,0.07074355350522107,0.21615715755074782
2,3,haar_random,seeqst_uniform,7,4,100,10,5.737384715283583,25.80779505259926
2,3,haar_random,seeqst_uniform,7,4,100,100,1.512648618646051,5.215189411999018
2,3,haar_random,seeqst_uniform,7,4,100,500,0.6985735457905248,2.5951719329295986
2,3,haar_random,seeqst_uniform,7,4,100,1000,0.4953499149856437,1.2900112030309203
2,3,haar_random,seeqst_uniform,7,4,100,5000,0.2103984182870757,0.579586111188439
2,3,haar_random,seeqst_uniform,7,4,100,10000,0.16833191034691347,0.5539861111884389
2,3,haar_random,seeqst_uniform,7,4,100,25000,0.10165703499922032,0.22250499048793632
2,3,haar_random,seeqst_binomial,7,4,100,10,3.615885002858958,25.13501157593313
2,3,haar_random,seeqst_binomial,7,4,100,100,1.1033054507410653,5.170453951133942
2,3,haar_random,seeqst_binomial,7,4,100,500,0.7174910784947901,3.4440026951128604
2,3,haar_random,seeqst_binomial,7,4,100,1000,0.6405383482228703,2.1345174312091904
2,3,haar_random,seeqst_binomial,7,4,100,5000,0.6706620359701413,2.5518405729564506
2,3,haar_random,seeqst_binomial,7,4,100,10000,0.7053669891647146,3.52307397272234
2,3,haar_random,seeqst_binomial,7,4,100,25000,0.4046001262106609,1.4838090021321246
2,3,haar_random,seeqst_unifsize_l,7,4,100,10,4.961517543906305,34.98135702702375
2,3,haar_random,seeqst_unifsize_l,7,4,100,100,1.4854726289796396,3.520634069890358
2,3,haar_random,seeqst_unifsize_l,7,4,100,500,0.6403907448121434,1.5006854550658564
2,3,haar_random,seeqst_unifsize_l,7,4,100,1000,0.4957377812215184,1.3131945460498735
2,3,haar_random,seeqst_unifsize_l,7,4,100,5000,0.22737764758882104,0.6477138867162276
2,3,haar_random,seeqst_unifsize_l,7,4,100,10000,0.16537011462061105,0.37471388671622763
2,3,haar_random,seeqst_unifsize_l,7,4,100,25000,0.11259566252873637,0.3722896047031281
2,4,haar_random,pauli,7,4,100,10,0.09833413107408577,0.25013063626460347
2,4,haar_random,pauli,7,4,100,100,4.3629636839731445,21.84449842965579
2,4,haar_random,pauli,7,4,100,500,1.8539978086210527,8.763152471767745
2,4,haar_random,pauli,7,4,100,1000,1.2491837903800505,4.389152471767746
2,4,haar_random,pauli,7,4,100,5000,0.5206400005167652,1.3270369702999878
2,4,haar_random,pauli,7,4,100,10000,0.4028168557930265,1.090663447436845
2,4,haar_random,pauli,7,4,100,25000,0.2736005440984774,0.7171117184139828
2,4,haar_random,clifford,7,4,100,10,3.657869859822186,13.002131884438022
2,4,haar_random,clifford,7,4,100,100,1.14513762899912,3.889445879417655
2,4,haar_random,clifford,7,4,100,500,0.5275617563417406,1.5224984296557942
2,4,haar_random,clifford,7,4,100,1000,0.42318264754999607,1.0064984296557957
2,4,haar_random,clifford,7,4,100,5000,0.1544296114347382,0.36157402461956756
2,4,haar_random,clifford,7,4,100,10000,0.10079790099902768,0.3454634474368443
2,4,haar_random,clifford,7,4,100,25000,0.0640958485526867,0.18823743339861598
2,4,haar_random,seeqst_uniform,7,4,100,10,5.741884819763021,25.780169912255385
2,4,haar_random,seeqst_uniform,7,4,100,100,1.5479586963148109,5.062455408544768
2,4,haar_random,seeqst_uniform,7,4,100,500,0.6784497464377647,2.1059505682219934
2,4,haar_random,seeqst_uniform,7,4,100,1000,0.4792674533896448,1.3821318844380561
2,4,haar_random,seeqst_uniform,7,4,100,5000,0.20395542425055677,0.579586111188439
2,4,haar_random,seeqst_uniform,7,4,100,10000,0.1624227774902779,0.5539861111884389
2,4,haar_random,seeqst_uniform,7,4,100,25000,0.09790077511932864,0.32772213129101035
2,4,haar_random,seeqst_binomial,7,4,100,10,3.5271423248517455,24.973039370176757
2,4,haar_random,seeqst_binomial,7,4,100,100,0.8527645074305469,4.9368568395984145
2,4,haar_random,seeqst_binomial,7,4,100,500,0.9971484941886116,3.4982788144468815
2,4,haar_random,seeqst_binomial,7,4,100,1000,0.8278513998062286,3.4719011541900477
2,4,haar_random,seeqst_binomial,7,4,100,5000,0.833860136353961,2.5036088772598943
2,4,haar_random,seeqst_binomial,7,4,100,10000,0.6029725590003214,3.553389017138978
2,4,haar_random,seeqst_binomial,7,4,100,25000,0.3409424796579018,1.3522965390048673
2,4,haar_random,seeqst_unifsize_l,7,4,100,10,7.035892536473337,34.98307607412822
2,4,haar_random,seeqst_unifsize_l,7,4,100,100,1.8334448947204862,4.174498429655799
2,4,haar_random,seeqst_unifsize_l,7,4,100,500,0.6768662423351488,2.013236806531863
2,4,haar_random,seeqst_unifsize_l,7,4,100,1000,0.49478354964138005,1.4032242436688183
2,4,haar_random,seeqst_unifsize_l,7,4,100,5000,0.2029191217965769,0.6310971262737183
2,4,haar_random,seeqst_unifsize_l,7,4,100,10000,0.14516339243551635,0.33797290657263235
2,4,haar_random,seeqst_unifsize_l,7,4,100,25000,0.0889691822318512,0.34630618093649546
2,5,haar_random,pauli,7,4,100,10,0.0870431643917753,0.21068077291236573
2,5,haar_random,pauli,7,4,100,100,5.792361333350452,21.935493964405094
2,5,haar_random,pauli,7,4,100,500,1.965689909319247,8.712915905277683
2,5,haar_random,pauli,7,4,100,1000,1.3818485119186024,4.338915905277685
2,5,haar_random,pauli,7,4,100,5000,0.5691941330355129,1.8057939056786416
2,5,haar_random,pauli,7,4,100,10000,0.4010554441663731,1.3609751793700064
2,5,haar_random,pauli,7,4,100,25000,0.2975650269627191,0.8617233990113183
2,5,haar_random,clifford,7,4,100,10,3.651729849837581,12.993636554235238
2,5,haar_random,clifford,7,4,100,100,1.2346058682698897,2.6306756590605773
2,5,haar_random,clifford,7,4,100,500,0.5540454237384478,1.4112142774337857
2,5,haar_random,clifford,7,4,100,1000,0.42216889444110034,1.2171939056786394
2,5,haar_random,clifford,7,4,100,5000,0.16663091187211668,0.4331470233645633
2,5,haar_random,clifford,7,4,100,10000,0.1186467669600995,0.3299470233645635
2,5,haar_random,clifford,7,4,100,25000,0.07740237038654385,0.213963399011318
2,5,haar_random,seeqst_uniform,7,4,100,10,6.286297228629337,25.80779505259926
2,5,haar_random,seeqst_uniform,7,4,100,100,1.795116586447888,5.215189411999018
2,5,haar_random,seeqst_uniform,7,4,100,500,0.777067463525407,2.5951719329295986
2,5,haar_random,seeqst_uniform,7,4,100,1000,0.5145033239381104,2.1027498348045763
2,5,haar_random,seeqst_uniform,7,4,100,5000,0.25138934924617357,0.6988916556478735
2,5,haar_random,seeqst_uniform,7,4,100,10000,0.1482805191944359,0.46801117428769934
2,5,haar_random,seeqst_uniform,7,4,100,25000,0.09233241012944352,0.30234296403321526
2,5,haar_random,seeqst_binomial,7,4,100,10,3.652835999797577,24.942620430010304
2,5,haar_random,seeqst_binomial,7,4,100,100,2.108021891946134,17.26773775650387
2,5,haar_random,seeqst_binomial,7,4,100,500,0.9937687225893133,3.453977338777071
2,5,haar_random,seeqst_binomial,7,4,100,1000,1.5587011228610863,12.286384332508467
2,5,haar_random,seeqst_binomial,7,4,100,5000,0.9227503559080295,4.888587468199751
2,5,haar_random,seeqst_binomial,7,4,100,10000,0.481677884399469,2.4429291591618503
2,5,haar_random,seeqst_binomial,7,4,100,25000,0.29125559633663856,1.4646658355466897
2,5,haar_random,seeqst_unifsize_l,7,4,100,10,4.542242226173441,35.05715220146863
2,5,haar_random,seeqst_unifsize_l,7,4,100,100,1.604840951510805,7.026408960732828
2,5,haar_random,seeqst_unifsize_l,7,4,100,500,0.6236471093335514,2.1183888257123007
2,5,haar_random,seeqst_unifsize_l,7,4,100,1000,0.489534760250122,1.4183888257123005
2,5,haar_random,seeqst_unifsize_l,7,4,100,5000,0.2283535788748169,0.6419072126810376
2,5,haar_random,seeqst_unifsize_l,7,4,100,10000,0.16749237086271,0.6057009737441512
2,5,haar_random,seeqst_unifsize_l,7,4,100,25000,0.11087636864587788,0.3444854078945941
2,6,haar_random,pauli,7,4,100,10,0.08835828503861075,0.27256478263918177
2,6,haar_random,pauli,7,4,100,100,4.9054510565267995,22.067026969958853
2,6,haar_random,pauli,7,4,100,500,2.113278113538085,8.945026969958858
2,6,haar_random,pauli,7,4,100,1000,1.361941760642441,4.5710269699588615
2,6,haar_random,pauli,7,4,100,5000,0.5520768804917415,1.3873838860003547
2,6,haar_random,pauli,7,4,100,10000,0.4360158773096918,1.1686838860003546
2,6,haar_random,pauli,7,4,100,25000,0.2758295892348316,0.8617233990113183
2,6,haar_random,clifford,7,4,100,10,2.246255093787143,12.993636554235238
2,6,haar_random,clifford,7,4,100,100,0.9811056429424488,2.6229477736111555
2,6,haar_random,clifford,7,4,100,500,0.5434384615387191,1.6019909177273388
2,6,haar_random,clifford,7,4,100,1000,0.4378677240766358,1.0064984296557957
2,6,haar_random,clifford,7,4,100,5000,0.15851030838568722,0.3893909177273422
2,6,haar_random,clifford,7,4,100,10000,0.11795204306006382,0.35313042166273806
2,6,haar_random,clifford,7,4,100,25000,0.07112435983243583,0.213963399011318
2,6,haar_random,seeqst_uniform,7,4,100,10,5.143696820643615,25.780169912255385
2,6,haar_random,seeqst_uniform,7,4,100,100,1.5736190696780235,5.155171932929599
2,6,haar_random,seeqst_uniform,7,4,100,500,0.7533349257057106,2.5951719329295986
2,6,haar_random,seeqst_uniform,7,4,100,1000,0.5778205889638061,1.498101411926315
2,6,haar_random,seeqst_uniform,7,4,100,5000,0.2275330224046774,0.5641517355424625
2,6,haar_random,seeqst_uniform,7,4,100,10000,0.16628086405498976,0.43009879661504385
2,6,haar_random,seeqst_uniform,7,4,100,25000,0.09822144758395827,0.2109929150638961
2,6,haar_random,seeqst_binomial,7,4,100,10,4.386586101308378,24.973039370176757
2,6,haar_random,seeqst_binomial,7,4,100,100,2.0207123067084543,17.464157500036553
2,6,haar_random,seeqst_binomial,7,4,100,500,2.5988649053312973,24.411042694151718
2,6,haar_random,seeqst_binomial,7,4,100,1000,1.4798983608454361,12.182751148962213
2,6,haar_random,seeqst_binomial,7,4,100,5000,0.8689296689864509,2.718223091677083
2,6,haar_random,seeqst_binomial,7,4,100,10000,0.6340839447877159,3.5963434676164105
2,6,haar_random,seeqst_binomial,7,4,100,25000,0.3626977043425977,1.8843826512898798
2,6,haar_random,seeqst_unifsize_l,7,4,100,10,4.425798502497732,35.00572139191326
2,6,haar_random,seeqst_unifsize_l,7,4,100,100,1.6144629851957326,6.962101411926315
2,6,haar_random,seeqst_unifsize_l,7,4,100,500,0.8706680145395703,2.7621014119263148
2,6,haar_random,seeqst_unifsize_l,7,4,100,1000,0.554910482844451,1.712101411926315
2,6,haar_random,seeqst_unifsize_l,7,4,100,5000,0.21962141919590347,0.732101411926315
2,6,haar_random,seeqst_unifsize_l,7,4,100,10000,0.16320424661549982,0.5009562094695107
2,6,haar_random,seeqst_unifsize_l,7,4,100,25000,0.10811048817625171,0.3444854078945941
2,7,haar_random,pauli,7,4,100,10,0.09467166436326252,0.2660112030309202
2,7,haar_random,pauli,7,4,100,100,4.375962849801074,21.935493964405094
2,7,haar_random,pauli,7,4,100,500,2.5504535031056093,8.763152471767745
2,7,haar_random,pauli,7,4,100,1000,1.7147786902653412,4.420004676865322
2,7,haar_random,pauli,7,4,100,5000,0.6469997983305317,1.4029901817141541
2,7,haar_random,pauli,7,4,100,10000,0.4987024267318957,1.3609751793700064
2,7,haar_random,pauli,7,4,100,25000,0.29261089326603884,0.7349756888571571
2,7,haar_random,clifford,7,4,100,10,3.178296597473003,13.076663290166133
2,7,haar_random,clifford,7,4,100,100,1.015177235432365,2.6229477736111555
2,7,haar_random,clifford,7,4,100,500,0.47148715112921336,1.0749477736111592
2,7,haar_random,clifford,7,4,100,1000,0.35730248744614607,0.9107590785681214
2,7,haar_random,clifford,7,4,100,5000,0.1718011969883002,0.3467314591760088
2,7,haar_random,clifford,7,4,100,10000,0.11137747463567504,0.28278074255778707
2,7,haar_random,clifford,7,4,100,25000,0.060803691398182556,0.19460215230015185
2,7,haar_random,seeqst_uniform,7,4,100,10,4.447622619752732,25.780169912255385
2,7,haar_random,seeqst_uniform,7,4,100,100,1.8188250725325843,5.183705375990475
2,7,haar_random,seeqst_uniform,7,4,100,500,0.7091664213989755,2.5951719329295986
2,7,haar_random,seeqst_uniform,7,4,100,1000,0.5054405203794903,1.415450364203386
2,7,haar_random,seeqst_uniform,7,4,100,5000,0.2304890687199392,0.6988916556478735
2,7,haar_random,seeqst_uniform,7,4,100,10000,0.15037293359705753,0.344949905956765
2,7,haar_random,seeqst_uniform,7,4,100,25000,0.1031244879967018,0.24766990595676497
2,7,haar_random,seeqst_binomial,7,4,100,10,2.661885393453384,24.888921274667805
2,7,haar_random,seeqst_binomial,7,4,100,100,1.840575051374412,17.378197739985136
2,7,haar_random,seeqst_binomial,7,4,100,500,0.9505736469303002,3.683879198826373
2,7,haar_random,seeqst_binomial,7,4,100,1000,1.387445862478027,12.19134417061229
2,7,haar_random,seeqst_binomial,7,4,100,5000,0.8558116792322381,2.6223215992040623
2,7,haar_random,seeqst_binomial,7,4,100,10000,0.6939349097199661,5.005866524032567
2,7,haar_random,seeqst_binomial,7,4,100,25000,0.3917430090396119,1.5819448913795056
2,7,haar_random,seeqst_unifsize_l,7,4,100,10,5.556992611103211,35.03694737457722
2,7,haar_random,seeqst_unifsize_l,7,4,100,100,1.6283447753971805,4.335450364203386
2,7,haar_random,seeqst_unifsize_l,7,4,100,500,0.6356766499329393,1.6132242436688182
2,7,haar_random,seeqst_unifsize_l,7,4,100,1000,0.5452388023365811,1.6252340718599487
2,7,haar_random,seeqst_unifsize_l,7,4,100,5000,0.2150515117308273,0.5839953231346763
2,7,haar_random,seeqst_unifsize_l,7,4,100,10000,0.1489735036004465,0.4094850963328779
2,7,haar_random,seeqst_unifsize_l,7,4,100,25000,0.09445409396510408,0.30817568885715735
2,8,haar_random,pauli,7,4,100,10,21.874051451351793,218.7380702943723
2,8,haar_random,pauli,7,4,100,100,3.101925923614318,21.935493964405094
2,8,haar_random,pauli,7,4,100,500,2.2340022887684197,8.763152471767745
2,8,haar_random,pauli,7,4,100,1000,1.6057575078257422,6.563973956423113
2,8,haar_random,pauli,7,4,100,5000,0.6512049723886568,1.8134606855040485
2,8,haar_random,pauli,7,4,100,10000,0.4902850048510932,1.3609751793700064
2,8,haar_random,pauli,7,4,100,25000,0.30954966090402897,0.7892616058100422
2,8,haar_random,clifford,7,4,100,10,2.8918705976530905,13.002131884438022
2,8,haar_random,clifford,7,4,100,100,1.0350957671083303,3.6837250041561505
2,8,haar_random,clifford,7,4,100,500,0.5465210920410185,1.6197250041561588
2,8,haar_random,clifford,7,4,100,1000,0.365076115647168,0.9982400910527914
2,8,haar_random,clifford,7,4,100,5000,0.16986023796560384,0.5698003266706971
2,8,haar_random,clifford,7,4,100,10000,0.11643275315451578,0.35313042166273806
2,8,haar_random,clifford,7,4,100,25000,0.0739901457962063,0.21615715755074782
2,8,haar_random,seeqst_uniform,7,4,100,10,6.278044963961018,25.80779505259926
2,8,haar_random,seeqst_uniform,7,4,100,100,1.6218991341104203,5.0889736259056955
2,8,haar_random,seeqst_uniform,7,4,100,500,0.6903835515351717,2.6252619153747574
2,8,haar_random,seeqst_uniform,7,4,100,1000,0.45733934412241994,1.8572619153747572
2,8,haar_random,seeqst_uniform,7,4,100,5000,0.18808373485892557,0.47386221483152846
2,8,haar_random,seeqst_uniform,7,4,100,10000,0.15048236706421048,0.3615156835106072
2,8,haar_random,seeqst_uniform,7,4,100,25000,0.10226090655038539,0.23380746607108777
2,8,haar_random,seeqst_binomial,7,4,100,10,2.5522361697346696,24.747901978399728
2,8,haar_random,seeqst_binomial,7,4,100,100,1.9045328772415648,17.464157500036553
2,8,haar_random,seeqst_binomial,7,4,100,500,1.0586288990348325,3.6463972576691592
2,8,haar_random,seeqst_binomial,7,4,100,1000,0.903714844739918,5.218903411583078
2,8,haar_random,seeqst_binomial,7,4,100,5000,0.7005956652999609,2.5195141057186485
2,8,haar_random,seeqst_binomial,7,4,100,10000,0.602955857173452,2.4739207119544315
2,8,haar_random,seeqst_binomial,7,4,100,25000,0.3416938323340627,1.4604875225171918
2,8,haar_random,seeqst_unifsize_l,7,4,100,10,3.5157901850157782,21.120242984993304
2,8,haar_random,seeqst_unifsize_l,7,4,100,100,1.5690622377100847,3.6935603030676774
2,8,haar_random,seeqst_unifsize_l,7,4,100,500,0.7284159116753836,2.0654783828538634
2,8,haar_random,seeqst_unifsize_l,7,4,100,1000,0.5178138890975986,1.3131945460498735
2,8,haar_random,seeqst_unifsize_l,7,4,100,5000,0.2440100568508024,0.7574003266706993
2,8,haar_random,seeqst_unifsize_l,7,4,100,10000,0.16353742960485448,0.4229739564231161
2,8,haar_random,seeqst_unifsize_l,7,4,100,25000,0.09991734107296386,0.2208516053237331
2,9,haar_random,pauli,7,4,100,10,21.874840301860843,218.74665184113934
2,9,haar_random,pauli,7,4,100,100,6.573889690589888,21.944519105744938
2,9,haar_random,pauli,7,4,100,500,2.6903681249132387,8.763152471767745
2,9,haar_random,pauli,7,4,100,1000,1.5404592291855823,6.563973956423113
2,9,haar_random,pauli,7,4,100,5000,0.6914303494043564,2.1305204442512022
2,9,haar_random,pauli,7,4,100,10000,0.478652411208595,1.2490462828855304
2,9,haar_random,pauli,7,4,100,25000,0.3167356879468642,1.0807604442512024
2,9,haar_random,clifford,7,4,100,10,3.4369486064889925,13.077552062188454
2,9,haar_random,clifford,7,4,100,100,0.9739364449617695,2.6229477736111555
2,9,haar_random,clifford,7,4,100,500,0.5086713916249145,1.44187871891719
2,9,haar_random,clifford,7,4,100,1000,0.3756801150459703,1.0548787189171909
2,9,haar_random,clifford,7,4,100,5000,0.14559042304363076,0.39899601195903583
2,9,haar_random,clifford,7,4,100,10000,0.11253554351966889,0.3454634474368443
2,9,haar_random,clifford,7,4,100,25000,0.06153242531745088,0.21369073016110704
2,9,haar_random,seeqst_uniform,7,4,100,10,5.726825123744122,25.780169912255385
2,9,haar_random,seeqst_uniform,7,4,100,100,1.671336313481652,7.722752254125382
2,9,haar_random,seeqst_uniform,7,4,100,500,0.6341407201676147,1.4784554085447676
2,9,haar_random,seeqst_uniform,7,4,100,1000,0.5045759105545536,1.2891613717315291
2,9,haar_random,seeqst_uniform,7,4,100,5000,0.22892072464333127,0.5641517355424625
2,9,haar_random,seeqst_uniform,7,4,100,10000,0.13903308753816232,0.35332213129101037
2,9,haar_random,seeqst_uniform,7,4,100,25000,0.09422830339060106,0.32772213129101035
2,9,haar_random,seeqst_binomial,7,4,100,10,1.0010459809682575,3.582063354037361
2,9,haar_random,seeqst_binomial,7,4,100,100,3.5630220595968964,34.948855947996144
2,9,haar_random,seeqst_binomial,7,4,100,500,1.3375759232338524,6.998475273277276
2,9,haar_random,seeqst_binomial,7,4,100,1000,1.642970781160395,12.149308988180026
2,9,haar_random,seeqst_binomial,7,4,100,5000,0.6696550439677987,2.4643503623434135
2,9,haar_random,seeqst_binomial,7,4,100,10000,0.5767216355187488,2.5201774147828533
2,9,haar_random,seeqst_binomial,7,4,100,25000,0.3391213641912438,1.388412428413262
2,9,haar_random,seeqst_unifsize_l,7,4,100,10,5.6063415372383325,35.07898255700948
2,9,haar_random,seeqst_unifsize_l,7,4,100,100,1.682324781833443,6.901429729617806
2,9,haar_random,seeqst_unifsize_l,7,4,100,500,0.6892901718906042,2.0518947104990675
2,9,haar_random,seeqst_unifsize_l,7,4,100,1000,0.4654959952834789,1.351894710499067
2,9,haar_random,seeqst_unifsize_l,7,4,100,5000,0.21463377431994485,0.6477138867162276
2,9,haar_random,seeqst_unifsize_l,7,4,100,10000,0.14944374958783865,0.4705479499195037
2,9,haar_random,seeqst_unifsize_l,7,4,100,25000,0.1035854286516838,0.27858249324376405
2,10,haar_random,pauli,7,4,100,10,21.87484483621108,218.74665184113934
2,10,haar_random,pauli,7,4,100,100,5.794493107006951,21.935493964405094
2,10,haar_random,pauli,7,4,100,500,2.2801537906084812,8.763152471767745
2,10,haar_random,pauli,7,4,100,1000,1.6249086669006638,6.563973956423113
2,10,haar_random,pauli,7,4,100,5000,0.5635635116173229,1.8134606855040485
2,10,haar_random,pauli,7,4,100,10000,0.4066641114075344,1.3609751793700064
2,10,haar_random,pauli,7,4,100,25000,0.2883155506087098,0.6590118411394333
2,10,haar_random,clifford,7,4,100,10,3.8845625603924128,12.993636554235238
2,10,haar_random,clifford,7,4,100,100,1.0958120259503348,2.643860685504041
2,10,haar_random,clifford,7,4,100,500,0.5423433406600564,1.3403685968342003
2,10,haar_random,clifford,7,4,100,1000,0.35074058663548063,1.0602472272598624
2,10,haar_random,clifford,7,4,100,5000,0.14809316594812805,0.38912718107239525
2,10,haar_random,clifford,7,4,100,10000,0.11338374552868849,0.49264722725986376
2,10,haar_random,clifford,7,4,100,25000,0.07008724261885399,0.3378472272598645
2,10,haar_random,seeqst_uniform,7,4,100,10,5.14081613450398,25.780169912255385
2,10,haar_random,seeqst_uniform,7,4,100,100,1.7278885170958336,5.062455408544768
2,10,haar_random,seeqst_uniform,7,4,100,500,0.7584229093762545,2.4751689181561174
2,10,haar_random,seeqst_uniform,7,4,100,1000,0.5439241957190029,1.7071689181561174
2,10,haar_random,seeqst_uniform,7,4,100,5000,0.23147311254032862,0.6016788942987469
2,10,haar_random,seeqst_uniform,7,4,100,10000,0.17196168395292347,0.5539861111884389
2,10,haar_random,seeqst_uniform,7,4,100,25000,0.10047169914694146,0.23380746607108777
2,10,haar_random,seeqst_binomial,7,4,100,10,5.064516415854189,25.13501157593313
2,10,haar_random,seeqst_binomial,7,4,100,100,1.951574137624601,17.45056666446129
2,10,haar_random,seeqst_binomial,7,4,100,500,1.0297029318457982,3.5973061744265613
2,10,haar_random,seeqst_binomial,7,4,100,1000,0.8229723860340445,3.407651270456867
2,10,haar_random,seeqst_binomial,7,4,100,5000,0.9054342708037133,4.8966992113734324
2,10,haar_random,seeqst_binomial,7,4,100,10000,0.47634721142716646,2.3847857951076654
2,10,haar_random,seeqst_binomial,7,4,100,25000,0.3640779291931483,1.895654133300085
2,10,haar_random,seeqst_unifsize_l,7,4,100,10,5.197915880687388,35.0537271810724
2,10,haar_random,seeqst_unifsize_l,7,4,100,100,1.9113412195593684,7.084831081843883
2,10,haar_random,seeqst_unifsize_l,7,4,100,500,0.7328880840922605,2.1099846144262258
2,10,haar_random,seeqst_unifsize_l,7,4,100,1000,0.5092734357708667,1.4032242436688183
2,10,haar_random,seeqst_unifsize_l,7,4,100,5000,0.2404897593144358,0.6455479499195037
2,10,haar_random,seeqst_unifsize_l,7,4,100,10000,0.1603399718080849,0.4705479499195037
2,10,haar_random,seeqst_unifsize_l,7,4,100,25000,0.09761753131542975,0.27858249324376405
2,11,haar_random,pauli,7,4,100,10,30.93557384925155,218.74665184113934
2,11,haar_random,pauli,7,4,100,100,3.7981816921876086,21.935493964405094
2,11,haar_random,pauli,7,4,100,500,1.9991889346617417,4.453302712554993
2,11,haar_random,pauli,7,4,100,1000,1.5061870601303127,6.530341035706438
2,11,haar_random,pauli,7,4,100,5000,0.6370176168393117,2.1305204442512022
2,11,haar_random,pauli,7,4,100,10000,0.48778639200094515,1.1457445719531925
2,11,haar_random,pauli,7,4,100,25000,0.32793289717926,1.0807604442512024
2,11,haar_random,clifford,7,4,100,10,2.246877889587917,13.077552062188454
2,11,haar_random,clifford,7,4,100,100,1.1358922304255592,3.889445879417655
2,11,haar_random,clifford,7,4,100,500,0.5259835721852272,1.1027820260812233
2,11,haar_random,clifford,7,4,100,1000,0.3526393272219437,0.9798482644575345
2,11,haar_random,clifford,7,4,100,5000,0.15876779706193125,0.33484826445753624
2,11,haar_random,clifford,7,4,100,10000,0.11370416527555274,0.32232339901131757
2,11,haar_random,clifford,7,4,100,25000,0.07384970977124014,0.21615715755074782
2,11,haar_random,seeqst_uniform,7,4,100,10,3.648788447994094,25.80779505259926
2,11,haar_random,seeqst_uniform,7,4,100,100,1.2156195166193613,2.7677950525992574
2,11,haar_random,seeqst_uniform,7,4,100,500,0.6148426273623613,1.5165541205823352
2,11,haar_random,seeqst_uniform,7,4,100,1000,0.4675550868705587,1.2900112030309203
2,11,haar_random,seeqst_uniform,7,4,100,5000,0.2208087122135482,0.5641517355424625
2,11,haar_random,seeqst_uniform,7,4,100,10000,0.15480059450507944,0.46801117428769934
2,11,haar_random,seeqst_uniform,7,4,100,25000,0.09700874697218369,0.22737117428769937
2,11,haar_random,seeqst_binomial,7,4,100,10,5.052304778153352,25.13501157593313
2,11,haar_random,seeqst_binomial,7,4,100,100,3.655296681397618,34.937680442849434
2,11,haar_random,seeqst_binomial,7,4,100,500,1.141264303866725,6.987299768130569
2,11,haar_random,seeqst_binomial,7,4,100,1000,1.5598363933973776,12.199055234334141
2,11,haar_random,seeqst_binomial,7,4,100,5000,0.7520724553506865,2.518131826294192
2,11,haar_random,seeqst_binomial,7,4,100,10000,0.45393776701843164,2.1881286283597943
2,11,haar_random,seeqst_binomial,7,4,100,25000,0.32101789085505744,1.4838090021321246
2,11,haar_random,seeqst_unifsize_l,7,4,100,10,3.75153358867954,34.742470319321896
2,11,haar_random,seeqst_unifsize_l,7,4,100,100,1.400448712850864,4.225870937834874
2,11,haar_random,seeqst_unifsize_l,7,4,100,500,0.6537142688810603,2.1183888257123007
2,11,haar_random,seeqst_unifsize_l,7,4,100,1000,0.48885104362666365,1.4183888257123005
2,11,haar_random,seeqst_unifsize_l,7,4,100,5000,0.19969227753352473,0.5892363108553637
2,11,haar_random,seeqst_unifsize_l,7,4,100,10000,0.15963732456102914,0.40338882571230067
2,11,haar_random,seeqst_unifsize_l,7,4,100,25000,0.10441635277196601,0.3232363108553636
2,12,haar_random,pauli,7,4,100,10,0.10269587116209912,0.2245997713944255
2,12,haar_random,pauli,7,4,100,100,4.372521148028687,21.943596285301734
2,12,haar_random,pauli,7,4,100,500,2.1000903470658363,8.763152471767745
2,12,haar_random,pauli,7,4,100,1000,1.361363426931404,4.4880064124938075
2,12,haar_random,pauli,7,4,100,5000,0.5941611306858237,2.224518264518191
2,12,haar_random,pauli,7,4,100,10000,0.4150242178959702,1.349718264518192
2,12,haar_random,pauli,7,4,100,25000,0.2771619331777602,0.7282407980484514
2,12,haar_random,clifford,7,4,100,10,3.1746679649027745,13.03545036420333
2,12,haar_random,clifford,7,4,100,100,1.0314266306267628,2.6693815323865655
2,12,haar_random,clifford,7,4,100,500,0.44144043243775627,1.44187871891719
2,12,haar_random,clifford,7,4,100,1000,0.36216762687062115,1.0548787189171909
2,12,haar_random,clifford,7,4,100,5000,0.14589699663036151,0.39674650435865044
2,12,haar_random,clifford,7,4,100,10000,0.10953214017154723,0.35313042166273806
2,12,haar_random,clifford,7,4,100,25000,0.07195155955635804,0.2206205692390243
2,12,haar_random,seeqst_uniform,7,4,100,10,8.12153452134132,25.80779505259926
2,12,haar_random,seeqst_uniform,7,4,100,100,1.6464111623652666,5.059712776246734
2,12,haar_random,seeqst_uniform,7,4,100,500,0.6896832876077335,1.671450364203386
2,12,haar_random,seeqst_uniform,7,4,100,1000,0.5069427198353046,1.415450364203386
2,12,haar_random,seeqst_uniform,7,4,100,5000,0.19772819944139952,0.39121117428769936
2,12,haar_random,seeqst_uniform,7,4,100,10000,0.1465910248546045,0.46801117428769934
2,12,haar_random,seeqst_uniform,7,4,100,25000,0.10587646016735644,0.3066092431073582
2,12,haar_random,seeqst_binomial,7,4,100,10,4.375547933536698,25.13501157593313
2,12,haar_random,seeqst_binomial,7,4,100,100,1.9436609643744502,17.464157500036553
2,12,haar_random,seeqst_binomial,7,4,100,500,1.103782869147967,3.64092656202711
2,12,haar_random,seeqst_binomial,7,4,100,1000,0.9582264601540583,3.537004783781345
2,12,haar_random,seeqst_binomial,7,4,100,5000,0.9149209849583082,4.8966992113734324
2,12,haar_random,seeqst_binomial,7,4,100,10000,0.5680259725244424,2.504737510989449
2,12,haar_random,seeqst_binomial,7,4,100,25000,0.34117075201031777,1.5264741873742886
2,12,haar_random,seeqst_unifsize_l,7,4,100,10,3.201222039932001,20.95389668981099
2,12,haar_random,seeqst_unifsize_l,7,4,100,100,1.439655306447846,4.335450364203386
2,12,haar_random,seeqst_unifsize_l,7,4,100,500,0.7079267998815938,2.1183888257123007
2,12,haar_random,seeqst_unifsize_l,7,4,100,1000,0.5073109075856391,1.4183888257123005
2,12,haar_random,seeqst_unifsize_l,7,4,100,5000,0.21137366598304325,0.6310971262737183
2,12,haar_random,seeqst_unifsize_l,7,4,100,10000,0.14818875059595196,0.40338882571230067
2,12,haar_random,seeqst_unifsize_l,7,4,100,25000,0.10273529652049564,0.34630618093649546
2,13,haar_random,pauli,7,4,100,10,0.08338462772612368,0.23326619363842907
2,13,haar_random,pauli,7,4,100,100,5.7962381514504875,43.774169247336175
2,13,haar_random,pauli,7,4,100,500,2.0640716399574015,8.782169247336194
2,13,haar_random,pauli,7,4,100,1000,1.392050980494963,4.420004676865322
2,13,haar_random,pauli,7,4,100,5000,0.46153647500505396,1.358204676865323
2,13,haar_random,pauli,7,4,100,10000,0.3955050635078784,1.1457445719531925
2,13,haar_random,pauli,7,4,100,25000,0.2585893652167747,0.8617233990113183
2,13,haar_random,clifford,7,4,100,10,3.16846176307342,13.03545036420333
2,13,haar_random,clifford,7,4,100,100,1.056901604689814,2.6281606456999986
2,13,haar_random,clifford,7,4,100,500,0.45527163881771604,1.3381606457000028
2,13,haar_random,clifford,7,4,100,1000,0.36252057592332365,1.0634126329637086
2,13,haar_random,clifford,7,4,100,5000,0.1595053687509505,0.44421263296371044
2,13,haar_random,clifford,7,4,100,10000,0.10952506666602684,0.32232339901131757
2,13,haar_random,clifford,7,4,100,25000,0.06408359211010459,0.21615715755074782
2,13,haar_random,seeqst_uniform,7,4,100,10,5.125947598705262,25.71407986666593
2,13,haar_random,seeqst_uniform,7,4,100,100,1.6034922684300477,5.116512724261629
2,13,haar_random,seeqst_uniform,7,4,100,500,0.8594182917060742,2.9862751468154096
2,13,haar_random,seeqst_uniform,7,4,100,1000,0.5592713402993175,2.1027498348045763
2,13,haar_random,seeqst_uniform,7,4,100,5000,0.25396551961466046,0.7227592306625168
2,13,haar_random,seeqst_uniform,7,4,100,10000,0.14608016805718518,0.396567840094054
2,13,haar_random,seeqst_uniform,7,4,100,25000,0.1058296048554614,0.30234296403321526
2,13,haar_random,seeqst_binomial,7,4,100,10,5.071567165345662,25.13501157593313
2,13,haar_random,seeqst_binomial,7,4,100,100,2.6964448953596087,17.520868994151314
2,13,haar_random,seeqst_binomial,7,4,100,500,0.8872695438685517,3.6224585513993164
2,13,haar_random,seeqst_binomial,7,4,100,1000,1.5471276731198673,12.19134417061229
2,13,haar_random,seeqst_binomial,7,4,100,5000,1.093118245311452,4.9871464207497
2,13,haar_random,seeqst_binomial,7,4,100,10000,0.5542394113979484,2.541488111711799
2,13,haar_random,seeqst_binomial,7,4,100,25000,0.36370961789510314,1.5632247880966388
2,13,haar_random,seeqst_unifsize_l,7,4,100,10,6.75352679463327,35.085724853184594
2,13,haar_random,seeqst_unifsize_l,7,4,100,100,1.5962529582819778,6.9658307526638
2,13,haar_random,seeqst_unifsize_l,7,4,100,500,0.6797490429245225,1.6973423391777684
2,13,haar_random,seeqst_unifsize_l,7,4,100,1000,0.48995946021011794,1.3658307526637998
2,13,haar_random,seeqst_unifsize_l,7,4,100,5000,0.23275330172913786,0.6518393542999932
2,13,haar_random,seeqst_unifsize_l,7,4,100,10000,0.1518256602822927,0.4094850963328779
2,13,haar_random,seeqst_unifsize_l,7,4,100,25000,0.0986064812775579,0.2944748391049777
2,14,haar_random,pauli,7,4,100,10,30.93556398304738,218.74665184113934
2,14,haar_random,pauli,7,4,100,100,4.899898407799208,21.935493964405094
2,14,haar_random,pauli,7,4,100,500,2.144569361135129,8.763152471767745
2,14,haar_random,pauli,7,4,100,1000,1.3491828517831654,6.563973956423113
2,14,haar_random,pauli,7,4,100,5000,0.5936617655616773,1.7962518411394328
2,14,haar_random,pauli,7,4,100,10000,0.424883804027163,0.8897969193843286
2,14,haar_random,pauli,7,4,100,25000,0.299672291494469,0.7056267319211524
2,14,haar_random,clifford,7,4,100,10,1.834821468845392,13.03545036420333
2,14,haar_random,clifford,7,4,100,100,1.0099728119857112,3.7543972601476345
2,14,haar_random,clifford,7,4,100,500,0.4785575352913831,1.5224984296557942
2,14,haar_random,clifford,7,4,100,1000,0.3920393083555794,1.0064984296557957
2,14,haar_random,clifford,7,4,100,5000,0.15632357167563432,0.4416247345705779
2,14,haar_random,clifford,7,4,100,10000,0.12623725628066515,0.3642247345705783
2,14,haar_random,clifford,7,4,100,25000,0.06759338552487375,0.2139200910527934
2,14,haar_random,seeqst_uniform,7,4,100,10,2.552068979512074,25.50673326807885
2,14,haar_random,seeqst_uniform,7,4,100,100,1.340265205327135,2.69251102380118
2,14,haar_random,seeqst_uniform,7,4,100,500,0.6343944903564823,1.671450364203386
2,14,haar_random,seeqst_uniform,7,4,100,1000,0.49057590720038075,1.415450364203386
2,14,haar_random,seeqst_uniform,7,4,100,5000,0.2236085969537203,0.6068513934063249
2,14,haar_random,seeqst_uniform,7,4,100,10000,0.15712524941442957,0.396567840094054
2,14,haar_random,seeqst_uniform,7,4,100,25000,0.10036670861020755,0.23003691938432888
2,14,haar_random,seeqst_binomial,7,4,100,10,2.5630907464662163,25.13501157593313
2,14,haar_random,seeqst_binomial,7,4,100,100,0.8085329016738273,5.170453951133942
2,14,haar_random,seeqst_binomial,7,4,100,500,0.7195570950654618,3.64092656202711
2,14,haar_random,seeqst_binomial,7,4,100,1000,2.1617513630638405,12.199055234334141
2,14,haar_random,seeqst_binomial,7,4,100,5000,0.8162151745322822,2.5704242371779524
2,14,haar_random,seeqst_binomial,7,4,100,10000,0.5399867654610424,2.4606801652587365
2,14,haar_random,seeqst_binomial,7,4,100,25000,0.26874522530663697,0.9473485594664953
2,14,haar_random,seeqst_unifsize_l,7,4,100,10,2.4434907872177094,7.194394576364391
2,14,haar_random,seeqst_unifsize_l,7,4,100,100,1.7157276323143271,4.335450364203386
2,14,haar_random,seeqst_unifsize_l,7,4,100,500,0.6469018895806872,2.103451018620661
2,14,haar_random,seeqst_unifsize_l,7,4,100,1000,0.6297860528757434,1.7906144404287303
2,14,haar_random,seeqst_unifsize_l,7,4,100,5000,0.243001769000766,0.6477138867162276
2,14,haar_random,seeqst_unifsize_l,7,4,100,10000,0.16661271805506045,0.4229739564231161
2,14,haar_random,seeqst_unifsize_l,7,4,100,25000,0.10820343999788949,0.3232363108553636
2,15,haar_random,pauli,7,4,100,10,0.09111836692742777,0.20730819816733453
2,15,haar_random,pauli,7,4,100,100,3.0870095243833617,21.935493964405094
2,15,haar_random,pauli,7,4,100,500,2.536368207901667,8.763152471767745
2,15,haar_random,pauli,7,4,100,1000,1.6830476422493112,6.393510715160684
2,15,haar_random,pauli,7,4,100,5000,0.6329812715241436,2.1305204442512022
2,15,haar_random,pauli,7,4,100,10000,0.39238429563154187,1.1366291254156935
2,15,haar_random,pauli,7,4,100,25000,0.3277277479512674,1.0807604442512024
2,15,haar_random,clifford,7,4,100,10,2.2372070931610386,12.921199908942752
2,15,haar_random,clifford,7,4,100,100,1.0662617093907556,2.6229477736111555
2,15,haar_random,clifford,7,4,100,500,0.45239996251388137,1.144451756188423
2,15,haar_random,clifford,7,4,100,1000,0.3565318254892504,0.9024512825195959
2,15,haar_random,clifford,7,4,100,5000,0.14616095590590852,0.4416247345705779
2,15,haar_random,clifford,7,4,100,10000,0.12872676242129003,0.3642247345705783
2,15,haar_random,clifford,7,4,100,25000,0.08562161476770719,0.213963399011318
2,15,haar_random,seeqst_uniform,7,4,100,10,6.301488735403752,25.780169912255385
2,15,haar_random,seeqst_uniform,7,4,100,100,1.7628187787812766,5.215189411999018
2,15,haar_random,seeqst_uniform,7,4,100,500,0.7313712898220447,2.5081189275479767
2,15,haar_random,seeqst_uniform,7,4,100,1000,0.5100073012014646,1.7741662423680138
2,15,haar_random,seeqst_uniform,7,4,100,5000,0.19562924776743787,0.4293030103917487
2,15,haar_random,seeqst_uniform,7,4,100,10000,0.1484273132734537,0.3781030103917487
2,15,haar_random,seeqst_uniform,7,4,100,25000,0.10787471179246909,0.3230323971634592
2,15,haar_random,seeqst_binomial,7,4,100,10,5.019766279991945,24.942620430010304
2,15,haar_random,seeqst_binomial,7,4,100,100,2.6499674032023948,17.520868994151314
2,15,haar_random,seeqst_binomial,7,4,100,500,1.2666621729930818,6.878643773450888
2,15,haar_random,seeqst_binomial,7,4,100,1000,0.955077102307188,5.131744981280958
2,15,haar_random,seeqst_binomial,7,4,100,5000,0.897903221479768,4.909150375707788
2,15,haar_random,seeqst_binomial,7,4,100,10000,0.6282193779988926,2.4634920666698874
2,15,haar_random,seeqst_binomial,7,4,100,25000,0.34182148390583367,1.4852287430547269
2,15,haar_random,seeqst_unifsize_l,7,4,100,10,3.9031287378473625,34.92367239716346
2,15,haar_random,seeqst_unifsize_l,7,4,100,100,1.3227534189016465,4.131016036565047
2,15,haar_random,seeqst_unifsize_l,7,4,100,500,0.7704909470397514,2.7821662423680134
2,15,haar_random,seeqst_unifsize_l,7,4,100,1000,0.569003071557081,1.7530247345705796
2,15,haar_random,seeqst_unifsize_l,7,4,100,5000,0.24853194238510762,0.6477138867162276
2,15,haar_random,seeqst_unifsize_l,7,4,100,10000,0.15928274827667507,0.4036893545751402
2,15,haar_random,seeqst_unifsize_l,7,4,100,25000,0.09977266494336384,0.2729408410154268
2,16,haar_random,pauli,7,4,100,10,0.08552021028449874,0.21385888017060953
2,16,haar_random,pauli,7,4,100,100,4.391852876451474,22.01458345207046
2,16,haar_random,pauli,7,4,100,500,2.2722458778618093,8.892583452070472
2,16,haar_random,pauli,7,4,100,1000,1.6720394786131632,6.530341035706438
2,16,haar_random,pauli,7,4,100,5000,0.6025113541499181,1.3873838860003547
2,16,haar_random,pauli,7,4,100,10000,0.5082853380512594,1.3609751793700064
2,16,haar_random,pauli,7,4,100,25000,0.30198834022434734,0.7172272005490715
2,16,haar_random,clifford,7,4,100,10,2.593270824179288,12.993636554235238
2,16,haar_random,clifford,7,4,100,100,1.0052414775978005,2.6229477736111555
2,16,haar_random,clifford,7,4,100,500,0.46608661115018424,1.3609112763364148
2,16,haar_random,clifford,7,4,100,1000,0.3772189747930913,1.1029112763364164
2,16,haar_random,clifford,7,4,100,5000,0.1552652637148311,0.39674650435865044
2,16,haar_random,clifford,7,4,100,10000,0.1195571614965393,0.33224650435865055
2,16,haar_random,clifford,7,4,100,25000,0.07101088548364155,0.2271434520704791
2,16,haar_random,seeqst_uniform,7,4,100,10,4.443637185393777,25.780169912255385
2,16,haar_random,seeqst_uniform,7,4,100,100,1.3283919514248197,2.740169912255384
2,16,haar_random,seeqst_uniform,7,4,100,500,0.7512658083563595,2.5081189275479767
2,16,haar_random,seeqst_uniform,7,4,100,1000,0.5155860555747217,1.4938588801706096
2,16,haar_random,seeqst_uniform,7,4,100,5000,0.19514472649932796,0.5753499059567649
2,16,haar_random,seeqst_uniform,7,4,100,10000,0.13740035502294748,0.3615156835106072
2,16,haar_random,seeqst_uniform,7,4,100,25000,0.09159368055450216,0.2702777455693881
2,16,haar_random,seeqst_binomial,7,4,100,10,2.7526924285373036,25.13501157593313
2,16,haar_random,seeqst_binomial,7,4,100,100,2.6097810968751722,17.520868994151314
2,16,haar_random,seeqst_binomial,7,4,100,500,1.139410383997053,6.878643773450888
2,16,haar_random,seeqst_binomial,7,4,100,1000,1.504852761369298,12.079578976619743
2,16,haar_random,seeqst_binomial,7,4,100,5000,1.0060804689412834,4.917701896602942
2,16,haar_random,seeqst_binomial,7,4,100,10000,0.8396423076015564,5.005866524032567
2,16,haar_random,seeqst_binomial,7,4,100,25000,0.38918984561560793,1.5918680946129105
2,16,haar_random,seeqst_unifsize_l,7,4,100,10,3.8932682772445633,34.95189471049907
2,16,haar_random,seeqst_unifsize_l,7,4,100,100,1.2752071512435574,3.6153986476792093
2,16,haar_random,seeqst_unifsize_l,7,4,100,500,0.7391118787990134,2.7143556662465214
2,16,haar_random,seeqst_unifsize_l,7,4,100,1000,0.5392327268971104,1.6643556662465213
2,16,haar_random,seeqst_unifsize_l,7,4,100,5000,0.20778241703591754,0.6310971262737183
2,16,haar_random,seeqst_unifsize_l,7,4,100,10000,0.14160094312312393,0.3542977608106803
2,16,haar_random,seeqst_unifsize_l,7,4,100,25000,0.1003252590790872,0.27858249324376405
2,17,haar_random,pauli,7,4,100,10,21.874819685313106,218.74665184113934
2,17,haar_random,pauli,7,4,100,100,7.26336551105749,21.943596285301734
2,17,haar_random,pauli,7,4,100,500,2.480246342305901,8.763152471767745
2,17,haar_random,pauli,7,4,100,1000,1.558965353883144,6.563973956423113
2,17,haar_random,pauli,7,4,100,5000,0.6402760335187261,1.8057939056786416
2,17,haar_random,pauli,7,4,100,10000,0.42624779746947405,1.1366291254156935
2,17,haar_random,pauli,7,4,100,25000,0.2936827916204958,0.6590118411394333
2,17,haar_random,clifford,7,4,100,10,3.6632953471302465,12.993636554235238
2,17,haar_random,clifford,7,4,100,100,1.1628039584591519,2.6229477736111555
2,17,haar_random,clifford,7,4,100,500,0.5846011110829898,1.6019909177273388
2,17,haar_random,clifford,7,4,100,1000,0.45330180938799786,1.2171939056786394
2,17,haar_random,clifford,7,4,100,5000,0.15817017853596693,0.44421263296371044
2,17,haar_random,clifford,7,4,100,10000,0.09323010489210093,0.29909091772734236
2,17,haar_random,clifford,7,4,100,25000,0.055311227322365736,0.1417109177273428
2,17,haar_random,seeqst_uniform,7,4,100,10,4.441675907565952,25.745548243811573
2,17,haar_random,seeqst_uniform,7,4,100,100,1.394565498006093,5.111753964069628
2,17,haar_random,seeqst_uniform,7,4,100,500,0.5987427997428233,1.5674126329637117
2,17,haar_random,seeqst_uniform,7,4,100,1000,0.5614649971081547,2.1027498348045763
2,17,haar_random,seeqst_uniform,7,4,100,5000,0.210354494047409,0.6691498348045766
2,17,haar_random,seeqst_uniform,7,4,100,10000,0.12055209839362645,0.34035282287514934
2,17,haar_random,seeqst_uniform,7,4,100,25000,0.0800052270973033,0.288212016205168
2,17,haar_random,seeqst_binomial,7,4,100,10,4.453712117900394,24.973039370176757
2,17,haar_random,seeqst_binomial,7,4,100,100,2.546312881544184,17.498215905494124
2,17,haar_random,seeqst_binomial,7,4,100,500,0.5316860555467007,3.4719011541900477
2,17,haar_random,seeqst_binomial,7,4,100,1000,1.3542306064777596,12.19134417061229
2,17,haar_random,seeqst_binomial,7,4,100,5000,0.6071861706957533,2.524664761281509
2,17,haar_random,seeqst_binomial,7,4,100,10000,0.6565548828696905,3.52307397272234
2,17,haar_random,seeqst_binomial,7,4,100,25000,0.37634729305619835,1.494166413826225
2,17,haar_random,seeqst_unifsize_l,7,4,100,10,5.287097652417374,35.03694737457722
2,17,haar_random,seeqst_unifsize_l,7,4,100,100,1.5205435863072012,6.962101411926315
2,17,haar_random,seeqst_unifsize_l,7,4,100,500,0.6930795030487947,2.7621014119263148
2,17,haar_random,seeqst_unifsize_l,7,4,100,1000,0.4795968363685255,1.712101411926315
2,17,haar_random,seeqst_unifsize_l,7,4,100,5000,0.23327178990257616,0.732101411926315
2,17,haar_random,seeqst_unifsize_l,7,4,100,10000,0.16256623568386663,0.4229739564231161
2,17,haar_random,seeqst_unifsize_l,7,4,100,25000,0.09079548253092219,0.20945128251959846
2,18,haar_random,pauli,7,4,100,10,21.874832848946035,218.74665184113934
2,18,haar_random,pauli,7,4,100,100,3.79396391715335,21.935493964405094
2,18,haar_random,pauli,7,4,100,500,2.3179260650722133,8.763152471767745
2,18,haar_random,pauli,7,4,100,1000,1.4853740390019166,4.389152471767746
2,18,haar_random,pauli,7,4,100,5000,0.6804191660877096,2.1305204442512022
2,18,haar_random,pauli,7,4,100,10000,0.4559812378643161,1.2011224626791241
2,18,haar_random,pauli,7,4,100,25000,0.31728548644421245,1.0807604442512024
2,18,haar_random,clifford,7,4,100,10,3.1622994730101497,12.993636554235238
2,18,haar_random,clifford,7,4,100,100,0.996360543110313,2.6229477736111555
2,18,haar_random,clifford,7,4,100,500,0.48734541691491456,1.5224984296557942
2,18,haar_random,clifford,7,4,100,1000,0.41539715172562064,1.0634126329637086
2,18,haar_random,clifford,7,4,100,5000,0.162475077011617,0.44421263296371044
2,18,haar_random,clifford,7,4,100,10000,0.10750978436962955,0.30164009105279294
2,18,haar_random,clifford,7,4,100,25000,0.07093141661550077,0.21615715755074782
2,18,haar_random,seeqst_uniform,7,4,100,10,2.559726136252302,25.58289233677375
2,18,haar_random,seeqst_uniform,7,4,100,100,1.4102486960188385,5.116512724261629
2,18,haar_random,seeqst_uniform,7,4,100,500,0.63709479990013,1.5674126329637117
2,18,haar_random,seeqst_uniform,7,4,100,1000,0.51375692733087,1.2733947008128497
2,18,haar_random,seeqst_uniform,7,4,100,5000,0.23551600953093604,0.8125947008128497
2,18,haar_random,seeqst_uniform,7,4,100,10000,0.160293824633221,0.5539861111884389
2,18,haar_random,seeqst_uniform,7,4,100,25000,0.10496856317566218,0.288212016205168
2,18,haar_random,seeqst_binomial,7,4,100,10,0.7965415834316195,3.582063354037361
2,18,haar_random,seeqst_binomial,7,4,100,100,2.566848693735235,17.498215905494124
2,18,haar_random,seeqst_binomial,7,4,100,500,2.6177971096223303,24.366051592650365
2,18,haar_random,seeqst_binomial,7,4,100,1000,1.4609662688687715,12.137760047460862
2,18,haar_random,seeqst_binomial,7,4,100,5000,0.7817320458737248,2.6501609147310154
2,18,haar_random,seeqst_binomial,7,4,100,10000,0.4897938466826964,2.269721573026918
2,18,haar_random,seeqst_binomial,7,4,100,25000,0.3919757555316066,1.9594845313630356
2,18,haar_random,seeqst_unifsize_l,7,4,100,10,3.68860760268011,34.813183291142366
2,18,haar_random,seeqst_unifsize_l,7,4,100,100,1.6097238648606935,4.225870937834874
2,18,haar_random,seeqst_unifsize_l,7,4,100,500,0.6425503841915478,2.0027638988419607
2,18,haar_random,seeqst_unifsize_l,7,4,100,1000,0.479410884978326,1.1393222693625922
2,18,haar_random,seeqst_unifsize_l,7,4,100,5000,0.2531676512188984,0.7776745352078861
2,18,haar_random,seeqst_unifsize_l,7,4,100,10000,0.16292880607802812,0.37471388671622763
2,18,haar_random,seeqst_unifsize_l,7,4,100,25000,0.09598702520495388,0.24889233677374814
2,19,haar_random,pauli,7,4,100,10,0.08905286482677659,0.23570056200719539
2,19,haar_random,pauli,7,4,100,100,4.878887344608458,21.935493964405094
2,19,haar_random,pauli,7,4,100,500,2.50548612857628,8.763152471767745
2,19,haar_random,pauli,7,4,100,1000,1.5419401817152436,4.477092882544011
2,19,haar_random,pauli,7,4,100,5000,0.6464138789972326,2.1305204442512022
2,19,haar_random,pauli,7,4,100,10000,0.417161183978029,1.1366291254156935
2,19,haar_random,pauli,7,4,100,25000,0.33827938795266754,1.0807604442512024
2,19,haar_random,clifford,7,4,100,10,2.8934516349979296,12.993636554235238
2,19,haar_random,clifford,7,4,100,100,1.096351100341947,2.7859866656522674
2,19,haar_random,clifford,7,4,100,500,0.48239146592539095,1.44187871891719
2,19,haar_random,clifford,7,4,100,1000,0.3798957412162289,1.0634126329637086
2,19,haar_random,clifford,7,4,100,5000,0.15569606983379927,0.44421263296371044
2,19,haar_random,clifford,7,4,100,10000,0.11176474110751249,0.32232339901131757
2,19,haar_random,clifford,7,4,100,25000,0.06782894616531421,0.213963399011318
2,19,haar_random,seeqst_uniform,7,4,100,10,6.788611570708456,25.780169912255385
2,19,haar_random,seeqst_uniform,7,4,100,100,1.6142465947204139,5.062455408544768
2,19,haar_random,seeqst_uniform,7,4,100,500,0.7175608690342714,1.650827637825496
2,19,haar_random,seeqst_uniform,7,4,100,1000,0.5511053324875834,1.250772016205168
2,19,haar_random,seeqst_uniform,7,4,100,5000,0.21862481492501326,0.5339720162051681
2,19,haar_random,seeqst_uniform,7,4,100,10000,0.1480206087805256,0.46801117428769934
2,19,haar_random,seeqst_uniform,7,4,100,25000,0.09771578487582352,0.288212016205168
2,19,haar_random,seeqst_binomial,7,4,100,10,3.629567446959492,25.13501157593313
2,19,haar_random,seeqst_binomial,7,4,100,100,1.9729914880598076,17.498215905494124
2,19,haar_random,seeqst_binomial,7,4,100,500,2.6664217309436506,24.411042694151718
2,19,haar_random,seeqst_binomial,7,4,100,1000,1.4439599260208362,12.182751148962213
2,19,haar_random,seeqst_binomial,7,4,100,5000,0.8013350749588092,2.528719931841792
2,19,haar_random,seeqst_binomial,7,4,100,10000,0.5744241952240857,2.428679892155598
2,19,haar_random,seeqst_binomial,7,4,100,25000,0.35492161265819094,1.3540997156993895
2,19,haar_random,seeqst_unifsize_l,7,4,100,10,4.325249567023005,34.956653634760436
2,19,haar_random,seeqst_unifsize_l,7,4,100,100,1.3560163107776335,3.6030928825440127
2,19,haar_random,seeqst_unifsize_l,7,4,100,500,0.7482886142124502,2.7588946622839576
2,19,haar_random,seeqst_unifsize_l,7,4,100,1000,0.5142769583705188,1.7088946622839578
2,19,haar_random,seeqst_unifsize_l,7,4,100,5000,0.2181017635076736,0.6477138867162276
2,19,haar_random,seeqst_unifsize_l,7,4,100,10000,0.16196724995183373,0.46167371798771906
2,19,haar_random,seeqst_unifsize_l,7,4,100,25000,0.1024266472140839,0.28451170561058015
2,20,haar_random,pauli,7,4,100,10,21.874857724953536,218.74665184113934
2,20,haar_random,pauli,7,4,100,100,4.3805680441269015,21.935493964405094
2,20,haar_random,pauli,7,4,100,500,1.6960290228413288,4.584680772912362
2,20,haar_random,pauli,7,4,100,1000,1.5206882074320016,6.530341035706438
2,20,haar_random,pauli,7,4,100,5000,0.6847138045535544,1.8572224626791238
2,20,haar_random,pauli,7,4,100,10000,0.49782341999384394,1.2383013418192106
2,20,haar_random,pauli,7,4,100,25000,0.3135975043756193,0.8617233990113183
2,20,haar_random,clifford,7,4,100,10,3.418193583279916,12.993636554235238
2,20,haar_random,clifford,7,4,100,100,1.064023667375452,2.643860685504041
2,20,haar_random,clifford,7,4,100,500,0.5681583508973329,1.2031945460498696
2,20,haar_random,clifford,7,4,100,1000,0.3837379749952258,0.9982400910527914
2,20,haar_random,clifford,7,4,100,5000,0.15072469360516066,0.3653810237688821
2,20,haar_random,clifford,7,4,100,10000,0.10459094997736926,0.32232339901131757
2,20,haar_random,clifford,7,4,100,25000,0.06701711287798104,0.213963399011318
2,20,haar_random,seeqst_uniform,7,4,100,10,6.304738129012301,25.80779505259926
2,20,haar_random,seeqst_uniform,7,4,100,100,1.355238634615682,2.7677950525992574
2,20,haar_random,seeqst_uniform,7,4,100,500,0.619141498212614,1.48506629604236
2,20,haar_random,seeqst_uniform,7,4,100,1000,0.46369653533050764,1.1413631819073287
2,20,haar_random,seeqst_uniform,7,4,100,5000,0.20288637885609218,0.585933806361571
2,20,haar_random,seeqst_uniform,7,4,100,10000,0.13882147330087488,0.33622335229850264
2,20,haar_random,seeqst_uniform,7,4,100,25000,0.08416992711797666,0.2702777455693881
2,20,haar_random,seeqst_binomial,7,4,100,10,3.621054556632888,24.942620430010304
2,20,haar_random,seeqst_binomial,7,4,100,100,0.8512262680879704,2.603855816383671
2,20,haar_random,seeqst_binomial,7,4,100,500,0.7873986687855549,3.5734708132099997
2,20,haar_random,seeqst_binomial,7,4,100,1000,1.850532101822441,12.199055234334141
2,20,haar_random,seeqst_binomial,7,4,100,5000,1.0440364189835258,4.917701896602942
2,20,haar_random,seeqst_binomial,7,4,100,10000,0.6573074558376079,3.694872742083992
2,20,haar_random,seeqst_binomial,7,4,100,25000,0.4055718186133153,1.4838090021321246
2,20,haar_random,seeqst_unifsize_l,7,4,100,10,5.160277637193271,35.05715220146863
2,20,haar_random,seeqst_unifsize_l,7,4,100,100,1.6859947509194289,6.938571403319439
2,20,haar_random,seeqst_unifsize_l,7,4,100,500,0.7300359173928468,2.7143556662465214
2,20,haar_random,seeqst_unifsize_l,7,4,100,1000,0.5398745910977603,1.6643556662465213
2,20,haar_random,seeqst_unifsize_l,7,4,100,5000,0.23495812786911943,0.6477138867162276
2,20,haar_random,seeqst_unifsize_l,7,4,100,10000,0.1682119075372416,0.3972385084384715
2,20,haar_random,seeqst_unifsize_l,7,4,100,25000,0.11109033551873823,0.3232363108553636
2,21,haar_random,pauli,7,4,100,10,21.87401513346099,218.7380702943723
2,21,haar_random,pauli,7,4,100,100,5.789369096604328,21.935493964405094
2,21,haar_random,pauli,7,4,100,500,2.6505890016750038,8.763152471767745
2,21,haar_random,pauli,7,4,100,1000,1.68771251154304,6.530341035706438
2,21,haar_random,pauli,7,4,100,5000,0.6746249161811811,2.1305204442512022
2,21,haar_random,pauli,7,4,100,10000,0.4613541113827841,1.2484946240095245
2,21,haar_random,pauli,7,4,100,25000,0.28848511344483035,1.0807604442512024
2,21,haar_random,clifford,7,4,100,10,2.8814689309061685,12.943814320104407
2,21,haar_random,clifford,7,4,100,100,0.9998413933852117,2.643860685504041
2,21,haar_random,clifford,7,4,100,500,0.527725014742812,1.3403685968342003
2,21,haar_random,clifford,7,4,100,1000,0.3030021221046608,0.6678863613950129
2,21,haar_random,clifford,7,4,100,5000,0.15943611496703627,0.36157402461956756
2,21,haar_random,clifford,7,4,100,10000,0.11417317620461122,0.3454634474368443
2,21,haar_random,clifford,7,4,100,25000,0.07155385146999817,0.21615715755074782
2,21,haar_random,seeqst_uniform,7,4,100,10,4.44577870192264,25.724384018966887
2,21,haar_random,seeqst_uniform,7,4,100,100,1.84583197384601,5.183705375990475
2,21,haar_random,seeqst_uniform,7,4,100,500,0.7106960249141037,2.120143995940441
2,21,haar_random,seeqst_uniform,7,4,100,1000,0.6152387061537726,1.5642024256015334
2,21,haar_random,seeqst_uniform,7,4,100,5000,0.22010076528045772,0.579586111188439
2,21,haar_random,seeqst_uniform,7,4,100,10000,0.14771690846203975,0.5539861111884389
2,21,haar_random,seeqst_uniform,7,4,100,25000,0.10326728722659002,0.2702777455693881
2,21,haar_random,seeqst_binomial,7,4,100,10,4.425344082953051,25.13501157593313
2,21,haar_random,seeqst_binomial,7,4,100,100,3.141910343728267,17.39924947262885
2,21,haar_random,seeqst_binomial,7,4,100,500,2.6792017938205883,24.68364291233938
2,21,haar_random,seeqst_binomial,7,4,100,1000,1.4640928253775929,12.455351367149875
2,21,haar_random,seeqst_binomial,7,4,100,5000,0.929707825481377,2.6727181309982715
2,21,haar_random,seeqst_binomial,7,4,100,10000,0.8101600234737489,3.7929605727470213
2,21,haar_random,seeqst_binomial,7,4,100,25000,0.46891709603720305,1.8843826512898798
2,21,haar_random,seeqst_unifsize_l,7,4,100,10,7.142521087330916,35.06804857865589
2,21,haar_random,seeqst_unifsize_l,7,4,100,100,1.5409153718689712,3.596197745569388
2,21,haar_random,seeqst_unifsize_l,7,4,100,500,0.6566625715557004,1.6132242436688182
2,21,haar_random,seeqst_unifsize_l,7,4,100,1000,0.4958312493965011,1.4032242436688183
2,21,haar_random,seeqst_unifsize_l,7,4,100,5000,0.20734265796472334,0.5576314031657955
2,21,haar_random,seeqst_unifsize_l,7,4,100,10000,0.13037465513976146,0.3236229205354767
2,21,haar_random,seeqst_unifsize_l,7,4,100,25000,0.10548688115623944,0.27689084064917463
2,22,haar_random,pauli,7,4,100,10,0.10885984475700866,0.25752968067810644
2,22,haar_random,pauli,7,4,100,100,4.386376889750364,22.067026969958853
2,22,haar_random,pauli,7,4,100,500,2.089990709326512,8.945026969958858
2,22,haar_random,pauli,7,4,100,1000,1.2942430090641628,4.5710269699588615
2,22,haar_random,pauli,7,4,100,5000,0.6059244896133559,2.1305204442512022
2,22,haar_random,pauli,7,4,100,10000,0.43005853824759116,1.1245263740943043
2,22,haar_random,pauli,7,4,100,25000,0.2943268607159526,1.0807604442512024
2,22,haar_random,clifford,7,4,100,10,3.156964150833862,12.993636554235238
2,22,haar_random,clifford,7,4,100,100,1.0609439140466348,2.6229477736111555
2,22,haar_random,clifford,7,4,100,500,0.5002054666648524,1.6019909177273388
2,22,haar_random,clifford,7,4,100,1000,0.39772621204755104,0.9837009737441488
2,22,haar_random,clifford,7,4,100,5000,0.17072573521182374,0.3893909177273422
2,22,haar_random,clifford,7,4,100,10000,0.12215308876587777,0.3454634474368443
2,22,haar_random,clifford,7,4,100,25000,0.07010908793361857,0.21615715755074782
2,22,haar_random,seeqst_uniform,7,4,100,10,7.261761169361471,25.780169912255385
2,22,haar_random,seeqst_uniform,7,4,100,100,1.4519984229326481,5.0889736259056955
2,22,haar_random,seeqst_uniform,7,4,100,500,0.5706631391989394,1.5111735828450021
2,22,haar_random,seeqst_uniform,7,4,100,1000,0.4181604370323871,1.0894939644051003
2,22,haar_random,seeqst_uniform,7,4,100,5000,0.20440787284488068,0.6988916556478735
2,22,haar_random,seeqst_uniform,7,4,100,10000,0.15396633982900823,0.36466162280389086
2,22,haar_random,seeqst_uniform,7,4,100,25000,0.09070082178646832,0.1998395557487973
2,22,haar_random,seeqst_binomial,7,4,100,10,0.7929821747878861,3.522151802245837
2,22,haar_random,seeqst_binomial,7,4,100,100,0.8035131906511574,2.603855816383671
2,22,haar_random,seeqst_binomial,7,4,100,500,3.5466037868204157,24.68364291233938
2,22,haar_random,seeqst_binomial,7,4,100,1000,1.9085725074045388,12.455351367149875
2,22,haar_random,seeqst_binomial,7,4,100,5000,1.0183493903668732,4.888587468199751
2,22,haar_random,seeqst_binomial,7,4,100,10000,0.7353585147968701,3.545596304268843
2,22,haar_random,seeqst_binomial,7,4,100,25000,0.4080709660420869,1.9609145929676908
2,22,haar_random,seeqst_unifsize_l,7,4,100,10,6.4295719113722045,34.950514021903835
2,22,haar_random,seeqst_unifsize_l,7,4,100,100,1.4268220152119524,6.950514021903839
2,22,haar_random,seeqst_unifsize_l,7,4,100,500,0.6327246283908932,2.6771088407119916
2,22,haar_random,seeqst_unifsize_l,7,4,100,1000,0.4222938416082885,0.9271088407119921
2,22,haar_random,seeqst_unifsize_l,7,4,100,5000,0.22095696033360238,0.6477138867162276
2,22,haar_random,seeqst_unifsize_l,7,4,100,10000,0.17474067093884105,0.6057009737441512
2,22,haar_random,seeqst_unifsize_l,7,4,100,25000,0.11174052824076183,0.2801318885862538
2,23,haar_random,pauli,7,4,100,10,21.87581098108569,218.75649225181908
2,23,haar_random,pauli,7,4,100,100,5.7930651271279325,21.935493964405094
2,23,haar_random,pauli,7,4,100,500,2.550500541568803,8.763152471767745
2,23,haar_random,pauli,7,4,100,1000,1.7107717394427622,6.563973956423113
2,23,haar_random,pauli,7,4,100,5000,0.5626147358460466,1.6989243409394161
2,23,haar_random,pauli,7,4,100,10000,0.46043585102815554,1.2484946240095245
2,23,haar_random,pauli,7,4,100,25000,0.2986075953732183,1.0235415420623664
2,23,haar_random,clifford,7,4,100,10,2.591415803936369,12.993636554235238
2,23,haar_random,clifford,7,4,100,100,1.077012088545655,2.6786348269412943
2,23,haar_random,clifford,7,4,100,500,0.4979200249788056,1.5224984296557942
2,23,haar_random,clifford,7,4,100,1000,0.3442637140973808,1.0064984296557957
2,23,haar_random,clifford,7,4,100,5000,0.1572437710669611,0.34423622181963637
2,23,haar_random,clifford,7,4,100,10000,0.1062171275298245,0.28278074255778707
2,23,haar_random,clifford,7,4,100,25000,0.06888295119893023,0.21615715755074782
2,23,haar_random,seeqst_uniform,7,4,100,10,6.293912668874391,25.80779505259926
2,23,haar_random,seeqst_uniform,7,4,100,100,1.668911290329087,7.722752254125382
2,23,haar_random,seeqst_uniform,7,4,100,500,0.6868098110733157,2.006721901155731
2,23,haar_random,seeqst_uniform,7,4,100,1000,0.4853855706922612,1.7741662423680138
2,23,haar_random,seeqst_uniform,7,4,100,5000,0.2438623043894968,0.6068513934063249
2,23,haar_random,seeqst_uniform,7,4,100,10000,0.15180594732469058,0.46801117428769934
2,23,haar_random,seeqst_uniform,7,4,100,25000,0.0937616588045034,0.26237337119838533
2,23,haar_random,seeqst_binomial,7,4,100,10,2.669696850161829,24.747901978399728
2,23,haar_random,seeqst_binomial,7,4,100,100,0.7781662086313172,2.5778182635759714
2,23,haar_random,seeqst_binomial,7,4,100,500,0.9953435745466401,3.5155314289382527
2,23,haar_random,seeqst_binomial,7,4,100,1000,0.7332180422085779,3.4719011541900477
2,23,haar_random,seeqst_binomial,7,4,100,5000,1.0016995316906692,4.909150375707788
2,23,haar_random,seeqst_binomial,7,4,100,10000,0.6822923597732106,2.504737510989449
2,23,haar_random,seeqst_binomial,7,4,100,25000,0.5192503733704623,1.8297800184287059
2,23,haar_random,seeqst_unifsize_l,7,4,100,10,4.487634704056762,35.05715220146863
2,23,haar_random,seeqst_unifsize_l,7,4,100,100,1.5354050154237788,4.225870937834874
2,23,haar_random,seeqst_unifsize_l,7,4,100,500,0.6664328378166245,2.7821662423680134
2,23,haar_random,seeqst_unifsize_l,7,4,100,1000,0.4605206544912591,1.4183888257123005
2,23,haar_random,seeqst_unifsize_l,7,4,100,5000,0.2103753201044063,0.49862292053547674
2,23,haar_random,seeqst_unifsize_l,7,4,100,10000,0.1697263092262964,0.48776160547732006
2,23,haar_random,seeqst_unifsize_l,7,4,100,25000,0.1126887885692357,0.3722896047031281
2,24,haar_random,pauli,7,4,100,10,0.07722631331033583,0.20598666565227453
2,24,haar_random,pauli,7,4,100,100,3.7821057748801348,21.935493964405094
2,24,haar_random,pauli,7,4,100,500,2.432683880694165,8.763152471767745
2,24,haar_random,pauli,7,4,100,1000,1.462747872030073,4.420004676865322
2,24,haar_random,pauli,7,4,100,5000,0.6954051419510455,2.1305204442512022
2,24,haar_random,pauli,7,4,100,10000,0.5364106907630692,1.5540575561889844
2,24,haar_random,pauli,7,4,100,25000,0.3048479332599546,1.0807604442512024
2,24,haar_random,clifford,7,4,100,10,3.155560433283947,25.76037618434431
2,24,haar_random,clifford,7,4,100,100,1.1380396655170257,2.7859866656522674
2,24,haar_random,clifford,7,4,100,500,0.4733595401999756,1.2031945460498696
2,24,haar_random,clifford,7,4,100,1000,0.3752876150128851,0.8249235046713139
2,24,haar_random,clifford,7,4,100,5000,0.17410469206856832,0.4416247345705779
2,24,haar_random,clifford,7,4,100,10000,0.1151421691778558,0.3642247345705783
2,24,haar_random,clifford,7,4,100,25000,0.06109827502298899,0.21615715755074782
2,24,haar_random,seeqst_uniform,7,4,100,10,4.441264302538769,25.67952568577386
2,24,haar_random,seeqst_uniform,7,4,100,100,1.544290290486846,5.163220835343157
2,24,haar_random,seeqst_uniform,7,4,100,500,0.7042062157780117,2.091220835343157
2,24,haar_random,seeqst_uniform,7,4,100,1000,0.43436929423463616,1.579220835343157
2,24,haar_random,seeqst_uniform,7,4,100,5000,0.23452247259156023,0.6068513934063249
2,24,haar_random,seeqst_uniform,7,4,100,10000,0.13928292343511023,0.33622335229850264
2,24,haar_random,seeqst_uniform,7,4,100,25000,0.09904419679109124,0.2255353855737745
2,24,haar_random,seeqst_binomial,7,4,100,10,2.821318108607369,25.13501157593313
2,24,haar_random,seeqst_binomial,7,4,100,100,0.7120113734342571,5.170453951133942
2,24,haar_random,seeqst_binomial,7,4,100,500,0.8572846105374075,3.5155314289382527
2,24,haar_random,seeqst_binomial,7,4,100,1000,0.7163094642033716,3.3778413748703477
2,24,haar_random,seeqst_binomial,7,4,100,5000,1.0244131449665541,4.91478275982225
2,24,haar_random,seeqst_binomial,7,4,100,10000,0.6662680267999118,3.7929605727470213
2,24,haar_random,seeqst_binomial,7,4,100,25000,0.36946428806801473,1.9594845313630356
2,24,haar_random,seeqst_unifsize_l,7,4,100,10,5.291962860855441,35.00998461442622
2,24,haar_random,seeqst_unifsize_l,7,4,100,100,1.6865293152458816,6.962101411926315
2,24,haar_random,seeqst_unifsize_l,7,4,100,500,0.8107491898679127,2.7621014119263148
2,24,haar_random,seeqst_unifsize_l,7,4,100,1000,0.5883381734552111,1.7530247345705796
2,24,haar_random,seeqst_unifsize_l,7,4,100,5000,0.2246253207909557,0.732101411926315
2,24,haar_random,seeqst_unifsize_l,7,4,100,10000,0.14777784462494728,0.5009562094695107
2,24,haar_random,seeqst_unifsize_l,7,4,100,25000,0.10651164469567466,0.27858249324376405
2,25,haar_random,pauli,7,4,100,10,21.87481884688159,218.74665184113934
2,25,haar_random,pauli,7,4,100,100,4.373278715290835,21.935493964405094
2,25,haar_random,pauli,7,4,100,500,2.428736281545047,8.763152471767745
2,25,haar_random,pauli,7,4,100,1000,1.4290582682097308,4.420004676865322
2,25,haar_random,pauli,7,4,100,5000,0.6309974745831815,1.7962518411394328
2,25,haar_random,pauli,7,4,100,10000,0.44860082478943913,1.2888735014521493
2,25,haar_random,pauli,7,4,100,25000,0.29486959426693243,0.7092435046713162
2,25,haar_random,clifford,7,4,100,10,4.28770599645774,25.76037618434431
2,25,haar_random,clifford,7,4,100,100,1.1497568408184595,2.6727081865546074
2,25,haar_random,clifford,7,4,100,500,0.5044038503048022,1.44187871891719
2,25,haar_random,clifford,7,4,100,1000,0.38367210823199804,1.0548787189171909
2,25,haar_random,clifford,7,4,100,5000,0.1581470537333782,0.36157402461956756
2,25,haar_random,clifford,7,4,100,10000,0.1050231765596727,0.2820051479181451
2,25,haar_random,clifford,7,4,100,25000,0.06040413901217367,0.21615715755074782
2,25,haar_random,seeqst_uniform,7,4,100,10,6.268848677353196,25.780169912255385
2,25,haar_random,seeqst_uniform,7,4,100,100,1.3925023072205087,5.073995323134676
2,25,haar_random,seeqst_uniform,7,4,100,500,0.6946450983086279,1.671450364203386
2,25,haar_random,seeqst_uniform,7,4,100,1000,0.49967942954968425,1.415450364203386
2,25,haar_random,seeqst_uniform,7,4,100,5000,0.21916936846596147,0.570050169313528
2,25,haar_random,seeqst_uniform,7,4,100,10000,0.13989922465959367,0.4354954005491481
2,25,haar_random,seeqst_uniform,7,4,100,25000,0.10160453461813765,0.2702777455693881
2,25,haar_random,seeqst_binomial,7,4,100,10,2.605588013137206,24.810148787187416
2,25,haar_random,seeqst_binomial,7,4,100,100,3.546028022461257,34.937680442849434
2,25,haar_random,seeqst_binomial,7,4,100,500,0.9872419159343043,6.987299768130569
2,25,haar_random,seeqst_binomial,7,4,100,1000,1.4806491455311337,12.171772944019988
2,25,haar_random,seeqst_binomial,7,4,100,5000,0.9281051156684998,4.937794763788562
2,25,haar_random,seeqst_binomial,7,4,100,10000,0.6033580010315809,2.583449777890161
2,25,haar_random,seeqst_binomial,7,4,100,25000,0.44905490652205726,2.094318116082581
2,25,haar_random,seeqst_unifsize_l,7,4,100,10,5.59590030424371,35.00998461442622
2,25,haar_random,seeqst_unifsize_l,7,4,100,100,1.8917539416182718,6.901429729617806
2,25,haar_random,seeqst_unifsize_l,7,4,100,500,0.7654858116380464,2.7535218542872393
2,25,haar_random,seeqst_unifsize_l,7,4,100,1000,0.5400315373178775,1.7906144404287303
2,25,haar_random,seeqst_unifsize_l,7,4,100,5000,0.20525297379751492,0.5839953231346763
2,25,haar_random,seeqst_unifsize_l,7,4,100,10000,0.152519114283242,0.4331862035397721
2,25,haar_random,seeqst_unifsize_l,7,4,100,25000,0.1015848603525622,0.2729408410154268
2,26,haar_random,pauli,7,4,100,10,21.874863590569696,218.74665184113934
2,26,haar_random,pauli,7,4,100,100,5.349211698970153,21.916651841139423
2,26,haar_random,pauli,7,4,100,500,1.6910059808040072,8.750973956423111
2,26,haar_random,pauli,7,4,100,1000,1.1375076348997601,6.563973956423113
2,26,haar_random,pauli,7,4,100,5000,0.5870071055802061,1.8185839634349528
2,26,haar_random,pauli,7,4,100,10000,0.43884495627032294,1.0832812490453683
2,26,haar_random,pauli,7,4,100,25000,0.2980068478859676,0.8617233990113183
2,26,haar_random,clifford,7,4,100,10,3.8920550687280078,13.025240586418557
2,26,haar_random,clifford,7,4,100,100,1.1136236396138415,2.6693815323865655
2,26,haar_random,clifford,7,4,100,500,0.5335641379769823,1.5224984296557942
2,26,haar_random,clifford,7,4,100,1000,0.4116644966931411,1.0634126329637086
2,26,haar_random,clifford,7,4,100,5000,0.15300579593494837,0.44421263296371044
2,26,haar_random,clifford,7,4,100,10000,0.10998136061648243,0.33224650435865055
2,26,haar_random,clifford,7,4,100,25000,0.0748190817794052,0.213963399011318
2,26,haar_random,seeqst_uniform,7,4,100,10,3.6312610952025426,25.780169912255385
2,26,haar_random,seeqst_uniform,7,4,100,100,1.4778122861702299,5.155171932929599
2,26,haar_random,seeqst_uniform,7,4,100,500,0.7860070290324123,2.5951719329295986
2,26,haar_random,seeqst_uniform,7,4,100,1000,0.5061327751144055,1.7071689181561174
2,26,haar_random,seeqst_uniform,7,4,100,5000,0.2228135982617534,0.6097037121281228
2,26,haar_random,seeqst_uniform,7,4,100,10000,0.17386604764401195,0.5039689181561172
2,26,haar_random,seeqst_uniform,7,4,100,25000,0.10048564282789256,0.2889036517132596
2,26,haar_random,seeqst_binomial,7,4,100,10,2.5207301462348246,24.942620430010304
2,26,haar_random,seeqst_binomial,7,4,100,100,1.8096372751716077,17.343555325522743
2,26,haar_random,seeqst_binomial,7,4,100,500,0.5203926394911238,3.36836498816331
2,26,haar_random,seeqst_binomial,7,4,100,1000,0.785569055738759,3.4594813953946377
2,26,haar_random,seeqst_binomial,7,4,100,5000,1.0012764664091065,4.795072065556951
2,26,haar_random,seeqst_binomial,7,4,100,10000,0.7327540169701806,3.824208546386753
2,26,haar_random,seeqst_binomial,7,4,100,25000,0.4222916863631994,1.9594845313630356
2,26,haar_random,seeqst_unifsize_l,7,4,100,10,3.8988718350966556,34.94204943177801
2,26,haar_random,seeqst_unifsize_l,7,4,100,100,2.066840063972025,7.084831081843883
2,26,haar_random,seeqst_unifsize_l,7,4,100,500,0.6669596675213588,2.7588946622839576
2,26,haar_random,seeqst_unifsize_l,7,4,100,1000,0.5064885643488032,1.7088946622839578
2,26,haar_random,seeqst_unifsize_l,7,4,100,5000,0.212419989707028,0.7046962878718771
2,26,haar_random,seeqst_unifsize_l,7,4,100,10000,0.1743367241966528,0.439244191193937
2,26,haar_random,seeqst_unifsize_l,7,4,100,25000,0.10798688557412883,0.3826962878718771
2,27,haar_random,pauli,7,4,100,10,21.874844508853663,218.74665184113934
2,27,haar_random,pauli,7,4,100,100,5.365983313916771,21.935493964405094
2,27,haar_random,pauli,7,4,100,500,2.187425989718249,8.763152471767745
2,27,haar_random,pauli,7,4,100,1000,1.5860176068794438,6.530341035706438
2,27,haar_random,pauli,7,4,100,5000,0.6295331499087654,1.7962518411394328
2,27,haar_random,pauli,7,4,100,10000,0.44761473821572784,1.1366291254156935
2,27,haar_random,pauli,7,4,100,25000,0.2928437470207686,0.7892616058100422
2,27,haar_random,clifford,7,4,100,10,3.183248504892523,13.06310021308096
2,27,haar_random,clifford,7,4,100,100,1.0730591729451093,2.7859866656522674
2,27,haar_random,clifford,7,4,100,500,0.5421009933620322,1.4112142774337857
2,27,haar_random,clifford,7,4,100,1000,0.3698561908497136,1.0634126329637086
2,27,haar_random,clifford,7,4,100,5000,0.17367268022490778,0.44421263296371044
2,27,haar_random,clifford,7,4,100,10000,0.10167752034502653,0.2789410357064397
2,27,haar_random,clifford,7,4,100,25000,0.07125724193197745,0.19460215230015185
2,27,haar_random,seeqst_uniform,7,4,100,10,6.290773155879082,25.780169912255385
2,27,haar_random,seeqst_uniform,7,4,100,100,1.4955680767735686,5.058517107334252
2,27,haar_random,seeqst_uniform,7,4,100,500,0.6779260151470429,1.6603840189668848
2,27,haar_random,seeqst_uniform,7,4,100,1000,0.5534014024499164,1.498101411926315
2,27,haar_random,seeqst_uniform,7,4,100,5000,0.24561812056305832,0.6988916556478735
2,27,haar_random,seeqst_uniform,7,4,100,10000,0.1400655681348874,0.396567840094054
2,27,haar_random,seeqst_uniform,7,4,100,25000,0.09232370874580073,0.23380746607108777
2,27,haar_random,seeqst_binomial,7,4,100,10,2.768838003076111,24.810148787187416
2,27,haar_random,seeqst_binomial,7,4,100,100,0.772178781995513,4.9368568395984145
2,27,haar_random,seeqst_binomial,7,4,100,500,0.7649546696056682,3.4719011541900477
2,27,haar_random,seeqst_binomial,7,4,100,1000,0.6353966893093914,3.4719011541900477
2,27,haar_random,seeqst_binomial,7,4,100,5000,0.6294023946152615,2.4672352751813067
2,27,haar_random,seeqst_binomial,7,4,100,10000,0.5209181212845925,2.5568199608504534
2,27,haar_random,seeqst_binomial,7,4,100,25000,0.3094801983558003,1.578556637235293
2,27,haar_random,seeqst_unifsize_l,7,4,100,10,3.9090841262099802,35.05715220146863
2,27,haar_random,seeqst_unifsize_l,7,4,100,100,1.6737878792870882,6.962101411926315
2,27,haar_random,seeqst_unifsize_l,7,4,100,500,0.6454611781651307,2.7621014119263148
2,27,haar_random,seeqst_unifsize_l,7,4,100,1000,0.48684036124736874,1.7906144404287303
2,27,haar_random,seeqst_unifsize_l,7,4,100,5000,0.21270129484956624,0.732101411926315
2,27,haar_random,seeqst_unifsize_l,7,4,100,10000,0.1442942748733187,0.29873621462014416
2,27,haar_random,seeqst_unifsize_l,7,4,100,25000,0.08822686597427273,0.2366144404287302
2,28,haar_random,pauli,7,4,100,10,0.08715892136038184,0.2660112030309202
2,28,haar_random,pauli,7,4,100,100,4.9040244764998695,21.944519105744938
2,28,haar_random,pauli,7,4,100,500,2.322020132178186,8.763152471767745
2,28,haar_random,pauli,7,4,100,1000,1.562093851393864,6.510066296042357
2,28,haar_random,pauli,7,4,100,5000,0.6047751995352705,1.8185839634349528
2,28,haar_random,pauli,7,4,100,10000,0.4413773327846358,1.458052096264469
2,28,haar_random,pauli,7,4,100,25000,0.30031767125860565,0.8617233990113183
2,28,haar_random,clifford,7,4,100,10,3.658195255112915,13.03545036420333
2,28,haar_random,clifford,7,4,100,100,1.2964236404797045,5.055306495385376
2,28,haar_random,clifford,7,4,100,500,0.5535726132105863,1.3413321531084608
2,28,haar_random,clifford,7,4,100,1000,0.4128441070826867,0.9982400910527914
2,28,haar_random,clifford,7,4,100,5000,0.16870930048537083,0.39674650435865044
2,28,haar_random,clifford,7,4,100,10000,0.12582660199504192,0.33224650435865055
2,28,haar_random,clifford,7,4,100,25000,0.07321847992319926,0.213963399011318
2,28,haar_random,seeqst_uniform,7,4,100,10,5.122725746055188,25.67952568577386
2,28,haar_random,seeqst_uniform,7,4,100,100,1.076715667059524,2.632847903735531
2,28,haar_random,seeqst_uniform,7,4,100,500,0.6853182702733551,1.671450364203386
2,28,haar_random,seeqst_uniform,7,4,100,1000,0.5369502805688892,1.415450364203386
2,28,haar_random,seeqst_uniform,7,4,100,5000,0.24048206723582125,0.8125947008128497
2,28,haar_random,seeqst_uniform,7,4,100,10000,0.150704351912601,0.5539861111884389
2,28,haar_random,seeqst_uniform,7,4,100,25000,0.10301829106053034,0.32772213129101035
2,28,haar_random,seeqst_binomial,7,4,100,10,5.058925843770461,25.13501157593313
2,28,haar_random,seeqst_binomial,7,4,100,100,1.0104348006233235,5.170453951133942
2,28,haar_random,seeqst_binomial,7,4,100,500,0.6744917854141349,3.4719011541900477
2,28,haar_random,seeqst_binomial,7,4,100,1000,1.4255846650872774,12.177240068680284
2,28,haar_random,seeqst_binomial,7,4,100,5000,0.7295285467404705,2.5195141057186485
2,28,haar_random,seeqst_binomial,7,4,100,10000,0.5644009914276483,2.5201774147828533
2,28,haar_random,seeqst_binomial,7,4,100,25000,0.3319057354001691,1.3126131904305476
2,28,haar_random,seeqst_unifsize_l,7,4,100,10,5.673028422628303,35.05105147650922
2,28,haar_random,seeqst_unifsize_l,7,4,100,100,1.584479526718811,4.335450364203386
2,28,haar_random,seeqst_unifsize_l,7,4,100,500,0.7343752631278397,2.2046935046146094
2,28,haar_random,seeqst_unifsize_l,7,4,100,1000,0.5038691421166336,1.4032242436688183
2,28,haar_random,seeqst_unifsize_l,7,4,100,5000,0.19719000543697657,0.4681862035397721
2,28,haar_random,seeqst_unifsize_l,7,4,100,10000,0.14464998799804668,0.4331862035397721
2,28,haar_random,seeqst_unifsize_l,7,4,100,25000,0.0932590616399539,0.20699787548873497
2,29,haar_random,pauli,7,4,100,10,21.874876568686943,218.74665184113934
2,29,haar_random,pauli,7,4,100,100,4.891227038059971,22.01458345207046
2,29,haar_random,pauli,7,4,100,500,1.8671299210564354,8.892583452070472
2,29,haar_random,pauli,7,4,100,1000,1.3369712448479552,4.518583452070476
2,29,haar_random,pauli,7,4,100,5000,0.6915707980535304,1.8572224626791238
2,29,haar_random,pauli,7,4,100,10000,0.5310286154382952,1.3609751793700064
2,29,haar_random,pauli,7,4,100,25000,0.3013715047561555,0.7220843665440235
2,29,haar_random,clifford,7,4,100,10,3.1645004795627143,13.03545036420333
2,29,haar_random,clifford,7,4,100,100,1.139803554307008,3.6837250041561505
2,29,haar_random,clifford,7,4,100,500,0.5368351380547506,1.6197250041561588
2,29,haar_random,clifford,7,4,100,1000,0.4092291384667711,1.1029112763364164
2,29,haar_random,clifford,7,4,100,5000,0.16117748182915395,0.44421263296371044
2,29,haar_random,clifford,7,4,100,10000,0.11707963378909389,0.3642247345705783
2,29,haar_random,clifford,7,4,100,25000,0.06575812146926469,0.2271434520704791
2,29,haar_random,seeqst_uniform,7,4,100,10,3.6110329865506956,25.55389668981099
2,29,haar_random,seeqst_uniform,7,4,100,100,1.4602323789440705,5.0139780754303365
2,29,haar_random,seeqst_uniform,7,4,100,500,0.718400740640264,1.671450364203386
2,29,haar_random,seeqst_uniform,7,4,100,1000,0.4830543551604883,1.415450364203386
2,29,haar_random,seeqst_uniform,7,4,100,5000,0.2078076127327726,0.5081702703821936
2,29,haar_random,seeqst_uniform,7,4,100,10000,0.1557675727937173,0.40609381906350456
2,29,haar_random,seeqst_uniform,7,4,100,25000,0.09125176524792818,0.23380746607108777
2,29,haar_random,seeqst_binomial,7,4,100,10,0.5099099361010773,3.582063354037361
2,29,haar_random,seeqst_binomial,7,4,100,100,1.8709086568358981,17.491232288243314
2,29,haar_random,seeqst_binomial,7,4,100,500,2.674698532242535,24.5715804166384
2,29,haar_random,seeqst_binomial,7,4,100,1000,1.9285622076219955,12.433796833257091
2,29,haar_random,seeqst_binomial,7,4,100,5000,0.9227821819073588,4.813240122747119
2,29,haar_random,seeqst_binomial,7,4,100,10000,0.6040763861903778,2.651163597105487
2,29,haar_random,seeqst_binomial,7,4,100,25000,0.3540884627881817,1.578556637235293
2,29,haar_random,seeqst_unifsize_l,7,4,100,10,4.524862540064984,34.794494711932415
2,29,haar_random,seeqst_unifsize_l,7,4,100,100,1.8006130134637108,7.041387145069365
2,29,haar_random,seeqst_unifsize_l,7,4,100,500,0.751409933450837,2.10302473457058
2,29,haar_random,seeqst_unifsize_l,7,4,100,1000,0.5044860156476191,1.7530247345705796
2,29,haar_random,seeqst_unifsize_l,7,4,100,5000,0.21890027443027837,0.6013871450693653
2,29,haar_random,seeqst_unifsize_l,7,4,100,10000,0.1545175304072328,0.42638714506936526
2,29,haar_random,seeqst_unifsize_l,7,4,100,25000,0.10595002411768287,0.34630618093649546
2,30,haar_random,pauli,7,4,100,10,0.09057972795066808,0.21641482531003473
2,30,haar_random,pauli,7,4,100,100,4.383880864656294,21.943596285301734
2,30,haar_random,pauli,7,4,100,500,2.138985922808281,8.763152471767745
2,30,haar_random,pauli,7,4,100,1000,1.2689947080904962,4.389152471767746
2,30,haar_random,pauli,7,4,100,5000,0.6235046872318653,2.1305204442512022
2,30,haar_random,pauli,7,4,100,10000,0.4470104189281671,1.2484946240095245
2,30,haar_random,pauli,7,4,100,25000,0.28966880996664646,1.0807604442512024
2,30,haar_random,clifford,7,4,100,10,3.171184735384754,12.993636554235238
2,30,haar_random,clifford,7,4,100,100,1.234450135642559,2.6786348269412943
2,30,haar_random,clifford,7,4,100,500,0.5264441176118464,1.5224984296557942
2,30,haar_random,clifford,7,4,100,1000,0.35928111016455994,1.0064984296557957
2,30,haar_random,clifford,7,4,100,5000,0.16291237052704977,0.38912718107239525
2,30,haar_random,clifford,7,4,100,10000,0.11726736782016729,0.32232339901131757
2,30,haar_random,clifford,7,4,100,25000,0.07399415434394091,0.213963399011318
2,30,haar_random,seeqst_uniform,7,4,100,10,7.6918549966130625,25.80779505259926
2,30,haar_random,seeqst_uniform,7,4,100,100,1.631633466967786,5.183705375990475
2,30,haar_random,seeqst_uniform,7,4,100,500,0.6888573819942558,2.5081189275479767
2,30,haar_random,seeqst_uniform,7,4,100,1000,0.48415884657834396,1.2891613717315291
2,30,haar_random,seeqst_uniform,7,4,100,5000,0.23644263200033883,0.6196555425164578
2,30,haar_random,seeqst_uniform,7,4,100,10000,0.1470978309992696,0.3971249126156705
2,30,haar_random,seeqst_uniform,7,4,100,25000,0.10318732117135623,0.288212016205168
2,30,haar_random,seeqst_binomial,7,4,100,10,5.662193874249001,25.13501157593313
2,30,haar_random,seeqst_binomial,7,4,100,100,3.173212479292341,17.520868994151314
2,30,haar_random,seeqst_binomial,7,4,100,500,2.6185405171034795,24.39225817776334
2,30,haar_random,seeqst_binomial,7,4,100,1000,1.4603275413154335,12.163966632573834
2,30,haar_random,seeqst_binomial,7,4,100,5000,0.8563819096460193,4.914292030233042
2,30,haar_random,seeqst_binomial,7,4,100,10000,0.57416441976508,2.536335224886192
2,30,haar_random,seeqst_binomial,7,4,100,25000,0.42155009492408113,1.9594845313630356
2,30,haar_random,seeqst_unifsize_l,7,4,100,10,6.37955340753633,35.0537271810724
2,30,haar_random,seeqst_unifsize_l,7,4,100,100,1.379241256518531,4.174498429655799
2,30,haar_random,seeqst_unifsize_l,7,4,100,500,0.669118784504458,2.0176769815049016
2,30,haar_random,seeqst_unifsize_l,7,4,100,1000,0.46426604593438736,1.3559836808239951
2,30,haar_random,seeqst_unifsize_l,7,4,100,5000,0.21954310815982178,0.6559836808239953
2,30,haar_random,seeqst_unifsize_l,7,4,100,10000,0.15526495454609576,0.3972385084384715
2,30,haar_random,seeqst_unifsize_l,7,4,100,25000,0.10420837690895872,0.27157726275246397
2,31,haar_random,pauli,7,4,100,10,0.08928268667965798,0.21641482531003473
2,31,haar_random,pauli,7,4,100,100,3.091289652307068,21.935493964405094
2,31,haar_random,pauli,7,4,100,500,1.9013540371449769,4.453302712554993
2,31,haar_random,pauli,7,4,100,1000,1.260125425437955,4.4050263740943025
2,31,haar_random,pauli,7,4,100,5000,0.5585687448037564,2.1624722078871494
2,31,haar_random,pauli,7,4,100,10000,0.4244877097333588,1.1245263740943043
2,31,haar_random,pauli,7,4,100,25000,0.3101651372117739,0.8617233990113183
2,31,haar_random,clifford,7,4,100,10,2.6022667590166986,13.03545036420333
2,31,haar_random,clifford,7,4,100,100,0.9328146688036586,2.6229477736111555
2,31,haar_random,clifford,7,4,100,500,0.43837274835598733,1.0807945512282449
2,31,haar_random,clifford,7,4,100,1000,0.3702190023481561,1.0634126329637086
2,31,haar_random,clifford,7,4,100,5000,0.18251512415504278,0.44421263296371044
2,31,haar_random,clifford,7,4,100,10000,0.10754613812117517,0.32232339901131757
2,31,haar_random,clifford,7,4,100,25000,0.06867125007889248,0.21615715755074782
2,31,haar_random,seeqst_uniform,7,4,100,10,5.743240619688755,25.780169912255385
2,31,haar_random,seeqst_uniform,7,4,100,100,1.8889786781571676,5.215189411999018
2,31,haar_random,seeqst_uniform,7,4,100,500,0.8824581715806111,2.5951719329295986
2,31,haar_random,seeqst_uniform,7,4,100,1000,0.5767982012764692,1.7741662423680138
2,31,haar_random,seeqst_uniform,7,4,100,5000,0.22513900891311536,0.6068513934063249
2,31,haar_random,seeqst_uniform,7,4,100,10000,0.16130861417567655,0.5039689181561172
2,31,haar_random,seeqst_uniform,7,4,100,25000,0.10029985962432023,0.24019225982335857
2,31,haar_random,seeqst_binomial,7,4,100,10,4.425618600814693,24.973039370176757
2,31,haar_random,seeqst_binomial,7,4,100,100,0.8236237736193319,4.89594999420078
2,31,haar_random,seeqst_binomial,7,4,100,500,2.622754738012197,24.366051592650365
2,31,haar_random,seeqst_binomial,7,4,100,1000,1.837545368999239,12.211038577152799
2,31,haar_random,seeqst_binomial,7,4,100,5000,1.0797592259378006,4.909150375707788
2,31,haar_random,seeqst_binomial,7,4,100,10000,0.736165965815079,2.536335224886192
2,31,haar_random,seeqst_binomial,7,4,100,25000,0.4845026787313872,1.5264741873742886
2,31,haar_random,seeqst_unifsize_l,7,4,100,10,4.322181823621396,34.95189471049907
2,31,haar_random,seeqst_unifsize_l,7,4,100,100,1.6791333345270398,7.084831081843883
2,31,haar_random,seeqst_unifsize_l,7,4,100,500,0.8016799818270649,2.7821662423680134
2,31,haar_random,seeqst_unifsize_l,7,4,100,1000,0.5155568419000154,1.4183888257123005
2,31,haar_random,seeqst_unifsize_l,7,4,100,5000,0.19348298334168101,0.43838882571230064
2,31,haar_random,seeqst_unifsize_l,7,4,100,10000,0.16843891598670746,0.4542394933938165
2,31,haar_random,seeqst_unifsize_l,7,4,100,25000,0.10297480334937663,0.2738947104990673
2,32,haar_random,pauli,7,4,100,10,0.10158189893529898,0.2660112030309202
2,32,haar_random,pauli,7,4,100,100,3.7819571866722526,21.935493964405094
2,32,haar_random,pauli,7,4,100,500,2.619208047871057,8.763152471767745
2,32,haar_random,pauli,7,4,100,1000,1.5881741035023726,6.566088574560649
2,32,haar_random,pauli,7,4,100,5000,0.584916417039795,2.1305204442512022
2,32,haar_random,pauli,7,4,100,10000,0.41115823175249216,1.090663447436845
2,32,haar_random,pauli,7,4,100,25000,0.32163766366232177,1.0807604442512024
2,32,haar_random,clifford,7,4,100,10,2.8903286500501744,13.06310021308096
2,32,haar_random,clifford,7,4,100,100,1.0449862979172622,2.6229477736111555
2,32,haar_random,clifford,7,4,100,500,0.5573422596778903,1.384899786919007
2,32,haar_random,clifford,7,4,100,1000,0.37388341266040065,0.824269239684129
2,32,haar_random,clifford,7,4,100,5000,0.16456805017179965,0.4331470233645633
2,32,haar_random,clifford,7,4,100,10000,0.11480322729032852,0.3454634474368443
2,32,haar_random,clifford,7,4,100,25000,0.07352887930228648,0.2206205692390243
2,32,haar_random,seeqst_uniform,7,4,100,10,5.1426298290852825,25.780169912255385
2,32,haar_random,seeqst_uniform,7,4,100,100,1.5764878654359655,5.215189411999018
2,32,haar_random,seeqst_uniform,7,4,100,500,0.7388544067264168,2.9862751468154096
2,32,haar_random,seeqst_uniform,7,4,100,1000,0.4771947475972839,1.2900112030309203
2,32,haar_random,seeqst_uniform,7,4,100,5000,0.2081984770078193,0.6362091244059739
2,32,haar_random,seeqst_uniform,7,4,100,10000,0.1351003396017334,0.3502239965377833
2,32,haar_random,seeqst_uniform,7,4,100,25000,0.09187359084984469,0.1998395557487973
2,32,haar_random,seeqst_binomial,7,4,100,10,0.8701756347154938,3.582063354037361
2,32,haar_random,seeqst_binomial,7,4,100,100,1.9026963283945204,17.45056666446129
2,32,haar_random,seeqst_binomial,7,4,100,500,0.7372548126951922,3.5734708132099997
2,32,haar_random,seeqst_binomial,7,4,100,1000,0.6518103107766264,3.4719011541900477
2,32,haar_random,seeqst_binomial,7,4,100,5000,1.0056852355333508,4.795072065556951
2,32,haar_random,seeqst_binomial,7,4,100,10000,0.6072049147779905,2.5304808873802993
2,32,haar_random,seeqst_binomial,7,4,100,25000,0.44079965018993555,2.2626674334438746
2,32,haar_random,seeqst_unifsize_l,7,4,100,10,4.044880669586324,35.085724853184594
2,32,haar_random,seeqst_unifsize_l,7,4,100,100,1.4896738727579477,3.609250169313528
2,32,haar_random,seeqst_unifsize_l,7,4,100,500,0.6340074948578064,1.5806871332900634
2,32,haar_random,seeqst_unifsize_l,7,4,100,1000,0.4705737771259562,1.2329908755940262
2,32,haar_random,seeqst_unifsize_l,7,4,100,5000,0.21582268463744414,0.6310971262737183
2,32,haar_random,seeqst_unifsize_l,7,4,100,10000,0.1500125973290757,0.439244191193937
2,32,haar_random,seeqst_unifsize_l,7,4,100,25000,0.09229166399126287,0.27824419119393695
2,33,haar_random,pauli,7,4,100,10,0.08315092688650634,0.23570056200719539
2,33,haar_random,pauli,7,4,100,100,5.369251581433026,21.935493964405094
2,33,haar_random,pauli,7,4,100,500,2.513543448865683,8.763152471767745
2,33,haar_random,pauli,7,4,100,1000,1.5406198795416546,6.563973956423113
2,33,haar_random,pauli,7,4,100,5000,0.6412854153127253,1.8185839634349528
2,33,haar_random,pauli,7,4,100,10000,0.4529560037386492,1.1457445719531925
2,33,haar_random,pauli,7,4,100,25000,0.28369449285817067,0.8644543057594128
2,33,haar_random,clifford,7,4,100,10,3.1641588008697576,12.993636554235238
2,33,haar_random,clifford,7,4,100,100,1.1064976875797417,2.6229477736111555
2,33,haar_random,clifford,7,4,100,500,0.5026628086808601,1.0749477736111592
2,33,haar_random,clifford,7,4,100,1000,0.3776528535675038,0.9572247730539112
2,33,haar_random,clifford,7,4,100,5000,0.15253253146542092,0.34423622181963637
2,33,haar_random,clifford,7,4,100,10000,0.10746254170793745,0.3454634474368443
2,33,haar_random,clifford,7,4,100,25000,0.06666288800177281,0.21615715755074782
2,33,haar_random,seeqst_uniform,7,4,100,10,5.739636640238904,25.780169912255385
2,33,haar_random,seeqst_uniform,7,4,100,100,1.7558579968050647,7.722752254125382
2,33,haar_random,seeqst_uniform,7,4,100,500,0.6653650286698333,1.9879194214264149
2,33,haar_random,seeqst_uniform,7,4,100,1000,0.480812612021802,1.3497384490704407
2,33,haar_random,seeqst_uniform,7,4,100,5000,0.21756802925426663,0.6988916556478735
2,33,haar_random,seeqst_uniform,7,4,100,10000,0.156123576264354,0.46801117428769934
2,33,haar_random,seeqst_uniform,7,4,100,25000,0.10062308408516639,0.2702777455693881
2,33,haar_random,seeqst_binomial,7,4,100,10,3.65461547356634,24.973039370176757
2,33,haar_random,seeqst_binomial,7,4,100,100,3.9578532986848622,34.948855947996144
2,33,haar_random,seeqst_binomial,7,4,100,500,1.1986013772505495,6.998475273277276
2,33,haar_random,seeqst_binomial,7,4,100,1000,0.8819192486839943,5.251576481107347
2,33,haar_random,seeqst_binomial,7,4,100,5000,0.9393567965287015,4.888587468199751
2,33,haar_random,seeqst_binomial,7,4,100,10000,0.5751746889630018,2.4429291591618503
2,33,haar_random,seeqst_binomial,7,4,100,25000,0.3219488469325323,1.4646658355466897
2,33,haar_random,seeqst_unifsize_l,7,4,100,10,4.319058818476918,34.95189471049907
2,33,haar_random,seeqst_unifsize_l,7,4,100,100,1.6204191298669552,4.131016036565047
2,33,haar_random,seeqst_unifsize_l,7,4,100,500,0.7044986079309806,2.1183888257123007
2,33,haar_random,seeqst_unifsize_l,7,4,100,1000,0.5740549065426045,1.7906144404287303
2,33,haar_random,seeqst_unifsize_l,7,4,100,5000,0.21207156994007847,0.6066222195973288
2,33,haar_random,seeqst_unifsize_l,7,4,100,10000,0.15737376735554343,0.4229739564231161
2,33,haar_random,seeqst_unifsize_l,7,4,100,25000,0.11696582749630884,0.3444854078945941
2,34,haar_random,pauli,7,4,100,10,0.1001885659102887,0.2660112030309202
2,34,haar_random,pauli,7,4,100,100,4.360227323096501,21.935493964405094
2,34,haar_random,pauli,7,4,100,500,2.2300741999868947,8.763152471767745
2,34,haar_random,pauli,7,4,100,1000,1.4290852596149004,4.4880064124938075
2,34,haar_random,pauli,7,4,100,5000,0.660775460475364,1.6416737873705811
2,34,haar_random,pauli,7,4,100,10000,0.47225937336354334,1.1686838860003546
2,34,haar_random,pauli,7,4,100,25000,0.3078285484125413,0.8644543057594128
2,34,haar_random,clifford,7,4,100,10,2.231493493751297,12.921199908942752
2,34,haar_random,clifford,7,4,100,100,1.072832831722064,2.6229477736111555
2,34,haar_random,clifford,7,4,100,500,0.5067425649502989,1.44187871891719
2,34,haar_random,clifford,7,4,100,1000,0.38227538199008093,1.0548787189171909
2,34,haar_random,clifford,7,4,100,5000,0.16367917714405683,0.39674650435865044
2,34,haar_random,clifford,7,4,100,10000,0.1141997793656424,0.33224650435865055
2,34,haar_random,clifford,7,4,100,25000,0.07237421844906827,0.21615715755074782
2,34,haar_random,seeqst_uniform,7,4,100,10,6.788022320803218,25.80779505259926
2,34,haar_random,seeqst_uniform,7,4,100,100,1.2536605640796596,2.7677950525992574
2,34,haar_random,seeqst_uniform,7,4,100,500,0.6659532670649695,1.6603840189668848
2,34,haar_random,seeqst_uniform,7,4,100,1000,0.4646094284947685,1.3497384490704407
2,34,haar_random,seeqst_uniform,7,4,100,5000,0.22997088237697114,0.6068513934063249
2,34,haar_random,seeqst_uniform,7,4,100,10000,0.1435179643679937,0.36466162280389086
2,34,haar_random,seeqst_uniform,7,4,100,25000,0.10230174524549904,0.23747257868030386
2,34,haar_random,seeqst_binomial,7,4,100,10,3.6341421815009176,25.13501157593313
2,34,haar_random,seeqst_binomial,7,4,100,100,2.6360355472055197,17.45056666446129
2,34,haar_random,seeqst_binomial,7,4,100,500,0.9885813546024925,3.683879198826373
2,34,haar_random,seeqst_binomial,7,4,100,1000,1.9054900591061983,12.199055234334141
2,34,haar_random,seeqst_binomial,7,4,100,5000,0.970848290634891,4.795072065556951
2,34,haar_random,seeqst_binomial,7,4,100,10000,0.6047232745770859,2.536335224886192
2,34,haar_random,seeqst_binomial,7,4,100,25000,0.331281136519114,1.3711504329038902
2,34,haar_random,seeqst_unifsize_l,7,4,100,10,2.721356907234451,21.120242984993304
2,34,haar_random,seeqst_unifsize_l,7,4,100,100,1.6576015725277988,7.026408960732828
2,34,haar_random,seeqst_unifsize_l,7,4,100,500,0.5698957004350037,1.5006854550658564
2,34,haar_random,seeqst_unifsize_l,7,4,100,1000,0.4725380057820626,1.0792363108553635
2,34,haar_random,seeqst_unifsize_l,7,4,100,5000,0.2441830911152653,0.5892363108553637
2,34,haar_random,seeqst_unifsize_l,7,4,100,10000,0.1748913454748601,0.5009562094695107
2,34,haar_random,seeqst_unifsize_l,7,4,100,25000,0.11737542968951514,0.3232363108553636
2,35,haar_random,pauli,7,4,100,10,0.08688280421445291,0.22705982196037044
2,35,haar_random,pauli,7,4,100,100,3.0866002260889656,21.889383977119145
2,35,haar_random,pauli,7,4,100,500,2.426924050802569,8.763152471767745
2,35,haar_random,pauli,7,4,100,1000,1.528013747592962,4.4880064124938075
2,35,haar_random,pauli,7,4,100,5000,0.6830589656559218,2.1305204442512022
2,35,haar_random,pauli,7,4,100,10000,0.4807593237517695,1.458052096264469
2,35,haar_random,pauli,7,4,100,25000,0.30595737717740834,1.0807604442512024
2,35,haar_random,clifford,7,4,100,10,2.89232484166506,13.03545036420333
2,35,haar_random,clifford,7,4,100,100,0.9971038605162125,2.6229477736111555
2,35,haar_random,clifford,7,4,100,500,0.38377090789080515,1.0933235324805102
2,35,haar_random,clifford,7,4,100,1000,0.34551207784143373,0.8615680461968171
2,35,haar_random,clifford,7,4,100,5000,0.15982475145372757,0.416977518069902
2,35,haar_random,clifford,7,4,100,10000,0.1122054551872873,0.28278074255778707
2,35,haar_random,clifford,7,4,100,25000,0.06364695595759563,0.1936286635944881
2,35,haar_random,seeqst_uniform,7,4,100,10,4.456041139306107,25.780169912255385
2,35,haar_random,seeqst_uniform,7,4,100,100,1.3987041812898093,5.062455408544768
2,35,haar_random,seeqst_uniform,7,4,100,500,0.7688707101274015,2.120143995940441
2,35,haar_random,seeqst_uniform,7,4,100,1000,0.5683764684497576,1.7741662423680138
2,35,haar_random,seeqst_uniform,7,4,100,5000,0.2393093882384604,0.6068513934063249
2,35,haar_random,seeqst_uniform,7,4,100,10000,0.16563064102069217,0.46801117428769934
2,35,haar_random,seeqst_uniform,7,4,100,25000,0.10025618504121549,0.32772213129101035
2,35,haar_random,seeqst_binomial,7,4,100,10,0.7186879801508013,3.582063354037361
2,35,haar_random,seeqst_binomial,7,4,100,100,3.0902231296624603,17.557618207404538
2,35,haar_random,seeqst_binomial,7,4,100,500,2.7173238343489077,24.68364291233938
2,35,haar_random,seeqst_binomial,7,4,100,1000,1.991229205372232,12.455351367149875
2,35,haar_random,seeqst_binomial,7,4,100,5000,1.189110166918519,4.909150375707788
2,35,haar_random,seeqst_binomial,7,4,100,10000,0.8198191063494235,3.7929605727470213
2,35,haar_random,seeqst_binomial,7,4,100,25000,0.4449640176462137,1.8843826512898798
2,35,haar_random,seeqst_unifsize_l,7,4,100,10,5.191451145775457,35.087962753972974
2,35,haar_random,seeqst_unifsize_l,7,4,100,100,1.7457585645146951,6.950514021903839
2,35,haar_random,seeqst_unifsize_l,7,4,100,500,0.7336972240500353,2.7821662423680134
2,35,haar_random,seeqst_unifsize_l,7,4,100,1000,0.4720994793566326,1.4183888257123005
2,35,haar_random,seeqst_unifsize_l,7,4,100,5000,0.18651744549407293,0.6477138867162276
2,35,haar_random,seeqst_unifsize_l,7,4,100,10000,0.1410571966227238,0.40338882571230067
2,35,haar_random,seeqst_unifsize_l,7,4,100,25000,0.09897237617983758,0.2731916891790619
2,36,haar_random,pauli,7,4,100,10,21.87485849347776,218.74665184113934
2,36,haar_random,pauli,7,4,100,100,5.798900746189871,21.943596285301734
2,36,haar_random,pauli,7,4,100,500,2.3104315297406783,8.763152471767745
2,36,haar_random,pauli,7,4,100,1000,1.398162594090577,4.420004676865322
2,36,haar_random,pauli,7,4,100,5000,0.6819977964772023,1.7962518411394328
2,36,haar_random,pauli,7,4,100,10000,0.45530015248594574,1.3609751793700064
2,36,haar_random,pauli,7,4,100,25000,0.3014546879092063,1.0909488048817422
2,36,haar_random,clifford,7,4,100,10,2.9082616794272997,13.06310021308096
2,36,haar_random,clifford,7,4,100,100,1.0722448903797055,2.6229477736111555
2,36,haar_random,clifford,7,4,100,500,0.48950433195542054,1.44187871891719
2,36,haar_random,clifford,7,4,100,1000,0.372056337553832,1.1029112763364164
2,36,haar_random,clifford,7,4,100,5000,0.15311118251832778,0.34423622181963637
2,36,haar_random,clifford,7,4,100,10000,0.10872479372359604,0.28278074255778707
2,36,haar_random,clifford,7,4,100,25000,0.06373938296884234,0.21615715755074782
2,36,haar_random,seeqst_uniform,7,4,100,10,5.739154570049774,25.80779505259926
2,36,haar_random,seeqst_uniform,7,4,100,100,1.4363719288811758,5.073995323134676
2,36,haar_random,seeqst_uniform,7,4,100,500,0.6527584258495388,1.9772969946447607
2,36,haar_random,seeqst_uniform,7,4,100,1000,0.45286611618378375,1.3707901817141548
2,36,haar_random,seeqst_uniform,7,4,100,5000,0.19907661351897238,0.39121117428769936
2,36,haar_random,seeqst_uniform,7,4,100,10000,0.14644444806882218,0.46801117428769934
2,36,haar_random,seeqst_uniform,7,4,100,25000,0.08879552513616512,0.22737117428769937
2,36,haar_random,seeqst_binomial,7,4,100,10,3.6508999015278603,24.888921274667805
2,36,haar_random,seeqst_binomial,7,4,100,100,1.8778814644914616,17.378197739985136
2,36,haar_random,seeqst_binomial,7,4,100,500,3.5817361152192104,24.68364291233938
2,36,haar_random,seeqst_binomial,7,4,100,1000,1.8623439592574116,12.455351367149875
2,36,haar_random,seeqst_binomial,7,4,100,5000,0.9586324084403399,4.917701896602942
2,36,haar_random,seeqst_binomial,7,4,100,10000,0.8364366331230115,4.962019623431041
2,36,haar_random,seeqst_binomial,7,4,100,25000,0.40010486966500103,1.53809799077798
2,36,haar_random,seeqst_unifsize_l,7,4,100,10,4.428835766821942,35.00998461442622
2,36,haar_random,seeqst_unifsize_l,7,4,100,100,1.472403884912098,3.6478231778216474
2,36,haar_random,seeqst_unifsize_l,7,4,100,500,0.7709037402525938,2.1183888257123007
2,36,haar_random,seeqst_unifsize_l,7,4,100,1000,0.4864690490533797,1.7471735167021116
2,36,haar_random,seeqst_unifsize_l,7,4,100,5000,0.2229058671819867,0.6537088048817424
2,36,haar_random,seeqst_unifsize_l,7,4,100,10000,0.1614872714029526,0.4094850963328779
2,36,haar_random,seeqst_unifsize_l,7,4,100,25000,0.0986609193617691,0.22913902803378833
2,37,haar_random,pauli,7,4,100,10,21.87399829766897,218.7380702943723
2,37,haar_random,pauli,7,4,100,100,4.899737960298524,21.935493964405094
2,37,haar_random,pauli,7,4,100,500,2.3165769664578066,8.763152471767745
2,37,haar_random,pauli,7,4,100,1000,1.5666801756808777,6.563973956423113
2,37,haar_random,pauli,7,4,100,5000,0.5736429286850994,1.8057939056786416
2,37,haar_random,pauli,7,4,100,10000,0.5087033692006029,1.2490462828855304
2,37,haar_random,pauli,7,4,100,25000,0.3281906758164906,1.0235415420623664
2,37,haar_random,clifford,7,4,100,10,2.580420939092216,12.95715220146859
2,37,haar_random,clifford,7,4,100,100,1.0511759547833508,2.6229477736111555
2,37,haar_random,clifford,7,4,100,500,0.442205272122756,1.0808461259780857
2,37,haar_random,clifford,7,4,100,1000,0.37788687296114104,1.2171939056786394
2,37,haar_random,clifford,7,4,100,5000,0.16480582030036295,0.5013988325312088
2,37,haar_random,clifford,7,4,100,10000,0.10568760215931236,0.3723988325312091
2,37,haar_random,clifford,7,4,100,25000,0.06101822246834089,0.1936286635944881
2,37,haar_random,seeqst_uniform,7,4,100,10,5.1417855493737035,25.780169912255385
2,37,haar_random,seeqst_uniform,7,4,100,100,1.6069539858288728,5.062455408544768
2,37,haar_random,seeqst_uniform,7,4,100,500,0.6658767252820438,1.5674126329637117
2,37,haar_random,seeqst_uniform,7,4,100,1000,0.4762846394368407,1.0894939644051003
2,37,haar_random,seeqst_uniform,7,4,100,5000,0.2213390197019674,0.6068513934063249
2,37,haar_random,seeqst_uniform,7,4,100,10000,0.16003821133488397,0.3662268399034745
2,37,haar_random,seeqst_uniform,7,4,100,25000,0.09539109139492517,0.24019225982335857
2,37,haar_random,seeqst_binomial,7,4,100,10,0.9436703611632219,3.582063354037361
2,37,haar_random,seeqst_binomial,7,4,100,100,0.6051666931596541,2.5030707239892
2,37,haar_random,seeqst_binomial,7,4,100,500,2.516253969744272,24.300076062324756
2,37,haar_random,seeqst_binomial,7,4,100,1000,1.8476700230851333,12.208893098831705
2,37,haar_random,seeqst_binomial,7,4,100,5000,1.1542976174978645,4.795072065556951
2,37,haar_random,seeqst_binomial,7,4,100,10000,0.6721300162245332,2.5476940388011133
2,37,haar_random,seeqst_binomial,7,4,100,25000,0.42617054315962316,1.3711504329038902
2,37,haar_random,seeqst_unifsize_l,7,4,100,10,4.55526693497139,35.05715220146863
2,37,haar_random,seeqst_unifsize_l,7,4,100,100,1.5643470702002964,6.9888011674687895
2,37,haar_random,seeqst_unifsize_l,7,4,100,500,0.6691467388815246,2.0654783828538634
2,37,haar_random,seeqst_unifsize_l,7,4,100,1000,0.44341413611287134,1.693555572590165
2,37,haar_random,seeqst_unifsize_l,7,4,100,5000,0.24222682352721345,0.6310971262737183
2,37,haar_random,seeqst_unifsize_l,7,4,100,10000,0.15867622350203534,0.6057009737441512
2,37,haar_random,seeqst_unifsize_l,7,4,100,25000,0.10940390956892544,0.3308403509029556
2,38,haar_random,pauli,7,4,100,10,0.08902797672031888,0.2660112030309202
2,38,haar_random,pauli,7,4,100,100,3.7838169074388133,21.889383977119145
2,38,haar_random,pauli,7,4,100,500,2.352537478668871,8.763152471767745
2,38,haar_random,pauli,7,4,100,1000,1.7393384818355162,6.566088574560649
2,38,haar_random,pauli,7,4,100,5000,0.6140804132397644,1.3260796251553417
2,38,haar_random,pauli,7,4,100,10000,0.46447489725211377,1.1245263740943043
2,38,haar_random,pauli,7,4,100,25000,0.27717523842074515,0.8617233990113183
2,38,haar_random,clifford,7,4,100,10,3.8847861450793006,13.002131884438022
2,38,haar_random,clifford,7,4,100,100,1.0625855327529325,2.6229477736111555
2,38,haar_random,clifford,7,4,100,500,0.45881090510762373,1.5224984296557942
2,38,haar_random,clifford,7,4,100,1000,0.3758298644588924,1.0064984296557957
2,38,haar_random,clifford,7,4,100,5000,0.1753732070048922,0.4416247345705779
2,38,haar_random,clifford,7,4,100,10000,0.1211036351896286,0.3642247345705783
2,38,haar_random,clifford,7,4,100,25000,0.07615431924695097,0.21615715755074782
2,38,haar_random,seeqst_uniform,7,4,100,10,6.804970055348519,25.80779505259926
2,38,haar_random,seeqst_uniform,7,4,100,100,1.624275258549364,5.111753964069628
2,38,haar_random,seeqst_uniform,7,4,100,500,0.7285730176176953,1.6381318844380561
2,38,haar_random,seeqst_uniform,7,4,100,1000,0.4631111071209006,1.3821318844380561
2,38,haar_random,seeqst_uniform,7,4,100,5000,0.21568957722645649,0.6097037121281228
2,38,haar_random,seeqst_uniform,7,4,100,10000,0.1592681088082252,0.4817037121281229
2,38,haar_random,seeqst_uniform,7,4,100,25000,0.09230289691874999,0.18638399653778331
2,38,haar_random,seeqst_binomial,7,4,100,10,4.384398130963411,24.973039370176757
2,38,haar_random,seeqst_binomial,7,4,100,100,0.6801487503946103,2.492216180053779
2,38,haar_random,seeqst_binomial,7,4,100,500,0.9032116395782438,3.6224585513993164
2,38,haar_random,seeqst_binomial,7,4,100,1000,1.483534219091113,12.171772944019988
2,38,haar_random,seeqst_binomial,7,4,100,5000,0.743820005287039,2.5384198005994296
2,38,haar_random,seeqst_binomial,7,4,100,10000,0.4743513722339496,2.4258331320801223
2,38,haar_random,seeqst_binomial,7,4,100,25000,0.32013130958532915,1.4108763842532244
2,38,haar_random,seeqst_unifsize_l,7,4,100,10,5.689930379419457,34.99175396406963
2,38,haar_random,seeqst_unifsize_l,7,4,100,100,1.7991923473620712,7.0046962878718775
2,38,haar_random,seeqst_unifsize_l,7,4,100,500,0.6999532719821284,2.104696287871877
2,38,haar_random,seeqst_unifsize_l,7,4,100,1000,0.4462590470845129,1.7530247345705796
2,38,haar_random,seeqst_unifsize_l,7,4,100,5000,0.22570722445885374,0.7046962878718771
2,38,haar_random,seeqst_unifsize_l,7,4,100,10000,0.1809810131665363,0.439244191193937
2,38,haar_random,seeqst_unifsize_l,7,4,100,25000,0.1156730313406127,0.3826962878718771
2,39,haar_random,pauli,7,4,100,10,21.87481698310263,218.74665184113934
2,39,haar_random,pauli,7,4,100,100,4.8977092181054696,22.067026969958853
2,39,haar_random,pauli,7,4,100,500,2.5242333451623153,8.945026969958858
2,39,haar_random,pauli,7,4,100,1000,1.6296294179654467,6.563973956423113
2,39,haar_random,pauli,7,4,100,5000,0.6284891729013717,2.1305204442512022
2,39,haar_random,pauli,7,4,100,10000,0.4383702551412001,1.1366291254156935
2,39,haar_random,pauli,7,4,100,25000,0.3094097746264445,1.0807604442512024
2,39,haar_random,clifford,7,4,100,10,4.093064712546855,12.993636554235238
2,39,haar_random,clifford,7,4,100,100,1.0369161703483878,2.6693815323865655
2,39,haar_random,clifford,7,4,100,500,0.48546233673813555,1.0749477736111592
2,39,haar_random,clifford,7,4,100,1000,0.3754337350557155,0.9982400910527914
2,39,haar_random,clifford,7,4,100,5000,0.1568644261777263,0.39674650435865044
2,39,haar_random,clifford,7,4,100,10000,0.12123886987942477,0.3454634474368443
2,39,haar_random,clifford,7,4,100,25000,0.07405435834417153,0.2139200910527934
2,39,haar_random,seeqst_uniform,7,4,100,10,5.139915971400832,25.780169912255385
2,39,haar_random,seeqst_uniform,7,4,100,100,1.258747299973743,4.988244790683782
2,39,haar_random,seeqst_uniform,7,4,100,500,0.6531368147332295,1.650827637825496
2,39,haar_random,seeqst_uniform,7,4,100,1000,0.4393523047583338,1.138827637825496
2,39,haar_random,seeqst_uniform,7,4,100,5000,0.1939442201590257,0.5350325961765484
2,39,haar_random,seeqst_uniform,7,4,100,10000,0.15997020532014697,0.46801117428769934
2,39,haar_random,seeqst_uniform,7,4,100,25000,0.09518479614953418,0.23380746607108777
2,39,haar_random,seeqst_binomial,7,4,100,10,2.5635338888224295,24.888921274667805
2,39,haar_random,seeqst_binomial,7,4,100,100,4.009583135168805,34.948855947996144
2,39,haar_random,seeqst_binomial,7,4,100,500,2.6278180422723505,24.437785506847547
2,39,haar_random,seeqst_binomial,7,4,100,1000,2.3214695481241905,12.286384332508467
2,39,haar_random,seeqst_binomial,7,4,100,5000,1.0069652314997084,4.917701896602942
2,39,haar_random,seeqst_binomial,7,4,100,10000,0.7986399137836632,3.694872742083992
2,39,haar_random,seeqst_binomial,7,4,100,25000,0.3592999912501651,1.136779205168295
2,39,haar_random,seeqst_unifsize_l,7,4,100,10,1.8591477260915346,7.194394576364391
2,39,haar_random,seeqst_unifsize_l,7,4,100,100,1.3344898513732668,3.6091240204724224
2,39,haar_random,seeqst_unifsize_l,7,4,100,500,0.6688395516149197,2.2091240204724225
2,39,haar_random,seeqst_unifsize_l,7,4,100,1000,0.5501761069824243,1.4183888257123005
2,39,haar_random,seeqst_unifsize_l,7,4,100,5000,0.23012818260854268,0.6477138867162276
2,39,haar_random,seeqst_unifsize_l,7,4,100,10000,0.16588241772789294,0.5009562094695107
2,39,haar_random,seeqst_unifsize_l,7,4,100,25000,0.11089433473026125,0.27157726275246397
2,40,haar_random,pauli,7,4,100,10,0.09185461892764744,0.21743419209635012
2,40,haar_random,pauli,7,4,100,100,3.082431051746316,21.78655911951481
2,40,haar_random,pauli,7,4,100,500,2.385810490648772,8.763152471767745
2,40,haar_random,pauli,7,4,100,1000,1.4657661200499674,4.389152471767746
2,40,haar_random,pauli,7,4,100,5000,0.6024172385255414,2.1305204442512022
2,40,haar_random,pauli,7,4,100,10000,0.4384846505417393,1.2011224626791241
2,40,haar_random,pauli,7,4,100,25000,0.27972224331412515,1.0807604442512024
2,40,haar_random,clifford,7,4,100,10,2.5831210856774995,13.00443727115399
2,40,haar_random,clifford,7,4,100,100,1.074916740876189,2.643860685504041
2,40,haar_random,clifford,7,4,100,500,0.5283474124717547,1.3381606457000028
2,40,haar_random,clifford,7,4,100,1000,0.4053103604903505,1.0634126329637086
2,40,haar_random,clifford,7,4,100,5000,0.1889148589050227,0.44421263296371044
2,40,haar_random,clifford,7,4,100,10000,0.13884352346674247,0.49264722725986376
2,40,haar_random,clifford,7,4,100,25000,0.08507273916367177,0.3378472272598645
2,40,haar_random,seeqst_uniform,7,4,100,10,5.743240401939318,25.780169912255385
2,40,haar_random,seeqst_uniform,7,4,100,100,1.4378865643212453,5.162817096507603
2,40,haar_random,seeqst_uniform,7,4,100,500,0.7421043666120801,2.5081189275479767
2,40,haar_random,seeqst_uniform,7,4,100,1000,0.419162086950921,1.2733947008128497
2,40,haar_random,seeqst_uniform,7,4,100,5000,0.2313735271156717,0.8125947008128497
2,40,haar_random,seeqst_uniform,7,4,100,10000,0.13904284547807308,0.4817037121281229
2,40,haar_random,seeqst_uniform,7,4,100,25000,0.09357671771948442,0.2698747008128497
2,40,haar_random,seeqst_binomial,7,4,100,10,3.591369697002488,24.888921274667805
2,40,haar_random,seeqst_binomial,7,4,100,100,3.152500762572983,17.520868994151314
2,40,haar_random,seeqst_binomial,7,4,100,500,1.018587795090109,3.6224585513993164
2,40,haar_random,seeqst_binomial,7,4,100,1000,1.5052884757004228,12.245782216743484
2,40,haar_random,seeqst_binomial,7,4,100,5000,0.7666882173273344,2.6630925011342512
2,40,haar_random,seeqst_binomial,7,4,100,10000,0.5214824667251844,2.6630925011342512
2,40,haar_random,seeqst_binomial,7,4,100,25000,0.4210843727425395,1.9594845313630356
2,40,haar_random,seeqst_unifsize_l,7,4,100,10,2.827093460746762,21.120242984993304
2,40,haar_random,seeqst_unifsize_l,7,4,100,100,1.6816827494873015,7.0046962878718775
2,40,haar_random,seeqst_unifsize_l,7,4,100,500,0.7230131273318717,2.7143556662465214
2,40,haar_random,seeqst_unifsize_l,7,4,100,1000,0.5643714714896821,1.753451018620661
2,40,haar_random,seeqst_unifsize_l,7,4,100,5000,0.21753449759967616,0.7046962878718771
2,40,haar_random,seeqst_unifsize_l,7,4,100,10000,0.13281342512158859,0.3557303267399185
2,40,haar_random,seeqst_unifsize_l,7,4,100,25000,0.11333143242563769,0.3826962878718771
2,41,haar_random,pauli,7,4,100,10,30.923651067773257,218.74665184113934
2,41,haar_random,pauli,7,4,100,100,5.356406779939414,21.935493964405094
2,41,haar_random,pauli,7,4,100,500,1.7976367763339907,8.763152471767745
2,41,haar_random,pauli,7,4,100,1000,1.188877297611939,4.4050263740943025
2,41,haar_random,pauli,7,4,100,5000,0.6331382440409757,1.7962518411394328
2,41,haar_random,pauli,7,4,100,10000,0.47736651156367604,1.2383013418192106
2,41,haar_random,pauli,7,4,100,25000,0.2893843938621316,0.7172272005490715
2,41,haar_random,clifford,7,4,100,10,1.8254872963638022,12.921199908942752
2,41,haar_random,clifford,7,4,100,100,1.0493447953967825,2.6693815323865655
2,41,haar_random,clifford,7,4,100,500,0.46831196394420854,1.4261057529608794
2,41,haar_random,clifford,7,4,100,1000,0.41712446729430475,1.0391057529608803
2,41,haar_random,clifford,7,4,100,5000,0.17293487245029512,0.39674650435865044
2,41,haar_random,clifford,7,4,100,10000,0.1196264864739078,0.33224650435865055
2,41,haar_random,clifford,7,4,100,25000,0.07161658301830602,0.2139200910527934
2,41,haar_random,seeqst_uniform,7,4,100,10,2.57940935872444,25.780169912255385
2,41,haar_random,seeqst_uniform,7,4,100,100,1.3854166655723654,5.0889736259056955
2,41,haar_random,seeqst_uniform,7,4,100,500,0.6168634849712064,1.6323037649849053
2,41,haar_random,seeqst_uniform,7,4,100,1000,0.530467345124538,1.7741662423680138
2,41,haar_random,seeqst_uniform,7,4,100,5000,0.22750474474137386,0.8125947008128497
2,41,haar_random,seeqst_uniform,7,4,100,10000,0.15718170961385952,0.35332213129101037
2,41,haar_random,seeqst_uniform,7,4,100,25000,0.0944364688444813,0.32772213129101035
2,41,haar_random,seeqst_binomial,7,4,100,10,3.60785484709866,25.13501157593313
2,41,haar_random,seeqst_binomial,7,4,100,100,2.6400863042660365,17.39924947262885
2,41,haar_random,seeqst_binomial,7,4,100,500,0.58235660488432,3.403007402625704
2,41,haar_random,seeqst_binomial,7,4,100,1000,1.4122712580703998,12.3209590567221
2,41,haar_random,seeqst_binomial,7,4,100,5000,1.0150797772174747,4.909150375707788
2,41,haar_random,seeqst_binomial,7,4,100,10000,0.5329450002254184,2.4634920666698874
2,41,haar_random,seeqst_binomial,7,4,100,25000,0.2989282853988745,1.4852287430547269
2,41,haar_random,seeqst_unifsize_l,7,4,100,10,4.075183766090658,34.907332488467404
2,41,haar_random,seeqst_unifsize_l,7,4,100,100,1.514447938325554,6.962101411926315
2,41,haar_random,seeqst_unifsize_l,7,4,100,500,0.7489086465960453,2.7821662423680134
2,41,haar_random,seeqst_unifsize_l,7,4,100,1000,0.5959762248309942,1.7906144404287303
2,41,haar_random,seeqst_unifsize_l,7,4,100,5000,0.2238568053764494,0.732101411926315
2,41,haar_random,seeqst_unifsize_l,7,4,100,10000,0.15787524365860228,0.37471388671622763
2,41,haar_random,seeqst_unifsize_l,7,4,100,25000,0.09040216357963013,0.2366144404287302
2,42,haar_random,pauli,7,4,100,10,21.874887144600134,218.74665184113934
2,42,haar_random,pauli,7,4,100,100,4.387653027122305,21.943596285301734
2,42,haar_random,pauli,7,4,100,500,2.2236781588741112,8.763152471767745
2,42,haar_random,pauli,7,4,100,1000,1.4249131898483027,4.389152471767746
2,42,haar_random,pauli,7,4,100,5000,0.6058874652084745,1.7962518411394328
2,42,haar_random,pauli,7,4,100,10000,0.38845461431852485,1.1366291254156935
2,42,haar_random,pauli,7,4,100,25000,0.32576748311291176,1.0909488048817422
2,42,haar_random,clifford,7,4,100,10,3.66791127329677,13.06310021308096
2,42,haar_random,clifford,7,4,100,100,1.1437120098931493,2.6229477736111555
2,42,haar_random,clifford,7,4,100,500,0.5504152077399054,1.384899786919007
2,42,haar_random,clifford,7,4,100,1000,0.4164557701676911,0.9982400910527914
2,42,haar_random,clifford,7,4,100,5000,0.1505121623986209,0.38912718107239525
2,42,haar_random,clifford,7,4,100,10000,0.10431285554659558,0.30164009105279294
2,42,haar_random,clifford,7,4,100,25000,0.07160031361908056,0.2139200910527934
2,42,haar_random,seeqst_uniform,7,4,100,10,4.4572093056624285,25.80779505259926
2,42,haar_random,seeqst_uniform,7,4,100,100,1.457777527464708,5.111753964069628
2,42,haar_random,seeqst_uniform,7,4,100,500,0.6494634477527793,1.8885471038074793
2,42,haar_random,seeqst_uniform,7,4,100,1000,0.48967877689547806,1.354019565545445
2,42,haar_random,seeqst_uniform,7,4,100,5000,0.21823228090971933,0.6988916556478735
2,42,haar_random,seeqst_uniform,7,4,100,10000,0.14592590167283637,0.36466162280389086
2,42,haar_random,seeqst_uniform,7,4,100,25000,0.09447987633078787,0.24019225982335857
2,42,haar_random,seeqst_binomial,7,4,100,10,2.6220020066989664,24.747901978399728
2,42,haar_random,seeqst_binomial,7,4,100,100,0.6814859323048613,2.7028779012672333
2,42,haar_random,seeqst_binomial,7,4,100,500,2.628484919746963,24.68364291233938
2,42,haar_random,seeqst_binomial,7,4,100,1000,1.8368383779133932,12.455351367149875
2,42,haar_random,seeqst_binomial,7,4,100,5000,0.8646122354985853,4.795072065556951
2,42,haar_random,seeqst_binomial,7,4,100,10000,0.5438655582320773,2.44051767072683
2,42,haar_random,seeqst_binomial,7,4,100,25000,0.34709314577975536,1.4971178661549576
2,42,haar_random,seeqst_unifsize_l,7,4,100,10,7.264124783494383,35.0537271810724
2,42,haar_random,seeqst_unifsize_l,7,4,100,100,1.2393351120440699,3.5979392645843684
2,42,haar_random,seeqst_unifsize_l,7,4,100,500,0.6587911168665949,2.020469269838893
2,42,haar_random,seeqst_unifsize_l,7,4,100,1000,0.4866142324701024,1.3204692698388925
2,42,haar_random,seeqst_unifsize_l,7,4,100,5000,0.244470835889681,0.7776745352078861
2,42,haar_random,seeqst_unifsize_l,7,4,100,10000,0.16156141750554193,0.4087088048817425
2,42,haar_random,seeqst_unifsize_l,7,4,100,25000,0.10701195782464243,0.2575800251177913
2,43,haar_random,pauli,7,4,100,10,0.08869685339087573,0.20779505259925746
2,43,haar_random,pauli,7,4,100,100,4.896072138216574,21.935493964405094
2,43,haar_random,pauli,7,4,100,500,2.2797330211056988,8.763152471767745
2,43,haar_random,pauli,7,4,100,1000,1.352708767160642,4.389152471767746
2,43,haar_random,pauli,7,4,100,5000,0.6072851023559726,1.8134606855040485
2,43,haar_random,pauli,7,4,100,10000,0.48895858860721964,1.2888735014521493
2,43,haar_random,pauli,7,4,100,25000,0.29661738287065265,0.7092435046713162
2,43,haar_random,clifford,7,4,100,10,3.1720624695865793,13.03545036420333
2,43,haar_random,clifford,7,4,100,100,1.1334722419482288,2.681267260245869
2,43,haar_random,clifford,7,4,100,500,0.49452135228289973,1.5223999968174118
2,43,haar_random,clifford,7,4,100,1000,0.3760284258967706,0.8773999968174138
2,43,haar_random,clifford,7,4,100,5000,0.1839128336836429,0.5698003266706971
2,43,haar_random,clifford,7,4,100,10000,0.11297336639790509,0.33224650435865055
2,43,haar_random,clifford,7,4,100,25000,0.06460205728132387,0.18823743339861598
2,43,haar_random,seeqst_uniform,7,4,100,10,4.450364118304304,25.80779505259926
2,43,haar_random,seeqst_uniform,7,4,100,100,1.5072746528130494,5.043672397163459
2,43,haar_random,seeqst_uniform,7,4,100,500,0.6169255198142943,1.671450364203386
2,43,haar_random,seeqst_uniform,7,4,100,1000,0.4918213402839903,1.415450364203386
2,43,haar_random,seeqst_uniform,7,4,100,5000,0.21640627439414856,0.6988916556478735
2,43,haar_random,seeqst_uniform,7,4,100,10000,0.13023707912229357,0.5248788942987469
2,43,haar_random,seeqst_uniform,7,4,100,25000,0.08781433664994205,0.3230323971634592
2,43,haar_random,seeqst_binomial,7,4,100,10,3.667599401005773,25.13501157593313
2,43,haar_random,seeqst_binomial,7,4,100,100,2.0087246060887365,17.495283084390866
2,43,haar_random,seeqst_binomial,7,4,100,500,1.1545729049053022,6.913177656096537
2,43,haar_random,seeqst_binomial,7,4,100,1000,0.8770468583624818,5.166278863926608
2,43,haar_random,seeqst_binomial,7,4,100,5000,0.9905909831566002,4.813240122747119
2,43,haar_random,seeqst_binomial,7,4,100,10000,0.6633610629705691,3.573682961684534
2,43,haar_random,seeqst_binomial,7,4,100,25000,0.42558680647977437,2.2626674334438746
2,43,haar_random,seeqst_unifsize_l,7,4,100,10,6.708069230798447,34.956653634760436
2,43,haar_random,seeqst_unifsize_l,7,4,100,100,1.5838740856541718,4.335450364203386
2,43,haar_random,seeqst_unifsize_l,7,4,100,500,0.7457946339608611,2.0518947104990675
2,43,haar_random,seeqst_unifsize_l,7,4,100,1000,0.5042271638064362,1.3649703597865375
2,43,haar_random,seeqst_unifsize_l,7,4,100,5000,0.23379698276664068,0.7574003266706993
2,43,haar_random,seeqst_unifsize_l,7,4,100,10000,0.15117180656992613,0.4542394933938165
2,43,haar_random,seeqst_unifsize_l,7,4,100,25000,0.11061960727426755,0.29564958416624637
2,44,haar_random,pauli,7,4,100,10,0.08771154965718901,0.21641482531003473
2,44,haar_random,pauli,7,4,100,100,7.896493805865179,43.774169247336175
2,44,haar_random,pauli,7,4,100,500,2.3240926463410743,8.782169247336194
2,44,haar_random,pauli,7,4,100,1000,1.5749664046981566,6.530341035706438
2,44,haar_random,pauli,7,4,100,5000,0.6450323989473744,1.4233616518125518
2,44,haar_random,pauli,7,4,100,10000,0.47844871017296736,1.2484946240095245
2,44,haar_random,pauli,7,4,100,25000,0.28548975390460424,0.6275124717677468
2,44,haar_random,clifford,7,4,100,10,2.898771482649566,13.06310021308096
2,44,haar_random,clifford,7,4,100,100,1.2367229538287905,2.6229477736111555
2,44,haar_random,clifford,7,4,100,500,0.4645031462146615,1.384899786919007
2,44,haar_random,clifford,7,4,100,1000,0.3476899895793393,1.0602472272598624
2,44,haar_random,clifford,7,4,100,5000,0.16368370940621488,0.34423622181963637
2,44,haar_random,clifford,7,4,100,10000,0.12238768267924094,0.49264722725986376
2,44,haar_random,clifford,7,4,100,25000,0.0750237884568015,0.3378472272598645
2,44,haar_random,seeqst_uniform,7,4,100,10,5.144389789846749,25.780169912255385
2,44,haar_random,seeqst_uniform,7,4,100,100,1.4063591717813513,5.183705375990475
2,44,haar_random,seeqst_uniform,7,4,100,500,0.6720820278633564,2.0908416881026533
2,44,haar_random,seeqst_uniform,7,4,100,1000,0.5093947832830406,1.415450364203386
2,44,haar_random,seeqst_uniform,7,4,100,5000,0.22170248062222406,0.6988916556478735
2,44,haar_random,seeqst_uniform,7,4,100,10000,0.15486432357318167,0.5539861111884389
2,44,haar_random,seeqst_uniform,7,4,100,25000,0.0969972022368164,0.22376828769664636
2,44,haar_random,seeqst_binomial,7,4,100,10,1.0624521664079483,3.582063354037361
2,44,haar_random,seeqst_binomial,7,4,100,100,2.6186794390177055,17.378197739985136
2,44,haar_random,seeqst_binomial,7,4,100,500,2.713181099663191,24.366051592650365
2,44,haar_random,seeqst_binomial,7,4,100,1000,2.9068832003055163,12.241480551133066
2,44,haar_random,seeqst_binomial,7,4,100,5000,1.031692075740538,4.9871464207497
2,44,haar_random,seeqst_binomial,7,4,100,10000,0.7462904007838485,2.5568199608504534
2,44,haar_random,seeqst_binomial,7,4,100,25000,0.5172672495188267,1.578556637235293
2,44,haar_random,seeqst_unifsize_l,7,4,100,10,7.066474329709166,34.98681099405644
2,44,haar_random,seeqst_unifsize_l,7,4,100,100,1.6638722792351668,6.9658307526638
2,44,haar_random,seeqst_unifsize_l,7,4,100,500,0.705344634644418,2.0518947104990675
2,44,haar_random,seeqst_unifsize_l,7,4,100,1000,0.5041988555201615,1.3658307526637998
2,44,haar_random,seeqst_unifsize_l,7,4,100,5000,0.22196526162706495,0.5703943897699209
2,44,haar_random,seeqst_unifsize_l,7,4,100,10000,0.14735401448102642,0.3412749807029164
2,44,haar_random,seeqst_unifsize_l,7,4,100,25000,0.09832338185418707,0.3308403509029556
2,45,haar_random,pauli,7,4,100,10,0.09361426039532948,0.2660112030309202
2,45,haar_random,pauli,7,4,100,100,4.894026712165265,21.935493964405094
2,45,haar_random,pauli,7,4,100,500,2.1405853632376433,8.763152471767745
2,45,haar_random,pauli,7,4,100,1000,1.4665508697312646,4.5088689521410625
2,45,haar_random,pauli,7,4,100,5000,0.6194357198963053,1.8134606855040485
2,45,haar_random,pauli,7,4,100,10000,0.5074862677683063,1.458052096264469
2,45,haar_random,pauli,7,4,100,25000,0.3252336407577314,0.7892616058100422
2,45,haar_random,clifford,7,4,100,10,3.419050660601186,13.076663290166133
2,45,haar_random,clifford,7,4,100,100,1.1488251117677104,2.643860685504041
2,45,haar_random,clifford,7,4,100,500,0.5515112856896479,1.5224984296557942
2,45,haar_random,clifford,7,4,100,1000,0.3839987449745923,1.0064984296557957
2,45,haar_random,clifford,7,4,100,5000,0.1519411131296173,0.34423622181963637
2,45,haar_random,clifford,7,4,100,10000,0.10906648285358907,0.30164009105279294
2,45,haar_random,clifford,7,4,100,25000,0.070527890654676,0.2139200910527934
2,45,haar_random,seeqst_uniform,7,4,100,10,7.269848271399853,25.780169912255385
2,45,haar_random,seeqst_uniform,7,4,100,100,1.7390147305567936,5.107626641786011
2,45,haar_random,seeqst_uniform,7,4,100,500,0.736379188501316,2.4751689181561174
2,45,haar_random,seeqst_uniform,7,4,100,1000,0.4995419862440356,1.7071689181561174
2,45,haar_random,seeqst_uniform,7,4,100,5000,0.2209745000932075,0.5344325786803039
2,45,haar_random,seeqst_uniform,7,4,100,10000,0.16519533975124048,0.5039689181561172
2,45,haar_random,seeqst_uniform,7,4,100,25000,0.10280137532666624,0.3066092431073582
2,45,haar_random,seeqst_binomial,7,4,100,10,3.704848615528622,24.973039370176757
2,45,haar_random,seeqst_binomial,7,4,100,100,3.9809664383021572,34.937680442849434
2,45,haar_random,seeqst_binomial,7,4,100,500,1.3749575004480612,6.987299768130569
2,45,haar_random,seeqst_binomial,7,4,100,1000,1.6661954973886002,12.433796833257091
2,45,haar_random,seeqst_binomial,7,4,100,5000,0.8789413166216155,2.651163597105487
2,45,haar_random,seeqst_binomial,7,4,100,10000,0.6612096271825816,2.651163597105487
2,45,haar_random,seeqst_binomial,7,4,100,25000,0.3948596405928665,1.5264741873742886
2,45,haar_random,seeqst_unifsize_l,7,4,100,10,3.554170109715216,34.794494711932415
2,45,haar_random,seeqst_unifsize_l,7,4,100,100,1.6672815008184771,7.084831081843883
2,45,haar_random,seeqst_unifsize_l,7,4,100,500,0.7020560433194023,2.020469269838893
2,45,haar_random,seeqst_unifsize_l,7,4,100,1000,0.5262320830133592,1.556244850402592
2,45,haar_random,seeqst_unifsize_l,7,4,100,5000,0.20461822388887602,0.6001306362646035
2,45,haar_random,seeqst_unifsize_l,7,4,100,10000,0.15203480421272822,0.3857820260812264
2,45,haar_random,seeqst_unifsize_l,7,4,100,25000,0.10401580310664897,0.30817568885715735
2,46,haar_random,pauli,7,4,100,10,30.93556377005727,218.74665184113934
2,46,haar_random,pauli,7,4,100,100,4.377918397889434,21.916651841139423
2,46,haar_random,pauli,7,4,100,500,2.1416256853811393,8.763152471767745
2,46,haar_random,pauli,7,4,100,1000,1.455110577870186,4.435755462479142
2,46,haar_random,pauli,7,4,100,5000,0.6764178022624934,1.8185839634349528
2,46,haar_random,pauli,7,4,100,10000,0.4930273360538776,1.5540575561889844
2,46,haar_random,pauli,7,4,100,25000,0.31082475183859637,0.7229975561889848
2,46,haar_random,clifford,7,4,100,10,3.4282212965200825,13.00443727115399
2,46,haar_random,clifford,7,4,100,100,1.1286313892192261,2.6229477736111555
2,46,haar_random,clifford,7,4,100,500,0.4998726398143594,1.44187871891719
2,46,haar_random,clifford,7,4,100,1000,0.40407302342318024,1.0548787189171909
2,46,haar_random,clifford,7,4,100,5000,0.1604681846811385,0.4004469995583224
2,46,haar_random,clifford,7,4,100,10000,0.10775960620334564,0.2660105880009811
2,46,haar_random,clifford,7,4,100,25000,0.0716728293840764,0.2245357484895127
2,46,haar_random,seeqst_uniform,7,4,100,10,5.7389927640646325,25.780169912255385
2,46,haar_random,seeqst_uniform,7,4,100,100,1.3234391618475194,5.215189411999018
2,46,haar_random,seeqst_uniform,7,4,100,500,0.6612146825125085,2.1431894119990176
2,46,haar_random,seeqst_uniform,7,4,100,1000,0.45523646158892717,1.2248493773989007
2,46,haar_random,seeqst_uniform,7,4,100,5000,0.21455599697671934,0.6068513934063249
2,46,haar_random,seeqst_uniform,7,4,100,10000,0.149397836632419,0.40609381906350456
2,46,haar_random,seeqst_uniform,7,4,100,25000,0.09700967876529827,0.23747257868030386
2,46,haar_random,seeqst_binomial,7,4,100,10,2.5737859859337573,24.973039370176757
2,46,haar_random,seeqst_binomial,7,4,100,100,0.9505551766612375,4.9368568395984145
2,46,haar_random,seeqst_binomial,7,4,100,500,2.581251267398826,24.300076062324756
2,46,haar_random,seeqst_binomial,7,4,100,1000,1.394902240057956,12.071784517135253
2,46,haar_random,seeqst_binomial,7,4,100,5000,0.8051908850172843,2.5721540575274138
2,46,haar_random,seeqst_binomial,7,4,100,10000,0.5520504273368974,2.5304808873802993
2,46,haar_random,seeqst_binomial,7,4,100,25000,0.36668530011882877,1.9594845313630356
2,46,haar_random,seeqst_unifsize_l,7,4,100,10,4.489807876805676,34.95189471049907
2,46,haar_random,seeqst_unifsize_l,7,4,100,100,1.5052159717680753,4.131016036565047
2,46,haar_random,seeqst_unifsize_l,7,4,100,500,0.6679298202249654,2.0518947104990675
2,46,haar_random,seeqst_unifsize_l,7,4,100,1000,0.46904043568916115,1.6948493773989006
2,46,haar_random,seeqst_unifsize_l,7,4,100,5000,0.19338142958448204,0.4742441911939369
2,46,haar_random,seeqst_unifsize_l,7,4,100,10000,0.14763884418343604,0.439244191193937
2,46,haar_random,seeqst_unifsize_l,7,4,100,25000,0.1047817677998589,0.34630618093649546
2,47,haar_random,pauli,7,4,100,10,0.08184007435620434,0.25013063626460347
2,47,haar_random,pauli,7,4,100,100,4.893380636060818,21.935493964405094
2,47,haar_random,pauli,7,4,100,500,1.8024067904463656,8.763152471767745
2,47,haar_random,pauli,7,4,100,1000,1.2594682744345012,4.389152471767746
2,47,haar_random,pauli,7,4,100,5000,0.5736854537751626,1.8057939056786416
2,47,haar_random,pauli,7,4,100,10000,0.40550970035331885,1.113325176957778
2,47,haar_random,pauli,7,4,100,25000,0.2647341971494654,0.6275124717677468
2,47,haar_random,clifford,7,4,100,10,4.087454959004077,25.76037618434431
2,47,haar_random,clifford,7,4,100,100,1.0082496160871528,2.6229477736111555
2,47,haar_random,clifford,7,4,100,500,0.5276013191260315,1.6019909177273388
2,47,haar_random,clifford,7,4,100,1000,0.4451975266225113,1.2171939056786394
2,47,haar_random,clifford,7,4,100,5000,0.1722000390240601,0.44421263296371044
2,47,haar_random,clifford,7,4,100,10000,0.1115590992038474,0.33224650435865055
2,47,haar_random,clifford,7,4,100,25000,0.07382943246215266,0.21615715755074782
2,47,haar_random,seeqst_uniform,7,4,100,10,3.636112248416111,25.780169912255385
2,47,haar_random,seeqst_uniform,7,4,100,100,1.8238243170199124,7.641184316015698
2,47,haar_random,seeqst_uniform,7,4,100,500,0.681884365679642,2.1431894119990176
2,47,haar_random,seeqst_uniform,7,4,100,1000,0.48876549065864566,1.4967846946316756
2,47,haar_random,seeqst_uniform,7,4,100,5000,0.20366165109942258,0.6068513934063249
2,47,haar_random,seeqst_uniform,7,4,100,10000,0.1572848283764627,0.3502239965377833
2,47,haar_random,seeqst_uniform,7,4,100,25000,0.093601261877338,0.2070022693625921
2,47,haar_random,seeqst_binomial,7,4,100,10,0.6128571492324503,3.522151802245837
2,47,haar_random,seeqst_binomial,7,4,100,100,0.790720513703085,4.89594999420078
2,47,haar_random,seeqst_binomial,7,4,100,500,4.385982644303039,24.512783847674175
2,47,haar_random,seeqst_binomial,7,4,100,1000,2.2580358103565126,12.284492302484669
2,47,haar_random,seeqst_binomial,7,4,100,5000,1.1998861544333408,4.795072065556951
2,47,haar_random,seeqst_binomial,7,4,100,10000,0.7383457463093257,2.6630925011342512
2,47,haar_random,seeqst_binomial,7,4,100,25000,0.46958329117782616,1.6848291775190907
2,47,haar_random,seeqst_unifsize_l,7,4,100,10,4.999615764308368,34.98017482304222
2,47,haar_random,seeqst_unifsize_l,7,4,100,100,1.6055567055292543,6.957182903492397
2,47,haar_random,seeqst_unifsize_l,7,4,100,500,0.6819475031909744,2.103451018620661
2,47,haar_random,seeqst_unifsize_l,7,4,100,1000,0.46691033149307487,1.753451018620661
2,47,haar_random,seeqst_unifsize_l,7,4,100,5000,0.23148475206432825,0.7776745352078861
2,47,haar_random,seeqst_unifsize_l,7,4,100,10000,0.14626324891957238,0.4672866798418927
2,47,haar_random,seeqst_unifsize_l,7,4,100,25000,0.10610639971624207,0.3722896047031281
2,48,haar_random,pauli,7,4,100,10,0.10302747746651301,0.2660112030309202
2,48,haar_random,pauli,7,4,100,100,3.1038438719070083,21.935493964405094
2,48,haar_random,pauli,7,4,100,500,2.097854830144514,8.763152471767745
2,48,haar_random,pauli,7,4,100,1000,1.521329138557726,6.510066296042357
2,48,haar_random,pauli,7,4,100,5000,0.5862716502203292,1.8185839634349528
2,48,haar_random,pauli,7,4,100,10000,0.4360896132300898,1.113325176957778
2,48,haar_random,pauli,7,4,100,25000,0.3156294884619648,0.8617233990113183
2,48,haar_random,clifford,7,4,100,10,1.303408183228034,12.993636554235238
2,48,haar_random,clifford,7,4,100,100,1.1044442004753054,2.6229477736111555
2,48,haar_random,clifford,7,4,100,500,0.5097730598771166,1.484139654192115
2,48,haar_random,clifford,7,4,100,1000,0.36530821824923615,1.0548787189171909
2,48,haar_random,clifford,7,4,100,5000,0.15949804461465572,0.5013988325312088
2,48,haar_random,clifford,7,4,100,10000,0.11678461610250417,0.3723988325312091
2,48,haar_random,clifford,7,4,100,25000,0.06820674528182245,0.213963399011318
2,48,haar_random,seeqst_uniform,7,4,100,10,6.2942236843977755,25.780169912255385
2,48,haar_random,seeqst_uniform,7,4,100,100,1.7390896261008828,5.116512724261629
2,48,haar_random,seeqst_uniform,7,4,100,500,0.7115088386649296,1.558432578680304
2,48,haar_random,seeqst_uniform,7,4,100,1000,0.5839733387006987,1.2900112030309203
2,48,haar_random,seeqst_uniform,7,4,100,5000,0.222585453891616,0.6196555425164578
2,48,haar_random,seeqst_uniform,7,4,100,10000,0.13416710126408585,0.33622335229850264
2,48,haar_random,seeqst_uniform,7,4,100,25000,0.09711588129362059,0.24627357703228017
2,48,haar_random,seeqst_binomial,7,4,100,10,5.107830023660514,25.13501157593313
2,48,haar_random,seeqst_binomial,7,4,100,100,1.9969176810686415,17.495283084390866
2,48,haar_random,seeqst_binomial,7,4,100,500,1.330727469391348,6.878643773450888
2,48,haar_random,seeqst_binomial,7,4,100,1000,2.5871238276479107,12.25896992690075
2,48,haar_random,seeqst_binomial,7,4,100,5000,1.0880157107765527,4.91478275982225
2,48,haar_random,seeqst_binomial,7,4,100,10000,0.7537585529140913,2.4691244507843493
2,48,haar_random,seeqst_binomial,7,4,100,25000,0.43609284076374416,1.424405167701847
2,48,haar_random,seeqst_unifsize_l,7,4,100,10,5.192850425246067,34.98017482304222
2,48,haar_random,seeqst_unifsize_l,7,4,100,100,1.723401957751117,7.026408960732828
2,48,haar_random,seeqst_unifsize_l,7,4,100,500,0.6459590307595882,1.5099226431001116
2,48,haar_random,seeqst_unifsize_l,7,4,100,1000,0.48206249051185623,1.3765338582535518
2,48,haar_random,seeqst_unifsize_l,7,4,100,5000,0.21171499606612398,0.6310971262737183
2,48,haar_random,seeqst_unifsize_l,7,4,100,10000,0.1403584362448835,0.3417996828862676
2,48,haar_random,seeqst_unifsize_l,7,4,100,25000,0.0910507119955902,0.2213216182887534
2,49,haar_random,pauli,7,4,100,10,0.09411682132076861,0.25752968067810644
2,49,haar_random,pauli,7,4,100,100,3.800487620838659,21.935493964405094
2,49,haar_random,pauli,7,4,100,500,2.7307648971654177,8.763152471767745
2,49,haar_random,pauli,7,4,100,1000,1.4191494521797108,4.389152471767746
2,49,haar_random,pauli,7,4,100,5000,0.6124915837902247,1.7204139918765082
2,49,haar_random,pauli,7,4,100,10000,0.47408839392956137,1.1366291254156935
2,49,haar_random,pauli,7,4,100,25000,0.306074150795795,0.6505398265904156
2,49,haar_random,clifford,7,4,100,10,2.8808544129876075,13.03545036420333
2,49,haar_random,clifford,7,4,100,100,1.1083248476612988,2.6786348269412943
2,49,haar_random,clifford,7,4,100,500,0.4907561765638879,1.44187871891719
2,49,haar_random,clifford,7,4,100,1000,0.3785252193857258,1.0548787189171909
2,49,haar_random,clifford,7,4,100,5000,0.17224382596833754,0.44378023288549495
2,49,haar_random,clifford,7,4,100,10000,0.1154615635292162,0.236765173058697
2,49,haar_random,clifford,7,4,100,25000,0.0692034159690928,0.19460215230015185
2,49,haar_random,seeqst_uniform,7,4,100,10,5.750039085352069,25.780169912255385
2,49,haar_random,seeqst_uniform,7,4,100,100,1.3806933728288908,5.0139780754303365
2,49,haar_random,seeqst_uniform,7,4,100,500,0.6628992377794066,2.1059505682219934
2,49,haar_random,seeqst_uniform,7,4,100,1000,0.4956403505121566,1.415450364203386
2,49,haar_random,seeqst_uniform,7,4,100,5000,0.19947110659720163,0.5641517355424625
2,49,haar_random,seeqst_uniform,7,4,100,10000,0.13743035048351654,0.3615156835106072
2,49,haar_random,seeqst_uniform,7,4,100,25000,0.09064018586393559,0.23003691938432888
2,49,haar_random,seeqst_binomial,7,4,100,10,0.9385299428004109,3.582063354037361
2,49,haar_random,seeqst_binomial,7,4,100,100,0.6808673072304123,2.7028779012672333
2,49,haar_random,seeqst_binomial,7,4,100,500,0.6249807168355369,3.5734708132099997
2,49,haar_random,seeqst_binomial,7,4,100,1000,1.8020380673271756,12.211038577152799
2,49,haar_random,seeqst_binomial,7,4,100,5000,0.8990367798221207,4.937794763788562
2,49,haar_random,seeqst_binomial,7,4,100,10000,0.5740126681914725,2.4921364547506615
2,49,haar_random,seeqst_binomial,7,4,100,25000,0.3905034761975228,1.8638184606757053
2,49,haar_random,seeqst_unifsize_l,7,4,100,10,5.1724144838277955,34.94204943177801
2,49,haar_random,seeqst_unifsize_l,7,4,100,100,1.727204040634935,6.901429729617806
2,49,haar_random,seeqst_unifsize_l,7,4,100,500,0.7603192123571562,2.7535218542872393
2,49,haar_random,seeqst_unifsize_l,7,4,100,1000,0.5360845196891955,1.753451018620661
2,49,haar_random,seeqst_unifsize_l,7,4,100,5000,0.21502920366175765,0.6166719236301346
2,49,haar_random,seeqst_unifsize_l,7,4,100,10000,0.1449659969193795,0.38648540789459407
2,49,haar_random,seeqst_unifsize_l,7,4,100,25000,0.10564446572439343,0.3722896047031281
2,50,haar_random,pauli,7,4,100,10,0.08967928304623286,0.19620597130012188
2,50,haar_random,pauli,7,4,100,100,4.369772958109687,21.935493964405094
2,50,haar_random,pauli,7,4,100,500,2.3212882203415433,8.763152471767745
2,50,haar_random,pauli,7,4,100,1000,1.454527394628021,4.4880064124938075
2,50,haar_random,pauli,7,4,100,5000,0.5897123658720141,1.7718443665440229
2,50,haar_random,pauli,7,4,100,10000,0.5144610425502149,1.3609751793700064
2,50,haar_random,pauli,7,4,100,25000,0.31103192502810223,0.7220843665440235
2,50,haar_random,clifford,7,4,100,10,2.9076452700333966,13.06310021308096
2,50,haar_random,clifford,7,4,100,100,1.1487690257897267,2.6693815323865655
2,50,haar_random,clifford,7,4,100,500,0.48155797268108425,1.384899786919007
2,50,haar_random,clifford,7,4,100,1000,0.3357551414624046,0.824269239684129
2,50,haar_random,clifford,7,4,100,5000,0.1599313272248202,0.39674650435865044
2,50,haar_random,clifford,7,4,100,10000,0.11634819618530205,0.33224650435865055
2,50,haar_random,clifford,7,4,100,25000,0.06600813195685434,0.19460215230015185
2,50,haar_random,seeqst_uniform,7,4,100,10,6.281595413207441,25.780169912255385
2,50,haar_random,seeqst_uniform,7,4,100,100,1.0814552851903205,2.740169912255384
2,50,haar_random,seeqst_uniform,7,4,100,500,0.6019686337388803,1.6024095028174832
2,50,haar_random,seeqst_uniform,7,4,100,1000,0.45466341245712383,1.5642024256015334
2,50,haar_random,seeqst_uniform,7,4,100,5000,0.2160585043401566,0.6988916556478735
2,50,haar_random,seeqst_uniform,7,4,100,10000,0.16267932154285833,0.43009879661504385
2,50,haar_random,seeqst_uniform,7,4,100,25000,0.10077805528640435,0.26237337119838533
2,50,haar_random,seeqst_binomial,7,4,100,10,6.174945968164606,25.13501157593313
2,50,haar_random,seeqst_binomial,7,4,100,100,3.241100987128326,17.495283084390866
2,50,haar_random,seeqst_binomial,7,4,100,500,0.9781057578926055,3.5200927470314345
2,50,haar_random,seeqst_binomial,7,4,100,1000,1.495807127024314,12.199055234334141
2,50,haar_random,seeqst_binomial,7,4,100,5000,0.8089536985360977,2.5518405729564506
2,50,haar_random,seeqst_binomial,7,4,100,10000,0.5667183835787675,2.5518405729564506
2,50,haar_random,seeqst_binomial,7,4,100,25000,0.3084319332754035,1.8297800184287059
2,50,haar_random,seeqst_unifsize_l,7,4,100,10,5.596472160808981,34.971797574398465
2,50,haar_random,seeqst_unifsize_l,7,4,100,100,1.4190975431066157,6.901429729617806
2,50,haar_random,seeqst_unifsize_l,7,4,100,500,0.6431826646630923,2.0014297296178065
2,50,haar_random,seeqst_unifsize_l,7,4,100,1000,0.5114329879640981,1.5100179461299956
2,50,haar_random,seeqst_unifsize_l,7,4,100,5000,0.19966289427108355,0.5892363108553637
2,50,haar_random,seeqst_unifsize_l,7,4,100,10000,0.15470036170875967,0.5009562094695107
2,50,haar_random,seeqst_unifsize_l,7,4,100,25000,0.09536681325178392,0.3232363108553636
2,51,haar_random,pauli,7,4,100,10,21.874022286549877,218.7380702943723
2,51,haar_random,pauli,7,4,100,100,6.562410341197676,21.935493964405094
2,51,haar_random,pauli,7,4,100,500,2.6123199508696393,8.763152471767745
2,51,haar_random,pauli,7,4,100,1000,1.6145235861449565,6.5193110018914275
2,51,haar_random,pauli,7,4,100,5000,0.6625887199180405,2.1624722078871494
2,51,haar_random,pauli,7,4,100,10000,0.48966146390660764,1.4496737706111809
2,51,haar_random,pauli,7,4,100,25000,0.28766808695263923,0.7282407980484514
2,51,haar_random,clifford,7,4,100,10,2.889221214443791,13.03545036420333
2,51,haar_random,clifford,7,4,100,100,1.0226404774438564,3.6837250041561505
2,51,haar_random,clifford,7,4,100,500,0.4789601485967527,1.6197250041561588
2,51,haar_random,clifford,7,4,100,1000,0.3525978542825801,1.0548787189171909
2,51,haar_random,clifford,7,4,100,5000,0.1585984432670329,0.36157402461956756
2,51,haar_random,clifford,7,4,100,10000,0.13098352857320664,0.3454634474368443
2,51,haar_random,clifford,7,4,100,25000,0.07294482765251238,0.2328814887700374
2,51,haar_random,seeqst_uniform,7,4,100,10,4.438319907475798,25.80779505259926
2,51,haar_random,seeqst_uniform,7,4,100,100,1.53304353420254,5.051951421344113
2,51,haar_random,seeqst_uniform,7,4,100,500,0.6582701460943061,1.671450364203386
2,51,haar_random,seeqst_uniform,7,4,100,1000,0.49942640908814456,1.415450364203386
2,51,haar_random,seeqst_uniform,7,4,100,5000,0.23638481395609712,0.6988916556478735
2,51,haar_random,seeqst_uniform,7,4,100,10000,0.1731714027438286,0.3615156835106072
2,51,haar_random,seeqst_uniform,7,4,100,25000,0.09903468607454845,0.23003691938432888
2,51,haar_random,seeqst_binomial,7,4,100,10,2.6453883927114803,24.747901978399728
2,51,haar_random,seeqst_binomial,7,4,100,100,0.7264009255348031,2.7028779012672333
2,51,haar_random,seeqst_binomial,7,4,100,500,0.9621246689741036,3.6165515570021305
2,51,haar_random,seeqst_binomial,7,4,100,1000,0.5374639051858288,1.869652764832201
2,51,haar_random,seeqst_binomial,7,4,100,5000,0.7621333483964996,2.5743006176311543
2,51,haar_random,seeqst_binomial,7,4,100,10000,0.5064836149058247,2.504737510989449
2,51,haar_random,seeqst_binomial,7,4,100,25000,0.3987928503553351,2.2626674334438746
2,51,haar_random,seeqst_unifsize_l,7,4,100,10,5.602514719933414,35.06804857865589
2,51,haar_random,seeqst_unifsize_l,7,4,100,100,1.7956979905380646,6.998861192793965
2,51,haar_random,seeqst_unifsize_l,7,4,100,500,0.7531610185044794,2.798861192793965
2,51,haar_random,seeqst_unifsize_l,7,4,100,1000,0.5284793919060812,1.3525462022444599
2,51,haar_random,seeqst_unifsize_l,7,4,100,5000,0.22323762654812015,0.6001306362646035
2,51,haar_random,seeqst_unifsize_l,7,4,100,10000,0.1683435979396426,0.4094850963328779
2,51,haar_random,seeqst_unifsize_l,7,4,100,25000,0.1021450398181096,0.2729408410154268
2,52,haar_random,pauli,7,4,100,10,0.09027749243939667,0.2660112030309202
2,52,haar_random,pauli,7,4,100,100,4.900942476036913,21.935493964405094
2,52,haar_random,pauli,7,4,100,500,1.8183467969018727,8.753088574560648
2,52,haar_random,pauli,7,4,100,1000,1.3221525669594112,6.566088574560649
2,52,haar_random,pauli,7,4,100,5000,0.5704400036769492,2.1305204442512022
2,52,haar_random,pauli,7,4,100,10000,0.4340637132461227,1.0765362218196373
2,52,haar_random,pauli,7,4,100,25000,0.2798863864990739,1.0807604442512024
2,52,haar_random,clifford,7,4,100,10,3.164961881136308,12.993636554235238
2,52,haar_random,clifford,7,4,100,100,0.9660411234946028,2.6786348269412943
2,52,haar_random,clifford,7,4,100,500,0.519604656515476,1.5224984296557942
2,52,haar_random,clifford,7,4,100,1000,0.37746506327150536,1.0064984296557957
2,52,haar_random,clifford,7,4,100,5000,0.16418738065720886,0.34423622181963637
2,52,haar_random,clifford,7,4,100,10000,0.11252950749605678,0.35313042166273806
2,52,haar_random,clifford,7,4,100,25000,0.06721732849746576,0.18807102284450655
2,52,haar_random,seeqst_uniform,7,4,100,10,4.454929242556525,25.780169912255385
2,52,haar_random,seeqst_uniform,7,4,100,100,1.2396676482185935,2.740169912255384
2,52,haar_random,seeqst_uniform,7,4,100,500,0.6851138197583942,2.5081189275479767
2,52,haar_random,seeqst_uniform,7,4,100,1000,0.4520349767423656,1.2900112030309203
2,52,haar_random,seeqst_uniform,7,4,100,5000,0.23163546518773395,0.6988916556478735
2,52,haar_random,seeqst_uniform,7,4,100,10000,0.16811521601554055,0.4354954005491481
2,52,haar_random,seeqst_uniform,7,4,100,25000,0.09387228805264898,0.2180537964602279
2,52,haar_random,seeqst_binomial,7,4,100,10,2.605240739834509,24.810148787187416
2,52,haar_random,seeqst_binomial,7,4,100,100,4.332853733917211,34.937680442849434
2,52,haar_random,seeqst_binomial,7,4,100,500,1.2113284187551439,6.987299768130569
2,52,haar_random,seeqst_binomial,7,4,100,1000,0.8032664143277735,5.24040097596064
2,52,haar_random,seeqst_binomial,7,4,100,5000,0.562628509377122,2.5518405729564506
2,52,haar_random,seeqst_binomial,7,4,100,10000,0.5654896605046181,2.5518405729564506
2,52,haar_random,seeqst_binomial,7,4,100,25000,0.35539967776233605,1.4604875225171918
2,52,haar_random,seeqst_unifsize_l,7,4,100,10,1.5802650585710896,7.194394576364391
2,52,haar_random,seeqst_unifsize_l,7,4,100,100,1.4565092447966275,6.901429729617806
2,52,haar_random,seeqst_unifsize_l,7,4,100,500,0.6911219445827295,2.7143556662465214
2,52,haar_random,seeqst_unifsize_l,7,4,100,1000,0.54221102549365,1.6643556662465213
2,52,haar_random,seeqst_unifsize_l,7,4,100,5000,0.20107543620000054,0.5786893545751403
2,52,haar_random,seeqst_unifsize_l,7,4,100,10000,0.15888471181850305,0.48776160547732006
2,52,haar_random,seeqst_unifsize_l,7,4,100,25000,0.09347100762844172,0.29876160547732006
2,53,haar_random,pauli,7,4,100,10,0.09912140735757963,0.25013063626460347
2,53,haar_random,pauli,7,4,100,100,3.112971202900428,22.067026969958853
2,53,haar_random,pauli,7,4,100,500,2.31555964790768,8.945026969958858
2,53,haar_random,pauli,7,4,100,1000,1.4399490232488537,4.5710269699588615
2,53,haar_random,pauli,7,4,100,5000,0.6395554134903151,1.8185839634349528
2,53,haar_random,pauli,7,4,100,10000,0.4560936433342458,1.090663447436845
2,53,haar_random,pauli,7,4,100,25000,0.29410839531444305,0.8617233990113183
2,53,haar_random,clifford,7,4,100,10,5.006666054619583,25.76037618434431
2,53,haar_random,clifford,7,4,100,100,1.1564484641581494,2.6229477736111555
2,53,haar_random,clifford,7,4,100,500,0.5731593429369742,1.484139654192115
2,53,haar_random,clifford,7,4,100,1000,0.4101897045530572,1.0634126329637086
2,53,haar_random,clifford,7,4,100,5000,0.16787043441141122,0.44421263296371044
2,53,haar_random,clifford,7,4,100,10000,0.10618497719843521,0.3454634474368443
2,53,haar_random,clifford,7,4,100,25000,0.05790610359917089,0.213963399011318
2,53,haar_random,seeqst_uniform,7,4,100,10,5.750555077175763,25.780169912255385
2,53,haar_random,seeqst_uniform,7,4,100,100,1.3715597131470543,2.740169912255384
2,53,haar_random,seeqst_uniform,7,4,100,500,0.7181192817937239,1.6963328120570966
2,53,haar_random,seeqst_uniform,7,4,100,1000,0.5626003269030554,2.1027498348045763
2,53,haar_random,seeqst_uniform,7,4,100,5000,0.2503999321604595,0.6691498348045766
2,53,haar_random,seeqst_uniform,7,4,100,10000,0.1564812949034238,0.3615156835106072
2,53,haar_random,seeqst_uniform,7,4,100,25000,0.10501304477379556,0.288212016205168
2,53,haar_random,seeqst_binomial,7,4,100,10,3.7154250845557697,25.13501157593313
2,53,haar_random,seeqst_binomial,7,4,100,100,2.60148833371152,17.498215905494124
2,53,haar_random,seeqst_binomial,7,4,100,500,4.383538383017559,24.68364291233938
2,53,haar_random,seeqst_binomial,7,4,100,1000,2.63778538740825,12.455351367149875
2,53,haar_random,seeqst_binomial,7,4,100,5000,0.8028769843430837,2.6727181309982715
2,53,haar_random,seeqst_binomial,7,4,100,10000,0.400879272990277,1.449888976479321
2,53,haar_random,seeqst_binomial,7,4,100,25000,0.2633926566940477,1.3850719669276423
2,53,haar_random,seeqst_unifsize_l,7,4,100,10,4.433891051514271,35.03694737457722
2,53,haar_random,seeqst_unifsize_l,7,4,100,100,1.5773929267258484,7.026408960732828
2,53,haar_random,seeqst_unifsize_l,7,4,100,500,0.6675384963878928,2.7588946622839576
2,53,haar_random,seeqst_unifsize_l,7,4,100,1000,0.5172781553913167,1.7088946622839578
2,53,haar_random,seeqst_unifsize_l,7,4,100,5000,0.2108426259637998,0.6001306362646035
2,53,haar_random,seeqst_unifsize_l,7,4,100,10000,0.13052067223187233,0.2849884374551227
2,53,haar_random,seeqst_unifsize_l,7,4,100,25000,0.08887966526811732,0.32220075729516406
2,54,haar_random,pauli,7,4,100,10,21.87482533393563,218.74665184113934
2,54,haar_random,pauli,7,4,100,100,7.26623299445798,43.774169247336175
2,54,haar_random,pauli,7,4,100,500,3.033496688691775,8.945026969958858
2,54,haar_random,pauli,7,4,100,1000,1.7268397730338534,6.563973956423113
2,54,haar_random,pauli,7,4,100,5000,0.614005113954397,2.1470316528565143
2,54,haar_random,pauli,7,4,100,10000,0.44456288022992824,1.1366291254156935
2,54,haar_random,pauli,7,4,100,25000,0.32039112829763516,0.8617233990113183
2,54,haar_random,clifford,7,4,100,10,3.889468839669221,12.993636554235238
2,54,haar_random,clifford,7,4,100,100,1.05112219670594,2.6229477736111555
2,54,haar_random,clifford,7,4,100,500,0.44456000134555107,1.0749477736111592
2,54,haar_random,clifford,7,4,100,1000,0.3492384568627196,0.8563481588605638
2,54,haar_random,clifford,7,4,100,5000,0.16200523211124915,0.36921058800098067
2,54,haar_random,clifford,7,4,100,10000,0.11009782901863613,0.32232339901131757
2,54,haar_random,clifford,7,4,100,25000,0.07116964209398623,0.213963399011318
2,54,haar_random,seeqst_uniform,7,4,100,10,0.08383458145950656,0.2055052880675863
2,54,haar_random,seeqst_uniform,7,4,100,100,1.3056968965366238,5.215189411999018
2,54,haar_random,seeqst_uniform,7,4,100,500,0.6833802445587196,2.1431894119990176
2,54,haar_random,seeqst_uniform,7,4,100,1000,0.47356296670489356,1.2293135770322803
2,54,haar_random,seeqst_uniform,7,4,100,5000,0.22622723909723744,0.5763249126156705
2,54,haar_random,seeqst_uniform,7,4,100,10000,0.1565964147349086,0.40609381906350456
2,54,haar_random,seeqst_uniform,7,4,100,25000,0.10021306214913524,0.24627357703228017
2,54,haar_random,seeqst_binomial,7,4,100,10,2.642688034030063,24.942620430010304
2,54,haar_random,seeqst_binomial,7,4,100,100,0.8506144355881617,4.9368568395984145
2,54,haar_random,seeqst_binomial,7,4,100,500,2.610956448460803,24.39225817776334
2,54,haar_random,seeqst_binomial,7,4,100,1000,1.9662801879269682,12.433796833257091
2,54,haar_random,seeqst_binomial,7,4,100,5000,0.7303914896754513,2.651163597105487
2,54,haar_random,seeqst_binomial,7,4,100,10000,0.5454547446490364,2.651163597105487
2,54,haar_random,seeqst_binomial,7,4,100,25000,0.3280025195466532,1.5015642327589407
2,54,haar_random,seeqst_unifsize_l,7,4,100,10,3.6225711088308326,34.794494711932415
2,54,haar_random,seeqst_unifsize_l,7,4,100,100,1.7849944292928608,7.041387145069365
2,54,haar_random,seeqst_unifsize_l,7,4,100,500,0.6338629879782383,1.4803061809364952
2,54,haar_random,seeqst_unifsize_l,7,4,100,1000,0.540282494948135,1.7906144404287303
2,54,haar_random,seeqst_unifsize_l,7,4,100,5000,0.23635878550256909,0.6050404962760499
2,54,haar_random,seeqst_unifsize_l,7,4,100,10000,0.1524862807826373,0.4331862035397721
2,54,haar_random,seeqst_unifsize_l,7,4,100,25000,0.10876900812901928,0.34630618093649546
2,55,haar_random,pauli,7,4,100,10,0.08895430211317532,0.20779505259925746
2,55,haar_random,pauli,7,4,100,100,5.796851390250455,22.01458345207046
2,55,haar_random,pauli,7,4,100,500,2.4017569729443538,8.892583452070472
2,55,haar_random,pauli,7,4,100,1000,1.5908509186408488,6.563973956423113
2,55,haar_random,pauli,7,4,100,5000,0.6661198289449164,1.8134606855040485
2,55,haar_random,pauli,7,4,100,10000,0.5469004972743502,1.2484946240095245
2,55,haar_random,pauli,7,4,100,25000,0.32667954722181186,1.0235415420623664
2,55,haar_random,clifford,7,4,100,10,2.903902521716264,13.039824311142814
2,55,haar_random,clifford,7,4,100,100,1.245754994760281,2.6785335037748936
2,55,haar_random,clifford,7,4,100,500,0.5267784050214104,1.44187871891719
2,55,haar_random,clifford,7,4,100,1000,0.3728388879961,1.0634126329637086
2,55,haar_random,clifford,7,4,100,5000,0.17370180112490805,0.44421263296371044
2,55,haar_random,clifford,7,4,100,10000,0.10537021062755392,0.33224650435865055
2,55,haar_random,clifford,7,4,100,25000,0.07512591935100549,0.2328814887700374
2,55,haar_random,seeqst_uniform,7,4,100,10,6.276576280605298,25.80779505259926
2,55,haar_random,seeqst_uniform,7,4,100,100,1.2994585425623482,5.183705375990475
2,55,haar_random,seeqst_uniform,7,4,100,500,0.6290950451581613,1.682953723815888
2,55,haar_random,seeqst_uniform,7,4,100,1000,0.46436593622730127,1.0894939644051003
2,55,haar_random,seeqst_uniform,7,4,100,5000,0.2334088218115756,0.6988916556478735
2,55,haar_random,seeqst_uniform,7,4,100,10000,0.15459780899376852,0.34259225982335856
2,55,haar_random,seeqst_uniform,7,4,100,25000,0.09738197788885317,0.24019225982335857
2,55,haar_random,seeqst_binomial,7,4,100,10,4.417686503718918,25.13501157593313
2,55,haar_random,seeqst_binomial,7,4,100,100,2.066911560246901,17.557618207404538
2,55,haar_random,seeqst_binomial,7,4,100,500,0.8708950218353017,3.5824278700451067
2,55,haar_random,seeqst_binomial,7,4,100,1000,1.4365451640818658,12.208893098831705
2,55,haar_random,seeqst_binomial,7,4,100,5000,0.8169207298169865,2.559356766975534
2,55,haar_random,seeqst_binomial,7,4,100,10000,0.47731261195337543,1.339666381236401
2,55,haar_random,seeqst_binomial,7,4,100,25000,0.2841281911580165,0.9473485594664953
2,55,haar_random,seeqst_unifsize_l,7,4,100,10,5.477287103811095,35.05715220146863
2,55,haar_random,seeqst_unifsize_l,7,4,100,100,1.5306098730833664,6.901429729617806
2,55,haar_random,seeqst_unifsize_l,7,4,100,500,0.7427962561902336,2.1099846144262258
2,55,haar_random,seeqst_unifsize_l,7,4,100,1000,0.48595227157051246,1.4032242436688183
2,55,haar_random,seeqst_unifsize_l,7,4,100,5000,0.20784745891754397,0.6455479499195037
2,55,haar_random,seeqst_unifsize_l,7,4,100,10000,0.16458017638721062,0.4705479499195037
2,55,haar_random,seeqst_unifsize_l,7,4,100,25000,0.1099512545347844,0.30817568885715735
2,56,haar_random,pauli,7,4,100,10,0.09428319524939544,0.19439457636439075
2,56,haar_random,pauli,7,4,100,100,4.888718628053944,21.943596285301734
2,56,haar_random,pauli,7,4,100,500,2.0526603964763264,8.763152471767745
2,56,haar_random,pauli,7,4,100,1000,1.4638951792718604,6.530341035706438
2,56,haar_random,pauli,7,4,100,5000,0.6328055638586334,1.8185839634349528
2,56,haar_random,pauli,7,4,100,10000,0.5081029200670103,1.3609751793700064
2,56,haar_random,pauli,7,4,100,25000,0.29661323751995006,0.6275124717677468
2,56,haar_random,clifford,7,4,100,10,3.1638124012459827,13.03545036420333
2,56,haar_random,clifford,7,4,100,100,0.9969674923112478,2.643860685504041
2,56,haar_random,clifford,7,4,100,500,0.5663265856148638,1.5224984296557942
2,56,haar_random,clifford,7,4,100,1000,0.3696607534586894,1.0548787189171909
2,56,haar_random,clifford,7,4,100,5000,0.16594948824785152,0.38488597809616026
2,56,haar_random,clifford,7,4,100,10000,0.10851113301181865,0.30164009105279294
2,56,haar_random,clifford,7,4,100,25000,0.07649523845850684,0.21615715755074782
2,56,haar_random,seeqst_uniform,7,4,100,10,6.288267831736584,25.780169912255385
2,56,haar_random,seeqst_uniform,7,4,100,100,1.467025196355394,2.740169912255384
2,56,haar_random,seeqst_uniform,7,4,100,500,0.716251657851998,2.5081189275479767
2,56,haar_random,seeqst_uniform,7,4,100,1000,0.5015160444303183,1.429886361395015
2,56,haar_random,seeqst_uniform,7,4,100,5000,0.203667694324344,0.4163328120570966
2,56,haar_random,seeqst_uniform,7,4,100,10000,0.12989558508816676,0.33622335229850264
2,56,haar_random,seeqst_uniform,7,4,100,25000,0.09266044452423144,0.23380746607108777
2,56,haar_random,seeqst_binomial,7,4,100,10,1.0104145198552066,3.582063354037361
2,56,haar_random,seeqst_binomial,7,4,100,100,1.8463636426589283,17.520868994151314
2,56,haar_random,seeqst_binomial,7,4,100,500,2.61166722535356,24.437785506847547
2,56,haar_random,seeqst_binomial,7,4,100,1000,1.9084563902906289,12.20949396165804
2,56,haar_random,seeqst_binomial,7,4,100,5000,0.9041227988465139,2.5476940388011133
2,56,haar_random,seeqst_binomial,7,4,100,10000,0.7250156488149302,2.5476940388011133
2,56,haar_random,seeqst_binomial,7,4,100,25000,0.44938967636867216,1.9957345350999907
2,56,haar_random,seeqst_unifsize_l,7,4,100,10,5.431145171455586,35.02712022900834
2,56,haar_random,seeqst_unifsize_l,7,4,100,100,1.903731855628986,7.026408960732828
2,56,haar_random,seeqst_unifsize_l,7,4,100,500,0.6610819766259458,1.5385602835043648
2,56,haar_random,seeqst_unifsize_l,7,4,100,1000,0.4877269003074571,1.156113638604985
2,56,haar_random,seeqst_unifsize_l,7,4,100,5000,0.22893584588543006,0.7271202290083397
2,56,haar_random,seeqst_unifsize_l,7,4,100,10000,0.14319408316514887,0.4094850963328779
2,56,haar_random,seeqst_unifsize_l,7,4,100,25000,0.09389811194459033,0.3444854078945941
2,57,haar_random,pauli,7,4,100,10,0.09524273475592811,0.25752968067810644
2,57,haar_random,pauli,7,4,100,100,4.896044139330808,21.935493964405094
2,57,haar_random,pauli,7,4,100,500,2.513614391760358,8.763152471767745
2,57,haar_random,pauli,7,4,100,1000,1.5496891388851552,4.5088689521410625
2,57,haar_random,pauli,7,4,100,5000,0.6333419132617698,1.8134606855040485
2,57,haar_random,pauli,7,4,100,10000,0.4370714814369811,1.2484946240095245
2,57,haar_random,pauli,7,4,100,25000,0.3234251497125702,0.8617233990113183
2,57,haar_random,clifford,7,4,100,10,1.2970620864069473,12.93565456383936
2,57,haar_random,clifford,7,4,100,100,1.2465930028517285,2.643860685504041
2,57,haar_random,clifford,7,4,100,500,0.5920056128336182,1.4112142774337857
2,57,haar_random,clifford,7,4,100,1000,0.3878013538496292,0.9837009737441488
2,57,haar_random,clifford,7,4,100,5000,0.1638367453548737,0.3467314591760088
2,57,haar_random,clifford,7,4,100,10000,0.10386946165938223,0.32232339901131757
2,57,haar_random,clifford,7,4,100,25000,0.06534351432925967,0.213963399011318
2,57,haar_random,seeqst_uniform,7,4,100,10,7.71759835731732,25.780169912255385
2,57,haar_random,seeqst_uniform,7,4,100,100,1.6423312985739482,5.183705375990475
2,57,haar_random,seeqst_uniform,7,4,100,500,0.6564194947341844,2.5081189275479767
2,57,haar_random,seeqst_uniform,7,4,100,1000,0.48488168528421355,1.4938588801706096
2,57,haar_random,seeqst_uniform,7,4,100,5000,0.22248634069424592,0.6068513934063249
2,57,haar_random,seeqst_uniform,7,4,100,10000,0.13986686388972758,0.35332213129101037
2,57,haar_random,seeqst_uniform,7,4,100,25000,0.10432109466603671,0.32772213129101035
2,57,haar_random,seeqst_binomial,7,4,100,10,5.087460531691702,24.942620430010304
2,57,haar_random,seeqst_binomial,7,4,100,100,2.594168348930101,17.520868994151314
2,57,haar_random,seeqst_binomial,7,4,100,500,2.673715694451752,24.411042694151718
2,57,haar_random,seeqst_binomial,7,4,100,1000,2.3417203975458,12.433796833257091
2,57,haar_random,seeqst_binomial,7,4,100,5000,0.9727051847447468,4.917701896602942
2,57,haar_random,seeqst_binomial,7,4,100,10000,0.8018234721800872,3.694872742083992
2,57,haar_random,seeqst_binomial,7,4,100,25000,0.3718752861899862,1.8113715485275335
2,57,haar_random,seeqst_unifsize_l,7,4,100,10,7.958925243262774,35.05105147650922
2,57,haar_random,seeqst_unifsize_l,7,4,100,100,1.441217528051081,4.225870937834874
2,57,haar_random,seeqst_unifsize_l,7,4,100,500,0.6645206383157761,2.103451018620661
2,57,haar_random,seeqst_unifsize_l,7,4,100,1000,0.5135018420556542,1.753451018620661
2,57,haar_random,seeqst_unifsize_l,7,4,100,5000,0.2183689833208364,0.508322114276884
2,57,haar_random,seeqst_unifsize_l,7,4,100,10000,0.1674814853081476,0.6057009737441512
2,57,haar_random,seeqst_unifsize_l,7,4,100,25000,0.10449203585751213,0.3722896047031281
2,58,haar_random,pauli,7,4,100,10,30.934966760913365,218.74665184113934
2,58,haar_random,pauli,7,4,100,100,6.199170402787521,22.067026969958853
2,58,haar_random,pauli,7,4,100,500,2.6676509591961617,8.945026969958858
2,58,haar_random,pauli,7,4,100,1000,1.9042822414751894,6.530341035706438
2,58,haar_random,pauli,7,4,100,5000,0.7292321927763336,2.1305204442512022
2,58,haar_random,pauli,7,4,100,10000,0.5020247322401674,1.3609751793700064
2,58,haar_random,pauli,7,4,100,25000,0.3174958403840177,1.0807604442512024
2,58,haar_random,clifford,7,4,100,10,2.607938751442621,13.03545036420333
2,58,haar_random,clifford,7,4,100,100,1.1004926838350673,2.643860685504041
2,58,haar_random,clifford,7,4,100,500,0.5913845505002023,1.44187871891719
2,58,haar_random,clifford,7,4,100,1000,0.40388585201419325,1.0548787189171909
2,58,haar_random,clifford,7,4,100,5000,0.1621090929709083,0.4004469995583224
2,58,haar_random,clifford,7,4,100,10000,0.1143053912646358,0.28278074255778707
2,58,haar_random,clifford,7,4,100,25000,0.07405108874635823,0.21615715755074782
2,58,haar_random,seeqst_uniform,7,4,100,10,6.772636781238296,25.80779505259926
2,58,haar_random,seeqst_uniform,7,4,100,100,1.376860090335345,5.058517107334252
2,58,haar_random,seeqst_uniform,7,4,100,500,0.7339591004037851,2.5081189275479767
2,58,haar_random,seeqst_uniform,7,4,100,1000,0.5745492497345878,1.415450364203386
2,58,haar_random,seeqst_uniform,7,4,100,5000,0.21123815069028484,0.6016788942987469
2,58,haar_random,seeqst_uniform,7,4,100,10000,0.1515373033335457,0.5248788942987469
2,58,haar_random,seeqst_uniform,7,4,100,25000,0.09569784685384863,0.21447251393023564
2,58,haar_random,seeqst_binomial,7,4,100,10,3.6218812152752187,24.973039370176757
2,58,haar_random,seeqst_binomial,7,4,100,100,3.547616970045865,17.520868994151314
2,58,haar_random,seeqst_binomial,7,4,100,500,1.3298964592846214,6.878643773450888
2,58,haar_random,seeqst_binomial,7,4,100,1000,1.0954535072268172,5.131744981280958
2,58,haar_random,seeqst_binomial,7,4,100,5000,0.8111660193835063,2.588053582213863
2,58,haar_random,seeqst_binomial,7,4,100,10000,0.7503559973242147,4.962019623431041
2,58,haar_random,seeqst_binomial,7,4,100,25000,0.37404177699197627,1.895654133300085
2,58,haar_random,seeqst_unifsize_l,7,4,100,10,2.610834897352308,20.95389668981099
2,58,haar_random,seeqst_unifsize_l,7,4,100,100,1.7665410859041795,4.335450364203386
2,58,haar_random,seeqst_unifsize_l,7,4,100,500,0.5816882619323677,1.6973423391777684
2,58,haar_random,seeqst_unifsize_l,7,4,100,1000,0.4880842716441783,1.693555572590165
2,58,haar_random,seeqst_unifsize_l,7,4,100,5000,0.23173904589734493,0.848421428593159
2,58,haar_random,seeqst_unifsize_l,7,4,100,10000,0.15325420351158914,0.463421428593159
2,58,haar_random,seeqst_unifsize_l,7,4,100,25000,0.09870227247920234,0.2575800251177913
2,59,haar_random,pauli,7,4,100,10,0.08965163273868909,0.2660112030309202
2,59,haar_random,pauli,7,4,100,100,4.888474755121843,21.935493964405094
2,59,haar_random,pauli,7,4,100,500,2.1855753461743412,8.763152471767745
2,59,haar_random,pauli,7,4,100,1000,1.3148823153379707,4.420004676865322
2,59,haar_random,pauli,7,4,100,5000,0.706420713574475,2.1305204442512022
2,59,haar_random,pauli,7,4,100,10000,0.4766278802582078,1.4496737706111809
2,59,haar_random,pauli,7,4,100,25000,0.27345784852514393,1.0807604442512024
2,59,haar_random,clifford,7,4,100,10,3.172715215833028,13.03545036420333
2,59,haar_random,clifford,7,4,100,100,1.165010044277089,3.7543972601476345
2,59,haar_random,clifford,7,4,100,500,0.534979522267184,1.3403685968342003
2,59,haar_random,clifford,7,4,100,1000,0.3882506585601672,0.9982400910527914
2,59,haar_random,clifford,7,4,100,5000,0.13926727497007144,0.3638509347662957
2,59,haar_random,clifford,7,4,100,10000,0.10001961524090253,0.30164009105279294
2,59,haar_random,clifford,7,4,100,25000,0.06485960925188611,0.2139200910527934
2,59,haar_random,seeqst_uniform,7,4,100,10,0.08965163273868915,0.2660112030309202
2,59,haar_random,seeqst_uniform,7,4,100,100,1.6117408702289056,5.111753964069628
2,59,haar_random,seeqst_uniform,7,4,100,500,0.8118460713536352,2.6252619153747574
2,59,haar_random,seeqst_uniform,7,4,100,1000,0.6296116427141203,1.8572619153747572
2,59,haar_random,seeqst_uniform,7,4,100,5000,0.23217300518125228,0.8125947008128497
2,59,haar_random,seeqst_uniform,7,4,100,10000,0.1523998166564162,0.5039689181561172
2,59,haar_random,seeqst_uniform,7,4,100,25000,0.0929621286358698,0.2698747008128497
2,59,haar_random,seeqst_binomial,7,4,100,10,1.0628733025017478,3.582063354037361
2,59,haar_random,seeqst_binomial,7,4,100,100,3.921260142185242,34.948855947996144
2,59,haar_random,seeqst_binomial,7,4,100,500,1.1504087560607208,6.998475273277276
2,59,haar_random,seeqst_binomial,7,4,100,1000,1.980639663218759,12.3209590567221
2,59,haar_random,seeqst_binomial,7,4,100,5000,1.0809615698859083,2.5383258205704955
2,59,haar_random,seeqst_binomial,7,4,100,10000,0.7971426731191567,4.962019623431041
2,59,haar_random,seeqst_binomial,7,4,100,25000,0.39521133023877875,1.53809799077798
2,59,haar_random,seeqst_unifsize_l,7,4,100,10,6.291965167079129,34.99175396406963
2,59,haar_random,seeqst_unifsize_l,7,4,100,100,1.8174262449293688,7.084831081843883
2,59,haar_random,seeqst_unifsize_l,7,4,100,500,0.6699536151442308,2.185036922457967
2,59,haar_random,seeqst_unifsize_l,7,4,100,1000,0.4849917817787836,1.693555572590165
2,59,haar_random,seeqst_unifsize_l,7,4,100,5000,0.24104189649512409,0.6455479499195037
2,59,haar_random,seeqst_unifsize_l,7,4,100,10000,0.1714720749359398,0.4705479499195037
2,59,haar_random,seeqst_unifsize_l,7,4,100,25000,0.10518559152194379,0.3722896047031281
2,60,haar_random,pauli,7,4,100,10,0.09600966297287675,0.2660112030309202
2,60,haar_random,pauli,7,4,100,100,3.0913379537895893,21.935493964405094
2,60,haar_random,pauli,7,4,100,500,2.138365726025287,8.763152471767745
2,60,haar_random,pauli,7,4,100,1000,1.5445813063110154,6.563973956423113
2,60,haar_random,pauli,7,4,100,5000,0.6600944429052239,2.1305204442512022
2,60,haar_random,pauli,7,4,100,10000,0.4925353893208331,1.2011224626791241
2,60,haar_random,pauli,7,4,100,25000,0.31996048255609383,1.0807604442512024
2,60,haar_random,clifford,7,4,100,10,2.8762640652692104,12.95715220146859
2,60,haar_random,clifford,7,4,100,100,1.0432136517368722,2.643860685504041
2,60,haar_random,clifford,7,4,100,500,0.5266549010767848,1.3403685968342003
2,60,haar_random,clifford,7,4,100,1000,0.3989183703748731,0.9982400910527914
2,60,haar_random,clifford,7,4,100,5000,0.16386966798482946,0.38912718107239525
2,60,haar_random,clifford,7,4,100,10000,0.12268511015501893,0.35313042166273806
2,60,haar_random,clifford,7,4,100,25000,0.08615455804955811,0.213963399011318
2,60,haar_random,seeqst_uniform,7,4,100,10,4.435833593907487,25.780169912255385
2,60,haar_random,seeqst_uniform,7,4,100,100,1.5295643486873363,5.215189411999018
2,60,haar_random,seeqst_uniform,7,4,100,500,0.6070576226936398,2.1431894119990176
2,60,haar_random,seeqst_uniform,7,4,100,1000,0.4574256430870677,1.2900112030309203
2,60,haar_random,seeqst_uniform,7,4,100,5000,0.19803195048323927,0.47081120303092017
2,60,haar_random,seeqst_uniform,7,4,100,10000,0.14464956235827006,0.33622335229850264
2,60,haar_random,seeqst_uniform,7,4,100,25000,0.11128238470590893,0.3230323971634592
2,60,haar_random,seeqst_binomial,7,4,100,10,4.357629153187401,25.13501157593313
2,60,haar_random,seeqst_binomial,7,4,100,100,2.7698252228450295,17.464157500036553
2,60,haar_random,seeqst_binomial,7,4,100,500,1.3090530813315702,6.913177656096537
2,60,haar_random,seeqst_binomial,7,4,100,1000,0.9928010619760375,5.166278863926608
2,60,haar_random,seeqst_binomial,7,4,100,5000,0.8966182400078746,4.813240122747119
2,60,haar_random,seeqst_binomial,7,4,100,10000,0.6440972666731689,2.5424258712708854
2,60,haar_random,seeqst_binomial,7,4,100,25000,0.3219506274509979,1.895654133300085
2,60,haar_random,seeqst_unifsize_l,7,4,100,10,8.82071926012846,35.05715220146863
2,60,haar_random,seeqst_unifsize_l,7,4,100,100,1.5087698624313721,4.131016036565047
2,60,haar_random,seeqst_unifsize_l,7,4,100,500,0.7031256144211231,2.1099846144262258
2,60,haar_random,seeqst_unifsize_l,7,4,100,1000,0.4496192004759291,1.4032242436688183
2,60,haar_random,seeqst_unifsize_l,7,4,100,5000,0.2082137064564932,0.5576314031657955
2,60,haar_random,seeqst_unifsize_l,7,4,100,10000,0.15598561616307363,0.5009562094695107
2,60,haar_random,seeqst_unifsize_l,7,4,100,25000,0.10329795236705329,0.286558453000749
2,61,haar_random,pauli,7,4,100,10,21.874825246872685,218.74665184113934
2,61,haar_random,pauli,7,4,100,100,6.918064226690097,21.935493964405094
2,61,haar_random,pauli,7,4,100,500,2.5884680431003018,8.763152471767745
2,61,haar_random,pauli,7,4,100,1000,1.7350591099192207,6.530341035706438
2,61,haar_random,pauli,7,4,100,5000,0.683837555813958,2.1305204442512022
2,61,haar_random,pauli,7,4,100,10000,0.4847808929432421,1.458052096264469
2,61,haar_random,pauli,7,4,100,25000,0.33489496651520934,1.0807604442512024
2,61,haar_random,clifford,7,4,100,10,2.8988889290979807,13.06310021308096
2,61,haar_random,clifford,7,4,100,100,1.1765701240622624,2.6229477736111555
2,61,haar_random,clifford,7,4,100,500,0.5292491406125093,1.384899786919007
2,61,haar_random,clifford,7,4,100,1000,0.3952544374644552,1.0602472272598624
2,61,haar_random,clifford,7,4,100,5000,0.16340018306746984,0.44378023288549495
2,61,haar_random,clifford,7,4,100,10000,0.13592065349313528,0.49264722725986376
2,61,haar_random,clifford,7,4,100,25000,0.08138667464997586,0.3378472272598645
2,61,haar_random,seeqst_uniform,7,4,100,10,5.7320473835142245,25.780169912255385
2,61,haar_random,seeqst_uniform,7,4,100,100,1.45698590858021,5.162817096507603
2,61,haar_random,seeqst_uniform,7,4,100,500,0.6289766962168971,1.6088479037355308
2,61,haar_random,seeqst_uniform,7,4,100,1000,0.5114057191785176,1.0894939644051003
2,61,haar_random,seeqst_uniform,7,4,100,5000,0.18892874417131364,0.471177262752464
2,61,haar_random,seeqst_uniform,7,4,100,10000,0.14127967899710345,0.40609381906350456
2,61,haar_random,seeqst_uniform,7,4,100,25000,0.09339059757666472,0.23380746607108777
2,61,haar_random,seeqst_binomial,7,4,100,10,5.073558153782791,24.973039370176757
2,61,haar_random,seeqst_binomial,7,4,100,100,0.7274108129181686,2.603855816383671
2,61,haar_random,seeqst_binomial,7,4,100,500,2.502608700147358,24.411042694151718
2,61,haar_random,seeqst_binomial,7,4,100,1000,1.8694683988788494,12.433796833257091
2,61,haar_random,seeqst_binomial,7,4,100,5000,0.9512562798051256,4.8083610320675465
2,61,haar_random,seeqst_binomial,7,4,100,10000,0.7570840215532597,2.651163597105487
2,61,haar_random,seeqst_binomial,7,4,100,25000,0.43205237193627183,1.578556637235293
2,61,haar_random,seeqst_unifsize_l,7,4,100,10,6.128153012106355,34.98307607412822
2,61,haar_random,seeqst_unifsize_l,7,4,100,100,1.7264376613228192,7.026408960732828
2,61,haar_random,seeqst_unifsize_l,7,4,100,500,0.708375799912768,2.0518947104990675
2,61,haar_random,seeqst_unifsize_l,7,4,100,1000,0.5106476232266208,1.4032242436688183
2,61,haar_random,seeqst_unifsize_l,7,4,100,5000,0.2207334115245398,0.6477138867162276
2,61,haar_random,seeqst_unifsize_l,7,4,100,10000,0.15430546466680076,0.37748668129387586
2,61,haar_random,seeqst_unifsize_l,7,4,100,25000,0.11076577828245456,0.34630618093649546
2,62,haar_random,pauli,7,4,100,10,30.92366337154588,218.74665184113934
2,62,haar_random,pauli,7,4,100,100,4.890162318688665,21.943596285301734
2,62,haar_random,pauli,7,4,100,500,2.7639375798788524,8.763152471767745
2,62,haar_random,pauli,7,4,100,1000,1.6912038464784154,4.477092882544011
2,62,haar_random,pauli,7,4,100,5000,0.6631018302334865,1.7962518411394328
2,62,haar_random,pauli,7,4,100,10000,0.47709073046464245,1.2888735014521493
2,62,haar_random,pauli,7,4,100,25000,0.28636871481456966,0.7172272005490715
2,62,haar_random,clifford,7,4,100,10,3.6413027658746486,12.992761491561495
2,62,haar_random,clifford,7,4,100,100,0.9573651969535738,2.6229477736111555
2,62,haar_random,clifford,7,4,100,500,0.49250774844219436,1.6019909177273388
2,62,haar_random,clifford,7,4,100,1000,0.4210578413932812,1.0634126329637086
2,62,haar_random,clifford,7,4,100,5000,0.1835986065123218,0.44421263296371044
2,62,haar_random,clifford,7,4,100,10000,0.11945959541121591,0.3642247345705783
2,62,haar_random,clifford,7,4,100,25000,0.06412655573821437,0.17034637409430417
2,62,haar_random,seeqst_uniform,7,4,100,10,6.265322819970791,25.80779505259926
2,62,haar_random,seeqst_uniform,7,4,100,100,1.4241305847283678,5.0889736259056955
2,62,haar_random,seeqst_uniform,7,4,100,500,0.6527530370942106,1.5674126329637117
2,62,haar_random,seeqst_uniform,7,4,100,1000,0.4369345591285875,1.1167614915615285
2,62,haar_random,seeqst_uniform,7,4,100,5000,0.209998770684812,0.6097037121281228
2,62,haar_random,seeqst_uniform,7,4,100,10000,0.14708016975926555,0.4817037121281229
2,62,haar_random,seeqst_uniform,7,4,100,25000,0.08805633870693423,0.23380746607108777
2,62,haar_random,seeqst_binomial,7,4,100,10,5.021864596134893,24.888921274667805
2,62,haar_random,seeqst_binomial,7,4,100,100,1.9243289459101023,17.557618207404538
2,62,haar_random,seeqst_binomial,7,4,100,500,0.7937085646170887,3.5824278700451067
2,62,haar_random,seeqst_binomial,7,4,100,1000,0.5791935184996853,3.3778413748703477
2,62,haar_random,seeqst_binomial,7,4,100,5000,0.8291642718098855,2.567552556077017
2,62,haar_random,seeqst_binomial,7,4,100,10000,0.5398035492058174,2.5476940388011133
2,62,haar_random,seeqst_binomial,7,4,100,25000,0.32589853641750777,1.167120525531045
2,62,haar_random,seeqst_unifsize_l,7,4,100,10,5.692735533661403,34.99886119279397
2,62,haar_random,seeqst_unifsize_l,7,4,100,100,1.8161705209920127,7.0046962878718775
2,62,haar_random,seeqst_unifsize_l,7,4,100,500,0.7655873908533591,2.798861192793965
2,62,haar_random,seeqst_unifsize_l,7,4,100,1000,0.5519105211818944,1.7530247345705796
2,62,haar_random,seeqst_unifsize_l,7,4,100,5000,0.24843180463838282,0.7046962878718771
2,62,haar_random,seeqst_unifsize_l,7,4,100,10000,0.17285756138845648,0.5009562094695107
2,62,haar_random,seeqst_unifsize_l,7,4,100,25000,0.11648276341687261,0.3826962878718771
2,63,haar_random,pauli,7,4,100,10,0.09478785791860016,0.2660112030309202
2,63,haar_random,pauli,7,4,100,100,4.381102726476673,21.943596285301734
2,63,haar_random,pauli,7,4,100,500,2.5841699206285895,8.763152471767745
2,63,haar_random,pauli,7,4,100,1000,1.6749801243341125,6.530341035706438
2,63,haar_random,pauli,7,4,100,5000,0.5378285129352038,1.405466731921152
2,63,haar_random,pauli,7,4,100,10000,0.43689521390949004,1.2484946240095245
2,63,haar_random,pauli,7,4,100,25000,0.2912184528736607,0.7056267319211524
2,63,haar_random,clifford,7,4,100,10,2.8896489894791446,12.993636554235238
2,63,haar_random,clifford,7,4,100,100,1.0638653896067525,2.6229477736111555
2,63,haar_random,clifford,7,4,100,500,0.5424016145538972,1.44187871891719
2,63,haar_random,clifford,7,4,100,1000,0.387337082136768,1.1969197957647997
2,63,haar_random,clifford,7,4,100,5000,0.14565988781508463,0.38912718107239525
2,63,haar_random,clifford,7,4,100,10000,0.10441830570460141,0.2988271810723954
2,63,haar_random,clifford,7,4,100,25000,0.06799850036901327,0.21615715755074782
2,63,haar_random,seeqst_uniform,7,4,100,10,6.2646944981485255,25.780169912255385
2,63,haar_random,seeqst_uniform,7,4,100,100,1.6526124382490428,5.183705375990475
2,63,haar_random,seeqst_uniform,7,4,100,500,0.7114294738260348,2.006721901155731
2,63,haar_random,seeqst_uniform,7,4,100,1000,0.5512899927274898,2.1027498348045763
2,63,haar_random,seeqst_uniform,7,4,100,5000,0.22065549812326773,0.6691498348045766
2,63,haar_random,seeqst_uniform,7,4,100,10000,0.142568481537344,0.5248788942987469
2,63,haar_random,seeqst_uniform,7,4,100,25000,0.10024944616918349,0.3066092431073582
2,63,haar_random,seeqst_binomial,7,4,100,10,0.8684836801951287,3.582063354037361
2,63,haar_random,seeqst_binomial,7,4,100,100,1.8461823593430307,17.26773775650387
2,63,haar_random,seeqst_binomial,7,4,100,500,0.9881743691842875,3.502817108367021
2,63,haar_random,seeqst_binomial,7,4,100,1000,2.2938208586318,12.286384332508467
2,63,haar_random,seeqst_binomial,7,4,100,5000,0.8685733279119418,4.8083610320675465
2,63,haar_random,seeqst_binomial,7,4,100,10000,0.5592597980567718,2.366675752028422
2,63,haar_random,seeqst_binomial,7,4,100,25000,0.3446527626807848,1.4971178661549576
2,63,haar_random,seeqst_unifsize_l,7,4,100,10,8.229477198862101,35.07898255700948
2,63,haar_random,seeqst_unifsize_l,7,4,100,100,1.987259682187137,6.998861192793965
2,63,haar_random,seeqst_unifsize_l,7,4,100,500,0.8510597326226084,2.798861192793965
2,63,haar_random,seeqst_unifsize_l,7,4,100,1000,0.5327501956374345,1.712101411926315
2,63,haar_random,seeqst_unifsize_l,7,4,100,5000,0.2576559280282041,0.732101411926315
2,63,haar_random,seeqst_unifsize_l,7,4,100,10000,0.16936293890838514,0.3969072126810376
2,63,haar_random,seeqst_unifsize_l,7,4,100,25000,0.10895877549590238,0.3722896047031281
2,64,haar_random,pauli,7,4,100,10,0.09339317342282748,0.2660112030309202
2,64,haar_random,pauli,7,4,100,100,3.0913135798459956,21.935493964405094
2,64,haar_random,pauli,7,4,100,500,2.2720505526585906,8.763152471767745
2,64,haar_random,pauli,7,4,100,1000,1.4581558336304543,6.530341035706438
2,64,haar_random,pauli,7,4,100,5000,0.6162972494529939,2.119317829678725
2,64,haar_random,pauli,7,4,100,10000,0.42696922037235063,1.0765362218196373
2,64,haar_random,pauli,7,4,100,25000,0.3069068606124464,0.8617233990113183
2,64,haar_random,clifford,7,4,100,10,4.286824374526712,25.76037618434431
2,64,haar_random,clifford,7,4,100,100,1.1522076145253228,2.6786348269412943
2,64,haar_random,clifford,7,4,100,500,0.5150596793200908,1.6019909177273388
2,64,haar_random,clifford,7,4,100,1000,0.3391859042143776,0.8773999968174138
2,64,haar_random,clifford,7,4,100,5000,0.175244933778679,0.39674650435865044
2,64,haar_random,clifford,7,4,100,10000,0.1250251907620141,0.33224650435865055
2,64,haar_random,clifford,7,4,100,25000,0.0786501453829315,0.2206205692390243
2,64,haar_random,seeqst_uniform,7,4,100,10,5.748859660436127,25.80779505259926
2,64,haar_random,seeqst_uniform,7,4,100,100,1.4392883634293607,5.055599401583069
2,64,haar_random,seeqst_uniform,7,4,100,500,0.6560815190599619,1.6124182649002985
2,64,haar_random,seeqst_uniform,7,4,100,1000,0.4696401791493123,1.7741662423680138
2,64,haar_random,seeqst_uniform,7,4,100,5000,0.2096391586702449,0.47081120303092017
2,64,haar_random,seeqst_uniform,7,4,100,10000,0.17183792083643046,0.46801117428769934
2,64,haar_random,seeqst_uniform,7,4,100,25000,0.10693496078096076,0.22737117428769937
2,64,haar_random,seeqst_binomial,7,4,100,10,5.611514209750538,25.13501157593313
2,64,haar_random,seeqst_binomial,7,4,100,100,3.6097794299531367,34.937680442849434
2,64,haar_random,seeqst_binomial,7,4,100,500,3.6461037574852924,24.437785506847547
2,64,haar_random,seeqst_binomial,7,4,100,1000,2.610825348505727,12.241480551133066
2,64,haar_random,seeqst_binomial,7,4,100,5000,1.206936816317215,4.91478275982225
2,64,haar_random,seeqst_binomial,7,4,100,10000,0.8187669747318282,2.503677739798876
2,64,haar_random,seeqst_binomial,7,4,100,25000,0.3800864418642104,1.4852287430547269
2,64,haar_random,seeqst_unifsize_l,7,4,100,10,7.392185045668503,34.98681099405644
2,64,haar_random,seeqst_unifsize_l,7,4,100,100,1.7824358005182572,6.950514021903839
2,64,haar_random,seeqst_unifsize_l,7,4,100,500,0.7591333855199147,2.7821662423680134
2,64,haar_random,seeqst_unifsize_l,7,4,100,1000,0.5305298685219721,1.753451018620661
2,64,haar_random,seeqst_unifsize_l,7,4,100,5000,0.22082167716057882,0.6166719236301346
2,64,haar_random,seeqst_unifsize_l,7,4,100,10000,0.14695968103832321,0.40338882571230067
2,64,haar_random,seeqst_unifsize_l,7,4,100,25000,0.10122117755036678,0.2726235584237098
2,65,haar_random,pauli,7,4,100,10,0.09504435367115734,0.20598666565227453
2,65,haar_random,pauli,7,4,100,100,4.897075100123426,21.944519105744938
2,65,haar_random,pauli,7,4,100,500,2.0039910568217385,8.763152471767745
2,65,haar_random,pauli,7,4,100,1000,1.561448369409193,6.563973956423113
2,65,haar_random,pauli,7,4,100,5000,0.5782225805319166,1.6986662960423593
2,65,haar_random,pauli,7,4,100,10000,0.45887206443477235,1.3609751793700064
2,65,haar_random,pauli,7,4,100,25000,0.30310356995014515,0.8644543057594128
2,65,haar_random,clifford,7,4,100,10,2.8941843775331013,12.993636554235238
2,65,haar_random,clifford,7,4,100,100,1.0007431818083141,2.7859866656522674
2,65,haar_random,clifford,7,4,100,500,0.5475596307116561,1.44187871891719
2,65,haar_random,clifford,7,4,100,1000,0.39178359823501213,1.0634126329637086
2,65,haar_random,clifford,7,4,100,5000,0.1708529512382789,0.5698003266706971
2,65,haar_random,clifford,7,4,100,10000,0.09969630767733183,0.2660105880009811
2,65,haar_random,clifford,7,4,100,25000,0.06628677473543297,0.18861058800098163
2,65,haar_random,seeqst_uniform,7,4,100,10,5.135052172435658,25.780169912255385
2,65,haar_random,seeqst_uniform,7,4,100,100,1.7371211107071398,5.215189411999018
2,65,haar_random,seeqst_uniform,7,4,100,500,0.822955625484914,2.9862751468154096
2,65,haar_random,seeqst_uniform,7,4,100,1000,0.5537090843786172,1.7071689181561174
2,65,haar_random,seeqst_uniform,7,4,100,5000,0.22233375507535202,0.6988916556478735
2,65,haar_random,seeqst_uniform,7,4,100,10000,0.15680290735029281,0.5539861111884389
2,65,haar_random,seeqst_uniform,7,4,100,25000,0.08437195154063822,0.21710912164680596
2,65,haar_random,seeqst_binomial,7,4,100,10,0.7965847844459556,3.582063354037361
2,65,haar_random,seeqst_binomial,7,4,100,100,3.5594692633314433,34.948855947996144
2,65,haar_random,seeqst_binomial,7,4,100,500,1.5477861162879132,6.998475273277276
2,65,haar_random,seeqst_binomial,7,4,100,1000,1.7848937100676614,12.258014425921722
2,65,haar_random,seeqst_binomial,7,4,100,5000,0.7717936626405667,2.5036088772598943
2,65,haar_random,seeqst_binomial,7,4,100,10000,0.5298120637816819,2.5201774147828533
2,65,haar_random,seeqst_binomial,7,4,100,25000,0.38717419360897415,1.4971178661549576
2,65,haar_random,seeqst_unifsize_l,7,4,100,10,6.430540178234086,35.085724853184594
2,65,haar_random,seeqst_unifsize_l,7,4,100,100,1.3745719546295148,7.084831081843883
2,65,haar_random,seeqst_unifsize_l,7,4,100,500,0.60845621136314,2.0564189552473437
2,65,haar_random,seeqst_unifsize_l,7,4,100,1000,0.4974423235338314,1.3564189552473438
2,65,haar_random,seeqst_unifsize_l,7,4,100,5000,0.22358799322051492,0.7574003266706993
2,65,haar_random,seeqst_unifsize_l,7,4,100,10000,0.1622449129508292,0.4229739564231161
2,65,haar_random,seeqst_unifsize_l,7,4,100,25000,0.10596900037650912,0.27157726275246397
2,66,haar_random,pauli,7,4,100,10,0.08732698918681783,0.2660112030309202
2,66,haar_random,pauli,7,4,100,100,5.776295388138824,21.935493964405094
2,66,haar_random,pauli,7,4,100,500,2.5098367300243623,8.763152471767745
2,66,haar_random,pauli,7,4,100,1000,1.4701884820198312,4.389152471767746
2,66,haar_random,pauli,7,4,100,5000,0.5999862401003881,2.1305204442512022
2,66,haar_random,pauli,7,4,100,10000,0.43185104598721397,1.2484946240095245
2,66,haar_random,pauli,7,4,100,25000,0.3230081614550403,1.0807604442512024
2,66,haar_random,clifford,7,4,100,10,3.655943974440728,13.03545036420333
2,66,haar_random,clifford,7,4,100,100,1.1572735116459218,2.6229477736111555
2,66,haar_random,clifford,7,4,100,500,0.4981327590456646,1.4112142774337857
2,66,haar_random,clifford,7,4,100,1000,0.39998223176604175,0.9982400910527914
2,66,haar_random,clifford,7,4,100,5000,0.16039508084220694,0.39899601195903583
2,66,haar_random,clifford,7,4,100,10000,0.1088186993463337,0.32232339901131757
2,66,haar_random,clifford,7,4,100,25000,0.0643533268540549,0.213963399011318
2,66,haar_random,seeqst_uniform,7,4,100,10,5.728976278376237,25.780169912255385
2,66,haar_random,seeqst_uniform,7,4,100,100,1.3568815410820585,5.183705375990475
2,66,haar_random,seeqst_uniform,7,4,100,500,0.6401109532962231,1.671450364203386
2,66,haar_random,seeqst_uniform,7,4,100,1000,0.5248171724760521,1.415450364203386
2,66,haar_random,seeqst_uniform,7,4,100,5000,0.24336367728377162,0.6068513934063249
2,66,haar_random,seeqst_uniform,7,4,100,10000,0.16122233378119277,0.46801117428769934
2,66,haar_random,seeqst_uniform,7,4,100,25000,0.10322837790981197,0.23380746607108777
2,66,haar_random,seeqst_binomial,7,4,100,10,2.63976650401419,24.942620430010304
2,66,haar_random,seeqst_binomial,7,4,100,100,5.557797865518879,34.937680442849434
2,66,haar_random,seeqst_binomial,7,4,100,500,2.8464481718341936,24.366051592650365
2,66,haar_random,seeqst_binomial,7,4,100,1000,1.9688245578759802,12.171772944019988
2,66,haar_random,seeqst_binomial,7,4,100,5000,0.9223855205503124,4.8083610320675465
2,66,haar_random,seeqst_binomial,7,4,100,10000,0.7203773275524679,3.545596304268843
2,66,haar_random,seeqst_binomial,7,4,100,25000,0.4121260240196194,1.4108763842532244
2,66,haar_random,seeqst_unifsize_l,7,4,100,10,3.701782412156968,34.95189471049907
2,66,haar_random,seeqst_unifsize_l,7,4,100,100,1.8292978915640157,6.901429729617806
2,66,haar_random,seeqst_unifsize_l,7,4,100,500,0.8537985998020889,2.6771088407119916
2,66,haar_random,seeqst_unifsize_l,7,4,100,1000,0.5073360035251196,1.4183888257123005
2,66,haar_random,seeqst_unifsize_l,7,4,100,5000,0.19689461259986707,0.5675243887107313
2,66,haar_random,seeqst_unifsize_l,7,4,100,10000,0.1415689501414597,0.4542394933938165
2,66,haar_random,seeqst_unifsize_l,7,4,100,25000,0.09975008827382541,0.2738947104990673
2,67,haar_random,pauli,7,4,100,10,0.09801701192832347,0.2660112030309202
2,67,haar_random,pauli,7,4,100,100,4.374097419247178,21.935493964405094
2,67,haar_random,pauli,7,4,100,500,2.5456596813850867,8.763152471767745
2,67,haar_random,pauli,7,4,100,1000,1.5452102952944173,6.530341035706438
2,67,haar_random,pauli,7,4,100,5000,0.6438354827176549,2.1305204442512022
2,67,haar_random,pauli,7,4,100,10000,0.49229898105715686,1.1366291254156935
2,67,haar_random,pauli,7,4,100,25000,0.3634867126627936,1.0909488048817422
2,67,haar_random,clifford,7,4,100,10,3.648568254728863,13.03545036420333
2,67,haar_random,clifford,7,4,100,100,1.2038774086689692,3.6837250041561505
2,67,haar_random,clifford,7,4,100,500,0.5719852811742306,1.6197250041561588
2,67,haar_random,clifford,7,4,100,1000,0.3636246068241971,1.0634126329637086
2,67,haar_random,clifford,7,4,100,5000,0.1825735499680961,0.5698003266706971
2,67,haar_random,clifford,7,4,100,10000,0.11514656328600764,0.3454634474368443
2,67,haar_random,clifford,7,4,100,25000,0.06188537881096411,0.15701139094484132
2,67,haar_random,seeqst_uniform,7,4,100,10,3.6220060110416483,25.724384018966887
2,67,haar_random,seeqst_uniform,7,4,100,100,1.3157435629953735,5.051951421344113
2,67,haar_random,seeqst_uniform,7,4,100,500,0.684402401008718,1.671450364203386
2,67,haar_random,seeqst_uniform,7,4,100,1000,0.5529901631477248,1.415450364203386
2,67,haar_random,seeqst_uniform,7,4,100,5000,0.23460828248997354,0.6988916556478735
2,67,haar_random,seeqst_uniform,7,4,100,10000,0.14178026904222646,0.3781030103917487
2,67,haar_random,seeqst_uniform,7,4,100,25000,0.09902842808027687,0.3230323971634592
2,67,haar_random,seeqst_binomial,7,4,100,10,3.6481196496035064,25.13501157593313
2,67,haar_random,seeqst_binomial,7,4,100,100,3.6299057630986336,34.948855947996144
2,67,haar_random,seeqst_binomial,7,4,100,500,1.148883816981742,6.998475273277276
2,67,haar_random,seeqst_binomial,7,4,100,1000,1.5128939278754772,12.211038577152799
2,67,haar_random,seeqst_binomial,7,4,100,5000,0.8586877473686523,4.917701896602942
2,67,haar_random,seeqst_binomial,7,4,100,10000,0.6196600054277037,3.694872742083992
2,67,haar_random,seeqst_binomial,7,4,100,25000,0.3020841501564134,1.384439399414485
2,67,haar_random,seeqst_unifsize_l,7,4,100,10,5.61052451018129,35.06804857865589
2,67,haar_random,seeqst_unifsize_l,7,4,100,100,1.8565670921137536,6.901429729617806
2,67,haar_random,seeqst_unifsize_l,7,4,100,500,0.7776835804551743,2.0236723971634594
2,67,haar_random,seeqst_unifsize_l,7,4,100,1000,0.487025674798301,1.3014297296178063
2,67,haar_random,seeqst_unifsize_l,7,4,100,5000,0.2541898338525396,0.7574003266706993
2,67,haar_random,seeqst_unifsize_l,7,4,100,10000,0.1648384347288995,0.48776160547732006
2,67,haar_random,seeqst_unifsize_l,7,4,100,25000,0.100153437328065,0.29876160547732006
2,68,haar_random,pauli,7,4,100,10,0.09428112605337019,0.2660112030309202
2,68,haar_random,pauli,7,4,100,100,4.901336546116532,21.935493964405094
2,68,haar_random,pauli,7,4,100,500,1.9569154991465947,8.750973956423111
2,68,haar_random,pauli,7,4,100,1000,1.5849381118258052,6.563973956423113
2,68,haar_random,pauli,7,4,100,5000,0.6749184334505379,2.1305204442512022
2,68,haar_random,pauli,7,4,100,10000,0.4104533652427676,1.1598985112299613
2,68,haar_random,pauli,7,4,100,25000,0.31153006119383997,1.0807604442512024
2,68,haar_random,clifford,7,4,100,10,3.662669008966325,12.993636554235238
2,68,haar_random,clifford,7,4,100,100,1.0661617904285772,2.6727081865546074
2,68,haar_random,clifford,7,4,100,500,0.5692861294912778,1.6019909177273388
2,68,haar_random,clifford,7,4,100,1000,0.40377540948084534,1.2171939056786394
2,68,haar_random,clifford,7,4,100,5000,0.1506716154356444,0.3893909177273422
2,68,haar_random,clifford,7,4,100,10000,0.11260292993297279,0.29909091772734236
2,68,haar_random,clifford,7,4,100,25000,0.07949112670420316,0.2328814887700374
2,68,haar_random,seeqst_uniform,7,4,100,10,3.626986394850834,25.780169912255385
2,68,haar_random,seeqst_uniform,7,4,100,100,1.6163875528577476,5.215189411999018
2,68,haar_random,seeqst_uniform,7,4,100,500,0.7341285697086389,2.1431894119990176
2,68,haar_random,seeqst_uniform,7,4,100,1000,0.5502892964010739,1.5642024256015334
2,68,haar_random,seeqst_uniform,7,4,100,5000,0.2269278942050427,0.6988916556478735
2,68,haar_random,seeqst_uniform,7,4,100,10000,0.14486027711707047,0.5248788942987469
2,68,haar_random,seeqst_uniform,7,4,100,25000,0.10777358997757636,0.288212016205168
2,68,haar_random,seeqst_binomial,7,4,100,10,0.869961102658765,3.582063354037361
2,68,haar_random,seeqst_binomial,7,4,100,100,3.1436634562030012,17.498215905494124
2,68,haar_random,seeqst_binomial,7,4,100,500,1.1017138158742479,3.64092656202711
2,68,haar_random,seeqst_binomial,7,4,100,1000,1.0814165357753762,5.218903411583078
2,68,haar_random,seeqst_binomial,7,4,100,5000,0.7445387505177523,2.503677739798876
2,68,haar_random,seeqst_binomial,7,4,100,10000,0.6027812470752949,2.503677739798876
2,68,haar_random,seeqst_binomial,7,4,100,25000,0.4357084826724599,1.8638184606757053
2,68,haar_random,seeqst_unifsize_l,7,4,100,10,5.291960928394845,35.05715220146863
2,68,haar_random,seeqst_unifsize_l,7,4,100,100,1.470028815597772,4.174498429655799
2,68,haar_random,seeqst_unifsize_l,7,4,100,500,0.6605085972803094,2.0176769815049016
2,68,haar_random,seeqst_unifsize_l,7,4,100,1000,0.5426722650002911,1.6948493773989006
2,68,haar_random,seeqst_unifsize_l,7,4,100,5000,0.2383611785306374,0.6161939056786424
2,68,haar_random,seeqst_unifsize_l,7,4,100,10000,0.16542158655643366,0.4229739564231161
2,68,haar_random,seeqst_unifsize_l,7,4,100,25000,0.09062458721425061,0.2208516053237331
2,69,haar_random,pauli,7,4,100,10,30.934361937736337,218.7380702943723
2,69,haar_random,pauli,7,4,100,100,4.903264181472476,21.935493964405094
2,69,haar_random,pauli,7,4,100,500,2.6662616595826414,8.763152471767745
2,69,haar_random,pauli,7,4,100,1000,1.6156824310183866,4.477092882544011
2,69,haar_random,pauli,7,4,100,5000,0.5110698937820352,1.295236221819637
2,69,haar_random,pauli,7,4,100,10000,0.398837097138944,1.458052096264469
2,69,haar_random,pauli,7,4,100,25000,0.2976348222507779,0.7144720962644691
2,69,haar_random,clifford,7,4,100,10,4.666525056172775,13.025240586418557
2,69,haar_random,clifford,7,4,100,100,0.9934019334474098,2.6967230077485165
2,69,haar_random,clifford,7,4,100,500,0.46386521699186595,1.195197293674089
2,69,haar_random,clifford,7,4,100,1000,0.35936106823680364,0.9982400910527914
2,69,haar_random,clifford,7,4,100,5000,0.16674866452538117,0.39674650435865044
2,69,haar_random,clifford,7,4,100,10000,0.11894882191696796,0.33224650435865055
2,69,haar_random,clifford,7,4,100,25000,0.07612816010133301,0.21615715755074782
2,69,haar_random,seeqst_uniform,7,4,100,10,5.136393410579757,25.780169912255385
2,69,haar_random,seeqst_uniform,7,4,100,100,1.8134516059024925,5.215189411999018
2,69,haar_random,seeqst_uniform,7,4,100,500,0.7193599492096389,2.1431894119990176
2,69,haar_random,seeqst_uniform,7,4,100,1000,0.5247606916741219,1.250772016205168
2,69,haar_random,seeqst_uniform,7,4,100,5000,0.22457580617019596,0.7227592306625168
2,69,haar_random,seeqst_uniform,7,4,100,10000,0.1399450221852129,0.33622335229850264
2,69,haar_random,seeqst_uniform,7,4,100,25000,0.09927049672562936,0.288212016205168
2,69,haar_random,seeqst_binomial,7,4,100,10,3.630624536705039,25.13501157593313
2,69,haar_random,seeqst_binomial,7,4,100,100,2.0447492218361702,17.498215905494124
2,69,haar_random,seeqst_binomial,7,4,100,500,0.8612628644199561,3.531867878712269
2,69,haar_random,seeqst_binomial,7,4,100,1000,1.4012241645224723,12.211038577152799
2,69,haar_random,seeqst_binomial,7,4,100,5000,0.6458773933597839,2.4284053410011954
2,69,haar_random,seeqst_binomial,7,4,100,10000,0.5104954326143568,1.3395521622674749
2,69,haar_random,seeqst_binomial,7,4,100,25000,0.29945742684893323,1.4838090021321246
2,69,haar_random,seeqst_unifsize_l,7,4,100,10,4.333250533450926,35.0537271810724
2,69,haar_random,seeqst_unifsize_l,7,4,100,100,1.5643196112991002,4.225870937834874
2,69,haar_random,seeqst_unifsize_l,7,4,100,500,0.6301766707872322,1.6973423391777684
2,69,haar_random,seeqst_unifsize_l,7,4,100,1000,0.47349606820824064,1.1783550678489811
2,69,haar_random,seeqst_unifsize_l,7,4,100,5000,0.18484050854467476,0.4851707791473973
2,69,haar_random,seeqst_unifsize_l,7,4,100,10000,0.146739613459367,0.48776160547732006
2,69,haar_random,seeqst_unifsize_l,7,4,100,25000,0.10795102706745084,0.29876160547732006
2,70,haar_random,pauli,7,4,100,10,21.874813548389568,218.74665184113934
2,70,haar_random,pauli,7,4,100,100,4.381522811386329,21.935493964405094
2,70,haar_random,pauli,7,4,100,500,1.9154793903933998,8.763152471767745
2,70,haar_random,pauli,7,4,100,1000,1.6536237209357902,6.530341035706438
2,70,haar_random,pauli,7,4,100,5000,0.6431562171934756,1.8185839634349528
2,70,haar_random,pauli,7,4,100,10000,0.46482725470147146,1.2484946240095245
2,70,haar_random,pauli,7,4,100,25000,0.3224893453299504,0.8644543057594128
2,70,haar_random,clifford,7,4,100,10,4.09313230307902,12.993636554235238
2,70,haar_random,clifford,7,4,100,100,1.0265835622779407,2.6693815323865655
2,70,haar_random,clifford,7,4,100,500,0.4837622391038588,1.5224984296557942
2,70,haar_random,clifford,7,4,100,1000,0.3923113759121557,1.0064984296557957
2,70,haar_random,clifford,7,4,100,5000,0.15505806444746484,0.3840967642518255
2,70,haar_random,clifford,7,4,100,10000,0.11774466850055218,0.32232339901131757
2,70,haar_random,clifford,7,4,100,25000,0.07900672805718352,0.213963399011318
2,70,haar_random,seeqst_uniform,7,4,100,10,0.0807008281510999,0.19610649410873413
2,70,haar_random,seeqst_uniform,7,4,100,100,1.3696177214943879,5.183705375990475
2,70,haar_random,seeqst_uniform,7,4,100,500,0.6961082231582687,1.682953723815888
2,70,haar_random,seeqst_uniform,7,4,100,1000,0.4952328308850849,1.1167614915615285
2,70,haar_random,seeqst_uniform,7,4,100,5000,0.21242231507684697,0.6196555425164578
2,70,haar_random,seeqst_uniform,7,4,100,10000,0.1599502971676758,0.4817037121281229
2,70,haar_random,seeqst_uniform,7,4,100,25000,0.09920600912556553,0.22376828769664636
2,70,haar_random,seeqst_binomial,7,4,100,10,3.599521035480428,24.942620430010304
2,70,haar_random,seeqst_binomial,7,4,100,100,0.8758592230543374,4.9368568395984145
2,70,haar_random,seeqst_binomial,7,4,100,500,2.641454825851196,24.5715804166384
2,70,haar_random,seeqst_binomial,7,4,100,1000,1.8796615401671604,12.343288871448896
2,70,haar_random,seeqst_binomial,7,4,100,5000,0.9310280908122286,4.937794763788562
2,70,haar_random,seeqst_binomial,7,4,100,10000,0.63489204864364,2.504737510989449
2,70,haar_random,seeqst_binomial,7,4,100,25000,0.3936667300074976,1.5264741873742886
2,70,haar_random,seeqst_unifsize_l,7,4,100,10,7.936502815087814,34.98681099405644
2,70,haar_random,seeqst_unifsize_l,7,4,100,100,1.959232408020032,7.0046962878718775
2,70,haar_random,seeqst_unifsize_l,7,4,100,500,0.7614279706208191,2.7535218542872393
2,70,haar_random,seeqst_unifsize_l,7,4,100,1000,0.5043050510038755,1.404696287871877
2,70,haar_random,seeqst_unifsize_l,7,4,100,5000,0.20158879901038948,0.7046962878718771
2,70,haar_random,seeqst_unifsize_l,7,4,100,10000,0.1635125320784035,0.3972385084384715
2,70,haar_random,seeqst_unifsize_l,7,4,100,25000,0.11641999110535102,0.3826962878718771
2,71,haar_random,pauli,7,4,100,10,0.0961597888909531,0.23326619363842907
2,71,haar_random,pauli,7,4,100,100,4.376833008641079,21.935493964405094
2,71,haar_random,pauli,7,4,100,500,1.6324438139896642,4.4880064124938075
2,71,haar_random,pauli,7,4,100,1000,1.1750744644931135,4.4880064124938075
2,71,haar_random,pauli,7,4,100,5000,0.5860440880973374,2.1470316528565143
2,71,haar_random,pauli,7,4,100,10000,0.4062539276198992,1.0765362218196373
2,71,haar_random,pauli,7,4,100,25000,0.2561960169830262,0.6250083119783547
2,71,haar_random,clifford,7,4,100,10,3.4103305867088944,12.993636554235238
2,71,haar_random,clifford,7,4,100,100,0.9722295554220631,2.6693815323865655
2,71,haar_random,clifford,7,4,100,500,0.456607321023591,1.4112142774337857
2,71,haar_random,clifford,7,4,100,1000,0.3852581275272013,1.1969197957647997
2,71,haar_random,clifford,7,4,100,5000,0.17487820351526387,0.39899601195903583
2,71,haar_random,clifford,7,4,100,10000,0.11078087203882907,0.30164009105279294
2,71,haar_random,clifford,7,4,100,25000,0.06851732299666817,0.21615715755074782
2,71,haar_random,seeqst_uniform,7,4,100,10,6.306225240629815,25.780169912255385
2,71,haar_random,seeqst_uniform,7,4,100,100,1.9385709274174103,7.722752254125382
2,71,haar_random,seeqst_uniform,7,4,100,500,0.7667592778734371,2.9862751468154096
2,71,haar_random,seeqst_uniform,7,4,100,1000,0.4949875765267608,1.579220835343157
2,71,haar_random,seeqst_uniform,7,4,100,5000,0.20884868292670547,0.585933806361571
2,71,haar_random,seeqst_uniform,7,4,100,10000,0.14510317263609654,0.3615156835106072
2,71,haar_random,seeqst_uniform,7,4,100,25000,0.09163702873205905,0.2277004028617138
2,71,haar_random,seeqst_binomial,7,4,100,10,2.636993499254976,25.13501157593313
2,71,haar_random,seeqst_binomial,7,4,100,100,1.033529040754838,5.170453951133942
2,71,haar_random,seeqst_binomial,7,4,100,500,2.6871112169863776,24.437785506847547
2,71,haar_random,seeqst_binomial,7,4,100,1000,1.4980087297410185,12.20949396165804
2,71,haar_random,seeqst_binomial,7,4,100,5000,0.7139505695805044,2.5304808873802993
2,71,haar_random,seeqst_binomial,7,4,100,10000,0.45486350668626624,2.5304808873802993
2,71,haar_random,seeqst_binomial,7,4,100,25000,0.29409696149671566,0.9350424882720034
2,71,haar_random,seeqst_unifsize_l,7,4,100,10,5.512194959861878,35.085724853184594
2,71,haar_random,seeqst_unifsize_l,7,4,100,100,1.5173483884323347,6.962101411926315
2,71,haar_random,seeqst_unifsize_l,7,4,100,500,0.7122015683408467,2.7621014119263148
2,71,haar_random,seeqst_unifsize_l,7,4,100,1000,0.5464811910596272,1.712101411926315
2,71,haar_random,seeqst_unifsize_l,7,4,100,5000,0.19187868815417708,0.732101411926315
2,71,haar_random,seeqst_unifsize_l,7,4,100,10000,0.1354590102597204,0.3382661936384291
2,71,haar_random,seeqst_unifsize_l,7,4,100,25000,0.09862576553593928,0.27157726275246397
2,72,haar_random,pauli,7,4,100,10,21.873986258433607,218.7380702943723
2,72,haar_random,pauli,7,4,100,100,5.364779551008312,43.774169247336175
2,72,haar_random,pauli,7,4,100,500,2.5794264552668302,8.782169247336194
2,72,haar_random,pauli,7,4,100,1000,1.5711066622964538,4.408169247336197
2,72,haar_random,pauli,7,4,100,5000,0.6858393827032834,1.8185839634349528
2,72,haar_random,pauli,7,4,100,10000,0.46150220568621436,1.1366291254156935
2,72,haar_random,pauli,7,4,100,25000,0.2766855664753159,0.6670770150066945
2,72,haar_random,clifford,7,4,100,10,3.177781720777669,13.06310021308096
2,72,haar_random,clifford,7,4,100,100,1.2022240387183736,2.6306756590605773
2,72,haar_random,clifford,7,4,100,500,0.464915998769731,1.384899786919007
2,72,haar_random,clifford,7,4,100,1000,0.3792403436520925,0.9798482644575345
2,72,haar_random,clifford,7,4,100,5000,0.18986603294048926,0.5698003266706971
2,72,haar_random,clifford,7,4,100,10000,0.10945573298109239,0.33224650435865055
2,72,haar_random,clifford,7,4,100,25000,0.07532318700340575,0.21615715755074782
2,72,haar_random,seeqst_uniform,7,4,100,10,5.122648043885366,25.780169912255385
2,72,haar_random,seeqst_uniform,7,4,100,100,1.662472548189757,5.215189411999018
2,72,haar_random,seeqst_uniform,7,4,100,500,0.7565921760691292,2.1431894119990176
2,72,haar_random,seeqst_uniform,7,4,100,1000,0.48266970288771965,1.1413631819073287
2,72,haar_random,seeqst_uniform,7,4,100,5000,0.2219932751726244,0.6988916556478735
2,72,haar_random,seeqst_uniform,7,4,100,10000,0.14180386434848308,0.33622335229850264
2,72,haar_random,seeqst_uniform,7,4,100,25000,0.10451972311048995,0.30234296403321526
2,72,haar_random,seeqst_binomial,7,4,100,10,2.6851761891499684,24.888921274667805
2,72,haar_random,seeqst_binomial,7,4,100,100,0.8857289090156439,4.89594999420078
2,72,haar_random,seeqst_binomial,7,4,100,500,0.9007276522995142,3.683879198826373
2,72,haar_random,seeqst_binomial,7,4,100,1000,0.7789044715831311,3.537004783781345
2,72,haar_random,seeqst_binomial,7,4,100,5000,0.9078194586068091,2.5384198005994296
2,72,haar_random,seeqst_binomial,7,4,100,10000,0.6132820002542207,3.52307397272234
2,72,haar_random,seeqst_binomial,7,4,100,25000,0.3166909762114514,1.5015642327589407
2,72,haar_random,seeqst_unifsize_l,7,4,100,10,4.247774548114138,34.813183291142366
2,72,haar_random,seeqst_unifsize_l,7,4,100,100,1.5675303124338664,6.9658307526638
2,72,haar_random,seeqst_unifsize_l,7,4,100,500,0.6683489245507468,1.6132242436688182
2,72,haar_random,seeqst_unifsize_l,7,4,100,1000,0.5625779212904396,1.5100179461299956
2,72,haar_random,seeqst_unifsize_l,7,4,100,5000,0.22768223538491345,0.7574003266706993
2,72,haar_random,seeqst_unifsize_l,7,4,100,10000,0.1578960434997003,0.3972385084384715
2,72,haar_random,seeqst_unifsize_l,7,4,100,25000,0.10647032650264665,0.30887673551575684
2,73,haar_random,pauli,7,4,100,10,0.08766218050558935,0.19439457636439075
2,73,haar_random,pauli,7,4,100,100,6.916551913754361,43.774169247336175
2,73,haar_random,pauli,7,4,100,500,2.4369317047552483,8.782169247336194
2,73,haar_random,pauli,7,4,100,1000,1.5606095858633109,6.566088574560649
2,73,haar_random,pauli,7,4,100,5000,0.6622698152623021,2.1305204442512022
2,73,haar_random,pauli,7,4,100,10000,0.4812744724254317,1.2484946240095245
2,73,haar_random,pauli,7,4,100,25000,0.3435400291178074,1.0909488048817422
2,73,haar_random,clifford,7,4,100,10,3.654632649109758,12.993636554235238
2,73,haar_random,clifford,7,4,100,100,1.1161723191486679,2.6229477736111555
2,73,haar_random,clifford,7,4,100,500,0.5310863319383791,1.499618102994253
2,73,haar_random,clifford,7,4,100,1000,0.38752069051966287,1.0634126329637086
2,73,haar_random,clifford,7,4,100,5000,0.16052195067361155,0.44421263296371044
2,73,haar_random,clifford,7,4,100,10000,0.11118639195519048,0.33224650435865055
2,73,haar_random,clifford,7,4,100,25000,0.06802685060343809,0.17900740382345104
2,73,haar_random,seeqst_uniform,7,4,100,10,6.800544688955854,25.780169912255385
2,73,haar_random,seeqst_uniform,7,4,100,100,1.6276826319059952,5.183705375990475
2,73,haar_random,seeqst_uniform,7,4,100,500,0.7303702866284364,1.9879194214264149
2,73,haar_random,seeqst_uniform,7,4,100,1000,0.5454879835486531,2.2595322174281436
2,73,haar_random,seeqst_uniform,7,4,100,5000,0.23734216436195207,0.7235322174281438
2,73,haar_random,seeqst_uniform,7,4,100,10000,0.16850504094612742,0.5539861111884389
2,73,haar_random,seeqst_uniform,7,4,100,25000,0.10474349236288215,0.24627357703228017
2,73,haar_random,seeqst_binomial,7,4,100,10,3.579254643717845,24.810148787187416
2,73,haar_random,seeqst_binomial,7,4,100,100,3.553146256641184,17.491232288243314
2,73,haar_random,seeqst_binomial,7,4,100,500,0.9257711383476929,3.5160419508838823
2,73,haar_random,seeqst_binomial,7,4,100,1000,1.5123291476346596,12.3209590567221
2,73,haar_random,seeqst_binomial,7,4,100,5000,0.8025534891519146,2.5383258205704955
2,73,haar_random,seeqst_binomial,7,4,100,10000,0.4840819645835448,2.4739207119544315
2,73,haar_random,seeqst_binomial,7,4,100,25000,0.37189965180787277,1.5015642327589407
2,73,haar_random,seeqst_unifsize_l,7,4,100,10,5.122249741529543,34.907332488467404
2,73,haar_random,seeqst_unifsize_l,7,4,100,100,1.6646970555908116,6.9658307526638
2,73,haar_random,seeqst_unifsize_l,7,4,100,500,0.7089748020642159,2.0014297296178065
2,73,haar_random,seeqst_unifsize_l,7,4,100,1000,0.4780135586166849,1.3658307526637998
2,73,haar_random,seeqst_unifsize_l,7,4,100,5000,0.22317482447305992,0.6537088048817424
2,73,haar_random,seeqst_unifsize_l,7,4,100,10000,0.181846148630133,0.6057009737441512
2,73,haar_random,seeqst_unifsize_l,7,4,100,25000,0.11789789308824174,0.3444854078945941
2,74,haar_random,pauli,7,4,100,10,0.08544363291466624,0.20779505259925746
2,74,haar_random,pauli,7,4,100,100,3.7870333789096504,21.935493964405094
2,74,haar_random,pauli,7,4,100,500,2.0108639544141833,8.763152471767745
2,74,haar_random,pauli,7,4,100,1000,1.3164995990994048,4.389152471767746
2,74,haar_random,pauli,7,4,100,5000,0.5602018870793418,1.8185839634349528
2,74,haar_random,pauli,7,4,100,10000,0.4306666865354987,1.0800530004416753
2,74,haar_random,pauli,7,4,100,25000,0.2883470430485505,0.8617233990113183
2,74,haar_random,clifford,7,4,100,10,2.879745937529587,13.025240586418557
2,74,haar_random,clifford,7,4,100,100,1.1753511684387643,3.7543972601476345
2,74,haar_random,clifford,7,4,100,500,0.5131233697257436,1.6019909177273388
2,74,haar_random,clifford,7,4,100,1000,0.3631407849678145,0.9798482644575345
2,74,haar_random,clifford,7,4,100,5000,0.16118587206640556,0.4004469995583224
2,74,haar_random,clifford,7,4,100,10000,0.10833366247870675,0.32232339901131757
2,74,haar_random,clifford,7,4,100,25000,0.0694200344777679,0.21615715755074782
2,74,haar_random,seeqst_uniform,7,4,100,10,6.306499829650866,25.80779505259926
2,74,haar_random,seeqst_uniform,7,4,100,100,1.4929351329623242,5.111753964069628
2,74,haar_random,seeqst_uniform,7,4,100,500,0.6431720626727297,1.558432578680304
2,74,haar_random,seeqst_uniform,7,4,100,1000,0.4886786763302291,1.498101411926315
2,74,haar_random,seeqst_uniform,7,4,100,5000,0.22444526611185875,0.5641517355424625
2,74,haar_random,seeqst_uniform,7,4,100,10000,0.14118512854474283,0.46801117428769934
2,74,haar_random,seeqst_uniform,7,4,100,25000,0.09763444967604196,0.23747257868030386
2,74,haar_random,seeqst_binomial,7,4,100,10,4.406962885849377,25.13501157593313
2,74,haar_random,seeqst_binomial,7,4,100,100,1.9272311116180345,17.45056666446129
2,74,haar_random,seeqst_binomial,7,4,100,500,1.072067502158655,6.878643773450888
2,74,haar_random,seeqst_binomial,7,4,100,1000,1.5516005667189894,12.245782216743484
2,74,haar_random,seeqst_binomial,7,4,100,5000,0.8024171052746113,4.91478275982225
2,74,haar_random,seeqst_binomial,7,4,100,10000,0.5598620130533831,2.583449777890161
2,74,haar_random,seeqst_binomial,7,4,100,25000,0.39194744488897054,2.094318116082581
2,74,haar_random,seeqst_unifsize_l,7,4,100,10,5.27906546345754,34.99175396406963
2,74,haar_random,seeqst_unifsize_l,7,4,100,100,1.8063071405195268,6.962101411926315
2,74,haar_random,seeqst_unifsize_l,7,4,100,500,0.750627431511051,2.7621014119263148
2,74,haar_random,seeqst_unifsize_l,7,4,100,1000,0.5954332834732358,1.7471735167021116
2,74,haar_random,seeqst_unifsize_l,7,4,100,5000,0.23613342734368262,0.732101411926315
2,74,haar_random,seeqst_unifsize_l,7,4,100,10000,0.16557818709316816,0.48776160547732006
2,74,haar_random,seeqst_unifsize_l,7,4,100,25000,0.10159968420956267,0.29876160547732006
2,75,haar_random,pauli,7,4,100,10,21.8748494794139,218.74665184113934
2,75,haar_random,pauli,7,4,100,100,4.895033070446355,21.935493964405094
2,75,haar_random,pauli,7,4,100,500,1.8025724459191803,8.750973956423111
2,75,haar_random,pauli,7,4,100,1000,1.2675580344031385,6.563973956423113
2,75,haar_random,pauli,7,4,100,5000,0.6919863972402498,2.1305204442512022
2,75,haar_random,pauli,7,4,100,10000,0.4669133675377481,1.5540575561889844
2,75,haar_random,pauli,7,4,100,25000,0.30823155447434797,1.0807604442512024
2,75,haar_random,clifford,7,4,100,10,4.0778131269168005,13.00443727115399
2,75,haar_random,clifford,7,4,100,100,1.076224112503637,2.599769711343083
2,75,haar_random,clifford,7,4,100,500,0.5003262528673915,1.3121243614719704
2,75,haar_random,clifford,7,4,100,1000,0.3614942506329565,0.8563481588605638
2,75,haar_random,clifford,7,4,100,5000,0.15272445535122295,0.36157402461956756
2,75,haar_random,clifford,7,4,100,10000,0.09672296693856032,0.2548571575507472
2,75,haar_random,clifford,7,4,100,25000,0.06557317330128272,0.21615715755074782
2,75,haar_random,seeqst_uniform,7,4,100,10,5.764870973999131,25.80779505259926
2,75,haar_random,seeqst_uniform,7,4,100,100,1.3653010710098719,2.7677950525992574
2,75,haar_random,seeqst_uniform,7,4,100,500,0.7965075210359487,2.5081189275479767
2,75,haar_random,seeqst_uniform,7,4,100,1000,0.4976412744870054,1.3521439959404409
2,75,haar_random,seeqst_uniform,7,4,100,5000,0.21814716729919426,0.47081120303092017
2,75,haar_random,seeqst_uniform,7,4,100,10000,0.15310710539876052,0.35397377061118107
2,75,haar_random,seeqst_uniform,7,4,100,25000,0.0915275504244152,0.23003691938432888
2,75,haar_random,seeqst_binomial,7,4,100,10,3.594057319725397,24.810148787187416
2,75,haar_random,seeqst_binomial,7,4,100,100,2.5416251257983418,17.520868994151314
2,75,haar_random,seeqst_binomial,7,4,100,500,3.555871029915155,24.411042694151718
2,75,haar_random,seeqst_binomial,7,4,100,1000,2.833156043442645,12.199055234334141
2,75,haar_random,seeqst_binomial,7,4,100,5000,0.8710383558636237,2.518131826294192
2,75,haar_random,seeqst_binomial,7,4,100,10000,0.6890041511492417,3.5963434676164105
2,75,haar_random,seeqst_binomial,7,4,100,25000,0.38822447394939597,1.8843826512898798
2,75,haar_random,seeqst_unifsize_l,7,4,100,10,5.046737381041792,35.05105147650922
2,75,haar_random,seeqst_unifsize_l,7,4,100,100,1.5738826313715102,4.225870937834874
2,75,haar_random,seeqst_unifsize_l,7,4,100,500,0.6353625817835182,2.2091240204724225
2,75,haar_random,seeqst_unifsize_l,7,4,100,1000,0.48201876041946107,1.1653986476792093
2,75,haar_random,seeqst_unifsize_l,7,4,100,5000,0.21366988852874796,0.6166719236301346
2,75,haar_random,seeqst_unifsize_l,7,4,100,10000,0.1508575604054077,0.4229739564231161
2,75,haar_random,seeqst_unifsize_l,7,4,100,25000,0.11622312596118736,0.3232363108553636
2,76,haar_random,pauli,7,4,100,10,21.874844448822532,218.74665184113934
2,76,haar_random,pauli,7,4,100,100,3.7992724490900076,21.935493964405094
2,76,haar_random,pauli,7,4,100,500,2.0028059289299285,8.776120745271353
2,76,haar_random,pauli,7,4,100,1000,1.4257514129454836,6.530341035706438
2,76,haar_random,pauli,7,4,100,5000,0.6627189024472409,2.1305204442512022
2,76,haar_random,pauli,7,4,100,10000,0.432329055538688,1.1090083022405879
2,76,haar_random,pauli,7,4,100,25000,0.3262070686628546,1.0909488048817422
2,76,haar_random,clifford,7,4,100,10,3.6470462845175398,12.993636554235238
2,76,haar_random,clifford,7,4,100,100,1.1025438231790476,2.7859866656522674
2,76,haar_random,clifford,7,4,100,500,0.5444808076369048,1.6019909177273388
2,76,haar_random,clifford,7,4,100,1000,0.3828057651246075,0.8952142774337872
2,76,haar_random,clifford,7,4,100,5000,0.17539870523664114,0.4416247345705779
2,76,haar_random,clifford,7,4,100,10000,0.11772347524157463,0.3642247345705783
2,76,haar_random,clifford,7,4,100,25000,0.06788826840792504,0.18861058800098163
2,76,haar_random,seeqst_uniform,7,4,100,10,5.754265915191356,25.80779505259926
2,76,haar_random,seeqst_uniform,7,4,100,100,1.6673454968175452,7.641184316015698
2,76,haar_random,seeqst_uniform,7,4,100,500,0.6952970211240506,2.1431894119990176
2,76,haar_random,seeqst_uniform,7,4,100,1000,0.49037044927817075,1.354019565545445
2,76,haar_random,seeqst_uniform,7,4,100,5000,0.19857224236498427,0.6362091244059739
2,76,haar_random,seeqst_uniform,7,4,100,10000,0.13475834553595928,0.40609381906350456
2,76,haar_random,seeqst_uniform,7,4,100,25000,0.10066635030333923,0.24019225982335857
2,76,haar_random,seeqst_binomial,7,4,100,10,5.06376026368794,25.13501157593313
2,76,haar_random,seeqst_binomial,7,4,100,100,2.115169499081775,17.557618207404538
2,76,haar_random,seeqst_binomial,7,4,100,500,1.253193526174294,6.913177656096537
2,76,haar_random,seeqst_binomial,7,4,100,1000,0.8426365665048202,5.166278863926608
2,76,haar_random,seeqst_binomial,7,4,100,5000,1.0332328161682534,4.914292030233042
2,76,haar_random,seeqst_binomial,7,4,100,10000,0.5470292465429157,2.468633721195141
2,76,haar_random,seeqst_binomial,7,4,100,25000,0.371380198716393,2.2626674334438746
2,76,haar_random,seeqst_unifsize_l,7,4,100,10,4.594686247524811,34.871318619957734
2,76,haar_random,seeqst_unifsize_l,7,4,100,100,1.1560628417225127,3.6478231778216474
2,76,haar_random,seeqst_unifsize_l,7,4,100,500,0.7212934510948448,2.10302473457058
2,76,haar_random,seeqst_unifsize_l,7,4,100,1000,0.5435077371509374,1.7530247345705796
2,76,haar_random,seeqst_unifsize_l,7,4,100,5000,0.21806815072999694,0.6537088048817424
2,76,haar_random,seeqst_unifsize_l,7,4,100,10000,0.15129481508648124,0.4087088048817425
2,76,haar_random,seeqst_unifsize_l,7,4,100,25000,0.10438709930085253,0.34630618093649546
2,77,haar_random,pauli,7,4,100,10,0.09941215471157777,0.2660112030309202
2,77,haar_random,pauli,7,4,100,100,4.903787739309204,21.935493964405094
2,77,haar_random,pauli,7,4,100,500,2.0612150926116444,8.763152471767745
2,77,haar_random,pauli,7,4,100,1000,1.2902385675380288,4.435755462479142
2,77,haar_random,pauli,7,4,100,5000,0.6060129463146203,1.7628332418237158
2,77,haar_random,pauli,7,4,100,10000,0.4430223158977163,1.3609751793700064
2,77,haar_random,pauli,7,4,100,25000,0.3715889678493981,1.0909488048817422
2,77,haar_random,clifford,7,4,100,10,3.4137211941328385,12.993636554235238
2,77,haar_random,clifford,7,4,100,100,1.0278628428629146,2.6229477736111555
2,77,haar_random,clifford,7,4,100,500,0.5071225895859843,1.3403685968342003
2,77,haar_random,clifford,7,4,100,1000,0.37341694655765695,0.9798482644575345
2,77,haar_random,clifford,7,4,100,5000,0.17445887611303365,0.39674650435865044
2,77,haar_random,clifford,7,4,100,10000,0.1303205694497713,0.35313042166273806
2,77,haar_random,clifford,7,4,100,25000,0.0814309925258329,0.213963399011318
2,77,haar_random,seeqst_uniform,7,4,100,10,5.1582375700096925,25.80779505259926
2,77,haar_random,seeqst_uniform,7,4,100,100,1.206840775585764,2.7677950525992574
2,77,haar_random,seeqst_uniform,7,4,100,500,0.6351039388113435,1.5850519765840938
2,77,haar_random,seeqst_uniform,7,4,100,1000,0.4932871824491066,1.2900112030309203
2,77,haar_random,seeqst_uniform,7,4,100,5000,0.22954185684298656,0.585933806361571
2,77,haar_random,seeqst_uniform,7,4,100,10000,0.15677111885015796,0.46801117428769934
2,77,haar_random,seeqst_uniform,7,4,100,25000,0.10385346767589124,0.24019225982335857
2,77,haar_random,seeqst_binomial,7,4,100,10,6.665766626325884,25.13501157593313
2,77,haar_random,seeqst_binomial,7,4,100,100,2.211560674271223,17.464157500036553
2,77,haar_random,seeqst_binomial,7,4,100,500,1.0140139679562985,3.683879198826373
2,77,haar_random,seeqst_binomial,7,4,100,1000,0.8460766248248045,3.537004783781345
2,77,haar_random,seeqst_binomial,7,4,100,5000,0.6466467568076085,2.6501609147310154
2,77,haar_random,seeqst_binomial,7,4,100,10000,0.41308955760222227,2.392382249819596
2,77,haar_random,seeqst_binomial,7,4,100,25000,0.22218737101406558,0.7223978554460092
2,77,haar_random,seeqst_unifsize_l,7,4,100,10,3.7605422746571193,34.871318619957734
2,77,haar_random,seeqst_unifsize_l,7,4,100,100,1.402374896301395,4.225870937834874
2,77,haar_random,seeqst_unifsize_l,7,4,100,500,0.7687406844103918,2.7588946622839576
2,77,haar_random,seeqst_unifsize_l,7,4,100,1000,0.47408011555151736,1.7088946622839578
2,77,haar_random,seeqst_unifsize_l,7,4,100,5000,0.23141462267677207,0.6537088048817424
2,77,haar_random,seeqst_unifsize_l,7,4,100,10000,0.1527166257668019,0.4087088048817425
2,77,haar_random,seeqst_unifsize_l,7,4,100,25000,0.09358107296446538,0.29564958416624637
2,78,haar_random,pauli,7,4,100,10,21.87584664466859,218.75649225181908
2,78,haar_random,pauli,7,4,100,100,4.898874500740735,21.943596285301734
2,78,haar_random,pauli,7,4,100,500,1.8600379446329407,8.712915905277683
2,78,haar_random,pauli,7,4,100,1000,1.157785638144223,4.338915905277685
2,78,haar_random,pauli,7,4,100,5000,0.6354634119032216,1.8185839634349528
2,78,haar_random,pauli,7,4,100,10000,0.43632923492363185,1.0765362218196373
2,78,haar_random,pauli,7,4,100,25000,0.3108221864399945,0.8617233990113183
2,78,haar_random,clifford,7,4,100,10,2.896913448466803,12.993636554235238
2,78,haar_random,clifford,7,4,100,100,1.0303828023142714,2.6693815323865655
2,78,haar_random,clifford,7,4,100,500,0.5210909306621027,1.3403685968342003
2,78,haar_random,clifford,7,4,100,1000,0.36563946771129324,1.0634126329637086
2,78,haar_random,clifford,7,4,100,5000,0.1664589472259643,0.5698003266706971
2,78,haar_random,clifford,7,4,100,10000,0.12117947920288404,0.35313042166273806
2,78,haar_random,clifford,7,4,100,25000,0.07554581542581403,0.213963399011318
2,78,haar_random,seeqst_uniform,7,4,100,10,5.124575604432282,25.745548243811573
2,78,haar_random,seeqst_uniform,7,4,100,100,1.5748031256169823,5.162817096507603
2,78,haar_random,seeqst_uniform,7,4,100,500,0.6844740914550977,1.9928493773989007
2,78,haar_random,seeqst_uniform,7,4,100,1000,0.536480024311309,2.2595322174281436
2,78,haar_random,seeqst_uniform,7,4,100,5000,0.2431668971847231,0.7235322174281438
2,78,haar_random,seeqst_uniform,7,4,100,10000,0.1445419199505934,0.34026499048793635
2,78,haar_random,seeqst_uniform,7,4,100,25000,0.11152737980799438,0.3066092431073582
2,78,haar_random,seeqst_binomial,7,4,100,10,4.371154918405857,24.942620430010304
2,78,haar_random,seeqst_binomial,7,4,100,100,2.593789462304795,17.464157500036553
2,78,haar_random,seeqst_binomial,7,4,100,500,2.576307837584947,24.411042694151718
2,78,haar_random,seeqst_binomial,7,4,100,1000,2.234227140419095,12.25896992690075
2,78,haar_random,seeqst_binomial,7,4,100,5000,1.015584495055858,2.5272880782441836
2,78,haar_random,seeqst_binomial,7,4,100,10000,0.6984489567808387,2.501675718106794
2,78,haar_random,seeqst_binomial,7,4,100,25000,0.39805010565335774,1.8113715485275335
2,78,haar_random,seeqst_unifsize_l,7,4,100,10,5.738120840357282,35.07898255700948
2,78,haar_random,seeqst_unifsize_l,7,4,100,100,1.7553467511270804,6.957182903492397
2,78,haar_random,seeqst_unifsize_l,7,4,100,500,0.6553683540861092,2.0014297296178065
2,78,haar_random,seeqst_unifsize_l,7,4,100,1000,0.49011341784066836,1.6948493773989006
2,78,haar_random,seeqst_unifsize_l,7,4,100,5000,0.23397597480292345,0.7574003266706993
2,78,haar_random,seeqst_unifsize_l,7,4,100,10000,0.1776947834998043,0.4542394933938165
2,78,haar_random,seeqst_unifsize_l,7,4,100,25000,0.10832266652860141,0.3444854078945941
2,79,haar_random,pauli,7,4,100,10,0.0852818154348509,0.20779505259925746
2,79,haar_random,pauli,7,4,100,100,3.797099490632838,21.935493964405094
2,79,haar_random,pauli,7,4,100,500,1.6296298006169052,8.763152471767745
2,79,haar_random,pauli,7,4,100,1000,1.122782980273645,4.389152471767746
2,79,haar_random,pauli,7,4,100,5000,0.6084128858048433,2.1305204442512022
2,79,haar_random,pauli,7,4,100,10000,0.4689544961698908,1.2490462828855304
2,79,haar_random,pauli,7,4,100,25000,0.3302464191630411,1.0807604442512024
2,79,haar_random,clifford,7,4,100,10,2.2239870156035595,12.882728281585983
2,79,haar_random,clifford,7,4,100,100,1.2462671442068831,3.889445879417655
2,79,haar_random,clifford,7,4,100,500,0.48994623338847976,1.1058557966807439
2,79,haar_random,clifford,7,4,100,1000,0.3682357372304862,0.9982400910527914
2,79,haar_random,clifford,7,4,100,5000,0.14304446079849428,0.416977518069902
2,79,haar_random,clifford,7,4,100,10000,0.10202392754574036,0.32232339901131757
2,79,haar_random,clifford,7,4,100,25000,0.07195963560197383,0.213963399011318
2,79,haar_random,seeqst_uniform,7,4,100,10,7.708758435316357,25.80779505259926
2,79,haar_random,seeqst_uniform,7,4,100,100,1.6341423250193767,5.058517107334252
2,79,haar_random,seeqst_uniform,7,4,100,500,0.6151550701424398,1.5850519765840938
2,79,haar_random,seeqst_uniform,7,4,100,1000,0.4810403628178202,1.3497384490704407
2,79,haar_random,seeqst_uniform,7,4,100,5000,0.22219294598670883,0.5344325786803039
2,79,haar_random,seeqst_uniform,7,4,100,10000,0.1437808594963639,0.40609381906350456
2,79,haar_random,seeqst_uniform,7,4,100,25000,0.09835748743252638,0.23747257868030386
2,79,haar_random,seeqst_binomial,7,4,100,10,4.37032876946228,24.942620430010304
2,79,haar_random,seeqst_binomial,7,4,100,100,1.9027265450144613,17.39924947262885
2,79,haar_random,seeqst_binomial,7,4,100,500,2.6664793465440004,24.411042694151718
2,79,haar_random,seeqst_binomial,7,4,100,1000,1.4334193620342364,12.182751148962213
2,79,haar_random,seeqst_binomial,7,4,100,5000,0.8381514789414508,2.583449777890161
2,79,haar_random,seeqst_binomial,7,4,100,10000,0.5613895441263405,2.583449777890161
2,79,haar_random,seeqst_binomial,7,4,100,25000,0.3557557879476953,2.094318116082581
2,79,haar_random,seeqst_unifsize_l,7,4,100,10,6.093370490819444,34.98135702702375
2,79,haar_random,seeqst_unifsize_l,7,4,100,100,1.6789978721348655,7.026408960732828
2,79,haar_random,seeqst_unifsize_l,7,4,100,500,0.6076163398954905,2.0325709126685307
2,79,haar_random,seeqst_unifsize_l,7,4,100,1000,0.4598725734535059,1.1393222693625922
2,79,haar_random,seeqst_unifsize_l,7,4,100,5000,0.24050595667832939,0.6477138867162276
2,79,haar_random,seeqst_unifsize_l,7,4,100,10000,0.16891968768320786,0.6057009737441512
2,79,haar_random,seeqst_unifsize_l,7,4,100,25000,0.11388974991368782,0.3722896047031281
2,80,haar_random,pauli,7,4,100,10,0.08182913366194693,0.22288685027059837
2,80,haar_random,pauli,7,4,100,100,4.896058521601178,21.935493964405094
2,80,haar_random,pauli,7,4,100,500,2.274065882728621,8.763152471767745
2,80,haar_random,pauli,7,4,100,1000,1.4705681939444994,6.510066296042357
2,80,haar_random,pauli,7,4,100,5000,0.6937875399740663,1.8134606855040485
2,80,haar_random,pauli,7,4,100,10000,0.4847074831486384,1.0765362218196373
2,80,haar_random,pauli,7,4,100,25000,0.3428728947067718,1.0909488048817422
2,80,haar_random,clifford,7,4,100,10,4.097442797601619,13.03545036420333
2,80,haar_random,clifford,7,4,100,100,1.0344124998961735,2.643860685504041
2,80,haar_random,clifford,7,4,100,500,0.538349558553182,1.6019909177273388
2,80,haar_random,clifford,7,4,100,1000,0.36202446914149866,0.9837009737441488
2,80,haar_random,clifford,7,4,100,5000,0.1619934082569549,0.3893909177273422
2,80,haar_random,clifford,7,4,100,10000,0.1040658280587584,0.29909091772734236
2,80,haar_random,clifford,7,4,100,25000,0.0663549607897238,0.19460215230015185
2,80,haar_random,seeqst_uniform,7,4,100,10,4.4446566797068074,25.745548243811573
2,80,haar_random,seeqst_uniform,7,4,100,100,1.4348257556611534,5.062455408544768
2,80,haar_random,seeqst_uniform,7,4,100,500,0.6680736578760059,2.1059505682219934
2,80,haar_random,seeqst_uniform,7,4,100,1000,0.5277857915003371,2.2595322174281436
2,80,haar_random,seeqst_uniform,7,4,100,5000,0.22017742100906312,0.7235322174281438
2,80,haar_random,seeqst_uniform,7,4,100,10000,0.15812322954326724,0.3615156835106072
2,80,haar_random,seeqst_uniform,7,4,100,25000,0.09434431593276058,0.3066092431073582
2,80,haar_random,seeqst_binomial,7,4,100,10,3.6145657232297266,24.810148787187416
2,80,haar_random,seeqst_binomial,7,4,100,100,2.0527677218955263,17.424520139127434
2,80,haar_random,seeqst_binomial,7,4,100,500,0.8165840479641902,3.4719011541900477
2,80,haar_random,seeqst_binomial,7,4,100,1000,1.5232132712463236,12.140328791216529
2,80,haar_random,seeqst_binomial,7,4,100,5000,0.8079450827958123,2.5304808873802993
2,80,haar_random,seeqst_binomial,7,4,100,10000,0.6235485150845635,2.5304808873802993
2,80,haar_random,seeqst_binomial,7,4,100,25000,0.35106592905245093,1.9594845313630356
2,80,haar_random,seeqst_unifsize_l,7,4,100,10,5.479291657889801,35.087962753972974
2,80,haar_random,seeqst_unifsize_l,7,4,100,100,1.7274784329822694,6.901429729617806
2,80,haar_random,seeqst_unifsize_l,7,4,100,500,0.7947566647065676,2.075574669081037
2,80,haar_random,seeqst_unifsize_l,7,4,100,1000,0.5298999527362707,1.4300115625448773
2,80,haar_random,seeqst_unifsize_l,7,4,100,5000,0.21037655619548667,0.6537088048817424
2,80,haar_random,seeqst_unifsize_l,7,4,100,10000,0.16817122253593286,0.6057009737441512
2,80,haar_random,seeqst_unifsize_l,7,4,100,25000,0.09233445619452263,0.20670097374415125
2,81,haar_random,pauli,7,4,100,10,0.08947094973237202,0.20730819816733453
2,81,haar_random,pauli,7,4,100,100,3.080507888447737,21.84449842965579
2,81,haar_random,pauli,7,4,100,500,2.4211780406394166,8.712915905277683
2,81,haar_random,pauli,7,4,100,1000,1.4127729366733228,6.393510715160684
2,81,haar_random,pauli,7,4,100,5000,0.6798237234037844,1.8572224626791238
2,81,haar_random,pauli,7,4,100,10000,0.4998517789899601,1.2011224626791241
2,81,haar_random,pauli,7,4,100,25000,0.2943668740357952,0.6505398265904156
2,81,haar_random,clifford,7,4,100,10,4.285160402285242,25.76037618434431
2,81,haar_random,clifford,7,4,100,100,1.1899680612241468,2.6229477736111555
2,81,haar_random,clifford,7,4,100,500,0.5592953526831759,1.5224984296557942
2,81,haar_random,clifford,7,4,100,1000,0.414991867335738,1.0634126329637086
2,81,haar_random,clifford,7,4,100,5000,0.165188905050101,0.44421263296371044
2,81,haar_random,clifford,7,4,100,10000,0.11388912629120872,0.3454634474368443
2,81,haar_random,clifford,7,4,100,25000,0.07165582155425064,0.2245357484895127
2,81,haar_random,seeqst_uniform,7,4,100,10,4.447610442792612,25.780169912255385
2,81,haar_random,seeqst_uniform,7,4,100,100,1.274327922315215,5.215189411999018
2,81,haar_random,seeqst_uniform,7,4,100,500,0.7095719822120138,2.1431894119990176
2,81,haar_random,seeqst_uniform,7,4,100,1000,0.4663412021311096,1.3821318844380561
2,81,haar_random,seeqst_uniform,7,4,100,5000,0.22731595228500448,0.6988916556478735
2,81,haar_random,seeqst_uniform,7,4,100,10000,0.15837933210184596,0.40609381906350456
2,81,haar_random,seeqst_uniform,7,4,100,25000,0.09872527026190481,0.24019225982335857
2,81,haar_random,seeqst_binomial,7,4,100,10,3.626640061676549,24.973039370176757
2,81,haar_random,seeqst_binomial,7,4,100,100,4.004005569501274,34.948855947996144
2,81,haar_random,seeqst_binomial,7,4,100,500,1.097308986428963,6.998475273277276
2,81,haar_random,seeqst_binomial,7,4,100,1000,1.5045563612954793,12.241480551133066
2,81,haar_random,seeqst_binomial,7,4,100,5000,0.6171908573578802,2.5721540575274138
2,81,haar_random,seeqst_binomial,7,4,100,10000,0.4279303282255272,2.458847314981462
2,81,haar_random,seeqst_binomial,7,4,100,25000,0.3305901173224574,1.4805839913663013
2,81,haar_random,seeqst_unifsize_l,7,4,100,10,3.835964355591905,34.98681099405644
2,81,haar_random,seeqst_unifsize_l,7,4,100,100,1.474955329871997,4.225870937834874
2,81,haar_random,seeqst_unifsize_l,7,4,100,500,0.7324459009982514,2.021300990129494
2,81,haar_random,seeqst_unifsize_l,7,4,100,1000,0.4833573695309257,1.321300990129494
2,81,haar_random,seeqst_unifsize_l,7,4,100,5000,0.18330047525607598,0.5504996394392723
2,81,haar_random,seeqst_unifsize_l,7,4,100,10000,0.13158264033767528,0.29640994080795835
2,81,haar_random,seeqst_unifsize_l,7,4,100,25000,0.10212407875744613,0.34630618093649546
2,82,haar_random,pauli,7,4,100,10,0.09182571755282228,0.21385888017060953
2,82,haar_random,pauli,7,4,100,100,4.904373059176053,21.935493964405094
2,82,haar_random,pauli,7,4,100,500,1.7553279976052223,4.459417506756233
2,82,haar_random,pauli,7,4,100,1000,1.1606702455017879,2.2802667319211514
2,82,haar_random,pauli,7,4,100,5000,0.6570678508513421,1.8185839634349528
2,82,haar_random,pauli,7,4,100,10000,0.46605185711729585,1.2484946240095245
2,82,haar_random,pauli,7,4,100,25000,0.3174383236783354,1.0909488048817422
2,82,haar_random,clifford,7,4,100,10,3.1721021530892886,12.993636554235238
2,82,haar_random,clifford,7,4,100,100,1.0997174053111078,2.643860685504041
2,82,haar_random,clifford,7,4,100,500,0.5117949247453378,1.095860685504046
2,82,haar_random,clifford,7,4,100,1000,0.3629275493853379,1.0602472272598624
2,82,haar_random,clifford,7,4,100,5000,0.17088324297486845,0.4416247345705779
2,82,haar_random,clifford,7,4,100,10000,0.12622110488310007,0.49264722725986376
2,82,haar_random,clifford,7,4,100,25000,0.08503255097094722,0.3378472272598645
2,82,haar_random,seeqst_uniform,7,4,100,10,5.136671008518018,25.780169912255385
2,82,haar_random,seeqst_uniform,7,4,100,100,1.5885360683294207,5.215189411999018
2,82,haar_random,seeqst_uniform,7,4,100,500,0.6463398088871252,2.1431894119990176
2,82,haar_random,seeqst_uniform,7,4,100,1000,0.5439257356123791,1.4938588801706096
2,82,haar_random,seeqst_uniform,7,4,100,5000,0.2173158083829864,0.527755140503691
2,82,haar_random,seeqst_uniform,7,4,100,10000,0.14867619232988233,0.46801117428769934
2,82,haar_random,seeqst_uniform,7,4,100,25000,0.10362054615688428,0.22737117428769937
2,82,haar_random,seeqst_binomial,7,4,100,10,3.6456019941773237,24.942620430010304
2,82,haar_random,seeqst_binomial,7,4,100,100,3.588490552405229,34.948855947996144
2,82,haar_random,seeqst_binomial,7,4,100,500,1.0354659453896407,6.998475273277276
2,82,haar_random,seeqst_binomial,7,4,100,1000,1.5582045575288686,12.433796833257091
2,82,haar_random,seeqst_binomial,7,4,100,5000,0.9551678164349243,4.888587468199751
2,82,haar_random,seeqst_binomial,7,4,100,10000,0.7006245824398657,3.824208546386753
2,82,haar_random,seeqst_binomial,7,4,100,25000,0.33605412763827014,1.4646658355466897
2,82,haar_random,seeqst_unifsize_l,7,4,100,10,3.8279019118769293,34.794494711932415
2,82,haar_random,seeqst_unifsize_l,7,4,100,100,1.514409143276132,4.131016036565047
2,82,haar_random,seeqst_unifsize_l,7,4,100,500,0.6610459561852997,2.1183888257123007
2,82,haar_random,seeqst_unifsize_l,7,4,100,1000,0.47349085596226403,1.7530247345705796
2,82,haar_random,seeqst_unifsize_l,7,4,100,5000,0.2310151015500337,0.6537088048817424
2,82,haar_random,seeqst_unifsize_l,7,4,100,10000,0.1713868600277103,0.48776160547732006
2,82,haar_random,seeqst_unifsize_l,7,4,100,25000,0.11004072653322082,0.29876160547732006
2,83,haar_random,pauli,7,4,100,10,21.87583294168492,218.75649225181908
2,83,haar_random,pauli,7,4,100,100,6.925319561442851,43.774169247336175
2,83,haar_random,pauli,7,4,100,500,2.4389533048957235,8.782169247336194
2,83,haar_random,pauli,7,4,100,1000,1.495532815998498,4.408169247336197
2,83,haar_random,pauli,7,4,100,5000,0.5725149500265606,1.295236221819637
2,83,haar_random,pauli,7,4,100,10000,0.47763735397078827,1.3609751793700064
2,83,haar_random,pauli,7,4,100,25000,0.2805406963542081,0.7172272005490715
2,83,haar_random,clifford,7,4,100,10,2.897021344704325,13.00443727115399
2,83,haar_random,clifford,7,4,100,100,1.0696547040747213,2.6229477736111555
2,83,haar_random,clifford,7,4,100,500,0.5077704034855992,1.44187871891719
2,83,haar_random,clifford,7,4,100,1000,0.40226711221269706,1.0634126329637086
2,83,haar_random,clifford,7,4,100,5000,0.17405902480929977,0.44421263296371044
2,83,haar_random,clifford,7,4,100,10000,0.10718578598112871,0.3299470233645635
2,83,haar_random,clifford,7,4,100,25000,0.07711653694518747,0.2206205692390243
2,83,haar_random,seeqst_uniform,7,4,100,10,4.428775703329162,25.66563776279439
2,83,haar_random,seeqst_uniform,7,4,100,100,1.2916773098418226,2.690328785302893
2,83,haar_random,seeqst_uniform,7,4,100,500,0.6664073302997404,1.9772969946447607
2,83,haar_random,seeqst_uniform,7,4,100,1000,0.5149332026599158,2.2595322174281436
2,83,haar_random,seeqst_uniform,7,4,100,5000,0.2218243476486848,0.7235322174281438
2,83,haar_random,seeqst_uniform,7,4,100,10000,0.1458245809734664,0.4354954005491481
2,83,haar_random,seeqst_uniform,7,4,100,25000,0.0895894505200835,0.21668597130012188
2,83,haar_random,seeqst_binomial,7,4,100,10,3.704538004796372,24.973039370176757
2,83,haar_random,seeqst_binomial,7,4,100,100,3.943346615629488,34.937680442849434
2,83,haar_random,seeqst_binomial,7,4,100,500,1.1627424740975885,6.987299768130569
2,83,haar_random,seeqst_binomial,7,4,100,1000,0.9328722798963387,5.24040097596064
2,83,haar_random,seeqst_binomial,7,4,100,5000,0.742006278148296,2.5163613143931403
2,83,haar_random,seeqst_binomial,7,4,100,10000,0.7657138078761113,4.962019623431041
2,83,haar_random,seeqst_binomial,7,4,100,25000,0.34488645647324145,1.53809799077798
2,83,haar_random,seeqst_unifsize_l,7,4,100,10,0.7247654956890902,7.194394576364391
2,83,haar_random,seeqst_unifsize_l,7,4,100,100,1.450124490663697,6.9658307526638
2,83,haar_random,seeqst_unifsize_l,7,4,100,500,0.6336798921465866,1.6973423391777684
2,83,haar_random,seeqst_unifsize_l,7,4,100,1000,0.4578145685629577,1.3658307526637998
2,83,haar_random,seeqst_unifsize_l,7,4,100,5000,0.21860504279157186,0.6050404962760499
2,83,haar_random,seeqst_unifsize_l,7,4,100,10000,0.14523052253990099,0.48776160547732006
2,83,haar_random,seeqst_unifsize_l,7,4,100,25000,0.11718525951260889,0.3444854078945941
2,84,haar_random,pauli,7,4,100,10,30.935578369365984,218.74665184113934
2,84,haar_random,pauli,7,4,100,100,5.369923256521875,22.067026969958853
2,84,haar_random,pauli,7,4,100,500,2.368075466002896,8.945026969958858
2,84,haar_random,pauli,7,4,100,1000,1.526043428527447,4.5710269699588615
2,84,haar_random,pauli,7,4,100,5000,0.7092960374885217,1.7962518411394328
2,84,haar_random,pauli,7,4,100,10000,0.4764049710538462,1.458052096264469
2,84,haar_random,pauli,7,4,100,25000,0.30029760910424297,0.7144720962644691
2,84,haar_random,clifford,7,4,100,10,3.6591946553915387,13.03545036420333
2,84,haar_random,clifford,7,4,100,100,1.0891817348885946,2.6693815323865655
2,84,haar_random,clifford,7,4,100,500,0.5175818187364257,1.5224984296557942
2,84,haar_random,clifford,7,4,100,1000,0.35667916824471135,1.0064984296557957
2,84,haar_random,clifford,7,4,100,5000,0.15642826059226272,0.39899601195903583
2,84,haar_random,clifford,7,4,100,10000,0.11135062415399213,0.2660105880009811
2,84,haar_random,clifford,7,4,100,25000,0.07676152576782382,0.18861058800098163
2,84,haar_random,seeqst_uniform,7,4,100,10,5.734951138228316,25.780169912255385
2,84,haar_random,seeqst_uniform,7,4,100,100,1.3328178469251823,5.215189411999018
2,84,haar_random,seeqst_uniform,7,4,100,500,0.7027901868132495,2.1431894119990176
2,84,haar_random,seeqst_uniform,7,4,100,1000,0.4910429171558439,1.415450364203386
2,84,haar_random,seeqst_uniform,7,4,100,5000,0.21031643162147412,0.6988916556478735
2,84,haar_random,seeqst_uniform,7,4,100,10000,0.13908368004871427,0.33622335229850264
2,84,haar_random,seeqst_uniform,7,4,100,25000,0.09615349499713145,0.2070022693625921
2,84,haar_random,seeqst_binomial,7,4,100,10,0.5045446746611765,3.522151802245837
2,84,haar_random,seeqst_binomial,7,4,100,100,1.0037679308996754,4.9368568395984145
2,84,haar_random,seeqst_binomial,7,4,100,500,1.04893838443089,3.64092656202711
2,84,haar_random,seeqst_binomial,7,4,100,1000,0.7760075102734124,3.4366453828712267
2,84,haar_random,seeqst_binomial,7,4,100,5000,0.5823921986611811,2.5036088772598943
2,84,haar_random,seeqst_binomial,7,4,100,10000,0.40414756340912966,2.501675718106794
2,84,haar_random,seeqst_binomial,7,4,100,25000,0.27736877348088557,1.0339999705747027
2,84,haar_random,seeqst_unifsize_l,7,4,100,10,5.689699409934934,35.05715220146863
2,84,haar_random,seeqst_unifsize_l,7,4,100,100,1.37473786992335,4.335450364203386
2,84,haar_random,seeqst_unifsize_l,7,4,100,500,0.69027304711202,2.021300990129494
2,84,haar_random,seeqst_unifsize_l,7,4,100,1000,0.47506270995303745,1.3525462022444599
2,84,haar_random,seeqst_unifsize_l,7,4,100,5000,0.22597436364936951,0.6001345632074951
2,84,haar_random,seeqst_unifsize_l,7,4,100,10000,0.15517311449544535,0.3390432190749237
2,84,haar_random,seeqst_unifsize_l,7,4,100,25000,0.10820283585278524,0.3722896047031281
2,85,haar_random,pauli,7,4,100,10,21.873962830227846,218.7380702943723
2,85,haar_random,pauli,7,4,100,100,3.7885683857278445,21.935493964405094
2,85,haar_random,pauli,7,4,100,500,2.2282866973639153,8.763152471767745
2,85,haar_random,pauli,7,4,100,1000,1.3245555321430584,4.420004676865322
2,85,haar_random,pauli,7,4,100,5000,0.6145297253454467,1.8572224626791238
2,85,haar_random,pauli,7,4,100,10000,0.44260928565273155,1.2011224626791241
2,85,haar_random,pauli,7,4,100,25000,0.29679833178269976,0.7066190262558484
2,85,haar_random,clifford,7,4,100,10,2.8935050226231307,12.993636554235238
2,85,haar_random,clifford,7,4,100,100,1.1694033208558219,3.7543972601476345
2,85,haar_random,clifford,7,4,100,500,0.5027715942586606,1.44187871891719
2,85,haar_random,clifford,7,4,100,1000,0.41716599320750264,1.0548787189171909
2,85,haar_random,clifford,7,4,100,5000,0.1558587280825081,0.4331470233645633
2,85,haar_random,clifford,7,4,100,10000,0.1234841368456357,0.3299470233645635
2,85,haar_random,clifford,7,4,100,25000,0.07662913286545553,0.2328814887700374
2,85,haar_random,seeqst_uniform,7,4,100,10,4.415702244151249,25.49588746607109
2,85,haar_random,seeqst_uniform,7,4,100,100,1.3988418252729296,5.215189411999018
2,85,haar_random,seeqst_uniform,7,4,100,500,0.7178411470992223,2.1431894119990176
2,85,haar_random,seeqst_uniform,7,4,100,1000,0.5604047127947552,2.2595322174281436
2,85,haar_random,seeqst_uniform,7,4,100,5000,0.25510765952248016,0.7235322174281438
2,85,haar_random,seeqst_uniform,7,4,100,10000,0.16390592645828891,0.46801117428769934
2,85,haar_random,seeqst_uniform,7,4,100,25000,0.10251256725643386,0.3230323971634592
2,85,haar_random,seeqst_binomial,7,4,100,10,2.6430984311949577,24.973039370176757
2,85,haar_random,seeqst_binomial,7,4,100,100,3.116497451225334,17.424520139127434
2,85,haar_random,seeqst_binomial,7,4,100,500,0.9990502943316123,3.531867878712269
2,85,haar_random,seeqst_binomial,7,4,100,1000,1.5426367431937498,12.211038577152799
2,85,haar_random,seeqst_binomial,7,4,100,5000,0.8534979149875462,4.795072065556951
2,85,haar_random,seeqst_binomial,7,4,100,10000,0.45819122919798017,2.3494137565190507
2,85,haar_random,seeqst_binomial,7,4,100,25000,0.4005179622199419,1.9957345350999907
2,85,haar_random,seeqst_unifsize_l,7,4,100,10,5.770151064684849,35.05715220146863
2,85,haar_random,seeqst_unifsize_l,7,4,100,100,1.3442215704431522,3.683502348240797
2,85,haar_random,seeqst_unifsize_l,7,4,100,500,0.7210758863415991,2.1183888257123007
2,85,haar_random,seeqst_unifsize_l,7,4,100,1000,0.5020876204749362,1.753451018620661
2,85,haar_random,seeqst_unifsize_l,7,4,100,5000,0.20730590454422468,0.5839953231346763
2,85,haar_random,seeqst_unifsize_l,7,4,100,10000,0.16318496186961345,0.6057009737441512
2,85,haar_random,seeqst_unifsize_l,7,4,100,25000,0.10045041769740654,0.27157726275246397
2,86,haar_random,pauli,7,4,100,10,0.09281224780420297,0.20730819816733453
2,86,haar_random,pauli,7,4,100,100,4.373145371004418,21.935493964405094
2,86,haar_random,pauli,7,4,100,500,2.7231095827086143,8.763152471767745
2,86,haar_random,pauli,7,4,100,1000,1.5340769748505092,4.477092882544011
2,86,haar_random,pauli,7,4,100,5000,0.5542813931899693,1.8185839634349528
2,86,haar_random,pauli,7,4,100,10000,0.4216423259642488,1.1035274570792954
2,86,haar_random,pauli,7,4,100,25000,0.3105341410455777,0.8617233990113183
2,86,haar_random,clifford,7,4,100,10,3.1692943861837053,13.03545036420333
2,86,haar_random,clifford,7,4,100,100,1.1477214862069933,3.889445879417655
2,86,haar_random,clifford,7,4,100,500,0.45890247579591026,1.0749477736111592
2,86,haar_random,clifford,7,4,100,1000,0.3346654576671935,0.9086200241929139
2,86,haar_random,clifford,7,4,100,5000,0.1423508439753473,0.39674650435865044
2,86,haar_random,clifford,7,4,100,10000,0.11614044683714048,0.33224650435865055
2,86,haar_random,clifford,7,4,100,25000,0.0649107749679245,0.213963399011318
2,86,haar_random,seeqst_uniform,7,4,100,10,6.791154482378017,25.780169912255385
2,86,haar_random,seeqst_uniform,7,4,100,100,1.5641326981423724,5.059712776246734
2,86,haar_random,seeqst_uniform,7,4,100,500,0.6557188309450189,1.671450364203386
2,86,haar_random,seeqst_uniform,7,4,100,1000,0.5483076691936833,2.2595322174281436
2,86,haar_random,seeqst_uniform,7,4,100,5000,0.23467716436235656,0.7235322174281438
2,86,haar_random,seeqst_uniform,7,4,100,10000,0.1706862194553646,0.5539861111884389
2,86,haar_random,seeqst_uniform,7,4,100,25000,0.10382331060757762,0.22376828769664636
2,86,haar_random,seeqst_binomial,7,4,100,10,4.385611097035766,25.13501157593313
2,86,haar_random,seeqst_binomial,7,4,100,100,2.0174024512934547,17.424520139127434
2,86,haar_random,seeqst_binomial,7,4,100,500,3.546080087425764,24.5715804166384
2,86,haar_random,seeqst_binomial,7,4,100,1000,2.839560837874752,12.343288871448896
2,86,haar_random,seeqst_binomial,7,4,100,5000,0.8324724298199521,2.5743396890801695
2,86,haar_random,seeqst_binomial,7,4,100,10000,0.5003104390611028,2.3946068325286802
2,86,haar_random,seeqst_binomial,7,4,100,25000,0.27390768322296083,1.4108763842532244
2,86,haar_random,seeqst_unifsize_l,7,4,100,10,6.644324126718941,35.05105147650922
2,86,haar_random,seeqst_unifsize_l,7,4,100,100,1.7485555164404953,7.0046962878718775
2,86,haar_random,seeqst_unifsize_l,7,4,100,500,0.6918757760515962,2.798861192793965
2,86,haar_random,seeqst_unifsize_l,7,4,100,1000,0.4817995267134247,1.404696287871877
2,86,haar_random,seeqst_unifsize_l,7,4,100,5000,0.2123195757724479,0.7046962878718771
2,86,haar_random,seeqst_unifsize_l,7,4,100,10000,0.13644234872849453,0.3293706085978876
2,86,haar_random,seeqst_unifsize_l,7,4,100,25000,0.1049765550117326,0.3826962878718771
2,87,haar_random,pauli,7,4,100,10,0.08626013774597434,0.20762670401703848
2,87,haar_random,pauli,7,4,100,100,6.570456612968671,43.774169247336175
2,87,haar_random,pauli,7,4,100,500,2.5537136672226253,8.782169247336194
2,87,haar_random,pauli,7,4,100,1000,1.5768979063698285,4.408169247336197
2,87,haar_random,pauli,7,4,100,5000,0.6003548371003903,1.7033088048817417
2,87,haar_random,pauli,7,4,100,10000,0.414212794414313,1.0765362218196373
2,87,haar_random,pauli,7,4,100,25000,0.28228342173975407,1.0909488048817422
2,87,haar_random,clifford,7,4,100,10,3.8773883607873425,12.993636554235238
2,87,haar_random,clifford,7,4,100,100,1.0571926409373402,2.6229477736111555
2,87,haar_random,clifford,7,4,100,500,0.5014545883495716,1.6019909177273388
2,87,haar_random,clifford,7,4,100,1000,0.36544354691797837,0.9107590785681214
2,87,haar_random,clifford,7,4,100,5000,0.1702999667016466,0.4416247345705779
2,87,haar_random,clifford,7,4,100,10000,0.10891673098022003,0.3642247345705783
2,87,haar_random,clifford,7,4,100,25000,0.06464884195886308,0.18861058800098163
2,87,haar_random,seeqst_uniform,7,4,100,10,5.735435161012796,25.751065445113426
2,87,haar_random,seeqst_uniform,7,4,100,100,1.3719070824963517,5.215189411999018
2,87,haar_random,seeqst_uniform,7,4,100,500,0.6202752295826857,2.1431894119990176
2,87,haar_random,seeqst_uniform,7,4,100,1000,0.44832566705955923,1.5642024256015334
2,87,haar_random,seeqst_uniform,7,4,100,5000,0.19494218098950816,0.471177262752464
2,87,haar_random,seeqst_uniform,7,4,100,10000,0.1448858389182177,0.46801117428769934
2,87,haar_random,seeqst_uniform,7,4,100,25000,0.10427115131664416,0.23380746607108777
2,87,haar_random,seeqst_binomial,7,4,100,10,5.651810911881229,25.13501157593313
2,87,haar_random,seeqst_binomial,7,4,100,100,1.279846768963682,5.170453951133942
2,87,haar_random,seeqst_binomial,7,4,100,500,2.5577597545621398,24.411042694151718
2,87,haar_random,seeqst_binomial,7,4,100,1000,2.523825431342337,12.211038577152799
2,87,haar_random,seeqst_binomial,7,4,100,5000,0.8607396834358174,2.5195141057186485
2,87,haar_random,seeqst_binomial,7,4,100,10000,0.6122047892856629,2.5022735167822616
2,87,haar_random,seeqst_binomial,7,4,100,25000,0.369734045822004,1.5015642327589407
2,87,haar_random,seeqst_unifsize_l,7,4,100,10,3.901379774492608,34.971797574398465
2,87,haar_random,seeqst_unifsize_l,7,4,100,100,1.6279104955140595,6.9658307526638
2,87,haar_random,seeqst_unifsize_l,7,4,100,500,0.7961434155366254,2.1183888257123007
2,87,haar_random,seeqst_unifsize_l,7,4,100,1000,0.5724073319312366,1.7530247345705796
2,87,haar_random,seeqst_unifsize_l,7,4,100,5000,0.21984979491490828,0.6537088048817424
2,87,haar_random,seeqst_unifsize_l,7,4,100,10000,0.15038697093474018,0.4087088048817425
2,87,haar_random,seeqst_unifsize_l,7,4,100,25000,0.094665216496578,0.27157726275246397
2,88,haar_random,pauli,7,4,100,10,0.09682201043511289,0.23570056200719539
2,88,haar_random,pauli,7,4,100,100,5.362191968091653,21.935493964405094
2,88,haar_random,pauli,7,4,100,500,2.093711704513325,8.763152471767745
2,88,haar_random,pauli,7,4,100,1000,1.3017119265676937,4.389152471767746
2,88,haar_random,pauli,7,4,100,5000,0.6157770845908681,1.8134606855040485
2,88,haar_random,pauli,7,4,100,10000,0.48692858201365946,1.1366291254156935
2,88,haar_random,pauli,7,4,100,25000,0.3050478347714781,0.7282407980484514
2,88,haar_random,clifford,7,4,100,10,3.144277015521843,13.077552062188454
2,88,haar_random,clifford,7,4,100,100,1.0231297074762933,2.643860685504041
2,88,haar_random,clifford,7,4,100,500,0.5280119710980927,1.5224984296557942
2,88,haar_random,clifford,7,4,100,1000,0.3490083419314439,1.0064984296557957
2,88,haar_random,clifford,7,4,100,5000,0.16835618478237374,0.36743057120310013
2,88,haar_random,clifford,7,4,100,10000,0.10339833409748113,0.25846543679250356
2,88,haar_random,clifford,7,4,100,25000,0.06636567835805733,0.2245357484895127
2,88,haar_random,seeqst_uniform,7,4,100,10,6.288193784934122,25.780169912255385
2,88,haar_random,seeqst_uniform,7,4,100,100,1.4554075816590215,2.740169912255384
2,88,haar_random,seeqst_uniform,7,4,100,500,0.5766245686080005,1.6108292208526027
2,88,haar_random,seeqst_uniform,7,4,100,1000,0.4565827011051751,1.2293135770322803
2,88,haar_random,seeqst_uniform,7,4,100,5000,0.23310650782380937,0.6988916556478735
2,88,haar_random,seeqst_uniform,7,4,100,10000,0.15771695705454,0.4354954005491481
2,88,haar_random,seeqst_uniform,7,4,100,25000,0.10206401244027709,0.32772213129101035
2,88,haar_random,seeqst_binomial,7,4,100,10,3.597739119790096,24.810148787187416
2,88,haar_random,seeqst_binomial,7,4,100,100,3.983776303464514,34.937680442849434
2,88,haar_random,seeqst_binomial,7,4,100,500,0.916311006201849,6.987299768130569
2,88,haar_random,seeqst_binomial,7,4,100,1000,0.9353003755503253,5.24040097596064
2,88,haar_random,seeqst_binomial,7,4,100,5000,0.8491603835378112,2.6013793918678023
2,88,haar_random,seeqst_binomial,7,4,100,10000,0.6985116694106897,3.824208546386753
2,88,haar_random,seeqst_binomial,7,4,100,25000,0.378258553311432,1.5264741873742886
2,88,haar_random,seeqst_unifsize_l,7,4,100,10,5.9136000909606885,35.02712022900834
2,88,haar_random,seeqst_unifsize_l,7,4,100,100,1.6761694530480202,7.026408960732828
2,88,haar_random,seeqst_unifsize_l,7,4,100,500,0.6813471261374812,2.0325709126685307
2,88,haar_random,seeqst_unifsize_l,7,4,100,1000,0.4884286608096235,1.7906144404287303
2,88,haar_random,seeqst_unifsize_l,7,4,100,5000,0.21940799364963354,0.7271202290083397
2,88,haar_random,seeqst_unifsize_l,7,4,100,10000,0.1592740452321566,0.5009562094695107
2,88,haar_random,seeqst_unifsize_l,7,4,100,25000,0.11024376839551121,0.3444854078945941
2,89,haar_random,pauli,7,4,100,10,0.09563297687686179,0.2660112030309202
2,89,haar_random,pauli,7,4,100,100,5.791875969357382,21.935493964405094
2,89,haar_random,pauli,7,4,100,500,2.142741468049481,8.753088574560648
2,89,haar_random,pauli,7,4,100,1000,1.3454621410841336,6.566088574560649
2,89,haar_random,pauli,7,4,100,5000,0.6621676438490698,2.1305204442512022
2,89,haar_random,pauli,7,4,100,10000,0.4968262932926915,1.458052096264469
2,89,haar_random,pauli,7,4,100,25000,0.3064635304689632,1.0807604442512024
2,89,haar_random,clifford,7,4,100,10,2.8981943405753463,12.993636554235238
2,89,haar_random,clifford,7,4,100,100,1.115262316588161,2.6786348269412943
2,89,haar_random,clifford,7,4,100,500,0.4823839318790911,1.3403685968342003
2,89,haar_random,clifford,7,4,100,1000,0.36074923008183013,1.2171939056786394
2,89,haar_random,clifford,7,4,100,5000,0.16132264263800963,0.36639424558825756
2,89,haar_random,clifford,7,4,100,10000,0.11053208628250243,0.30164009105279294
2,89,haar_random,clifford,7,4,100,25000,0.0732240961612056,0.2139200910527934
2,89,haar_random,seeqst_uniform,7,4,100,10,6.802015511416977,25.780169912255385
2,89,haar_random,seeqst_uniform,7,4,100,100,1.7331506851549103,5.183705375990475
2,89,haar_random,seeqst_uniform,7,4,100,500,0.8290283071913036,2.4751689181561174
2,89,haar_random,seeqst_uniform,7,4,100,1000,0.5496258733539899,1.7071689181561174
2,89,haar_random,seeqst_uniform,7,4,100,5000,0.19901101380032404,0.47081120303092017
2,89,haar_random,seeqst_uniform,7,4,100,10000,0.14248796131192848,0.5039689181561172
2,89,haar_random,seeqst_uniform,7,4,100,25000,0.09254651924647962,0.2307257544117411
2,89,haar_random,seeqst_binomial,7,4,100,10,0.9409558739395624,3.582063354037361
2,89,haar_random,seeqst_binomial,7,4,100,100,4.342409210131248,34.948855947996144
2,89,haar_random,seeqst_binomial,7,4,100,500,1.1953622761039382,6.998475273277276
2,89,haar_random,seeqst_binomial,7,4,100,1000,1.5039489040360294,12.241480551133066
2,89,haar_random,seeqst_binomial,7,4,100,5000,0.9940065863574343,4.795072065556951
2,89,haar_random,seeqst_binomial,7,4,100,10000,0.8130370416752581,4.962019623431041
2,89,haar_random,seeqst_binomial,7,4,100,25000,0.40410456298033987,1.5918680946129105
2,89,haar_random,seeqst_unifsize_l,7,4,100,10,5.184339527632786,34.98681099405644
2,89,haar_random,seeqst_unifsize_l,7,4,100,100,1.6927222862411972,7.084831081843883
2,89,haar_random,seeqst_unifsize_l,7,4,100,500,0.6219455960468219,1.4308691826605644
2,89,haar_random,seeqst_unifsize_l,7,4,100,1000,0.45366341683172634,1.1653986476792093
2,89,haar_random,seeqst_unifsize_l,7,4,100,5000,0.2167910488647797,0.6161939056786424
2,89,haar_random,seeqst_unifsize_l,7,4,100,10000,0.14634853092268896,0.38951170561058013
2,89,haar_random,seeqst_unifsize_l,7,4,100,25000,0.0938871894401157,0.28451170561058015
2,90,haar_random,pauli,7,4,100,10,0.09286018416413899,0.2660112030309202
2,90,haar_random,pauli,7,4,100,100,4.891591053164542,21.935493964405094
2,90,haar_random,pauli,7,4,100,500,2.304259403339309,8.763152471767745
2,90,haar_random,pauli,7,4,100,1000,1.599571852622415,6.393510715160684
2,90,haar_random,pauli,7,4,100,5000,0.6591761274424176,1.8185839634349528
2,90,haar_random,pauli,7,4,100,10000,0.4445589648049056,1.090663447436845
2,90,haar_random,pauli,7,4,100,25000,0.29525302899704065,0.6309019245696633
2,90,haar_random,clifford,7,4,100,10,3.172184133299215,13.03545036420333
2,90,haar_random,clifford,7,4,100,100,1.312102455106511,3.889445879417655
2,90,haar_random,clifford,7,4,100,500,0.5483189998169684,1.3403685968342003
2,90,haar_random,clifford,7,4,100,1000,0.4107208947995823,1.0634126329637086
2,90,haar_random,clifford,7,4,100,5000,0.15459180580063886,0.44421263296371044
2,90,haar_random,clifford,7,4,100,10000,0.11224596392979642,0.3454634474368443
2,90,haar_random,clifford,7,4,100,25000,0.0682260157039126,0.19916788786966946
2,90,haar_random,seeqst_uniform,7,4,100,10,3.625421606249081,25.745548243811573
2,90,haar_random,seeqst_uniform,7,4,100,100,1.6489159454692641,5.116512724261629
2,90,haar_random,seeqst_uniform,7,4,100,500,0.706315982896419,1.671450364203386
2,90,haar_random,seeqst_uniform,7,4,100,1000,0.5918603152096875,1.429886361395015
2,90,haar_random,seeqst_uniform,7,4,100,5000,0.21515540912063832,0.6068513934063249
2,90,haar_random,seeqst_uniform,7,4,100,10000,0.14198692954419342,0.3971249126156705
2,90,haar_random,seeqst_uniform,7,4,100,25000,0.08922272301206995,0.2117074629055487
2,90,haar_random,seeqst_binomial,7,4,100,10,2.6040000505078353,24.810148787187416
2,90,haar_random,seeqst_binomial,7,4,100,100,3.5578996840802803,34.948855947996144
2,90,haar_random,seeqst_binomial,7,4,100,500,3.5851848437250546,24.68364291233938
2,90,haar_random,seeqst_binomial,7,4,100,1000,2.8650807174117023,12.455351367149875
2,90,haar_random,seeqst_binomial,7,4,100,5000,0.9876926129550474,4.888587468199751
2,90,haar_random,seeqst_binomial,7,4,100,10000,0.6563528623652541,2.4723664917805506
2,90,haar_random,seeqst_binomial,7,4,100,25000,0.4378344869325759,1.9957345350999907
2,90,haar_random,seeqst_unifsize_l,7,4,100,10,6.343342056191623,35.087962753972974
2,90,haar_random,seeqst_unifsize_l,7,4,100,100,1.6825909479140304,4.335450364203386
2,90,haar_random,seeqst_unifsize_l,7,4,100,500,0.7029754421575102,2.0654783828538634
2,90,haar_random,seeqst_unifsize_l,7,4,100,1000,0.51907016639938,1.3131945460498735
2,90,haar_random,seeqst_unifsize_l,7,4,100,5000,0.22893443382551007,0.7776745352078861
2,90,haar_random,seeqst_unifsize_l,7,4,100,10000,0.14572195715014133,0.3969072126810376
2,90,haar_random,seeqst_unifsize_l,7,4,100,25000,0.09721788312060714,0.27689084064917463
2,91,haar_random,pauli,7,4,100,10,0.087154985147661,0.2660112030309202
2,91,haar_random,pauli,7,4,100,100,4.895813867141609,21.935493964405094
2,91,haar_random,pauli,7,4,100,500,2.7696504535276945,8.763152471767745
2,91,haar_random,pauli,7,4,100,1000,1.607208119681737,4.389152471767746
2,91,haar_random,pauli,7,4,100,5000,0.6007077990668253,1.660218467613426
2,91,haar_random,pauli,7,4,100,10000,0.47573604289321036,1.3609751793700064
2,91,haar_random,pauli,7,4,100,25000,0.27541458375072947,0.6275124717677468
2,91,haar_random,clifford,7,4,100,10,3.6547577173216155,13.03545036420333
2,91,haar_random,clifford,7,4,100,100,1.0955923144256476,2.6967230077485165
2,91,haar_random,clifford,7,4,100,500,0.5442264554459828,1.44187871891719
2,91,haar_random,clifford,7,4,100,1000,0.4135284268311835,1.0548787189171909
2,91,haar_random,clifford,7,4,100,5000,0.16512406037649088,0.36921058800098067
2,91,haar_random,clifford,7,4,100,10000,0.11680412766849207,0.2803441563706621
2,91,haar_random,clifford,7,4,100,25000,0.08177339212234636,0.2206205692390243
2,91,haar_random,seeqst_uniform,7,4,100,10,4.449154263821838,25.80779505259926
2,91,haar_random,seeqst_uniform,7,4,100,100,1.2857569757135958,5.215189411999018
2,91,haar_random,seeqst_uniform,7,4,100,500,0.6970473951950461,2.1431894119990176
2,91,haar_random,seeqst_uniform,7,4,100,1000,0.5164582549677903,1.429886361395015
2,91,haar_random,seeqst_uniform,7,4,100,5000,0.21635626844846023,0.5641517355424625
2,91,haar_random,seeqst_uniform,7,4,100,10000,0.140249957515508,0.33622335229850264
2,91,haar_random,seeqst_uniform,7,4,100,25000,0.09640095982061679,0.288212016205168
2,91,haar_random,seeqst_binomial,7,4,100,10,3.610612785961291,24.810148787187416
2,91,haar_random,seeqst_binomial,7,4,100,100,2.66536667515352,17.498215905494124
2,91,haar_random,seeqst_binomial,7,4,100,500,0.8936886889679337,3.683879198826373
2,91,haar_random,seeqst_binomial,7,4,100,1000,1.9102361349738881,12.3209590567221
2,91,haar_random,seeqst_binomial,7,4,100,5000,0.8161756930363511,2.5535845216673185
2,91,haar_random,seeqst_binomial,7,4,100,10000,0.6317682784657466,2.5424258712708854
2,91,haar_random,seeqst_binomial,7,4,100,25000,0.4348483210607127,1.9594845313630356
2,91,haar_random,seeqst_unifsize_l,7,4,100,10,5.2798481046451196,34.907332488467404
2,91,haar_random,seeqst_unifsize_l,7,4,100,100,1.4470323493413861,4.335450364203386
2,91,haar_random,seeqst_unifsize_l,7,4,100,500,0.5959246908031344,1.5385602835043648
2,91,haar_random,seeqst_unifsize_l,7,4,100,1000,0.5102052344611635,1.3649703597865375
2,91,haar_random,seeqst_unifsize_l,7,4,100,5000,0.21788292486879027,0.4941007103006998
2,91,haar_random,seeqst_unifsize_l,7,4,100,10000,0.14467286235691626,0.439244191193937
2,91,haar_random,seeqst_unifsize_l,7,4,100,25000,0.10368913172676757,0.30887673551575684
2,92,haar_random,pauli,7,4,100,10,0.08490276816246373,0.21743419209635012
2,92,haar_random,pauli,7,4,100,100,4.378441074027216,21.935493964405094
2,92,haar_random,pauli,7,4,100,500,2.5184335586231796,8.763152471767745
2,92,haar_random,pauli,7,4,100,1000,1.7165395167575717,6.566088574560649
2,92,haar_random,pauli,7,4,100,5000,0.6253909304385028,1.6986662960423593
2,92,haar_random,pauli,7,4,100,10000,0.43334441953857383,1.1598985112299613
2,92,haar_random,pauli,7,4,100,25000,0.2806891682458341,0.6670770150066945
2,92,haar_random,clifford,7,4,100,10,3.4228637630043206,13.06310021308096
2,92,haar_random,clifford,7,4,100,100,1.1467089899086218,2.6229477736111555
2,92,haar_random,clifford,7,4,100,500,0.5631250124848365,1.384899786919007
2,92,haar_random,clifford,7,4,100,1000,0.42794024694575244,0.9982400910527914
2,92,haar_random,clifford,7,4,100,5000,0.16377253624753196,0.44378023288549495
2,92,haar_random,clifford,7,4,100,10000,0.10802878984605138,0.30164009105279294
2,92,haar_random,clifford,7,4,100,25000,0.0770861568407254,0.2328814887700374
2,92,haar_random,seeqst_uniform,7,4,100,10,4.4467079696817695,25.780169912255385
2,92,haar_random,seeqst_uniform,7,4,100,100,1.5427130716658835,5.162817096507603
2,92,haar_random,seeqst_uniform,7,4,100,500,0.6584592217383207,1.5850519765840938
2,92,haar_random,seeqst_uniform,7,4,100,1000,0.5416726619933316,2.1027498348045763
2,92,haar_random,seeqst_uniform,7,4,100,5000,0.22850133126111108,0.8125947008128497
2,92,haar_random,seeqst_uniform,7,4,100,10000,0.1376647043964562,0.3517947008128497
2,92,haar_random,seeqst_uniform,7,4,100,25000,0.1047080096221223,0.2702777455693881
2,92,haar_random,seeqst_binomial,7,4,100,10,2.7225727921391902,24.810148787187416
2,92,haar_random,seeqst_binomial,7,4,100,100,3.0668272139046726,17.45056666446129
2,92,haar_random,seeqst_binomial,7,4,100,500,0.8657182921047349,3.5734708132099997
2,92,haar_random,seeqst_binomial,7,4,100,1000,1.4503422594439275,12.3209590567221
2,92,haar_random,seeqst_binomial,7,4,100,5000,0.965402910494355,2.6630925011342512
2,92,haar_random,seeqst_binomial,7,4,100,10000,0.6286898910468881,2.6630925011342512
2,92,haar_random,seeqst_binomial,7,4,100,25000,0.4660921314168687,1.9609145929676908
2,92,haar_random,seeqst_unifsize_l,7,4,100,10,6.452020608884756,35.05715220146863
2,92,haar_random,seeqst_unifsize_l,7,4,100,100,1.7219523057731827,6.957182903492397
2,92,haar_random,seeqst_unifsize_l,7,4,100,500,0.737860075228542,2.075574669081037
2,92,haar_random,seeqst_unifsize_l,7,4,100,1000,0.523159705029745,1.7906144404287303
2,92,haar_random,seeqst_unifsize_l,7,4,100,5000,0.20943984206003252,0.48125016519542346
2,92,haar_random,seeqst_unifsize_l,7,4,100,10000,0.13445270491912914,0.4229739564231161
2,92,haar_random,seeqst_unifsize_l,7,4,100,25000,0.09597976483980397,0.2738947104990673
2,93,haar_random,pauli,7,4,100,10,0.0845189677903064,0.20730819816733453
2,93,haar_random,pauli,7,4,100,100,3.794604632312018,21.935493964405094
2,93,haar_random,pauli,7,4,100,500,1.847864133083795,8.763152471767745
2,93,haar_random,pauli,7,4,100,1000,1.4081967522643715,6.510066296042357
2,93,haar_random,pauli,7,4,100,5000,0.6601127606885712,1.8134606855040485
2,93,haar_random,pauli,7,4,100,10000,0.5219035990438319,1.458052096264469
2,93,haar_random,pauli,7,4,100,25000,0.29481255836195314,0.8617233990113183
2,93,haar_random,clifford,7,4,100,10,3.1796822077887192,13.076663290166133
2,93,haar_random,clifford,7,4,100,100,1.1991290552215805,5.055306495385376
2,93,haar_random,clifford,7,4,100,500,0.4625431572897083,1.144451756188423
2,93,haar_random,clifford,7,4,100,1000,0.3838220637261055,0.9086200241929139
2,93,haar_random,clifford,7,4,100,5000,0.16508577926255458,0.3467314591760088
2,93,haar_random,clifford,7,4,100,10000,0.11300216233986779,0.3454634474368443
2,93,haar_random,clifford,7,4,100,25000,0.06424003049553317,0.213963399011318
2,93,haar_random,seeqst_uniform,7,4,100,10,5.742919726898609,25.780169912255385
2,93,haar_random,seeqst_uniform,7,4,100,100,1.456922406540155,5.035168918156117
2,93,haar_random,seeqst_uniform,7,4,100,500,0.7635272369164544,2.5081189275479767
2,93,haar_random,seeqst_uniform,7,4,100,1000,0.4945950923055448,1.7071689181561174
2,93,haar_random,seeqst_uniform,7,4,100,5000,0.23042123128374772,0.48893670983383886
2,93,haar_random,seeqst_uniform,7,4,100,10000,0.1497822166204614,0.5039689181561172
2,93,haar_random,seeqst_uniform,7,4,100,25000,0.07560709021710363,0.21668597130012188
2,93,haar_random,seeqst_binomial,7,4,100,10,3.642816407021234,24.942620430010304
2,93,haar_random,seeqst_binomial,7,4,100,100,2.6007620207557727,17.557618207404538
2,93,haar_random,seeqst_binomial,7,4,100,500,1.1008884700224688,6.878643773450888
2,93,haar_random,seeqst_binomial,7,4,100,1000,0.8573018840169825,5.131744981280958
2,93,haar_random,seeqst_binomial,7,4,100,5000,0.6979413133535105,2.6223215992040623
2,93,haar_random,seeqst_binomial,7,4,100,10000,0.7002357351935374,3.52307397272234
2,93,haar_random,seeqst_binomial,7,4,100,25000,0.4604790048585105,1.9609145929676908
2,93,haar_random,seeqst_unifsize_l,7,4,100,10,5.27652128437426,34.98307607412822
2,93,haar_random,seeqst_unifsize_l,7,4,100,100,1.5980059747213142,7.084831081843883
2,93,haar_random,seeqst_unifsize_l,7,4,100,500,0.6400995323422376,2.2046935046146094
2,93,haar_random,seeqst_unifsize_l,7,4,100,1000,0.526621086812005,1.3525462022444599
2,93,haar_random,seeqst_unifsize_l,7,4,100,5000,0.22287951688082047,0.6477138867162276
2,93,haar_random,seeqst_unifsize_l,7,4,100,10000,0.15533639223320997,0.37471388671622763
2,93,haar_random,seeqst_unifsize_l,7,4,100,25000,0.11248790532387441,0.29564958416624637
2,94,haar_random,pauli,7,4,100,10,37.87841537050024,218.74665184113934
2,94,haar_random,pauli,7,4,100,100,4.372290270615297,21.916651841139423
2,94,haar_random,pauli,7,4,100,500,1.9960300221262484,8.763152471767745
2,94,haar_random,pauli,7,4,100,1000,1.4165029444318473,6.563973956423113
2,94,haar_random,pauli,7,4,100,5000,0.6150061507954577,1.7962518411394328
2,94,haar_random,pauli,7,4,100,10000,0.4038625978732156,1.113325176957778
2,94,haar_random,pauli,7,4,100,25000,0.3082103014684822,0.7172272005490715
2,94,haar_random,clifford,7,4,100,10,2.8950505741042205,13.03545036420333
2,94,haar_random,clifford,7,4,100,100,1.0538836678824341,2.6229477736111555
2,94,haar_random,clifford,7,4,100,500,0.5364854577608775,1.5224984296557942
2,94,haar_random,clifford,7,4,100,1000,0.371494404384548,1.0634126329637086
2,94,haar_random,clifford,7,4,100,5000,0.16070943524015324,0.44421263296371044
2,94,haar_random,clifford,7,4,100,10000,0.11154960203121382,0.2548571575507472
2,94,haar_random,clifford,7,4,100,25000,0.07200062034572698,0.21615715755074782
2,94,haar_random,seeqst_uniform,7,4,100,10,6.276564411016529,25.780169912255385
2,94,haar_random,seeqst_uniform,7,4,100,100,1.5025189031630752,5.116512724261629
2,94,haar_random,seeqst_uniform,7,4,100,500,0.7103002823129912,1.682953723815888
2,94,haar_random,seeqst_uniform,7,4,100,1000,0.47493919847999816,1.415450364203386
2,94,haar_random,seeqst_uniform,7,4,100,5000,0.21558900016194582,0.6988916556478735
2,94,haar_random,seeqst_uniform,7,4,100,10000,0.13975263793471304,0.33622335229850264
2,94,haar_random,seeqst_uniform,7,4,100,25000,0.09594963288542806,0.23380746607108777
2,94,haar_random,seeqst_binomial,7,4,100,10,2.523740704739029,24.973039370176757
2,94,haar_random,seeqst_binomial,7,4,100,100,3.5602503454230785,17.557618207404538
2,94,haar_random,seeqst_binomial,7,4,100,500,1.0008951332198552,3.5824278700451067
2,94,haar_random,seeqst_binomial,7,4,100,1000,0.8740148877781432,5.218903411583078
2,94,haar_random,seeqst_binomial,7,4,100,5000,0.8504275739248387,4.937794763788562
2,94,haar_random,seeqst_binomial,7,4,100,10000,0.5982549542313395,2.4921364547506615
2,94,haar_random,seeqst_binomial,7,4,100,25000,0.3328564139644332,1.5138731311355014
2,94,haar_random,seeqst_unifsize_l,7,4,100,10,5.6483007589731455,34.98135702702375
2,94,haar_random,seeqst_unifsize_l,7,4,100,100,1.7590180656864471,4.335450364203386
2,94,haar_random,seeqst_unifsize_l,7,4,100,500,0.6457635313838156,2.7535218542872393
2,94,haar_random,seeqst_unifsize_l,7,4,100,1000,0.48014194767982166,1.7906144404287303
2,94,haar_random,seeqst_unifsize_l,7,4,100,5000,0.21701847461790133,0.5576314031657955
2,94,haar_random,seeqst_unifsize_l,7,4,100,10000,0.15381760450849086,0.4229739564231161
2,94,haar_random,seeqst_unifsize_l,7,4,100,25000,0.09787976919967153,0.2366144404287302
2,95,haar_random,pauli,7,4,100,10,0.08984793527765665,0.21743419209635012
2,95,haar_random,pauli,7,4,100,100,3.094009253897014,21.935493964405094
2,95,haar_random,pauli,7,4,100,500,2.047465823781753,8.763152471767745
2,95,haar_random,pauli,7,4,100,1000,1.5664801325195001,6.510066296042357
2,95,haar_random,pauli,7,4,100,5000,0.6194919316579488,1.7718443665440229
2,95,haar_random,pauli,7,4,100,10000,0.450155024334143,1.2484946240095245
2,95,haar_random,pauli,7,4,100,25000,0.3169497751300841,0.8617233990113183
2,95,haar_random,clifford,7,4,100,10,1.8397252820622543,12.993636554235238
2,95,haar_random,clifford,7,4,100,100,1.0522706639759045,2.6229477736111555
2,95,haar_random,clifford,7,4,100,500,0.47498361967958613,1.44187871891719
2,95,haar_random,clifford,7,4,100,1000,0.3953821724123477,1.0548787189171909
2,95,haar_random,clifford,7,4,100,5000,0.16770580034654065,0.39674650435865044
2,95,haar_random,clifford,7,4,100,10000,0.11127026463757404,0.33224650435865055
2,95,haar_random,clifford,7,4,100,25000,0.06733716336357885,0.213963399011318
2,95,haar_random,seeqst_uniform,7,4,100,10,4.436573075676455,25.780169912255385
2,95,haar_random,seeqst_uniform,7,4,100,100,1.7903235522624665,5.183705375990475
2,95,haar_random,seeqst_uniform,7,4,100,500,0.6165649935710101,1.597577262752464
2,95,haar_random,seeqst_uniform,7,4,100,1000,0.3860046790086414,1.0894939644051003
2,95,haar_random,seeqst_uniform,7,4,100,5000,0.2215041229523779,0.6068513934063249
2,95,haar_random,seeqst_uniform,7,4,100,10000,0.16686659722566624,0.35332213129101037
2,95,haar_random,seeqst_uniform,7,4,100,25000,0.10519108033233919,0.32772213129101035
2,95,haar_random,seeqst_binomial,7,4,100,10,4.375259710103489,25.13501157593313
2,95,haar_random,seeqst_binomial,7,4,100,100,1.9738803617087324,17.491232288243314
2,95,haar_random,seeqst_binomial,7,4,100,500,0.9036625255014333,3.683879198826373
2,95,haar_random,seeqst_binomial,7,4,100,1000,2.2475125160098486,12.245782216743484
2,95,haar_random,seeqst_binomial,7,4,100,5000,0.991972672305704,4.8966992113734324
2,95,haar_random,seeqst_binomial,7,4,100,10000,0.6284863613932008,2.6630925011342512
2,95,haar_random,seeqst_binomial,7,4,100,25000,0.4053777125220841,1.6848291775190907
2,95,haar_random,seeqst_unifsize_l,7,4,100,10,6.719350198732468,35.06804857865589
2,95,haar_random,seeqst_unifsize_l,7,4,100,100,1.4371357781367906,4.225870937834874
2,95,haar_random,seeqst_unifsize_l,7,4,100,500,0.7117946708088742,2.7143556662465214
2,95,haar_random,seeqst_unifsize_l,7,4,100,1000,0.5166288379265127,1.7906144404287303
2,95,haar_random,seeqst_unifsize_l,7,4,100,5000,0.21582107212273838,0.6166719236301346
2,95,haar_random,seeqst_unifsize_l,7,4,100,10000,0.1525007265995926,0.3637417120416887
2,95,haar_random,seeqst_unifsize_l,7,4,100,25000,0.11398419563407931,0.3722896047031281
2,96,haar_random,pauli,7,4,100,10,21.874025056622532,218.7380702943723
2,96,haar_random,pauli,7,4,100,100,4.897289770500065,21.943596285301734
2,96,haar_random,pauli,7,4,100,500,2.230798791615642,8.763152471767745
2,96,haar_random,pauli,7,4,100,1000,1.3821286405860782,4.420004676865322
2,96,haar_random,pauli,7,4,100,5000,0.5982530239386922,1.7782584020064618
2,96,haar_random,pauli,7,4,100,10000,0.48262335724559735,1.2490462828855304
2,96,haar_random,pauli,7,4,100,25000,0.30461962808130216,1.0235415420623664
2,96,haar_random,clifford,7,4,100,10,2.5891255115596534,12.993636554235238
2,96,haar_random,clifford,7,4,100,100,1.0439431483547958,2.7859866656522674
2,96,haar_random,clifford,7,4,100,500,0.49990793740314704,1.3259197957647986
2,96,haar_random,clifford,7,4,100,1000,0.38134064573309373,1.1969197957647997
2,96,haar_random,clifford,7,4,100,5000,0.1558438623052349,0.416977518069902
2,96,haar_random,clifford,7,4,100,10000,0.11302485277111803,0.30164009105279294
2,96,haar_random,clifford,7,4,100,25000,0.0693660745037397,0.2139200910527934
2,96,haar_random,seeqst_uniform,7,4,100,10,4.449892255206182,25.780169912255385
2,96,haar_random,seeqst_uniform,7,4,100,100,1.651060249588084,5.116512724261629
2,96,haar_random,seeqst_uniform,7,4,100,500,0.7097367336208541,1.9928493773989007
2,96,haar_random,seeqst_uniform,7,4,100,1000,0.5627057771174981,2.1027498348045763
2,96,haar_random,seeqst_uniform,7,4,100,5000,0.24960560421537828,0.6691498348045766
2,96,haar_random,seeqst_uniform,7,4,100,10000,0.15595623062522487,0.5248788942987469
2,96,haar_random,seeqst_uniform,7,4,100,25000,0.09847175218997449,0.3066092431073582
2,96,haar_random,seeqst_binomial,7,4,100,10,0.9420257899366764,3.582063354037361
2,96,haar_random,seeqst_binomial,7,4,100,100,3.0387975942237886,17.495283084390866
2,96,haar_random,seeqst_binomial,7,4,100,500,0.9060552115274596,3.6224585513993164
2,96,haar_random,seeqst_binomial,7,4,100,1000,0.7146342470887977,3.537004783781345
2,96,haar_random,seeqst_binomial,7,4,100,5000,0.9642450998291664,2.6630925011342512
2,96,haar_random,seeqst_binomial,7,4,100,10000,0.6099453700352571,2.6630925011342512
2,96,haar_random,seeqst_binomial,7,4,100,25000,0.35134632739665955,1.6848291775190907
2,96,haar_random,seeqst_unifsize_l,7,4,100,10,3.778226149627333,35.02712022900834
2,96,haar_random,seeqst_unifsize_l,7,4,100,100,1.5461239601058383,6.901429729617806
2,96,haar_random,seeqst_unifsize_l,7,4,100,500,0.5772790024726836,2.0014297296178065
2,96,haar_random,seeqst_unifsize_l,7,4,100,1000,0.5052779705834894,1.6948493773989006
2,96,haar_random,seeqst_unifsize_l,7,4,100,5000,0.2568819269384858,0.7271202290083397
2,96,haar_random,seeqst_unifsize_l,7,4,100,10000,0.16947425209536446,0.4705479499195037
2,96,haar_random,seeqst_unifsize_l,7,4,100,25000,0.10810397096556625,0.27824419119393695
2,97,haar_random,pauli,7,4,100,10,0.09586213939535126,0.2660112030309202
2,97,haar_random,pauli,7,4,100,100,3.7792026026567855,21.84449842965579
2,97,haar_random,pauli,7,4,100,500,1.9525648423402326,8.763152471767745
2,97,haar_random,pauli,7,4,100,1000,1.330117840655012,4.389152471767746
2,97,haar_random,pauli,7,4,100,5000,0.6599376309670263,2.1470316528565143
2,97,haar_random,pauli,7,4,100,10000,0.5484950062983449,1.2490462828855304
2,97,haar_random,pauli,7,4,100,25000,0.34425244195781657,1.0807604442512024
2,97,haar_random,clifford,7,4,100,10,3.1780452914250583,13.039824311142814
2,97,haar_random,clifford,7,4,100,100,1.0554131672486784,2.6281606456999986
2,97,haar_random,clifford,7,4,100,500,0.5034223336959263,1.5224984296557942
2,97,haar_random,clifford,7,4,100,1000,0.40282353547065297,1.0064984296557957
2,97,haar_random,clifford,7,4,100,5000,0.1701760541288238,0.39674650435865044
2,97,haar_random,clifford,7,4,100,10000,0.1282169395459645,0.3454634474368443
2,97,haar_random,clifford,7,4,100,25000,0.07431182216495504,0.213963399011318
2,97,haar_random,seeqst_uniform,7,4,100,10,5.752214974823985,25.80779505259926
2,97,haar_random,seeqst_uniform,7,4,100,100,1.3408342505560922,5.058517107334252
2,97,haar_random,seeqst_uniform,7,4,100,500,0.6346708844407011,1.671450364203386
2,97,haar_random,seeqst_uniform,7,4,100,1000,0.5132586352911644,1.4938588801706096
2,97,haar_random,seeqst_uniform,7,4,100,5000,0.20782933227570408,0.6068513934063249
2,97,haar_random,seeqst_uniform,7,4,100,10000,0.15418020330797377,0.3615156835106072
2,97,haar_random,seeqst_uniform,7,4,100,25000,0.09389102688200716,0.24019225982335857
2,97,haar_random,seeqst_binomial,7,4,100,10,5.051942472162077,25.13501157593313
2,97,haar_random,seeqst_binomial,7,4,100,100,3.6216308080880877,34.948855947996144
2,97,haar_random,seeqst_binomial,7,4,100,500,2.692797012281783,24.300076062324756
2,97,haar_random,seeqst_binomial,7,4,100,1000,1.6061697799209889,12.071784517135253
2,97,haar_random,seeqst_binomial,7,4,100,5000,0.7841074001024527,2.6595171892085103
2,97,haar_random,seeqst_binomial,7,4,100,10000,0.4922981564990636,2.504737510989449
2,97,haar_random,seeqst_binomial,7,4,100,25000,0.35539430970977626,1.5264741873742886
2,97,haar_random,seeqst_unifsize_l,7,4,100,10,4.577910584534801,34.950514021903835
2,97,haar_random,seeqst_unifsize_l,7,4,100,100,1.5130266800935672,6.950514021903839
2,97,haar_random,seeqst_unifsize_l,7,4,100,500,0.6167827236089869,1.5076224626791244
2,97,haar_random,seeqst_unifsize_l,7,4,100,1000,0.38966741043031905,1.0018393542999933
2,97,haar_random,seeqst_unifsize_l,7,4,100,5000,0.2116313426474425,0.6518393542999932
2,97,haar_random,seeqst_unifsize_l,7,4,100,10000,0.16570944639417445,0.4094850963328779
2,97,haar_random,seeqst_unifsize_l,7,4,100,25000,0.10839790377468538,0.3444854078945941
2,98,haar_random,pauli,7,4,100,10,0.0911076926647868,0.19439457636439075
2,98,haar_random,pauli,7,4,100,100,5.785179497471161,21.935493964405094
2,98,haar_random,pauli,7,4,100,500,2.3111825368178223,8.763152471767745
2,98,haar_random,pauli,7,4,100,1000,1.6974543792324681,6.563973956423113
2,98,haar_random,pauli,7,4,100,5000,0.707982837842751,1.8134606855040485
2,98,haar_random,pauli,7,4,100,10000,0.47934401142042943,1.1366291254156935
2,98,haar_random,pauli,7,4,100,25000,0.28855135049656394,0.6505398265904156
2,98,haar_random,clifford,7,4,100,10,2.8996739391389843,13.03545036420333
2,98,haar_random,clifford,7,4,100,100,1.052879268453714,2.643860685504041
2,98,haar_random,clifford,7,4,100,500,0.5939000507205985,1.5224984296557942
2,98,haar_random,clifford,7,4,100,1000,0.42962242945954254,1.1969197957647997
2,98,haar_random,clifford,7,4,100,5000,0.16407206589724432,0.39674650435865044
2,98,haar_random,clifford,7,4,100,10000,0.11261420756896229,0.3454634474368443
2,98,haar_random,clifford,7,4,100,25000,0.06613202092011475,0.19460215230015185
2,98,haar_random,seeqst_uniform,7,4,100,10,4.433810441219373,25.729853377327363
2,98,haar_random,seeqst_uniform,7,4,100,100,1.3600821801160554,5.073995323134676
2,98,haar_random,seeqst_uniform,7,4,100,500,0.6521805369629965,1.671450364203386
2,98,haar_random,seeqst_uniform,7,4,100,1000,0.5118597406967088,1.415450364203386
2,98,haar_random,seeqst_uniform,7,4,100,5000,0.21162037574830533,0.5339720162051681
2,98,haar_random,seeqst_uniform,7,4,100,10000,0.14720530361322084,0.46801117428769934
2,98,haar_random,seeqst_uniform,7,4,100,25000,0.09499649823927504,0.288212016205168
2,98,haar_random,seeqst_binomial,7,4,100,10,0.7924235610116547,3.582063354037361
2,98,haar_random,seeqst_binomial,7,4,100,100,3.5733159444291083,17.498215905494124
2,98,haar_random,seeqst_binomial,7,4,100,500,1.067169473547426,3.5425921355681056
2,98,haar_random,seeqst_binomial,7,4,100,1000,1.4794299382960416,12.149308988180026
2,98,haar_random,seeqst_binomial,7,4,100,5000,0.7520390022008114,2.4299885232156027
2,98,haar_random,seeqst_binomial,7,4,100,10000,0.4785513325381878,2.366675752028422
2,98,haar_random,seeqst_binomial,7,4,100,25000,0.34100777386073694,1.4233786662467358
2,98,haar_random,seeqst_unifsize_l,7,4,100,10,4.5929806784873035,35.07898255700948
2,98,haar_random,seeqst_unifsize_l,7,4,100,100,1.7815860954014968,4.335450364203386
2,98,haar_random,seeqst_unifsize_l,7,4,100,500,0.6756409987733352,2.1183888257123007
2,98,haar_random,seeqst_unifsize_l,7,4,100,1000,0.4720765653743681,1.4183888257123005
2,98,haar_random,seeqst_unifsize_l,7,4,100,5000,0.24541774136916275,0.7776745352078861
2,98,haar_random,seeqst_unifsize_l,7,4,100,10000,0.1751359200918645,0.4229739564231161
2,98,haar_random,seeqst_unifsize_l,7,4,100,25000,0.10698676723861839,0.23191979576480287
2,99,haar_random,pauli,7,4,100,10,0.08787282518426028,0.19702696995886354
2,99,haar_random,pauli,7,4,100,100,6.9306263756536275,43.774169247336175
2,99,haar_random,pauli,7,4,100,500,1.9720210385695678,8.945026969958858
2,99,haar_random,pauli,7,4,100,1000,1.3863258605750022,6.530341035706438
2,99,haar_random,pauli,7,4,100,5000,0.6754430047087001,1.8185839634349528
2,99,haar_random,pauli,7,4,100,10000,0.5038828753153206,1.1090083022405879
2,99,haar_random,pauli,7,4,100,25000,0.2720815092883479,0.6078787698929768
2,99,haar_random,clifford,7,4,100,10,2.5998289100929033,13.06310021308096
2,99,haar_random,clifford,7,4,100,100,1.061362184768483,2.6785335037748936
2,99,haar_random,clifford,7,4,100,500,0.5478260270972233,1.384899786919007
2,99,haar_random,clifford,7,4,100,1000,0.41983446062193447,1.1029112763364164
2,99,haar_random,clifford,7,4,100,5000,0.1733901334985524,0.44421263296371044
2,99,haar_random,clifford,7,4,100,10000,0.10640732207886465,0.35313042166273806
2,99,haar_random,clifford,7,4,100,25000,0.06652360620198115,0.16479042166273858
2,99,haar_random,seeqst_uniform,7,4,100,10,5.7381828809768916,25.745548243811573
2,99,haar_random,seeqst_uniform,7,4,100,100,1.5118249487573325,5.155171932929599
2,99,haar_random,seeqst_uniform,7,4,100,500,0.7398692270002715,2.5951719329295986
2,99,haar_random,seeqst_uniform,7,4,100,1000,0.5176724899708778,1.2090887236635808
2,99,haar_random,seeqst_uniform,7,4,100,5000,0.2241889797312952,0.6068513934063249
2,99,haar_random,seeqst_uniform,7,4,100,10000,0.13696436635877665,0.3615156835106072
2,99,haar_random,seeqst_uniform,7,4,100,25000,0.08103447036904936,0.19021358284500203
2,99,haar_random,seeqst_binomial,7,4,100,10,5.670992079069114,25.13501157593313
2,99,haar_random,seeqst_binomial,7,4,100,100,1.9657938816726548,17.464157500036553
2,99,haar_random,seeqst_binomial,7,4,100,500,0.762493058040139,3.4982788144468815
2,99,haar_random,seeqst_binomial,7,4,100,1000,1.3887738731141632,12.25896992690075
2,99,haar_random,seeqst_binomial,7,4,100,5000,0.8620283538948693,4.8966992113734324
2,99,haar_random,seeqst_binomial,7,4,100,10000,0.504128436771117,2.446801203342126
2,99,haar_random,seeqst_binomial,7,4,100,25000,0.4439513113530493,1.9594845313630356
2,99,haar_random,seeqst_unifsize_l,7,4,100,10,3.834331305050999,34.96932161828875
2,99,haar_random,seeqst_unifsize_l,7,4,100,100,1.8754752491928761,6.9658307526638
2,99,haar_random,seeqst_unifsize_l,7,4,100,500,0.6581533049750734,1.6973423391777684
2,99,haar_random,seeqst_unifsize_l,7,4,100,1000,0.4901695386348842,1.3658307526637998
2,99,haar_random,seeqst_unifsize_l,7,4,100,5000,0.20630541234583594,0.5258307526638
2,99,haar_random,seeqst_unifsize_l,7,4,100,10000,0.16223928070443644,0.5009562094695107
2,99,haar_random,seeqst_unifsize_l,7,4,100,25000,0.10769349875165829,0.30887673551575684
