method,state_repeat,obs_repeat,state_type,n,num_observables,num_distinct_circuits,n_sample,rmse,mean_variance,max_error,coverage,mean_matches_per_observable
derandomized_seeqst,0,0,haar_random,10,100,98.0,10,1.005778308072073,,1.0378697386113795,0.1,0.1
derandomized_seeqst,0,0,haar_random,10,100,98.0,30,0.9860900807317047,0.6666666666666666,1.0471104179555237,0.27,0.3
derandomized_seeqst,0,0,haar_random,10,100,98.0,100,0.904846529214571,0.92,1.0855274511105304,0.7,1.04
derandomized_seeqst,0,0,haar_random,10,100,98.0,300,0.5578441695180897,1.1092063492063493,1.0532217763886784,0.96,3.11
derandomized_seeqst,0,0,haar_random,10,100,98.0,1000,0.33348531610134746,1.000693840215512,1.0386114068416104,1.0,10.42
derandomized_seeqst,0,0,haar_random,10,100,98.0,3000,0.18673749328016276,0.9965343384632829,0.41116290459623306,1.0,31.15
derandomized_seeqst,0,0,haar_random,10,100,98.0,10000,0.09341364642007616,0.9999566405092161,0.2703019659961962,1.0,104.05
derandomized_seeqst,0,0,haar_random,10,100,98.0,20000,0.06378919889290449,1.000400468043786,0.14001074357177065,1.0,208.05
derandomized_seeqst,0,0,haar_random,10,100,98.0,30000,0.052367334158964315,0.9998804268451877,0.14277843035002802,1.0,311.91
derandomized_seeqst,0,0,haar_random,10,100,98.0,40000,0.04974323321927741,0.9994062639691434,0.13151033645347504,1.0,415.86
derandomized_seeqst,0,0,haar_random,10,100,98.0,50000,0.04449369640559452,0.9992962067869403,0.10598047429127334,1.0,519.89
random_seeqst,0,0,haar_random,10,100,,10,20.478547723766276,4194.304000000001,204.78527451566828,1.0,10.0
random_seeqst,0,0,haar_random,10,100,,30,6.82525494333843,1398.101333333332,68.25194118233493,1.0,30.0
random_seeqst,0,0,haar_random,10,100,,100,4.092640208408032,1677.721599999999,20.51786973861138,1.0,100.0
random_seeqst,0,0,haar_random,10,100,,300,2.551360988162743,1957.3418666666541,6.869962204596664,1.0,300.0
random_seeqst,0,0,haar_random,10,100,,1000,1.4906458651415078,2222.9811200000154,4.092677384341267,1.0,1000.0
random_seeqst,0,0,haar_random,10,100,,3000,0.9019880507082734,2208.9161926152847,2.7156206903167814,1.0,3000.0
random_seeqst,0,0,haar_random,10,100,,10000,0.4320127196276394,2076.1989367832352,1.3864895820444763,1.0,10000.0
random_seeqst,0,0,haar_random,10,100,,20000,0.330662001947051,2009.0611297159332,0.8234886586252363,1.0,20000.0
random_seeqst,0,0,haar_random,10,100,,30000,0.2807588590196814,2038.417855730845,0.7075507833841119,1.0,30000.0
random_seeqst,0,0,haar_random,10,100,,40000,0.2297190962394633,1993.3378902794523,0.7243552774408796,1.0,40000.0
random_seeqst,0,0,haar_random,10,100,,50000,0.20300287352784,1998.1638418576695,0.5710174500507785,1.0,50000.0
derandomized_seeqst,0,1,haar_random,10,100,99.0,10,0.9993214853509461,,1.059665109457549,0.1,0.1
derandomized_seeqst,0,1,haar_random,10,100,99.0,30,0.9623799150571669,1.3333333333333333,1.0686300253816383,0.27,0.3
derandomized_seeqst,0,1,haar_random,10,100,99.0,100,0.7839149481166765,1.3777777777777778,1.071068240950003,0.61,1.0
derandomized_seeqst,0,1,haar_random,10,100,99.0,300,0.6534895484133164,0.9886178861788617,1.059665109457549,0.96,3.05
derandomized_seeqst,0,1,haar_random,10,100,99.0,1000,0.35055468950943264,0.9900398251559243,1.0208462541305086,1.0,10.2
derandomized_seeqst,0,1,haar_random,10,100,99.0,3000,0.18214404855964994,0.9998100548108602,0.5610386109639681,1.0,30.58
derandomized_seeqst,0,1,haar_random,10,100,99.0,10000,0.0934956751243435,1.0008157371540856,0.22932582480331395,1.0,101.89
derandomized_seeqst,0,1,haar_random,10,100,99.0,20000,0.06807493774282472,0.9996542747038208,0.14563738200603582,1.0,203.93
derandomized_seeqst,0,1,haar_random,10,100,99.0,30000,0.05603960480705066,0.999394217983084,0.15295988135160068,1.0,305.87
derandomized_seeqst,0,1,haar_random,10,100,99.0,40000,0.048246958884107696,0.9994503852877408,0.1357581611795835,1.0,407.7
derandomized_seeqst,0,1,haar_random,10,100,99.0,50000,0.044094175475254765,0.9993385398586939,0.1364231403603371,1.0,509.36
random_seeqst,0,1,haar_random,10,100,,10,0.03003917445295642,0.0,0.07656716625288938,1.0,10.0
random_seeqst,0,1,haar_random,10,100,,30,0.03003917445295642,0.0,0.07656716625288938,1.0,30.0
random_seeqst,0,1,haar_random,10,100,,100,2.8981989158586514,838.8607999999999,20.528995422289,1.0,100.0
random_seeqst,0,1,haar_random,10,100,,300,2.158015066397737,1398.1013333333256,6.895296692048305,1.0,300.0
random_seeqst,0,1,haar_random,10,100,,1000,1.3739124524866981,2391.257100300313,4.092511269241863,1.0,1000.0
random_seeqst,0,1,haar_random,10,100,,3000,0.7978238794018802,2474.8258356696256,2.6819000185092765,1.0,3000.0
random_seeqst,0,1,haar_random,10,100,,10000,0.38665110853740864,2210.467001464917,1.038105941765197,1.0,10000.0
random_seeqst,0,1,haar_random,10,100,,20000,0.3145674501108177,2032.1407074516694,0.8259547896051712,1.0,20000.0
random_seeqst,0,1,haar_random,10,100,,30000,0.25853570320214153,2023.0521632843854,0.7576881229385045,1.0,30000.0
random_seeqst,0,1,haar_random,10,100,,40000,0.22038916270906483,2018.5089572905533,0.5699547896051712,1.0,40000.0
random_seeqst,0,1,haar_random,10,100,,50000,0.19192046365704163,2026.690612094538,0.6211547896051711,1.0,50000.0
derandomized_seeqst,0,2,haar_random,10,100,98.0,10,1.0139512237886341,,1.0426438465918337,0.11,0.11
derandomized_seeqst,0,2,haar_random,10,100,98.0,30,1.003990950418165,0.0,1.0426438465918337,0.28,0.32
derandomized_seeqst,0,2,haar_random,10,100,98.0,100,0.8663549433594459,0.9784946236559139,1.0865708745650098,0.65,1.04
derandomized_seeqst,0,2,haar_random,10,100,98.0,300,0.6743314403681501,0.97195097448262,1.040000768029788,0.98,3.14
derandomized_seeqst,0,2,haar_random,10,100,98.0,1000,0.3292070952431487,0.9958399682189154,1.016461437156785,1.0,10.42
derandomized_seeqst,0,2,haar_random,10,100,98.0,3000,0.1897142533419379,0.9954073811344955,0.5523996883075903,1.0,31.26
derandomized_seeqst,0,2,haar_random,10,100,98.0,10000,0.09854460009228326,0.9978348667861607,0.2425461116629459,1.0,103.88
derandomized_seeqst,0,2,haar_random,10,100,98.0,20000,0.06914019830106852,0.9981046514435736,0.17469870680166705,1.0,207.8
derandomized_seeqst,0,2,haar_random,10,100,98.0,30000,0.05627993407854768,0.9981159299594233,0.1386995965711826,1.0,311.61
derandomized_seeqst,0,2,haar_random,10,100,98.0,40000,0.04351909451753951,0.9988906677638876,0.10596744776359505,1.0,415.54
derandomized_seeqst,0,2,haar_random,10,100,98.0,50000,0.04130819532598923,0.9986770295867682,0.11569617679487812,1.0,519.26
random_seeqst,0,2,haar_random,10,100,,10,0.03195959911220272,0.0,0.10197836953051231,1.0,10.0
random_seeqst,0,2,haar_random,10,100,,30,6.8315075556464695,1398.1013333333324,68.314344612786,1.0,30.0
random_seeqst,0,2,haar_random,10,100,,100,5.418384510841913,2936.0127999999986,20.527677946119336,1.0,100.0
random_seeqst,0,2,haar_random,10,100,,300,2.814301498547741,2376.772266666651,6.874344612786003,1.0,300.0
random_seeqst,0,2,haar_random,10,100,,1000,1.549267379706272,2306.783229949976,4.181418008260826,1.0,1000.0
random_seeqst,0,2,haar_random,10,100,,3000,0.8929350534560841,2139.0204497320847,2.7605779695804933,1.0,3000.0
random_seeqst,0,2,haar_random,10,100,,10000,0.44880314531649484,1912.597590331794,1.3153708745650097,1.0,10000.0
random_seeqst,0,2,haar_random,10,100,,20000,0.3377199889729221,1998.5736919103344,0.8241576053201676,1.0,20000.0
random_seeqst,0,2,haar_random,10,100,,30000,0.26286478607547864,2028.6454075065224,0.7546416393083764,1.0,30000.0
random_seeqst,0,2,haar_random,10,100,,40000,0.21958773036081297,2052.0676361294677,0.5676864922672574,1.0,40000.0
random_seeqst,0,2,haar_random,10,100,,50000,0.20330953315101893,2033.398176539419,0.49600649226725746,1.0,50000.0
derandomized_seeqst,0,3,haar_random,10,100,98.0,10,0.9982071517892557,,1.0316752309308401,0.1,0.1
derandomized_seeqst,0,3,haar_random,10,100,98.0,30,0.9743278644924259,0.6666666666666667,1.0420259958097247,0.27,0.3
derandomized_seeqst,0,3,haar_random,10,100,98.0,100,0.8640399580218434,0.9311827956989246,1.0890473171803345,0.62,1.03
derandomized_seeqst,0,3,haar_random,10,100,98.0,300,0.6283975860548378,0.982845668387837,1.0890473171803345,0.93,3.06
derandomized_seeqst,0,3,haar_random,10,100,98.0,1000,0.3126665807317826,1.0083632609220843,0.7522649104889932,1.0,10.31
derandomized_seeqst,0,3,haar_random,10,100,98.0,3000,0.17732668327630507,1.0006257296811714,0.42909257157238695,1.0,31.29
derandomized_seeqst,0,3,haar_random,10,100,98.0,10000,0.09500907004358922,0.9989663011793681,0.2438389530507713,1.0,104.25
derandomized_seeqst,0,3,haar_random,10,100,98.0,20000,0.0674215505081376,0.9988292807881849,0.16687887609069435,1.0,208.36
derandomized_seeqst,0,3,haar_random,10,100,98.0,30000,0.05144113274315458,0.99956762161659,0.14435378745022726,1.0,312.29
derandomized_seeqst,0,3,haar_random,10,100,98.0,40000,0.04314524535727411,0.999502606321849,0.12099043099174582,1.0,416.51
derandomized_seeqst,0,3,haar_random,10,100,98.0,50000,0.04006134072710731,0.9991148451209746,0.10156625838148466,1.0,520.19
random_seeqst,0,3,haar_random,10,100,,10,0.02882902625859324,0.0,0.08904731718033444,1.0,10.0
random_seeqst,0,3,haar_random,10,100,,30,0.02882902625859324,0.0,0.08904731718033444,1.0,30.0
random_seeqst,0,3,haar_random,10,100,,100,3.548446973163378,1258.2911999999994,20.515654807577896,1.0,100.0
random_seeqst,0,3,haar_random,10,100,,300,2.2616818927158153,1818.4669181716756,6.862321474244561,1.0,300.0
random_seeqst,0,3,haar_random,10,100,,1000,1.489736356510802,2055.041019899918,4.147048837089159,1.0,1000.0
random_seeqst,0,3,haar_random,10,100,,3000,0.8463646650326573,2181.0474037834333,2.7553565835192146,1.0,3000.0
random_seeqst,0,3,haar_random,10,100,,10000,0.4503674181899579,2071.989531778748,1.458289916852548,1.0,10000.0
random_seeqst,0,3,haar_random,10,100,,20000,0.3543406441281603,2030.0206953517763,1.3523526131830086,1.0,20000.0
random_seeqst,0,3,haar_random,10,100,,30000,0.28077579927336943,2014.6533954092351,0.8403526131830086,1.0,30000.0
random_seeqst,0,3,haar_random,10,100,,40000,0.23144689684734013,2045.7703079572673,0.6355526131830085,1.0,40000.0
random_seeqst,0,3,haar_random,10,100,,50000,0.2012168058992144,2059.4048075354194,0.47589884638205276,1.0,50000.0
derandomized_seeqst,0,4,haar_random,10,100,100.0,10,1.0127214215749754,,1.0523775787091123,0.1,0.1
derandomized_seeqst,0,4,haar_random,10,100,100.0,30,0.9961275227355527,1.0,1.080422866735425,0.28,0.3
derandomized_seeqst,0,4,haar_random,10,100,100.0,100,0.8944312398979096,1.1014492753623188,1.080422866735425,0.68,1.0
derandomized_seeqst,0,4,haar_random,10,100,100.0,300,0.6398993643485802,1.0871006630500302,1.080422866735425,0.96,3.0
derandomized_seeqst,0,4,haar_random,10,100,100.0,1000,0.29600115049111736,1.0392773337773336,0.7903541549538854,1.0,10.0
derandomized_seeqst,0,4,haar_random,10,100,100.0,3000,0.17163810124842166,1.004908626834486,0.43135155541827874,1.0,30.0
derandomized_seeqst,0,4,haar_random,10,100,100.0,10000,0.09159552826049606,1.001280368451142,0.22885767482854427,1.0,100.0
derandomized_seeqst,0,4,haar_random,10,100,100.0,20000,0.07236038454117988,0.9993098528395704,0.15949305702906574,1.0,200.0
derandomized_seeqst,0,4,haar_random,10,100,100.0,30000,0.05727594458900014,0.9996934109177137,0.15638097848533103,1.0,300.0
derandomized_seeqst,0,4,haar_random,10,100,100.0,40000,0.04931836815664546,0.999612222851399,0.1292502360105955,1.0,400.0
derandomized_seeqst,0,4,haar_random,10,100,100.0,50000,0.04247244623723461,0.999512510116764,0.11648537905944993,1.0,500.0
random_seeqst,0,4,haar_random,10,100,,10,20.476912378689672,4194.304000000001,204.7689305576447,1.0,10.0
random_seeqst,0,4,haar_random,10,100,,30,6.823617708584178,1398.1013333333312,68.23559722431133,1.0,30.0
random_seeqst,0,4,haar_random,10,100,,100,5.01479803288925,2516.582399999999,20.49893628416949,1.0,100.0
random_seeqst,0,4,haar_random,10,100,,300,2.9764554687338114,2656.3925333333186,6.888767107351032,1.0,300.0
random_seeqst,0,4,haar_random,10,100,,1000,1.2615816193609815,2181.625870350373,4.071630609818496,1.0,1000.0
random_seeqst,0,4,haar_random,10,100,,3000,0.7399251158834423,1915.4920645014581,2.706297276485162,1.0,3000.0
random_seeqst,0,4,haar_random,10,100,,10000,0.47123124620263956,2034.2206611060597,1.4957004406843648,1.0,10000.0
random_seeqst,0,4,haar_random,10,100,,20000,0.36198393388468203,2053.08601174077,1.3933004406843648,1.0,20000.0
random_seeqst,0,4,haar_random,10,100,,30000,0.277345856489338,2056.600723063,1.0269893698823047,1.0,30000.0
random_seeqst,0,4,haar_random,10,100,,40000,0.23899157024538226,2068.83667303199,0.8733893698823048,1.0,40000.0
random_seeqst,0,4,haar_random,10,100,,50000,0.21432369906352755,2077.0164215066993,0.7402693698823049,1.0,50000.0
derandomized_seeqst,0,5,haar_random,10,100,97.0,10,0.9976258535054984,,1.0651546631063744,0.1,0.1
derandomized_seeqst,0,5,haar_random,10,100,97.0,30,0.9562375519781908,0.6666666666666666,1.0651546631063744,0.23,0.3
derandomized_seeqst,0,5,haar_random,10,100,97.0,100,0.9024584723126764,0.6904761904761906,1.0661697315777983,0.59,1.03
derandomized_seeqst,0,5,haar_random,10,100,97.0,300,0.7119694547977838,0.8229365079365081,1.0651546631063744,0.95,3.12
derandomized_seeqst,0,5,haar_random,10,100,97.0,1000,0.3143198002860076,1.0168190848710972,0.7235422157909556,1.0,10.58
derandomized_seeqst,0,5,haar_random,10,100,97.0,3000,0.20080326500777912,0.9924247262358807,0.5433005863200181,1.0,31.88
derandomized_seeqst,0,5,haar_random,10,100,97.0,10000,0.10902621484268929,0.9966256323326733,0.24808763816475696,1.0,106.26
derandomized_seeqst,0,5,haar_random,10,100,97.0,20000,0.06873803579123608,0.9985355133857604,0.19113634627021858,1.0,212.21
derandomized_seeqst,0,5,haar_random,10,100,97.0,30000,0.058405435871077785,0.998319404933374,0.15058747086229674,1.0,318.3
derandomized_seeqst,0,5,haar_random,10,100,97.0,40000,0.050665716269607836,0.9986516898980711,0.12820984848467437,1.0,424.07
derandomized_seeqst,0,5,haar_random,10,100,97.0,50000,0.045610877066451234,0.9985647222187564,0.11894916854682744,1.0,530.26
random_seeqst,0,5,haar_random,10,100,,10,20.486881036040078,4194.304000000001,204.8685642363377,1.0,10.0
random_seeqst,0,5,haar_random,10,100,,30,9.661171785147493,2796.2026666666648,68.33523090300437,1.0,30.0
random_seeqst,0,5,haar_random,10,100,,100,4.1028241564614625,1677.7215999999985,20.548564236337704,1.0,100.0
random_seeqst,0,5,haar_random,10,100,,300,2.050666215246808,1538.8466515050102,6.8952309030043715,1.0,300.0
random_seeqst,0,5,haar_random,10,100,,1000,1.5010723209204877,2264.924160000016,6.157746055224399,1.0,1000.0
random_seeqst,0,5,haar_random,10,100,,3000,0.83284093709656,1845.409845948615,2.6940228968038573,1.0,3000.0
random_seeqst,0,5,haar_random,10,100,,10000,0.43887582453211965,1971.3287526128927,1.0369283118018107,1.0,10000.0
random_seeqst,0,5,haar_random,10,100,,20000,0.320392192761469,2013.2657102746127,0.8456494907780541,1.0,20000.0
random_seeqst,0,5,haar_random,10,100,,30000,0.27843449386227676,2011.8574723721777,0.7528456951685764,1.0,30000.0
random_seeqst,0,5,haar_random,10,100,,40000,0.2449303359811878,2005.9161884296366,0.718712361835243,1.0,40000.0
random_seeqst,0,5,haar_random,10,100,,50000,0.2209122606537709,1992.2854072329758,0.6041483100231358,1.0,50000.0
derandomized_seeqst,0,6,haar_random,10,100,95.0,10,0.9464740188623162,1.0,1.0484019513255518,0.09,0.11
derandomized_seeqst,0,6,haar_random,10,100,95.0,30,0.9825718072685965,0.5,1.0529643008276992,0.29,0.33
derandomized_seeqst,0,6,haar_random,10,100,95.0,100,0.8913016421680235,0.935897435897436,1.0977981401223686,0.67,1.08
derandomized_seeqst,0,6,haar_random,10,100,95.0,300,0.6322082308122075,1.0391912320483752,1.0529643008276992,0.97,3.29
derandomized_seeqst,0,6,haar_random,10,100,95.0,1000,0.2854298823405504,1.0399779907091,0.6891441639097965,1.0,11.14
derandomized_seeqst,0,6,haar_random,10,100,95.0,3000,0.1732871153223464,1.0017120339059609,0.5164874695624776,1.0,33.23
derandomized_seeqst,0,6,haar_random,10,100,95.0,10000,0.0995487773454469,0.9989720118320955,0.2546114078201449,1.0,110.5
derandomized_seeqst,0,6,haar_random,10,100,95.0,20000,0.06408314570699229,0.9996247708767639,0.15241750277541444,1.0,220.42
derandomized_seeqst,0,6,haar_random,10,100,95.0,30000,0.05542613886895026,0.9991622218330326,0.1490614268027056,1.0,330.11
derandomized_seeqst,0,6,haar_random,10,100,95.0,40000,0.04825900954587851,0.998918379881229,0.13949415161676915,1.0,440.24
derandomized_seeqst,0,6,haar_random,10,100,95.0,50000,0.04647644113544057,0.9986606341455159,0.13682648337068878,1.0,550.12
random_seeqst,0,6,haar_random,10,100,,10,28.964445227213837,8388.608000000002,204.84840195132557,1.0,10.0
random_seeqst,0,6,haar_random,10,100,,30,9.658556070923593,5688.826114942527,68.31506861799221,1.0,30.0
random_seeqst,0,6,haar_random,10,100,,100,4.097208098217582,2525.0557414141404,20.528401951325552,1.0,100.0
random_seeqst,0,6,haar_random,10,100,,300,3.0569290214532394,3357.3135696766876,6.885376567990647,1.0,300.0
random_seeqst,0,6,haar_random,10,100,,1000,1.4656781592176769,2558.945290250281,4.122644392490666,1.0,1000.0
random_seeqst,0,6,haar_random,10,100,,3000,0.8534030959534987,2502.703948284952,2.7480980912760593,1.0,3000.0
random_seeqst,0,6,haar_random,10,100,,10000,0.5348670190729009,2143.2155168668596,1.438135224777185,1.0,10000.0
random_seeqst,0,6,haar_random,10,100,,20000,0.371518736203921,2118.089754164756,1.0154677096872429,1.0,20000.0
random_seeqst,0,6,haar_random,10,100,,30000,0.29363333100404393,2063.5798581264075,0.8106677096872429,1.0,30000.0
random_seeqst,0,6,haar_random,10,100,,40000,0.23424971627584001,2061.4969031828987,0.635095244987918,1.0,40000.0
random_seeqst,0,6,haar_random,10,100,,50000,0.20139728460964296,2049.33596130257,0.5351427111283288,1.0,50000.0
derandomized_seeqst,0,7,haar_random,10,100,95.0,10,0.9946862106092855,,1.0455673940615757,0.11,0.11
derandomized_seeqst,0,7,haar_random,10,100,95.0,30,0.9285068407094268,1.2,1.0455673940615757,0.26,0.31
derandomized_seeqst,0,7,haar_random,10,100,95.0,100,0.8791692831222407,0.9876543209876544,1.0586087925550234,0.7,1.07
derandomized_seeqst,0,7,haar_random,10,100,95.0,300,0.6781481250066218,0.9309910956252418,1.0586087925550234,0.97,3.23
derandomized_seeqst,0,7,haar_random,10,100,95.0,1000,0.31646602952106073,1.0132863066757805,0.6795829409854294,1.0,10.98
derandomized_seeqst,0,7,haar_random,10,100,95.0,3000,0.19017824085012883,0.9965359687892869,0.5190209121408976,1.0,33.16
derandomized_seeqst,0,7,haar_random,10,100,95.0,10000,0.10525451339163427,0.9986141246112895,0.26249228770065447,1.0,110.09
derandomized_seeqst,0,7,haar_random,10,100,95.0,20000,0.07384760308371119,0.999157664209247,0.19483954512687285,1.0,220.67
derandomized_seeqst,0,7,haar_random,10,100,95.0,30000,0.05846168327692537,0.9992063990111482,0.1591532706170689,1.0,330.95
derandomized_seeqst,0,7,haar_random,10,100,95.0,40000,0.05185952517713656,0.9988569961166553,0.16913873236157131,1.0,440.63
derandomized_seeqst,0,7,haar_random,10,100,95.0,50000,0.04697405825994772,0.9989853560100806,0.13299942446322277,1.0,550.52
random_seeqst,0,7,haar_random,10,100,,10,20.478700829970307,4194.304000000001,204.78679440490808,1.0,10.0
random_seeqst,0,7,haar_random,10,100,,30,13.654536573868166,5592.4053333333295,68.29532503361987,1.0,30.0
random_seeqst,0,7,haar_random,10,100,,100,4.09727810155033,1677.7215999999985,20.50865836695321,1.0,100.0
random_seeqst,0,7,haar_random,10,100,,300,2.978391052486157,2936.9479848383367,6.875133005030311,1.0,300.0
random_seeqst,0,7,haar_random,10,100,,1000,1.5835428369497684,2264.6722498498657,6.170815240204614,1.0,1000.0
random_seeqst,0,7,haar_random,10,100,,3000,0.9124724884068224,2110.993156581026,2.094497589828947,1.0,3000.0
random_seeqst,0,7,haar_random,10,100,,10000,0.496124729359945,2134.863822433411,1.17898643861351,1.0,10000.0
random_seeqst,0,7,haar_random,10,100,,20000,0.32260378656423344,2061.497060389221,0.76753517200893,1.0,20000.0
random_seeqst,0,7,haar_random,10,100,,30000,0.24953183866344059,2032.843812740514,0.5470804232045302,1.0,30000.0
random_seeqst,0,7,haar_random,10,100,,40000,0.21692539430935676,2035.290157979161,0.42404974622577674,1.0,40000.0
random_seeqst,0,7,haar_random,10,100,,50000,0.18658383340302004,2018.3049904987888,0.4246452634687933,1.0,50000.0
derandomized_seeqst,0,8,haar_random,10,100,99.0,10,0.9308579292153187,2.0,1.023927282009594,0.09,0.1
derandomized_seeqst,0,8,haar_random,10,100,99.0,30,0.9394969396262637,1.5,1.068634591093122,0.26,0.3
derandomized_seeqst,0,8,haar_random,10,100,99.0,100,0.8337326678290777,1.0689655172413792,1.054247596455411,0.6,1.03
derandomized_seeqst,0,8,haar_random,10,100,99.0,300,0.6657672665336792,0.9623321123321122,1.0623928854295284,0.94,3.05
derandomized_seeqst,0,8,haar_random,10,100,99.0,1000,0.32404485388657595,0.9993851432365365,0.9781301788363468,1.0,10.2
derandomized_seeqst,0,8,haar_random,10,100,99.0,3000,0.1963146019665956,0.9935295791314984,0.48770048846633346,1.0,30.66
derandomized_seeqst,0,8,haar_random,10,100,99.0,10000,0.11858051684431055,0.9946007931558623,0.30512366407568303,1.0,102.02
derandomized_seeqst,0,8,haar_random,10,100,99.0,20000,0.08292507473885455,0.9976345861028783,0.2519144854923774,1.0,203.92
derandomized_seeqst,0,8,haar_random,10,100,99.0,30000,0.06558141490183234,0.9984110882467402,0.21114189535131694,1.0,306.07
derandomized_seeqst,0,8,haar_random,10,100,99.0,40000,0.057875700365243775,0.9984830252935918,0.17759178110494037,1.0,408.07
derandomized_seeqst,0,8,haar_random,10,100,99.0,50000,0.0515165206412392,0.998534401288827,0.13928241123135163,1.0,510.32
random_seeqst,0,8,haar_random,10,100,,10,20.48369792743233,4194.304000000001,204.8367641954104,1.0,10.0
random_seeqst,0,8,haar_random,10,100,,30,9.65496050597544,2796.2026666666648,68.30343086207706,1.0,30.0
random_seeqst,0,8,haar_random,10,100,,100,4.098598753391214,1677.7215999999992,20.516764195410403,1.0,100.0
random_seeqst,0,8,haar_random,10,100,,300,2.2714096679060307,1537.9114666666571,6.885131732150667,1.0,300.0
random_seeqst,0,8,haar_random,10,100,,1000,1.1254447907408898,1678.1414502502687,4.132764195410402,1.0,1000.0
random_seeqst,0,8,haar_random,10,100,,3000,0.7464842265776567,1733.664300900261,2.0847641954104024,1.0,3000.0
random_seeqst,0,8,haar_random,10,100,,10000,0.40457786645963884,1862.2902717280026,0.8559641954104025,1.0,10000.0
random_seeqst,0,8,haar_random,10,100,,20000,0.3179791111672015,2017.4585461947167,1.0181463708939023,1.0,20000.0
random_seeqst,0,8,haar_random,10,100,,30000,0.25674152672092654,2032.839711506528,0.6894212463778878,1.0,30000.0
random_seeqst,0,8,haar_random,10,100,,40000,0.20882471148036272,2039.486506753281,0.5922004059169805,1.0,40000.0
random_seeqst,0,8,haar_random,10,100,,50000,0.19657259248096132,2054.3712065191235,0.46384759645541107,1.0,50000.0
derandomized_seeqst,0,9,haar_random,10,100,96.0,10,0.9890399573709926,,1.034783646768145,0.11,0.11
derandomized_seeqst,0,9,haar_random,10,100,96.0,30,0.9682913981455702,0.4,1.080228748483724,0.26,0.31
derandomized_seeqst,0,9,haar_random,10,100,96.0,100,0.9232548104645204,0.7283950617283951,1.080228748483724,0.73,1.06
derandomized_seeqst,0,9,haar_random,10,100,96.0,300,0.6529333184776567,0.9724932249322493,1.0418427349022712,0.95,3.21
derandomized_seeqst,0,9,haar_random,10,100,96.0,1000,0.3377984143466927,0.9917352559048616,0.990109871629456,1.0,10.83
derandomized_seeqst,0,9,haar_random,10,100,96.0,3000,0.18224386501900902,1.0002122095951744,0.47282719889450575,1.0,32.7
derandomized_seeqst,0,9,haar_random,10,100,96.0,10000,0.09579622405205203,0.9991733250752718,0.2740604889134065,1.0,109.68
derandomized_seeqst,0,9,haar_random,10,100,96.0,20000,0.06493312132746265,0.9991080212322739,0.1545145370439337,1.0,219.57
derandomized_seeqst,0,9,haar_random,10,100,96.0,30000,0.05549091333002021,0.9984417182163603,0.16982906620453833,1.0,328.93
derandomized_seeqst,0,9,haar_random,10,100,96.0,40000,0.045556319254142184,0.9989256475530142,0.12156840130410938,1.0,439.14
derandomized_seeqst,0,9,haar_random,10,100,96.0,50000,0.04341324431542734,0.9984783725193175,0.11704772914268428,1.0,549.99
random_seeqst,0,9,haar_random,10,100,,10,0.031992478034015684,0.0,0.08755043260015977,1.0,10.0
random_seeqst,0,9,haar_random,10,100,,30,9.65205299789654,2796.2026666666648,68.25485511510216,1.0,30.0
random_seeqst,0,9,haar_random,10,100,,100,4.098130027444214,1677.721599999999,20.560228748483723,1.0,100.0
random_seeqst,0,9,haar_random,10,100,,300,3.1304865963694533,2374.901896989957,13.646653909043906,1.0,300.0
random_seeqst,0,9,haar_random,10,100,,1000,1.574406161079848,1970.8190596997065,6.137320575710572,1.0,1000.0
random_seeqst,0,9,haar_random,10,100,,3000,0.8885111486056734,2069.096735498478,2.7402352942255095,1.0,3000.0
random_seeqst,0,9,haar_random,10,100,,10000,0.5096299734773352,2101.301839931189,1.8929990916340045,1.0,10000.0
random_seeqst,0,9,haar_random,10,100,,20000,0.35445806444944555,2009.046658643698,0.9713990916340046,1.0,20000.0
random_seeqst,0,9,haar_random,10,100,,30000,0.26802944005916984,2056.6047310870917,0.7324657583006713,1.0,30000.0
random_seeqst,0,9,haar_random,10,100,,40000,0.23267204534788075,2080.3727916559765,0.6736103600283035,1.0,40000.0
random_seeqst,0,9,haar_random,10,100,,50000,0.21452576214269192,2111.407600335173,0.5814503600283035,1.0,50000.0
derandomized_seeqst,0,0,ghz,10,100,99.0,10,1.0,,1.0,0.1,0.1
derandomized_seeqst,0,0,ghz,10,100,99.0,30,0.9805806756909202,0.3333333333333333,1.0,0.26,0.32
derandomized_seeqst,0,0,ghz,10,100,99.0,100,0.8774331250237187,0.8044444444444445,1.0,0.6,1.02
derandomized_seeqst,0,0,ghz,10,100,99.0,300,0.6480505741026741,1.0035132275132277,1.0,0.92,3.06
derandomized_seeqst,0,0,ghz,10,100,99.0,1000,0.3120989407712143,1.0195506795294114,1.0,1.0,10.23
derandomized_seeqst,0,0,ghz,10,100,99.0,3000,0.19742276585572707,0.9951473862000558,0.5172413793103449,1.0,30.61
derandomized_seeqst,0,0,ghz,10,100,99.0,10000,0.0877307037751767,1.0023201515670104,0.2682926829268293,1.0,102.03
derandomized_seeqst,0,0,ghz,10,100,99.0,20000,0.05997297665080033,1.0013860943517985,0.14285714285714285,1.0,204.0
derandomized_seeqst,0,0,ghz,10,100,99.0,30000,0.05233212734094337,1.0005743274561727,0.12,1.0,305.83
derandomized_seeqst,0,0,ghz,10,100,99.0,40000,0.04627711480470846,1.0003399406799707,0.12041884816753927,1.0,407.74
derandomized_seeqst,0,0,ghz,10,100,99.0,50000,0.0446660261155802,0.999988833808305,0.13524590163934427,1.0,509.8
random_seeqst,0,0,ghz,10,100,,10,28.96309375740099,8388.608000000002,204.8,1.0,10.0
random_seeqst,0,0,ghz,10,100,,30,15.264890726398564,6990.506666666661,68.26666666666667,1.0,30.0
random_seeqst,0,0,ghz,10,100,,100,5.016554993219949,2516.5823999999975,20.48,1.0,100.0
random_seeqst,0,0,ghz,10,100,,300,3.2019904920394615,2514.7120303232873,13.653333333333334,1.0,300.0
random_seeqst,0,0,ghz,10,100,,1000,1.5863739786065578,2348.6422998999146,4.096,1.0,1000.0
random_seeqst,0,0,ghz,10,100,,3000,0.8134912196480332,2209.0746969345005,2.048,1.0,3000.0
random_seeqst,0,0,ghz,10,100,,10000,0.46656658431567943,2193.6226698893693,1.024,1.0,10000.0
random_seeqst,0,0,ghz,10,100,,20000,0.32414088788673356,2101.3463040001993,0.8192,1.0,20000.0
random_seeqst,0,0,ghz,10,100,,30000,0.2835327611876036,2059.3915195575587,0.6826666666666666,1.0,30000.0
random_seeqst,0,0,ghz,10,100,,40000,0.23468373271277243,2089.809136774397,0.5632,1.0,40000.0
random_seeqst,0,0,ghz,10,100,,50000,0.2038557431911105,2067.791670670017,0.57344,1.0,50000.0
derandomized_seeqst,0,1,ghz,10,100,98.0,10,1.0,,1.0,0.11,0.11
derandomized_seeqst,0,1,ghz,10,100,98.0,30,0.9819805060619657,0.6666666666666666,1.0,0.28,0.31
derandomized_seeqst,0,1,ghz,10,100,98.0,100,0.8722113781486934,0.8666666666666667,1.0,0.62,1.04
derandomized_seeqst,0,1,ghz,10,100,98.0,300,0.6516540671983383,0.9962226240707253,1.0,0.93,3.11
derandomized_seeqst,0,1,ghz,10,100,98.0,1000,0.33461933362307433,0.9980352564532131,1.0,1.0,10.43
derandomized_seeqst,0,1,ghz,10,100,98.0,3000,0.1804179650139607,1.001769625874088,0.41935483870967744,1.0,31.19
derandomized_seeqst,0,1,ghz,10,100,98.0,10000,0.08624291626768922,1.0024780120666072,0.23076923076923078,1.0,103.67
derandomized_seeqst,0,1,ghz,10,100,98.0,20000,0.06884789443131235,1.0001803638099354,0.17647058823529413,1.0,207.46
derandomized_seeqst,0,1,ghz,10,100,98.0,30000,0.05910749430365419,0.9997794862046281,0.17073170731707318,1.0,311.51
derandomized_seeqst,0,1,ghz,10,100,98.0,40000,0.05057918766830535,0.9998962848549011,0.16159250585480095,1.0,415.29
derandomized_seeqst,0,1,ghz,10,100,98.0,50000,0.048023574841110875,0.9996554763914338,0.1534195933456562,1.0,519.18
random_seeqst,0,1,ghz,10,100,,10,0.0,0.0,0.0,1.0,10.0
random_seeqst,0,1,ghz,10,100,,30,0.0,0.0,0.0,1.0,30.0
random_seeqst,0,1,ghz,10,100,,100,2.8963093757400986,838.8607999999996,20.48,1.0,100.0
random_seeqst,0,1,ghz,10,100,,300,2.730666666666667,2236.962133333325,6.826666666666667,1.0,300.0
random_seeqst,0,1,ghz,10,100,,1000,1.49096650532465,2055.04101989991,4.096,1.0,1000.0
random_seeqst,0,1,ghz,10,100,,3000,0.8499131458893642,2055.171664866029,2.048,1.0,3000.0
random_seeqst,0,1,ghz,10,100,,10000,0.4570299106185502,2147.4895206128954,1.2288,1.0,10000.0
random_seeqst,0,1,ghz,10,100,,20000,0.3268790210460133,1998.5789350525197,0.9216,1.0,20000.0
random_seeqst,0,1,ghz,10,100,,30000,0.282544839155369,1969.9106107678513,0.7509333333333333,1.0,30000.0
random_seeqst,0,1,ghz,10,100,,40000,0.23729418703373242,1985.9962853762856,0.6144,1.0,40000.0
random_seeqst,0,1,ghz,10,100,,50000,0.1958384941118574,2006.5568120210467,0.45056,1.0,50000.0
derandomized_seeqst,0,2,ghz,10,100,97.0,10,1.0,,1.0,0.11,0.11
derandomized_seeqst,0,2,ghz,10,100,97.0,30,0.9428090415820634,1.3333333333333335,1.0,0.26,0.31
derandomized_seeqst,0,2,ghz,10,100,97.0,100,0.8555375178473732,0.9062500000000001,1.0,0.6,1.04
derandomized_seeqst,0,2,ghz,10,100,97.0,300,0.6464474234318041,0.9629897528631708,1.0,0.91,3.14
derandomized_seeqst,0,2,ghz,10,100,97.0,1000,0.34048478516989683,1.0029775676506139,1.0,1.0,10.62
derandomized_seeqst,0,2,ghz,10,100,97.0,3000,0.18306148084743923,1.0000726187540996,0.5428571428571428,1.0,31.97
derandomized_seeqst,0,2,ghz,10,100,97.0,10000,0.08648559362889661,1.0023599268208172,0.20833333333333334,1.0,106.28
derandomized_seeqst,0,2,ghz,10,100,97.0,20000,0.062158520760506875,1.0010164288810848,0.16587677725118483,1.0,212.05
derandomized_seeqst,0,2,ghz,10,100,97.0,30000,0.05123876744031254,1.000623665106082,0.1503267973856209,1.0,318.33
derandomized_seeqst,0,2,ghz,10,100,97.0,40000,0.044939878896675486,1.000414968610629,0.13541666666666666,1.0,424.7
derandomized_seeqst,0,2,ghz,10,100,97.0,50000,0.041436003838059635,1.000228511130517,0.0967741935483871,1.0,530.51
random_seeqst,0,2,ghz,10,100,,10,0.0,0.0,0.0,1.0,10.0
random_seeqst,0,2,ghz,10,100,,30,0.0,0.0,0.0,1.0,30.0
random_seeqst,0,2,ghz,10,100,,100,4.096,1677.7215999999992,20.48,1.0,100.0
random_seeqst,0,2,ghz,10,100,,300,2.158781549341614,1678.6567848383422,6.826666666666667,1.0,300.0
random_seeqst,0,2,ghz,10,100,,1000,1.3113598438262473,1887.6047401001167,4.096,1.0,1000.0
random_seeqst,0,2,ghz,10,100,,3000,0.8416479918720309,2013.228624866031,2.048,1.0,3000.0
random_seeqst,0,2,ghz,10,100,,10000,0.44067706452684824,2034.2466683916527,1.4336,1.0,10000.0
random_seeqst,0,2,ghz,10,100,,20000,0.2935863539063081,2097.1706655864245,0.8192,1.0,20000.0
random_seeqst,0,2,ghz,10,100,,30000,0.2663275069867508,2044.0213530379174,0.8192,1.0,30000.0
random_seeqst,0,2,ghz,10,100,,40000,0.22481406361702555,2076.18184318306,0.7168,1.0,40000.0
random_seeqst,0,2,ghz,10,100,,50000,0.20036935366467598,2066.115324829142,0.53248,1.0,50000.0
derandomized_seeqst,0,3,ghz,10,100,93.0,10,0.9486832980505138,0.0,1.0,0.1,0.12
derandomized_seeqst,0,3,ghz,10,100,93.0,30,0.8797422123288484,1.1666666666666667,1.0,0.29,0.42
derandomized_seeqst,0,3,ghz,10,100,93.0,100,0.828430018949275,1.3022222222222226,1.0,0.72,1.2
derandomized_seeqst,0,3,ghz,10,100,93.0,300,0.6593288599591637,0.9332149332149331,1.0,0.94,3.55
derandomized_seeqst,0,3,ghz,10,100,93.0,1000,0.32735701234937736,0.9829519602714842,1.0,1.0,11.66
derandomized_seeqst,0,3,ghz,10,100,93.0,3000,0.1638486972042981,0.9950660836384208,0.4482758620689655,1.0,35.11
derandomized_seeqst,0,3,ghz,10,100,93.0,10000,0.09524312357183631,0.990250235439982,0.25773195876288657,1.0,116.83
derandomized_seeqst,0,3,ghz,10,100,93.0,20000,0.07162320580154612,0.9894969124005227,0.18974358974358974,1.0,233.08
derandomized_seeqst,0,3,ghz,10,100,93.0,30000,0.05653204864914327,0.9898829946165714,0.15328467153284672,1.0,349.18
derandomized_seeqst,0,3,ghz,10,100,93.0,40000,0.047985032286637544,0.9900031669882158,0.13253012048192772,1.0,464.67
derandomized_seeqst,0,3,ghz,10,100,93.0,50000,0.04146691976610571,0.9901248869468412,0.12871287128712872,1.0,581.17
random_seeqst,0,3,ghz,10,100,,10,0.040000000000000015,0.009333333333333338,0.40000000000000013,1.0,10.0
random_seeqst,0,3,ghz,10,100,,30,9.654373792915484,2796.2128275862055,68.26666666666667,1.0,30.0
random_seeqst,0,3,ghz,10,100,,100,4.579482940245547,2097.1619555555544,20.48,1.0,100.0
random_seeqst,0,3,ghz,10,100,,300,2.048000434027732,1819.4121346711183,6.826666666666667,1.0,300.0
random_seeqst,0,3,ghz,10,100,,1000,1.3890223468324763,2097.329946866885,4.096,1.0,1000.0
random_seeqst,0,3,ghz,10,100,,3000,0.7632451914176874,1887.4934212514736,2.048,1.0,3000.0
random_seeqst,0,3,ghz,10,100,,10000,0.4868050291441122,2000.656094472999,1.2288,1.0,10000.0
random_seeqst,0,3,ghz,10,100,,20000,0.3263995160842001,1895.823662539185,1.024,1.0,20000.0
random_seeqst,0,3,ghz,10,100,,30000,0.24990236893635082,1901.4287430977865,0.6826666666666666,1.0,30000.0
random_seeqst,0,3,ghz,10,100,,40000,0.21752651355639385,1947.2169946408976,0.5632,1.0,40000.0
random_seeqst,0,3,ghz,10,100,,50000,0.19558251541484992,1974.6895644715105,0.57344,1.0,50000.0
derandomized_seeqst,0,4,ghz,10,100,94.0,10,1.0,,1.0,0.11,0.11
derandomized_seeqst,0,4,ghz,10,100,94.0,30,0.9179284245476836,0.8333333333333334,1.0,0.24,0.34
derandomized_seeqst,0,4,ghz,10,100,94.0,100,0.8119485688052552,1.1601731601731604,1.0,0.62,1.16
derandomized_seeqst,0,4,ghz,10,100,94.0,300,0.6510547594458641,0.9238095238095237,1.0,0.95,3.32
derandomized_seeqst,0,4,ghz,10,100,94.0,1000,0.2871207834217367,1.0308958554091547,1.0,1.0,11.34
derandomized_seeqst,0,4,ghz,10,100,94.0,3000,0.15313277118870067,1.0097490487430578,0.4117647058823529,1.0,33.73
derandomized_seeqst,0,4,ghz,10,100,94.0,10000,0.10019324816163995,0.9995269178217299,0.3404255319148936,1.0,112.8
derandomized_seeqst,0,4,ghz,10,100,94.0,20000,0.06477664810668742,1.0005446703818652,0.21393034825870647,1.0,224.8
derandomized_seeqst,0,4,ghz,10,100,94.0,30000,0.0513465282355756,1.0005163298902595,0.18394648829431437,1.0,336.9
derandomized_seeqst,0,4,ghz,10,100,94.0,40000,0.04269361975367088,1.000538507027345,0.13838120104438642,1.0,448.81
derandomized_seeqst,0,4,ghz,10,100,94.0,50000,0.03918846642211176,1.000350551730274,0.10300429184549356,1.0,560.4
random_seeqst,0,4,ghz,10,100,,10,0.0,0.0,0.0,1.0,10.0
random_seeqst,0,4,ghz,10,100,,30,6.826666666666667,1398.1013333333321,68.26666666666667,1.0,30.0
random_seeqst,0,4,ghz,10,100,,100,4.57946721791957,2097.151999999999,20.48,1.0,100.0
random_seeqst,0,4,ghz,10,100,,300,2.264149190215953,1537.9114666666555,6.826666666666667,1.0,300.0
random_seeqst,0,4,ghz,10,100,,1000,1.1764864300109883,1468.0903700500648,4.096,1.0,1000.0
random_seeqst,0,4,ghz,10,100,,3000,0.7509333333333333,1887.5020664843594,2.048,1.0,3000.0
random_seeqst,0,4,ghz,10,100,,10000,0.4597748596867819,2030.0347465530358,1.2288,1.0,10000.0
random_seeqst,0,4,ghz,10,100,,20000,0.30116743515858413,2074.0963309927556,0.8192,1.0,20000.0
random_seeqst,0,4,ghz,10,100,,30000,0.24717813063996308,2067.7997016288195,0.6826666666666666,1.0,30000.0
random_seeqst,0,4,ghz,10,100,,40000,0.21866656260160125,2038.4348898071328,0.5632,1.0,40000.0
random_seeqst,0,4,ghz,10,100,,50000,0.20841356055688892,2037.5901987925174,0.45056,1.0,50000.0
derandomized_seeqst,0,5,ghz,10,100,97.0,10,1.0,,1.0,0.11,0.11
derandomized_seeqst,0,5,ghz,10,100,97.0,30,0.9682458365518543,2.0,1.0,0.32,0.33
derandomized_seeqst,0,5,ghz,10,100,97.0,100,0.8583227532332746,0.9857142857142858,1.0,0.65,1.11
derandomized_seeqst,0,5,ghz,10,100,97.0,300,0.6733205589175649,0.9605629579655552,1.0,0.96,3.28
derandomized_seeqst,0,5,ghz,10,100,97.0,1000,0.28492618458416086,1.021010004032551,1.0,1.0,10.64
derandomized_seeqst,0,5,ghz,10,100,97.0,3000,0.1677800506784101,0.9951856845118057,0.4857142857142857,1.0,31.77
derandomized_seeqst,0,5,ghz,10,100,97.0,10000,0.10045348423280408,0.9896253973679792,0.38636363636363635,1.0,106.02
derandomized_seeqst,0,5,ghz,10,100,97.0,20000,0.06937160553657032,0.9900237364378994,0.193717277486911,1.0,212.19
derandomized_seeqst,0,5,ghz,10,100,97.0,30000,0.05422649814189363,0.9902751089628312,0.1365079365079365,1.0,318.29
derandomized_seeqst,0,5,ghz,10,100,97.0,40000,0.045666587750389356,0.9903232130672481,0.11219512195121951,1.0,424.21
derandomized_seeqst,0,5,ghz,10,100,97.0,50000,0.040816939120170176,0.9902596488905416,0.10683760683760683,1.0,530.19
random_seeqst,0,5,ghz,10,100,,10,2.2204460492503132e-17,0.011111111111111112,2.220446049250313e-16,1.0,10.0
random_seeqst,0,5,ghz,10,100,,30,6.826679687487583,1398.111494252873,68.26666666666667,1.0,30.0
random_seeqst,0,5,ghz,10,100,,100,4.579467654651575,2097.162096969696,20.48,1.0,100.0
random_seeqst,0,5,ghz,10,100,,300,2.461390031849664,1817.541764994415,6.826666666666667,1.0,300.0
random_seeqst,0,5,ghz,10,100,,1000,1.4040380621621338,1887.3628399599766,4.096,1.0,1000.0
random_seeqst,0,5,ghz,10,100,,3000,0.8360941600348878,1873.391196954496,2.048,1.0,3000.0
random_seeqst,0,5,ghz,10,100,,10000,0.5177026455408548,2084.519523923204,1.6384,1.0,10000.0
random_seeqst,0,5,ghz,10,100,,20000,0.35854630105468943,2080.3602465626063,1.024,1.0,20000.0
random_seeqst,0,5,ghz,10,100,,30000,0.2750226929626798,2064.9988651474505,0.7509333333333333,1.0,30000.0
random_seeqst,0,5,ghz,10,100,,40000,0.2408033986990217,2053.115149602169,0.6656,1.0,40000.0
random_seeqst,0,5,ghz,10,100,,50000,0.2046361116518783,2063.606964201929,0.53248,1.0,50000.0
derandomized_seeqst,0,6,ghz,10,100,96.0,10,1.0,0.0,1.0,0.09,0.1
derandomized_seeqst,0,6,ghz,10,100,96.0,30,0.982607368881035,1.0,1.0,0.29,0.31
derandomized_seeqst,0,6,ghz,10,100,96.0,100,0.9081443357667819,0.8395061728395062,1.0,0.71,1.06
derandomized_seeqst,0,6,ghz,10,100,96.0,300,0.6073314462560182,1.0374307862679957,1.0,0.97,3.18
derandomized_seeqst,0,6,ghz,10,100,96.0,1000,0.33596161579368106,0.9908633244979994,1.0,1.0,10.68
derandomized_seeqst,0,6,ghz,10,100,96.0,3000,0.2027319246205062,0.9915363537563274,0.6,1.0,32.12
derandomized_seeqst,0,6,ghz,10,100,96.0,10000,0.10486808694438407,0.9986738025241227,0.29523809523809524,1.0,108.0
derandomized_seeqst,0,6,ghz,10,100,96.0,20000,0.06891072203593125,1.000069520240882,0.20574162679425836,1.0,215.62
derandomized_seeqst,0,6,ghz,10,100,96.0,30000,0.05389860725261202,1.0003028933175029,0.13513513513513514,1.0,323.54
derandomized_seeqst,0,6,ghz,10,100,96.0,40000,0.050112783963731755,0.9998920061794645,0.12144702842377261,1.0,431.34
derandomized_seeqst,0,6,ghz,10,100,96.0,50000,0.046348339084594126,0.9997744390870927,0.11153119092627599,1.0,539.58
random_seeqst,0,6,ghz,10,100,,10,0.0,0.0,0.0,1.0,10.0
random_seeqst,0,6,ghz,10,100,,30,9.654364585800328,2796.2026666666648,68.26666666666667,1.0,30.0
random_seeqst,0,6,ghz,10,100,,100,4.096,1677.7215999999992,20.48,1.0,100.0
random_seeqst,0,6,ghz,10,100,,300,2.4613896707167506,1817.531733333322,6.826666666666667,1.0,300.0
random_seeqst,0,6,ghz,10,100,,1000,1.3272556950339296,1845.5777300500758,4.096,1.0,1000.0
random_seeqst,0,6,ghz,10,100,,3000,0.7902437992304794,1985.341188467216,2.048,1.0,3000.0
random_seeqst,0,6,ghz,10,100,,10000,0.43589215546967575,2051.0297570044495,1.2288,1.0,10000.0
random_seeqst,0,6,ghz,10,100,,20000,0.3075411439141111,2088.7732491074817,0.7168,1.0,20000.0
random_seeqst,0,6,ghz,10,100,,30000,0.2336076954592416,2081.787705701846,0.6826666666666666,1.0,30000.0
random_seeqst,0,6,ghz,10,100,,40000,0.2092946783843297,2087.7232048181063,0.5632,1.0,40000.0
random_seeqst,0,6,ghz,10,100,,50000,0.1910686316902908,2103.868456547685,0.45056,1.0,50000.0
derandomized_seeqst,0,7,ghz,10,100,97.0,10,1.0,,1.0,0.11,0.11
derandomized_seeqst,0,7,ghz,10,100,97.0,30,0.9649012813540153,1.3333333333333333,1.0,0.29,0.32
derandomized_seeqst,0,7,ghz,10,100,97.0,100,0.9108248953831638,0.7011494252873562,1.0,0.67,1.07
derandomized_seeqst,0,7,ghz,10,100,97.0,300,0.6296031717071577,1.0055648926237162,1.0,0.95,3.15
derandomized_seeqst,0,7,ghz,10,100,97.0,1000,0.3144583506939687,1.0052688063570416,1.0,1.0,10.43
derandomized_seeqst,0,7,ghz,10,100,97.0,3000,0.17257300627913497,1.0036436819327976,0.4666666666666667,1.0,31.55
derandomized_seeqst,0,7,ghz,10,100,97.0,10000,0.0833533125577921,1.0028783245209487,0.22330097087378642,1.0,105.83
derandomized_seeqst,0,7,ghz,10,100,97.0,20000,0.06807773827795516,1.0002433046052837,0.1912568306010929,1.0,212.23
derandomized_seeqst,0,7,ghz,10,100,97.0,30000,0.0635369432802392,0.9992065877535606,0.20134228187919462,1.0,318.22
derandomized_seeqst,0,7,ghz,10,100,97.0,40000,0.051855974339880595,0.9997418384456306,0.17676767676767677,1.0,424.15
derandomized_seeqst,0,7,ghz,10,100,97.0,50000,0.045948865256388284,0.9998334967354026,0.13078470824949698,1.0,530.34
random_seeqst,0,7,ghz,10,100,,10,20.48,4194.304000000001,204.8,1.0,10.0
random_seeqst,0,7,ghz,10,100,,30,13.653333333333334,5592.4053333333295,68.26666666666667,1.0,30.0
random_seeqst,0,7,ghz,10,100,,100,6.144,3774.8735999999976,20.48,1.0,100.0
random_seeqst,0,7,ghz,10,100,,300,2.896309375740099,2236.0269484949695,13.653333333333334,1.0,300.0
random_seeqst,0,7,ghz,10,100,,1000,1.5462060923434495,2390.753280000021,6.144,1.0,1000.0
random_seeqst,0,7,ghz,10,100,,3000,0.8662068934280207,2334.857198017078,2.048,1.0,3000.0
random_seeqst,0,7,ghz,10,100,,10000,0.4444679048030352,2285.92672095379,1.024,1.0,10000.0
random_seeqst,0,7,ghz,10,100,,20000,0.318429425775948,2225.088129107499,0.7168,1.0,20000.0
random_seeqst,0,7,ghz,10,100,,30000,0.28237984945420197,2215.9847411123437,0.6826666666666666,1.0,30000.0
random_seeqst,0,7,ghz,10,100,,40000,0.25625587212784023,2205.144789547815,0.768,1.0,40000.0
random_seeqst,0,7,ghz,10,100,,50000,0.22326018170735237,2191.937264036985,0.65536,1.0,50000.0
derandomized_seeqst,0,8,ghz,10,100,98.0,10,1.0,,1.0,0.11,0.11
derandomized_seeqst,0,8,ghz,10,100,98.0,30,0.983192080250175,1.0,1.0,0.3,0.32
derandomized_seeqst,0,8,ghz,10,100,98.0,100,0.9025943811676554,0.7931034482758621,1.0,0.67,1.03
derandomized_seeqst,0,8,ghz,10,100,98.0,300,0.6409030668535125,1.0071428571428571,1.0,0.92,3.11
derandomized_seeqst,0,8,ghz,10,100,98.0,1000,0.3373634170734976,0.9984988719570764,1.0,1.0,10.36
derandomized_seeqst,0,8,ghz,10,100,98.0,3000,0.19167677072457895,0.9967926669155971,0.5625,1.0,31.04
derandomized_seeqst,0,8,ghz,10,100,98.0,10000,0.0986709543953525,1.0001577080237498,0.3118279569892473,1.0,104.13
derandomized_seeqst,0,8,ghz,10,100,98.0,20000,0.06719495082815227,1.000407600477045,0.21505376344086022,1.0,207.9
derandomized_seeqst,0,8,ghz,10,100,98.0,30000,0.05912226270824759,0.9997813697157192,0.16408668730650156,1.0,311.92
derandomized_seeqst,0,8,ghz,10,100,98.0,40000,0.0496672955012011,0.999989751276964,0.12661498708010335,1.0,416.28
derandomized_seeqst,0,8,ghz,10,100,98.0,50000,0.04584886583689584,0.9998617939905108,0.11983471074380166,1.0,520.24
random_seeqst,0,8,ghz,10,100,,10,0.0,0.0,0.0,1.0,10.0
random_seeqst,0,8,ghz,10,100,,30,11.824133513003535,4194.303999999998,68.26666666666667,1.0,30.0
random_seeqst,0,8,ghz,10,100,,100,5.418498685060282,2936.012799999998,20.48,1.0,100.0
random_seeqst,0,8,ghz,10,100,,300,3.0529781452797136,2515.6472151616413,13.653333333333334,1.0,300.0
random_seeqst,0,8,ghz,10,100,,1000,1.808744625423943,2515.826669549566,6.144,1.0,1000.0
random_seeqst,0,8,ghz,10,100,,3000,0.8192,2265.008074051311,2.7306666666666666,1.0,3000.0
random_seeqst,0,8,ghz,10,100,,10000,0.445410573740678,1916.7902164424272,1.6384,1.0,10000.0
random_seeqst,0,8,ghz,10,100,,20000,0.3205627052543698,1992.291254114955,0.8192,1.0,20000.0
random_seeqst,0,8,ghz,10,100,,30000,0.24821294370403454,1999.2899399995433,0.6826666666666666,1.0,30000.0
random_seeqst,0,8,ghz,10,100,,40000,0.23451612140746314,2057.302546752431,0.6144,1.0,40000.0
random_seeqst,0,8,ghz,10,100,,50000,0.20663497942023273,2059.401754020906,0.49152,1.0,50000.0
derandomized_seeqst,0,9,ghz,10,100,99.0,10,0.9486832980505138,2.0,1.0,0.1,0.11
derandomized_seeqst,0,9,ghz,10,100,99.0,30,0.9636241116594315,1.3333333333333333,1.0,0.28,0.31
derandomized_seeqst,0,9,ghz,10,100,99.0,100,0.8502160804833938,1.0298850574712644,1.0,0.62,1.03
derandomized_seeqst,0,9,ghz,10,100,99.0,300,0.6549941867922726,0.9522702104097451,1.0,0.96,3.07
derandomized_seeqst,0,9,ghz,10,100,99.0,1000,0.34407410542236344,0.9838086194850899,1.0,1.0,10.18
derandomized_seeqst,0,9,ghz,10,100,99.0,3000,0.17287261349870975,1.004246802498382,0.4166666666666667,1.0,30.5
derandomized_seeqst,0,9,ghz,10,100,99.0,10000,0.0852417604905071,1.0027549668181894,0.2571428571428571,1.0,101.89
derandomized_seeqst,0,9,ghz,10,100,99.0,20000,0.07019574066268482,1.000043556487252,0.23157894736842105,1.0,203.93
derandomized_seeqst,0,9,ghz,10,100,99.0,30000,0.06115295267367861,0.9995689513057211,0.1875,1.0,306.12
derandomized_seeqst,0,9,ghz,10,100,99.0,40000,0.053212284988203955,0.9996471037207492,0.18961038961038962,1.0,407.93
derandomized_seeqst,0,9,ghz,10,100,99.0,50000,0.047829318084932515,0.9996945922037637,0.18220338983050846,1.0,509.76
random_seeqst,0,9,ghz,10,100,,10,0.0,0.0,0.0,1.0,10.0
random_seeqst,0,9,ghz,10,100,,30,0.0,0.0,0.0,1.0,30.0
random_seeqst,0,9,ghz,10,100,,100,3.547240053901061,1258.2911999999997,20.48,1.0,100.0
random_seeqst,0,9,ghz,10,100,,300,2.730666666666667,1956.4066818283081,13.653333333333334,1.0,300.0
random_seeqst,0,9,ghz,10,100,,1000,1.5188374501571917,2222.897149949966,4.096,1.0,1000.0
random_seeqst,0,9,ghz,10,100,,3000,0.830499844136717,2013.247272432982,2.048,1.0,3000.0
random_seeqst,0,9,ghz,10,100,,10000,0.4491614658449675,2160.080822059826,1.2288,1.0,10000.0
random_seeqst,0,9,ghz,10,100,,20000,0.2988957597558051,2122.3346020551717,0.8192,1.0,20000.0
random_seeqst,0,9,ghz,10,100,,30000,0.23932311064518796,2106.9516655044727,0.5461333333333334,1.0,30000.0
random_seeqst,0,9,ghz,10,100,,40000,0.2122176693868821,2078.2845527748946,0.5632,1.0,40000.0
random_seeqst,0,9,ghz,10,100,,50000,0.19299072392216163,2077.023635854045,0.53248,1.0,50000.0
derandomized_seeqst,0,0,random_stabilizer,10,100,99.0,10,1.0,0.0,1.0,0.09,0.1
derandomized_seeqst,0,0,random_stabilizer,10,100,99.0,30,0.9325048082403138,1.0666666666666667,1.0,0.23,0.3
derandomized_seeqst,0,0,random_stabilizer,10,100,99.0,100,0.8309104562947371,1.2068965517241381,1.0,0.62,1.02
derandomized_seeqst,0,0,random_stabilizer,10,100,99.0,300,0.6359343899438508,1.013227513227513,1.0,0.94,3.06
derandomized_seeqst,0,0,random_stabilizer,10,100,99.0,1000,0.35713443947624246,0.9803553897083309,1.0,1.0,10.22
derandomized_seeqst,0,0,random_stabilizer,10,100,99.0,3000,0.16268163906283392,1.0078113414743246,0.4782608695652174,1.0,30.62
derandomized_seeqst,0,0,random_stabilizer,10,100,99.0,10000,0.10483847052742884,0.9990030831877302,0.25,1.0,102.15
derandomized_seeqst,0,0,random_stabilizer,10,100,99.0,20000,0.07610630573531708,0.999180612311843,0.1839080459770115,1.0,204.18
derandomized_seeqst,0,0,random_stabilizer,10,100,99.0,30000,0.06061670246454697,0.9996363086235445,0.13125,1.0,306.0
derandomized_seeqst,0,0,random_stabilizer,10,100,99.0,40000,0.05415131507184208,0.9995487432015363,0.14066496163682865,1.0,408.07
derandomized_seeqst,0,0,random_stabilizer,10,100,99.0,50000,0.04700079489072468,0.9997753939533726,0.14068441064638784,1.0,510.21
random_seeqst,0,0,random_stabilizer,10,100,,10,3.0046291974743187e-19,0.0,1.734723475976807e-18,1.0,10.0
random_seeqst,0,0,random_stabilizer,10,100,,30,6.826666666666667,1398.1013333333324,68.26666666666667,1.0,30.0
random_seeqst,0,0,random_stabilizer,10,100,,100,2.8963093757400986,838.8607999999992,20.48,1.0,100.0
random_seeqst,0,0,random_stabilizer,10,100,,300,2.0480000000000005,1258.2911999999922,6.826666666666667,1.0,300.0
random_seeqst,0,0,random_stabilizer,10,100,,1000,1.278975590071992,1635.7785600000145,4.096,1.0,1000.0
random_seeqst,0,0,random_stabilizer,10,100,,3000,0.7723491668640263,1705.6556553161845,2.048,1.0,3000.0
random_seeqst,0,0,random_stabilizer,10,100,,10000,0.42665301311487297,2030.06410961733,1.2288,1.0,10000.0
random_seeqst,0,0,random_stabilizer,10,100,,20000,0.3092412184686899,2118.133796558914,0.8192,1.0,20000.0
random_seeqst,0,0,random_stabilizer,10,100,,30000,0.25932349321519893,2076.1824374074986,0.9557333333333333,1.0,30000.0
random_seeqst,0,0,random_stabilizer,10,100,,40000,0.21758494065536796,2095.0598812909534,0.768,1.0,40000.0
random_seeqst,0,0,random_stabilizer,10,100,,50000,0.21152974985093706,2101.3435860371774,0.57344,1.0,50000.0
derandomized_seeqst,0,1,random_stabilizer,10,100,94.0,10,1.0,,1.0,0.11,0.11
derandomized_seeqst,0,1,random_stabilizer,10,100,94.0,30,1.0,0.0,1.0,0.31,0.34
derandomized_seeqst,0,1,random_stabilizer,10,100,94.0,100,0.8467074939121029,0.9232323232323232,1.0,0.63,1.16
derandomized_seeqst,0,1,random_stabilizer,10,100,94.0,300,0.5971409862832591,1.0554043839758125,1.0,0.94,3.37
derandomized_seeqst,0,1,random_stabilizer,10,100,94.0,1000,0.33002623226259803,0.9940474181198367,1.0,1.0,11.29
derandomized_seeqst,0,1,random_stabilizer,10,100,94.0,3000,0.1953918811063496,0.9942288898907495,0.6296296296296297,1.0,33.8
derandomized_seeqst,0,1,random_stabilizer,10,100,94.0,10000,0.10405370522405531,0.9986404863639876,0.2871287128712871,1.0,111.81
derandomized_seeqst,0,1,random_stabilizer,10,100,94.0,20000,0.06563800969750648,1.0004180146336834,0.23699421965317918,1.0,224.01
derandomized_seeqst,0,1,random_stabilizer,10,100,94.0,30000,0.0542006820226446,1.0002070415281485,0.13286713286713286,1.0,335.76
derandomized_seeqst,0,1,random_stabilizer,10,100,94.0,40000,0.04954831780305334,0.9998997765625282,0.15324675324675324,1.0,447.43
derandomized_seeqst,0,1,random_stabilizer,10,100,94.0,50000,0.04386941302278306,0.9999589911648757,0.14343434343434344,1.0,559.77
random_seeqst,0,1,random_stabilizer,10,100,,10,20.48,4194.304000000001,204.8,1.0,10.0
random_seeqst,0,1,random_stabilizer,10,100,,30,9.654364585800328,2796.202666666664,68.26666666666667,1.0,30.0
random_seeqst,0,1,random_stabilizer,10,100,,100,4.57946721791957,2097.1519999999987,20.48,1.0,100.0
random_seeqst,0,1,random_stabilizer,10,100,,300,2.048,1258.291199999991,6.826666666666667,1.0,300.0
random_seeqst,0,1,random_stabilizer,10,100,,1000,1.2457497662050752,1971.7427302502704,2.048,1.0,1000.0
random_seeqst,0,1,random_stabilizer,10,100,,3000,0.9056596760863812,2208.916192615275,2.7306666666666666,1.0,3000.0
random_seeqst,0,1,random_stabilizer,10,100,,10000,0.4674646921426259,2067.7801267742925,1.4336,1.0,10000.0
random_seeqst,0,1,random_stabilizer,10,100,,20000,0.3634839418736404,2042.5960572271104,1.024,1.0,20000.0
random_seeqst,0,1,random_stabilizer,10,100,,30000,0.3068964426136101,2084.544387386848,0.8192,1.0,30000.0
random_seeqst,0,1,random_stabilizer,10,100,,40000,0.2388357896128635,2080.3697507095617,0.6656,1.0,40000.0
random_seeqst,0,1,random_stabilizer,10,100,,50000,0.21847466562510173,2092.9518238574583,0.69632,1.0,50000.0
derandomized_seeqst,0,2,random_stabilizer,10,100,99.0,10,1.0,,1.0,0.1,0.1
derandomized_seeqst,0,2,random_stabilizer,10,100,99.0,30,0.9622504486493763,1.3333333333333333,1.0,0.27,0.3
derandomized_seeqst,0,2,random_stabilizer,10,100,99.0,100,0.9159979735685551,0.8571428571428571,1.0,0.68,1.01
derandomized_seeqst,0,2,random_stabilizer,10,100,99.0,300,0.7004564450320941,0.8520975056689343,1.0,0.96,3.04
derandomized_seeqst,0,2,random_stabilizer,10,100,99.0,1000,0.3625803277416646,0.9788385829856416,1.0,1.0,10.18
derandomized_seeqst,0,2,random_stabilizer,10,100,99.0,3000,0.17645661285789047,1.0030075347397722,0.47368421052631576,1.0,30.58
derandomized_seeqst,0,2,random_stabilizer,10,100,99.0,10000,0.09089949476088975,1.001738924083024,0.23809523809523808,1.0,102.07
derandomized_seeqst,0,2,random_stabilizer,10,100,99.0,20000,0.06676199964500727,1.0005145181754636,0.17647058823529413,1.0,203.85
derandomized_seeqst,0,2,random_stabilizer,10,100,99.0,30000,0.0559717933498288,1.000176629936626,0.16151202749140894,1.0,306.01
derandomized_seeqst,0,2,random_stabilizer,10,100,99.0,40000,0.05274941477871711,0.9996973690707656,0.15463917525773196,1.0,408.17
derandomized_seeqst,0,2,random_stabilizer,10,100,99.0,50000,0.04455980774239021,0.9999980346287015,0.14338235294117646,1.0,510.21
random_seeqst,0,2,random_stabilizer,10,100,,10,3.4694469519536144e-19,0.0,1.734723475976807e-18,1.0,10.0
random_seeqst,0,2,random_stabilizer,10,100,,30,3.4694469519536144e-19,0.0,1.734723475976807e-18,1.0,30.0
random_seeqst,0,2,random_stabilizer,10,100,,100,2.048,419.43039999999985,20.48,1.0,100.0
random_seeqst,0,2,random_stabilizer,10,100,,300,2.158781549341614,1117.5458818283148,13.653333333333334,1.0,300.0
random_seeqst,0,2,random_stabilizer,10,100,,1000,1.1941789480643175,1510.0334100500556,4.096,1.0,1000.0
random_seeqst,0,2,random_stabilizer,10,100,,3000,0.7061558908783685,1691.767879817685,1.3653333333333333,1.0,3000.0
random_seeqst,0,2,random_stabilizer,10,100,,10000,0.41062272319003484,1929.404169396111,1.2288,1.0,10000.0
random_seeqst,0,2,random_stabilizer,10,100,,20000,0.32559335619757357,1939.856581795628,1.1264,1.0,20000.0
random_seeqst,0,2,random_stabilizer,10,100,,30000,0.283368346699329,1950.3360735829006,0.8192,1.0,30000.0
random_seeqst,0,2,random_stabilizer,10,100,,40000,0.24623953216329827,2003.8181975479886,0.5632,1.0,40000.0
random_seeqst,0,2,random_stabilizer,10,100,,50000,0.2313061646908703,2004.0250291594305,0.6144,1.0,50000.0
derandomized_seeqst,0,3,random_stabilizer,10,100,96.0,10,1.0,,1.0,0.12,0.12
derandomized_seeqst,0,3,random_stabilizer,10,100,96.0,30,0.9672041516493516,1.3333333333333333,1.0,0.31,0.34
derandomized_seeqst,0,3,random_stabilizer,10,100,96.0,100,0.8921287574149616,0.9012345679012346,1.0,0.69,1.1
derandomized_seeqst,0,3,random_stabilizer,10,100,96.0,300,0.6878859614156588,0.9167659791189203,1.0,1.0,3.27
derandomized_seeqst,0,3,random_stabilizer,10,100,96.0,1000,0.3515043899197233,0.9791399099696315,1.0,1.0,10.7
derandomized_seeqst,0,3,random_stabilizer,10,100,96.0,3000,0.18296179560092543,0.9998376952231842,0.44,1.0,32.32
derandomized_seeqst,0,3,random_stabilizer,10,100,96.0,10000,0.09943717253579898,0.9998312144179535,0.25333333333333335,1.0,107.79
derandomized_seeqst,0,3,random_stabilizer,10,100,96.0,20000,0.0832832629956245,0.9978758595167949,0.2,1.0,216.05
derandomized_seeqst,0,3,random_stabilizer,10,100,96.0,30000,0.06798034025860497,0.9985863140525656,0.15286624203821655,1.0,324.46
derandomized_seeqst,0,3,random_stabilizer,10,100,96.0,40000,0.05294717781413894,0.9996020613385825,0.13875598086124402,1.0,432.05
derandomized_seeqst,0,3,random_stabilizer,10,100,96.0,50000,0.04788224947737093,0.9996311127786391,0.13247863247863248,1.0,540.28
random_seeqst,0,3,random_stabilizer,10,100,,10,2.4532694666933985e-19,0.0,1.734723475976807e-18,1.0,10.0
random_seeqst,0,3,random_stabilizer,10,100,,30,9.654364585800328,2796.2026666666643,68.26666666666667,1.0,30.0
random_seeqst,0,3,random_stabilizer,10,100,,100,5.016554993219949,2516.5823999999984,20.48,1.0,100.0
random_seeqst,0,3,random_stabilizer,10,100,,300,2.81470677375499,2096.2168151616393,13.653333333333334,1.0,300.0
random_seeqst,0,3,random_stabilizer,10,100,,1000,1.5730986491634908,1802.8789595996082,6.144,1.0,1000.0
random_seeqst,0,3,random_stabilizer,10,100,,3000,0.874239895884165,1761.4305281137783,2.7306666666666666,1.0,3000.0
random_seeqst,0,3,random_stabilizer,10,100,,10000,0.482476809805404,1925.145266654627,1.6384,1.0,10000.0
random_seeqst,0,3,random_stabilizer,10,100,,20000,0.3156179969520116,1983.9053725487863,0.9216,1.0,20000.0
random_seeqst,0,3,random_stabilizer,10,100,,30000,0.25652284386039037,2060.8042548393023,0.6826666666666666,1.0,30000.0
random_seeqst,0,3,random_stabilizer,10,100,,40000,0.2152227794635131,2075.1374615921027,0.5632,1.0,40000.0
random_seeqst,0,3,random_stabilizer,10,100,,50000,0.18239851788871533,2056.0556726948566,0.49152,1.0,50000.0
derandomized_seeqst,0,4,random_stabilizer,10,100,98.0,10,1.0,,1.0,0.11,0.11
derandomized_seeqst,0,4,random_stabilizer,10,100,98.0,30,0.983192080250175,2.0,1.0,0.3,0.31
derandomized_seeqst,0,4,random_stabilizer,10,100,98.0,100,0.8563488385776752,1.0666666666666667,1.0,0.65,1.02
derandomized_seeqst,0,4,random_stabilizer,10,100,98.0,300,0.6431233633257981,0.9973137973137974,1.0,0.92,3.1
derandomized_seeqst,0,4,random_stabilizer,10,100,98.0,1000,0.3136821292625556,1.0118629504161205,0.6666666666666666,1.0,10.33
derandomized_seeqst,0,4,random_stabilizer,10,100,98.0,3000,0.19373289089857412,0.9960594704797215,0.5384615384615384,1.0,31.15
derandomized_seeqst,0,4,random_stabilizer,10,100,98.0,10000,0.09106320815636303,1.0016259351336165,0.21008403361344538,1.0,103.83
derandomized_seeqst,0,4,random_stabilizer,10,100,98.0,20000,0.0671565578365411,1.0004139888943115,0.22285714285714286,1.0,207.72
derandomized_seeqst,0,4,random_stabilizer,10,100,98.0,30000,0.052926675114350896,1.0004754512598806,0.1366906474820144,1.0,311.84
derandomized_seeqst,0,4,random_stabilizer,10,100,98.0,40000,0.04675534951967671,1.0002697272106755,0.1276595744680851,1.0,415.79
derandomized_seeqst,0,4,random_stabilizer,10,100,98.0,50000,0.039780200937626894,1.0003810274499496,0.09297912713472485,1.0,519.64
random_seeqst,0,4,random_stabilizer,10,100,,10,0.0,0.0,0.0,1.0,10.0
random_seeqst,0,4,random_stabilizer,10,100,,30,6.826666666666667,1398.1013333333321,68.26666666666667,1.0,30.0
random_seeqst,0,4,random_stabilizer,10,100,,100,3.547240053901061,1258.2911999999992,20.48,1.0,100.0
random_seeqst,0,4,random_stabilizer,10,100,,300,2.3648267026007073,1677.7215999999912,6.826666666666667,1.0,300.0
random_seeqst,0,4,random_stabilizer,10,100,,1000,1.5462060923434495,2054.8730797998096,4.096,1.0,1000.0
random_seeqst,0,4,random_stabilizer,10,100,,3000,0.8360924988699915,2264.9801027008602,2.048,1.0,3000.0
random_seeqst,0,4,random_stabilizer,10,100,,10000,0.48421234350231096,2243.942572663638,1.4336,1.0,10000.0
random_seeqst,0,4,random_stabilizer,10,100,,20000,0.3431546077207765,2149.570523441603,0.8192,1.0,20000.0
random_seeqst,0,4,random_stabilizer,10,100,,30000,0.29171521698777086,2136.284949064248,0.7509333333333333,1.0,30000.0
random_seeqst,0,4,random_stabilizer,10,100,,40000,0.24893943359781312,2111.822888731041,0.6144,1.0,40000.0
random_seeqst,0,4,random_stabilizer,10,100,,50000,0.20381458931097157,2103.8634232823465,0.53248,1.0,50000.0
derandomized_seeqst,0,5,random_stabilizer,10,100,98.0,10,0.9486832980505138,,1.0,0.1,0.1
derandomized_seeqst,0,5,random_stabilizer,10,100,98.0,30,0.938083151964686,0.5714285714285714,1.0,0.25,0.32
derandomized_seeqst,0,5,random_stabilizer,10,100,98.0,100,0.9056758560428259,0.796969696969697,1.0,0.67,1.03
derandomized_seeqst,0,5,random_stabilizer,10,100,98.0,300,0.6847436373266068,0.9076655052264807,1.0,0.98,3.11
derandomized_seeqst,0,5,random_stabilizer,10,100,98.0,1000,0.30729586902578865,1.0016992826574869,0.8181818181818182,1.0,10.35
derandomized_seeqst,0,5,random_stabilizer,10,100,98.0,3000,0.17438549832546554,0.9930786742020792,0.6363636363636364,1.0,30.98
derandomized_seeqst,0,5,random_stabilizer,10,100,98.0,10000,0.07748743872851553,0.9938114223686202,0.2087912087912088,1.0,103.78
derandomized_seeqst,0,5,random_stabilizer,10,100,98.0,20000,0.0643905865676052,0.9907335801911735,0.1717171717171717,1.0,207.67
derandomized_seeqst,0,5,random_stabilizer,10,100,98.0,30000,0.05286834254631338,0.9904516412484722,0.15037593984962405,1.0,311.62
derandomized_seeqst,0,5,random_stabilizer,10,100,98.0,40000,0.04573627829835142,0.9903419766631771,0.1388888888888889,1.0,415.69
derandomized_seeqst,0,5,random_stabilizer,10,100,98.0,50000,0.041173034731428346,0.9902498424570454,0.11252653927813164,1.0,519.69
random_seeqst,0,5,random_stabilizer,10,100,,10,0.09999999999999971,0.0,0.9999999999999971,1.0,10.0
random_seeqst,0,5,random_stabilizer,10,100,,30,0.09999999999999971,0.0,0.9999999999999971,1.0,30.0
random_seeqst,0,5,random_stabilizer,10,100,,100,5.4194213713273856,2936.012799999998,20.48,1.0,100.0
random_seeqst,0,5,random_stabilizer,10,100,,300,2.7073985874102675,2236.9621333333203,6.826666666666667,1.0,300.0
random_seeqst,0,5,random_stabilizer,10,100,,1000,1.6544729190893395,2096.480239599609,6.144,1.0,1000.0
random_seeqst,0,5,random_stabilizer,10,100,,3000,0.8226517988932026,2125.1419980170613,2.048,1.0,3000.0
random_seeqst,0,5,random_stabilizer,10,100,,10000,0.4474355587120898,2160.084177838537,1.2288,1.0,10000.0
random_seeqst,0,5,random_stabilizer,10,100,,20000,0.341722881879455,2082.4549482196535,1.024,1.0,20000.0
random_seeqst,0,5,random_stabilizer,10,100,,30000,0.2809345318753108,2084.5464380038243,0.8192,1.0,30000.0
random_seeqst,0,5,random_stabilizer,10,100,,40000,0.23954308505986982,2116.0062872676913,0.6144,1.0,40000.0
random_seeqst,0,5,random_stabilizer,10,100,,50000,0.21284239216847758,2089.5841665999465,0.57344,1.0,50000.0
derandomized_seeqst,0,6,random_stabilizer,10,100,99.0,10,0.9428090415820634,2.0,1.0,0.09,0.1
derandomized_seeqst,0,6,random_stabilizer,10,100,99.0,30,0.9405399431259602,1.5,1.0,0.26,0.3
derandomized_seeqst,0,6,random_stabilizer,10,100,99.0,100,0.8801929239282337,1.0025641025641026,1.0,0.64,1.01
derandomized_seeqst,0,6,random_stabilizer,10,100,99.0,300,0.6522906104171649,0.9936507936507936,1.0,0.96,3.06
derandomized_seeqst,0,6,random_stabilizer,10,100,99.0,1000,0.3633266260171581,0.9797630376159789,0.8333333333333334,1.0,10.21
derandomized_seeqst,0,6,random_stabilizer,10,100,99.0,3000,0.19179642138480396,0.9971823724415769,0.52,1.0,30.57
derandomized_seeqst,0,6,random_stabilizer,10,100,99.0,10000,0.11246636229512887,0.9972865339397621,0.34782608695652173,1.0,101.96
derandomized_seeqst,0,6,random_stabilizer,10,100,99.0,20000,0.07396456945323349,0.9994938303912949,0.23902439024390243,1.0,203.85
derandomized_seeqst,0,6,random_stabilizer,10,100,99.0,30000,0.06020304156795047,0.9996823905558236,0.1737704918032787,1.0,306.03
derandomized_seeqst,0,6,random_stabilizer,10,100,99.0,40000,0.05281510785428363,0.9996890409093999,0.14215686274509803,1.0,408.11
derandomized_seeqst,0,6,random_stabilizer,10,100,99.0,50000,0.04566226300344228,0.9998982246181847,0.11923076923076924,1.0,510.22
random_seeqst,0,6,random_stabilizer,10,100,,10,1.2266347333466993e-18,0.0,1.214306433183765e-17,1.0,10.0
random_seeqst,0,6,random_stabilizer,10,100,,30,6.826666666666667,1398.1013333333333,68.26666666666667,1.0,30.0
random_seeqst,0,6,random_stabilizer,10,100,,100,5.016554993219949,2516.582399999999,20.48,1.0,100.0
random_seeqst,0,6,random_stabilizer,10,100,,300,2.6439566310109304,2097.151999999987,6.826666666666667,1.0,300.0
random_seeqst,0,6,random_stabilizer,10,100,,1000,1.573098649163491,2054.7891097497595,6.144,1.0,1000.0
random_seeqst,0,6,random_stabilizer,10,100,,3000,0.852650393381328,1817.410524148015,2.7306666666666666,1.0,3000.0
random_seeqst,0,6,random_stabilizer,10,100,,10000,0.48637305188507307,2021.6201312675084,1.6384,1.0,10000.0
random_seeqst,0,6,random_stabilizer,10,100,,20000,0.32703937377630843,2038.426710583714,0.9216,1.0,20000.0
random_seeqst,0,6,random_stabilizer,10,100,,30000,0.2614711364567799,2009.07021785231,0.6826666666666666,1.0,30000.0
random_seeqst,0,6,random_stabilizer,10,100,,40000,0.23762537238266457,2044.7178521287572,0.6656,1.0,40000.0
random_seeqst,0,6,random_stabilizer,10,100,,50000,0.2234855074316901,2029.1949133268615,0.57344,1.0,50000.0
derandomized_seeqst,0,7,random_stabilizer,10,100,100.0,10,1.0,,1.0,0.1,0.1
derandomized_seeqst,0,7,random_stabilizer,10,100,100.0,30,0.9834013368408706,0.6666666666666667,1.0,0.27,0.3
derandomized_seeqst,0,7,random_stabilizer,10,100,100.0,100,0.8630131323836657,1.0344827586206897,1.0,0.64,1.0
derandomized_seeqst,0,7,random_stabilizer,10,100,100.0,300,0.6660689895768024,0.9901098901098901,1.0,0.94,3.0
derandomized_seeqst,0,7,random_stabilizer,10,100,100.0,1000,0.31039446622494976,1.025399724458548,0.75,1.0,10.0
derandomized_seeqst,0,7,random_stabilizer,10,100,100.0,3000,0.17480566862309063,1.0042712483133405,0.5454545454545454,1.0,30.0
derandomized_seeqst,0,7,random_stabilizer,10,100,100.0,10000,0.08800996405786425,1.0024053452771118,0.23711340206185566,1.0,100.0
derandomized_seeqst,0,7,random_stabilizer,10,100,100.0,20000,0.0684792711396205,1.0003427703461092,0.19791666666666666,1.0,200.0
derandomized_seeqst,0,7,random_stabilizer,10,100,100.0,30000,0.05433857288249053,1.0003942476154464,0.1559633027522936,1.0,300.0
derandomized_seeqst,0,7,random_stabilizer,10,100,100.0,40000,0.04495146601189574,1.0004864036694912,0.12307692307692308,1.0,400.0
derandomized_seeqst,0,7,random_stabilizer,10,100,100.0,50000,0.04493266026573374,0.9999847648765605,0.1293634496919918,1.0,500.0
random_seeqst,0,7,random_stabilizer,10,100,,10,3.0046291974743187e-19,0.0,1.734723475976807e-18,1.0,10.0
random_seeqst,0,7,random_stabilizer,10,100,,30,9.654364585800328,2796.2026666666648,68.26666666666667,1.0,30.0
random_seeqst,0,7,random_stabilizer,10,100,,100,3.547240053901061,1258.291199999999,20.48,1.0,100.0
random_seeqst,0,7,random_stabilizer,10,100,,300,2.64395663101093,2097.151999999989,6.826666666666667,1.0,300.0
random_seeqst,0,7,random_stabilizer,10,100,,1000,1.3890211805440549,2013.349890050069,4.096,1.0,1000.0
random_seeqst,0,7,random_stabilizer,10,100,,3000,0.8077420930525343,1873.4278153161874,2.7306666666666666,1.0,3000.0
random_seeqst,0,7,random_stabilizer,10,100,,10000,0.43541077248961124,2046.8354530044642,1.2288,1.0,10000.0
random_seeqst,0,7,random_stabilizer,10,100,,20000,0.2794976064298226,2111.859538065221,0.9216,1.0,20000.0
random_seeqst,0,7,random_stabilizer,10,100,,30000,0.24433363856279253,2168.467751331804,0.7509333333333333,1.0,30000.0
random_seeqst,0,7,random_stabilizer,10,100,,40000,0.21449072707229094,2114.9846603448486,0.6144,1.0,40000.0
random_seeqst,0,7,random_stabilizer,10,100,,50000,0.20901643587048363,2107.2167860659906,0.6144,1.0,50000.0
derandomized_seeqst,0,8,random_stabilizer,10,100,95.0,10,0.9486832980505138,1.0,1.0,0.1,0.12
derandomized_seeqst,0,8,random_stabilizer,10,100,95.0,30,0.9649012813540153,0.8,1.0,0.29,0.34
derandomized_seeqst,0,8,random_stabilizer,10,100,95.0,100,0.8377487192867958,1.03125,1.0,0.64,1.13
derandomized_seeqst,0,8,random_stabilizer,10,100,95.0,300,0.6559177747805072,0.9743001443001443,1.0,0.95,3.35
derandomized_seeqst,0,8,random_stabilizer,10,100,95.0,1000,0.29048628978122537,1.028399421995074,0.6666666666666666,1.0,11.24
derandomized_seeqst,0,8,random_stabilizer,10,100,95.0,3000,0.1890834920195427,0.9968856176978818,0.5,1.0,33.43
derandomized_seeqst,0,8,random_stabilizer,10,100,95.0,10000,0.10026521817941361,0.9995433614388791,0.2727272727272727,1.0,112.11
derandomized_seeqst,0,8,random_stabilizer,10,100,95.0,20000,0.06874971486149951,1.000046146572743,0.18974358974358974,1.0,223.99
derandomized_seeqst,0,8,random_stabilizer,10,100,95.0,30000,0.05475161138442265,1.0001789065828801,0.16387959866220736,1.0,336.02
derandomized_seeqst,0,8,random_stabilizer,10,100,95.0,40000,0.04669073775673267,1.0002008028468161,0.16494845360824742,1.0,447.97
derandomized_seeqst,0,8,random_stabilizer,10,100,95.0,50000,0.04559072813627526,0.9998250533964537,0.14347826086956522,1.0,559.93
random_seeqst,0,8,random_stabilizer,10,100,,10,0.0,0.0,0.0,1.0,10.0
random_seeqst,0,8,random_stabilizer,10,100,,30,9.654364585800328,2796.2026666666657,68.26666666666667,1.0,30.0
random_seeqst,0,8,random_stabilizer,10,100,,100,6.144,3774.873599999998,20.48,1.0,100.0
random_seeqst,0,8,random_stabilizer,10,100,,300,3.273954319914817,2935.077615161633,13.653333333333334,1.0,300.0
random_seeqst,0,8,random_stabilizer,10,100,,1000,1.5462060923434495,2222.8131798999157,6.144,1.0,1000.0
random_seeqst,0,8,random_stabilizer,10,100,,3000,0.8163506000623888,1887.3995048660165,3.4133333333333336,1.0,3000.0
random_seeqst,0,8,random_stabilizer,10,100,,10000,0.433963419656542,2025.863094059757,1.2288,1.0,10000.0
random_seeqst,0,8,random_stabilizer,10,100,,20000,0.3322876055467613,2099.243699132335,0.9216,1.0,20000.0
random_seeqst,0,8,random_stabilizer,10,100,,30000,0.2617383528131354,2105.542285777972,0.6826666666666666,1.0,30000.0
random_seeqst,0,8,random_stabilizer,10,100,,40000,0.22834281595881226,2077.2288462797414,0.5632,1.0,40000.0
random_seeqst,0,8,random_stabilizer,10,100,,50000,0.19711933506381357,2083.7330458295055,0.45056,1.0,50000.0
derandomized_seeqst,0,9,random_stabilizer,10,100,97.0,10,1.0,,1.0,0.12,0.12
derandomized_seeqst,0,9,random_stabilizer,10,100,97.0,30,0.9855588084302995,1.3333333333333335,1.0,0.31,0.33
derandomized_seeqst,0,9,random_stabilizer,10,100,97.0,100,0.8608284620211166,1.037037037037037,1.0,0.65,1.11
derandomized_seeqst,0,9,random_stabilizer,10,100,97.0,300,0.5826659154510336,1.1106629318394023,1.0,0.95,3.22
derandomized_seeqst,0,9,random_stabilizer,10,100,97.0,1000,0.34353380775792874,0.9955535633366575,1.0,1.0,10.66
derandomized_seeqst,0,9,random_stabilizer,10,100,97.0,3000,0.17481007371647103,1.0029059677268577,0.52,1.0,31.6
derandomized_seeqst,0,9,random_stabilizer,10,100,97.0,10000,0.08606769659451334,1.0024036773169147,0.24731182795698925,1.0,105.66
derandomized_seeqst,0,9,random_stabilizer,10,100,97.0,20000,0.06333721901150845,1.0008630673126313,0.14583333333333334,1.0,211.9
derandomized_seeqst,0,9,random_stabilizer,10,100,97.0,30000,0.052770252058694574,1.0004599476780187,0.1554054054054054,1.0,317.76
derandomized_seeqst,0,9,random_stabilizer,10,100,97.0,40000,0.05276514807422892,0.9996446582058703,0.16030534351145037,1.0,423.63
derandomized_seeqst,0,9,random_stabilizer,10,100,97.0,50000,0.04996784268196011,0.999445051945802,0.1252408477842004,1.0,529.52
random_seeqst,0,9,random_stabilizer,10,100,,10,20.48,4194.304000000001,204.8,1.0,10.0
random_seeqst,0,9,random_stabilizer,10,100,,30,9.654364585800328,2796.202666666664,68.26666666666667,1.0,30.0
random_seeqst,0,9,random_stabilizer,10,100,,100,5.792618751480197,3355.443199999998,20.48,1.0,100.0
random_seeqst,0,9,random_stabilizer,10,100,,300,2.81470677375499,2376.772266666651,6.826666666666667,1.0,300.0
random_seeqst,0,9,random_stabilizer,10,100,,1000,1.3738401653758707,2139.346950150171,4.096,1.0,1000.0
random_seeqst,0,9,random_stabilizer,10,100,,3000,0.7601854276717257,2153.215910085551,2.048,1.0,3000.0
random_seeqst,0,9,random_stabilizer,10,100,,10000,0.4187145891893427,2139.13363145596,0.8192,1.0,10000.0
random_seeqst,0,9,random_stabilizer,10,100,,20000,0.2994215222725313,2040.541269815768,1.024,1.0,20000.0
random_seeqst,0,9,random_stabilizer,10,100,,30000,0.25761057811269233,2071.988879086365,0.6826666666666666,1.0,30000.0
random_seeqst,0,9,random_stabilizer,10,100,,40000,0.24074891152401912,2079.32023096749,0.6144,1.0,40000.0
random_seeqst,0,9,random_stabilizer,10,100,,50000,0.22337287298147915,2073.6554752696597,0.49152,1.0,50000.0
derandomized_seeqst,1,0,haar_random,10,100,95.0,10,0.9522244974974555,1.0,1.0972913012824723,0.11,0.13
derandomized_seeqst,1,0,haar_random,10,100,95.0,30,0.9662153096808692,0.8,1.0972913012824723,0.3,0.36
derandomized_seeqst,1,0,haar_random,10,100,95.0,100,0.8253564989961925,1.2333333333333336,1.0983261907009279,0.66,1.12
derandomized_seeqst,1,0,haar_random,10,100,95.0,300,0.6591124355631226,0.9546313039983926,1.0637647109358639,0.94,3.33
derandomized_seeqst,1,0,haar_random,10,100,95.0,1000,0.3516822855179915,0.9736123149296523,0.9862455575038125,1.0,11.03
derandomized_seeqst,1,0,haar_random,10,100,95.0,3000,0.18297457317487645,0.998490033558153,0.5441487618446772,1.0,33.15
derandomized_seeqst,1,0,haar_random,10,100,95.0,10000,0.0993724443009284,0.999289421079565,0.26149691470849146,1.0,110.28
derandomized_seeqst,1,0,haar_random,10,100,95.0,20000,0.06691267770933157,0.9997726806839036,0.15379310735253643,1.0,220.53
derandomized_seeqst,1,0,haar_random,10,100,95.0,30000,0.059336828830009694,0.9986800749136205,0.12727472664443176,1.0,330.47
derandomized_seeqst,1,0,haar_random,10,100,95.0,40000,0.04774999690653211,0.9993018627378426,0.10928205121478828,1.0,440.5
derandomized_seeqst,1,0,haar_random,10,100,95.0,50000,0.043538973000139605,0.9990918031865206,0.11353743470267934,1.0,551.19
random_seeqst,1,0,haar_random,10,100,,10,0.03521659257964494,0.0,0.0983261907009279,1.0,10.0
random_seeqst,1,0,haar_random,10,100,,30,0.03521659257964494,0.0,0.0983261907009279,1.0,30.0
random_seeqst,1,0,haar_random,10,100,,100,2.0474869560421918,419.4304,20.47184235051269,1.0,100.0
random_seeqst,1,0,haar_random,10,100,,300,2.816543324133737,2096.2168151616443,13.6581207932327,1.0,300.0
random_seeqst,1,0,haar_random,10,100,,1000,1.7510003644970704,2306.1114695495617,8.196787459899365,1.0,1000.0
random_seeqst,1,0,haar_random,10,100,,3000,1.0161766228577562,2180.7303951450003,3.3862302543977685,1.0,3000.0
random_seeqst,1,0,haar_random,10,100,,10000,0.5254000803148466,2235.5069837607575,1.406496921064435,1.0,10000.0
random_seeqst,1,0,haar_random,10,100,,20000,0.32430117567764494,2097.1488541150097,1.0001008701971894,1.0,20000.0
random_seeqst,1,0,haar_random,10,100,,30000,0.27731790855737987,2078.968853038518,0.7270342035305227,1.0,30000.0
random_seeqst,1,0,haar_random,10,100,,40000,0.239027924959725,2042.6200185374455,0.7325697582772164,1.0,40000.0
random_seeqst,1,0,haar_random,10,100,,50000,0.21173000268914208,2037.5892592494379,0.6210683413376772,1.0,50000.0
derandomized_seeqst,1,1,haar_random,10,100,96.0,10,1.002271817715176,0.0,1.0293954617617798,0.1,0.11
derandomized_seeqst,1,1,haar_random,10,100,96.0,30,1.0036391974158012,0.0,1.0608595931409224,0.27,0.31
derandomized_seeqst,1,1,haar_random,10,100,96.0,100,0.8147281076159976,1.1636363636363638,1.0608595931409224,0.62,1.09
derandomized_seeqst,1,1,haar_random,10,100,96.0,300,0.6356985169959398,1.0367977404121984,1.0845170597946088,0.98,3.28
derandomized_seeqst,1,1,haar_random,10,100,96.0,1000,0.33336372997920266,0.9917460230974164,0.9751460203612322,1.0,10.82
derandomized_seeqst,1,1,haar_random,10,100,96.0,3000,0.1723249076267714,1.003780941867954,0.4693954617617798,1.0,32.47
derandomized_seeqst,1,1,haar_random,10,100,96.0,10000,0.10213580486964595,0.9986323759151875,0.2885881595827727,1.0,107.84
derandomized_seeqst,1,1,haar_random,10,100,96.0,20000,0.06580501839803683,0.9999118235547916,0.23533218900825056,1.0,215.79
derandomized_seeqst,1,1,haar_random,10,100,96.0,30000,0.05459522847268039,0.9991315704573566,0.1835219828620078,1.0,324.0
derandomized_seeqst,1,1,haar_random,10,100,96.0,40000,0.04604835025368852,0.9992902411194718,0.12919470547407486,1.0,432.13
derandomized_seeqst,1,1,haar_random,10,100,96.0,50000,0.03912370259840537,0.999390402624258,0.11743803071679329,1.0,540.24
random_seeqst,1,1,haar_random,10,100,,10,20.48165290746973,4194.304000000001,204.8163282539806,1.0,10.0
random_seeqst,1,1,haar_random,10,100,,30,6.828359728439292,1398.1013333333312,68.28299492064725,1.0,30.0
random_seeqst,1,1,haar_random,10,100,,100,2.8963319155371487,838.8607999999991,20.496328253980597,1.0,100.0
random_seeqst,1,1,haar_random,10,100,,300,2.266030332889081,1537.9114666666594,6.87335816606529,1.0,300.0
random_seeqst,1,1,haar_random,10,100,,1000,1.2996078499711619,1929.6317501501649,4.116142428908734,1.0,1000.0
random_seeqst,1,1,haar_random,10,100,,3000,0.8713098751768701,2069.1340306323827,2.7578234254167966,1.0,3000.0
random_seeqst,1,1,haar_random,10,100,,10000,0.5262696424769795,2122.257419981955,1.4668545168745455,1.0,10000.0
random_seeqst,1,1,haar_random,10,100,,20000,0.33573086290304455,2038.4227257957473,0.8175189445500796,1.0,20000.0
random_seeqst,1,1,haar_random,10,100,,30000,0.2746786710114099,2076.175353457851,0.6476545168745456,1.0,30000.0
random_seeqst,1,1,haar_random,10,100,,40000,0.21438503563445574,2056.263513032969,0.6886991195352665,1.0,40000.0
random_seeqst,1,1,haar_random,10,100,,50000,0.18893062426740134,2082.896802327302,0.5248591195352665,1.0,50000.0
derandomized_seeqst,1,2,haar_random,10,100,98.0,10,0.990012454509286,,1.0248256060949017,0.1,0.1
derandomized_seeqst,1,2,haar_random,10,100,98.0,30,0.919103195209183,1.6,1.061028588901691,0.26,0.31
derandomized_seeqst,1,2,haar_random,10,100,98.0,100,0.88928016052064,0.8571428571428571,1.0693958734432325,0.65,1.03
derandomized_seeqst,1,2,haar_random,10,100,98.0,300,0.6643195039759814,1.0061660561660564,1.0480801930831771,0.97,3.13
derandomized_seeqst,1,2,haar_random,10,100,98.0,1000,0.3078574306078935,1.0098802078554399,0.9736073837529277,1.0,10.32
derandomized_seeqst,1,2,haar_random,10,100,98.0,3000,0.17739832935128122,0.9999631568435352,0.484867717269898,1.0,31.11
derandomized_seeqst,1,2,haar_random,10,100,98.0,10000,0.09558494466540103,0.9999590810946483,0.2563652473641737,1.0,103.48
derandomized_seeqst,1,2,haar_random,10,100,98.0,20000,0.07124257886919053,0.9993184963531644,0.20954994801539178,1.0,207.59
derandomized_seeqst,1,2,haar_random,10,100,98.0,30000,0.05571175033096682,0.9992817464772181,0.13870784836613662,1.0,311.8
derandomized_seeqst,1,2,haar_random,10,100,98.0,40000,0.050689737314606687,0.9990013399454873,0.1694656533448939,1.0,415.55
derandomized_seeqst,1,2,haar_random,10,100,98.0,50000,0.04404713973808159,0.9991664608664087,0.13857902365586902,1.0,519.54
random_seeqst,1,2,haar_random,10,100,,10,0.04718755378207194,0.024888888888888894,0.36275935827647715,1.0,10.0
random_seeqst,1,2,haar_random,10,100,,30,0.03167111879256081,0.021885057471264378,0.09609269160981043,1.0,30.0
random_seeqst,1,2,haar_random,10,100,,100,4.575871039984334,2097.1709898989893,20.487397417456712,1.0,100.0
random_seeqst,1,2,haar_random,10,100,,300,2.26220473999681,1537.9299282051177,6.88131367332794,1.0,300.0
random_seeqst,1,2,haar_random,10,100,,1000,1.2473160185175483,1803.821287367389,2.11320527959303,1.0,1000.0
random_seeqst,1,2,haar_random,10,100,,3000,0.8461810487656292,1999.2576213226307,2.102497488494923,1.0,3000.0
random_seeqst,1,2,haar_random,10,100,,10000,0.464595548937005,2017.4649793167307,1.2726392473019048,1.0,10000.0
random_seeqst,1,2,haar_random,10,100,,20000,0.3199230849021382,2057.325101905586,1.0437566545989114,1.0,20000.0
random_seeqst,1,2,haar_random,10,100,,30000,0.27910141393279897,2007.6802917592113,0.8389566545989113,1.0,30000.0
random_seeqst,1,2,haar_random,10,100,,40000,0.25252155522679115,2008.0276162615455,0.7627385909086813,1.0,40000.0
random_seeqst,1,2,haar_random,10,100,,50000,0.2215519015390908,2019.986700469184,0.7729785909086814,1.0,50000.0
derandomized_seeqst,1,3,haar_random,10,100,99.0,10,1.0039655076730172,,1.0693021332021522,0.1,0.1
derandomized_seeqst,1,3,haar_random,10,100,99.0,30,0.9734288758977524,0.6666666666666666,1.0693021332021522,0.27,0.3
derandomized_seeqst,1,3,haar_random,10,100,99.0,100,0.8796813999046904,1.0833333333333333,1.0693021332021522,0.67,1.01
derandomized_seeqst,1,3,haar_random,10,100,99.0,300,0.6650656197557917,0.9744464040760337,1.0424528839396003,0.96,3.04
derandomized_seeqst,1,3,haar_random,10,100,99.0,1000,0.30479263663744816,1.0189434225904812,0.7248463479165993,1.0,10.21
derandomized_seeqst,1,3,haar_random,10,100,99.0,3000,0.15684833407849103,1.009481103810067,0.4282837051474503,1.0,30.57
derandomized_seeqst,1,3,haar_random,10,100,99.0,10000,0.10698531536379005,0.9972752370213552,0.3132505176774756,1.0,102.14
derandomized_seeqst,1,3,haar_random,10,100,99.0,20000,0.07733554693304533,0.9976995508676185,0.24442810810278412,1.0,203.86
derandomized_seeqst,1,3,haar_random,10,100,99.0,30000,0.06398086130360402,0.9978731102188786,0.19087474105460736,1.0,305.75
derandomized_seeqst,1,3,haar_random,10,100,99.0,40000,0.05816157170950085,0.9978683515318422,0.13449520680747068,1.0,407.89
derandomized_seeqst,1,3,haar_random,10,100,99.0,50000,0.04926954967455984,0.998526274415599,0.10599714289263398,1.0,509.81
random_seeqst,1,3,haar_random,10,100,,10,0.03089299221564537,0.0,0.07231119132552033,1.0,10.0
random_seeqst,1,3,haar_random,10,100,,30,0.03089299221564537,0.0,0.07231119132552033,1.0,30.0
random_seeqst,1,3,haar_random,10,100,,100,2.899434358748065,838.8607999999995,20.515988253752326,1.0,100.0
random_seeqst,1,3,haar_random,10,100,,300,2.642704166174892,2097.1519999999905,6.884915599798991,1.0,300.0
random_seeqst,1,3,haar_random,10,100,,1000,1.1546491149115774,1678.0574802002145,4.076237641248872,1.0,1000.0
random_seeqst,1,3,haar_random,10,100,,3000,0.8696398944660112,2055.134369732076,2.738975656420659,1.0,3000.0
random_seeqst,1,3,haar_random,10,100,,10000,0.3647804195632838,1962.9955149626755,1.2371089897539924,1.0,10000.0
random_seeqst,1,3,haar_random,10,100,,20000,0.31097812716673523,2006.9757223543766,0.8275089897539925,1.0,20000.0
random_seeqst,1,3,haar_random,10,100,,30000,0.280345720755351,2014.64854849668,0.8275089897539925,1.0,30000.0
random_seeqst,1,3,haar_random,10,100,,40000,0.21623281934669586,1989.1496157423503,0.7251089897539924,1.0,40000.0
random_seeqst,1,3,haar_random,10,100,,50000,0.2014749110327463,2019.976034633351,0.7046289897539925,1.0,50000.0
derandomized_seeqst,1,4,haar_random,10,100,99.0,10,1.0078581070451627,0.0,1.0493216794065208,0.09,0.1
derandomized_seeqst,1,4,haar_random,10,100,99.0,30,0.9749424666868057,0.6666666666666666,1.0385190944042306,0.28,0.31
derandomized_seeqst,1,4,haar_random,10,100,99.0,100,0.8714656695564588,0.8111111111111112,1.0600942044899204,0.61,1.04
derandomized_seeqst,1,4,haar_random,10,100,99.0,300,0.6390592690184738,0.9903600464576076,1.0730430505362296,0.92,3.05
derandomized_seeqst,1,4,haar_random,10,100,99.0,1000,0.33515801784884425,0.9956220152396624,0.9705850968026062,1.0,10.17
derandomized_seeqst,1,4,haar_random,10,100,99.0,3000,0.1852240002937212,0.9975787030044685,0.4807584360003594,1.0,30.53
derandomized_seeqst,1,4,haar_random,10,100,99.0,10000,0.11007222656041374,0.996005638108418,0.2736912133728894,1.0,101.9
derandomized_seeqst,1,4,haar_random,10,100,99.0,20000,0.06984501146269917,0.9994124649320355,0.16208963100255877,1.0,203.74
derandomized_seeqst,1,4,haar_random,10,100,99.0,30000,0.05315330187525432,0.9998347471877422,0.137451189000864,1.0,305.87
derandomized_seeqst,1,4,haar_random,10,100,99.0,40000,0.04210334730961208,0.9996407160984999,0.1305783216843735,1.0,407.92
derandomized_seeqst,1,4,haar_random,10,100,99.0,50000,0.036399131792388274,0.9994043388396315,0.11818969229501769,1.0,509.93
random_seeqst,1,4,haar_random,10,100,,10,28.96137601182153,8388.608000000002,204.79798323169345,1.0,10.0
random_seeqst,1,4,haar_random,10,100,,30,9.652680558615378,2796.202666666664,68.2646498983601,1.0,30.0
random_seeqst,1,4,haar_random,10,100,,100,5.791234951674448,2508.1090585858565,40.96547948065961,1.0,100.0
random_seeqst,1,4,haar_random,10,100,,300,2.889617776233819,2236.0269484949754,13.658812813992942,1.0,300.0
random_seeqst,1,4,haar_random,10,100,,1000,1.585151375421543,2348.642299899906,6.149479480659608,1.0,1000.0
random_seeqst,1,4,haar_random,10,100,,3000,0.7706174454562221,1817.5410571167636,2.0722480775932404,1.0,3000.0
random_seeqst,1,4,haar_random,10,100,,10000,0.4367494704306998,1912.6026239999317,1.6626480775932406,1.0,10000.0
random_seeqst,1,4,haar_random,10,100,,20000,0.3193028659514806,1962.930287212234,1.0482480775932406,1.0,20000.0
random_seeqst,1,4,haar_random,10,100,,30000,0.25466684250476723,2046.8237075554373,0.9117147442599072,1.0,30000.0
random_seeqst,1,4,haar_random,10,100,,40000,0.22388665880910202,2055.208802709958,0.6292237117430658,1.0,40000.0
random_seeqst,1,4,haar_random,10,100,,50000,0.18085997132258863,2068.638148478657,0.5268237117430657,1.0,50000.0
derandomized_seeqst,1,5,haar_random,10,100,97.0,10,0.8914752554116671,1.3333333333333335,1.070688871449996,0.09,0.13
derandomized_seeqst,1,5,haar_random,10,100,97.0,30,0.9228108489051444,0.9523809523809524,1.070688871449996,0.25,0.34
derandomized_seeqst,1,5,haar_random,10,100,97.0,100,0.8187722324011854,1.1111111111111112,1.070688871449996,0.64,1.1
derandomized_seeqst,1,5,haar_random,10,100,97.0,300,0.5989700107192876,1.0861203396087118,1.0576160418374831,0.96,3.25
derandomized_seeqst,1,5,haar_random,10,100,97.0,1000,0.3008495564951147,1.028590216800743,0.9250643874176139,1.0,10.65
derandomized_seeqst,1,5,haar_random,10,100,97.0,3000,0.16767662481025633,1.005673156624764,0.5579575693781871,1.0,31.9
derandomized_seeqst,1,5,haar_random,10,100,97.0,10000,0.08810879545173529,1.0015794130150326,0.2583793186195029,1.0,105.96
derandomized_seeqst,1,5,haar_random,10,100,97.0,20000,0.06007778763070425,1.0012082795025168,0.17694525972065525,1.0,211.85
derandomized_seeqst,1,5,haar_random,10,100,97.0,30000,0.05571159533314614,0.9997718871683872,0.12960724161540257,1.0,317.87
derandomized_seeqst,1,5,haar_random,10,100,97.0,40000,0.05037079876833788,0.9992818733612688,0.12649089033705155,1.0,424.31
derandomized_seeqst,1,5,haar_random,10,100,97.0,50000,0.04387380505441034,0.9994431517659115,0.09600752895472456,1.0,530.67
random_seeqst,1,5,haar_random,10,100,,10,20.477728961998572,4194.304000000001,204.77704028616265,1.0,10.0
random_seeqst,1,5,haar_random,10,100,,30,6.824445511842317,1398.101333333332,68.24370695282931,1.0,30.0
random_seeqst,1,5,haar_random,10,100,,100,4.580276475384765,2097.151999999999,20.550688871449996,1.0,100.0
random_seeqst,1,5,haar_random,10,100,,300,2.7306928437159157,1956.4066818283068,13.62776509543115,1.0,300.0
random_seeqst,1,5,haar_random,10,100,,1000,1.494295603165048,2139.0110699499683,4.171020299370975,1.0,1000.0
random_seeqst,1,5,haar_random,10,100,,3000,0.954287339243089,2152.880253880139,2.753637711364201,1.0,3000.0
random_seeqst,1,5,haar_random,10,100,,10000,0.4924371862539788,2134.869695046306,1.8661710446975346,1.0,10000.0
random_seeqst,1,5,haar_random,10,100,,20000,0.3351373815712639,2116.0202859553965,1.0563968384438862,1.0,20000.0
random_seeqst,1,5,haar_random,10,100,,30000,0.28851777942540047,2077.5644134345634,0.7247090972884795,1.0,30000.0
random_seeqst,1,5,haar_random,10,100,,40000,0.23991748769315072,2056.251663827774,0.5802083439195846,1.0,40000.0
random_seeqst,1,5,haar_random,10,100,,50000,0.21242885539468362,2045.9768941515774,0.5494883439195846,1.0,50000.0
derandomized_seeqst,1,6,haar_random,10,100,100.0,10,1.002774024953239,,1.057921679105517,0.1,0.1
derandomized_seeqst,1,6,haar_random,10,100,100.0,30,0.9560087287983192,0.6666666666666666,1.057921679105517,0.24,0.3
derandomized_seeqst,1,6,haar_random,10,100,100.0,100,0.9396979445728263,0.5333333333333333,1.061468634228447,0.65,1.0
derandomized_seeqst,1,6,haar_random,10,100,100.0,300,0.7537453155443545,0.7590114526823387,1.0622615425560595,0.97,3.0
derandomized_seeqst,1,6,haar_random,10,100,100.0,1000,0.3418236558747502,0.9954987822634881,1.0213533600216838,1.0,10.0
derandomized_seeqst,1,6,haar_random,10,100,100.0,3000,0.18731879388966624,0.9993394272510362,0.6270692283329503,1.0,30.0
derandomized_seeqst,1,6,haar_random,10,100,100.0,10000,0.10431285676767113,0.9982453658919778,0.2790293426197099,1.0,100.0
derandomized_seeqst,1,6,haar_random,10,100,100.0,20000,0.07089295794536643,0.9990433833498379,0.20066695656501612,1.0,200.0
derandomized_seeqst,1,6,haar_random,10,100,100.0,30000,0.05954900423504024,0.9993099086401691,0.13210160424109973,1.0,300.0
derandomized_seeqst,1,6,haar_random,10,100,100.0,40000,0.05109330340665595,0.9993487158438819,0.148779247038801,1.0,400.0
derandomized_seeqst,1,6,haar_random,10,100,100.0,50000,0.04230493411404252,0.9996185112420765,0.10365454658786441,1.0,500.0
random_seeqst,1,6,haar_random,10,100,,10,20.483310056966015,4194.304000000001,204.8328478352259,1.0,10.0
random_seeqst,1,6,haar_random,10,100,,30,9.657986283261858,2796.2026666666648,68.29951450189256,1.0,30.0
random_seeqst,1,6,haar_random,10,100,,100,5.015798094368812,2516.582399999998,20.512847835225894,1.0,100.0
random_seeqst,1,6,haar_random,10,100,,300,2.5546056401498967,1957.3418666666537,6.874264670207309,1.0,300.0
random_seeqst,1,6,haar_random,10,100,,1000,1.6400830533668846,2348.4743597998186,6.161614080349521,1.0,1000.0
random_seeqst,1,6,haar_random,10,100,,3000,0.9299495026462922,2334.7453126152595,3.4075653063744005,1.0,3000.0
random_seeqst,1,6,haar_random,10,100,,10000,0.47899705538230436,2306.8688778893725,1.613053230388182,1.0,10000.0
random_seeqst,1,6,haar_random,10,100,,20000,0.3249672308706749,2233.471913416724,0.9165456722664265,1.0,20000.0
random_seeqst,1,6,haar_random,10,100,,30000,0.27723718146683063,2195.014992099688,0.7501341235128893,1.0,30000.0
random_seeqst,1,6,haar_random,10,100,,40000,0.21807329785052812,2127.565632430649,0.562400790179556,1.0,40000.0
random_seeqst,1,6,haar_random,10,100,,50000,0.20527723753603036,2113.0890129965696,0.5196746182369887,1.0,50000.0
derandomized_seeqst,1,7,haar_random,10,100,97.0,10,0.9374802844791202,2.0,1.014556970970645,0.1,0.11
derandomized_seeqst,1,7,haar_random,10,100,97.0,30,0.9262767247136575,0.761904761904762,1.0715541062403555,0.22,0.31
derandomized_seeqst,1,7,haar_random,10,100,97.0,100,0.8840542400408873,0.8846153846153846,1.07247877122767,0.64,1.06
derandomized_seeqst,1,7,haar_random,10,100,97.0,300,0.606364371315502,1.046778711484594,1.0636091290030338,0.97,3.17
derandomized_seeqst,1,7,haar_random,10,100,97.0,1000,0.3020047882710975,1.0115432008651823,0.755144529598558,1.0,10.49
derandomized_seeqst,1,7,haar_random,10,100,97.0,3000,0.18141996399229973,0.9973136036204694,0.5244667329704672,1.0,31.84
derandomized_seeqst,1,7,haar_random,10,100,97.0,10000,0.08886414932281379,1.0002696203820722,0.20731109382217203,1.0,106.16
derandomized_seeqst,1,7,haar_random,10,100,97.0,20000,0.058737558033784144,1.0000238714103644,0.12789106184050889,1.0,212.13
derandomized_seeqst,1,7,haar_random,10,100,97.0,30000,0.0520401881587802,0.9995213614597354,0.15287098197711918,1.0,317.96
derandomized_seeqst,1,7,haar_random,10,100,97.0,40000,0.04380426423110504,0.9993988022340264,0.10688191670700248,1.0,424.16
derandomized_seeqst,1,7,haar_random,10,100,97.0,50000,0.04119247292078636,0.9990767374215672,0.10333573969685533,1.0,530.43
random_seeqst,1,7,haar_random,10,100,,10,0.03091421099004899,0.0,0.08835336357432769,1.0,10.0
random_seeqst,1,7,haar_random,10,100,,30,0.03091421099004899,0.0,0.08835336357432769,1.0,30.0
random_seeqst,1,7,haar_random,10,100,,100,3.546673615933499,1258.2911999999994,20.483346963120177,1.0,100.0
random_seeqst,1,7,haar_random,10,100,,300,2.1604252426299837,1678.6567848383438,6.863127687343647,1.0,300.0
random_seeqst,1,7,haar_random,10,100,,1000,1.4366707069273792,2391.0891602002234,4.13246102067698,1.0,1000.0
random_seeqst,1,7,haar_random,10,100,,3000,0.7761424377915707,2223.1116529687242,2.7493676681357795,1.0,3000.0
random_seeqst,1,7,haar_random,10,100,,10000,0.45771035077948535,2030.0297128848545,1.598611242973629,1.0,10000.0
random_seeqst,1,7,haar_random,10,100,,20000,0.34705208578967556,2006.9505552720343,1.0701323629483523,1.0,20000.0
random_seeqst,1,7,haar_random,10,100,,30000,0.2917791195422236,2032.8207899044219,0.9842112429736289,1.0,30000.0
random_seeqst,1,7,haar_random,10,100,,40000,0.24542779071943116,2054.150107698366,0.7794112429736288,1.0,40000.0
random_seeqst,1,7,haar_random,10,100,,50000,0.22546267110157647,2029.19269868996,0.820371242973629,1.0,50000.0
derandomized_seeqst,1,8,haar_random,10,100,99.0,10,1.0210281421739877,0.0,1.0546600825198384,0.09,0.1
derandomized_seeqst,1,8,haar_random,10,100,99.0,30,0.9864757846023975,0.6666666666666667,1.0711578537043385,0.28,0.31
derandomized_seeqst,1,8,haar_random,10,100,99.0,100,0.8597324575667205,1.0666666666666667,1.0939348352727762,0.65,1.02
derandomized_seeqst,1,8,haar_random,10,100,99.0,300,0.6801953924792546,0.897422969187675,1.0939348352727762,0.97,3.08
derandomized_seeqst,1,8,haar_random,10,100,99.0,1000,0.3516962199862678,0.9788589013325855,0.9844054934402001,1.0,10.2
derandomized_seeqst,1,8,haar_random,10,100,99.0,3000,0.1882411176000745,0.9987567351419302,0.4697957147733167,1.0,30.61
derandomized_seeqst,1,8,haar_random,10,100,99.0,10000,0.08907926927302133,1.0012828382490155,0.25066690797719415,1.0,102.05
derandomized_seeqst,1,8,haar_random,10,100,99.0,20000,0.07013175215121212,0.9984765376795087,0.19829697305230518,1.0,204.38
derandomized_seeqst,1,8,haar_random,10,100,99.0,30000,0.056328696744205396,0.9988271612376974,0.14969333690150818,1.0,306.34
derandomized_seeqst,1,8,haar_random,10,100,99.0,40000,0.052025909423384024,0.9984099302208778,0.17152368597005582,1.0,408.38
derandomized_seeqst,1,8,haar_random,10,100,99.0,50000,0.04588707936004793,0.9987438622803867,0.12383016045594443,1.0,510.31
random_seeqst,1,8,haar_random,10,100,,10,0.03641466266756723,0.0,0.09393483527277625,1.0,10.0
random_seeqst,1,8,haar_random,10,100,,30,0.03641466266756723,0.0,0.09393483527277625,1.0,30.0
random_seeqst,1,8,haar_random,10,100,,100,4.09320240163302,1677.7215999999992,20.495155876832932,1.0,100.0
random_seeqst,1,8,haar_random,10,100,,300,2.1550518979050577,1398.1013333333242,6.855294112133503,1.0,300.0
random_seeqst,1,8,haar_random,10,100,,1000,1.5334159368813045,2348.810240000024,4.12733390542425,1.0,1000.0
random_seeqst,1,8,haar_random,10,100,,3000,0.9523822478105544,2278.7559927975526,2.0766274454668356,1.0,3000.0
random_seeqst,1,8,haar_random,10,100,,10000,0.4936352660544595,2235.5438973272953,1.195542534533246,1.0,10000.0
random_seeqst,1,8,haar_random,10,100,,20000,0.3423317652066316,2103.431082184722,0.9761798385033117,1.0,20000.0
random_seeqst,1,8,haar_random,10,100,,30000,0.25850877158188873,2115.331138938196,0.7713798385033117,1.0,30000.0
random_seeqst,1,8,haar_random,10,100,,40000,0.22156305782994704,2119.1770244306667,0.7487502554351168,1.0,40000.0
random_seeqst,1,8,haar_random,10,100,,50000,0.2224715220046934,2145.7999535923145,0.7385102554351168,1.0,50000.0
derandomized_seeqst,1,9,haar_random,10,100,96.0,10,0.9833201480852555,,1.042365007831108,0.11,0.11
derandomized_seeqst,1,9,haar_random,10,100,96.0,30,0.9937221543536736,0.0,1.055814036433456,0.29,0.32
derandomized_seeqst,1,9,haar_random,10,100,96.0,100,0.8363764915909218,1.30952380952381,1.055814036433456,0.67,1.07
derandomized_seeqst,1,9,haar_random,10,100,96.0,300,0.6523144061681732,0.9358024691358026,1.0676504723680047,0.92,3.28
derandomized_seeqst,1,9,haar_random,10,100,96.0,1000,0.3398039724494073,0.9912772217836157,1.029520312981588,1.0,10.81
derandomized_seeqst,1,9,haar_random,10,100,96.0,3000,0.17162399085817134,1.003128795844767,0.5629833561216597,1.0,32.56
derandomized_seeqst,1,9,haar_random,10,100,96.0,10000,0.10252141490078578,0.9974221139099032,0.28883678857150025,1.0,107.92
derandomized_seeqst,1,9,haar_random,10,100,96.0,20000,0.07274436643024298,0.9982033344614429,0.2502173986748513,1.0,215.79
derandomized_seeqst,1,9,haar_random,10,100,96.0,30000,0.052440040389364145,0.9992882544944852,0.15742780056610425,1.0,323.51
derandomized_seeqst,1,9,haar_random,10,100,96.0,40000,0.043893646895835615,0.999047377925573,0.15869381188573486,1.0,432.18
derandomized_seeqst,1,9,haar_random,10,100,96.0,50000,0.04092055740049406,0.9990103303740138,0.15650058970890335,1.0,539.92
random_seeqst,1,9,haar_random,10,100,,10,0.03177379173641675,0.0,0.0676504723680047,1.0,10.0
random_seeqst,1,9,haar_random,10,100,,30,0.03177379173641675,0.0,0.0676504723680047,1.0,30.0
random_seeqst,1,9,haar_random,10,100,,100,3.549248879830213,2105.625341414141,20.523211158640105,1.0,100.0
random_seeqst,1,9,haar_random,10,100,,300,2.731473524683927,2517.5175848383437,13.637190997231398,1.0,300.0
random_seeqst,1,9,haar_random,10,100,,1000,1.372005034956478,2307.287050250273,4.114673856374617,1.0,1000.0
random_seeqst,1,9,haar_random,10,100,,3000,0.8367152729973903,1943.3049106323963,2.7467047123169857,1.0,3000.0
random_seeqst,1,9,haar_random,10,100,,10000,0.42471299674824897,1967.1394822809848,1.3849596114971505,1.0,10000.0
random_seeqst,1,9,haar_random,10,100,,20000,0.3434486823270579,2118.1082100250756,1.2825596114971505,1.0,20000.0
random_seeqst,1,9,haar_random,10,100,,30000,0.2978600639760797,2116.7060310155084,0.9753596114971506,1.0,30000.0
random_seeqst,1,9,haar_random,10,100,,40000,0.2464581495566879,2113.9193591395983,0.8729596114971505,1.0,40000.0
random_seeqst,1,9,haar_random,10,100,,50000,0.2265358925491816,2114.755728522767,0.7295996114971506,1.0,50000.0
derandomized_seeqst,1,0,ghz,10,100,98.0,10,0.9486832980505138,1.0,1.0,0.1,0.12
derandomized_seeqst,1,0,ghz,10,100,98.0,30,0.938083151964686,0.8571428571428571,1.0,0.25,0.32
derandomized_seeqst,1,0,ghz,10,100,98.0,100,0.8506023192747334,1.1666666666666667,1.0,0.64,1.07
derandomized_seeqst,1,0,ghz,10,100,98.0,300,0.6904686504732245,0.9586497890295357,1.0,0.98,3.14
derandomized_seeqst,1,0,ghz,10,100,98.0,1000,0.3166492321346761,1.0150940040351804,0.7142857142857143,1.0,10.43
derandomized_seeqst,1,0,ghz,10,100,98.0,3000,0.18230659853364006,1.000954709675403,0.5454545454545454,1.0,31.26
derandomized_seeqst,1,0,ghz,10,100,98.0,10000,0.09330041644200383,1.0012276195078305,0.2549019607843137,1.0,104.21
derandomized_seeqst,1,0,ghz,10,100,98.0,20000,0.07186030859689656,0.9997610590377464,0.17894736842105263,1.0,208.18
derandomized_seeqst,1,0,ghz,10,100,98.0,30000,0.062335355753325675,0.9993898905455859,0.16151202749140894,1.0,312.03
derandomized_seeqst,1,0,ghz,10,100,98.0,40000,0.05363044555546391,0.9995793314503697,0.14285714285714285,1.0,416.13
derandomized_seeqst,1,0,ghz,10,100,98.0,50000,0.04922092113035583,0.9995406883342153,0.14722753346080306,1.0,520.3
random_seeqst,1,0,ghz,10,100,,10,0.0,0.0,0.0,1.0,10.0
random_seeqst,1,0,ghz,10,100,,30,9.654364585800328,2796.2026666666648,68.26666666666667,1.0,30.0
random_seeqst,1,0,ghz,10,100,,100,5.792618751480198,3355.4431999999983,20.48,1.0,100.0
random_seeqst,1,0,ghz,10,100,,300,2.9756750121237667,2375.837081828303,13.653333333333334,1.0,300.0
random_seeqst,1,0,ghz,10,100,,1000,1.5049664979659845,1677.1338096496586,6.144,1.0,1000.0
random_seeqst,1,0,ghz,10,100,,3000,0.8276893459102475,1803.4668059486119,2.7306666666666666,1.0,3000.0
random_seeqst,1,0,ghz,10,100,,10000,0.4126605655984104,1845.5080220597492,1.2288,1.0,10000.0
random_seeqst,1,0,ghz,10,100,,20000,0.280059787902512,1870.6746842495559,1.024,1.0,20000.0
random_seeqst,1,0,ghz,10,100,,30000,0.22528000000000004,1964.3471004920118,0.6826666666666666,1.0,30000.0
random_seeqst,1,0,ghz,10,100,,40000,0.1998768260704577,2002.7902790116461,0.7168,1.0,40000.0
random_seeqst,1,0,ghz,10,100,,50000,0.16552097670083996,1992.3068489440054,0.36864,1.0,50000.0
derandomized_seeqst,1,1,ghz,10,100,96.0,10,0.9486832980505138,2.0,1.0,0.1,0.11
derandomized_seeqst,1,1,ghz,10,100,96.0,30,0.9622504486493763,0.5714285714285714,1.0,0.27,0.34
derandomized_seeqst,1,1,ghz,10,100,96.0,100,0.8382666474471129,1.0606060606060606,1.0,0.64,1.11
derandomized_seeqst,1,1,ghz,10,100,96.0,300,0.6695472486591232,0.9485155122655122,1.0,0.95,3.33
derandomized_seeqst,1,1,ghz,10,100,96.0,1000,0.2903177623845385,1.0250333000332998,0.7142857142857143,1.0,10.96
derandomized_seeqst,1,1,ghz,10,100,96.0,3000,0.1664640531589996,1.0057818159922485,0.3888888888888889,1.0,32.47
derandomized_seeqst,1,1,ghz,10,100,96.0,10000,0.09228878440590492,1.0011675542986054,0.2553191489361702,1.0,107.73
derandomized_seeqst,1,1,ghz,10,100,96.0,20000,0.07076408079562964,0.9998192339133635,0.2111111111111111,1.0,215.96
derandomized_seeqst,1,1,ghz,10,100,96.0,30000,0.058396093036963595,0.999799069190824,0.14556962025316456,1.0,323.91
derandomized_seeqst,1,1,ghz,10,100,96.0,40000,0.04913133008049316,0.9999892116105742,0.13110539845758354,1.0,431.43
derandomized_seeqst,1,1,ghz,10,100,96.0,50000,0.04357445928340792,1.000024431624643,0.14587737843551796,1.0,539.62
random_seeqst,1,1,ghz,10,100,,10,0.0,0.0,0.0,1.0,10.0
random_seeqst,1,1,ghz,10,100,,30,9.654364585800328,2796.2026666666648,68.26666666666667,1.0,30.0
random_seeqst,1,1,ghz,10,100,,100,3.547240053901061,1258.291199999999,20.48,1.0,100.0
random_seeqst,1,1,ghz,10,100,,300,3.0529781452797136,2796.2026666666557,13.653333333333334,1.0,300.0
random_seeqst,1,1,ghz,10,100,,1000,1.278975590071992,2055.6288102502585,6.144,1.0,1000.0
random_seeqst,1,1,ghz,10,100,,3000,0.8019517524972017,2013.2938913504115,2.7306666666666666,1.0,3000.0
random_seeqst,1,1,ghz,10,100,,10000,0.4156985985061773,2122.357254400622,1.2288,1.0,10000.0
random_seeqst,1,1,ghz,10,100,,20000,0.31411940659564475,2145.395094753411,0.8192,1.0,20000.0
random_seeqst,1,1,ghz,10,100,,30000,0.24404736589440992,2094.3660504188088,0.6826666666666666,1.0,30000.0
random_seeqst,1,1,ghz,10,100,,40000,0.21461290921097917,2104.4985857642423,0.5632,1.0,40000.0
random_seeqst,1,1,ghz,10,100,,50000,0.21101358075725837,2120.637988429232,0.49152,1.0,50000.0
derandomized_seeqst,1,2,ghz,10,100,99.0,10,1.0,,1.0,0.1,0.1
derandomized_seeqst,1,2,ghz,10,100,99.0,30,0.9591663046625439,0.8,1.0,0.25,0.3
derandomized_seeqst,1,2,ghz,10,100,99.0,100,0.9078025453773507,0.717948717948718,1.0,0.59,1.0
derandomized_seeqst,1,2,ghz,10,100,99.0,300,0.6502315713525225,1.013565891472868,1.0,0.97,3.02
derandomized_seeqst,1,2,ghz,10,100,99.0,1000,0.37565622050317854,0.9710374561873418,1.0,1.0,10.23
derandomized_seeqst,1,2,ghz,10,100,99.0,3000,0.16752528241538228,1.0061970970217997,0.6521739130434783,1.0,30.69
derandomized_seeqst,1,2,ghz,10,100,99.0,10000,0.09572760617427489,1.0008325109384966,0.2871287128712871,1.0,102.1
derandomized_seeqst,1,2,ghz,10,100,99.0,20000,0.06457628514789289,1.000810259122749,0.16417910447761194,1.0,204.22
derandomized_seeqst,1,2,ghz,10,100,99.0,30000,0.05640603834684066,1.0001319106038793,0.15942028985507245,1.0,306.45
derandomized_seeqst,1,2,ghz,10,100,99.0,40000,0.052340847925182704,0.9997427650979889,0.13043478260869565,1.0,408.66
derandomized_seeqst,1,2,ghz,10,100,99.0,50000,0.04975676467505929,0.9995081094446177,0.13263157894736843,1.0,510.7
random_seeqst,1,2,ghz,10,100,,10,0.0,0.0,0.0,1.0,10.0
random_seeqst,1,2,ghz,10,100,,30,11.824133513003535,4194.303999999998,68.26666666666667,1.0,30.0
random_seeqst,1,2,ghz,10,100,,100,4.57946721791957,2097.151999999998,20.48,1.0,100.0
random_seeqst,1,2,ghz,10,100,,300,2.554304776037678,2237.897318171671,6.826666666666667,1.0,300.0
random_seeqst,1,2,ghz,10,100,,1000,1.5995391336256826,2306.6152898498763,4.096,1.0,1000.0
random_seeqst,1,2,ghz,10,100,,3000,0.9939776702164335,2264.6910654128733,2.7306666666666666,1.0,3000.0
random_seeqst,1,2,ghz,10,100,,10000,0.5049887951232186,2189.3906133781798,1.4336,1.0,10000.0
random_seeqst,1,2,ghz,10,100,,20000,0.3408551316908695,2118.1132434415804,1.1264,1.0,20000.0
random_seeqst,1,2,ghz,10,100,,30000,0.28113934038321836,2161.457670594046,0.6826666666666666,1.0,30000.0
random_seeqst,1,2,ghz,10,100,,40000,0.23900037154782838,2108.681931870813,0.6656,1.0,40000.0
random_seeqst,1,2,ghz,10,100,,50000,0.21377824113786698,2110.5702830697956,0.6144,1.0,50000.0
derandomized_seeqst,1,3,ghz,10,100,98.0,10,1.0,,1.0,0.1,0.1
derandomized_seeqst,1,3,ghz,10,100,98.0,30,0.9468641529479986,2.0,1.0,0.29,0.32
derandomized_seeqst,1,3,ghz,10,100,98.0,100,0.8746881530461957,1.1111111111111112,1.0,0.7,1.04
derandomized_seeqst,1,3,ghz,10,100,98.0,300,0.6228659712495053,0.9913857677902622,1.0,0.98,3.1
derandomized_seeqst,1,3,ghz,10,100,98.0,1000,0.3105240364397307,1.0161363329764863,0.8,1.0,10.4
derandomized_seeqst,1,3,ghz,10,100,98.0,3000,0.16906704253647303,1.0052150552179955,0.4666666666666667,1.0,31.06
derandomized_seeqst,1,3,ghz,10,100,98.0,10000,0.10366911729316136,0.9990894656328095,0.30357142857142855,1.0,103.44
derandomized_seeqst,1,3,ghz,10,100,98.0,20000,0.08296093642229121,0.998025047043818,0.18781725888324874,1.0,207.65
derandomized_seeqst,1,3,ghz,10,100,98.0,30000,0.07074208017644887,0.9982650183589957,0.2,1.0,311.64
derandomized_seeqst,1,3,ghz,10,100,98.0,40000,0.05712573928156266,0.9991882374182793,0.17073170731707318,1.0,415.62
derandomized_seeqst,1,3,ghz,10,100,98.0,50000,0.051647959199336804,0.9992937069573321,0.12951167728237792,1.0,519.76
random_seeqst,1,3,ghz,10,100,,10,0.0,0.0,0.0,1.0,10.0
random_seeqst,1,3,ghz,10,100,,30,0.0,0.0,0.0,1.0,30.0
random_seeqst,1,3,ghz,10,100,,100,0.0,0.0,0.0,1.0,100.0
random_seeqst,1,3,ghz,10,100,,300,2.158781549341614,1117.545881828313,13.653333333333334,1.0,300.0
random_seeqst,1,3,ghz,10,100,,1000,1.2952689296049682,1593.7515499499577,4.096,1.0,1000.0
random_seeqst,1,3,ghz,10,100,,3000,0.796119298709545,1985.3318646837433,2.048,1.0,3000.0
random_seeqst,1,3,ghz,10,100,,10000,0.4085747167899649,1988.1319758983318,1.4336,1.0,10000.0
random_seeqst,1,3,ghz,10,100,,20000,0.2691776394873839,1977.640761436763,0.8192,1.0,20000.0
random_seeqst,1,3,ghz,10,100,,30000,0.19619987269222283,1996.5167601692096,0.6144,1.0,30000.0
random_seeqst,1,3,ghz,10,100,,40000,0.17468131439853546,2011.188534152011,0.4096,1.0,40000.0
random_seeqst,1,3,ghz,10,100,,50000,0.1694774138108084,2003.2109320256634,0.4096,1.0,50000.0
derandomized_seeqst,1,4,ghz,10,100,96.0,10,1.0,,1.0,0.11,0.11
derandomized_seeqst,1,4,ghz,10,100,96.0,30,0.9636241116594315,0.8,1.0,0.28,0.33
derandomized_seeqst,1,4,ghz,10,100,96.0,100,0.8432740427115678,0.9909909909909911,1.0,0.65,1.12
derandomized_seeqst,1,4,ghz,10,100,96.0,300,0.6348498569615653,1.0394889663182347,1.0,0.97,3.26
derandomized_seeqst,1,4,ghz,10,100,96.0,1000,0.3965815688460949,0.9390910746796464,1.0,1.0,10.88
derandomized_seeqst,1,4,ghz,10,100,96.0,3000,0.1613247996419971,1.0075408146674976,0.5,1.0,32.47
derandomized_seeqst,1,4,ghz,10,100,96.0,10000,0.10184615418546127,0.9993058589152646,0.3191489361702128,1.0,107.66
derandomized_seeqst,1,4,ghz,10,100,96.0,20000,0.06842885404826889,1.0001388153428368,0.17412935323383086,1.0,215.58
derandomized_seeqst,1,4,ghz,10,100,96.0,30000,0.05725712067728352,0.9999312528421013,0.1513157894736842,1.0,323.47
derandomized_seeqst,1,4,ghz,10,100,96.0,40000,0.051524063141092764,0.9997489786987976,0.14066496163682865,1.0,431.57
derandomized_seeqst,1,4,ghz,10,100,96.0,50000,0.04881559008522767,0.9995405080552662,0.13827655310621242,1.0,540.18
random_seeqst,1,4,ghz,10,100,,10,0.0,0.0,0.0,1.0,10.0
random_seeqst,1,4,ghz,10,100,,30,11.824133513003535,4194.303999999997,68.26666666666667,1.0,30.0
random_seeqst,1,4,ghz,10,100,,100,4.57946721791957,2097.1519999999987,20.48,1.0,100.0
random_seeqst,1,4,ghz,10,100,,300,2.975675012123767,2375.837081828308,13.653333333333334,1.0,300.0
random_seeqst,1,4,ghz,10,100,,1000,1.6125968125976187,2096.6481796997127,6.144,1.0,1000.0
random_seeqst,1,4,ghz,10,100,,3000,0.8769012107035395,2278.8958495498136,2.7306666666666666,1.0,3000.0
random_seeqst,1,4,ghz,10,100,,10000,0.469255751163478,2143.2834713871284,1.4336,1.0,10000.0
random_seeqst,1,4,ghz,10,100,,20000,0.33054745377933253,2097.1475957608304,1.024,1.0,20000.0
random_seeqst,1,4,ghz,10,100,,30000,0.25887382495038863,2030.0437884693563,0.7509333333333333,1.0,30000.0
random_seeqst,1,4,ghz,10,100,,40000,0.22164337481639282,2000.6838993121432,0.7168,1.0,40000.0
random_seeqst,1,4,ghz,10,100,,50000,0.20261749073562235,2037.5925812046344,0.6144,1.0,50000.0
derandomized_seeqst,1,5,ghz,10,100,99.0,10,1.0,,1.0,0.1,0.1
derandomized_seeqst,1,5,ghz,10,100,99.0,30,0.938083151964686,1.7777777777777777,1.0,0.25,0.3
derandomized_seeqst,1,5,ghz,10,100,99.0,100,0.8529938840977958,1.111111111111111,1.0,0.62,1.02
derandomized_seeqst,1,5,ghz,10,100,99.0,300,0.6698164492346794,0.9558167570825797,1.0,0.95,3.07
derandomized_seeqst,1,5,ghz,10,100,99.0,1000,0.3039599526869701,1.0220254296786804,0.75,1.0,10.25
derandomized_seeqst,1,5,ghz,10,100,99.0,3000,0.19513852932777132,0.9958700997413257,0.4838709677419355,1.0,30.58
derandomized_seeqst,1,5,ghz,10,100,99.0,10000,0.1096710461084565,0.9979565138802754,0.26126126126126126,1.0,101.78
derandomized_seeqst,1,5,ghz,10,100,99.0,20000,0.07831165239022328,0.9988352320170658,0.27722772277227725,1.0,203.62
derandomized_seeqst,1,5,ghz,10,100,99.0,30000,0.06530032878140332,0.9990454132152862,0.1901840490797546,1.0,305.59
derandomized_seeqst,1,5,ghz,10,100,99.0,40000,0.05874071210481523,0.9990281722107782,0.15011547344110854,1.0,407.64
derandomized_seeqst,1,5,ghz,10,100,99.0,50000,0.0482057662645073,0.9996595084353853,0.11359404096834265,1.0,509.47
random_seeqst,1,5,ghz,10,100,,10,0.0,0.0,0.0,1.0,10.0
random_seeqst,1,5,ghz,10,100,,30,6.826666666666667,1398.1013333333333,68.26666666666667,1.0,30.0
random_seeqst,1,5,ghz,10,100,,100,5.418498685060282,2936.012799999999,20.48,1.0,100.0
random_seeqst,1,5,ghz,10,100,,300,2.896309375740099,3358.248754515038,6.826666666666667,1.0,300.0
random_seeqst,1,5,ghz,10,100,,1000,1.5995391336256826,2558.525440000019,6.144,1.0,1000.0
random_seeqst,1,5,ghz,10,100,,3000,0.89270250363713,2278.867878199359,2.048,1.0,3000.0
random_seeqst,1,5,ghz,10,100,,10000,0.49066592463712005,2004.8370426546542,1.4336,1.0,10000.0
random_seeqst,1,5,ghz,10,100,,20000,0.34543877720950783,2067.7759328481557,0.9216,1.0,20000.0
random_seeqst,1,5,ghz,10,100,,30000,0.28163619969346587,2083.161106421609,0.6826666666666666,1.0,30000.0
random_seeqst,1,5,ghz,10,100,,40000,0.2420520274651712,2110.777668257864,0.6144,1.0,40000.0
random_seeqst,1,5,ghz,10,100,,50000,0.20784929925308868,2101.3451295719,0.53248,1.0,50000.0
derandomized_seeqst,1,6,ghz,10,100,97.0,10,1.0,,1.0,0.1,0.1
derandomized_seeqst,1,6,ghz,10,100,97.0,30,0.9805806756909202,0.3333333333333333,1.0,0.26,0.32
derandomized_seeqst,1,6,ghz,10,100,97.0,100,0.82830276474576,1.1833333333333333,1.0,0.65,1.06
derandomized_seeqst,1,6,ghz,10,100,97.0,300,0.6484203930423277,0.9620937263794406,1.0,0.95,3.16
derandomized_seeqst,1,6,ghz,10,100,97.0,1000,0.3015539211343182,1.0337194442729911,0.7142857142857143,1.0,10.68
derandomized_seeqst,1,6,ghz,10,100,97.0,3000,0.16729492221896808,1.0058910661303784,0.46153846153846156,1.0,31.94
derandomized_seeqst,1,6,ghz,10,100,97.0,10000,0.08495384296142158,1.0026483903380585,0.23076923076923078,1.0,106.31
derandomized_seeqst,1,6,ghz,10,100,97.0,20000,0.06705841553780889,1.0003876960816167,0.1724137931034483,1.0,212.45
derandomized_seeqst,1,6,ghz,10,100,97.0,30000,0.05863473541266125,0.9998086550759928,0.14098360655737704,1.0,318.31
derandomized_seeqst,1,6,ghz,10,100,97.0,40000,0.04892604849358456,1.00004089055575,0.15601023017902813,1.0,424.76
derandomized_seeqst,1,6,ghz,10,100,97.0,50000,0.04671140479517784,0.9997635972486388,0.16015625,1.0,530.74
random_seeqst,1,6,ghz,10,100,,10,20.48003906246275,4194.32888888889,204.8,1.0,10.0
random_seeqst,1,6,ghz,10,100,,30,9.654366887579942,2796.2233103448257,68.26666666666667,1.0,30.0
random_seeqst,1,6,ghz,10,100,,100,5.418500161483803,2936.035410101008,20.48,1.0,100.0
random_seeqst,1,6,ghz,10,100,,300,2.814708036961087,2376.792861538447,6.826666666666667,1.0,300.0
random_seeqst,1,6,ghz,10,100,,1000,1.4336080356917646,2475.0793673673984,4.096,1.0,1000.0
random_seeqst,1,6,ghz,10,100,,3000,0.903084908029755,2334.812135027201,2.048,1.0,3000.0
random_seeqst,1,6,ghz,10,100,,10000,0.39659386228231014,2059.4719124996673,1.2288,1.0,10000.0
random_seeqst,1,6,ghz,10,100,,20000,0.34966270890674056,2046.8204330118251,1.024,1.0,20000.0
random_seeqst,1,6,ghz,10,100,,30000,0.28451853257349996,2053.8183524832316,0.8874666666666666,1.0,30000.0
random_seeqst,1,6,ghz,10,100,,40000,0.24431599993655756,2070.9497164353766,0.7168,1.0,40000.0
random_seeqst,1,6,ghz,10,100,,50000,0.2103776177068274,2070.3256253711734,0.49152,1.0,50000.0
derandomized_seeqst,1,7,ghz,10,100,99.0,10,0.9428090415820634,2.0,1.0,0.09,0.1
derandomized_seeqst,1,7,ghz,10,100,99.0,30,0.9649012813540153,2.0,1.0,0.29,0.31
derandomized_seeqst,1,7,ghz,10,100,99.0,100,0.853245963269165,1.0044444444444443,1.0,0.62,1.05
derandomized_seeqst,1,7,ghz,10,100,99.0,300,0.6755560497223398,1.0934577434577435,1.0,0.98,3.06
derandomized_seeqst,1,7,ghz,10,100,99.0,1000,0.3351835341884108,0.9967818717230483,1.0,1.0,10.17
derandomized_seeqst,1,7,ghz,10,100,99.0,3000,0.17895659378734716,1.0021784710835795,0.5555555555555556,1.0,30.41
derandomized_seeqst,1,7,ghz,10,100,99.0,10000,0.1063392728848951,0.9986502670485945,0.2815533980582524,1.0,101.74
derandomized_seeqst,1,7,ghz,10,100,99.0,20000,0.06753566157038442,1.0004110740383765,0.18,1.0,203.93
derandomized_seeqst,1,7,ghz,10,100,99.0,30000,0.055627838971708865,1.0002160599224046,0.13815789473684212,1.0,305.96
derandomized_seeqst,1,7,ghz,10,100,99.0,40000,0.044429516471028364,1.0005075035906454,0.13875598086124402,1.0,408.11
derandomized_seeqst,1,7,ghz,10,100,99.0,50000,0.039443942008687324,1.0004288703449629,0.11328125,1.0,510.23
random_seeqst,1,7,ghz,10,100,,10,28.96309375740099,8388.608000000002,204.8,1.0,10.0
random_seeqst,1,7,ghz,10,100,,30,9.654364585800328,2796.202666666663,68.26666666666667,1.0,30.0
random_seeqst,1,7,ghz,10,100,,100,4.096,1677.721599999999,20.48,1.0,100.0
random_seeqst,1,7,ghz,10,100,,300,2.554304776037678,1957.3418666666569,6.826666666666667,1.0,300.0
random_seeqst,1,7,ghz,10,100,,1000,1.3429634097770495,1803.5507200000238,4.096,1.0,1000.0
random_seeqst,1,7,ghz,10,100,,3000,0.8163506000623887,1831.4568039657365,2.048,1.0,3000.0
random_seeqst,1,7,ghz,10,100,,10000,0.4197151033737051,1971.3438536173685,1.024,1.0,10000.0
random_seeqst,1,7,ghz,10,100,,20000,0.30428483498196224,1994.3986826735052,0.7168,1.0,20000.0
random_seeqst,1,7,ghz,10,100,,30000,0.24048865216933257,1958.7474247893683,0.6826666666666666,1.0,30000.0
random_seeqst,1,7,ghz,10,100,,40000,0.18432,1956.6577585817113,0.4608,1.0,40000.0
random_seeqst,1,7,ghz,10,100,,50000,0.16932885797760525,1967.139246523431,0.53248,1.0,50000.0
derandomized_seeqst,1,8,ghz,10,100,94.0,10,1.0,,1.0,0.11,0.11
derandomized_seeqst,1,8,ghz,10,100,94.0,30,0.9636241116594315,0.8,1.0,0.28,0.33
derandomized_seeqst,1,8,ghz,10,100,94.0,100,0.8973981184984605,0.7928571428571429,1.0,0.67,1.12
derandomized_seeqst,1,8,ghz,10,100,94.0,300,0.6266981650140131,1.0354374307862682,1.0,0.98,3.36
derandomized_seeqst,1,8,ghz,10,100,94.0,1000,0.34106364008250345,0.9854518521651245,1.0,1.0,11.22
derandomized_seeqst,1,8,ghz,10,100,94.0,3000,0.19059210089690898,0.9959896308325411,0.5789473684210527,1.0,33.6
derandomized_seeqst,1,8,ghz,10,100,94.0,10000,0.0968158642540201,1.0001609383743633,0.2553191489361702,1.0,112.51
derandomized_seeqst,1,8,ghz,10,100,94.0,20000,0.06324199261692338,1.0007339177960128,0.17714285714285713,1.0,224.65
derandomized_seeqst,1,8,ghz,10,100,94.0,30000,0.05149747293962091,1.0004983996982888,0.13513513513513514,1.0,336.67
derandomized_seeqst,1,8,ghz,10,100,94.0,40000,0.042467170849494244,1.000556336854536,0.11578947368421053,1.0,448.65
derandomized_seeqst,1,8,ghz,10,100,94.0,50000,0.03607890668602363,1.0005851013000875,0.08487084870848709,1.0,560.78
random_seeqst,1,8,ghz,10,100,,10,28.96309375740099,8388.608000000002,204.8,1.0,10.0
random_seeqst,1,8,ghz,10,100,,30,9.654364585800328,2796.202666666664,68.26666666666667,1.0,30.0
random_seeqst,1,8,ghz,10,100,,100,4.096,1677.7215999999985,20.48,1.0,100.0
random_seeqst,1,8,ghz,10,100,,300,2.554304776037678,1676.7864151616423,13.653333333333334,1.0,300.0
random_seeqst,1,8,ghz,10,100,,1000,1.4481546878700493,1929.2118998999147,4.096,1.0,1000.0
random_seeqst,1,8,ghz,10,100,,3000,0.8192,2069.208620900262,2.048,1.0,3000.0
random_seeqst,1,8,ghz,10,100,,10000,0.4281250807883135,2109.762597174889,1.024,1.0,10000.0
random_seeqst,1,8,ghz,10,100,,20000,0.3416233434646994,2074.0703250077677,0.8192,1.0,20000.0
random_seeqst,1,8,ghz,10,100,,30000,0.2896309375740099,2041.2121009904022,0.8192,1.0,30000.0
random_seeqst,1,8,ghz,10,100,,40000,0.2346837327127724,2016.4069817203238,0.7168,1.0,40000.0
random_seeqst,1,8,ghz,10,100,,50000,0.20651315471901546,1996.4859860373645,0.53248,1.0,50000.0
derandomized_seeqst,1,9,ghz,10,100,95.0,10,1.0,,1.0,0.11,0.11
derandomized_seeqst,1,9,ghz,10,100,95.0,30,0.985073789302289,0.6666666666666667,1.0,0.3,0.33
derandomized_seeqst,1,9,ghz,10,100,95.0,100,0.8899754967092925,0.9051282051282052,1.0,0.67,1.1
derandomized_seeqst,1,9,ghz,10,100,95.0,300,0.6090170306880315,1.0859788359788358,1.0,0.97,3.29
derandomized_seeqst,1,9,ghz,10,100,95.0,1000,0.32564139428004474,1.00346382650717,1.0,1.0,11.01
derandomized_seeqst,1,9,ghz,10,100,95.0,3000,0.150384987619596,1.0104376988528683,0.38461538461538464,1.0,32.91
derandomized_seeqst,1,9,ghz,10,100,95.0,10000,0.08678372880976433,1.0020657822588948,0.23255813953488372,1.0,109.78
derandomized_seeqst,1,9,ghz,10,100,95.0,20000,0.05961538175718101,1.0012264849393713,0.18867924528301888,1.0,219.52
derandomized_seeqst,1,9,ghz,10,100,95.0,30000,0.054702175379830235,1.0001840825822712,0.1737704918032787,1.0,329.56
derandomized_seeqst,1,9,ghz,10,100,95.0,40000,0.049067158902145816,0.9999724843643346,0.1388235294117647,1.0,439.63
derandomized_seeqst,1,9,ghz,10,100,95.0,50000,0.03997191041243597,1.0003061785277638,0.10056925996204934,1.0,549.73
random_seeqst,1,9,ghz,10,100,,10,0.0,0.0,0.0,1.0,10.0
random_seeqst,1,9,ghz,10,100,,30,0.0,0.0,0.0,1.0,30.0
random_seeqst,1,9,ghz,10,100,,100,3.547240053901061,1258.291199999999,20.48,1.0,100.0
random_seeqst,1,9,ghz,10,100,,300,2.048,1258.2911999999933,6.826666666666667,1.0,300.0
random_seeqst,1,9,ghz,10,100,,1000,1.47683380243005,1845.15787979981,4.096,1.0,1000.0
random_seeqst,1,9,ghz,10,100,,3000,0.796119298709545,1985.3318646837383,2.048,1.0,3000.0
random_seeqst,1,9,ghz,10,100,,10000,0.4281250807883135,2084.594256340839,1.4336,1.0,10000.0
random_seeqst,1,9,ghz,10,100,,20000,0.3058316190324342,2030.051105576313,1.2288,1.0,20000.0
random_seeqst,1,9,ghz,10,100,,30000,0.25221738771676044,2003.4823798025284,0.6826666666666666,1.0,30000.0
random_seeqst,1,9,ghz,10,100,,40000,0.21461290921097917,1999.638364258524,0.5632,1.0,40000.0
random_seeqst,1,9,ghz,10,100,,50000,0.18725485691965377,2023.337651972257,0.49152,1.0,50000.0
derandomized_seeqst,1,0,random_stabilizer,10,100,96.0,10,1.0,,1.0,0.1,0.1
derandomized_seeqst,1,0,random_stabilizer,10,100,96.0,30,0.9649012813540153,0.8,1.0,0.29,0.34
derandomized_seeqst,1,0,random_stabilizer,10,100,96.0,100,0.8459975210102897,1.03125,1.0,0.64,1.08
derandomized_seeqst,1,0,random_stabilizer,10,100,96.0,300,0.6354839087897347,1.0154761904761904,1.0,0.94,3.24
derandomized_seeqst,1,0,random_stabilizer,10,100,96.0,1000,0.3432594175580276,0.9862676739437406,1.0,1.0,10.78
derandomized_seeqst,1,0,random_stabilizer,10,100,96.0,3000,0.18446370731902048,0.9992323335623163,0.5555555555555556,1.0,32.35
derandomized_seeqst,1,0,random_stabilizer,10,100,96.0,10000,0.08793565970589622,1.0019686346191283,0.2413793103448276,1.0,108.04
derandomized_seeqst,1,0,random_stabilizer,10,100,96.0,20000,0.06951141457282606,0.9999928265588589,0.17766497461928935,1.0,216.18
derandomized_seeqst,1,0,random_stabilizer,10,100,96.0,30000,0.058468021328235475,0.9997890795606537,0.15315315315315314,1.0,323.95
derandomized_seeqst,1,0,random_stabilizer,10,100,96.0,40000,0.05247751756870695,0.9996494572668317,0.13966480446927373,1.0,431.63
derandomized_seeqst,1,0,random_stabilizer,10,100,96.0,50000,0.04664104964293391,0.9997463199361634,0.11447084233261338,1.0,539.36
random_seeqst,1,0,random_stabilizer,10,100,,10,5.13138124274734e-19,0.0,2.6020852139652106e-18,1.0,10.0
random_seeqst,1,0,random_stabilizer,10,100,,30,6.826666666666667,1398.1013333333321,68.26666666666667,1.0,30.0
random_seeqst,1,0,random_stabilizer,10,100,,100,5.016554993219949,2516.582399999999,20.48,1.0,100.0
random_seeqst,1,0,random_stabilizer,10,100,,300,2.4613896707167506,1536.9762818283093,13.653333333333334,1.0,300.0
random_seeqst,1,0,random_stabilizer,10,100,,1000,1.3272556950339298,1845.577730050059,6.144,1.0,1000.0
random_seeqst,1,0,random_stabilizer,10,100,,3000,0.7843242866739921,2013.3218627008655,2.048,1.0,3000.0
random_seeqst,1,0,random_stabilizer,10,100,,10000,0.40184661750473893,1891.6587891748798,1.024,1.0,10000.0
random_seeqst,1,0,random_stabilizer,10,100,,20000,0.2941216075027471,1994.4047647184668,0.9216,1.0,20000.0
random_seeqst,1,0,random_stabilizer,10,100,,30000,0.25147720303129756,2023.0568237774175,0.6144,1.0,30000.0
random_seeqst,1,0,random_stabilizer,10,100,,40000,0.2180062090858882,2020.608940516477,0.6144,1.0,40000.0
random_seeqst,1,0,random_stabilizer,10,100,,50000,0.19124416561035268,2019.9806316824574,0.53248,1.0,50000.0
derandomized_seeqst,1,1,random_stabilizer,10,100,100.0,10,0.9428090415820634,2.0,1.0,0.09,0.1
derandomized_seeqst,1,1,random_stabilizer,10,100,100.0,30,0.938083151964686,1.2,1.0,0.25,0.3
derandomized_seeqst,1,1,random_stabilizer,10,100,100.0,100,0.9160796242326713,0.9130434782608695,1.0,0.71,1.0
derandomized_seeqst,1,1,random_stabilizer,10,100,100.0,300,0.7011892896422003,0.8928473446991967,1.0,0.97,3.0
derandomized_seeqst,1,1,random_stabilizer,10,100,100.0,1000,0.3286140701586319,1.003412360429388,1.0,1.0,10.0
derandomized_seeqst,1,1,random_stabilizer,10,100,100.0,3000,0.1902847673407111,0.9981026116089329,0.5,1.0,30.0
derandomized_seeqst,1,1,random_stabilizer,10,100,100.0,10000,0.10307556250519664,0.999477717372587,0.2708333333333333,1.0,100.0
derandomized_seeqst,1,1,random_stabilizer,10,100,100.0,20000,0.07008450595169291,1.0001147655900713,0.2,1.0,200.0
derandomized_seeqst,1,1,random_stabilizer,10,100,100.0,30000,0.05035008499744579,1.0008111512585633,0.17684887459807075,1.0,300.0
derandomized_seeqst,1,1,random_stabilizer,10,100,100.0,40000,0.04305130877304841,1.0006548168319664,0.12980769230769232,1.0,400.0
derandomized_seeqst,1,1,random_stabilizer,10,100,100.0,50000,0.043964565817930665,1.0000722827566713,0.14821763602251406,1.0,500.0
random_seeqst,1,1,random_stabilizer,10,100,,10,20.48,4194.304000000001,204.8,1.0,10.0
random_seeqst,1,1,random_stabilizer,10,100,,30,11.824133513003535,4194.303999999998,68.26666666666667,1.0,30.0
random_seeqst,1,1,random_stabilizer,10,100,,100,4.096,1677.7215999999985,20.48,1.0,100.0
random_seeqst,1,1,random_stabilizer,10,100,,300,2.554304776037678,1957.3418666666548,6.826666666666667,1.0,300.0
random_seeqst,1,1,random_stabilizer,10,100,,1000,1.3113598438262473,1719.6646400000182,4.096,1.0,1000.0
random_seeqst,1,1,random_stabilizer,10,100,,3000,0.7571139588375496,1831.5500418005602,2.048,1.0,3000.0
random_seeqst,1,1,random_stabilizer,10,100,,10000,0.4116429054411117,1954.5716712855533,1.024,1.0,10000.0
random_seeqst,1,1,random_stabilizer,10,100,,20000,0.25783661183005024,2030.0781601899432,0.8192,1.0,20000.0
random_seeqst,1,1,random_stabilizer,10,100,,30000,0.22413933444276227,2013.282790985468,0.8192,1.0,30000.0
random_seeqst,1,1,random_stabilizer,10,100,,40000,0.18072947296996136,2021.6724066681406,0.512,1.0,40000.0
random_seeqst,1,1,random_stabilizer,10,100,,50000,0.15623971735765527,2040.964734845997,0.53248,1.0,50000.0
derandomized_seeqst,1,2,random_stabilizer,10,100,95.0,10,0.9574271077563381,1.0,1.0,0.12,0.14
derandomized_seeqst,1,2,random_stabilizer,10,100,95.0,30,0.983192080250175,0.5,1.0,0.3,0.34
derandomized_seeqst,1,2,random_stabilizer,10,100,95.0,100,0.8408102078088464,1.00625,1.0,0.64,1.14
derandomized_seeqst,1,2,random_stabilizer,10,100,95.0,300,0.5927716970301327,1.1506349206349207,1.0,0.97,3.38
derandomized_seeqst,1,2,random_stabilizer,10,100,95.0,1000,0.30597929294770776,1.0068928504498298,1.0,1.0,11.11
derandomized_seeqst,1,2,random_stabilizer,10,100,95.0,3000,0.19766157083464425,0.9831578062374606,0.5833333333333334,1.0,33.13
derandomized_seeqst,1,2,random_stabilizer,10,100,95.0,10000,0.09337368592067774,0.9907910488066364,0.3333333333333333,1.0,110.37
derandomized_seeqst,1,2,random_stabilizer,10,100,95.0,20000,0.06919807854829563,0.9899333137076897,0.15121951219512195,1.0,220.37
derandomized_seeqst,1,2,random_stabilizer,10,100,95.0,30000,0.06160435745275427,0.9893439952358193,0.1917808219178082,1.0,330.45
derandomized_seeqst,1,2,random_stabilizer,10,100,95.0,40000,0.053023612478785585,0.9895405137393988,0.12020460358056266,1.0,440.13
derandomized_seeqst,1,2,random_stabilizer,10,100,95.0,50000,0.04495729495999912,0.9898619549062055,0.11895910780669144,1.0,550.67
random_seeqst,1,2,random_stabilizer,10,100,,10,0.09999999999999984,0.0,0.9999999999999983,1.0,10.0
random_seeqst,1,2,random_stabilizer,10,100,,30,0.09999999999999984,0.0,0.9999999999999983,1.0,30.0
random_seeqst,1,2,random_stabilizer,10,100,,100,2.05043995279062,419.4303999999998,20.48,1.0,100.0
random_seeqst,1,2,random_stabilizer,10,100,,300,2.1610964295416757,1398.1013333333271,6.826666666666667,1.0,300.0
random_seeqst,1,2,random_stabilizer,10,100,,1000,1.6289243567458864,2096.5642096496667,6.144,1.0,1000.0
random_seeqst,1,2,random_stabilizer,10,100,,3000,0.839474841129196,1957.2859239657275,2.7306666666666666,1.0,3000.0
random_seeqst,1,2,random_stabilizer,10,100,,10000,0.4576309080470854,2000.6754574977056,1.024,1.0,10000.0
random_seeqst,1,2,random_stabilizer,10,100,,20000,0.31362746818478765,2021.646768149875,0.9216,1.0,20000.0
random_seeqst,1,2,random_stabilizer,10,100,,30000,0.2602217720842487,2080.3700302973175,0.7509333333333333,1.0,30000.0
random_seeqst,1,2,random_stabilizer,10,100,,40000,0.2214788983176501,2075.1242492039864,0.8704,1.0,40000.0
random_seeqst,1,2,random_stabilizer,10,100,,50000,0.20220303712852586,2080.366663665744,0.6144,1.0,50000.0
derandomized_seeqst,1,3,random_stabilizer,10,100,97.0,10,0.9486832980505138,2.0,1.0,0.1,0.11
derandomized_seeqst,1,3,random_stabilizer,10,100,97.0,30,0.938083151964686,1.0,1.0,0.25,0.31
derandomized_seeqst,1,3,random_stabilizer,10,100,97.0,100,0.8764003659349616,0.8333333333333333,1.0,0.63,1.09
derandomized_seeqst,1,3,random_stabilizer,10,100,97.0,300,0.6686028715360143,0.9700093370681606,1.0,0.98,3.23
derandomized_seeqst,1,3,random_stabilizer,10,100,97.0,1000,0.32483206130061415,1.0011729146670323,1.0,1.0,10.59
derandomized_seeqst,1,3,random_stabilizer,10,100,97.0,3000,0.19842285719271374,0.9938307046590407,0.6,1.0,31.99
derandomized_seeqst,1,3,random_stabilizer,10,100,97.0,10000,0.11407017680027878,0.9967221595977506,0.3465346534653465,1.0,106.2
derandomized_seeqst,1,3,random_stabilizer,10,100,97.0,20000,0.07638579173760156,0.9990281058137052,0.23404255319148937,1.0,211.9
derandomized_seeqst,1,3,random_stabilizer,10,100,97.0,30000,0.059360582378538626,0.9997170356424654,0.21052631578947367,1.0,317.9
derandomized_seeqst,1,3,random_stabilizer,10,100,97.0,40000,0.05083969928553383,0.9998459234782188,0.20884520884520885,1.0,424.06
derandomized_seeqst,1,3,random_stabilizer,10,100,97.0,50000,0.044696287128947604,0.9999463417135154,0.2,1.0,530.25
random_seeqst,1,3,random_stabilizer,10,100,,10,20.48,4194.304000000001,204.8,1.0,10.0
random_seeqst,1,3,random_stabilizer,10,100,,30,11.824133513003535,4194.303999999996,68.26666666666667,1.0,30.0
random_seeqst,1,3,random_stabilizer,10,100,,100,5.418498685060282,2088.678658585856,40.96,1.0,100.0
random_seeqst,1,3,random_stabilizer,10,100,,300,2.4613896707167506,1536.9762818283107,13.653333333333334,1.0,300.0
random_seeqst,1,3,random_stabilizer,10,100,,1000,1.3738401653758707,1887.4368000000093,4.096,1.0,1000.0
random_seeqst,1,3,random_stabilizer,10,100,,3000,0.8688928127220297,1873.325253697846,3.4133333333333336,1.0,3000.0
random_seeqst,1,3,random_stabilizer,10,100,,10000,0.4167063541632165,1996.5147112854875,1.024,1.0,10000.0
random_seeqst,1,3,random_stabilizer,10,100,,20000,0.3092412184686899,2013.2709534167202,0.8192,1.0,20000.0
random_seeqst,1,3,random_stabilizer,10,100,,30000,0.22152507036450753,2017.4783999235206,0.5461333333333334,1.0,30000.0
random_seeqst,1,3,random_stabilizer,10,100,,40000,0.20671108339902822,2078.286859699822,0.768,1.0,40000.0
random_seeqst,1,3,random_stabilizer,10,100,,50000,0.18491069792740494,2065.2824032823837,0.53248,1.0,50000.0
derandomized_seeqst,1,4,random_stabilizer,10,100,96.0,10,1.0,,1.0,0.1,0.1
derandomized_seeqst,1,4,random_stabilizer,10,100,96.0,30,0.940243570046875,0.5714285714285714,1.0,0.23,0.33
derandomized_seeqst,1,4,random_stabilizer,10,100,96.0,100,0.9351959705152573,0.5733333333333334,1.0,0.68,1.07
derandomized_seeqst,1,4,random_stabilizer,10,100,96.0,300,0.6369459981725444,1.0602912239275875,1.0,0.94,3.25
derandomized_seeqst,1,4,random_stabilizer,10,100,96.0,1000,0.31112725129915264,1.0171257756691192,0.8461538461538461,1.0,10.9
derandomized_seeqst,1,4,random_stabilizer,10,100,96.0,3000,0.2026175054965468,0.9916988362635907,0.6363636363636364,1.0,33.07
derandomized_seeqst,1,4,random_stabilizer,10,100,96.0,10000,0.10660955585699664,0.9983057314128299,0.25252525252525254,1.0,110.12
derandomized_seeqst,1,4,random_stabilizer,10,100,96.0,20000,0.07313609496974122,0.9994775249370059,0.18888888888888888,1.0,220.15
derandomized_seeqst,1,4,random_stabilizer,10,100,96.0,30000,0.06224696853852173,0.999334288679711,0.13898305084745763,1.0,330.08
derandomized_seeqst,1,4,random_stabilizer,10,100,96.0,40000,0.05175153274777724,0.9997270636952497,0.109375,1.0,440.44
derandomized_seeqst,1,4,random_stabilizer,10,100,96.0,50000,0.04592516929525867,0.9998148887778533,0.10020449897750511,1.0,550.64
random_seeqst,1,4,random_stabilizer,10,100,,10,2.7428386473255477e-19,0.0,2.6020852139652106e-18,1.0,10.0
random_seeqst,1,4,random_stabilizer,10,100,,30,6.826666666666667,1398.1013333333324,68.26666666666667,1.0,30.0
random_seeqst,1,4,random_stabilizer,10,100,,100,2.8963093757400986,1686.194941414141,20.48,1.0,100.0
random_seeqst,1,4,random_stabilizer,10,100,,300,2.81470677375499,2376.7722666666623,13.653333333333334,1.0,300.0
random_seeqst,1,4,random_stabilizer,10,100,,1000,1.3113598438262473,1887.6047401001142,4.096,1.0,1000.0
random_seeqst,1,4,random_stabilizer,10,100,,3000,0.9605971476118383,2404.6130841480062,2.7306666666666666,1.0,3000.0
random_seeqst,1,4,random_stabilizer,10,100,,10000,0.5426233876271829,2105.4567135305706,1.8432,1.0,10000.0
random_seeqst,1,4,random_stabilizer,10,100,,20000,0.3892547135231634,1956.589126224569,1.2288,1.0,20000.0
random_seeqst,1,4,random_stabilizer,10,100,,30000,0.30522148053139664,1955.9158023747825,1.024,1.0,30000.0
random_seeqst,1,4,random_stabilizer,10,100,,40000,0.2595592572034371,1994.3740403431814,0.8704,1.0,40000.0
random_seeqst,1,4,random_stabilizer,10,100,,50000,0.22216788578010097,2033.3898884288405,0.57344,1.0,50000.0
derandomized_seeqst,1,5,random_stabilizer,10,100,99.0,10,1.0,,1.0,0.11,0.11
derandomized_seeqst,1,5,random_stabilizer,10,100,99.0,30,0.9428090415820634,1.3333333333333335,1.0,0.26,0.31
derandomized_seeqst,1,5,random_stabilizer,10,100,99.0,100,0.8642695213621475,0.9888888888888889,1.0,0.64,1.02
derandomized_seeqst,1,5,random_stabilizer,10,100,99.0,300,0.6542129175270046,1.0272023809523811,1.0,0.97,3.08
derandomized_seeqst,1,5,random_stabilizer,10,100,99.0,1000,0.3158598545932794,1.0092627013509365,1.0,1.0,10.16
derandomized_seeqst,1,5,random_stabilizer,10,100,99.0,3000,0.19525779147702263,0.9955877174293377,0.5238095238095238,1.0,30.47
derandomized_seeqst,1,5,random_stabilizer,10,100,99.0,10000,0.09479806376969123,1.001019046360716,0.25274725274725274,1.0,101.64
derandomized_seeqst,1,5,random_stabilizer,10,100,99.0,20000,0.061525210510938684,1.0011972407239678,0.14832535885167464,1.0,203.7
derandomized_seeqst,1,5,random_stabilizer,10,100,99.0,30000,0.05080821578732219,1.000732101345709,0.11705685618729098,1.0,305.72
derandomized_seeqst,1,5,random_stabilizer,10,100,99.0,40000,0.04226666358793239,1.0006973760822846,0.09814323607427056,1.0,407.66
derandomized_seeqst,1,5,random_stabilizer,10,100,99.0,50000,0.04313191576257175,1.0001249894363973,0.09523809523809523,1.0,509.82
random_seeqst,1,5,random_stabilizer,10,100,,10,1.1572048930318044e-18,0.0,1.1275702593849246e-17,1.0,10.0
random_seeqst,1,5,random_stabilizer,10,100,,30,1.1572048930318044e-18,0.0,1.1275702593849246e-17,1.0,30.0
random_seeqst,1,5,random_stabilizer,10,100,,100,3.547240053901061,1258.2911999999994,20.48,1.0,100.0
random_seeqst,1,5,random_stabilizer,10,100,,300,2.554304776037678,1676.7864151616436,13.653333333333334,1.0,300.0
random_seeqst,1,5,random_stabilizer,10,100,,1000,1.5188374501571917,2222.8971499499607,4.096,1.0,1000.0
random_seeqst,1,5,random_stabilizer,10,100,,3000,0.8848371300226199,2180.9821372990527,2.7306666666666666,1.0,3000.0
random_seeqst,1,5,random_stabilizer,10,100,,10000,0.4207132382038863,2105.574165787775,1.2288,1.0,10000.0
random_seeqst,1,5,random_stabilizer,10,100,,20000,0.2932289753758997,2025.864141975354,0.7168,1.0,20000.0
random_seeqst,1,5,random_stabilizer,10,100,,30000,0.2335079270603035,2007.6859115787986,0.6144,1.0,30000.0
random_seeqst,1,5,random_stabilizer,10,100,,40000,0.20287091462306764,1973.4282110974711,0.5632,1.0,40000.0
random_seeqst,1,5,random_stabilizer,10,100,,50000,0.17426061218760827,2004.8870429804706,0.45056,1.0,50000.0
derandomized_seeqst,1,6,random_stabilizer,10,100,99.0,10,1.0,,1.0,0.1,0.1
derandomized_seeqst,1,6,random_stabilizer,10,100,99.0,30,1.0,,1.0,0.3,0.3
derandomized_seeqst,1,6,random_stabilizer,10,100,99.0,100,0.9164438231805327,0.761904761904762,1.0,0.68,1.02
derandomized_seeqst,1,6,random_stabilizer,10,100,99.0,300,0.6675595016948669,0.9467479674796748,1.0,0.96,3.08
derandomized_seeqst,1,6,random_stabilizer,10,100,99.0,1000,0.30610654684965066,1.0170857769681296,0.7142857142857143,1.0,10.18
derandomized_seeqst,1,6,random_stabilizer,10,100,99.0,3000,0.16778921939486058,1.0060638644256004,0.4074074074074074,1.0,30.56
derandomized_seeqst,1,6,random_stabilizer,10,100,99.0,10000,0.09110081294564758,1.0017211446074097,0.23232323232323232,1.0,101.98
derandomized_seeqst,1,6,random_stabilizer,10,100,99.0,20000,0.0624575244814262,1.0010787617011507,0.1650485436893204,1.0,203.78
derandomized_seeqst,1,6,random_stabilizer,10,100,99.0,30000,0.0551815163052235,1.0002672534382773,0.1510791366906475,1.0,305.66
derandomized_seeqst,1,6,random_stabilizer,10,100,99.0,40000,0.04824571313657552,1.0001538083575467,0.1092896174863388,1.0,407.4
derandomized_seeqst,1,6,random_stabilizer,10,100,99.0,50000,0.0419894187536959,1.0002205171267766,0.1,1.0,509.22
random_seeqst,1,6,random_stabilizer,10,100,,10,1.1474117277250404e-18,0.0,1.1275702593849246e-17,1.0,10.0
random_seeqst,1,6,random_stabilizer,10,100,,30,6.826666666666667,1398.1013333333321,68.26666666666667,1.0,30.0
random_seeqst,1,6,random_stabilizer,10,100,,100,5.016554993219949,2516.582399999998,20.48,1.0,100.0
random_seeqst,1,6,random_stabilizer,10,100,,300,2.6439566310109304,2097.1519999999855,6.826666666666667,1.0,300.0
random_seeqst,1,6,random_stabilizer,10,100,,1000,1.5188374501571917,2390.8372500500736,6.144,1.0,1000.0
random_seeqst,1,6,random_stabilizer,10,100,,3000,0.8662068934280206,2111.0863944158777,2.048,1.0,3000.0
random_seeqst,1,6,random_stabilizer,10,100,,10000,0.5033249065961269,2013.2139054289282,1.6384,1.0,10000.0
random_seeqst,1,6,random_stabilizer,10,100,,20000,0.3516064709302148,2040.5072942545264,1.4336,1.0,20000.0
random_seeqst,1,6,random_stabilizer,10,100,,30000,0.2742587313711878,2105.5355746677646,1.024,1.0,30000.0
random_seeqst,1,6,random_stabilizer,10,100,,40000,0.22730724229553267,2098.2013624517876,0.5632,1.0,40000.0
random_seeqst,1,6,random_stabilizer,10,100,,50000,0.18881627048535835,2081.2196176091447,0.49152,1.0,50000.0
derandomized_seeqst,1,7,random_stabilizer,10,100,98.0,10,1.0,,1.0,0.11,0.11
derandomized_seeqst,1,7,random_stabilizer,10,100,98.0,30,0.9813067629253163,0.5,1.0,0.27,0.31
derandomized_seeqst,1,7,random_stabilizer,10,100,98.0,100,0.9018318322141724,1.053968253968254,1.0,0.68,1.02
derandomized_seeqst,1,7,random_stabilizer,10,100,98.0,300,0.6785363652620451,0.9758890898131407,1.0,0.99,3.06
derandomized_seeqst,1,7,random_stabilizer,10,100,98.0,1000,0.32416091005074793,1.0024956510637626,1.0,1.0,10.36
derandomized_seeqst,1,7,random_stabilizer,10,100,98.0,3000,0.18695689369761426,0.998656020173421,0.46153846153846156,1.0,30.97
derandomized_seeqst,1,7,random_stabilizer,10,100,98.0,10000,0.09216782537299933,1.0014015335720505,0.24324324324324326,1.0,104.17
derandomized_seeqst,1,7,random_stabilizer,10,100,98.0,20000,0.06190784635494884,1.0010920917591317,0.14418604651162792,1.0,208.02
derandomized_seeqst,1,7,random_stabilizer,10,100,98.0,30000,0.06108612220307405,0.9995427886260759,0.18867924528301888,1.0,312.25
derandomized_seeqst,1,7,random_stabilizer,10,100,98.0,40000,0.04900534488051766,1.000054736144194,0.14,1.0,416.38
derandomized_seeqst,1,7,random_stabilizer,10,100,98.0,50000,0.04191651345648811,1.00020680920127,0.12698412698412698,1.0,520.18
random_seeqst,1,7,random_stabilizer,10,100,,10,20.48,4194.304000000001,204.8,1.0,10.0
random_seeqst,1,7,random_stabilizer,10,100,,30,9.654364585800328,2796.202666666664,68.26666666666667,1.0,30.0
random_seeqst,1,7,random_stabilizer,10,100,,100,4.57946721791957,2097.151999999999,20.48,1.0,100.0
random_seeqst,1,7,random_stabilizer,10,100,,300,3.2019904920394615,2795.267481828304,13.653333333333334,1.0,300.0
random_seeqst,1,7,random_stabilizer,10,100,,1000,1.5863739786065578,2600.552450050072,4.096,1.0,1000.0
random_seeqst,1,7,random_stabilizer,10,100,,3000,0.6476344648024842,2181.3457648548897,1.3653333333333333,1.0,3000.0
random_seeqst,1,7,random_stabilizer,10,100,,10000,0.4697024487907211,2147.4777753871545,1.024,1.0,10000.0
random_seeqst,1,7,random_stabilizer,10,100,,20000,0.328319376217731,2046.8148991323435,0.9216,1.0,20000.0
random_seeqst,1,7,random_stabilizer,10,100,,30000,0.26859268195541,2035.6312536800347,0.6826666666666666,1.0,30000.0
random_seeqst,1,7,random_stabilizer,10,100,,40000,0.23091143237180786,1998.5825004730204,0.6144,1.0,40000.0
random_seeqst,1,7,random_stabilizer,10,100,,50000,0.2094974869920878,1998.1624996535925,0.6144,1.0,50000.0
derandomized_seeqst,1,8,random_stabilizer,10,100,99.0,10,1.0,0.0,1.0,0.1,0.11
derandomized_seeqst,1,8,random_stabilizer,10,100,99.0,30,0.9428090415820634,1.2,1.0,0.27,0.32
derandomized_seeqst,1,8,random_stabilizer,10,100,99.0,100,0.88737794288937,1.0123456790123457,1.0,0.69,1.02
derandomized_seeqst,1,8,random_stabilizer,10,100,99.0,300,0.6168097619261611,1.08656462585034,1.0,0.96,3.05
derandomized_seeqst,1,8,random_stabilizer,10,100,99.0,1000,0.3319003434950398,0.9992826062826061,1.0,1.0,10.13
derandomized_seeqst,1,8,random_stabilizer,10,100,99.0,3000,0.17117622666788893,1.0048584424830447,0.4444444444444444,1.0,30.44
derandomized_seeqst,1,8,random_stabilizer,10,100,99.0,10000,0.10083201163456752,0.9998624452900862,0.3333333333333333,1.0,101.89
derandomized_seeqst,1,8,random_stabilizer,10,100,99.0,20000,0.07649131863037902,0.9991266685472138,0.20418848167539266,1.0,203.9
derandomized_seeqst,1,8,random_stabilizer,10,100,99.0,30000,0.062034766785513604,0.9994620460867969,0.15932203389830507,1.0,305.94
derandomized_seeqst,1,8,random_stabilizer,10,100,99.0,40000,0.05603932580824957,0.9993378937208272,0.14285714285714285,1.0,407.56
derandomized_seeqst,1,8,random_stabilizer,10,100,99.0,50000,0.051576631333688755,0.999321757021637,0.13709677419354838,1.0,509.61
random_seeqst,1,8,random_stabilizer,10,100,,10,20.48,4194.304000000001,204.8,1.0,10.0
random_seeqst,1,8,random_stabilizer,10,100,,30,9.654364585800328,2796.202666666664,68.26666666666667,1.0,30.0
random_seeqst,1,8,random_stabilizer,10,100,,100,5.016554993219949,3363.91654141414,20.48,1.0,100.0
random_seeqst,1,8,random_stabilizer,10,100,,300,2.6439566310109304,2097.151999999991,13.653333333333334,1.0,300.0
random_seeqst,1,8,random_stabilizer,10,100,,1000,1.6255496055180845,2222.561269749758,6.144,1.0,1000.0
random_seeqst,1,8,random_stabilizer,10,100,,3000,0.9030831141767137,2306.820581082533,2.7306666666666666,1.0,3000.0
random_seeqst,1,8,random_stabilizer,10,100,,10000,0.47104,2160.0606873871025,1.024,1.0,10000.0
random_seeqst,1,8,random_stabilizer,10,100,,20000,0.345742192970427,2101.331832927932,1.024,1.0,20000.0
random_seeqst,1,8,random_stabilizer,10,100,,30000,0.2656266439112529,2049.614317630381,0.6826666666666666,1.0,30000.0
random_seeqst,1,8,random_stabilizer,10,100,,40000,0.2366304257698067,2030.0378929891406,0.6656,1.0,40000.0
random_seeqst,1,8,random_stabilizer,10,100,,50000,0.21858982402664587,2058.5577928452967,0.73728,1.0,50000.0
derandomized_seeqst,1,9,random_stabilizer,10,100,97.0,10,1.0,,1.0,0.12,0.12
derandomized_seeqst,1,9,random_stabilizer,10,100,97.0,30,0.9405399431259602,0.75,1.0,0.26,0.34
derandomized_seeqst,1,9,random_stabilizer,10,100,97.0,100,0.8566474170731682,1.0166666666666668,1.0,0.63,1.1
derandomized_seeqst,1,9,random_stabilizer,10,100,97.0,300,0.5993075076064835,1.088976876781755,1.0,0.94,3.28
derandomized_seeqst,1,9,random_stabilizer,10,100,97.0,1000,0.38633192091727403,0.9619247315522708,1.0,1.0,11.01
derandomized_seeqst,1,9,random_stabilizer,10,100,97.0,3000,0.21265738696400185,0.9880106817763769,0.5,1.0,32.96
derandomized_seeqst,1,9,random_stabilizer,10,100,97.0,10000,0.10458137144365517,0.9988523297912618,0.2727272727272727,1.0,107.98
derandomized_seeqst,1,9,random_stabilizer,10,100,97.0,20000,0.06863437874090374,1.0001586491119099,0.21693121693121692,1.0,215.56
derandomized_seeqst,1,9,random_stabilizer,10,100,97.0,30000,0.057613944960348426,0.9999206281127933,0.16774193548387098,1.0,323.22
derandomized_seeqst,1,9,random_stabilizer,10,100,97.0,40000,0.05094605356255729,0.9998334730949995,0.12469437652811736,1.0,431.48
derandomized_seeqst,1,9,random_stabilizer,10,100,97.0,50000,0.04988840330761785,0.9994513192710441,0.139186295503212,1.0,538.6
random_seeqst,1,9,random_stabilizer,10,100,,10,28.96309375740099,8388.608000000002,204.8,1.0,10.0
random_seeqst,1,9,random_stabilizer,10,100,,30,13.653333333333334,5592.405333333328,68.26666666666667,1.0,30.0
random_seeqst,1,9,random_stabilizer,10,100,,100,5.418498685060282,2936.012799999998,20.48,1.0,100.0
random_seeqst,1,9,random_stabilizer,10,100,,300,2.3648267026007073,1677.721599999988,6.826666666666667,1.0,300.0
random_seeqst,1,9,random_stabilizer,10,100,,1000,1.2457497662050752,1719.8325801001233,2.048,1.0,1000.0
random_seeqst,1,9,random_stabilizer,10,100,,3000,0.7632445363199283,1775.598017116789,2.7306666666666666,1.0,3000.0
random_seeqst,1,9,random_stabilizer,10,100,,10000,0.38423885904473537,1937.8145899582462,1.024,1.0,10000.0
random_seeqst,1,9,random_stabilizer,10,100,,20000,0.2683974128042221,1952.4740985339781,1.024,1.0,20000.0
random_seeqst,1,9,random_stabilizer,10,100,,30000,0.26120364673309343,1974.1166592106247,0.8192,1.0,30000.0
random_seeqst,1,9,random_stabilizer,10,100,,40000,0.24538638267026963,1976.5549593972482,0.6656,1.0,40000.0
random_seeqst,1,9,random_stabilizer,10,100,,50000,0.2100173822901333,1983.9013627270137,0.57344,1.0,50000.0
derandomized_seeqst,2,0,haar_random,10,100,99.0,10,0.9879478160506251,,1.04239851503543,0.11,0.11
derandomized_seeqst,2,0,haar_random,10,100,99.0,30,0.9947813941483087,0.0,1.0486310822835363,0.27,0.31
derandomized_seeqst,2,0,haar_random,10,100,99.0,100,0.8876541880630422,0.8505747126436782,1.076495797885321,0.65,1.02
derandomized_seeqst,2,0,haar_random,10,100,99.0,300,0.6249061953781263,1.0668961560527825,1.0558889312188344,0.96,3.05
derandomized_seeqst,2,0,haar_random,10,100,99.0,1000,0.3235501040313673,1.0060709225415108,0.7655377506825785,1.0,10.17
derandomized_seeqst,2,0,haar_random,10,100,99.0,3000,0.15685404680150863,1.0085599553567997,0.3913487874771125,1.0,30.57
derandomized_seeqst,2,0,haar_random,10,100,99.0,10000,0.09636221967232969,0.9994624707761439,0.2963024808143178,1.0,102.17
derandomized_seeqst,2,0,haar_random,10,100,99.0,20000,0.06617294461769102,1.0000205337972674,0.18465143372418708,1.0,204.33
derandomized_seeqst,2,0,haar_random,10,100,99.0,30000,0.05476005904894845,0.9995612213766262,0.1443287882659479,1.0,306.3
derandomized_seeqst,2,0,haar_random,10,100,99.0,40000,0.052031666773952344,0.9986812861322174,0.12872032265748226,1.0,408.35
derandomized_seeqst,2,0,haar_random,10,100,99.0,50000,0.046311952279050966,0.9986477328535937,0.11317237970153621,1.0,510.24
random_seeqst,2,0,haar_random,10,100,,10,20.4828153866041,4194.304000000001,204.82793179778318,1.0,10.0
random_seeqst,2,0,haar_random,10,100,,30,6.829526448468949,1398.1013333333312,68.29459846444982,1.0,30.0
random_seeqst,2,0,haar_random,10,100,,100,5.418851234962911,2088.6786585858563,40.98793179778316,1.0,100.0
random_seeqst,2,0,haar_random,10,100,,300,3.5438223445889303,3213.7626969899575,13.681265131116493,1.0,300.0
random_seeqst,2,0,haar_random,10,100,,1000,1.4312211856702153,2307.1191101501604,4.12393179778316,1.0,1000.0
random_seeqst,2,0,haar_random,10,100,,3000,0.867388400754311,2181.010108649514,2.7136169889195108,1.0,3000.0
random_seeqst,2,0,haar_random,10,100,,10000,0.4290566414264458,2134.929260119537,1.03229233476744,1.0,10000.0
random_seeqst,2,0,haar_random,10,100,,20000,0.3155116050260589,2178.949526753515,0.9110777083825,1.0,20000.0
random_seeqst,2,0,haar_random,10,100,,30000,0.2646890023447889,2183.834748716328,0.8086777083825001,1.0,30000.0
random_seeqst,2,0,haar_random,10,100,,40000,0.22926468983533566,2195.7177769893724,0.6083272131306504,1.0,40000.0
random_seeqst,2,0,haar_random,10,100,,50000,0.20920586608079442,2182.714459396609,0.5219577083825,1.0,50000.0
derandomized_seeqst,2,1,haar_random,10,100,98.0,10,1.0110635682052886,,1.0997441541855273,0.1,0.1
derandomized_seeqst,2,1,haar_random,10,100,98.0,30,0.93671298585996,1.2,1.039699725357174,0.26,0.31
derandomized_seeqst,2,1,haar_random,10,100,98.0,100,0.8568392277960529,0.967741935483871,1.0687108795715354,0.61,1.03
derandomized_seeqst,2,1,haar_random,10,100,98.0,300,0.653646164709324,0.9593282219788244,1.0687108795715354,0.95,3.14
derandomized_seeqst,2,1,haar_random,10,100,98.0,1000,0.32908007749341456,1.0037012820340991,1.0044330945927318,1.0,10.42
derandomized_seeqst,2,1,haar_random,10,100,98.0,3000,0.17437639491436616,1.0049084256436387,0.442194743317096,1.0,31.25
derandomized_seeqst,2,1,haar_random,10,100,98.0,10000,0.09159827758446129,1.001550017271584,0.26659503285456243,1.0,104.14
derandomized_seeqst,2,1,haar_random,10,100,98.0,20000,0.06329775779309475,1.0000649065801661,0.16738452793753203,1.0,208.18
derandomized_seeqst,2,1,haar_random,10,100,98.0,30000,0.05225737794111591,0.999403480868969,0.13454862911618343,1.0,312.2
derandomized_seeqst,2,1,haar_random,10,100,98.0,40000,0.048232262922789954,0.9988714242093002,0.11379534045752572,1.0,416.16
derandomized_seeqst,2,1,haar_random,10,100,98.0,50000,0.044653705613711465,0.9989930412878628,0.11649385381220562,1.0,520.24
random_seeqst,2,1,haar_random,10,100,,10,0.031324996849727824,0.0,0.09974415418552728,1.0,10.0
random_seeqst,2,1,haar_random,10,100,,30,6.825926426783605,1398.101333333332,68.25854597623018,1.0,30.0
random_seeqst,2,1,haar_random,10,100,,100,4.095741747922078,1677.7215999999994,20.50452738508039,1.0,100.0
random_seeqst,2,1,haar_random,10,100,,300,2.894996062348728,2797.1378515050055,6.893645421609543,1.0,300.0
random_seeqst,2,1,haar_random,10,100,,1000,1.5003760883252986,2432.8642601001125,4.105677804774668,1.0,1000.0
random_seeqst,2,1,haar_random,10,100,,3000,0.9121987630323777,2236.8595717149815,3.3983430587862413,1.0,3000.0
random_seeqst,2,1,haar_random,10,100,,10000,0.4575457835230606,2185.236578723466,1.2319700997265348,1.0,10000.0
random_seeqst,2,1,haar_random,10,100,,20000,0.3492049535855762,2166.3418671223894,1.0089448521652067,1.0,20000.0
random_seeqst,2,1,haar_random,10,100,,30000,0.29082884858116415,2108.3189143734703,0.8399200283423184,1.0,30000.0
random_seeqst,2,1,haar_random,10,100,,40000,0.25752955113675197,2052.04561548289,0.6692533616756517,1.0,40000.0
random_seeqst,2,1,haar_random,10,100,,50000,0.21940727056746678,2036.7450967432417,0.6487733616756518,1.0,50000.0
derandomized_seeqst,2,2,haar_random,10,100,99.0,10,0.9590625492298744,2.0,1.0620181656258239,0.09,0.1
derandomized_seeqst,2,2,haar_random,10,100,99.0,30,0.963262039226666,0.6666666666666667,1.0620181656258239,0.25,0.31
derandomized_seeqst,2,2,haar_random,10,100,99.0,100,0.8715682211582567,0.9111111111111111,1.0509877768092388,0.63,1.02
derandomized_seeqst,2,2,haar_random,10,100,99.0,300,0.61907710707075,1.04376130198915,1.0546466391957368,0.91,3.03
derandomized_seeqst,2,2,haar_random,10,100,99.0,1000,0.36520864501848027,0.9701109184932715,0.9982528215318707,1.0,10.13
derandomized_seeqst,2,2,haar_random,10,100,99.0,3000,0.19554622426592913,0.9944786904002454,0.43436055507358967,1.0,30.55
derandomized_seeqst,2,2,haar_random,10,100,99.0,10000,0.09971899207824661,0.9990578019530209,0.31082328672453974,1.0,101.97
derandomized_seeqst,2,2,haar_random,10,100,99.0,20000,0.0649536623999276,0.9993875696612541,0.16869626753819156,1.0,204.01
derandomized_seeqst,2,2,haar_random,10,100,99.0,30000,0.055099193694602616,0.9992649613789866,0.1468632206668207,1.0,305.95
derandomized_seeqst,2,2,haar_random,10,100,99.0,40000,0.05012278524759662,0.9990710499942752,0.11423986743379028,1.0,408.09
derandomized_seeqst,2,2,haar_random,10,100,99.0,50000,0.0433086388453322,0.9992068156705257,0.11189022667871354,1.0,510.24
random_seeqst,2,2,haar_random,10,100,,10,0.02965968581450869,0.0,0.07122316577974777,1.0,10.0
random_seeqst,2,2,haar_random,10,100,,30,6.827602256409879,1398.1013333333328,68.2753788959095,1.0,30.0
random_seeqst,2,2,haar_random,10,100,,100,4.582582358806386,2097.151999999999,20.508992910295227,1.0,100.0
random_seeqst,2,2,haar_random,10,100,,300,2.73534506466857,2517.5175848383365,6.888684832292491,1.0,300.0
random_seeqst,2,2,haar_random,10,100,,1000,1.4946065155765236,2139.0110699499633,4.158018165625824,1.0,1000.0
random_seeqst,2,2,haar_random,10,100,,3000,0.8808439939571153,2208.962811532703,2.0864857131709105,1.0,3000.0
random_seeqst,2,2,haar_random,10,100,,10000,0.4416236254748862,2038.4418113363427,1.4720857131709104,1.0,10000.0
random_seeqst,2,2,haar_random,10,100,,20000,0.35529126579525117,2050.9913764490957,1.1246528215318707,1.0,20000.0
random_seeqst,2,2,haar_random,10,100,,30000,0.28857569138641587,2127.8970867429684,0.749186154865204,1.0,30000.0
random_seeqst,2,2,haar_random,10,100,,40000,0.23627119088144247,2108.6822988817794,0.5768227489682881,1.0,40000.0
random_seeqst,2,2,haar_random,10,100,,50000,0.2156475270286719,2082.0463985717947,0.4539427489682881,1.0,50000.0
derandomized_seeqst,2,3,haar_random,10,100,98.0,10,0.9921537363563768,,1.0235862524440242,0.1,0.1
derandomized_seeqst,2,3,haar_random,10,100,98.0,30,0.9846927755044921,0.6666666666666666,1.0545726085062515,0.28,0.31
derandomized_seeqst,2,3,haar_random,10,100,98.0,100,0.8856751168179708,0.9012345679012347,1.0608258806985897,0.65,1.04
derandomized_seeqst,2,3,haar_random,10,100,98.0,300,0.6577368411183433,0.9177791201047015,1.0469294847266464,0.95,3.17
derandomized_seeqst,2,3,haar_random,10,100,98.0,1000,0.3980499599355316,0.9441563795681442,1.0092520279362722,1.0,10.44
derandomized_seeqst,2,3,haar_random,10,100,98.0,3000,0.19959944422843778,0.9942331087464794,0.5141746038029871,1.0,31.28
derandomized_seeqst,2,3,haar_random,10,100,98.0,10000,0.10849665864654486,0.9972949448243463,0.3003800254506559,1.0,103.95
derandomized_seeqst,2,3,haar_random,10,100,98.0,20000,0.06789725851831534,0.9995209025461032,0.16740851996572118,1.0,208.12
derandomized_seeqst,2,3,haar_random,10,100,98.0,30000,0.05678018548047735,0.9991759335385964,0.14546382772664893,1.0,312.34
derandomized_seeqst,2,3,haar_random,10,100,98.0,40000,0.04909775797216049,0.9993347458094665,0.13021530444147844,1.0,416.22
derandomized_seeqst,2,3,haar_random,10,100,98.0,50000,0.045299173004138736,0.9991662503181142,0.13971602582763723,1.0,520.01
random_seeqst,2,3,haar_random,10,100,,10,20.483012805750622,4194.304000000001,204.82989408025765,1.0,10.0
random_seeqst,2,3,haar_random,10,100,,30,11.821621868831196,4194.303999999997,68.2965607469243,1.0,30.0
random_seeqst,2,3,haar_random,10,100,,100,5.013158828896421,2516.582399999998,20.50989408025764,1.0,100.0
random_seeqst,2,3,haar_random,10,100,,300,2.457967210690239,2098.0871848383395,6.874125488874963,1.0,300.0
random_seeqst,2,3,haar_random,10,100,,1000,1.4327377258443343,2055.2089600000236,4.143458822208296,1.0,1000.0
random_seeqst,2,3,haar_random,10,100,,3000,0.7929081327259611,2041.274565584042,3.3714409625455244,1.0,3000.0
random_seeqst,2,3,haar_random,10,100,,10000,0.45248063611931433,2059.400747165933,1.3917076292121906,1.0,10000.0
random_seeqst,2,3,haar_random,10,100,,20000,0.3330416427400948,1981.7922813967248,0.8884722001098124,1.0,20000.0
random_seeqst,2,3,haar_random,10,100,,30000,0.25685461966301043,2021.6536891115331,0.6935903905498916,1.0,30000.0
random_seeqst,2,3,haar_random,10,100,,40000,0.21872485153785534,2014.3148630108426,0.5300722001098125,1.0,40000.0
random_seeqst,2,3,haar_random,10,100,,50000,0.1987657425602404,2014.942702057684,0.5024437238832249,1.0,50000.0
derandomized_seeqst,2,4,haar_random,10,100,98.0,10,0.9891418570160418,,1.0171970352903117,0.1,0.1
derandomized_seeqst,2,4,haar_random,10,100,98.0,30,0.9783715171072702,0.6666666666666666,1.0473127608621982,0.27,0.3
derandomized_seeqst,2,4,haar_random,10,100,98.0,100,0.9040218995638055,0.7692307692307693,1.0473127608621982,0.66,1.05
derandomized_seeqst,2,4,haar_random,10,100,98.0,300,0.6212305144294458,1.088119288119288,1.0400716163217496,0.96,3.17
derandomized_seeqst,2,4,haar_random,10,100,98.0,1000,0.3092922803809546,1.010735189646954,0.6771201598696897,1.0,10.37
derandomized_seeqst,2,4,haar_random,10,100,98.0,3000,0.1632866935573727,1.0056020538889248,0.3983876211823632,1.0,31.14
derandomized_seeqst,2,4,haar_random,10,100,98.0,10000,0.09349779662000067,1.0007497956505507,0.23337536539859763,1.0,103.72
derandomized_seeqst,2,4,haar_random,10,100,98.0,20000,0.07317069245606038,0.9991843253932683,0.17888673564563856,1.0,207.83
derandomized_seeqst,2,4,haar_random,10,100,98.0,30000,0.057587246352890885,0.9996269666591209,0.1478870016423966,1.0,312.14
derandomized_seeqst,2,4,haar_random,10,100,98.0,40000,0.05141245915595484,0.9994179037143796,0.12266181794793773,1.0,416.43
derandomized_seeqst,2,4,haar_random,10,100,98.0,50000,0.04400980061423756,0.9995742744129517,0.10014878502642091,1.0,520.33
random_seeqst,2,4,haar_random,10,100,,10,28.961873927953143,8388.608000000002,204.8017438785028,1.0,10.0
random_seeqst,2,4,haar_random,10,100,,30,11.82064450832645,4194.303999999996,68.26841054516944,1.0,30.0
random_seeqst,2,4,haar_random,10,100,,100,4.092385284977593,1677.7215999999985,20.481743878502783,1.0,100.0
random_seeqst,2,4,haar_random,10,100,,300,2.7269866519890926,2236.962133333323,6.8641339036816404,1.0,300.0
random_seeqst,2,4,haar_random,10,100,,1000,1.389482932283562,2181.2899901501755,4.048687239137802,1.0,1000.0
random_seeqst,2,4,haar_random,10,100,,3000,0.9860061036684452,2278.690726313176,2.799860389095293,1.0,3000.0
random_seeqst,2,4,haar_random,10,100,,10000,0.43687005198836504,2097.1679399491654,1.4098881695294903,1.0,10000.0
random_seeqst,2,4,haar_random,10,100,,20000,0.346441276968199,2053.0910451572317,0.883318842688075,1.0,20000.0
random_seeqst,2,4,haar_random,10,100,,30000,0.272581118823545,2046.8118699026984,0.7108617170115836,1.0,30000.0
random_seeqst,2,4,haar_random,10,100,,40000,0.2373989783537693,2025.8409674833758,0.5786595750026703,1.0,40000.0
random_seeqst,2,4,haar_random,10,100,,50000,0.21484268781355728,2052.6856330249207,0.5743283836782502,1.0,50000.0
derandomized_seeqst,2,5,haar_random,10,100,96.0,10,1.0107971135915297,,1.0664512023689254,0.12,0.12
derandomized_seeqst,2,5,haar_random,10,100,96.0,30,0.9857127361956922,0.6666666666666666,1.0712994549379786,0.29,0.32
derandomized_seeqst,2,5,haar_random,10,100,96.0,100,0.835089682892511,1.178494623655914,1.0712994549379786,0.65,1.04
derandomized_seeqst,2,5,haar_random,10,100,96.0,300,0.6608059261831717,0.9492450638792101,1.0514833012513758,0.98,3.21
derandomized_seeqst,2,5,haar_random,10,100,96.0,1000,0.3617921473937194,0.9726176965567912,0.9927142510955055,1.0,10.85
derandomized_seeqst,2,5,haar_random,10,100,96.0,3000,0.17233075174459916,1.002937947840629,0.5101443787557725,1.0,32.32
derandomized_seeqst,2,5,haar_random,10,100,96.0,10000,0.09454583592198718,0.9998686736265323,0.2196334853587193,1.0,107.26
derandomized_seeqst,2,5,haar_random,10,100,96.0,20000,0.07746192569782134,0.9973229270097902,0.16620074612016567,1.0,215.25
derandomized_seeqst,2,5,haar_random,10,100,96.0,30000,0.06497529844212648,0.9975035481883205,0.1891545985988391,1.0,323.61
derandomized_seeqst,2,5,haar_random,10,100,96.0,40000,0.05457261526124851,0.9980978852198128,0.1405184824623278,1.0,431.2
derandomized_seeqst,2,5,haar_random,10,100,96.0,50000,0.050213015833502336,0.9982593925377121,0.11501139481989041,1.0,539.53
random_seeqst,2,5,haar_random,10,100,,10,0.03426405806500569,0.0,0.09836093502241554,1.0,10.0
random_seeqst,2,5,haar_random,10,100,,30,6.825649087101227,1398.1013333333324,68.25563174732557,1.0,30.0
random_seeqst,2,5,haar_random,10,100,,100,4.57743952889912,2097.151999999999,20.497124334523637,1.0,100.0
random_seeqst,2,5,haar_random,10,100,,300,2.260494584896245,1537.9114666666567,6.87259418536486,1.0,300.0
random_seeqst,2,5,haar_random,10,100,,1000,1.1758387514920141,1552.0604201001197,2.1060762949099647,1.0,1000.0
random_seeqst,2,5,haar_random,10,100,,3000,0.8118643048696005,1859.437478199364,2.7538479389762514,1.0,3000.0
random_seeqst,2,5,haar_random,10,100,,10000,0.4772681824671468,2009.0430918803434,1.1706938725344656,1.0,10000.0
random_seeqst,2,5,haar_random,10,100,,20000,0.3075034146452377,2023.7579717707797,0.7827398317705433,1.0,20000.0
random_seeqst,2,5,haar_random,10,100,,30000,0.2551159890586499,2073.3880989381883,0.7962636204337192,1.0,30000.0
random_seeqst,2,5,haar_random,10,100,,40000,0.21867077488161527,2040.53162236586,0.6938636204337192,1.0,40000.0
random_seeqst,2,5,haar_random,10,100,,50000,0.1851020997153624,2063.602030829273,0.6324236204337192,1.0,50000.0
derandomized_seeqst,2,6,haar_random,10,100,98.0,10,0.997946981959813,0.0,1.0388749084671485,0.11,0.12
derandomized_seeqst,2,6,haar_random,10,100,98.0,30,0.9827510538370693,0.6666666666666666,1.0593057503452745,0.29,0.32
derandomized_seeqst,2,6,haar_random,10,100,98.0,100,0.8470479847283123,1.1654320987654323,1.0306587553558082,0.64,1.05
derandomized_seeqst,2,6,haar_random,10,100,98.0,300,0.6235267343409079,1.0759609868043603,1.0319827290233574,0.97,3.09
derandomized_seeqst,2,6,haar_random,10,100,98.0,1000,0.3426091958981446,0.9849215131273955,0.9939121503209587,1.0,10.32
derandomized_seeqst,2,6,haar_random,10,100,98.0,3000,0.17174355401046595,1.002605671975106,0.43140394923425013,1.0,31.19
derandomized_seeqst,2,6,haar_random,10,100,98.0,10000,0.09733278208655843,0.9999898482597236,0.22129399774511738,1.0,104.16
derandomized_seeqst,2,6,haar_random,10,100,98.0,20000,0.06964796968177431,0.9995369685974217,0.1791508516947372,1.0,208.37
derandomized_seeqst,2,6,haar_random,10,100,98.0,30000,0.06323379837493279,0.9988761498980567,0.19876711744502357,1.0,312.65
derandomized_seeqst,2,6,haar_random,10,100,98.0,40000,0.0546997311412489,0.9989966139567527,0.1970358329395872,1.0,416.55
derandomized_seeqst,2,6,haar_random,10,100,98.0,50000,0.047251784412022844,0.9991364217536182,0.175538712018282,1.0,520.67
random_seeqst,2,6,haar_random,10,100,,10,35.476488135485674,12582.912000000002,204.84158059893502,1.0,10.0
random_seeqst,2,6,haar_random,10,100,,30,11.828236579366523,4194.303999999995,68.30824726560168,1.0,30.0
random_seeqst,2,6,haar_random,10,100,,100,5.017182742063989,2516.5823999999984,20.521580598935007,1.0,100.0
random_seeqst,2,6,haar_random,10,100,,300,2.0497266074080716,1538.8466515050072,6.868247265601674,1.0,300.0
random_seeqst,2,6,haar_random,10,100,,1000,1.4893412377714026,2139.0110699499664,6.133481436613891,1.0,1000.0
random_seeqst,2,6,haar_random,10,100,,3000,0.784824866728617,2139.1882778347963,2.063200771541964,1.0,3000.0
random_seeqst,2,6,haar_random,10,100,,10000,0.42258818468517956,2168.488725787743,1.4124405731942822,1.0,10000.0
random_seeqst,2,6,haar_random,10,100,,20000,0.3061234832979964,2097.1597598506123,0.9004405731942822,1.0,20000.0
random_seeqst,2,6,haar_random,10,100,,30000,0.25468640999386005,2090.1641032099305,0.6749341615167158,1.0,30000.0
random_seeqst,2,6,haar_random,10,100,,40000,0.20814370271818472,2077.235347613598,0.7602674948500492,1.0,40000.0
random_seeqst,2,6,haar_random,10,100,,50000,0.18113293205008202,2050.1823048904234,0.6066674948500491,1.0,50000.0
derandomized_seeqst,2,7,haar_random,10,100,98.0,10,0.9781956137480025,0.0,1.0239586928841906,0.11,0.12
derandomized_seeqst,2,7,haar_random,10,100,98.0,30,0.9225102886064643,0.888888888888889,1.038889319247418,0.25,0.34
derandomized_seeqst,2,7,haar_random,10,100,98.0,100,0.8270007079664442,1.025806451612903,1.0586227086613689,0.59,1.07
derandomized_seeqst,2,7,haar_random,10,100,98.0,300,0.6574222175873956,0.9982961482961483,1.0773320161885125,0.93,3.15
derandomized_seeqst,2,7,haar_random,10,100,98.0,1000,0.3102494613098771,1.0187619152806928,0.7226087497196764,1.0,10.43
derandomized_seeqst,2,7,haar_random,10,100,98.0,3000,0.1601557852362403,1.0076143527902082,0.4119545223654892,1.0,31.29
derandomized_seeqst,2,7,haar_random,10,100,98.0,10000,0.10569518584200566,0.9976650824623011,0.27112525132576215,1.0,104.07
derandomized_seeqst,2,7,haar_random,10,100,98.0,20000,0.07511051600392081,0.9987808102630014,0.18691360583521094,1.0,207.97
derandomized_seeqst,2,7,haar_random,10,100,98.0,30000,0.060392129941667455,0.9990820735356679,0.16974137302358835,1.0,311.7
derandomized_seeqst,2,7,haar_random,10,100,98.0,40000,0.055121271757600766,0.9986179916120705,0.12558639960277518,1.0,415.91
derandomized_seeqst,2,7,haar_random,10,100,98.0,50000,0.04876925168329257,0.998668638100445,0.1270793001972371,1.0,520.06
random_seeqst,2,7,haar_random,10,100,,10,0.03185481317675472,0.0,0.07733201618851256,1.0,10.0
random_seeqst,2,7,haar_random,10,100,,30,0.03185481317675472,0.0,0.07733201618851256,1.0,30.0
random_seeqst,2,7,haar_random,10,100,,100,2.8956376322290023,838.8607999999996,20.48118749581871,1.0,100.0
random_seeqst,2,7,haar_random,10,100,,300,2.2619473832712718,1537.91146666666,6.853582043855425,1.0,300.0
random_seeqst,2,7,haar_random,10,100,,1000,1.42756097966694,1971.2389099499708,4.052593634983501,1.0,1000.0
random_seeqst,2,7,haar_random,10,100,,3000,0.8069076459249561,1971.3135562164957,2.6872603016501677,1.0,3000.0
random_seeqst,2,7,haar_random,10,100,,10000,0.4767399455089901,2055.186308493272,1.3901936349835011,1.0,10000.0
random_seeqst,2,7,haar_random,10,100,,20000,0.2951875158565503,2034.2502332670888,0.8557364655564456,1.0,20000.0
random_seeqst,2,7,haar_random,10,100,,30000,0.23470246907381026,2039.840191628527,0.5913553681453918,1.0,30000.0
random_seeqst,2,7,haar_random,10,100,,40000,0.2206288646901964,2053.1114934194648,0.5689556256143944,1.0,40000.0
random_seeqst,2,7,haar_random,10,100,,50000,0.21079689799623474,2056.881111453638,0.5110024507866441,1.0,50000.0
derandomized_seeqst,2,8,haar_random,10,100,99.0,10,0.9857131149219606,0.0,1.0384454838460793,0.09,0.1
derandomized_seeqst,2,8,haar_random,10,100,99.0,30,0.9506882051665142,0.8,1.052746413392735,0.25,0.3
derandomized_seeqst,2,8,haar_random,10,100,99.0,100,0.8656392343741188,0.968,1.0557548939782133,0.6,1.04
derandomized_seeqst,2,8,haar_random,10,100,99.0,300,0.6678907673972356,0.9910714285714286,1.06137547138504,0.95,3.08
derandomized_seeqst,2,8,haar_random,10,100,99.0,1000,0.3462759022671757,0.9920038985782018,1.047478492918391,1.0,10.25
derandomized_seeqst,2,8,haar_random,10,100,99.0,3000,0.19224288540837256,0.9968024350485111,0.5590724535080446,1.0,30.74
derandomized_seeqst,2,8,haar_random,10,100,99.0,10000,0.09914710094832052,0.9986003902743851,0.32441784348738467,1.0,102.09
derandomized_seeqst,2,8,haar_random,10,100,99.0,20000,0.07420187125183199,0.9985626275174347,0.18070961160632992,1.0,204.06
derandomized_seeqst,2,8,haar_random,10,100,99.0,30000,0.06232228037463957,0.9980447519117637,0.20470443980513897,1.0,306.23
derandomized_seeqst,2,8,haar_random,10,100,99.0,40000,0.04997028605025706,0.9988394014044752,0.14580443372809573,1.0,408.5
derandomized_seeqst,2,8,haar_random,10,100,99.0,50000,0.04192772732381788,0.9991309485269061,0.11696190570258062,1.0,510.66
random_seeqst,2,8,haar_random,10,100,,10,0.02944658920725558,0.0,0.06906919991326008,1.0,10.0
random_seeqst,2,8,haar_random,10,100,,30,9.654502661315876,2796.2026666666648,68.29178159654911,1.0,30.0
random_seeqst,2,8,haar_random,10,100,,100,3.5490646558888224,1258.2911999999992,20.508176601582395,1.0,100.0
random_seeqst,2,8,haar_random,10,100,,300,2.46429350649067,1817.5317333333217,6.884484547212957,1.0,300.0
random_seeqst,2,8,haar_random,10,100,,1000,1.4472590465357176,2181.1220500500654,4.15381788054629,1.0,1000.0
random_seeqst,2,8,haar_random,10,100,,3000,0.8014637628215717,2083.2176055840346,2.685717444285908,1.0,3000.0
random_seeqst,2,8,haar_random,10,100,,10000,0.37668016286892364,1971.3757335157518,0.8282396881160833,1.0,10000.0
random_seeqst,2,8,haar_random,10,100,,20000,0.2871855983103244,2072.0067291174887,0.9273098293954735,1.0,20000.0
random_seeqst,2,8,haar_random,10,100,,30000,0.23246373502091147,2076.1961392573935,0.6883764960621401,1.0,30000.0
random_seeqst,2,8,haar_random,10,100,,40000,0.2087679854245515,2090.8690901084165,0.4671513783360688,1.0,40000.0
random_seeqst,2,8,haar_random,10,100,,50000,0.19043867934970513,2066.9571384783603,0.4562698293954735,1.0,50000.0
derandomized_seeqst,2,9,haar_random,10,100,97.0,10,1.0116964386532168,0.0,1.0549487708829735,0.1,0.11
derandomized_seeqst,2,9,haar_random,10,100,97.0,30,0.9724729861460113,0.6666666666666667,1.0549487708829735,0.28,0.34
derandomized_seeqst,2,9,haar_random,10,100,97.0,100,0.8931234093906506,0.8717948717948718,1.0565206950251242,0.67,1.07
derandomized_seeqst,2,9,haar_random,10,100,97.0,300,0.6187212087738155,1.0344947735191639,1.048259215020037,0.94,3.23
derandomized_seeqst,2,9,haar_random,10,100,97.0,1000,0.3104262441820966,1.010777945313645,1.048259215020037,1.0,10.78
derandomized_seeqst,2,9,haar_random,10,100,97.0,3000,0.16236861213250522,1.00594574119362,0.4275695598476231,1.0,31.98
derandomized_seeqst,2,9,haar_random,10,100,97.0,10000,0.10647488106489235,0.9968888101015431,0.30757558291832016,1.0,106.44
derandomized_seeqst,2,9,haar_random,10,100,97.0,20000,0.0739880490917457,0.9982647784954647,0.1873696845211021,1.0,212.45
derandomized_seeqst,2,9,haar_random,10,100,97.0,30000,0.06403286389153971,0.9982564231745532,0.16883920842794825,1.0,318.84
derandomized_seeqst,2,9,haar_random,10,100,97.0,40000,0.05054283807630184,0.9988129602618052,0.14263966539672207,1.0,425.09
derandomized_seeqst,2,9,haar_random,10,100,97.0,50000,0.047189117740774084,0.9986762002697287,0.12303679537033331,1.0,530.81
random_seeqst,2,9,haar_random,10,100,,10,0.028520329957147917,0.0,0.07112840599254913,1.0,10.0
random_seeqst,2,9,haar_random,10,100,,30,0.028520329957147917,0.0,0.07112840599254913,1.0,30.0
random_seeqst,2,9,haar_random,10,100,,100,5.417811794688339,2936.0127999999986,20.537380863127733,1.0,100.0
random_seeqst,2,9,haar_random,10,100,,300,2.6419983490187837,2097.15199999999,13.66857357641998,1.0,300.0
random_seeqst,2,9,haar_random,10,100,,1000,1.353551345633973,2265.344010250264,4.120512521429296,1.0,1000.0
random_seeqst,2,9,haar_random,10,100,,3000,0.7955602058684251,1859.4561257663172,2.061927007488778,1.0,3000.0
random_seeqst,2,9,haar_random,10,100,,10000,0.44484028206030996,2021.6545279999698,1.576958886576393,1.0,10000.0
random_seeqst,2,9,haar_random,10,100,,20000,0.275523162962736,1979.7324605688334,0.7307270074887778,1.0,20000.0
random_seeqst,2,9,haar_random,10,100,,30000,0.21657200809444718,2060.821591873902,0.5606445624467514,1.0,30000.0
random_seeqst,2,9,haar_random,10,100,,40000,0.19897670684515634,2032.1506691621942,0.628911229113418,1.0,40000.0
random_seeqst,2,9,haar_random,10,100,,50000,0.18135260017991278,2023.3383901845687,0.546991229113418,1.0,50000.0
derandomized_seeqst,2,0,ghz,10,100,99.0,10,0.9428090415820634,2.0,1.0,0.09,0.1
derandomized_seeqst,2,0,ghz,10,100,99.0,30,0.9805806756909202,0.5,1.0,0.26,0.3
derandomized_seeqst,2,0,ghz,10,100,99.0,100,0.8429552044459474,1.0952380952380953,1.0,0.62,1.02
derandomized_seeqst,2,0,ghz,10,100,99.0,300,0.7224768614708101,0.8587513227513227,1.0,0.96,3.04
derandomized_seeqst,2,0,ghz,10,100,99.0,1000,0.38249689295793876,0.9473463464639934,1.0,1.0,10.12
derandomized_seeqst,2,0,ghz,10,100,99.0,3000,0.18692564031583203,0.9890976330103983,0.5,1.0,30.54
derandomized_seeqst,2,0,ghz,10,100,99.0,10000,0.08354955707423288,0.9929677852456024,0.24444444444444444,1.0,101.91
derandomized_seeqst,2,0,ghz,10,100,99.0,20000,0.06807050866572792,0.9902937386701887,0.1595744680851064,1.0,203.74
derandomized_seeqst,2,0,ghz,10,100,99.0,30000,0.0561279583572765,0.9901302492307884,0.15614617940199335,1.0,305.83
derandomized_seeqst,2,0,ghz,10,100,99.0,40000,0.05131836549572217,0.9898229229150991,0.12886597938144329,1.0,407.92
derandomized_seeqst,2,0,ghz,10,100,99.0,50000,0.04416215480559117,0.9900135950293059,0.109375,1.0,509.89
random_seeqst,2,0,ghz,10,100,,10,20.48,4194.315111111112,204.8,1.0,10.0
random_seeqst,2,0,ghz,10,100,,30,6.826783853160856,1398.110022988504,68.26666666666667,1.0,30.0
random_seeqst,2,0,ghz,10,100,,100,5.418500161483803,2936.0228848484835,20.48,1.0,100.0
random_seeqst,2,0,ghz,10,100,,300,2.5543061680229333,1957.3518929765764,6.826666666666667,1.0,300.0
random_seeqst,2,0,ghz,10,100,,1000,1.3272590854840662,1929.5577811011199,4.096,1.0,1000.0
random_seeqst,2,0,ghz,10,100,,3000,0.7384219600683007,1915.502060362299,2.048,1.0,3000.0
random_seeqst,2,0,ghz,10,100,,10000,0.40289011951151144,2034.288548406436,1.024,1.0,10000.0
random_seeqst,2,0,ghz,10,100,,20000,0.320890691046032,2030.051667748097,1.024,1.0,20000.0
random_seeqst,2,0,ghz,10,100,,30000,0.2470839339172015,2030.0597541884956,0.7509333333333333,1.0,30000.0
random_seeqst,2,0,ghz,10,100,,40000,0.22528017400561462,2038.4419538924485,0.5632,1.0,40000.0
random_seeqst,2,0,ghz,10,100,,50000,0.2149132030937141,2035.9196923095978,0.53248,1.0,50000.0
derandomized_seeqst,2,1,ghz,10,100,96.0,10,1.0,,1.0,0.1,0.1
derandomized_seeqst,2,1,ghz,10,100,96.0,30,0.8846517369293828,1.25,1.0,0.23,0.33
derandomized_seeqst,2,1,ghz,10,100,96.0,100,0.8543487675290948,0.9634408602150538,1.0,0.63,1.1
derandomized_seeqst,2,1,ghz,10,100,96.0,300,0.6618821605520443,0.9470837947582136,1.0,0.98,3.24
derandomized_seeqst,2,1,ghz,10,100,96.0,1000,0.34389369137292164,0.9876878938055408,1.0,1.0,10.62
derandomized_seeqst,2,1,ghz,10,100,96.0,3000,0.16815640903699064,1.0053736424889694,0.44,1.0,32.22
derandomized_seeqst,2,1,ghz,10,100,96.0,10000,0.09496640331651199,1.000672553242536,0.25,1.0,107.63
derandomized_seeqst,2,1,ghz,10,100,96.0,20000,0.07053662279066446,0.9998428554455698,0.1724137931034483,1.0,215.75
derandomized_seeqst,2,1,ghz,10,100,96.0,30000,0.053074933876356076,1.000395447103004,0.15602836879432624,1.0,323.95
derandomized_seeqst,2,1,ghz,10,100,96.0,40000,0.04647745121057226,1.0002468225357075,0.1164021164021164,1.0,432.1
derandomized_seeqst,2,1,ghz,10,100,96.0,50000,0.04209629722056757,1.000152517997784,0.09826589595375723,1.0,540.34
random_seeqst,2,1,ghz,10,100,,10,0.0,0.0,0.0,1.0,10.0
random_seeqst,2,1,ghz,10,100,,30,6.826666666666667,1398.1013333333328,68.26666666666667,1.0,30.0
random_seeqst,2,1,ghz,10,100,,100,6.144,3774.8735999999985,20.48,1.0,100.0
random_seeqst,2,1,ghz,10,100,,300,2.81470677375499,2657.327718171669,6.826666666666667,1.0,300.0
random_seeqst,2,1,ghz,10,100,,1000,1.3272556950339296,2349.398030350376,4.096,1.0,1000.0
random_seeqst,2,1,ghz,10,100,,3000,0.7571139588375496,2111.263546302061,2.048,1.0,3000.0
random_seeqst,2,1,ghz,10,100,,10000,0.45977485968678194,2139.097556834074,1.2288,1.0,10000.0
random_seeqst,2,1,ghz,10,100,,20000,0.32559335619757346,2090.85907592043,0.9216,1.0,20000.0
random_seeqst,2,1,ghz,10,100,,30000,0.27400372552211766,2034.2301696309412,0.7509333333333333,1.0,30000.0
random_seeqst,2,1,ghz,10,100,,40000,0.24334816539271467,2068.8329504941867,0.6656,1.0,40000.0
random_seeqst,2,1,ghz,10,100,,50000,0.22893672222690703,2066.941938016688,0.65536,1.0,50000.0
derandomized_seeqst,2,2,ghz,10,100,100.0,10,0.9428090415820634,2.0,1.0,0.09,0.1
derandomized_seeqst,2,2,ghz,10,100,100.0,30,0.9607689228305228,1.0,1.0,0.26,0.3
derandomized_seeqst,2,2,ghz,10,100,100.0,100,0.8743630707184245,1.1733333333333333,1.0,0.67,1.0
derandomized_seeqst,2,2,ghz,10,100,100.0,300,0.6964604766410808,0.9582106782106782,1.0,0.97,3.0
derandomized_seeqst,2,2,ghz,10,100,100.0,1000,0.33065961214377176,1.0023659641012581,1.0,1.0,10.0
derandomized_seeqst,2,2,ghz,10,100,100.0,3000,0.18836098799259246,0.9991117462232886,0.5333333333333333,1.0,30.0
derandomized_seeqst,2,2,ghz,10,100,100.0,10000,0.09970302501132723,1.0001511791695494,0.29545454545454547,1.0,100.0
derandomized_seeqst,2,2,ghz,10,100,100.0,20000,0.0764667091114071,0.9991744096125369,0.2463768115942029,1.0,200.0
derandomized_seeqst,2,2,ghz,10,100,100.0,30000,0.0623756188472975,0.9994516750845983,0.1781818181818182,1.0,300.0
derandomized_seeqst,2,2,ghz,10,100,100.0,40000,0.055802644607448944,0.9993903772481889,0.13,1.0,400.0
derandomized_seeqst,2,2,ghz,10,100,100.0,50000,0.046624723234287485,0.9998293765012923,0.1062992125984252,1.0,500.0
random_seeqst,2,2,ghz,10,100,,10,20.48,4194.304000000001,204.8,1.0,10.0
random_seeqst,2,2,ghz,10,100,,30,6.826666666666667,1398.101333333332,68.26666666666667,1.0,30.0
random_seeqst,2,2,ghz,10,100,,100,3.547240053901061,1258.2911999999994,20.48,1.0,100.0
random_seeqst,2,2,ghz,10,100,,300,2.4613896707167506,1536.9762818283114,13.653333333333334,1.0,300.0
random_seeqst,2,2,ghz,10,100,,1000,1.2116131395788012,1719.9165501501675,4.096,1.0,1000.0
random_seeqst,2,2,ghz,10,100,,3000,0.8635126197366455,1845.3632270311832,3.4133333333333336,1.0,3000.0
random_seeqst,2,2,ghz,10,100,,10000,0.44257654343627384,2059.4133313363504,1.4336,1.0,10000.0
random_seeqst,2,2,ghz,10,100,,20000,0.34559051838845345,2036.3169750426632,1.2288,1.0,20000.0
random_seeqst,2,2,ghz,10,100,,30000,0.2698908658451906,2087.3620283218065,0.9557333333333333,1.0,30000.0
random_seeqst,2,2,ghz,10,100,,40000,0.2317047500592079,2046.817835354816,0.7168,1.0,40000.0
random_seeqst,2,2,ghz,10,100,,50000,0.23163233100756897,2053.5186552369782,0.69632,1.0,50000.0
derandomized_seeqst,2,3,ghz,10,100,99.0,10,1.0,,1.0,0.1,0.1
derandomized_seeqst,2,3,ghz,10,100,99.0,30,0.9450726919990827,0.9333333333333333,1.0,0.26,0.33
derandomized_seeqst,2,3,ghz,10,100,99.0,100,0.8659927845108519,0.8714285714285716,1.0,0.59,1.03
derandomized_seeqst,2,3,ghz,10,100,99.0,300,0.7065329003843469,0.8569077013521459,1.0,0.94,3.1
derandomized_seeqst,2,3,ghz,10,100,99.0,1000,0.3440374226448485,0.9931654592397625,1.0,1.0,10.2
derandomized_seeqst,2,3,ghz,10,100,99.0,3000,0.16446670778674632,1.0077979076741082,0.4666666666666667,1.0,30.49
derandomized_seeqst,2,3,ghz,10,100,99.0,10000,0.10929952844342615,0.9980300688881804,0.28,1.0,101.89
derandomized_seeqst,2,3,ghz,10,100,99.0,20000,0.07981860219998697,0.9985977273322264,0.2560386473429952,1.0,204.12
derandomized_seeqst,2,3,ghz,10,100,99.0,30000,0.06734259098972904,0.9987709268779809,0.17419354838709677,1.0,306.14
derandomized_seeqst,2,3,ghz,10,100,99.0,40000,0.05376168558712167,0.9995905008687038,0.17359413202933985,1.0,408.26
derandomized_seeqst,2,3,ghz,10,100,99.0,50000,0.04885936805527963,0.9995965727590377,0.1484375,1.0,510.26
random_seeqst,2,3,ghz,10,100,,10,0.0,0.0,0.0,1.0,10.0
random_seeqst,2,3,ghz,10,100,,30,6.826666666666667,1398.101333333332,68.26666666666667,1.0,30.0
random_seeqst,2,3,ghz,10,100,,100,2.048,419.43039999999957,20.48,1.0,100.0
random_seeqst,2,3,ghz,10,100,,300,2.048,1258.291199999994,6.826666666666667,1.0,300.0
random_seeqst,2,3,ghz,10,100,,1000,1.0442791963838023,1426.3992402002136,4.096,1.0,1000.0
random_seeqst,2,3,ghz,10,100,,3000,0.7813477131782551,1887.4554475669177,2.048,1.0,3000.0
random_seeqst,2,3,ghz,10,100,,10000,0.4106227231900348,1996.5197449537216,1.024,1.0,10000.0
random_seeqst,2,3,ghz,10,100,,20000,0.29340771905319735,2057.322890055179,0.8192,1.0,20000.0
random_seeqst,2,3,ghz,10,100,,30000,0.2517550273138111,2088.7696370612134,0.6826666666666666,1.0,30000.0
random_seeqst,2,3,ghz,10,100,,40000,0.2361313803796522,2054.155979870791,0.6144,1.0,40000.0
random_seeqst,2,3,ghz,10,100,,50000,0.20909668791255404,2065.272873633282,0.49152,1.0,50000.0
derandomized_seeqst,2,4,ghz,10,100,98.0,10,1.0,,1.0,0.11,0.11
derandomized_seeqst,2,4,ghz,10,100,98.0,30,1.0,0.0,1.0,0.28,0.32
derandomized_seeqst,2,4,ghz,10,100,98.0,100,0.8652878430959368,1.0666666666666667,1.0,0.67,1.06
derandomized_seeqst,2,4,ghz,10,100,98.0,300,0.6815738443226997,0.9239808802308804,1.0,0.95,3.15
derandomized_seeqst,2,4,ghz,10,100,98.0,1000,0.3157350895904283,1.0131889923286206,1.0,1.0,10.51
derandomized_seeqst,2,4,ghz,10,100,98.0,3000,0.18645051404702062,0.9992074145596486,0.45454545454545453,1.0,31.39
derandomized_seeqst,2,4,ghz,10,100,98.0,10000,0.10151615855413681,0.9995852614789592,0.32558139534883723,1.0,104.02
derandomized_seeqst,2,4,ghz,10,100,98.0,20000,0.07406964233991054,0.9994347429035593,0.22340425531914893,1.0,207.99
derandomized_seeqst,2,4,ghz,10,100,98.0,30000,0.060946438261586945,0.9995603698305376,0.17261904761904762,1.0,311.94
derandomized_seeqst,2,4,ghz,10,100,98.0,40000,0.04842423176121742,1.000112439725444,0.15926892950391644,1.0,416.24
derandomized_seeqst,2,4,ghz,10,100,98.0,50000,0.04345980032234474,1.0000758522992916,0.1189083820662768,1.0,520.31
random_seeqst,2,4,ghz,10,100,,10,0.0,0.0,0.0,1.0,10.0
random_seeqst,2,4,ghz,10,100,,30,0.0,0.0,0.0,1.0,30.0
random_seeqst,2,4,ghz,10,100,,100,2.8963093757400986,838.8607999999996,20.48,1.0,100.0
random_seeqst,2,4,ghz,10,100,,300,2.9756750121237667,2656.3925333333214,6.826666666666667,1.0,300.0
random_seeqst,2,4,ghz,10,100,,1000,1.1941789480643175,2013.8537103503727,4.096,1.0,1000.0
random_seeqst,2,4,ghz,10,100,,3000,0.6618698898659096,1929.5849632366026,2.048,1.0,3000.0
random_seeqst,2,4,ghz,10,100,,10000,0.4978788671956262,2025.8035289864615,1.6384,1.0,10000.0
random_seeqst,2,4,ghz,10,100,,20000,0.35796087383958597,2025.821987112418,0.9216,1.0,20000.0
random_seeqst,2,4,ghz,10,100,,30000,0.2835327611876036,2039.8174484218603,0.6826666666666666,1.0,30000.0
random_seeqst,2,4,ghz,10,100,,40000,0.2369625388115176,2000.6768736771642,0.5632,1.0,40000.0
random_seeqst,2,4,ghz,10,100,,50000,0.19792624727407934,2009.07262265361,0.45056,1.0,50000.0
derandomized_seeqst,2,5,ghz,10,100,97.0,10,1.0,,1.0,0.1,0.1
derandomized_seeqst,2,5,ghz,10,100,97.0,30,0.9622504486493763,1.0,1.0,0.27,0.31
derandomized_seeqst,2,5,ghz,10,100,97.0,100,0.8819171036881969,0.888888888888889,1.0,0.65,1.04
derandomized_seeqst,2,5,ghz,10,100,97.0,300,0.5897990978486194,1.0801046176046176,1.0,0.96,3.16
derandomized_seeqst,2,5,ghz,10,100,97.0,1000,0.32719212141176085,0.99821520395669,1.0,1.0,10.5
derandomized_seeqst,2,5,ghz,10,100,97.0,3000,0.19573776745028335,0.9951452168827086,0.5555555555555556,1.0,31.75
derandomized_seeqst,2,5,ghz,10,100,97.0,10000,0.10688900787463665,0.9983660145571259,0.2653061224489796,1.0,106.08
derandomized_seeqst,2,5,ghz,10,100,97.0,20000,0.07227968764545582,0.9996502652567263,0.1826086956521739,1.0,212.19
derandomized_seeqst,2,5,ghz,10,100,97.0,30000,0.05825538162041629,0.999847351243559,0.1540983606557377,1.0,317.96
derandomized_seeqst,2,5,ghz,10,100,97.0,40000,0.05163277338455462,0.9997643169576732,0.14210526315789473,1.0,424.35
derandomized_seeqst,2,5,ghz,10,100,97.0,50000,0.04601650543249892,0.9998247505482277,0.12951167728237792,1.0,529.97
random_seeqst,2,5,ghz,10,100,,10,20.48,4194.304000000001,204.8,1.0,10.0
random_seeqst,2,5,ghz,10,100,,30,11.824133513003535,4194.303999999996,68.26666666666667,1.0,30.0
random_seeqst,2,5,ghz,10,100,,100,7.384169012150251,4605.261058585855,40.96,1.0,100.0
random_seeqst,2,5,ghz,10,100,,300,3.201990492039462,2795.267481828304,13.653333333333334,1.0,300.0
random_seeqst,2,5,ghz,10,100,,1000,1.6125968125976187,2432.528379899909,4.096,1.0,1000.0
random_seeqst,2,5,ghz,10,100,,3000,0.8874666666666667,2278.877201982871,2.048,1.0,3000.0
random_seeqst,2,5,ghz,10,100,,10000,0.4728175157499984,2277.5112667234275,1.4336,1.0,10000.0
random_seeqst,2,5,ghz,10,100,,20000,0.32381723240124205,2202.014843142374,0.7168,1.0,20000.0
random_seeqst,2,5,ghz,10,100,,30000,0.2536912783505005,2081.7779186662538,0.6826666666666666,1.0,30000.0
random_seeqst,2,5,ghz,10,100,,40000,0.20873028721294856,2069.8972030975788,0.512,1.0,40000.0
random_seeqst,2,5,ghz,10,100,,50000,0.1961381051402302,2081.216798980471,0.49152,1.0,50000.0
derandomized_seeqst,2,6,ghz,10,100,98.0,10,0.9428090415820634,2.0,1.0,0.09,0.1
derandomized_seeqst,2,6,ghz,10,100,98.0,30,0.9805806756909202,0.5,1.0,0.26,0.3
derandomized_seeqst,2,6,ghz,10,100,98.0,100,0.8694070074487202,1.2307692307692308,1.0,0.71,1.04
derandomized_seeqst,2,6,ghz,10,100,98.0,300,0.657726392650797,0.9543743078626797,1.0,0.98,3.1
derandomized_seeqst,2,6,ghz,10,100,98.0,1000,0.3427260332173447,0.9915020311645697,1.0,1.0,10.32
derandomized_seeqst,2,6,ghz,10,100,98.0,3000,0.1624339817707404,1.007601197465135,0.42857142857142855,1.0,31.19
derandomized_seeqst,2,6,ghz,10,100,98.0,10000,0.1001477934677234,0.99987353213919,0.30337078651685395,1.0,103.93
derandomized_seeqst,2,6,ghz,10,100,98.0,20000,0.07767307346146583,0.9988888458457131,0.1956521739130435,1.0,208.0
derandomized_seeqst,2,6,ghz,10,100,98.0,30000,0.060501446320803176,0.9996158705810969,0.17288135593220338,1.0,311.84
derandomized_seeqst,2,6,ghz,10,100,98.0,40000,0.055512443130389,0.9993726517544799,0.14423076923076922,1.0,415.81
derandomized_seeqst,2,6,ghz,10,100,98.0,50000,0.050135713376102106,0.999448919111417,0.14285714285714285,1.0,519.76
random_seeqst,2,6,ghz,10,100,,10,0.0,0.0,0.0,1.0,10.0
random_seeqst,2,6,ghz,10,100,,30,9.654364585800328,2796.2026666666648,68.26666666666667,1.0,30.0
random_seeqst,2,6,ghz,10,100,,100,4.096,1677.7215999999992,20.48,1.0,100.0
random_seeqst,2,6,ghz,10,100,,300,3.2019904920394615,2234.1565788182756,20.48,1.0,300.0
random_seeqst,2,6,ghz,10,100,,1000,1.5049664979659845,2096.9840598999153,6.144,1.0,1000.0
random_seeqst,2,6,ghz,10,100,,3000,0.8580986941423981,2153.0574057663484,2.048,1.0,3000.0
random_seeqst,2,6,ghz,10,100,,10000,0.5152663808167577,2185.1854030970676,1.4336,1.0,10000.0
random_seeqst,2,6,ghz,10,100,,20000,0.313116361757095,2208.3134298157047,0.7168,1.0,20000.0
random_seeqst,2,6,ghz,10,100,,30000,0.25770101539057494,2143.2943773330408,0.7509333333333333,1.0,30000.0
random_seeqst,2,6,ghz,10,100,,40000,0.2102319633167136,2111.840662538544,0.6144,1.0,40000.0
random_seeqst,2,6,ghz,10,100,,50000,0.18917135546376992,2108.063565870343,0.53248,1.0,50000.0
derandomized_seeqst,2,7,ghz,10,100,96.0,10,0.9428090415820634,2.0,1.0,0.09,0.1
derandomized_seeqst,2,7,ghz,10,100,96.0,30,0.9636241116594315,1.3333333333333333,1.0,0.28,0.31
derandomized_seeqst,2,7,ghz,10,100,96.0,100,0.859692409092558,0.9222222222222223,1.0,0.61,1.06
derandomized_seeqst,2,7,ghz,10,100,96.0,300,0.6739089257781542,0.9004645760743322,1.0,0.95,3.24
derandomized_seeqst,2,7,ghz,10,100,96.0,1000,0.3117306613430354,1.0138388424441056,1.0,1.0,10.82
derandomized_seeqst,2,7,ghz,10,100,96.0,3000,0.17384388740645645,1.0031138953899914,0.46153846153846156,1.0,32.34
derandomized_seeqst,2,7,ghz,10,100,96.0,10000,0.0994903789475773,0.9997915232248008,0.3118279569892473,1.0,107.82
derandomized_seeqst,2,7,ghz,10,100,96.0,20000,0.06995249951648723,0.99993007027942,0.1782178217821782,1.0,215.99
derandomized_seeqst,2,7,ghz,10,100,96.0,30000,0.05545873429607828,1.0001366404465366,0.1292517006802721,1.0,324.24
derandomized_seeqst,2,7,ghz,10,100,96.0,40000,0.046137765262066165,1.0002788635718523,0.11475409836065574,1.0,432.58
derandomized_seeqst,2,7,ghz,10,100,96.0,50000,0.04035495905221963,1.0002957466352638,0.10559006211180125,1.0,540.28
random_seeqst,2,7,ghz,10,100,,10,0.0,0.0,0.0,1.0,10.0
random_seeqst,2,7,ghz,10,100,,30,0.0,0.0,0.0,1.0,30.0
random_seeqst,2,7,ghz,10,100,,100,2.8963093757400986,838.8607999999996,20.48,1.0,100.0
random_seeqst,2,7,ghz,10,100,,300,2.896309375740099,1674.9160454849482,13.653333333333334,1.0,300.0
random_seeqst,2,7,ghz,10,100,,1000,1.2288,1509.9494399999949,4.096,1.0,1000.0
random_seeqst,2,7,ghz,10,100,,3000,0.8360924988699916,1789.4671450483165,2.7306666666666666,1.0,3000.0
random_seeqst,2,7,ghz,10,100,,10000,0.48247680980540397,2017.4291830462646,1.4336,1.0,10000.0
random_seeqst,2,7,ghz,10,100,,20000,0.32446422052361945,2080.3735256461146,0.8192,1.0,20000.0
random_seeqst,2,7,ghz,10,100,,30000,0.2551566553228733,2151.6845699006044,0.7509333333333333,1.0,30000.0
random_seeqst,2,7,ghz,10,100,,40000,0.20403055457455385,2168.46775122677,0.5632,1.0,40000.0
random_seeqst,2,7,ghz,10,100,,50000,0.19251200000000002,2155.0394351192363,0.45056,1.0,50000.0
derandomized_seeqst,2,8,ghz,10,100,98.0,10,1.0,,1.0,0.1,0.1
derandomized_seeqst,2,8,ghz,10,100,98.0,30,1.0,0.0,1.0,0.28,0.3
derandomized_seeqst,2,8,ghz,10,100,98.0,100,0.8721135307871393,1.0533333333333335,1.0,0.63,1.02
derandomized_seeqst,2,8,ghz,10,100,98.0,300,0.5811094834497946,1.1921022067363531,1.0,0.98,3.1
derandomized_seeqst,2,8,ghz,10,100,98.0,1000,0.3268941563837896,1.0021115948035453,0.8,1.0,10.36
derandomized_seeqst,2,8,ghz,10,100,98.0,3000,0.17795070033074023,1.0024989331701624,0.5121951219512195,1.0,31.22
derandomized_seeqst,2,8,ghz,10,100,98.0,10000,0.09845518784833729,1.0002025873836164,0.24489795918367346,1.0,104.02
derandomized_seeqst,2,8,ghz,10,100,98.0,20000,0.06789213022942775,1.0003161525221824,0.19230769230769232,1.0,207.91
derandomized_seeqst,2,8,ghz,10,100,98.0,30000,0.0546920492583568,1.0002881018784364,0.15901060070671377,1.0,312.11
derandomized_seeqst,2,8,ghz,10,100,98.0,40000,0.050054283152590674,0.999951104693362,0.1122715404699739,1.0,416.0
derandomized_seeqst,2,8,ghz,10,100,98.0,50000,0.040766723091961,1.000302588110054,0.11065573770491803,1.0,520.13
random_seeqst,2,8,ghz,10,100,,10,20.48,4194.304000000001,204.8,1.0,10.0
random_seeqst,2,8,ghz,10,100,,30,9.654364585800328,2796.202666666664,68.26666666666667,1.0,30.0
random_seeqst,2,8,ghz,10,100,,100,5.418498685060282,2088.678658585856,40.96,1.0,100.0
random_seeqst,2,8,ghz,10,100,,300,2.8147067737549896,2657.3277181716753,13.653333333333334,1.0,300.0
random_seeqst,2,8,ghz,10,100,,1000,1.5597103320809285,2600.63642010011,4.096,1.0,1000.0
random_seeqst,2,8,ghz,10,100,,3000,0.8192,1985.294569549819,2.048,1.0,3000.0
random_seeqst,2,8,ghz,10,100,,10000,0.4697024487907211,2063.583305940199,1.024,1.0,10000.0
random_seeqst,2,8,ghz,10,100,,20000,0.3202354333923715,2105.5433344342587,1.2288,1.0,20000.0
random_seeqst,2,8,ghz,10,100,,30000,0.2629817724144056,2069.189786913958,1.024,1.0,30000.0
random_seeqst,2,8,ghz,10,100,,40000,0.21528367146627725,2038.4363578499053,0.6656,1.0,40000.0
random_seeqst,2,8,ghz,10,100,,50000,0.20381458931097157,2043.464237698498,0.53248,1.0,50000.0
derandomized_seeqst,2,9,ghz,10,100,98.0,10,1.0,,1.0,0.1,0.1
derandomized_seeqst,2,9,ghz,10,100,98.0,30,1.0,0.0,1.0,0.28,0.32
derandomized_seeqst,2,9,ghz,10,100,98.0,100,0.9154031696268934,0.8148148148148148,1.0,0.72,1.06
derandomized_seeqst,2,9,ghz,10,100,98.0,300,0.6832578844666528,0.9062736205593348,1.0,0.98,3.15
derandomized_seeqst,2,9,ghz,10,100,98.0,1000,0.3963026961847511,0.94426748847539,1.0,1.0,10.43
derandomized_seeqst,2,9,ghz,10,100,98.0,3000,0.204340812768323,0.9921866358208773,0.5714285714285714,1.0,31.19
derandomized_seeqst,2,9,ghz,10,100,98.0,10000,0.0953685164638075,1.0008327508386596,0.2727272727272727,1.0,104.03
derandomized_seeqst,2,9,ghz,10,100,98.0,20000,0.0647426839660194,1.000734630554579,0.15315315315315314,1.0,207.91
derandomized_seeqst,2,9,ghz,10,100,98.0,30000,0.054048918223054604,1.000357775244527,0.14864864864864866,1.0,312.16
derandomized_seeqst,2,9,ghz,10,100,98.0,40000,0.04606190397447548,1.0003365312736667,0.11568123393316196,1.0,416.34
derandomized_seeqst,2,9,ghz,10,100,98.0,50000,0.04103017623044033,1.000281634718962,0.1083844580777096,1.0,520.2
random_seeqst,2,9,ghz,10,100,,10,0.0,0.0,0.0,1.0,10.0
random_seeqst,2,9,ghz,10,100,,30,0.0,0.0,0.0,1.0,30.0
random_seeqst,2,9,ghz,10,100,,100,2.8963093757400986,838.8607999999996,20.48,1.0,100.0
random_seeqst,2,9,ghz,10,100,,300,2.896309375740099,1955.4714969899605,13.653333333333334,1.0,300.0
random_seeqst,2,9,ghz,10,100,,1000,1.5188374501571917,1803.0468996997047,4.096,1.0,1000.0
random_seeqst,2,9,ghz,10,100,,3000,0.8662068934280206,2055.1436935155884,2.7306666666666666,1.0,3000.0
random_seeqst,2,9,ghz,10,100,,10000,0.447289951597395,2134.914159115128,1.6384,1.0,10000.0
random_seeqst,2,9,ghz,10,100,,20000,0.30668757262073726,2040.5368655763086,0.9216,1.0,20000.0
random_seeqst,2,9,ghz,10,100,,30000,0.2583331898494225,2055.210730987752,0.6826666666666666,1.0,30000.0
random_seeqst,2,9,ghz,10,100,,40000,0.2237621594461405,2053.1130663226777,0.6144,1.0,40000.0
random_seeqst,2,9,ghz,10,100,,50000,0.1969490375503267,2038.4337237518102,0.57344,1.0,50000.0
derandomized_seeqst,2,0,random_stabilizer,10,100,98.0,10,1.0,0.0,1.0,0.1,0.11
derandomized_seeqst,2,0,random_stabilizer,10,100,98.0,30,0.9622504486493763,0.8,1.0,0.27,0.32
derandomized_seeqst,2,0,random_stabilizer,10,100,98.0,100,0.88658864560928,0.7885057471264368,1.0,0.62,1.05
derandomized_seeqst,2,0,random_stabilizer,10,100,98.0,300,0.674756245422538,0.9526251526251528,1.0,0.94,3.11
derandomized_seeqst,2,0,random_stabilizer,10,100,98.0,1000,0.30266561006266685,1.032729633111986,1.0,1.0,10.33
derandomized_seeqst,2,0,random_stabilizer,10,100,98.0,3000,0.17846512400622072,1.0023262084742575,0.4358974358974359,1.0,31.13
derandomized_seeqst,2,0,random_stabilizer,10,100,98.0,10000,0.09496896744424063,1.0008998855046727,0.3191489361702128,1.0,104.26
derandomized_seeqst,2,0,random_stabilizer,10,100,98.0,20000,0.06805228455269648,1.0003000881022046,0.16326530612244897,1.0,208.45
derandomized_seeqst,2,0,random_stabilizer,10,100,98.0,30000,0.055414368450813475,1.0002128285882248,0.13513513513513514,1.0,312.82
derandomized_seeqst,2,0,random_stabilizer,10,100,98.0,40000,0.048218199678496595,1.0001336221383827,0.10761154855643044,1.0,416.4
derandomized_seeqst,2,0,random_stabilizer,10,100,98.0,50000,0.04443006749558712,0.9999909876819956,0.1111111111111111,1.0,520.4
random_seeqst,2,0,random_stabilizer,10,100,,10,1.1441287117609186e-18,0.0,9.540979117872439e-18,1.0,10.0
random_seeqst,2,0,random_stabilizer,10,100,,30,1.1441287117609186e-18,0.0,9.540979117872439e-18,1.0,30.0
random_seeqst,2,0,random_stabilizer,10,100,,100,3.547240053901061,1258.2911999999994,20.48,1.0,100.0
random_seeqst,2,0,random_stabilizer,10,100,,300,2.048,1258.2911999999922,6.826666666666667,1.0,300.0
random_seeqst,2,0,random_stabilizer,10,100,,1000,1.3113598438262473,1803.6346900500616,4.096,1.0,1000.0
random_seeqst,2,0,random_stabilizer,10,100,,3000,0.7288885420053375,1845.5776740513104,2.048,1.0,3000.0
random_seeqst,2,0,random_stabilizer,10,100,,10000,0.4570299106185502,1920.974453106093,1.2288,1.0,10000.0
random_seeqst,2,0,random_stabilizer,10,100,,20000,0.32186846505987504,2025.8465250177248,1.024,1.0,20000.0
random_seeqst,2,0,random_stabilizer,10,100,,30000,0.26798471067498525,2003.4741773343674,0.8192,1.0,30000.0
random_seeqst,2,0,random_stabilizer,10,100,,40000,0.23574250359237298,2032.1355168600558,0.6144,1.0,40000.0
random_seeqst,2,0,random_stabilizer,10,100,,50000,0.21931775639924828,2030.8745140125704,0.57344,1.0,50000.0
derandomized_seeqst,2,1,random_stabilizer,10,100,97.0,10,0.9258200997725514,0.6666666666666666,1.0,0.07,0.1
derandomized_seeqst,2,1,random_stabilizer,10,100,97.0,30,0.9378857231185629,1.0666666666666669,1.0,0.24,0.31
derandomized_seeqst,2,1,random_stabilizer,10,100,97.0,100,0.8822949872035114,0.757142857142857,1.0,0.6,1.07
derandomized_seeqst,2,1,random_stabilizer,10,100,97.0,300,0.6483812479015609,1.0553345388788429,1.0,0.96,3.25
derandomized_seeqst,2,1,random_stabilizer,10,100,97.0,1000,0.3261533210437756,1.0028536292740626,1.0,1.0,10.65
derandomized_seeqst,2,1,random_stabilizer,10,100,97.0,3000,0.16412368445150766,1.006552889500422,0.41935483870967744,1.0,31.98
derandomized_seeqst,2,1,random_stabilizer,10,100,97.0,10000,0.09213027516877023,1.0013415748408272,0.27058823529411763,1.0,106.3
derandomized_seeqst,2,1,random_stabilizer,10,100,97.0,20000,0.07401063049564362,0.9993944841812532,0.17277486910994763,1.0,212.06
derandomized_seeqst,2,1,random_stabilizer,10,100,97.0,30000,0.059524847595452776,0.9996986280469871,0.14935064935064934,1.0,318.01
derandomized_seeqst,2,1,random_stabilizer,10,100,97.0,40000,0.04931001192860289,0.9999989008305518,0.14430379746835442,1.0,423.91
derandomized_seeqst,2,1,random_stabilizer,10,100,97.0,50000,0.04398242440020071,1.0000086122306084,0.14960629921259844,1.0,529.49
random_seeqst,2,1,random_stabilizer,10,100,,10,20.48,4194.304000000001,204.8,1.0,10.0
random_seeqst,2,1,random_stabilizer,10,100,,30,6.826666666666667,1398.101333333332,68.26666666666667,1.0,30.0
random_seeqst,2,1,random_stabilizer,10,100,,100,5.016554993219949,2516.5823999999984,20.48,1.0,100.0
random_seeqst,2,1,random_stabilizer,10,100,,300,1.930872917160066,1399.0365181716738,6.826666666666667,1.0,300.0
random_seeqst,2,1,random_stabilizer,10,100,,1000,1.176486430010988,1552.060420100115,4.096,1.0,1000.0
random_seeqst,2,1,random_stabilizer,10,100,,3000,0.8077420930525343,1873.4278153161877,2.7306666666666666,1.0,3000.0
random_seeqst,2,1,random_stabilizer,10,100,,10000,0.42369353452702113,1921.0038161704424,1.024,1.0,10000.0
random_seeqst,2,1,random_stabilizer,10,100,,20000,0.2724686785669134,1988.1252630825932,0.8192,1.0,20000.0
random_seeqst,2,1,random_stabilizer,10,100,,30000,0.2519400732978645,2024.4547386911624,0.6144,1.0,30000.0
random_seeqst,2,1,random_stabilizer,10,100,,40000,0.22759537429394297,2009.0700430967356,0.5632,1.0,40000.0
random_seeqst,2,1,random_stabilizer,10,100,,50000,0.20905656574238468,2051.0119715924243,0.45056,1.0,50000.0
derandomized_seeqst,2,2,random_stabilizer,10,100,97.0,10,1.0,,1.0,0.1,0.1
derandomized_seeqst,2,2,random_stabilizer,10,100,97.0,30,0.9652066781907032,1.3333333333333335,1.0,0.26,0.3
derandomized_seeqst,2,2,random_stabilizer,10,100,97.0,100,0.9155043135606452,0.8186666666666668,1.0,0.69,1.05
derandomized_seeqst,2,2,random_stabilizer,10,100,97.0,300,0.6473535969829387,0.9941232048374906,1.0,0.96,3.21
derandomized_seeqst,2,2,random_stabilizer,10,100,97.0,1000,0.3525387591603256,0.9765454760238041,1.0,1.0,10.61
derandomized_seeqst,2,2,random_stabilizer,10,100,97.0,3000,0.17718342701231013,1.0023109610794205,0.4482758620689655,1.0,31.88
derandomized_seeqst,2,2,random_stabilizer,10,100,97.0,10000,0.08256112002950537,1.0030372935222867,0.22807017543859648,1.0,106.35
derandomized_seeqst,2,2,random_stabilizer,10,100,97.0,20000,0.059193013825209216,1.001377560685074,0.17142857142857143,1.0,212.43
derandomized_seeqst,2,2,random_stabilizer,10,100,97.0,30000,0.05080793115153721,1.0006623896120572,0.1267605633802817,1.0,318.09
derandomized_seeqst,2,2,random_stabilizer,10,100,97.0,40000,0.049594342714000636,0.9999699764766025,0.1409090909090909,1.0,423.95
derandomized_seeqst,2,2,random_stabilizer,10,100,97.0,50000,0.04376838673418107,1.0000269812155722,0.11524163568773234,1.0,529.91
random_seeqst,2,2,random_stabilizer,10,100,,10,20.48,4194.304000000001,204.8,1.0,10.0
random_seeqst,2,2,random_stabilizer,10,100,,30,13.653333333333334,5592.405333333329,68.26666666666667,1.0,30.0
random_seeqst,2,2,random_stabilizer,10,100,,100,5.792618751480198,3355.443199999998,20.48,1.0,100.0
random_seeqst,2,2,random_stabilizer,10,100,,300,3.2739543199148167,2935.0776151616337,13.653333333333334,1.0,300.0
random_seeqst,2,2,random_stabilizer,10,100,,1000,1.4768338024300498,2684.858380300325,4.096,1.0,1000.0
random_seeqst,2,2,random_stabilizer,10,100,,3000,0.8953089398513665,2264.877541082524,3.4133333333333336,1.0,3000.0
random_seeqst,2,2,random_stabilizer,10,100,,10000,0.4811710514983211,2105.5196343825887,1.2288,1.0,10000.0
random_seeqst,2,2,random_stabilizer,10,100,,20000,0.32943529865513804,2006.9662846984068,1.2288,1.0,20000.0
random_seeqst,2,2,random_stabilizer,10,100,,30000,0.2628931517640664,1969.9213299022085,0.8874666666666666,1.0,30000.0
random_seeqst,2,2,random_stabilizer,10,100,,40000,0.23916484022531406,1990.1898029245217,0.768,1.0,40000.0
random_seeqst,2,2,random_stabilizer,10,100,,50000,0.22133565171476555,2006.5461750535085,0.6144,1.0,50000.0
derandomized_seeqst,2,3,random_stabilizer,10,100,96.0,10,0.9486832980505138,1.0,1.0,0.1,0.12
derandomized_seeqst,2,3,random_stabilizer,10,100,96.0,30,0.9797958971132712,0.3333333333333333,1.0,0.25,0.32
derandomized_seeqst,2,3,random_stabilizer,10,100,96.0,100,0.8963363227153095,0.7254901960784315,1.0,0.65,1.08
derandomized_seeqst,2,3,random_stabilizer,10,100,96.0,300,0.6401238188048939,1.0342044134727062,1.0,0.95,3.23
derandomized_seeqst,2,3,random_stabilizer,10,100,96.0,1000,0.3561225922102408,0.9780826322513627,1.0,1.0,10.77
derandomized_seeqst,2,3,random_stabilizer,10,100,96.0,3000,0.18069526970809807,1.0004409682239548,0.68,1.0,32.4
derandomized_seeqst,2,3,random_stabilizer,10,100,96.0,10000,0.0942669877683547,1.0007846338282098,0.3142857142857143,1.0,107.58
derandomized_seeqst,2,3,random_stabilizer,10,100,96.0,20000,0.06381625006165773,1.0007452666650636,0.22330097087378642,1.0,215.68
derandomized_seeqst,2,3,random_stabilizer,10,100,96.0,30000,0.05020801218796024,1.0006900816822037,0.15210355987055016,1.0,323.85
derandomized_seeqst,2,3,random_stabilizer,10,100,96.0,40000,0.04411613332998909,1.0004583943228855,0.11832946635730858,1.0,431.34
derandomized_seeqst,2,3,random_stabilizer,10,100,96.0,50000,0.04039300245594121,1.0002906626302182,0.10980392156862745,1.0,539.04
random_seeqst,2,3,random_stabilizer,10,100,,10,20.48,4194.304000000001,204.8,1.0,10.0
random_seeqst,2,3,random_stabilizer,10,100,,30,11.824133513003535,4194.303999999997,68.26666666666667,1.0,30.0
random_seeqst,2,3,random_stabilizer,10,100,,100,5.016554993219949,2516.582399999999,20.48,1.0,100.0
random_seeqst,2,3,random_stabilizer,10,100,,300,2.81470677375499,2096.216815161639,13.653333333333334,1.0,300.0
random_seeqst,2,3,random_stabilizer,10,100,,1000,1.5188374501571917,2222.8971499499644,6.144,1.0,1000.0
random_seeqst,2,3,random_stabilizer,10,100,,3000,0.7990408472384598,2167.140980717961,2.048,1.0,3000.0
random_seeqst,2,3,random_stabilizer,10,100,,10000,0.477671579225727,2038.4074146038424,1.2288,1.0,10000.0
random_seeqst,2,3,random_stabilizer,10,100,,20000,0.34513509470930365,2076.1651700251236,1.024,1.0,20000.0
random_seeqst,2,3,random_stabilizer,10,100,,30000,0.2634244284631004,2051.0136306918243,0.7509333333333333,1.0,30000.0
random_seeqst,2,3,random_stabilizer,10,100,,40000,0.21908575124822702,2079.3301926887625,0.6144,1.0,40000.0
random_seeqst,2,3,random_stabilizer,10,100,,50000,0.19961434818168758,2077.859912910852,0.45056,1.0,50000.0
derandomized_seeqst,2,4,random_stabilizer,10,100,100.0,10,1.0,,1.0,0.1,0.1
derandomized_seeqst,2,4,random_stabilizer,10,100,100.0,30,1.0,0.0,1.0,0.28,0.3
derandomized_seeqst,2,4,random_stabilizer,10,100,100.0,100,0.8886751879869211,0.9487179487179488,1.0,0.65,1.0
derandomized_seeqst,2,4,random_stabilizer,10,100,100.0,300,0.6549639236127702,0.9996410093971069,1.0,0.96,3.0
derandomized_seeqst,2,4,random_stabilizer,10,100,100.0,1000,0.31376922640464167,1.0136026254447308,1.0,1.0,10.0
derandomized_seeqst,2,4,random_stabilizer,10,100,100.0,3000,0.17979970076579319,1.0024993620842342,0.5,1.0,30.0
derandomized_seeqst,2,4,random_stabilizer,10,100,100.0,10000,0.0951152498314353,1.0010478182543745,0.37349397590361444,1.0,100.0
derandomized_seeqst,2,4,random_stabilizer,10,100,100.0,20000,0.0701891719238223,1.000094758233185,0.1864406779661017,1.0,200.0
derandomized_seeqst,2,4,random_stabilizer,10,100,100.0,30000,0.059608969248462665,0.9997895656106089,0.152317880794702,1.0,300.0
derandomized_seeqst,2,4,random_stabilizer,10,100,100.0,40000,0.050046476042296555,1.0000022667737942,0.13333333333333333,1.0,400.0
derandomized_seeqst,2,4,random_stabilizer,10,100,100.0,50000,0.04407425630841912,1.0000621030138273,0.11627906976744186,1.0,500.0
random_seeqst,2,4,random_stabilizer,10,100,,10,1.5023145987371593e-19,0.0,8.673617379884035e-19,1.0,10.0
random_seeqst,2,4,random_stabilizer,10,100,,30,1.5023145987371593e-19,0.0,8.673617379884035e-19,1.0,30.0
random_seeqst,2,4,random_stabilizer,10,100,,100,2.8963093757400986,838.8607999999996,20.48,1.0,100.0
random_seeqst,2,4,random_stabilizer,10,100,,300,2.4613896707167506,1817.5317333333253,6.826666666666667,1.0,300.0
random_seeqst,2,4,random_stabilizer,10,100,,1000,1.4481546878700493,2013.1819499499577,4.096,1.0,1000.0
random_seeqst,2,4,random_stabilizer,10,100,,3000,1.0102544102023674,2362.558158746205,2.7306666666666666,1.0,3000.0
random_seeqst,2,4,random_stabilizer,10,100,,10000,0.4683610778021589,2202.0104389447283,1.2288,1.0,10000.0
random_seeqst,2,4,random_stabilizer,10,100,,20000,0.318429425775948,2128.614313416772,0.8192,1.0,20000.0
random_seeqst,2,4,random_stabilizer,10,100,,30000,0.2736633480919374,2182.4340375068355,0.8192,1.0,30000.0
random_seeqst,2,4,random_stabilizer,10,100,,40000,0.25415011626989276,2170.541991268448,0.768,1.0,40000.0
random_seeqst,2,4,random_stabilizer,10,100,,50000,0.22698641002491757,2144.958441939272,0.65536,1.0,50000.0
derandomized_seeqst,2,5,random_stabilizer,10,100,97.0,10,0.9486832980505138,2.0,1.0,0.1,0.11
derandomized_seeqst,2,5,random_stabilizer,10,100,97.0,30,0.9405399431259602,1.2,1.0,0.26,0.31
derandomized_seeqst,2,5,random_stabilizer,10,100,97.0,100,0.8464575003056168,1.1728395061728396,1.0,0.63,1.02
derandomized_seeqst,2,5,random_stabilizer,10,100,97.0,300,0.6145300325494096,1.1019400352733686,1.0,0.98,3.18
derandomized_seeqst,2,5,random_stabilizer,10,100,97.0,1000,0.31446684126324087,1.0094831068036074,0.75,1.0,10.54
derandomized_seeqst,2,5,random_stabilizer,10,100,97.0,3000,0.20457975600479883,0.9913807987305339,0.4666666666666667,1.0,31.7
derandomized_seeqst,2,5,random_stabilizer,10,100,97.0,10000,0.10104580015521046,0.9995850054789809,0.3103448275862069,1.0,105.93
derandomized_seeqst,2,5,random_stabilizer,10,100,97.0,20000,0.06995777075335091,0.9999864484473691,0.20224719101123595,1.0,212.02
derandomized_seeqst,2,5,random_stabilizer,10,100,97.0,30000,0.05618250323346451,1.0000873819998386,0.17266187050359713,1.0,317.83
derandomized_seeqst,2,5,random_stabilizer,10,100,97.0,40000,0.04913233293063742,1.0000165888965311,0.13766233766233765,1.0,423.76
derandomized_seeqst,2,5,random_stabilizer,10,100,97.0,50000,0.043986992389588676,1.0000090881475414,0.10669077757685352,1.0,529.85
random_seeqst,2,5,random_stabilizer,10,100,,10,4.829265774454144e-19,0.0,4.336808689942018e-18,1.0,10.0
random_seeqst,2,5,random_stabilizer,10,100,,30,6.826666666666667,1398.1013333333328,68.26666666666667,1.0,30.0
random_seeqst,2,5,random_stabilizer,10,100,,100,4.096,1677.7215999999992,20.48,1.0,100.0
random_seeqst,2,5,random_stabilizer,10,100,,300,2.6439566310109304,2377.7074515050062,6.826666666666667,1.0,300.0
random_seeqst,2,5,random_stabilizer,10,100,,1000,1.4625645421655757,2055.1249899499626,6.144,1.0,1000.0
random_seeqst,2,5,random_stabilizer,10,100,,3000,0.8769012107035394,2194.981798199371,2.7306666666666666,1.0,3000.0
random_seeqst,2,5,random_stabilizer,10,100,,10000,0.4606862081721136,2046.8128014977788,1.6384,1.0,10000.0
random_seeqst,2,5,random_stabilizer,10,100,,20000,0.2923336176357416,2074.1015741350216,1.024,1.0,20000.0
random_seeqst,2,5,random_stabilizer,10,100,,30000,0.25147720303129756,2048.2234866662047,0.6826666666666666,1.0,30000.0
random_seeqst,2,5,random_stabilizer,10,100,,40000,0.21752469285117954,2020.6091502369964,0.6144,1.0,40000.0
random_seeqst,2,5,random_stabilizer,10,100,,50000,0.19429033944074525,2004.8796608579923,0.49152,1.0,50000.0
derandomized_seeqst,2,6,random_stabilizer,10,100,99.0,10,1.0,0.0,1.0,0.09,0.1
derandomized_seeqst,2,6,random_stabilizer,10,100,99.0,30,0.9591663046625439,1.0,1.0,0.25,0.3
derandomized_seeqst,2,6,random_stabilizer,10,100,99.0,100,0.8966299401634008,0.9871794871794872,1.0,0.69,1.01
derandomized_seeqst,2,6,random_stabilizer,10,100,99.0,300,0.6527055885103985,0.9995238095238095,1.0,0.95,3.04
derandomized_seeqst,2,6,random_stabilizer,10,100,99.0,1000,0.3811496256234422,0.9626304291048536,1.0,1.0,10.23
derandomized_seeqst,2,6,random_stabilizer,10,100,99.0,3000,0.170429222138331,1.005359251904959,0.4358974358974359,1.0,30.59
derandomized_seeqst,2,6,random_stabilizer,10,100,99.0,10000,0.09944132696810203,1.0000887893844694,0.22580645161290322,1.0,101.79
derandomized_seeqst,2,6,random_stabilizer,10,100,99.0,20000,0.06813652894134094,1.0003363589080478,0.17209302325581396,1.0,203.8
derandomized_seeqst,2,6,random_stabilizer,10,100,99.0,30000,0.0591931802132618,0.9998071941623808,0.14385964912280702,1.0,305.91
derandomized_seeqst,2,6,random_stabilizer,10,100,99.0,40000,0.048088416931991354,1.0001682438673611,0.13636363636363635,1.0,407.68
derandomized_seeqst,2,6,random_stabilizer,10,100,99.0,50000,0.04332272281384759,1.0001061346821412,0.12096774193548387,1.0,509.56
random_seeqst,2,6,random_stabilizer,10,100,,10,7.099661806259485e-19,0.0,4.336808689942018e-18,1.0,10.0
random_seeqst,2,6,random_stabilizer,10,100,,30,11.824133513003535,4194.303999999998,68.26666666666667,1.0,30.0
random_seeqst,2,6,random_stabilizer,10,100,,100,5.418498685060282,2936.0127999999986,20.48,1.0,100.0
random_seeqst,2,6,random_stabilizer,10,100,,300,2.4613896707167506,2098.087184838339,6.826666666666667,1.0,300.0
random_seeqst,2,6,random_stabilizer,10,100,,1000,1.1764864300109883,1636.030470150167,4.096,1.0,1000.0
random_seeqst,2,6,random_stabilizer,10,100,,3000,0.7224664913413709,1901.5296987350923,2.7306666666666666,1.0,3000.0
random_seeqst,2,6,random_stabilizer,10,100,,10000,0.41062272319003484,2038.466979677108,1.2288,1.0,10000.0
random_seeqst,2,6,random_stabilizer,10,100,,20000,0.29394329793346197,2034.2527499753392,0.7168,1.0,20000.0
random_seeqst,2,6,random_stabilizer,10,100,,30000,0.22876973848051765,2011.8825458253184,0.5461333333333334,1.0,30000.0
random_seeqst,2,6,random_stabilizer,10,100,,40000,0.19198293257474736,2013.2793945388794,0.4608,1.0,40000.0
random_seeqst,2,6,random_stabilizer,10,100,,50000,0.17483731738962366,2026.6976586662051,0.4096,1.0,50000.0
derandomized_seeqst,2,7,random_stabilizer,10,100,97.0,10,0.9534625892455924,1.0,1.0,0.11,0.13
derandomized_seeqst,2,7,random_stabilizer,10,100,97.0,30,0.9468641529479986,1.5,1.0,0.29,0.33
derandomized_seeqst,2,7,random_stabilizer,10,100,97.0,100,0.8374896350934075,1.2365591397849462,1.0,0.68,1.06
derandomized_seeqst,2,7,random_stabilizer,10,100,97.0,300,0.6193042545819248,1.0522853318034042,1.0,0.95,3.23
derandomized_seeqst,2,7,random_stabilizer,10,100,97.0,1000,0.2833969280411064,1.030432567776221,0.7142857142857143,1.0,10.62
derandomized_seeqst,2,7,random_stabilizer,10,100,97.0,3000,0.16653645510533938,1.0061267904973126,0.5172413793103449,1.0,31.84
derandomized_seeqst,2,7,random_stabilizer,10,100,97.0,10000,0.09203051559004342,1.001345338916788,0.20833333333333334,1.0,105.99
derandomized_seeqst,2,7,random_stabilizer,10,100,97.0,20000,0.06333411195646858,1.0008650501217458,0.16751269035532995,1.0,211.84
derandomized_seeqst,2,7,random_stabilizer,10,100,97.0,30000,0.05192064017532732,1.0005497829817798,0.13076923076923078,1.0,317.7
derandomized_seeqst,2,7,random_stabilizer,10,100,97.0,40000,0.04978465294363971,0.9999512286419325,0.12234042553191489,1.0,423.49
derandomized_seeqst,2,7,random_stabilizer,10,100,97.0,50000,0.04460688880449796,0.9999545626101046,0.10967741935483871,1.0,529.85
random_seeqst,2,7,random_stabilizer,10,100,,10,5.346776843295223e-19,0.0,4.336808689942018e-18,1.0,10.0
random_seeqst,2,7,random_stabilizer,10,100,,30,6.826666666666667,1398.1013333333321,68.26666666666667,1.0,30.0
random_seeqst,2,7,random_stabilizer,10,100,,100,5.418498685060282,2936.0127999999986,20.48,1.0,100.0
random_seeqst,2,7,random_stabilizer,10,100,,300,2.9756750121237667,2936.947984838335,6.826666666666667,1.0,300.0
random_seeqst,2,7,random_stabilizer,10,100,,1000,1.5863739786065578,2348.6422998999133,6.144,1.0,1000.0
random_seeqst,2,7,random_stabilizer,10,100,,3000,0.9750430281103837,2208.785659646494,4.096,1.0,3000.0
random_seeqst,2,7,random_stabilizer,10,100,,10000,0.488524203699264,2000.6444165440405,1.2288,1.0,10000.0
random_seeqst,2,7,random_stabilizer,10,100,,20000,0.33745422445125794,2092.948468069968,0.8192,1.0,20000.0
random_seeqst,2,7,random_stabilizer,10,100,,30000,0.26597730630011773,1993.6882136800823,0.6826666666666666,1.0,30000.0
random_seeqst,2,7,random_stabilizer,10,100,,40000,0.2272495720568028,2013.2646092473324,0.5632,1.0,40000.0
random_seeqst,2,7,random_stabilizer,10,100,,50000,0.19190098780360665,2044.307829768353,0.49152,1.0,50000.0
derandomized_seeqst,2,8,random_stabilizer,10,100,100.0,10,1.0,,1.0,0.1,0.1
derandomized_seeqst,2,8,random_stabilizer,10,100,100.0,30,0.9428090415820634,1.3333333333333333,1.0,0.27,0.3
derandomized_seeqst,2,8,random_stabilizer,10,100,100.0,100,0.8607405630850045,1.0307692307692309,1.0,0.61,1.0
derandomized_seeqst,2,8,random_stabilizer,10,100,100.0,300,0.6507589125213742,0.9989099254159495,1.0,0.96,3.0
derandomized_seeqst,2,8,random_stabilizer,10,100,100.0,1000,0.32441638104479936,0.9999888575476811,0.8181818181818182,1.0,10.0
derandomized_seeqst,2,8,random_stabilizer,10,100,100.0,3000,0.20577420330857557,0.9814469347323669,0.46153846153846156,1.0,30.0
derandomized_seeqst,2,8,random_stabilizer,10,100,100.0,10000,0.1019717751478623,0.9895890277170998,0.2571428571428571,1.0,100.0
derandomized_seeqst,2,8,random_stabilizer,10,100,100.0,20000,0.06221622963702201,0.9911119488464774,0.18435754189944134,1.0,200.0
derandomized_seeqst,2,8,random_stabilizer,10,100,100.0,30000,0.050378881189568556,0.990774676524905,0.15901060070671377,1.0,300.0
derandomized_seeqst,2,8,random_stabilizer,10,100,100.0,40000,0.04533949800496042,0.9904249078174695,0.12468193384223919,1.0,400.0
derandomized_seeqst,2,8,random_stabilizer,10,100,100.0,50000,0.039881677550462305,0.9903930602303306,0.12574850299401197,1.0,500.0
random_seeqst,2,8,random_stabilizer,10,100,,10,0.10198039027185556,0.012888888888888889,0.9999999999999986,1.0,10.0
random_seeqst,2,8,random_stabilizer,10,100,,30,6.827402304114078,1398.1137011494243,68.26666666666667,1.0,30.0
random_seeqst,2,8,random_stabilizer,10,100,,100,2.8980910958767323,838.88027070707,20.48,1.0,100.0
random_seeqst,2,8,random_stabilizer,10,100,,300,2.732497189182249,1956.4274171683326,13.653333333333334,1.0,300.0
random_seeqst,2,8,random_stabilizer,10,100,,1000,1.4370902268124988,1971.2591508308467,4.096,1.0,1000.0
random_seeqst,2,8,random_stabilizer,10,100,,3000,0.864475887460142,2055.1354599266087,3.4133333333333336,1.0,3000.0
random_seeqst,2,8,random_stabilizer,10,100,,10000,0.5391149491527758,2034.1433254041538,1.6384,1.0,10000.0
random_seeqst,2,8,random_stabilizer,10,100,,20000,0.33087566743415875,1983.9049585409057,0.8192,1.0,20000.0
random_seeqst,2,8,random_stabilizer,10,100,,30000,0.27759152084392713,2025.8501779537814,0.7509333333333333,1.0,30000.0
random_seeqst,2,8,random_stabilizer,10,100,,40000,0.23754462654415062,2029.0015455890682,0.6656,1.0,40000.0
random_seeqst,2,8,random_stabilizer,10,100,,50000,0.21992490445604382,2049.341643069871,0.77824,1.0,50000.0
derandomized_seeqst,2,9,random_stabilizer,10,100,98.0,10,0.9428090415820634,2.0,1.0,0.09,0.1
derandomized_seeqst,2,9,random_stabilizer,10,100,98.0,30,0.9622504486493763,1.0,1.0,0.27,0.31
derandomized_seeqst,2,9,random_stabilizer,10,100,98.0,100,0.9047666514647263,0.8472222222222223,1.0,0.66,1.01
derandomized_seeqst,2,9,random_stabilizer,10,100,98.0,300,0.6768777614888013,0.9873015873015873,1.0,0.95,3.06
derandomized_seeqst,2,9,random_stabilizer,10,100,98.0,1000,0.32607910103671195,1.0108295854472324,1.0,1.0,10.33
derandomized_seeqst,2,9,random_stabilizer,10,100,98.0,3000,0.20673887410931652,0.9905869419359342,0.6296296296296297,1.0,31.05
derandomized_seeqst,2,9,random_stabilizer,10,100,98.0,10000,0.11402056029005993,0.9968717055512076,0.308411214953271,1.0,103.78
derandomized_seeqst,2,9,random_stabilizer,10,100,98.0,20000,0.07514266456355528,0.9992809344535825,0.2037037037037037,1.0,207.71
derandomized_seeqst,2,9,random_stabilizer,10,100,98.0,30000,0.05907238376372472,0.999789242599499,0.19218241042345277,1.0,311.75
derandomized_seeqst,2,9,random_stabilizer,10,100,98.0,40000,0.04901671589872654,1.0000539236431727,0.1625615763546798,1.0,415.8
derandomized_seeqst,2,9,random_stabilizer,10,100,98.0,50000,0.0433600281145592,1.0000845718318623,0.13111545988258316,1.0,519.95
random_seeqst,2,9,random_stabilizer,10,100,,10,7.709279757381675e-19,0.0,4.336808689942018e-18,1.0,10.0
random_seeqst,2,9,random_stabilizer,10,100,,30,6.826666666666667,1398.1013333333321,68.26666666666667,1.0,30.0
random_seeqst,2,9,random_stabilizer,10,100,,100,4.096,1677.7215999999992,20.48,1.0,100.0
random_seeqst,2,9,random_stabilizer,10,100,,300,2.4613896707167506,1536.9762818283086,13.653333333333334,1.0,300.0
random_seeqst,2,9,random_stabilizer,10,100,,1000,1.7736200269505302,2054.1173493493525,8.192,1.0,1000.0
random_seeqst,2,9,random_stabilizer,10,100,,3000,0.8635126197366454,2181.019432432987,2.7306666666666666,1.0,3000.0
random_seeqst,2,9,random_stabilizer,10,100,,10000,0.39553449811615676,2051.0633147923377,1.024,1.0,10000.0
random_seeqst,2,9,random_stabilizer,10,100,,20000,0.32607607455929666,2084.566990743365,0.9216,1.0,20000.0
random_seeqst,2,9,random_stabilizer,10,100,,30000,0.2838613044741706,2034.224670249178,0.6826666666666666,1.0,30000.0
random_seeqst,2,9,random_stabilizer,10,100,,40000,0.24495869366078846,2054.151733032032,0.6656,1.0,40000.0
random_seeqst,2,9,random_stabilizer,10,100,,50000,0.21716526926744065,2057.719536037357,0.53248,1.0,50000.0
derandomized_seeqst,3,0,haar_random,10,100,99.0,10,1.005493374897568,,1.077724354878613,0.1,0.1
derandomized_seeqst,3,0,haar_random,10,100,99.0,30,0.9706230734310208,0.4,1.0552461816634557,0.24,0.3
derandomized_seeqst,3,0,haar_random,10,100,99.0,100,0.8701740488209753,0.9000000000000001,1.060397069589219,0.6,1.01
derandomized_seeqst,3,0,haar_random,10,100,99.0,300,0.6629589886251035,0.9655952380952382,1.060397069589219,0.95,3.05
derandomized_seeqst,3,0,haar_random,10,100,99.0,1000,0.31082072574013264,1.0158151246309814,0.9815092406727732,1.0,10.23
derandomized_seeqst,3,0,haar_random,10,100,99.0,3000,0.172883571238816,1.0028534395592208,0.4192850440847609,1.0,30.69
derandomized_seeqst,3,0,haar_random,10,100,99.0,10000,0.10314978252306242,0.9989926686461702,0.25978070993337116,1.0,102.2
derandomized_seeqst,3,0,haar_random,10,100,99.0,20000,0.07344488377556851,0.998799565167425,0.23196359785993978,1.0,204.03
derandomized_seeqst,3,0,haar_random,10,100,99.0,30000,0.05323614943519297,0.9995668700125765,0.1679345079628328,1.0,305.99
derandomized_seeqst,3,0,haar_random,10,100,99.0,40000,0.04740200504615653,0.9989928932094135,0.17853449338238517,1.0,407.9
derandomized_seeqst,3,0,haar_random,10,100,99.0,50000,0.041963923131662396,0.9990274744497596,0.13272009860722078,1.0,509.94
random_seeqst,3,0,haar_random,10,100,,10,20.47461502492508,4194.304000000001,204.7458946938507,1.0,10.0
random_seeqst,3,0,haar_random,10,100,,30,6.821332842828971,1398.1013333333312,68.21256136051736,1.0,30.0
random_seeqst,3,0,haar_random,10,100,,100,2.0428456181210772,419.4303999999995,20.42589469385069,1.0,100.0
random_seeqst,3,0,haar_random,10,100,,300,1.5196404136357402,699.0506666666631,6.826433812414177,1.0,300.0
random_seeqst,3,0,haar_random,10,100,,1000,1.3686153334829243,1719.4966998999123,4.149741494468976,1.0,1000.0
random_seeqst,3,0,haar_random,10,100,,3000,0.7224189558726658,1999.424763418892,2.056845853349121,1.0,3000.0
random_seeqst,3,0,haar_random,10,100,,10000,0.4647058442910979,2256.5405856681964,1.2123987146428916,1.0,10000.0
random_seeqst,3,0,haar_random,10,100,,20000,0.3342715026519324,2149.5728304241497,0.7771970695892192,1.0,20000.0
random_seeqst,3,0,haar_random,10,100,,30000,0.2502374937280164,2113.93471538231,0.72547629964316,1.0,30000.0
random_seeqst,3,0,haar_random,10,100,,40000,0.2321307944124138,2109.730770021417,0.8449429663098266,1.0,40000.0
random_seeqst,3,0,haar_random,10,100,,50000,0.21163396487979202,2096.3081059350907,0.6708629663098267,1.0,50000.0
derandomized_seeqst,3,1,haar_random,10,100,97.0,10,0.941797560175374,2.0,1.0298665604219706,0.09,0.1
derandomized_seeqst,3,1,haar_random,10,100,97.0,30,0.9423297265133201,1.5,1.075376162653953,0.28,0.32
derandomized_seeqst,3,1,haar_random,10,100,97.0,100,0.8554687063879749,1.0777777777777777,1.0763498610685387,0.66,1.06
derandomized_seeqst,3,1,haar_random,10,100,97.0,300,0.6352106784613764,1.048495807989479,1.0451158022763196,0.94,3.24
derandomized_seeqst,3,1,haar_random,10,100,97.0,1000,0.32844647772812713,0.9965930858301298,1.0311332964187065,1.0,10.63
derandomized_seeqst,3,1,haar_random,10,100,97.0,3000,0.21058978347378784,0.9872567934753442,0.637393017351089,1.0,31.89
derandomized_seeqst,3,1,haar_random,10,100,97.0,10000,0.09391602609500167,0.9993331978414353,0.28151540060390706,1.0,106.25
derandomized_seeqst,3,1,haar_random,10,100,97.0,20000,0.06872103159246255,0.9986167595706962,0.20019936406564764,1.0,212.51
derandomized_seeqst,3,1,haar_random,10,100,97.0,30000,0.058282691088242265,0.9984441633787806,0.17834028087379705,1.0,318.91
derandomized_seeqst,3,1,haar_random,10,100,97.0,40000,0.05647671397669969,0.9979484686173162,0.13606222849787974,1.0,425.07
derandomized_seeqst,3,1,haar_random,10,100,97.0,50000,0.04840949313103252,0.9984736877109563,0.11098944163471117,1.0,531.53
random_seeqst,3,1,haar_random,10,100,,10,20.482000524262112,4194.304000000001,204.81973621197068,1.0,10.0
random_seeqst,3,1,haar_random,10,100,,30,9.660268112307733,2796.202666666664,68.32963443013959,1.0,30.0
random_seeqst,3,1,haar_random,10,100,,100,4.584485861510079,2097.151999999998,20.54296776347292,1.0,100.0
random_seeqst,3,1,haar_random,10,100,,300,2.818158504572467,2376.772266666654,6.889634430139587,1.0,300.0
random_seeqst,3,1,haar_random,10,100,,1000,1.3792830758664971,2055.376900100114,4.108232013839737,1.0,1000.0
random_seeqst,3,1,haar_random,10,100,,3000,0.7827029526520118,2125.207264501462,2.042351003756769,1.0,3000.0
random_seeqst,3,1,haar_random,10,100,,10000,0.47226373655433657,1988.0715718803478,1.2124754672240778,1.0,10000.0
random_seeqst,3,1,haar_random,10,100,,20000,0.3665746492732757,1975.4792236509318,0.9052754672240779,1.0,20000.0
random_seeqst,3,1,haar_random,10,100,,30000,0.28837210924153683,2007.654686274712,0.8350256075876722,1.0,30000.0
random_seeqst,3,1,haar_random,10,100,,40000,0.2420869304028452,2048.90890546203,0.7326256075876721,1.0,40000.0
random_seeqst,3,1,haar_random,10,100,,50000,0.2133158899281611,2035.910598106535,0.7121456075876722,1.0,50000.0
derandomized_seeqst,3,2,haar_random,10,100,98.0,10,0.9617908418092324,1.0,1.043355149376714,0.08,0.1
derandomized_seeqst,3,2,haar_random,10,100,98.0,30,0.9328838806035733,1.4666666666666668,1.0737827801091384,0.24,0.3
derandomized_seeqst,3,2,haar_random,10,100,98.0,100,0.9150878603150319,0.6666666666666666,1.0737827801091384,0.64,1.03
derandomized_seeqst,3,2,haar_random,10,100,98.0,300,0.6130520033169218,1.0482465854558878,1.053352881018436,0.96,3.13
derandomized_seeqst,3,2,haar_random,10,100,98.0,1000,0.3373511725176912,0.9990462076623067,0.8145825833643388,1.0,10.39
derandomized_seeqst,3,2,haar_random,10,100,98.0,3000,0.20501630234104987,0.9909492087404556,0.6648347850536388,1.0,31.04
derandomized_seeqst,3,2,haar_random,10,100,98.0,10000,0.09691264114645926,0.9989562349794124,0.26488608394482244,1.0,103.63
derandomized_seeqst,3,2,haar_random,10,100,98.0,20000,0.06592637520977382,0.9993622634116341,0.15888341964639363,1.0,207.48
derandomized_seeqst,3,2,haar_random,10,100,98.0,30000,0.055715169002282704,0.9994039273088683,0.17140191347058373,1.0,311.53
derandomized_seeqst,3,2,haar_random,10,100,98.0,40000,0.04977576773620556,0.9997427136554639,0.11655332255901499,1.0,415.58
derandomized_seeqst,3,2,haar_random,10,100,98.0,50000,0.04563007435565709,0.9994924592284947,0.11943351787822074,1.0,519.67
random_seeqst,3,2,haar_random,10,100,,10,28.958480811574805,8388.608000000002,204.78256506492093,1.0,10.0
random_seeqst,3,2,haar_random,10,100,,30,15.26301059811632,6990.506666666661,68.30555008631306,1.0,30.0
random_seeqst,3,2,haar_random,10,100,,100,5.013669434891366,3363.9165414141394,20.485398049014496,1.0,100.0
random_seeqst,3,2,haar_random,10,100,,300,2.643099269263003,2377.7074515050026,6.874720810111061,1.0,300.0
random_seeqst,3,2,haar_random,10,100,,1000,1.312811071964113,2391.4250404004206,4.135257128075127,1.0,1000.0
random_seeqst,3,2,haar_random,10,100,,3000,0.7848217258463864,1999.3315255840434,2.0533980490144947,1.0,3000.0
random_seeqst,3,2,haar_random,10,100,,10000,0.45773710992400984,2113.9283770553097,1.0442103042744517,1.0,10000.0
random_seeqst,3,2,haar_random,10,100,,20000,0.3151019363240329,1988.0977890176946,0.8515330004611115,1.0,20000.0
random_seeqst,3,2,haar_random,10,100,,30000,0.23757647920277178,1983.9136216287227,0.7142056808587196,1.0,30000.0
random_seeqst,3,2,haar_random,10,100,,40000,0.20905161477446324,2016.4169434415617,0.5735944061162364,1.0,40000.0
random_seeqst,3,2,haar_random,10,100,,50000,0.20155894885696804,2025.8476911271316,0.5838344061162363,1.0,50000.0
derandomized_seeqst,3,3,haar_random,10,100,96.0,10,0.9704521356128929,,0.9950332163855755,0.1,0.1
derandomized_seeqst,3,3,haar_random,10,100,96.0,30,0.9783348679031185,0.6666666666666666,1.0630119838909222,0.28,0.31
derandomized_seeqst,3,3,haar_random,10,100,96.0,100,0.8682912663999307,0.9270833333333334,1.0640607411708851,0.68,1.09
derandomized_seeqst,3,3,haar_random,10,100,96.0,300,0.5993632332801554,1.0932762618155878,1.0640607411708851,0.99,3.22
derandomized_seeqst,3,3,haar_random,10,100,96.0,1000,0.3186897140311164,1.0018288979756875,0.7665609080849394,1.0,10.77
derandomized_seeqst,3,3,haar_random,10,100,96.0,3000,0.18420687325704052,0.9969607435505471,0.43998896616792155,1.0,32.49
derandomized_seeqst,3,3,haar_random,10,100,96.0,10000,0.09263056575114709,0.9992876685061889,0.2338835721527009,1.0,108.3
derandomized_seeqst,3,3,haar_random,10,100,96.0,20000,0.06695655741869005,0.9986032758857364,0.22901307582395475,1.0,216.02
derandomized_seeqst,3,3,haar_random,10,100,96.0,30000,0.059041607471258584,0.9982827010806946,0.15739014386815636,1.0,323.8
derandomized_seeqst,3,3,haar_random,10,100,96.0,40000,0.05154731894803315,0.9981442381660652,0.15333222931160526,1.0,431.26
derandomized_seeqst,3,3,haar_random,10,100,96.0,50000,0.04745038168881432,0.9981620432677064,0.11825226546233811,1.0,539.44
random_seeqst,3,3,haar_random,10,100,,10,0.03364920922126247,0.0,0.08884757346757777,1.0,10.0
random_seeqst,3,3,haar_random,10,100,,30,11.829588910180771,4194.303999999996,68.33162802623957,1.0,30.0
random_seeqst,3,3,haar_random,10,100,,100,7.6634533033749275,5024.691458585855,41.02191787800033,1.0,100.0
random_seeqst,3,3,haar_random,10,100,,300,3.341525307441601,3074.887748494967,13.715251211333662,1.0,300.0
random_seeqst,3,3,haar_random,10,100,,1000,1.5042752009976679,2264.924160000014,4.157917878000327,1.0,1000.0
random_seeqst,3,3,haar_random,10,100,,3000,0.8031302278354443,2013.293891350402,2.109917878000327,1.0,3000.0
random_seeqst,3,3,haar_random,10,100,,10000,0.440331367936225,1912.598429276483,1.2043323787214997,1.0,10000.0
random_seeqst,3,3,haar_random,10,100,,20000,0.30138248518977945,1973.4256945937225,0.8118540121018643,1.0,20000.0
random_seeqst,3,3,haar_random,10,100,,30000,0.25067481201227765,2024.4531541234305,0.6581990453881664,1.0,30000.0
random_seeqst,3,3,haar_random,10,100,,40000,0.21958260172812233,2013.2667588820864,0.49913925882911503,1.0,40000.0
random_seeqst,3,3,haar_random,10,100,,50000,0.19830078117399502,1986.4223072905309,0.5260306051653034,1.0,50000.0
derandomized_seeqst,3,4,haar_random,10,100,99.0,10,0.9949310955477,,1.0560823231910228,0.1,0.1
derandomized_seeqst,3,4,haar_random,10,100,99.0,30,0.9225096369163026,1.3333333333333333,1.0757274692054297,0.26,0.32
derandomized_seeqst,3,4,haar_random,10,100,99.0,100,0.909844302096441,0.8142857142857143,1.0757274692054297,0.67,1.05
derandomized_seeqst,3,4,haar_random,10,100,99.0,300,0.6891179338725881,0.9437088656600853,1.0757274692054297,0.98,3.09
derandomized_seeqst,3,4,haar_random,10,100,99.0,1000,0.35692481410760285,0.9827259771532216,0.9716555649526142,1.0,10.2
derandomized_seeqst,3,4,haar_random,10,100,99.0,3000,0.17790965325131144,1.0028751664245785,0.5283382762595852,1.0,30.65
derandomized_seeqst,3,4,haar_random,10,100,99.0,10000,0.10799013549424825,0.9968552097080557,0.32509023028808565,1.0,102.07
derandomized_seeqst,3,4,haar_random,10,100,99.0,20000,0.06649568805378855,0.9990175301458747,0.15110694546294806,1.0,204.13
derandomized_seeqst,3,4,haar_random,10,100,99.0,30000,0.05299767839126867,0.9991574651761134,0.17021990797213699,1.0,306.24
derandomized_seeqst,3,4,haar_random,10,100,99.0,40000,0.03855520935008792,0.9996942489916507,0.1086541152742688,1.0,408.3
derandomized_seeqst,3,4,haar_random,10,100,99.0,50000,0.03785977406413602,0.9992469133237109,0.10454493226213055,1.0,510.3
random_seeqst,3,4,haar_random,10,100,,10,0.0340947454892236,0.0,0.10333669863180207,1.0,10.0
random_seeqst,3,4,haar_random,10,100,,30,0.0340947454892236,0.0,0.10333669863180207,1.0,30.0
random_seeqst,3,4,haar_random,10,100,,100,4.09655410919268,1677.7215999999994,20.520476862536775,1.0,100.0
random_seeqst,3,4,haar_random,10,100,,300,2.0467456024230875,1538.8466515050095,6.867870218738563,1.0,300.0
random_seeqst,3,4,haar_random,10,100,,1000,1.2115406393766588,2055.7967503503655,4.09266163675776,1.0,1000.0
random_seeqst,3,4,haar_random,10,100,,3000,0.8416782450925323,1985.2572744158651,2.0857887271250584,1.0,3000.0
random_seeqst,3,4,haar_random,10,100,,10000,0.4598341184712521,2118.1235199999796,1.4486450889866478,1.0,10000.0
random_seeqst,3,4,haar_random,10,100,,20000,0.30989750354992623,2095.06512455898,1.0390450889866478,1.0,20000.0
random_seeqst,3,4,haar_random,10,100,,30000,0.23831892610172453,2098.5653877514055,0.765978422319981,1.0,30000.0
random_seeqst,3,4,haar_random,10,100,,40000,0.21602789889278656,2078.283609033095,0.6377018774218288,1.0,40000.0
random_seeqst,3,4,haar_random,10,100,,50000,0.19112084282821915,2050.1811640171873,0.5086294701469044,1.0,50000.0
derandomized_seeqst,3,5,haar_random,10,100,98.0,10,0.9985252905231021,0.0,1.0299409995586049,0.09,0.1
derandomized_seeqst,3,5,haar_random,10,100,98.0,30,0.967012253779049,1.0,1.039795648792588,0.28,0.32
derandomized_seeqst,3,5,haar_random,10,100,98.0,100,0.8924907014110133,0.9358974358974359,1.0586280423716212,0.7,1.07
derandomized_seeqst,3,5,haar_random,10,100,98.0,300,0.62937733930718,1.053458749755046,1.0500124504874762,0.95,3.16
derandomized_seeqst,3,5,haar_random,10,100,98.0,1000,0.35429599761015074,0.9804588871740575,0.9881695451664712,1.0,10.42
derandomized_seeqst,3,5,haar_random,10,100,98.0,3000,0.18202259748384028,0.9979173085951056,0.5266949211386973,1.0,31.18
derandomized_seeqst,3,5,haar_random,10,100,98.0,10000,0.09357890532635461,1.0003243731971045,0.2619403541356101,1.0,104.01
derandomized_seeqst,3,5,haar_random,10,100,98.0,20000,0.06535084778585629,0.9988071378361686,0.14765161249987385,1.0,208.27
derandomized_seeqst,3,5,haar_random,10,100,98.0,30000,0.05726976828860643,0.9984655615647298,0.14566022334180556,1.0,311.82
derandomized_seeqst,3,5,haar_random,10,100,98.0,40000,0.04772504263043077,0.9986802571288371,0.11398182442417544,1.0,415.71
derandomized_seeqst,3,5,haar_random,10,100,98.0,50000,0.04295476506197318,0.99872394275858,0.10122936783530274,1.0,519.75
random_seeqst,3,5,haar_random,10,100,,10,20.481266285566683,4194.304000000001,204.81242034797975,1.0,10.0
random_seeqst,3,5,haar_random,10,100,,30,9.65640943067121,2796.202666666664,68.28243915723797,1.0,30.0
random_seeqst,3,5,haar_random,10,100,,100,5.0171556907165895,2516.582399999998,20.50985238794869,1.0,100.0
random_seeqst,3,5,haar_random,10,100,,300,2.8964918808163564,2236.0269484949727,13.637492255564013,1.0,300.0
random_seeqst,3,5,haar_random,10,100,,1000,1.5475454838719016,2138.8431298498663,4.117852031583251,1.0,1000.0
random_seeqst,3,5,haar_random,10,100,,3000,0.8234733498824253,2083.1896342335885,2.7240243685573415,1.0,3000.0
random_seeqst,3,5,haar_random,10,100,,10000,0.3986929126141955,1874.8824121195921,1.2221577018906749,1.0,10000.0
random_seeqst,3,5,haar_random,10,100,,20000,0.30662956431599375,2009.0808439304863,0.9159374013258378,1.0,20000.0
random_seeqst,3,5,haar_random,10,100,,30000,0.2596452552896684,2025.8484591608449,0.7196750698079171,1.0,30000.0
random_seeqst,3,5,haar_random,10,100,,40000,0.23318401125408592,2003.8229686882416,0.6777667471293908,1.0,40000.0
random_seeqst,3,5,haar_random,10,100,,50000,0.193534282772492,2024.172922376267,0.5688900742681269,1.0,50000.0
derandomized_seeqst,3,6,haar_random,10,100,95.0,10,0.9922212218986565,,1.0239548935671632,0.1,0.1
derandomized_seeqst,3,6,haar_random,10,100,95.0,30,0.9257992268115872,1.3333333333333333,1.0717366531247097,0.27,0.33
derandomized_seeqst,3,6,haar_random,10,100,95.0,100,0.8447002578801056,1.049019607843137,1.078248921309072,0.66,1.11
derandomized_seeqst,3,6,haar_random,10,100,95.0,300,0.632483265369031,1.0079938802830368,1.078248921309072,0.94,3.36
derandomized_seeqst,3,6,haar_random,10,100,95.0,1000,0.35245289449978473,0.9822777740200003,1.0137246030810654,1.0,11.08
derandomized_seeqst,3,6,haar_random,10,100,95.0,3000,0.18897345959162662,0.9957638719632008,0.6128172364257609,1.0,33.15
derandomized_seeqst,3,6,haar_random,10,100,95.0,10000,0.09323133709218938,1.0008649949497461,0.19924739400157154,1.0,110.09
derandomized_seeqst,3,6,haar_random,10,100,95.0,20000,0.06943727523643027,0.9993028187737382,0.19894884197888157,1.0,219.73
derandomized_seeqst,3,6,haar_random,10,100,95.0,30000,0.05578889327642981,0.9993087789629613,0.16434137175377714,1.0,329.79
derandomized_seeqst,3,6,haar_random,10,100,95.0,40000,0.04644457161036364,0.9991580448597701,0.12578625957839998,1.0,439.74
derandomized_seeqst,3,6,haar_random,10,100,95.0,50000,0.038728309489079675,0.9991584522639105,0.10465187133950458,1.0,549.39
random_seeqst,3,6,haar_random,10,100,,10,20.48181890846383,4194.304000000001,204.8179198852874,1.0,10.0
random_seeqst,3,6,haar_random,10,100,,30,11.825595356458278,4194.303999999998,68.28458655195406,1.0,30.0
random_seeqst,3,6,haar_random,10,100,,100,5.019001770321179,2516.582399999998,20.502605975407686,1.0,100.0
random_seeqst,3,6,haar_random,10,100,,300,3.127835944607055,2655.4573484949697,13.64360855301685,1.0,300.0
random_seeqst,3,6,haar_random,10,100,,1000,1.4436403980299872,2181.1220500500613,4.1234223172685756,1.0,1000.0
random_seeqst,3,6,haar_random,10,100,,3000,0.8783337529846946,2125.0394363987443,2.7532726420743527,1.0,3000.0
random_seeqst,3,6,haar_random,10,100,,10000,0.3897864458716586,2034.286937737009,0.9412479924144814,1.0,10000.0
random_seeqst,3,6,haar_random,10,100,,20000,0.28195398045997616,2025.8674975862937,0.7731109268604982,1.0,20000.0
random_seeqst,3,6,haar_random,10,100,,30000,0.260492019230046,2044.0231240251546,0.6680247895165493,1.0,30000.0
random_seeqst,3,6,haar_random,10,100,,40000,0.23208807054202424,2046.8172061936689,0.64837205192692,1.0,40000.0
random_seeqst,3,6,haar_random,10,100,,50000,0.2158385293083057,2030.036693420833,0.64837205192692,1.0,50000.0
derandomized_seeqst,3,7,haar_random,10,100,98.0,10,1.0193906760542701,,1.073750818991911,0.1,0.1
derandomized_seeqst,3,7,haar_random,10,100,98.0,30,0.884851758734016,1.5,1.073750818991911,0.24,0.32
derandomized_seeqst,3,7,haar_random,10,100,98.0,100,0.8204842907273143,1.0888888888888888,1.0690762530086126,0.57,1.08
derandomized_seeqst,3,7,haar_random,10,100,98.0,300,0.6412587922352654,1.0597267917267919,1.0806155042366852,0.93,3.18
derandomized_seeqst,3,7,haar_random,10,100,98.0,1000,0.3207708798132094,1.0065455804496724,0.9911184410405055,1.0,10.39
derandomized_seeqst,3,7,haar_random,10,100,98.0,3000,0.17900391623816256,1.0020691199010379,0.575205037258037,1.0,31.28
derandomized_seeqst,3,7,haar_random,10,100,98.0,10000,0.08614043203014977,1.0017114560451377,0.23073969455824342,1.0,104.03
derandomized_seeqst,3,7,haar_random,10,100,98.0,20000,0.06500879703399029,0.9997480438517922,0.1458109676190649,1.0,208.15
derandomized_seeqst,3,7,haar_random,10,100,98.0,30000,0.054206611805224986,0.9992736189150945,0.12671718615159958,1.0,311.9
derandomized_seeqst,3,7,haar_random,10,100,98.0,40000,0.04403775102291724,0.9992443372353078,0.09666025397332148,1.0,416.21
derandomized_seeqst,3,7,haar_random,10,100,98.0,50000,0.03906856649432024,0.9991823942107151,0.08607334565576386,1.0,520.04
random_seeqst,3,7,haar_random,10,100,,10,20.477852019169738,4194.304000000001,204.77825413972437,1.0,10.0
random_seeqst,3,7,haar_random,10,100,,30,11.822298339597449,4194.3039999999955,68.2664047951892,1.0,30.0
random_seeqst,3,7,haar_random,10,100,,100,4.57702608953245,2097.1519999999987,20.518199731317743,1.0,100.0
random_seeqst,3,7,haar_random,10,100,,300,2.1606564201334617,1678.6567848383409,6.89574291967528,1.0,300.0
random_seeqst,3,7,haar_random,10,100,,1000,1.4643444532933827,2139.0950400000183,4.122861036217445,1.0,1000.0
random_seeqst,3,7,haar_random,10,100,,3000,0.8695522897901348,2167.0197715327017,2.667809614142891,1.0,3000.0
random_seeqst,3,7,haar_random,10,100,,10000,0.46059335430524995,2218.7994001704033,1.0258117153768345,1.0,10000.0
random_seeqst,3,7,haar_random,10,100,,20000,0.320587642181022,2143.2968941248396,0.7974155042366853,1.0,20000.0
random_seeqst,3,7,haar_random,10,100,,30000,0.27100504888622967,2119.520129975847,0.7515538030689061,1.0,30000.0
random_seeqst,3,7,haar_random,10,100,,40000,0.21726358871058787,2089.8196227962135,0.532245465045136,1.0,40000.0
random_seeqst,3,7,haar_random,10,100,,50000,0.20997985509445888,2092.9579644413207,0.5589938904205203,1.0,50000.0
derandomized_seeqst,3,8,haar_random,10,100,98.0,10,0.9914589701216725,0.0,1.017647843381871,0.09,0.1
derandomized_seeqst,3,8,haar_random,10,100,98.0,30,0.9046069468490986,1.0,1.0393639063030016,0.24,0.32
derandomized_seeqst,3,8,haar_random,10,100,98.0,100,0.863468745762074,1.0357142857142858,1.0698756228858755,0.65,1.03
derandomized_seeqst,3,8,haar_random,10,100,98.0,300,0.6447157983286729,1.0820037105751394,1.0501626616266513,0.95,3.05
derandomized_seeqst,3,8,haar_random,10,100,98.0,1000,0.30888732297492266,1.0145569028494725,0.7917713944679151,1.0,10.28
derandomized_seeqst,3,8,haar_random,10,100,98.0,3000,0.16132283984588455,1.0071118842640978,0.4893207277796564,1.0,31.01
derandomized_seeqst,3,8,haar_random,10,100,98.0,10000,0.09945225667635886,1.0000264294028025,0.2690935278328549,1.0,103.78
derandomized_seeqst,3,8,haar_random,10,100,98.0,20000,0.07169771041811324,1.0000253523663245,0.16158863514166613,1.0,207.57
derandomized_seeqst,3,8,haar_random,10,100,98.0,30000,0.05939107999429767,0.9993982617907762,0.15082434603329087,1.0,311.1
derandomized_seeqst,3,8,haar_random,10,100,98.0,40000,0.049839666454907845,0.999490341370972,0.14819006618382113,1.0,415.29
derandomized_seeqst,3,8,haar_random,10,100,98.0,50000,0.04273209695720738,0.9995006754660096,0.13677244552720708,1.0,519.42
random_seeqst,3,8,haar_random,10,100,,10,0.029831162470123365,0.0,0.07182199079402526,1.0,10.0
random_seeqst,3,8,haar_random,10,100,,30,0.029831162470123365,0.0,0.07182199079402526,1.0,30.0
random_seeqst,3,8,haar_random,10,100,,100,2.896251579011373,838.8607999999997,20.508046079487098,1.0,100.0
random_seeqst,3,8,haar_random,10,100,,300,2.6429051749382935,2377.7074515050062,6.885841786467735,1.0,300.0
random_seeqst,3,8,haar_random,10,100,,1000,1.4177937561444764,2181.206020100124,4.14993895056177,1.0,1000.0
random_seeqst,3,8,haar_random,10,100,,3000,0.718063457279919,1985.4530738690148,2.0300824829793997,1.0,3000.0
random_seeqst,3,8,haar_random,10,100,,10000,0.4530549868796749,2055.2106378893077,1.3942360936969984,1.0,10000.0
random_seeqst,3,8,haar_random,10,100,,20000,0.3362349408861381,2048.90659826466,0.9003875356706897,1.0,20000.0
random_seeqst,3,8,haar_random,10,100,,30000,0.24579885362577245,2049.6253163939996,0.7840709930964506,1.0,30000.0
random_seeqst,3,8,haar_random,10,100,,40000,0.22358929487599416,2045.7737159140877,0.6475376597631172,1.0,40000.0
random_seeqst,3,8,haar_random,10,100,,50000,0.20988102142393608,2040.1066805270827,0.6884976597631173,1.0,50000.0
derandomized_seeqst,3,9,haar_random,10,100,95.0,10,0.9839539113524834,0.0,1.0098265239493214,0.1,0.11
derandomized_seeqst,3,9,haar_random,10,100,95.0,30,0.9699458604517472,1.0,1.097565358547811,0.3,0.32
derandomized_seeqst,3,9,haar_random,10,100,95.0,100,0.8778591563157203,1.0933333333333335,1.097565358547811,0.69,1.07
derandomized_seeqst,3,9,haar_random,10,100,95.0,300,0.648818697009885,0.9832420591456736,1.0462825282149872,0.96,3.25
derandomized_seeqst,3,9,haar_random,10,100,95.0,1000,0.30357016531717196,1.0167371969512997,0.9823042068861643,1.0,10.85
derandomized_seeqst,3,9,haar_random,10,100,95.0,3000,0.18085210577927832,0.9984885829821838,0.5296261640332671,1.0,32.76
derandomized_seeqst,3,9,haar_random,10,100,95.0,10000,0.09495458360653325,1.0000908215346973,0.22766334753139938,1.0,109.39
derandomized_seeqst,3,9,haar_random,10,100,95.0,20000,0.06783820847811878,0.9993870927321066,0.17390745437296654,1.0,219.29
derandomized_seeqst,3,9,haar_random,10,100,95.0,30000,0.057911855307928584,0.9991718991997367,0.16874869343589569,1.0,329.65
derandomized_seeqst,3,9,haar_random,10,100,95.0,40000,0.049643866536635765,0.9991246247061398,0.12707971249361413,1.0,439.69
derandomized_seeqst,3,9,haar_random,10,100,95.0,50000,0.04293312609034607,0.9992736032311946,0.1214356022179249,1.0,549.63
random_seeqst,3,9,haar_random,10,100,,10,20.481453739793206,4194.304000000001,204.81430142739788,1.0,10.0
random_seeqst,3,9,haar_random,10,100,,30,6.828167590355831,1398.101333333332,68.28096809406453,1.0,30.0
random_seeqst,3,9,haar_random,10,100,,100,2.8962365781251624,838.8607999999995,20.49430142739787,1.0,100.0
random_seeqst,3,9,haar_random,10,100,,300,2.7326580072113202,1956.4066818283072,13.68526264255623,1.0,300.0
random_seeqst,3,9,haar_random,10,100,,1000,1.3753749098011032,1887.4368000000143,4.168460078771466,1.0,1000.0
random_seeqst,3,9,haar_random,10,100,,3000,0.8203129893508081,2027.2469333332933,2.7113293077642,1.0,3000.0
random_seeqst,3,9,haar_random,10,100,,10000,0.44111490656663627,1996.4920597787486,1.443669718649688,1.0,10000.0
random_seeqst,3,9,haar_random,10,100,,20000,0.28614654161806186,2042.6461816661367,0.9316697186496882,1.0,20000.0
random_seeqst,3,9,haar_random,10,100,,30000,0.268933869789922,2064.9923137785,0.6656096835958528,1.0,30000.0
random_seeqst,3,9,haar_random,10,100,,40000,0.2186816010413302,2057.310096688818,0.46255411458891416,1.0,40000.0
random_seeqst,3,9,haar_random,10,100,,50000,0.19313597273215233,2049.3406254622114,0.4420807756521434,1.0,50000.0
derandomized_seeqst,3,0,ghz,10,100,97.0,10,1.0,0.0,1.0,0.09,0.1
derandomized_seeqst,3,0,ghz,10,100,97.0,30,0.9789450103725609,0.4,1.0,0.24,0.3
derandomized_seeqst,3,0,ghz,10,100,97.0,100,0.8588975014708023,0.9333333333333333,1.0,0.61,1.04
derandomized_seeqst,3,0,ghz,10,100,97.0,300,0.6465216953080386,1.0211640211640212,1.0,0.94,3.14
derandomized_seeqst,3,0,ghz,10,100,97.0,1000,0.3501651299868756,0.9810431376901966,1.0,1.0,10.58
derandomized_seeqst,3,0,ghz,10,100,97.0,3000,0.2233480060316513,0.9830936672432727,0.5,1.0,31.85
derandomized_seeqst,3,0,ghz,10,100,97.0,10000,0.1004722183847272,0.9997051016459669,0.2641509433962264,1.0,106.22
derandomized_seeqst,3,0,ghz,10,100,97.0,20000,0.07755873033640466,0.9988512551818105,0.2,1.0,212.22
derandomized_seeqst,3,0,ghz,10,100,97.0,30000,0.059448358708169134,0.9997082472069135,0.13286713286713286,1.0,317.82
derandomized_seeqst,3,0,ghz,10,100,97.0,40000,0.04981116923166164,0.9999496090883879,0.1201923076923077,1.0,423.82
derandomized_seeqst,3,0,ghz,10,100,97.0,50000,0.04511449874263272,0.9999092515769634,0.11561866125760649,1.0,530.07
random_seeqst,3,0,ghz,10,100,,10,0.0,0.0,0.0,1.0,10.0
random_seeqst,3,0,ghz,10,100,,30,0.0,0.0,0.0,1.0,30.0
random_seeqst,3,0,ghz,10,100,,100,4.57946721791957,2097.1519999999996,20.48,1.0,100.0
random_seeqst,3,0,ghz,10,100,,300,2.158781549341614,1398.1013333333249,6.826666666666667,1.0,300.0
random_seeqst,3,0,ghz,10,100,,1000,1.5597103320809285,2012.8460697497594,4.096,1.0,1000.0
random_seeqst,3,0,ghz,10,100,,3000,0.9916306122297309,2026.9392484783511,3.4133333333333336,1.0,3000.0
random_seeqst,3,0,ghz,10,100,,10000,0.4697024487907211,2004.8571773272936,1.4336,1.0,10000.0
random_seeqst,3,0,ghz,10,100,,20000,0.33745422445125794,2038.419789636191,1.1264,1.0,20000.0
random_seeqst,3,0,ghz,10,100,,30000,0.2727251197329159,2016.05494550744,0.7509333333333333,1.0,30000.0
random_seeqst,3,0,ghz,10,100,,40000,0.21570943419331476,2012.2211189680497,0.6144,1.0,40000.0
random_seeqst,3,0,ghz,10,100,,50000,0.19010029790613164,2019.9810678987444,0.45056,1.0,50000.0
derandomized_seeqst,3,1,ghz,10,100,99.0,10,1.0,,1.0,0.1,0.1
derandomized_seeqst,3,1,ghz,10,100,99.0,30,0.9819805060619657,0.6666666666666666,1.0,0.28,0.31
derandomized_seeqst,3,1,ghz,10,100,99.0,100,0.8524131551862061,0.8709677419354839,1.0,0.57,1.04
derandomized_seeqst,3,1,ghz,10,100,99.0,300,0.6583467879448329,0.9922183507549361,1.0,0.96,3.07
derandomized_seeqst,3,1,ghz,10,100,99.0,1000,0.3246746206995242,1.0049837822995715,1.0,1.0,10.2
derandomized_seeqst,3,1,ghz,10,100,99.0,3000,0.19736725638760488,0.9949233975598815,0.6363636363636364,1.0,30.65
derandomized_seeqst,3,1,ghz,10,100,99.0,10000,0.1122830401485729,0.9973828095142203,0.38461538461538464,1.0,101.96
derandomized_seeqst,3,1,ghz,10,100,99.0,20000,0.07367503046449697,0.9995444325251194,0.20418848167539266,1.0,204.01
derandomized_seeqst,3,1,ghz,10,100,99.0,30000,0.06300521615064714,0.9993393526483116,0.15723270440251572,1.0,305.88
derandomized_seeqst,3,1,ghz,10,100,99.0,40000,0.0538791104335608,0.9995770281367349,0.15934065934065933,1.0,407.88
derandomized_seeqst,3,1,ghz,10,100,99.0,50000,0.049506581457650425,0.9995317469132202,0.13513513513513514,1.0,509.8
random_seeqst,3,1,ghz,10,100,,10,0.0,0.0,0.0,1.0,10.0
random_seeqst,3,1,ghz,10,100,,30,6.826666666666667,1398.1013333333328,68.26666666666667,1.0,30.0
random_seeqst,3,1,ghz,10,100,,100,2.8963093757400986,838.8607999999996,20.48,1.0,100.0
random_seeqst,3,1,ghz,10,100,,300,2.730666666666667,1956.4066818283109,13.653333333333334,1.0,300.0
random_seeqst,3,1,ghz,10,100,,1000,1.4040380621621338,2139.2629801001135,4.096,1.0,1000.0
random_seeqst,3,1,ghz,10,100,,3000,0.7693262622436452,2223.130300535688,2.7306666666666666,1.0,3000.0
random_seeqst,3,1,ghz,10,100,,10000,0.4023681577858765,2105.5892667923135,1.024,1.0,10000.0
random_seeqst,3,1,ghz,10,100,,20000,0.28745049799922073,2134.924854454255,0.9216,1.0,20000.0
random_seeqst,3,1,ghz,10,100,,30000,0.24943036970933055,2076.18747074018,0.7509333333333333,1.0,30000.0
random_seeqst,3,1,ghz,10,100,,40000,0.22667206268086942,2059.403368860473,0.768,1.0,40000.0
random_seeqst,3,1,ghz,10,100,,50000,0.21291321619852535,2075.337793918824,0.69632,1.0,50000.0
derandomized_seeqst,3,2,ghz,10,100,97.0,10,1.0,0.0,1.0,0.09,0.12
derandomized_seeqst,3,2,ghz,10,100,97.0,30,0.9622504486493763,0.6666666666666666,1.0,0.27,0.33
derandomized_seeqst,3,2,ghz,10,100,97.0,100,0.8495926250409936,1.1444444444444446,1.0,0.67,1.07
derandomized_seeqst,3,2,ghz,10,100,97.0,300,0.6233276731884402,1.0344616561484032,1.0,0.94,3.16
derandomized_seeqst,3,2,ghz,10,100,97.0,1000,0.3259241116862672,1.0015125626007977,0.8,1.0,10.62
derandomized_seeqst,3,2,ghz,10,100,97.0,3000,0.18933827510016984,0.9971046866042341,0.52,1.0,31.68
derandomized_seeqst,3,2,ghz,10,100,97.0,10000,0.09634585525768266,1.00049213541434,0.24731182795698925,1.0,105.61
derandomized_seeqst,3,2,ghz,10,100,97.0,20000,0.07105213648115513,0.9998301046936926,0.17370892018779344,1.0,212.14
derandomized_seeqst,3,2,ghz,10,100,97.0,30000,0.05868520609959553,0.9998017777495116,0.16216216216216217,1.0,318.24
derandomized_seeqst,3,2,ghz,10,100,97.0,40000,0.05253766308929563,0.9996701167822967,0.1503957783641161,1.0,423.89
derandomized_seeqst,3,2,ghz,10,100,97.0,50000,0.047937519335336944,0.999644664271025,0.1331923890063425,1.0,529.7
random_seeqst,3,2,ghz,10,100,,10,0.0,0.0,0.0,1.0,10.0
random_seeqst,3,2,ghz,10,100,,30,6.826666666666667,1398.101333333332,68.26666666666667,1.0,30.0
random_seeqst,3,2,ghz,10,100,,100,4.096,2525.055741414141,20.48,1.0,100.0
random_seeqst,3,2,ghz,10,100,,300,2.6439566310109304,2377.7074515050062,6.826666666666667,1.0,300.0
random_seeqst,3,2,ghz,10,100,,1000,1.4481546878700493,2433.0322002002235,4.096,1.0,1000.0
random_seeqst,3,2,ghz,10,100,,3000,0.871570454855933,2027.1630192819098,2.7306666666666666,1.0,3000.0
random_seeqst,3,2,ghz,10,100,,10000,0.4597748596867819,1954.529724050782,1.024,1.0,10000.0
random_seeqst,3,2,ghz,10,100,,20000,0.32510992110361686,1996.4828316809237,0.9216,1.0,20000.0
random_seeqst,3,2,ghz,10,100,,30000,0.2619163455931853,2016.060724519139,0.6826666666666666,1.0,30000.0
random_seeqst,3,2,ghz,10,100,,40000,0.23663042576980672,2027.940688558829,0.6144,1.0,40000.0
random_seeqst,3,2,ghz,10,100,,50000,0.21693337889776207,2064.430657322856,0.57344,1.0,50000.0
derandomized_seeqst,3,3,ghz,10,100,97.0,10,0.9428090415820634,2.0,1.0,0.09,0.1
derandomized_seeqst,3,3,ghz,10,100,97.0,30,0.9189365834726815,1.8333333333333335,1.0,0.25,0.3
derandomized_seeqst,3,3,ghz,10,100,97.0,100,0.861810854374641,1.0275862068965518,1.0,0.65,1.06
derandomized_seeqst,3,3,ghz,10,100,97.0,300,0.6145256083809765,1.0551539491298527,1.0,0.95,3.22
derandomized_seeqst,3,3,ghz,10,100,97.0,1000,0.32986539592576786,0.9970958711051588,0.75,1.0,10.58
derandomized_seeqst,3,3,ghz,10,100,97.0,3000,0.18775505690314273,0.9981773300457649,0.46153846153846156,1.0,31.77
derandomized_seeqst,3,3,ghz,10,100,97.0,10000,0.09712426280247528,1.000363024129762,0.25925925925925924,1.0,105.85
derandomized_seeqst,3,3,ghz,10,100,97.0,20000,0.06940290678811431,1.0000561884875574,0.20398009950248755,1.0,211.57
derandomized_seeqst,3,3,ghz,10,100,97.0,30000,0.055385304791504865,1.0001736790928195,0.15614617940199335,1.0,317.12
derandomized_seeqst,3,3,ghz,10,100,97.0,40000,0.046722441794462784,1.00024594428338,0.12846347607052896,1.0,422.96
derandomized_seeqst,3,3,ghz,10,100,97.0,50000,0.040429124502335816,1.0003082367394507,0.09456740442655935,1.0,529.25
random_seeqst,3,3,ghz,10,100,,10,0.0,0.0,0.0,1.0,10.0
random_seeqst,3,3,ghz,10,100,,30,11.824133513003535,4194.303999999998,68.26666666666667,1.0,30.0
random_seeqst,3,3,ghz,10,100,,100,4.096,1677.7215999999985,20.48,1.0,100.0
random_seeqst,3,3,ghz,10,100,,300,1.930872917160066,1118.481066666658,6.826666666666667,1.0,300.0
random_seeqst,3,3,ghz,10,100,,1000,1.1402781415075884,1552.14439015017,4.096,1.0,1000.0
random_seeqst,3,3,ghz,10,100,,3000,0.8360924988699915,1929.3238972990607,2.048,1.0,3000.0
random_seeqst,3,3,ghz,10,100,,10000,0.47503005715428154,2071.9677192167233,1.6384,1.0,10000.0
random_seeqst,3,3,ghz,10,100,,20000,0.32735984359722553,2017.4539322296955,0.9216,1.0,20000.0
random_seeqst,3,3,ghz,10,100,,30000,0.24924346045137832,2067.7986763202616,0.6826666666666666,1.0,30000.0
random_seeqst,3,3,ghz,10,100,,40000,0.22093259786640812,2040.5310980648314,0.512,1.0,40000.0
random_seeqst,3,3,ghz,10,100,,50000,0.18926002261439157,2037.5978158010482,0.53248,1.0,50000.0
derandomized_seeqst,3,4,ghz,10,100,98.0,10,1.0,,1.0,0.1,0.1
derandomized_seeqst,3,4,ghz,10,100,98.0,30,0.9450726919990827,0.9333333333333333,1.0,0.26,0.33
derandomized_seeqst,3,4,ghz,10,100,98.0,100,0.8925984685981658,1.1111111111111112,1.0,0.68,1.06
derandomized_seeqst,3,4,ghz,10,100,98.0,300,0.697497653179189,0.8819277108433737,1.0,0.96,3.12
derandomized_seeqst,3,4,ghz,10,100,98.0,1000,0.3542664221084819,0.9916715657923086,1.0,1.0,10.3
derandomized_seeqst,3,4,ghz,10,100,98.0,3000,0.19863587375530464,0.9939584518462797,0.5,1.0,31.09
derandomized_seeqst,3,4,ghz,10,100,98.0,10000,0.09266759727994726,1.0013311868130241,0.2653061224489796,1.0,104.12
derandomized_seeqst,3,4,ghz,10,100,98.0,20000,0.06797944688466502,1.0003045617662834,0.18556701030927836,1.0,207.8
derandomized_seeqst,3,4,ghz,10,100,98.0,30000,0.05742597800724412,0.9999787854256348,0.13846153846153847,1.0,311.67
derandomized_seeqst,3,4,ghz,10,100,98.0,40000,0.052113047181663895,0.9997400764002446,0.11917098445595854,1.0,415.97
derandomized_seeqst,3,4,ghz,10,100,98.0,50000,0.04805873464124922,0.9996536169634409,0.1227364185110664,1.0,519.85
random_seeqst,3,4,ghz,10,100,,10,20.48,4194.304000000001,204.8,1.0,10.0
random_seeqst,3,4,ghz,10,100,,30,9.654364585800328,2796.202666666664,68.26666666666667,1.0,30.0
random_seeqst,3,4,ghz,10,100,,100,6.476344648024841,3346.9698585858564,40.96,1.0,100.0
random_seeqst,3,4,ghz,10,100,,300,2.46138967071675,1536.9762818283093,13.653333333333334,1.0,300.0
random_seeqst,3,4,ghz,10,100,,1000,1.3272556950339298,1845.5777300500613,4.096,1.0,1000.0
random_seeqst,3,4,ghz,10,100,,3000,0.8553788816139378,2027.1909906323892,2.048,1.0,3000.0
random_seeqst,3,4,ghz,10,100,,10000,0.532086008085159,2260.6728077607618,1.4336,1.0,10000.0
random_seeqst,3,4,ghz,10,100,,20000,0.34951266643714074,2136.9825780252727,1.024,1.0,20000.0
random_seeqst,3,4,ghz,10,100,,30000,0.25497394376680926,2042.62912392593,0.8192,1.0,30000.0
random_seeqst,3,4,ghz,10,100,,40000,0.20835317708160822,2055.2169293768516,0.6144,1.0,40000.0
random_seeqst,3,4,ghz,10,100,,50000,0.17445305908467182,2043.475344437763,0.49152,1.0,50000.0
derandomized_seeqst,3,5,ghz,10,100,98.0,10,1.0,,1.0,0.1,0.1
derandomized_seeqst,3,5,ghz,10,100,98.0,30,0.9636241116594315,2.0,1.0,0.28,0.3
derandomized_seeqst,3,5,ghz,10,100,98.0,100,0.8592029767051018,0.911111111111111,1.0,0.59,1.02
derandomized_seeqst,3,5,ghz,10,100,98.0,300,0.5762588137019261,1.0717607973421925,1.0,0.93,3.1
derandomized_seeqst,3,5,ghz,10,100,98.0,1000,0.3231220485534906,1.0019444865420095,0.7777777777777778,1.0,10.38
derandomized_seeqst,3,5,ghz,10,100,98.0,3000,0.1922049721539634,0.9966667821193199,0.5333333333333333,1.0,31.17
derandomized_seeqst,3,5,ghz,10,100,98.0,10000,0.0941282401178126,1.0010521490217925,0.34545454545454546,1.0,104.22
derandomized_seeqst,3,5,ghz,10,100,98.0,20000,0.07574128891928798,0.9991885830696188,0.2046783625730994,1.0,208.3
derandomized_seeqst,3,5,ghz,10,100,98.0,30000,0.055703440833591064,1.000174533312875,0.14388489208633093,1.0,312.19
derandomized_seeqst,3,5,ghz,10,100,98.0,40000,0.05071968417976905,0.9998837561739279,0.12217194570135746,1.0,416.13
derandomized_seeqst,3,5,ghz,10,100,98.0,50000,0.04279759475443509,1.0001325668659355,0.11363636363636363,1.0,519.99
random_seeqst,3,5,ghz,10,100,,10,20.48,4194.304000000001,204.8,1.0,10.0
random_seeqst,3,5,ghz,10,100,,30,9.654364585800328,2796.202666666664,68.26666666666667,1.0,30.0
random_seeqst,3,5,ghz,10,100,,100,4.096,1677.7215999999985,20.48,1.0,100.0
random_seeqst,3,5,ghz,10,100,,300,2.554304776037678,2237.8973181716738,6.826666666666667,1.0,300.0
random_seeqst,3,5,ghz,10,100,,1000,1.2116131395788012,1971.826700300322,4.096,1.0,1000.0
random_seeqst,3,5,ghz,10,100,,3000,0.7061558908783685,2111.338136569936,2.048,1.0,3000.0
random_seeqst,3,5,ghz,10,100,,10000,0.4528812930559176,2185.245807115132,1.4336,1.0,10000.0
random_seeqst,3,5,ghz,10,100,,20000,0.3454387772095078,2185.2223171674163,0.9216,1.0,20000.0
random_seeqst,3,5,ghz,10,100,,30000,0.27905957117910624,2132.0977290137403,0.7509333333333333,1.0,30000.0
random_seeqst,3,5,ghz,10,100,,40000,0.25492253254665426,2127.5489072252426,0.6656,1.0,40000.0
random_seeqst,3,5,ghz,10,100,,50000,0.22359808514385807,2129.0212947230602,0.6144,1.0,50000.0
derandomized_seeqst,3,6,ghz,10,100,94.0,10,1.0,0.0,1.0,0.1,0.11
derandomized_seeqst,3,6,ghz,10,100,94.0,30,0.9837387536759294,1.0,1.0,0.31,0.33
derandomized_seeqst,3,6,ghz,10,100,94.0,100,0.8875404365627498,0.7676767676767677,1.0,0.67,1.1
derandomized_seeqst,3,6,ghz,10,100,94.0,300,0.6365731196962826,1.028697462874678,1.0,0.96,3.42
derandomized_seeqst,3,6,ghz,10,100,94.0,1000,0.32614047628642917,1.0019657390813668,1.0,1.0,11.25
derandomized_seeqst,3,6,ghz,10,100,94.0,3000,0.16948164081435294,1.0037794774490416,0.4117647058823529,1.0,33.66
derandomized_seeqst,3,6,ghz,10,100,94.0,10000,0.09850497964326857,0.9997866044897702,0.27472527472527475,1.0,112.23
derandomized_seeqst,3,6,ghz,10,100,94.0,20000,0.06691219095915607,1.0002575643762444,0.16097560975609757,1.0,224.84
derandomized_seeqst,3,6,ghz,10,100,94.0,30000,0.05868432680898549,0.999703250088278,0.17684887459807075,1.0,336.9
derandomized_seeqst,3,6,ghz,10,100,94.0,40000,0.051619029140335775,0.9996929465392941,0.15736040609137056,1.0,448.91
derandomized_seeqst,3,6,ghz,10,100,94.0,50000,0.04830508083625858,0.999550788130082,0.14455445544554454,1.0,560.86
random_seeqst,3,6,ghz,10,100,,10,0.0,0.0,0.0,1.0,10.0
random_seeqst,3,6,ghz,10,100,,30,0.0,0.0,0.0,1.0,30.0
random_seeqst,3,6,ghz,10,100,,100,5.418498685060282,2936.0127999999986,20.48,1.0,100.0
random_seeqst,3,6,ghz,10,100,,300,2.264149190215953,1537.9114666666555,6.826666666666667,1.0,300.0
random_seeqst,3,6,ghz,10,100,,1000,1.2457497662050752,1551.8924800000177,4.096,1.0,1000.0
random_seeqst,3,6,ghz,10,100,,3000,0.8163506000623888,1831.456803965738,2.7306666666666666,1.0,3000.0
random_seeqst,3,6,ghz,10,100,,10000,0.4156985985061773,1962.9577624514504,1.024,1.0,10000.0
random_seeqst,3,6,ghz,10,100,,20000,0.2879971555415088,2048.937008489129,0.9216,1.0,20000.0
random_seeqst,3,6,ghz,10,100,,30000,0.24174498078209056,2066.4042101715763,0.6826666666666666,1.0,30000.0
random_seeqst,3,6,ghz,10,100,,40000,0.2326080858439792,2074.081073505563,0.768,1.0,40000.0
random_seeqst,3,6,ghz,10,100,,50000,0.1885940028738984,2061.925517213043,0.57344,1.0,50000.0
derandomized_seeqst,3,7,ghz,10,100,99.0,10,1.0,,1.0,0.1,0.1
derandomized_seeqst,3,7,ghz,10,100,99.0,30,0.9198662110077999,2.0,1.0,0.26,0.3
derandomized_seeqst,3,7,ghz,10,100,99.0,100,0.8629652337776966,1.0897435897435899,1.0,0.63,1.0
derandomized_seeqst,3,7,ghz,10,100,99.0,300,0.6686342729143332,1.0442795299938157,1.0,0.97,3.01
derandomized_seeqst,3,7,ghz,10,100,99.0,1000,0.2987383414419995,1.0257326486722773,0.7142857142857143,1.0,10.14
derandomized_seeqst,3,7,ghz,10,100,99.0,3000,0.18776172391369655,0.9986576866666017,0.5625,1.0,30.46
derandomized_seeqst,3,7,ghz,10,100,99.0,10000,0.10093821667763458,0.9997819311563032,0.28,1.0,101.86
derandomized_seeqst,3,7,ghz,10,100,99.0,20000,0.06665436896235552,1.0005274959619874,0.1553398058252427,1.0,203.79
derandomized_seeqst,3,7,ghz,10,100,99.0,30000,0.056188388704334756,1.000151605673886,0.13780918727915195,1.0,305.52
derandomized_seeqst,3,7,ghz,10,100,99.0,40000,0.04709636410666648,1.0002623089535156,0.13385826771653545,1.0,407.61
derandomized_seeqst,3,7,ghz,10,100,99.0,50000,0.04427947275136504,1.0000223882197248,0.15083798882681565,1.0,509.75
random_seeqst,3,7,ghz,10,100,,10,0.0,0.0,0.0,1.0,10.0
random_seeqst,3,7,ghz,10,100,,30,0.0,0.0,0.0,1.0,30.0
random_seeqst,3,7,ghz,10,100,,100,4.096,830.3874585858575,40.96,1.0,100.0
random_seeqst,3,7,ghz,10,100,,300,2.554304776037678,1676.7864151616482,13.653333333333334,1.0,300.0
random_seeqst,3,7,ghz,10,100,,1000,1.5188374501571917,2222.897149949958,4.096,1.0,1000.0
random_seeqst,3,7,ghz,10,100,,3000,0.8333008633674208,2083.170986666612,2.048,1.0,3000.0
random_seeqst,3,7,ghz,10,100,,10000,0.5020733715304965,2143.2515914887417,1.2288,1.0,10000.0
random_seeqst,3,7,ghz,10,100,,20000,0.35752120832196793,2074.059209546297,1.024,1.0,20000.0
random_seeqst,3,7,ghz,10,100,,30000,0.2762903052949922,2052.4048344951625,0.6826666666666666,1.0,30000.0
random_seeqst,3,7,ghz,10,100,,40000,0.2250471523925597,2067.7929206021367,0.6656,1.0,40000.0
random_seeqst,3,7,ghz,10,100,,50000,0.1847745506285971,2035.9217384008275,0.53248,1.0,50000.0
derandomized_seeqst,3,8,ghz,10,100,100.0,10,1.0,0.0,1.0,0.09,0.1
derandomized_seeqst,3,8,ghz,10,100,100.0,30,0.9591663046625439,1.0,1.0,0.25,0.3
derandomized_seeqst,3,8,ghz,10,100,100.0,100,0.8769033217100402,0.9523809523809524,1.0,0.63,1.0
derandomized_seeqst,3,8,ghz,10,100,100.0,300,0.6542164993792333,0.9778602350030923,1.0,0.94,3.0
derandomized_seeqst,3,8,ghz,10,100,100.0,1000,0.35396125531431716,0.9859225830928616,1.0,1.0,10.0
derandomized_seeqst,3,8,ghz,10,100,100.0,3000,0.18454852011177866,1.000433620795847,0.4782608695652174,1.0,30.0
derandomized_seeqst,3,8,ghz,10,100,100.0,10000,0.10014536053095972,1.0000586306783164,0.36082474226804123,1.0,100.0
derandomized_seeqst,3,8,ghz,10,100,100.0,20000,0.07179278383090693,0.9998677965171054,0.19170984455958548,1.0,200.0
derandomized_seeqst,3,8,ghz,10,100,100.0,30000,0.05903598500540224,0.999856569346789,0.19727891156462585,1.0,300.0
derandomized_seeqst,3,8,ghz,10,100,100.0,40000,0.04770947286575506,1.0002302389989122,0.15167095115681234,1.0,400.0
derandomized_seeqst,3,8,ghz,10,100,100.0,50000,0.04921574930573557,0.9995806489080259,0.175,1.0,500.0
random_seeqst,3,8,ghz,10,100,,10,20.48,4194.304000000001,204.8,1.0,10.0
random_seeqst,3,8,ghz,10,100,,30,6.826666666666667,1398.101333333332,68.26666666666667,1.0,30.0
random_seeqst,3,8,ghz,10,100,,100,5.792618751480197,3355.4431999999983,20.48,1.0,100.0
random_seeqst,3,8,ghz,10,100,,300,3.3443699954799664,3074.887748494969,13.653333333333334,1.0,300.0
random_seeqst,3,8,ghz,10,100,,1000,1.6255496055180845,2306.5313197998153,4.096,1.0,1000.0
random_seeqst,3,8,ghz,10,100,,3000,0.8635126197366454,2181.0194324329805,2.048,1.0,3000.0
random_seeqst,3,8,ghz,10,100,,10000,0.4096,2097.193947234715,1.2288,1.0,10000.0
random_seeqst,3,8,ghz,10,100,,20000,0.2925129084331151,2034.2535888780826,0.9216,1.0,20000.0
random_seeqst,3,8,ghz,10,100,,30000,0.2531395750261986,2051.018943654043,0.7509333333333333,1.0,30000.0
random_seeqst,3,8,ghz,10,100,,40000,0.22458073292248382,2017.4602240003005,0.6144,1.0,40000.0
random_seeqst,3,8,ghz,10,100,,50000,0.1846837300034846,2025.8552410253415,0.49152,1.0,50000.0
derandomized_seeqst,3,9,ghz,10,100,98.0,10,1.0,,1.0,0.1,0.1
derandomized_seeqst,3,9,ghz,10,100,98.0,30,0.9819805060619657,1.0,1.0,0.28,0.3
derandomized_seeqst,3,9,ghz,10,100,98.0,100,0.9315942613970247,0.6666666666666667,1.0,0.74,1.03
derandomized_seeqst,3,9,ghz,10,100,98.0,300,0.6591557935728442,0.9382059800664452,1.0,0.99,3.13
derandomized_seeqst,3,9,ghz,10,100,98.0,1000,0.3400078640469902,0.9777114407481213,0.7777777777777778,1.0,10.36
derandomized_seeqst,3,9,ghz,10,100,98.0,3000,0.19449050343774404,0.9855347110877273,0.5652173913043478,1.0,31.16
derandomized_seeqst,3,9,ghz,10,100,98.0,10000,0.10554628449373492,0.9886316713451648,0.27058823529411763,1.0,103.82
derandomized_seeqst,3,9,ghz,10,100,98.0,20000,0.06845698054301601,0.9901807471347311,0.20833333333333334,1.0,207.74
derandomized_seeqst,3,9,ghz,10,100,98.0,30000,0.05906901019213289,0.9897525445817997,0.1568627450980392,1.0,312.0
derandomized_seeqst,3,9,ghz,10,100,98.0,40000,0.0493556860526708,0.9899946041510517,0.15897435897435896,1.0,416.25
derandomized_seeqst,3,9,ghz,10,100,98.0,50000,0.04235375644654079,0.9901504262958302,0.14859437751004015,1.0,520.48
random_seeqst,3,9,ghz,10,100,,10,0.020000000000000018,0.010666666666666673,0.20000000000000018,1.0,10.0
random_seeqst,3,9,ghz,10,100,,30,6.826718749801319,1398.1109425287357,68.26666666666667,1.0,30.0
random_seeqst,3,9,ghz,10,100,,100,3.547240617719638,1258.3012969696965,20.48,1.0,100.0
random_seeqst,3,9,ghz,10,100,,300,2.814711826575976,2376.7822715718953,6.826666666666667,1.0,300.0
random_seeqst,3,9,ghz,10,100,,1000,1.4040417087821857,2055.3029298098245,4.096,1.0,1000.0
random_seeqst,3,9,ghz,10,100,,3000,0.8874666666666667,2222.9445044169875,3.4133333333333336,1.0,3000.0
random_seeqst,3,9,ghz,10,100,,10000,0.5024919314775114,2172.624236282449,1.6384,1.0,10000.0
random_seeqst,3,9,ghz,10,100,,20000,0.3230068141696085,2157.9829737469267,0.9216,1.0,20000.0
random_seeqst,3,9,ghz,10,100,,30000,0.2740041343564809,2092.9623831475055,0.7509333333333333,1.0,30000.0
random_seeqst,3,9,ghz,10,100,,40000,0.23204438907243588,2057.313700244426,0.6656,1.0,40000.0
random_seeqst,3,9,ghz,10,100,,50000,0.19268786319849002,2010.7624242367413,0.57344,1.0,50000.0
derandomized_seeqst,3,0,random_stabilizer,10,100,99.0,10,1.0,,1.0,0.1,0.1
derandomized_seeqst,3,0,random_stabilizer,10,100,99.0,30,0.9805806756909202,0.4,1.0,0.26,0.31
derandomized_seeqst,3,0,random_stabilizer,10,100,99.0,100,0.8785605766642883,0.9928571428571429,1.0,0.66,1.03
derandomized_seeqst,3,0,random_stabilizer,10,100,99.0,300,0.6804059096843625,0.9717377860235002,1.0,0.95,3.06
derandomized_seeqst,3,0,random_stabilizer,10,100,99.0,1000,0.30903155632102236,1.014778679868463,1.0,1.0,10.19
derandomized_seeqst,3,0,random_stabilizer,10,100,99.0,3000,0.1727276095920889,1.0039876483899703,0.4482758620689655,1.0,30.52
derandomized_seeqst,3,0,random_stabilizer,10,100,99.0,10000,0.09360047917296596,1.0012393631005971,0.23809523809523808,1.0,101.91
derandomized_seeqst,3,0,random_stabilizer,10,100,99.0,20000,0.06352365720535404,1.0009440473513207,0.17582417582417584,1.0,203.84
derandomized_seeqst,3,0,random_stabilizer,10,100,99.0,30000,0.0544589615339026,1.000344828473104,0.1263537906137184,1.0,305.8
derandomized_seeqst,3,0,random_stabilizer,10,100,99.0,40000,0.04727252917510453,1.0002466025406518,0.12149532710280374,1.0,407.69
derandomized_seeqst,3,0,random_stabilizer,10,100,99.0,50000,0.040587294330996684,1.0003367808586194,0.10572687224669604,1.0,509.81
random_seeqst,3,0,random_stabilizer,10,100,,10,0.019999999999999993,0.03066666666666667,0.19999999999999996,1.0,10.0
random_seeqst,3,0,random_stabilizer,10,100,,30,0.02666666666666667,0.021333333333333326,0.26666666666666666,1.0,30.0
random_seeqst,3,0,random_stabilizer,10,100,,100,2.0481181606538232,419.4521333333331,20.48,1.0,100.0
random_seeqst,3,0,random_stabilizer,10,100,,300,2.5543173038776703,1676.8090934225131,13.653333333333334,1.0,300.0
random_seeqst,3,0,random_stabilizer,10,100,,1000,1.3738459884572214,1971.4272544544624,4.096,1.0,1000.0
random_seeqst,3,0,random_stabilizer,10,100,,3000,0.7384247287300175,1859.569131963964,2.7306666666666666,1.0,3000.0
random_seeqst,3,0,random_stabilizer,10,100,,10000,0.3726050053340668,1975.5957210820713,1.024,1.0,10000.0
random_seeqst,3,0,random_stabilizer,10,100,,20000,0.2870874014999613,1983.9424119448151,1.1264,1.0,20000.0
random_seeqst,3,0,random_stabilizer,10,100,,30000,0.24802692362815057,1921.0137244363168,0.8192,1.0,30000.0
random_seeqst,3,0,random_stabilizer,10,100,,40000,0.221052061062547,1952.4684636981578,0.8192,1.0,40000.0
random_seeqst,3,0,random_stabilizer,10,100,,50000,0.20344508971218744,1955.4022181402593,0.69632,1.0,50000.0
derandomized_seeqst,3,1,random_stabilizer,10,100,98.0,10,1.0,0.0,1.0,0.09,0.1
derandomized_seeqst,3,1,random_stabilizer,10,100,98.0,30,0.9574271077563381,0.6666666666666666,1.0,0.24,0.3
derandomized_seeqst,3,1,random_stabilizer,10,100,98.0,100,0.9011737887504631,0.9871794871794872,1.0,0.72,1.03
derandomized_seeqst,3,1,random_stabilizer,10,100,98.0,300,0.6647809590160483,0.9996613756613758,1.0,0.97,3.15
derandomized_seeqst,3,1,random_stabilizer,10,100,98.0,1000,0.3283903130336316,0.9918676009980358,1.0,1.0,10.48
derandomized_seeqst,3,1,random_stabilizer,10,100,98.0,3000,0.15797921324526787,0.9984389912718398,0.5,1.0,31.24
derandomized_seeqst,3,1,random_stabilizer,10,100,98.0,10000,0.09147705275050842,0.9914485321847293,0.2631578947368421,1.0,103.91
derandomized_seeqst,3,1,random_stabilizer,10,100,98.0,20000,0.07020466860280623,0.9899455825358489,0.1941747572815534,1.0,207.86
derandomized_seeqst,3,1,random_stabilizer,10,100,98.0,30000,0.055837011566856234,0.9901250472485864,0.15172413793103448,1.0,311.95
derandomized_seeqst,3,1,random_stabilizer,10,100,98.0,40000,0.04908124238899909,0.9900226480514515,0.11822660098522167,1.0,416.1
derandomized_seeqst,3,1,random_stabilizer,10,100,98.0,50000,0.04435916836884048,0.9899776044664192,0.12236286919831224,1.0,520.12
random_seeqst,3,1,random_stabilizer,10,100,,10,0.09999999999999971,0.0,0.9999999999999971,1.0,10.0
random_seeqst,3,1,random_stabilizer,10,100,,30,9.654882472384402,2796.2026666666648,68.26666666666667,1.0,30.0
random_seeqst,3,1,random_stabilizer,10,100,,100,5.4194213713273856,2936.012799999998,20.48,1.0,100.0
random_seeqst,3,1,random_stabilizer,10,100,,300,2.898035196473639,2236.0269484949717,13.653333333333334,1.0,300.0
random_seeqst,3,1,random_stabilizer,10,100,,1000,1.48021555187074,1929.127929849868,6.144,1.0,1000.0
random_seeqst,3,1,random_stabilizer,10,100,,3000,0.7577786953399464,1817.5597046837627,2.048,1.0,3000.0
random_seeqst,3,1,random_stabilizer,10,100,,10000,0.4340002580644393,1992.3111788938645,1.2288,1.0,10000.0
random_seeqst,3,1,random_stabilizer,10,100,,20000,0.2932611450567565,1874.8593408681427,0.8192,1.0,20000.0
random_seeqst,3,1,random_stabilizer,10,100,,30000,0.2285785346196989,1946.1591998271583,0.5461333333333334,1.0,30000.0
random_seeqst,3,1,random_stabilizer,10,100,,40000,0.20308286387580807,1992.2935086881944,0.512,1.0,40000.0
random_seeqst,3,1,random_stabilizer,10,100,,50000,0.19567443197311193,1986.4141534002763,0.53248,1.0,50000.0
derandomized_seeqst,3,2,random_stabilizer,10,100,96.0,10,1.0,,1.0,0.12,0.12
derandomized_seeqst,3,2,random_stabilizer,10,100,96.0,30,0.9329364235414814,1.0666666666666667,1.0,0.27,0.38
derandomized_seeqst,3,2,random_stabilizer,10,100,96.0,100,0.8999355053360828,0.7753086419753087,1.0,0.67,1.15
derandomized_seeqst,3,2,random_stabilizer,10,100,96.0,300,0.5947623157226345,1.1395867142702585,1.0,0.93,3.41
derandomized_seeqst,3,2,random_stabilizer,10,100,96.0,1000,0.2861448438241099,1.0369484985646602,1.0,1.0,10.93
derandomized_seeqst,3,2,random_stabilizer,10,100,96.0,3000,0.15369004679969353,1.009792921879346,0.5172413793103449,1.0,33.09
derandomized_seeqst,3,2,random_stabilizer,10,100,96.0,10000,0.09141344763361543,1.0013594190982646,0.23404255319148937,1.0,110.23
derandomized_seeqst,3,2,random_stabilizer,10,100,96.0,20000,0.06327102571287511,1.0008313226772036,0.15846994535519127,1.0,220.45
derandomized_seeqst,3,2,random_stabilizer,10,100,96.0,30000,0.05621983626072879,1.0000541475121247,0.1382636655948553,1.0,330.45
derandomized_seeqst,3,2,random_stabilizer,10,100,96.0,40000,0.04466763557899271,1.0004126086869767,0.1024390243902439,1.0,440.07
derandomized_seeqst,3,2,random_stabilizer,10,100,96.0,50000,0.04279232695519189,1.0000934203814615,0.10204081632653061,1.0,550.12
random_seeqst,3,2,random_stabilizer,10,100,,10,20.48,4194.304000000001,204.8,1.0,10.0
random_seeqst,3,2,random_stabilizer,10,100,,30,6.826666666666667,1398.101333333332,68.26666666666667,1.0,30.0
random_seeqst,3,2,random_stabilizer,10,100,,100,4.57946721791957,2097.1519999999987,20.48,1.0,100.0
random_seeqst,3,2,random_stabilizer,10,100,,300,2.554304776037678,2237.8973181716774,13.653333333333334,1.0,300.0
random_seeqst,3,2,random_stabilizer,10,100,,1000,1.3429634097770498,1803.5507200000131,4.096,1.0,1000.0
random_seeqst,3,2,random_stabilizer,10,100,,3000,0.7753602861465974,2027.3215236011547,2.048,1.0,3000.0
random_seeqst,3,2,random_stabilizer,10,100,,10000,0.4615957573461871,2030.0330686636203,1.6384,1.0,10000.0
random_seeqst,3,2,random_stabilizer,10,100,,20000,0.31694412883030343,1941.9593963892485,0.9216,1.0,20000.0
random_seeqst,3,2,random_stabilizer,10,100,,30000,0.25625018885629897,2009.072920938519,0.6826666666666666,1.0,30000.0
random_seeqst,3,2,random_stabilizer,10,100,,40000,0.20652077086821075,2049.974678538372,0.6656,1.0,40000.0
random_seeqst,3,2,random_stabilizer,10,100,,50000,0.18092083466533093,2045.9896786457969,0.53248,1.0,50000.0
derandomized_seeqst,3,3,random_stabilizer,10,100,100.0,10,1.0,,1.0,0.1,0.1
derandomized_seeqst,3,3,random_stabilizer,10,100,100.0,30,0.9607689228305228,1.0,1.0,0.26,0.3
derandomized_seeqst,3,3,random_stabilizer,10,100,100.0,100,0.8834057073275999,0.9786666666666668,1.0,0.63,1.0
derandomized_seeqst,3,3,random_stabilizer,10,100,100.0,300,0.6334303907551457,1.0912380952380951,1.0,0.93,3.0
derandomized_seeqst,3,3,random_stabilizer,10,100,100.0,1000,0.3240873603180765,1.0100780956229871,0.75,1.0,10.0
derandomized_seeqst,3,3,random_stabilizer,10,100,100.0,3000,0.1881152102718676,0.9991445314128232,0.52,1.0,30.0
derandomized_seeqst,3,3,random_stabilizer,10,100,100.0,10000,0.09898624261397802,1.0002986312179472,0.23595505617977527,1.0,100.0
derandomized_seeqst,3,3,random_stabilizer,10,100,100.0,20000,0.06938779970308706,1.0002120600513242,0.18269230769230768,1.0,200.0
derandomized_seeqst,3,3,random_stabilizer,10,100,100.0,30000,0.05668583867102554,1.0001303834355533,0.16049382716049382,1.0,300.0
derandomized_seeqst,3,3,random_stabilizer,10,100,100.0,40000,0.048996514016697114,1.0001057889584197,0.11508951406649616,1.0,400.0
derandomized_seeqst,3,3,random_stabilizer,10,100,100.0,50000,0.04129468509339495,1.000299524777162,0.1067193675889328,1.0,500.0
random_seeqst,3,3,random_stabilizer,10,100,,10,28.96309375740099,8388.608000000002,204.8,1.0,10.0
random_seeqst,3,3,random_stabilizer,10,100,,30,11.824133513003535,4194.3039999999955,68.26666666666667,1.0,30.0
random_seeqst,3,3,random_stabilizer,10,100,,100,6.144,3774.8735999999976,20.48,1.0,100.0
random_seeqst,3,3,random_stabilizer,10,100,,300,2.64395663101093,2658.262903010019,6.826666666666667,1.0,300.0
random_seeqst,3,3,random_stabilizer,10,100,,1000,1.4188960215604243,2097.235970050069,4.096,1.0,1000.0
random_seeqst,3,3,random_stabilizer,10,100,,3000,0.8333008633674208,2027.2282857663117,2.048,1.0,3000.0
random_seeqst,3,3,random_stabilizer,10,100,,10000,0.4261611939161049,2092.98538117492,1.2288,1.0,10000.0
random_seeqst,3,3,random_stabilizer,10,100,,20000,0.3273598435972256,2084.5661518406678,0.9216,1.0,20000.0
random_seeqst,3,3,random_stabilizer,10,100,,30000,0.2559772434329965,2046.8230550863443,0.6826666666666666,1.0,30000.0
random_seeqst,3,3,random_stabilizer,10,100,,40000,0.22481406361702552,2042.6265723014244,0.6144,1.0,40000.0
random_seeqst,3,3,random_stabilizer,10,100,,50000,0.20744531578225625,2074.5012148658234,0.69632,1.0,50000.0
derandomized_seeqst,3,4,random_stabilizer,10,100,97.0,10,1.0,,1.0,0.1,0.1
derandomized_seeqst,3,4,random_stabilizer,10,100,97.0,30,0.8528028654224418,1.619047619047619,1.0,0.22,0.31
derandomized_seeqst,3,4,random_stabilizer,10,100,97.0,100,0.84849593705053,1.11358024691358,1.0,0.61,1.07
derandomized_seeqst,3,4,random_stabilizer,10,100,97.0,300,0.6402372237069917,1.0446453686960018,1.0,0.93,3.18
derandomized_seeqst,3,4,random_stabilizer,10,100,97.0,1000,0.2814429180788861,1.0337505533682003,0.6666666666666666,1.0,10.6
derandomized_seeqst,3,4,random_stabilizer,10,100,97.0,3000,0.18283290998778512,0.9998516205599007,0.5,1.0,31.81
derandomized_seeqst,3,4,random_stabilizer,10,100,97.0,10000,0.10368669448619802,0.9990450765031212,0.2621359223300971,1.0,105.93
derandomized_seeqst,3,4,random_stabilizer,10,100,97.0,20000,0.07664418439960784,0.9989976393908129,0.18012422360248448,1.0,211.62
derandomized_seeqst,3,4,random_stabilizer,10,100,97.0,30000,0.055714500562067705,1.0001438168025665,0.132013201320132,1.0,317.96
derandomized_seeqst,3,4,random_stabilizer,10,100,97.0,40000,0.04873018745422323,1.0000576843120277,0.12839506172839507,1.0,423.88
derandomized_seeqst,3,4,random_stabilizer,10,100,97.0,50000,0.04161290291547407,1.0002138328965617,0.11468812877263582,1.0,530.0
random_seeqst,3,4,random_stabilizer,10,100,,10,1.8193933307329568e-18,0.0,1.214306433183765e-17,1.0,10.0
random_seeqst,3,4,random_stabilizer,10,100,,30,6.826666666666667,1398.1013333333324,68.26666666666667,1.0,30.0
random_seeqst,3,4,random_stabilizer,10,100,,100,4.57946721791957,2097.151999999999,20.48,1.0,100.0
random_seeqst,3,4,random_stabilizer,10,100,,300,3.2739543199148167,2654.522163656622,13.653333333333334,1.0,300.0
random_seeqst,3,4,random_stabilizer,10,100,,1000,1.651150386851543,2306.4473497497597,4.096,1.0,1000.0
random_seeqst,3,4,random_stabilizer,10,100,,3000,0.8742398958841648,1901.2872803645319,2.7306666666666666,1.0,3000.0
random_seeqst,3,4,random_stabilizer,10,100,,10000,0.48550992245267244,1954.5053946546477,1.4336,1.0,10000.0
random_seeqst,3,4,random_stabilizer,10,100,,20000,0.3357408524442624,2032.1291725387864,0.7168,1.0,20000.0
random_seeqst,3,4,random_stabilizer,10,100,,30000,0.2809735253641445,2049.6059287425905,0.6826666666666666,1.0,30000.0
random_seeqst,3,4,random_stabilizer,10,100,,40000,0.2311383724092562,2086.664981677673,0.512,1.0,40000.0
random_seeqst,3,4,random_stabilizer,10,100,,50000,0.1926426790511386,2055.2129530579227,0.57344,1.0,50000.0
derandomized_seeqst,3,5,random_stabilizer,10,100,96.0,10,1.0,,1.0,0.11,0.11
derandomized_seeqst,3,5,random_stabilizer,10,100,96.0,30,1.0,0.0,1.0,0.31,0.32
derandomized_seeqst,3,5,random_stabilizer,10,100,96.0,100,0.8591041640724549,0.9977011494252873,1.0,0.63,1.08
derandomized_seeqst,3,5,random_stabilizer,10,100,96.0,300,0.632866708612766,0.9683287905510127,1.0,0.92,3.25
derandomized_seeqst,3,5,random_stabilizer,10,100,96.0,1000,0.32586362263389074,1.0033638178119613,1.0,1.0,10.86
derandomized_seeqst,3,5,random_stabilizer,10,100,96.0,3000,0.16439786619699218,1.0064300111596096,0.46153846153846156,1.0,32.51
derandomized_seeqst,3,5,random_stabilizer,10,100,96.0,10000,0.085316406127174,1.002419632057215,0.2127659574468085,1.0,107.8
derandomized_seeqst,3,5,random_stabilizer,10,100,96.0,20000,0.05951092704356512,1.0012831845013415,0.16666666666666666,1.0,215.45
derandomized_seeqst,3,5,random_stabilizer,10,100,96.0,30000,0.05019239875578124,1.0006912255011375,0.15170278637770898,1.0,323.57
derandomized_seeqst,3,5,random_stabilizer,10,100,96.0,40000,0.044247486305548214,1.0004473178128013,0.1382488479262673,1.0,431.35
derandomized_seeqst,3,5,random_stabilizer,10,100,96.0,50000,0.041254641655055935,1.0002209127588357,0.12222222222222222,1.0,539.28
random_seeqst,3,5,random_stabilizer,10,100,,10,1.2143064331837649e-18,0.0,1.214306433183765e-17,1.0,10.0
random_seeqst,3,5,random_stabilizer,10,100,,30,6.826666666666667,1398.1013333333328,68.26666666666667,1.0,30.0
random_seeqst,3,5,random_stabilizer,10,100,,100,2.8963093757400986,838.8607999999995,20.48,1.0,100.0
random_seeqst,3,5,random_stabilizer,10,100,,300,2.158781549341614,1398.1013333333267,6.826666666666667,1.0,300.0
random_seeqst,3,5,random_stabilizer,10,100,,1000,1.2116131395788012,1971.8267003003184,4.096,1.0,1000.0
random_seeqst,3,5,random_stabilizer,10,100,,3000,0.8874666666666666,2055.1063983816457,2.048,1.0,3000.0
random_seeqst,3,5,random_stabilizer,10,100,,10000,0.5024908962359418,2046.772532152391,1.2288,1.0,10000.0
random_seeqst,3,5,random_stabilizer,10,100,,20000,0.35130812003140494,1977.5897980949678,1.024,1.0,20000.0
random_seeqst,3,5,random_stabilizer,10,100,,30000,0.27383358969352983,2028.6376710878458,0.8874666666666666,1.0,30000.0
random_seeqst,3,5,random_stabilizer,10,100,,40000,0.21085450528741378,1996.4941567317087,0.5632,1.0,40000.0
random_seeqst,3,5,random_stabilizer,10,100,,50000,0.1833160212529172,2020.8224788866958,0.45056,1.0,50000.0
derandomized_seeqst,3,6,random_stabilizer,10,100,99.0,10,0.9428090415820634,2.0,1.0,0.09,0.1
derandomized_seeqst,3,6,random_stabilizer,10,100,99.0,30,0.9428090415820634,1.777777777777778,1.0,0.26,0.3
derandomized_seeqst,3,6,random_stabilizer,10,100,99.0,100,0.8719016104473334,1.1666666666666667,1.0,0.68,1.01
derandomized_seeqst,3,6,random_stabilizer,10,100,99.0,300,0.6483683285277593,1.015370705244123,1.0,0.95,3.05
derandomized_seeqst,3,6,random_stabilizer,10,100,99.0,1000,0.3117635174415059,1.0135020297899555,1.0,1.0,10.1
derandomized_seeqst,3,6,random_stabilizer,10,100,99.0,3000,0.19401304869922176,0.9963203735114929,0.5,1.0,30.42
derandomized_seeqst,3,6,random_stabilizer,10,100,99.0,10000,0.0977847843414122,1.0004240193687237,0.24489795918367346,1.0,101.96
derandomized_seeqst,3,6,random_stabilizer,10,100,99.0,20000,0.06796519509668586,1.000353862728967,0.164021164021164,1.0,203.99
derandomized_seeqst,3,6,random_stabilizer,10,100,99.0,30000,0.06152001573811832,0.9995255460972265,0.14181818181818182,1.0,306.34
derandomized_seeqst,3,6,random_stabilizer,10,100,99.0,40000,0.05138342734323433,0.9998407781236169,0.13705583756345177,1.0,408.19
derandomized_seeqst,3,6,random_stabilizer,10,100,99.0,50000,0.046136038288589566,0.9998558499963588,0.11788617886178862,1.0,510.42
random_seeqst,3,6,random_stabilizer,10,100,,10,1.7347234759768072e-19,0.0,1.734723475976807e-18,1.0,10.0
random_seeqst,3,6,random_stabilizer,10,100,,30,6.826666666666667,1398.1013333333328,68.26666666666667,1.0,30.0
random_seeqst,3,6,random_stabilizer,10,100,,100,6.476344648024841,3346.9698585858564,40.96,1.0,100.0
random_seeqst,3,6,random_stabilizer,10,100,,300,3.4809306546126746,3354.50801516164,13.653333333333334,1.0,300.0
random_seeqst,3,6,random_stabilizer,10,100,,1000,1.4909665053246501,2306.9511700500625,4.096,1.0,1000.0
random_seeqst,3,6,random_stabilizer,10,100,,3000,0.9310332038475677,2124.95552234739,3.4133333333333336,1.0,3000.0
random_seeqst,3,6,random_stabilizer,10,100,,10000,0.5041575372837344,2046.770854263036,1.2288,1.0,10000.0
random_seeqst,3,6,random_stabilizer,10,100,,20000,0.3246257660753379,1990.1913756810152,0.9216,1.0,20000.0
random_seeqst,3,6,random_stabilizer,10,100,,30000,0.256885933700803,2007.6744467655653,0.6144,1.0,30000.0
random_seeqst,3,6,random_stabilizer,10,100,,40000,0.22387928175693256,1990.1968809894493,0.7168,1.0,40000.0
random_seeqst,3,6,random_stabilizer,10,100,,50000,0.2160809851143779,2009.0651063105774,0.57344,1.0,50000.0
derandomized_seeqst,3,7,random_stabilizer,10,100,98.0,10,1.0,0.0,1.0,0.09,0.1
derandomized_seeqst,3,7,random_stabilizer,10,100,98.0,30,0.9428090415820634,1.5,1.0,0.27,0.31
derandomized_seeqst,3,7,random_stabilizer,10,100,98.0,100,0.8842376029289387,0.7849462365591398,1.0,0.61,1.03
derandomized_seeqst,3,7,random_stabilizer,10,100,98.0,300,0.7099815757246667,0.8412311265969803,1.0,0.96,3.08
derandomized_seeqst,3,7,random_stabilizer,10,100,98.0,1000,0.3475304111447452,0.9844449525362837,1.0,1.0,10.31
derandomized_seeqst,3,7,random_stabilizer,10,100,98.0,3000,0.21422494776083764,0.9877647289737961,0.4782608695652174,1.0,31.23
derandomized_seeqst,3,7,random_stabilizer,10,100,98.0,10000,0.09741904191603357,1.000439513124269,0.2727272727272727,1.0,103.94
derandomized_seeqst,3,7,random_stabilizer,10,100,98.0,20000,0.06655223107917731,1.0005038020431605,0.1919191919191919,1.0,207.67
derandomized_seeqst,3,7,random_stabilizer,10,100,98.0,30000,0.0555869838610379,1.0001868866364036,0.13768115942028986,1.0,311.35
derandomized_seeqst,3,7,random_stabilizer,10,100,98.0,40000,0.04909677359740535,1.0000439825669503,0.12468193384223919,1.0,415.45
derandomized_seeqst,3,7,random_stabilizer,10,100,98.0,50000,0.04258843429481805,1.0001494623058216,0.10638297872340426,1.0,519.51
random_seeqst,3,7,random_stabilizer,10,100,,10,1.238840354700144e-18,0.0,1.214306433183765e-17,1.0,10.0
random_seeqst,3,7,random_stabilizer,10,100,,30,1.238840354700144e-18,0.0,1.214306433183765e-17,1.0,30.0
random_seeqst,3,7,random_stabilizer,10,100,,100,4.57946721791957,2097.151999999999,20.48,1.0,100.0
random_seeqst,3,7,random_stabilizer,10,100,,300,2.643956631010931,2658.2629030100234,6.826666666666667,1.0,300.0
random_seeqst,3,7,random_stabilizer,10,100,,1000,1.4768338024300498,2181.038080000019,4.096,1.0,1000.0
random_seeqst,3,7,random_stabilizer,10,100,,3000,0.8471670542329759,1985.2479506323787,3.4133333333333336,1.0,3000.0
random_seeqst,3,7,random_stabilizer,10,100,,10000,0.4570299106185502,2030.037263387103,1.4336,1.0,10000.0
random_seeqst,3,7,random_stabilizer,10,100,,20000,0.3205627052543698,2046.8199325489013,0.7168,1.0,20000.0
random_seeqst,3,7,random_stabilizer,10,100,,30000,0.2758682945013999,2092.951357729653,0.7509333333333333,1.0,30000.0
random_seeqst,3,7,random_stabilizer,10,100,,40000,0.23221330883478666,2056.255019354886,0.512,1.0,40000.0
random_seeqst,3,7,random_stabilizer,10,100,,50000,0.21045629056884949,2041.783731025093,0.57344,1.0,50000.0
derandomized_seeqst,3,8,random_stabilizer,10,100,100.0,10,0.8660254037844386,2.0,1.0,0.08,0.1
derandomized_seeqst,3,8,random_stabilizer,10,100,100.0,30,0.9350915117065819,0.888888888888889,1.0,0.23,0.3
derandomized_seeqst,3,8,random_stabilizer,10,100,100.0,100,0.8503904055243742,0.9885057471264368,1.0,0.59,1.0
derandomized_seeqst,3,8,random_stabilizer,10,100,100.0,300,0.6372283500342132,1.0915057915057915,1.0,0.94,3.0
derandomized_seeqst,3,8,random_stabilizer,10,100,100.0,1000,0.31257562342785555,1.0196889515713046,1.0,1.0,10.0
derandomized_seeqst,3,8,random_stabilizer,10,100,100.0,3000,0.14955029273407439,1.0130148211685845,0.3548387096774194,1.0,30.0
derandomized_seeqst,3,8,random_stabilizer,10,100,100.0,10000,0.08782180604197126,1.00245572642428,0.2079207920792079,1.0,100.0
derandomized_seeqst,3,8,random_stabilizer,10,100,100.0,20000,0.07059979936246105,1.0000432341620777,0.1782178217821782,1.0,200.0
derandomized_seeqst,3,8,random_stabilizer,10,100,100.0,30000,0.059773036507864155,0.9997724590471054,0.14950166112956811,1.0,300.0
derandomized_seeqst,3,8,random_stabilizer,10,100,100.0,40000,0.057576147117344594,0.9991899147564673,0.14425427872860636,1.0,400.0
derandomized_seeqst,3,8,random_stabilizer,10,100,100.0,50000,0.0501221245008017,0.9994910834268095,0.13701431492842536,1.0,500.0
random_seeqst,3,8,random_stabilizer,10,100,,10,20.480009765622675,4194.3168888888895,204.8,1.0,10.0
random_seeqst,3,8,random_stabilizer,10,100,,30,11.82416358329182,4194.31981609195,68.26666666666667,1.0,30.0
random_seeqst,3,8,random_stabilizer,10,100,,100,5.016558581338406,2516.5997373737355,20.48,1.0,100.0
random_seeqst,3,8,random_stabilizer,10,100,,300,2.3648380729155885,2519.4064958751283,6.826666666666667,1.0,300.0
random_seeqst,3,8,random_stabilizer,10,100,,1000,1.278982486197524,2307.558922722742,4.096,1.0,1000.0
random_seeqst,3,8,random_stabilizer,10,100,,3000,0.8077434246095725,1929.3897471423415,2.7306666666666666,1.0,3000.0
random_seeqst,3,8,random_stabilizer,10,100,,10000,0.42763496629719133,1962.967341069726,1.2288,1.0,10000.0
random_seeqst,3,8,random_stabilizer,10,100,,20000,0.3329183497496045,2086.6796113531054,0.9216,1.0,20000.0
random_seeqst,3,8,random_stabilizer,10,100,,30000,0.28955056737410595,2095.75999113554,0.6826666666666666,1.0,30000.0
random_seeqst,3,8,random_stabilizer,10,100,,40000,0.2551798558370154,2061.5068399123606,0.6144,1.0,40000.0
random_seeqst,3,8,random_stabilizer,10,100,,50000,0.22977830292697352,2042.6341450152372,0.77824,1.0,50000.0
derandomized_seeqst,3,9,random_stabilizer,10,100,98.0,10,1.0,,1.0,0.1,0.1
derandomized_seeqst,3,9,random_stabilizer,10,100,98.0,30,0.9834013368408706,0.6666666666666667,1.0,0.27,0.3
derandomized_seeqst,3,9,random_stabilizer,10,100,98.0,100,0.8844429412004576,0.9209876543209877,1.0,0.65,1.04
derandomized_seeqst,3,9,random_stabilizer,10,100,98.0,300,0.6640161614974238,0.9566606389391199,1.0,0.94,3.14
derandomized_seeqst,3,9,random_stabilizer,10,100,98.0,1000,0.2924779042707874,1.0296276628428331,1.0,1.0,10.35
derandomized_seeqst,3,9,random_stabilizer,10,100,98.0,3000,0.17881187860594722,1.001987804945942,0.45454545454545453,1.0,31.21
derandomized_seeqst,3,9,random_stabilizer,10,100,98.0,10000,0.09667161138043066,1.0005557652218473,0.26605504587155965,1.0,103.99
derandomized_seeqst,3,9,random_stabilizer,10,100,98.0,20000,0.06745663712611279,1.0003717154596072,0.1978021978021978,1.0,207.76
derandomized_seeqst,3,9,random_stabilizer,10,100,98.0,30000,0.0566111698262342,1.0000697718425458,0.16546762589928057,1.0,311.6
derandomized_seeqst,3,9,random_stabilizer,10,100,98.0,40000,0.04944785516715125,1.0000097391315883,0.12796208530805686,1.0,415.55
derandomized_seeqst,3,9,random_stabilizer,10,100,98.0,50000,0.04675387326878236,0.9997770268315261,0.15953307392996108,1.0,519.4
random_seeqst,3,9,random_stabilizer,10,100,,10,3.878959614448864e-19,0.0,1.734723475976807e-18,1.0,10.0
random_seeqst,3,9,random_stabilizer,10,100,,30,6.826666666666667,1398.1013333333328,68.26666666666667,1.0,30.0
random_seeqst,3,9,random_stabilizer,10,100,,100,4.57946721791957,2097.151999999999,20.48,1.0,100.0
random_seeqst,3,9,random_stabilizer,10,100,,300,2.81470677375499,2096.216815161639,13.653333333333334,1.0,300.0
random_seeqst,3,9,random_stabilizer,10,100,,1000,1.6125968125976187,2348.558329849862,4.096,1.0,1000.0
random_seeqst,3,9,random_stabilizer,10,100,,3000,0.7902437992304794,2153.169291168121,2.048,1.0,3000.0
random_seeqst,3,9,random_stabilizer,10,100,,10000,0.47591219358196735,2155.8613497189635,1.2288,1.0,10000.0
random_seeqst,3,9,random_stabilizer,10,100,,20000,0.3225193625195238,2109.736380080116,0.9216,1.0,20000.0
random_seeqst,3,9,random_stabilizer,10,100,,30000,0.2754456371450131,2119.516401581324,0.8192,1.0,30000.0
random_seeqst,3,9,random_stabilizer,10,100,,40000,0.23806623616128347,2090.856139870971,0.6144,1.0,40000.0
random_seeqst,3,9,random_stabilizer,10,100,,50000,0.2214871995940172,2083.7228450779685,0.49152,1.0,50000.0
derandomized_seeqst,4,0,haar_random,10,100,98.0,10,0.9536936877291908,2.0,1.0931839650427828,0.09,0.1
derandomized_seeqst,4,0,haar_random,10,100,98.0,30,0.9763996988528271,1.3333333333333335,1.0892791281520244,0.27,0.31
derandomized_seeqst,4,0,haar_random,10,100,98.0,100,0.8765218438329404,1.2722222222222224,1.0892791281520244,0.7,1.02
derandomized_seeqst,4,0,haar_random,10,100,98.0,300,0.6162058342925516,1.0251878389809423,1.0892791281520244,0.96,3.18
derandomized_seeqst,4,0,haar_random,10,100,98.0,1000,0.3689292061439371,0.9663161230940877,1.0015123695532626,1.0,10.44
derandomized_seeqst,4,0,haar_random,10,100,98.0,3000,0.17504227816532927,1.000436845175722,0.5179550317468178,1.0,31.25
derandomized_seeqst,4,0,haar_random,10,100,98.0,10000,0.10424055402530318,0.9972879730842272,0.3904811470359118,1.0,104.14
derandomized_seeqst,4,0,haar_random,10,100,98.0,20000,0.07586368118162617,0.9977521881517416,0.20544608986553578,1.0,208.14
derandomized_seeqst,4,0,haar_random,10,100,98.0,30000,0.06253026940036335,0.9979228129555513,0.14621589864688955,1.0,311.89
derandomized_seeqst,4,0,haar_random,10,100,98.0,40000,0.04831368539065977,0.9986699701061659,0.11474830008781796,1.0,415.82
derandomized_seeqst,4,0,haar_random,10,100,98.0,50000,0.04425257369949622,0.9985373828220332,0.10526512369728713,1.0,519.45
random_seeqst,4,0,haar_random,10,100,,10,0.033468247745300675,0.0,0.09318396504278292,1.0,10.0
random_seeqst,4,0,haar_random,10,100,,30,6.825318921077682,1398.1013333333321,68.25237013812865,1.0,30.0
random_seeqst,4,0,haar_random,10,100,,100,4.572165596558394,2097.151999999999,20.48635435649185,1.0,100.0
random_seeqst,4,0,haar_random,10,100,,300,2.7291010390120967,2236.9621333333234,13.593572333914285,1.0,300.0
random_seeqst,4,0,haar_random,10,100,,1000,1.2801969771453732,2139.5988603003125,4.0919293233881255,1.0,1000.0
random_seeqst,4,0,haar_random,10,100,,3000,0.7238170909713392,1859.5773349516087,2.771495804834467,1.0,3000.0
random_seeqst,4,0,haar_random,10,100,,10000,0.4645073831306706,2021.6436217189653,1.2477251507321545,1.0,10000.0
random_seeqst,4,0,haar_random,10,100,,20000,0.3307802449783429,1941.950587910436,0.9054394342412427,1.0,20000.0
random_seeqst,4,0,haar_random,10,100,,30000,0.2660668253228121,1950.3453945692256,0.6665061009079094,1.0,30000.0
random_seeqst,4,0,haar_random,10,100,,40000,0.21817809782515102,1935.6702998280086,0.5260129690304968,1.0,40000.0
random_seeqst,4,0,haar_random,10,100,,50000,0.19781363742523647,1977.193026514787,0.4999802885850709,1.0,50000.0
derandomized_seeqst,4,1,haar_random,10,100,99.0,10,0.9979254595658367,0.0,1.0706538550864197,0.09,0.1
derandomized_seeqst,4,1,haar_random,10,100,99.0,30,0.9979419253656597,0.0,1.0706538550864197,0.27,0.3
derandomized_seeqst,4,1,haar_random,10,100,99.0,100,0.8865801363917653,1.0213333333333332,1.0966022642245266,0.65,1.01
derandomized_seeqst,4,1,haar_random,10,100,99.0,300,0.5735123497339555,1.162015503875969,1.053063675027587,0.96,3.03
derandomized_seeqst,4,1,haar_random,10,100,99.0,1000,0.31844263121240196,1.0137414611532258,1.0412826994209188,1.0,10.16
derandomized_seeqst,4,1,haar_random,10,100,99.0,3000,0.1796790774180532,1.001270956615166,0.44869010682832616,1.0,30.49
derandomized_seeqst,4,1,haar_random,10,100,99.0,10000,0.08536795252326379,1.0024640106216556,0.2450985747221633,1.0,102.06
derandomized_seeqst,4,1,haar_random,10,100,99.0,20000,0.0653224780848808,1.0002994223639192,0.19069210296152533,1.0,204.01
derandomized_seeqst,4,1,haar_random,10,100,99.0,30000,0.05496360751362947,0.9995901496472592,0.12485364020411435,1.0,305.91
derandomized_seeqst,4,1,haar_random,10,100,99.0,40000,0.04744589720310801,0.9991348676755618,0.11199221845401829,1.0,408.24
derandomized_seeqst,4,1,haar_random,10,100,99.0,50000,0.04281547000625494,0.998941000157741,0.10618103566331283,1.0,510.29
random_seeqst,4,1,haar_random,10,100,,10,0.03352154399273375,0.012888888888888889,0.17892164776079356,1.0,10.0
random_seeqst,4,1,haar_random,10,100,,30,0.04217340493087256,0.01954022988505748,0.312254981094127,1.0,30.0
random_seeqst,4,1,haar_random,10,100,,100,2.892162650387456,838.8826020202015,20.4564274237118,1.0,100.0
random_seeqst,4,1,haar_random,10,100,,300,2.4549552481717085,1817.5528686733473,6.836700686660344,1.0,300.0
random_seeqst,4,1,haar_random,10,100,,1000,1.4167072366437778,2013.2866398798972,6.139862426208979,1.0,1000.0
random_seeqst,4,1,haar_random,10,100,,3000,0.8226174383316089,2320.9523719950594,2.71500003787861,1.0,3000.0
random_seeqst,4,1,haar_random,10,100,,10000,0.46409802304367803,2038.436553462903,1.1995647469633812,1.0,10000.0
random_seeqst,4,1,haar_random,10,100,,20000,0.3030363656560738,2013.2910833476658,0.8155947044497719,1.0,20000.0
random_seeqst,4,1,haar_random,10,100,,30000,0.2457709884132446,2016.087389865148,0.6695606548158265,1.0,30000.0
random_seeqst,4,1,haar_random,10,100,,40000,0.21205653265462135,1986.0250626143713,0.5357681148420791,1.0,40000.0
random_seeqst,4,1,haar_random,10,100,,50000,0.1983502519908485,2006.5732386930147,0.546008114842079,1.0,50000.0
derandomized_seeqst,4,2,haar_random,10,100,95.0,10,1.0061166683311917,,1.0502913620933099,0.11,0.11
derandomized_seeqst,4,2,haar_random,10,100,95.0,30,0.9201113397027418,1.3333333333333333,1.0678525326816328,0.26,0.32
derandomized_seeqst,4,2,haar_random,10,100,95.0,100,0.8221665662063684,1.32183908045977,1.0678525326816328,0.64,1.09
derandomized_seeqst,4,2,haar_random,10,100,95.0,300,0.6003559856569498,1.151381540270429,1.0913868620981324,0.98,3.23
derandomized_seeqst,4,2,haar_random,10,100,95.0,1000,0.3277905005814203,1.0025020560719846,0.8392400397783536,1.0,10.93
derandomized_seeqst,4,2,haar_random,10,100,95.0,3000,0.18947517026470026,0.9961342908658193,0.5097164736001181,1.0,32.85
derandomized_seeqst,4,2,haar_random,10,100,95.0,10000,0.09277505250271147,1.000365199736678,0.2876287678100234,1.0,110.07
derandomized_seeqst,4,2,haar_random,10,100,95.0,20000,0.07658566934058572,0.9978715697061245,0.20728905675965248,1.0,220.47
derandomized_seeqst,4,2,haar_random,10,100,95.0,30000,0.0670066600429348,0.9976583567213779,0.18964341982467542,1.0,329.86
derandomized_seeqst,4,2,haar_random,10,100,95.0,40000,0.056076607807681846,0.9980779384321852,0.18454581942681395,1.0,439.93
derandomized_seeqst,4,2,haar_random,10,100,95.0,50000,0.04555615369264137,0.9989913263978184,0.13305844273760628,1.0,549.99
random_seeqst,4,2,haar_random,10,100,,10,20.481782671882105,4194.304000000001,204.81755003638918,1.0,10.0
random_seeqst,4,2,haar_random,10,100,,30,9.658122677847805,2796.202666666664,68.30144204700785,1.0,30.0
random_seeqst,4,2,haar_random,10,100,,100,4.104514647106628,1677.7215999999985,20.543808983875827,1.0,100.0
random_seeqst,4,2,haar_random,10,100,,300,2.7341971982982023,2236.9621333333243,13.702872456366403,1.0,300.0
random_seeqst,4,2,haar_random,10,100,,1000,1.6228106638577668,2810.351620100115,6.097855455543491,1.0,1000.0
random_seeqst,4,2,haar_random,10,100,,3000,0.8503842776591547,2139.07639243297,2.733335424340751,1.0,3000.0
random_seeqst,4,2,haar_random,10,100,,10000,0.4628116696798876,2025.8354088848653,1.4082188358825414,1.0,10000.0
random_seeqst,4,2,haar_random,10,100,,20000,0.3362625820557865,2084.560279521413,0.9986188358825415,1.0,20000.0
random_seeqst,4,2,haar_random,10,100,,30000,0.28697465699025443,2106.9264056318834,0.7255521692158748,1.0,30000.0
random_seeqst,4,2,haar_random,10,100,,40000,0.2540395021326862,2125.450706622976,0.6954550312281162,1.0,40000.0
random_seeqst,4,2,haar_random,10,100,,50000,0.2146604587728765,2086.2412394535086,0.5115465938424333,1.0,50000.0
derandomized_seeqst,4,3,haar_random,10,100,97.0,10,0.991970527382832,,1.1155871389007832,0.1,0.1
derandomized_seeqst,4,3,haar_random,10,100,97.0,30,0.9418548833164546,1.5,1.1155871389007832,0.28,0.32
derandomized_seeqst,4,3,haar_random,10,100,97.0,100,0.8890026914458542,0.9743589743589743,1.1155871389007832,0.69,1.06
derandomized_seeqst,4,3,haar_random,10,100,97.0,300,0.6480546914446971,0.9550392044367947,1.058330661018011,0.95,3.21
derandomized_seeqst,4,3,haar_random,10,100,97.0,1000,0.3383836157782208,1.0006492238635862,1.02334838316374,1.0,10.58
derandomized_seeqst,4,3,haar_random,10,100,97.0,3000,0.18329760593672012,1.0011279823771233,0.4685283153713714,1.0,31.83
derandomized_seeqst,4,3,haar_random,10,100,97.0,10000,0.09872160116685565,1.0005317771062208,0.3567615882273365,1.0,106.03
derandomized_seeqst,4,3,haar_random,10,100,97.0,20000,0.06621237329757745,1.00050141171975,0.16868448403352648,1.0,211.89
derandomized_seeqst,4,3,haar_random,10,100,97.0,30000,0.05403189058278956,1.0000072176788053,0.15523916576431676,1.0,317.55
derandomized_seeqst,4,3,haar_random,10,100,97.0,40000,0.045626969849811974,0.9999188112790126,0.13341254037731984,1.0,423.84
derandomized_seeqst,4,3,haar_random,10,100,97.0,50000,0.039258216258504015,1.0000197555557273,0.1165032458644419,1.0,529.63
random_seeqst,4,3,haar_random,10,100,,10,20.47982637194916,4194.304000000001,204.7980117823637,1.0,10.0
random_seeqst,4,3,haar_random,10,100,,30,9.656080054223471,2796.2026666666648,68.2921615933319,1.0,30.0
random_seeqst,4,3,haar_random,10,100,,100,4.099945551686423,2525.0557414141404,20.544575564437327,1.0,100.0
random_seeqst,4,3,haar_random,10,100,,300,2.4658198349510565,2098.0871848383413,6.891242231103992,1.0,300.0
random_seeqst,4,3,haar_random,10,100,,1000,1.3637936293340656,2097.403910150164,4.160575564437325,1.0,1000.0
random_seeqst,4,3,haar_random,10,100,,3000,0.8575284786464022,2181.038079999926,2.7070195433564312,1.0,3000.0
random_seeqst,4,3,haar_random,10,100,,10000,0.3982770347561207,1832.935177396112,1.1903991207788964,1.0,10000.0
random_seeqst,4,3,haar_random,10,100,,20000,0.3251938787023275,1914.692016149799,1.0502145055692604,1.0,20000.0
random_seeqst,4,3,haar_random,10,100,,30000,0.2707840961213803,1972.713244914892,0.727286210023098,1.0,30000.0
random_seeqst,4,3,haar_random,10,100,,40000,0.25101833691011094,2017.4470640425452,0.6419528766897646,1.0,40000.0
random_seeqst,4,3,haar_random,10,100,,50000,0.216630490392715,2019.9706322616455,0.5553662245878461,1.0,50000.0
derandomized_seeqst,4,4,haar_random,10,100,99.0,10,0.9921761054471708,,1.0223012236484996,0.1,0.1
derandomized_seeqst,4,4,haar_random,10,100,99.0,30,0.9213972086552148,0.8571428571428571,1.0595126254545795,0.23,0.3
derandomized_seeqst,4,4,haar_random,10,100,99.0,100,0.8536731061625183,1.0344827586206897,1.0548372717168606,0.64,1.02
derandomized_seeqst,4,4,haar_random,10,100,99.0,300,0.6609691521204243,0.9530864197530866,1.0548372717168606,0.96,3.07
derandomized_seeqst,4,4,haar_random,10,100,99.0,1000,0.37192581759793975,0.9646374932257283,1.0249838539747527,1.0,10.16
derandomized_seeqst,4,4,haar_random,10,100,99.0,3000,0.19161573164422313,0.9927927159018354,0.5726987184169462,1.0,30.55
derandomized_seeqst,4,4,haar_random,10,100,99.0,10000,0.100770183805294,0.9978519385242612,0.3033343694386702,1.0,101.97
derandomized_seeqst,4,4,haar_random,10,100,99.0,20000,0.07691196604290905,0.997600644982088,0.22493339959882985,1.0,203.82
derandomized_seeqst,4,4,haar_random,10,100,99.0,30000,0.062417666276284804,0.9983296774052214,0.1669190455318442,1.0,305.89
derandomized_seeqst,4,4,haar_random,10,100,99.0,40000,0.05249649187135324,0.9987210409249324,0.14154310568222012,1.0,407.77
derandomized_seeqst,4,4,haar_random,10,100,99.0,50000,0.04622490585908102,0.998964017909809,0.12672659613514253,1.0,509.72
random_seeqst,4,4,haar_random,10,100,,10,20.482700474223986,4194.304000000001,204.82676078581383,1.0,10.0
random_seeqst,4,4,haar_random,10,100,,30,6.829415912708619,1398.101333333332,68.29342745248049,1.0,30.0
random_seeqst,4,4,haar_random,10,100,,100,2.050919734156234,419.43039999999957,20.506760785813828,1.0,100.0
random_seeqst,4,4,haar_random,10,100,,300,2.1632100042547147,1398.1013333333271,6.906141861293199,1.0,300.0
random_seeqst,4,4,haar_random,10,100,,1000,1.3948249555455323,1761.439739899905,4.156346288906482,1.0,1000.0
random_seeqst,4,4,haar_random,10,100,,3000,0.8425252356209467,1845.4005221651282,2.1083462889064815,1.0,3000.0
random_seeqst,4,4,haar_random,10,100,,10000,0.46782561586398086,1992.2734263826153,1.2570785780294986,1.0,10000.0
random_seeqst,4,4,haar_random,10,100,,20000,0.3422618985498945,1950.329548528897,1.1546785780294988,1.0,20000.0
random_seeqst,4,4,haar_random,10,100,,30000,0.27281735090860765,1939.1543388416605,0.7867028300216372,1.0,30000.0
random_seeqst,4,4,haar_random,10,100,,40000,0.23086772733286792,1941.954939913496,0.6551359650207109,1.0,40000.0
random_seeqst,4,4,haar_random,10,100,,50000,0.21435075168159098,1952.0187130736272,0.685855965020711,1.0,50000.0
derandomized_seeqst,4,5,haar_random,10,100,100.0,10,0.9942700820634816,,1.0424187984339466,0.1,0.1
derandomized_seeqst,4,5,haar_random,10,100,100.0,30,0.9599344041587732,2.0,1.0601089604173983,0.28,0.3
derandomized_seeqst,4,5,haar_random,10,100,100.0,100,0.8690883729671729,1.023809523809524,1.0601089604173983,0.64,1.0
derandomized_seeqst,4,5,haar_random,10,100,100.0,300,0.6361211091100958,1.0380952380952382,1.0576161631092071,0.94,3.0
derandomized_seeqst,4,5,haar_random,10,100,100.0,1000,0.3492566425306405,0.9851707769354827,1.0302287860902557,1.0,10.0
derandomized_seeqst,4,5,haar_random,10,100,100.0,3000,0.18655783738675333,0.9995564710873306,0.4972509041508531,1.0,30.0
derandomized_seeqst,4,5,haar_random,10,100,100.0,10000,0.09945413515576039,0.9997789622561863,0.23367092386222096,1.0,100.0
derandomized_seeqst,4,5,haar_random,10,100,100.0,20000,0.0663095868829174,1.0002332381443308,0.1990305941169254,1.0,200.0
derandomized_seeqst,4,5,haar_random,10,100,100.0,30000,0.05811537850374953,0.9991076650740045,0.2087523780138627,1.0,300.0
derandomized_seeqst,4,5,haar_random,10,100,100.0,40000,0.05035397514856688,0.9993918844068423,0.20275967348025142,1.0,400.0
derandomized_seeqst,4,5,haar_random,10,100,100.0,50000,0.0439813509509619,0.9993639012780399,0.15462315251108139,1.0,500.0
random_seeqst,4,5,haar_random,10,100,,10,0.029292953480208925,0.0,0.06334482985098763,1.0,10.0
random_seeqst,4,5,haar_random,10,100,,30,9.65367740647388,2796.202666666666,68.28093593055668,1.0,30.0
random_seeqst,4,5,haar_random,10,100,,100,6.143455997371314,3774.873599999998,20.522418798433947,1.0,100.0
random_seeqst,4,5,haar_random,10,100,,300,2.7328316564045116,2517.517584838334,6.885362953387254,1.0,300.0
random_seeqst,4,5,haar_random,10,100,,1000,1.5175456450210918,2642.747400200218,4.136163414313358,1.0,1000.0
random_seeqst,4,5,haar_random,10,100,,3000,0.9535156717504808,2348.679707031175,2.6954228781913785,1.0,3000.0
random_seeqst,4,5,haar_random,10,100,,10000,0.527904302070511,2252.2858776501544,1.580783836890793,1.0,10000.0
random_seeqst,4,5,haar_random,10,100,,20000,0.35334616612375414,2172.6341620251774,1.0641634143133578,1.0,20000.0
random_seeqst,4,5,haar_random,10,100,,30000,0.2792428025643872,2094.3476880756484,0.8130083919938372,1.0,30000.0
random_seeqst,4,5,haar_random,10,100,,40000,0.2435437520661254,2081.4160197845576,0.7106083919938372,1.0,40000.0
random_seeqst,4,5,haar_random,10,100,,50000,0.2095473680188483,2093.7943086086852,0.5262883919938371,1.0,50000.0
derandomized_seeqst,4,6,haar_random,10,100,96.0,10,0.9880660990880182,,1.0361159961002615,0.11,0.11
derandomized_seeqst,4,6,haar_random,10,100,96.0,30,0.9403121944134004,1.2,1.0660204219991278,0.28,0.33
derandomized_seeqst,4,6,haar_random,10,100,96.0,100,0.8502567993153666,0.9955555555555555,1.0660204219991278,0.61,1.09
derandomized_seeqst,4,6,haar_random,10,100,96.0,300,0.6380659289316326,0.9794398372711627,1.056378472797849,0.96,3.27
derandomized_seeqst,4,6,haar_random,10,100,96.0,1000,0.3226463984306345,0.9972206521810101,0.8302385689785517,1.0,10.77
derandomized_seeqst,4,6,haar_random,10,100,96.0,3000,0.20797055298552075,0.988061751545236,0.46310898455922156,1.0,32.47
derandomized_seeqst,4,6,haar_random,10,100,96.0,10000,0.09501007521419469,0.9995163019727284,0.3161095175111322,1.0,108.47
derandomized_seeqst,4,6,haar_random,10,100,96.0,20000,0.0657997892325,0.9994018014671693,0.19216625228443188,1.0,216.69
derandomized_seeqst,4,6,haar_random,10,100,96.0,30000,0.05440351141309255,0.9993637038126884,0.18564032656128404,1.0,324.64
derandomized_seeqst,4,6,haar_random,10,100,96.0,40000,0.04815859929976948,0.9993562744567014,0.13252227025563623,1.0,432.44
derandomized_seeqst,4,6,haar_random,10,100,96.0,50000,0.041499337459723645,0.9993894563182003,0.1355012124745564,1.0,540.69
random_seeqst,4,6,haar_random,10,100,,10,0.029216382090723175,0.0,0.0723040872825857,1.0,10.0
random_seeqst,4,6,haar_random,10,100,,30,6.82313066520663,1398.1013333333321,68.23069061665896,1.0,30.0
random_seeqst,4,6,haar_random,10,100,,100,5.011839586365429,2516.582399999999,20.498455618410546,1.0,100.0
random_seeqst,4,6,haar_random,10,100,,300,2.6395214435528236,2097.1519999999878,6.856607695181881,1.0,300.0
random_seeqst,4,6,haar_random,10,100,,1000,1.4625878388221496,2139.0950400000065,4.125941028515214,1.0,1000.0
random_seeqst,4,6,haar_random,10,100,,3000,0.7847907570362996,2083.2455769344906,2.0779410285152147,1.0,3000.0
random_seeqst,4,6,haar_random,10,100,,10000,0.41417803474081066,2013.2952830643717,1.0086787964663257,1.0,10000.0
random_seeqst,4,6,haar_random,10,100,,20000,0.3014115509438381,1977.623354204784,0.8170359184190302,1.0,20000.0
random_seeqst,4,6,haar_random,10,100,,30000,0.23329811219434643,2013.278876171147,0.6805025850856968,1.0,30000.0
random_seeqst,4,6,haar_random,10,100,,40000,0.20841855710080026,2017.4678263661458,0.5256032785257364,1.0,40000.0
random_seeqst,4,6,haar_random,10,100,,50000,0.20196201087758273,2019.9772426169104,0.5870432785257363,1.0,50000.0
derandomized_seeqst,4,7,haar_random,10,100,97.0,10,1.0160090259377845,,1.0553334318213818,0.1,0.1
derandomized_seeqst,4,7,haar_random,10,100,97.0,30,0.9827507416620198,1.0,1.0553334318213818,0.29,0.31
derandomized_seeqst,4,7,haar_random,10,100,97.0,100,0.8439893269643893,1.0021505376344086,1.065620139162871,0.62,1.03
derandomized_seeqst,4,7,haar_random,10,100,97.0,300,0.6795274230421466,0.9562386980108499,1.0789250946641988,0.96,3.16
derandomized_seeqst,4,7,haar_random,10,100,97.0,1000,0.29326594787856036,1.0286259363271746,0.7746913617477935,1.0,10.55
derandomized_seeqst,4,7,haar_random,10,100,97.0,3000,0.18313711013864523,0.9980770705529656,0.48009732958482476,1.0,31.79
derandomized_seeqst,4,7,haar_random,10,100,97.0,10000,0.09027297248534977,1.0003212409631184,0.20298913406024838,1.0,106.08
derandomized_seeqst,4,7,haar_random,10,100,97.0,20000,0.06699906750258887,0.9989057948392238,0.16832958717238922,1.0,212.26
derandomized_seeqst,4,7,haar_random,10,100,97.0,30000,0.059442317898446694,0.9980881705788994,0.15292192431733495,1.0,318.3
derandomized_seeqst,4,7,haar_random,10,100,97.0,40000,0.05105359484309035,0.998061931413932,0.10954723449103224,1.0,424.3
derandomized_seeqst,4,7,haar_random,10,100,97.0,50000,0.04800711304915263,0.9981082902784347,0.10954529167833765,1.0,530.09
random_seeqst,4,7,haar_random,10,100,,10,20.47482915436094,4194.304000000001,204.74803779040178,1.0,10.0
random_seeqst,4,7,haar_random,10,100,,30,6.821546609950172,1398.101333333332,68.21470445706844,1.0,30.0
random_seeqst,4,7,haar_random,10,100,,100,4.573951356576019,2097.1519999999987,20.542481778186794,1.0,100.0
random_seeqst,4,7,haar_random,10,100,,300,3.198261366960351,2514.7120303232914,13.63114856199678,1.0,300.0
random_seeqst,4,7,haar_random,10,100,,1000,1.6344441474707165,2180.5342596997057,6.193879752662989,1.0,1000.0
random_seeqst,4,7,haar_random,10,100,,3000,0.9026617342566794,2138.9924783816496,2.1104817781867933,1.0,3000.0
random_seeqst,4,7,haar_random,10,100,,10000,0.47750522050400723,2130.6896531061057,1.4834797526629884,1.0,10000.0
random_seeqst,4,7,haar_random,10,100,,20000,0.32644901862373604,2088.7575196810667,0.8690797526629884,1.0,20000.0
random_seeqst,4,7,haar_random,10,100,,30000,0.23458696737233273,2091.5721779984883,0.6639361184650041,1.0,30000.0
random_seeqst,4,7,haar_random,10,100,,40000,0.21770017528947028,2152.7309845597847,0.5103361184650042,1.0,40000.0
random_seeqst,4,7,haar_random,10,100,,50000,0.19233970645401477,2157.553333111045,0.4410793589169918,1.0,50000.0
derandomized_seeqst,4,8,haar_random,10,100,96.0,10,1.0150004591065804,,1.0359074494202685,0.1,0.1
derandomized_seeqst,4,8,haar_random,10,100,96.0,30,0.9344853298793495,2.0,1.0388640111426521,0.29,0.33
derandomized_seeqst,4,8,haar_random,10,100,96.0,100,0.8672747696709063,1.026190476190476,1.0564335459970284,0.66,1.1
derandomized_seeqst,4,8,haar_random,10,100,96.0,300,0.5989630033965163,1.0993612078977932,1.0485498349626694,0.97,3.2
derandomized_seeqst,4,8,haar_random,10,100,96.0,1000,0.3450345235715805,0.9894637145839345,0.8352025322492065,1.0,10.9
derandomized_seeqst,4,8,haar_random,10,100,96.0,3000,0.2198902900705221,0.9842546454284361,0.779655160323372,1.0,32.45
derandomized_seeqst,4,8,haar_random,10,100,96.0,10000,0.1154546020319281,0.996030185958546,0.3574804275299952,1.0,107.83
derandomized_seeqst,4,8,haar_random,10,100,96.0,20000,0.07952958933289254,0.9977250620568175,0.19788054981463366,1.0,215.74
derandomized_seeqst,4,8,haar_random,10,100,96.0,30000,0.060617130088049524,0.9988273437248358,0.17361900825779392,1.0,324.22
derandomized_seeqst,4,8,haar_random,10,100,96.0,40000,0.05004356735427538,0.9992327412989862,0.16260745692453255,1.0,432.38
derandomized_seeqst,4,8,haar_random,10,100,96.0,50000,0.04477215757483287,0.9992277868683304,0.15816286506410598,1.0,540.77
random_seeqst,4,8,haar_random,10,100,,10,0.049549383161006204,0.03377777777777778,0.411804917669775,1.0,10.0
random_seeqst,4,8,haar_random,10,100,,30,6.826517438964247,1398.1271264367804,68.26428969767564,1.0,30.0
random_seeqst,4,8,haar_random,10,100,,100,4.093571203394173,1677.7450343434332,20.477623031008967,1.0,100.0
random_seeqst,4,8,haar_random,10,100,,300,2.4580632123331916,2378.6639268673275,6.864530252160814,1.0,300.0
random_seeqst,4,8,haar_random,10,100,,1000,1.64008669033838,2600.4047211611824,8.22347636289697,1.0,1000.0
random_seeqst,4,8,haar_random,10,100,,3000,0.8899472685101427,2180.9925672957015,2.762143029563636,1.0,3000.0
random_seeqst,4,8,haar_random,10,100,,10000,0.4834135577515865,2122.3141196067313,1.0438614491354827,1.0,10000.0
random_seeqst,4,8,haar_random,10,100,,20000,0.3397393772391333,2157.9807779246307,0.9414614491354826,1.0,20000.0
random_seeqst,4,8,haar_random,10,100,,30000,0.2759658409855947,2175.459938327509,0.8390614491354826,1.0,30000.0
random_seeqst,4,8,haar_random,10,100,,40000,0.25481345619305007,2165.3177105093323,0.8902614491354826,1.0,40000.0
random_seeqst,4,8,haar_random,10,100,,50000,0.22757222555255607,2124.0053866052267,0.8800214491354826,1.0,50000.0
derandomized_seeqst,4,9,haar_random,10,100,97.0,10,1.0007756502147043,0.0,1.0672015478344985,0.11,0.12
derandomized_seeqst,4,9,haar_random,10,100,97.0,30,0.981801230550169,0.3333333333333333,1.0672015478344985,0.27,0.33
derandomized_seeqst,4,9,haar_random,10,100,97.0,100,0.8819412865385104,1.0615384615384615,1.080056590373468,0.7,1.1
derandomized_seeqst,4,9,haar_random,10,100,97.0,300,0.6492412119685428,1.0455495278280087,1.080056590373468,0.98,3.24
derandomized_seeqst,4,9,haar_random,10,100,97.0,1000,0.3703150750660501,0.9642837181975112,1.0181113233634693,1.0,10.71
derandomized_seeqst,4,9,haar_random,10,100,97.0,3000,0.17496222881785106,1.0023471433774147,0.3999270346067389,1.0,31.9
derandomized_seeqst,4,9,haar_random,10,100,97.0,10000,0.07694843748744253,1.0031926895329983,0.2112222294680706,1.0,105.97
derandomized_seeqst,4,9,haar_random,10,100,97.0,20000,0.061066672494211854,1.0003676022486823,0.2027009386456832,1.0,212.06
derandomized_seeqst,4,9,haar_random,10,100,97.0,30000,0.0503160287768065,0.9999129491151567,0.15595500519979902,1.0,318.13
derandomized_seeqst,4,9,haar_random,10,100,97.0,40000,0.048320206868220146,0.9992721719956943,0.12934260532648134,1.0,424.26
derandomized_seeqst,4,9,haar_random,10,100,97.0,50000,0.045476694981937495,0.9991000865663741,0.1502507927739242,1.0,530.36
random_seeqst,4,9,haar_random,10,100,,10,20.476812423972028,4194.304000000001,204.76793149168614,1.0,10.0
random_seeqst,4,9,haar_random,10,100,,30,6.823517658144898,1398.101333333332,68.23459815835278,1.0,30.0
random_seeqst,4,9,haar_random,10,100,,100,3.541431978681501,1258.291199999999,20.4491484305692,1.0,100.0
random_seeqst,4,9,haar_random,10,100,,300,2.2618933338252543,1537.9114666666576,6.840279325088327,1.0,300.0
random_seeqst,4,9,haar_random,10,100,,1000,1.343201673063067,2055.460870150161,4.074206568112721,1.0,1000.0
random_seeqst,4,9,haar_random,10,100,,3000,0.793345447397136,1999.3128780170634,2.05015579228493,1.0,3000.0
random_seeqst,4,9,haar_random,10,100,,10000,0.46670092704804017,2101.3320419401416,1.0771750883870352,1.0,10000.0
random_seeqst,4,9,haar_random,10,100,,20000,0.35803901234147384,2166.3332683692493,1.003484416964505,1.0,20000.0
random_seeqst,4,9,haar_random,10,100,,30000,0.27602354152730607,2106.929481557315,0.855398158352783,1.0,30000.0
random_seeqst,4,9,haar_random,10,100,,40000,0.21803698333226873,2106.591805505754,0.5311314916861164,1.0,40000.0
random_seeqst,4,9,haar_random,10,100,,50000,0.19653115293824583,2118.9644612171724,0.47160945217591926,1.0,50000.0
derandomized_seeqst,4,0,ghz,10,100,97.0,10,0.9354143466934853,1.0,1.0,0.08,0.1
derandomized_seeqst,4,0,ghz,10,100,97.0,30,0.982607368881035,0.6666666666666666,1.0,0.29,0.32
derandomized_seeqst,4,0,ghz,10,100,97.0,100,0.8775316110517397,1.1733333333333333,1.0,0.72,1.09
derandomized_seeqst,4,0,ghz,10,100,97.0,300,0.6444113799037915,0.9891240446796002,1.0,0.96,3.23
derandomized_seeqst,4,0,ghz,10,100,97.0,1000,0.3440512610228038,0.9923896942410874,1.0,1.0,10.61
derandomized_seeqst,4,0,ghz,10,100,97.0,3000,0.1926264129716861,0.9965110594016869,0.5833333333333334,1.0,31.82
derandomized_seeqst,4,0,ghz,10,100,97.0,10000,0.10035224327998243,0.9996944255757806,0.27058823529411763,1.0,105.83
derandomized_seeqst,4,0,ghz,10,100,97.0,20000,0.06273360762387331,1.0009376977587385,0.21739130434782608,1.0,211.64
derandomized_seeqst,4,0,ghz,10,100,97.0,30000,0.05087227319749158,1.0006520122025402,0.14,1.0,317.1
derandomized_seeqst,4,0,ghz,10,100,97.0,40000,0.043774255082739244,1.0005136232488188,0.15681233933161953,1.0,423.04
derandomized_seeqst,4,0,ghz,10,100,97.0,50000,0.03719742221780745,1.000560133689342,0.12778904665314403,1.0,529.4
random_seeqst,4,0,ghz,10,100,,10,0.0,0.0,0.0,1.0,10.0
random_seeqst,4,0,ghz,10,100,,30,6.826666666666667,1398.1013333333321,68.26666666666667,1.0,30.0
random_seeqst,4,0,ghz,10,100,,100,2.048,419.43039999999957,20.48,1.0,100.0
random_seeqst,4,0,ghz,10,100,,300,2.4613896707167506,1817.5317333333262,6.826666666666667,1.0,300.0
random_seeqst,4,0,ghz,10,100,,1000,1.4481546878700493,2265.09210010011,4.096,1.0,1000.0
random_seeqst,4,0,ghz,10,100,,3000,0.7783597568676782,2097.2452378347884,2.048,1.0,3000.0
random_seeqst,4,0,ghz,10,100,,10000,0.43924706487351733,2088.7793319491316,1.2288,1.0,10000.0
random_seeqst,4,0,ghz,10,100,,20000,0.32543229096080795,2088.761923920366,0.7168,1.0,20000.0
random_seeqst,4,0,ghz,10,100,,30000,0.2523097581237088,2021.658256394898,0.6144,1.0,30000.0
random_seeqst,4,0,ghz,10,100,,40000,0.2171024900824493,2015.366322666936,0.5632,1.0,40000.0
random_seeqst,4,0,ghz,10,100,,50000,0.18810408965251132,2022.498455621216,0.53248,1.0,50000.0
derandomized_seeqst,4,1,ghz,10,100,97.0,10,1.0,0.0,1.0,0.1,0.13
derandomized_seeqst,4,1,ghz,10,100,97.0,30,0.9607689228305228,0.5714285714285714,1.0,0.26,0.33
derandomized_seeqst,4,1,ghz,10,100,97.0,100,0.8635312817204737,1.1555555555555554,1.0,0.68,1.05
derandomized_seeqst,4,1,ghz,10,100,97.0,300,0.6810587574866811,0.8406926406926408,1.0,0.95,3.12
derandomized_seeqst,4,1,ghz,10,100,97.0,1000,0.3231097909421426,1.0145658053943765,1.0,1.0,10.69
derandomized_seeqst,4,1,ghz,10,100,97.0,3000,0.19192017365342973,0.9961749364184957,0.5652173913043478,1.0,31.91
derandomized_seeqst,4,1,ghz,10,100,97.0,10000,0.0927097747061122,1.0011776805493149,0.25925925925925924,1.0,105.77
derandomized_seeqst,4,1,ghz,10,100,97.0,20000,0.06437353918135533,1.0007280401384777,0.15508021390374332,1.0,211.7
derandomized_seeqst,4,1,ghz,10,100,97.0,30000,0.050835655681053304,1.0006573647385673,0.1509433962264151,1.0,317.24
derandomized_seeqst,4,1,ghz,10,100,97.0,40000,0.04627569498196106,1.0002874110242121,0.12264150943396226,1.0,423.13
derandomized_seeqst,4,1,ghz,10,100,97.0,50000,0.0441736761813703,0.9999908938949755,0.11368015414258188,1.0,529.39
random_seeqst,4,1,ghz,10,100,,10,0.0,0.0,0.0,1.0,10.0
random_seeqst,4,1,ghz,10,100,,30,9.654364585800328,2796.2026666666648,68.26666666666667,1.0,30.0
random_seeqst,4,1,ghz,10,100,,100,4.57946721791957,2097.151999999998,20.48,1.0,100.0
random_seeqst,4,1,ghz,10,100,,300,2.730666666666667,2236.9621333333203,6.826666666666667,1.0,300.0
random_seeqst,4,1,ghz,10,100,,1000,1.4040380621621338,2223.2330301501656,4.096,1.0,1000.0
random_seeqst,4,1,ghz,10,100,,3000,0.8220395232455541,1915.3615315326779,2.7306666666666666,1.0,3000.0
random_seeqst,4,1,ghz,10,100,,10000,0.49449764731492907,1983.8596500417543,1.2288,1.0,10000.0
random_seeqst,4,1,ghz,10,100,,20000,0.37189672544941826,2002.7419899253146,1.1264,1.0,20000.0
random_seeqst,4,1,ghz,10,100,,30000,0.2424187686169901,2034.246481357181,0.6144,1.0,30000.0
random_seeqst,4,1,ghz,10,100,,40000,0.22246974445978038,2042.6276209034013,0.6144,1.0,40000.0
random_seeqst,4,1,ghz,10,100,,50000,0.2092170082569771,2040.9453735515808,0.49152,1.0,50000.0
derandomized_seeqst,4,2,ghz,10,100,98.0,10,1.0,0.0,1.0,0.09,0.1
derandomized_seeqst,4,2,ghz,10,100,98.0,30,0.9819805060619657,0.6666666666666666,1.0,0.28,0.31
derandomized_seeqst,4,2,ghz,10,100,98.0,100,0.9077067940318746,0.7380952380952381,1.0,0.65,1.03
derandomized_seeqst,4,2,ghz,10,100,98.0,300,0.6367928953359204,1.0430952380952383,1.0,0.95,3.12
derandomized_seeqst,4,2,ghz,10,100,98.0,1000,0.33652232857544717,0.9996184264352926,1.0,1.0,10.4
derandomized_seeqst,4,2,ghz,10,100,98.0,3000,0.16631689632620464,1.0065392201304055,0.4482758620689655,1.0,31.16
derandomized_seeqst,4,2,ghz,10,100,98.0,10000,0.10008128491864778,0.9998717322131402,0.21904761904761905,1.0,104.04
derandomized_seeqst,4,2,ghz,10,100,98.0,20000,0.07060159666903425,0.9999309935860766,0.16831683168316833,1.0,207.59
derandomized_seeqst,4,2,ghz,10,100,98.0,30000,0.05846752851369831,0.9998574660726094,0.17218543046357615,1.0,311.91
derandomized_seeqst,4,2,ghz,10,100,98.0,40000,0.04917872890299081,1.0000376858770117,0.12649164677804295,1.0,416.08
derandomized_seeqst,4,2,ghz,10,100,98.0,50000,0.040666389923208104,1.0003114028554638,0.09803921568627451,1.0,520.28
random_seeqst,4,2,ghz,10,100,,10,28.96309375740099,8388.62577777778,204.8,1.0,10.0
random_seeqst,4,2,ghz,10,100,,30,9.654385301797083,2796.2257011494216,68.26666666666667,1.0,30.0
random_seeqst,4,2,ghz,10,100,,100,4.579471148506124,2097.175802020201,20.48,1.0,100.0
random_seeqst,4,2,ghz,10,100,,300,2.814720116340759,2657.349716387949,6.826666666666667,1.0,300.0
random_seeqst,4,2,ghz,10,100,,1000,1.53258918174441,2096.920570970995,4.096,1.0,1000.0
random_seeqst,4,2,ghz,10,100,,3000,0.7415826708990562,1901.52209584079,2.7306666666666666,1.0,3000.0
random_seeqst,4,2,ghz,10,100,,10000,0.43202763059785887,2093.000444170823,1.024,1.0,10000.0
random_seeqst,4,2,ghz,10,100,,20000,0.33149795534814386,2113.9449583537553,0.9216,1.0,20000.0
random_seeqst,4,2,ghz,10,100,,30000,0.2919554402073486,2143.295425202074,0.8192,1.0,30000.0
random_seeqst,4,2,ghz,10,100,,40000,0.23834207984533493,2112.896508465988,0.6144,1.0,40000.0
random_seeqst,4,2,ghz,10,100,,50000,0.21464059634654395,2098.845514325095,0.53248,1.0,50000.0
derandomized_seeqst,4,3,ghz,10,100,96.0,10,1.0,,1.0,0.11,0.11
derandomized_seeqst,4,3,ghz,10,100,96.0,30,0.9819805060619657,1.0,1.0,0.28,0.31
derandomized_seeqst,4,3,ghz,10,100,96.0,100,0.8657860049121978,1.0714285714285714,1.0,0.67,1.09
derandomized_seeqst,4,3,ghz,10,100,96.0,300,0.5937497966152094,1.1182548170783466,1.0,0.97,3.3
derandomized_seeqst,4,3,ghz,10,100,96.0,1000,0.27651375444183857,1.0367358840089225,0.75,1.0,10.82
derandomized_seeqst,4,3,ghz,10,100,96.0,3000,0.17760247625243983,1.001376502166497,0.5,1.0,32.33
derandomized_seeqst,4,3,ghz,10,100,96.0,10000,0.1029014729155401,0.9990882923862492,0.2962962962962963,1.0,107.83
derandomized_seeqst,4,3,ghz,10,100,96.0,20000,0.07022793585128626,0.9998931574842015,0.15841584158415842,1.0,215.8
derandomized_seeqst,4,3,ghz,10,100,96.0,30000,0.0555412220083752,1.0001279201217261,0.14743589743589744,1.0,323.8
derandomized_seeqst,4,3,ghz,10,100,96.0,40000,0.04874079254553487,1.0000296797310024,0.13592233009708737,1.0,431.59
derandomized_seeqst,4,3,ghz,10,100,96.0,50000,0.0446617162927566,0.9999279866731543,0.10655737704918032,1.0,539.26
random_seeqst,4,3,ghz,10,100,,10,0.0,0.0,0.0,1.0,10.0
random_seeqst,4,3,ghz,10,100,,30,0.0,0.0,0.0,1.0,30.0
random_seeqst,4,3,ghz,10,100,,100,3.547240053901061,1258.2911999999992,20.48,1.0,100.0
random_seeqst,4,3,ghz,10,100,,300,2.64395663101093,2097.1519999999896,6.826666666666667,1.0,300.0
random_seeqst,4,3,ghz,10,100,,1000,1.3738401653758707,1887.4368000000159,4.096,1.0,1000.0
random_seeqst,4,3,ghz,10,100,,3000,0.7094480107802121,1957.4910472023757,2.7306666666666666,1.0,3000.0
random_seeqst,4,3,ghz,10,100,,10000,0.44020091412899176,2004.8840235575678,1.4336,1.0,10000.0
random_seeqst,4,3,ghz,10,100,,20000,0.29695999999999995,2027.9591967183505,0.7168,1.0,20000.0
random_seeqst,4,3,ghz,10,100,,30000,0.22876973848051765,2020.2714334549394,0.6144,1.0,30000.0
random_seeqst,4,3,ghz,10,100,,40000,0.2105434643963094,2031.0981609040027,0.4608,1.0,40000.0
random_seeqst,4,3,ghz,10,100,,50000,0.18509207187775495,1998.1721299683009,0.45056,1.0,50000.0
derandomized_seeqst,4,4,ghz,10,100,98.0,10,0.8660254037844386,2.0,1.0,0.08,0.1
derandomized_seeqst,4,4,ghz,10,100,98.0,30,0.9405399431259602,1.2,1.0,0.26,0.31
derandomized_seeqst,4,4,ghz,10,100,98.0,100,0.8101617166766514,1.3000000000000003,1.0,0.62,1.04
derandomized_seeqst,4,4,ghz,10,100,98.0,300,0.5819016890976982,1.1632816982214573,1.0,0.96,3.14
derandomized_seeqst,4,4,ghz,10,100,98.0,1000,0.31767403940810174,1.009295942619472,0.75,1.0,10.39
derandomized_seeqst,4,4,ghz,10,100,98.0,3000,0.17256450355985084,1.0040015775672508,0.5454545454545454,1.0,31.16
derandomized_seeqst,4,4,ghz,10,100,98.0,10000,0.10073744237451732,0.9997630745630092,0.2549019607843137,1.0,104.1
derandomized_seeqst,4,4,ghz,10,100,98.0,20000,0.06924863309377656,1.0001304375553701,0.19170984455958548,1.0,208.15
derandomized_seeqst,4,4,ghz,10,100,98.0,30000,0.05470411784712244,1.0002873462133537,0.14482758620689656,1.0,311.78
derandomized_seeqst,4,4,ghz,10,100,98.0,40000,0.04501353040303536,1.0004308568621965,0.13486005089058525,1.0,415.56
derandomized_seeqst,4,4,ghz,10,100,98.0,50000,0.04027790749632513,1.000342264248327,0.1217564870259481,1.0,519.43
random_seeqst,4,4,ghz,10,100,,10,20.48,4194.304000000001,204.8,1.0,10.0
random_seeqst,4,4,ghz,10,100,,30,11.824133513003535,4194.303999999996,68.26666666666667,1.0,30.0
random_seeqst,4,4,ghz,10,100,,100,5.016554993219949,1669.2482585858559,40.96,1.0,100.0
random_seeqst,4,4,ghz,10,100,,300,2.730666666666667,1675.8512303232972,13.653333333333334,1.0,300.0
random_seeqst,4,4,ghz,10,100,,1000,1.4768338024300498,1845.157879799807,4.096,1.0,1000.0
random_seeqst,4,4,ghz,10,100,,3000,0.8635126197366454,2236.9621333332807,2.048,1.0,3000.0
random_seeqst,4,4,ghz,10,100,,10000,0.44020091412899176,2097.167939949193,1.2288,1.0,10000.0
random_seeqst,4,4,ghz,10,100,,20000,0.3056601406791536,2082.4826320101383,0.8192,1.0,20000.0
random_seeqst,4,4,ghz,10,100,,30000,0.26624000000000003,2104.1417609880336,0.6826666666666666,1.0,30000.0
random_seeqst,4,4,ghz,10,100,,40000,0.23181785953631787,2082.4702582366426,0.6656,1.0,40000.0
random_seeqst,4,4,ghz,10,100,,50000,0.2135033860902445,2064.432133747598,0.6144,1.0,50000.0
derandomized_seeqst,4,5,ghz,10,100,96.0,10,1.0,,1.0,0.1,0.1
derandomized_seeqst,4,5,ghz,10,100,96.0,30,0.9636241116594315,1.3333333333333333,1.0,0.28,0.31
derandomized_seeqst,4,5,ghz,10,100,96.0,100,0.8359482781904176,1.3448275862068966,1.0,0.7,1.08
derandomized_seeqst,4,5,ghz,10,100,96.0,300,0.5781751308677092,1.09010582010582,1.0,0.96,3.27
derandomized_seeqst,4,5,ghz,10,100,96.0,1000,0.33583627548658446,1.0016850247060671,1.0,1.0,11.02
derandomized_seeqst,4,5,ghz,10,100,96.0,3000,0.18789252860443495,0.9978740202416833,0.42857142857142855,1.0,32.72
derandomized_seeqst,4,5,ghz,10,100,96.0,10000,0.09290018727686322,1.0010801712123216,0.27102803738317754,1.0,108.38
derandomized_seeqst,4,5,ghz,10,100,96.0,20000,0.06704960191678955,1.000335560656051,0.19,1.0,216.29
derandomized_seeqst,4,5,ghz,10,100,96.0,30000,0.05546892107907459,1.000137334657997,0.14465408805031446,1.0,324.62
derandomized_seeqst,4,5,ghz,10,100,96.0,40000,0.05143554819128233,0.999763679345381,0.15404699738903394,1.0,432.72
derandomized_seeqst,4,5,ghz,10,100,96.0,50000,0.045005450077791345,0.9999002687987614,0.1293634496919918,1.0,540.71
random_seeqst,4,5,ghz,10,100,,10,0.0,0.0,0.0,1.0,10.0
random_seeqst,4,5,ghz,10,100,,30,0.0,0.0,0.0,1.0,30.0
random_seeqst,4,5,ghz,10,100,,100,3.547240053901061,1258.2912,20.48,1.0,100.0
random_seeqst,4,5,ghz,10,100,,300,2.64395663101093,2377.7074515050067,6.826666666666667,1.0,300.0
random_seeqst,4,5,ghz,10,100,,1000,1.49096650532465,2390.9212201001196,4.096,1.0,1000.0
random_seeqst,4,5,ghz,10,100,,3000,0.8276893459102476,2111.151660900237,2.7306666666666666,1.0,3000.0
random_seeqst,4,5,ghz,10,100,,10000,0.495768307175842,2172.6209478803557,1.4336,1.0,10000.0
random_seeqst,4,5,ghz,10,100,,20000,0.35796087383958597,2147.4628851573593,0.9216,1.0,20000.0
random_seeqst,4,5,ghz,10,100,,30000,0.255886196927028,2112.5360547897276,0.6826666666666666,1.0,30000.0
random_seeqst,4,5,ghz,10,100,,40000,0.21326505574050333,2081.4299137640464,0.4608,1.0,40000.0
random_seeqst,4,5,ghz,10,100,,50000,0.19558131935335749,2103.866711682371,0.45056,1.0,50000.0
derandomized_seeqst,4,6,ghz,10,100,93.0,10,0.816496580927726,2.0,1.0,0.09,0.12
derandomized_seeqst,4,6,ghz,10,100,93.0,30,0.9169191571456781,1.7333333333333336,1.0,0.3,0.37
derandomized_seeqst,4,6,ghz,10,100,93.0,100,0.8942053313435201,0.8765432098765431,1.0,0.7,1.14
derandomized_seeqst,4,6,ghz,10,100,93.0,300,0.6806502475705435,0.8990476190476191,1.0,0.95,3.4
derandomized_seeqst,4,6,ghz,10,100,93.0,1000,0.30791777014949273,1.011160220521615,0.7777777777777778,1.0,11.42
derandomized_seeqst,4,6,ghz,10,100,93.0,3000,0.18175636368104536,0.9989796289982107,0.42857142857142855,1.0,34.3
derandomized_seeqst,4,6,ghz,10,100,93.0,10000,0.0912814581667932,1.0010820444450221,0.26605504587155965,1.0,114.2
derandomized_seeqst,4,6,ghz,10,100,93.0,20000,0.06574400165149466,1.000354799590233,0.19576719576719576,1.0,228.39
derandomized_seeqst,4,6,ghz,10,100,93.0,30000,0.05434244690368939,1.000155998852349,0.17763157894736842,1.0,342.32
derandomized_seeqst,4,6,ghz,10,100,93.0,40000,0.04906582584831295,0.9999227592989273,0.13253012048192772,1.0,456.45
derandomized_seeqst,4,6,ghz,10,100,93.0,50000,0.045004852370593006,0.999837262620362,0.12114989733059549,1.0,570.35
random_seeqst,4,6,ghz,10,100,,10,20.48,4194.304000000001,204.8,1.0,10.0
random_seeqst,4,6,ghz,10,100,,30,6.826666666666667,1398.101333333332,68.26666666666667,1.0,30.0
random_seeqst,4,6,ghz,10,100,,100,2.048,419.43039999999957,20.48,1.0,100.0
random_seeqst,4,6,ghz,10,100,,300,2.3648267026007073,1677.7215999999933,6.826666666666667,1.0,300.0
random_seeqst,4,6,ghz,10,100,,1000,1.4040380621621338,1551.4726297497605,4.096,1.0,1000.0
random_seeqst,4,6,ghz,10,100,,3000,0.7571139588375496,1971.4067940513069,2.7306666666666666,1.0,3000.0
random_seeqst,4,6,ghz,10,100,,10000,0.445410573740678,2151.694730893916,1.2288,1.0,10000.0
random_seeqst,4,6,ghz,10,100,,20000,0.34039337243841866,2053.098595281947,0.8192,1.0,20000.0
random_seeqst,4,6,ghz,10,100,,30000,0.2620052966385731,2053.8106722472803,0.6826666666666666,1.0,30000.0
random_seeqst,4,6,ghz,10,100,,40000,0.22370357529552362,2064.6477169033983,0.5632,1.0,40000.0
random_seeqst,4,6,ghz,10,100,,50000,0.1987298831680832,2053.532815490584,0.49152,1.0,50000.0
derandomized_seeqst,4,7,ghz,10,100,100.0,10,0.9428090415820634,2.0,1.0,0.09,0.1
derandomized_seeqst,4,7,ghz,10,100,100.0,30,0.940449065311059,1.3333333333333335,1.0,0.25,0.3
derandomized_seeqst,4,7,ghz,10,100,100.0,100,0.8952148449248357,0.9861111111111112,1.0,0.67,1.0
derandomized_seeqst,4,7,ghz,10,100,100.0,300,0.6294761445175776,0.9930005737234653,1.0,0.93,3.0
derandomized_seeqst,4,7,ghz,10,100,100.0,1000,0.31879821817242465,1.0094495733025144,1.0,1.0,10.0
derandomized_seeqst,4,7,ghz,10,100,100.0,3000,0.18096578722889067,1.001623346153546,0.48148148148148145,1.0,30.0
derandomized_seeqst,4,7,ghz,10,100,100.0,10000,0.09492768502344066,1.00109380588636,0.23076923076923078,1.0,100.0
derandomized_seeqst,4,7,ghz,10,100,100.0,20000,0.06504706597974033,1.0007991443590725,0.15384615384615385,1.0,200.0
derandomized_seeqst,4,7,ghz,10,100,100.0,30000,0.05705619735094211,1.0000900319071278,0.14583333333333334,1.0,300.0
derandomized_seeqst,4,7,ghz,10,100,100.0,40000,0.05238823806175264,0.999761944071133,0.13744075829383887,1.0,400.0
derandomized_seeqst,4,7,ghz,10,100,100.0,50000,0.047435699720744455,0.999753946027748,0.11531190926275993,1.0,500.0
random_seeqst,4,7,ghz,10,100,,10,0.0,0.0,0.0,1.0,10.0
random_seeqst,4,7,ghz,10,100,,30,9.654364585800328,2796.2026666666648,68.26666666666667,1.0,30.0
random_seeqst,4,7,ghz,10,100,,100,6.144,3774.8735999999976,20.48,1.0,100.0
random_seeqst,4,7,ghz,10,100,,300,3.128371674423187,3216.568251504997,6.826666666666667,1.0,300.0
random_seeqst,4,7,ghz,10,100,,1000,1.4625645421655755,2391.005190150174,4.096,1.0,1000.0
random_seeqst,4,7,ghz,10,100,,3000,0.8333008633674208,2362.884491168121,2.7306666666666666,1.0,3000.0
random_seeqst,4,7,ghz,10,100,,10000,0.49956089518696317,2218.759130825018,1.4336,1.0,10000.0
random_seeqst,4,7,ghz,10,100,,20000,0.3520535232035038,2046.7987502544806,1.1264,1.0,20000.0
random_seeqst,4,7,ghz,10,100,,30000,0.29123555338515167,2035.6185771386477,0.8192,1.0,30000.0
random_seeqst,4,7,ghz,10,100,,40000,0.2393291958788146,1997.529939784506,0.7168,1.0,40000.0
random_seeqst,4,7,ghz,10,100,,50000,0.2000760789699758,2040.110237367843,0.57344,1.0,50000.0
derandomized_seeqst,4,8,ghz,10,100,96.0,10,1.0,,1.0,0.11,0.11
derandomized_seeqst,4,8,ghz,10,100,96.0,30,0.9827573280377846,0.33333333333333337,1.0,0.26,0.32
derandomized_seeqst,4,8,ghz,10,100,96.0,100,0.8816747854795595,0.839080459770115,1.0,0.65,1.1
derandomized_seeqst,4,8,ghz,10,100,96.0,300,0.6267218285635435,1.0254166666666669,1.0,0.94,3.22
derandomized_seeqst,4,8,ghz,10,100,96.0,1000,0.3302463001310109,0.9949868076241074,1.0,1.0,10.77
derandomized_seeqst,4,8,ghz,10,100,96.0,3000,0.17105748362500903,1.0041324259766642,0.5238095238095238,1.0,32.58
derandomized_seeqst,4,8,ghz,10,100,96.0,10000,0.0919896632205017,1.0012546413373051,0.2523364485981308,1.0,107.91
derandomized_seeqst,4,8,ghz,10,100,96.0,20000,0.07763830171145991,0.9987926495625363,0.2079207920792079,1.0,216.01
derandomized_seeqst,4,8,ghz,10,100,96.0,30000,0.05354630902542279,1.0003486830461121,0.13915857605177995,1.0,324.49
derandomized_seeqst,4,8,ghz,10,100,96.0,40000,0.047451263628651395,1.0001583113014036,0.116751269035533,1.0,432.89
derandomized_seeqst,4,8,ghz,10,100,96.0,50000,0.04379704995713275,1.0000075948019562,0.10556621880998081,1.0,540.88
random_seeqst,4,8,ghz,10,100,,10,0.0,0.0,0.0,1.0,10.0
random_seeqst,4,8,ghz,10,100,,30,6.826666666666667,1398.1013333333333,68.26666666666667,1.0,30.0
random_seeqst,4,8,ghz,10,100,,100,5.016554993219949,2516.5823999999984,20.48,1.0,100.0
random_seeqst,4,8,ghz,10,100,,300,2.554304776037678,1957.341866666654,6.826666666666667,1.0,300.0
random_seeqst,4,8,ghz,10,100,,1000,1.2288,1845.829640200215,4.096,1.0,1000.0
random_seeqst,4,8,ghz,10,100,,3000,0.7478238651803868,1957.4351045014678,2.048,1.0,3000.0
random_seeqst,4,8,ghz,10,100,,10000,0.4584044397690756,2025.8412814977648,1.4336,1.0,10000.0
random_seeqst,4,8,ghz,10,100,,20000,0.33495914974814467,2009.0598713618072,1.1264,1.0,20000.0
random_seeqst,4,8,ghz,10,100,,30000,0.2588738249503886,1988.099350321466,0.7509333333333333,1.0,30000.0
random_seeqst,4,8,ghz,10,100,,40000,0.23690721896978995,2005.9199109675392,0.7168,1.0,40000.0
random_seeqst,4,8,ghz,10,100,,50000,0.2072430287367949,2028.3630319883162,0.53248,1.0,50000.0
derandomized_seeqst,4,9,ghz,10,100,97.0,10,1.0,,1.0,0.11,0.11
derandomized_seeqst,4,9,ghz,10,100,97.0,30,0.982607368881035,0.6666666666666666,1.0,0.29,0.32
derandomized_seeqst,4,9,ghz,10,100,97.0,100,0.7982012405769322,1.3444444444444448,1.0,0.63,1.09
derandomized_seeqst,4,9,ghz,10,100,97.0,300,0.6653648424185787,0.930443722943723,1.0,0.91,3.27
derandomized_seeqst,4,9,ghz,10,100,97.0,1000,0.33972027854040454,0.9924679347080881,1.0,1.0,10.68
derandomized_seeqst,4,9,ghz,10,100,97.0,3000,0.19194422589332377,0.9965404364465268,0.5172413793103449,1.0,31.88
derandomized_seeqst,4,9,ghz,10,100,97.0,10000,0.10090799842748618,0.9996062354582577,0.3258426966292135,1.0,106.31
derandomized_seeqst,4,9,ghz,10,100,97.0,20000,0.07364524141806733,0.9994449845868953,0.2,1.0,212.12
derandomized_seeqst,4,9,ghz,10,100,97.0,30000,0.05355298046469488,1.0003793680698745,0.1793103448275862,1.0,318.51
derandomized_seeqst,4,9,ghz,10,100,97.0,40000,0.04842364268906965,1.0000874185316035,0.12643678160919541,1.0,424.5
derandomized_seeqst,4,9,ghz,10,100,97.0,50000,0.04386141290623992,1.000021516787073,0.13174946004319654,1.0,531.05
random_seeqst,4,9,ghz,10,100,,10,20.48,4194.304000000001,204.8,1.0,10.0
random_seeqst,4,9,ghz,10,100,,30,6.826666666666667,1398.101333333332,68.26666666666667,1.0,30.0
random_seeqst,4,9,ghz,10,100,,100,5.016554993219949,2516.5823999999993,20.48,1.0,100.0
random_seeqst,4,9,ghz,10,100,,300,2.3648267026007073,1677.7215999999905,6.826666666666667,1.0,300.0
random_seeqst,4,9,ghz,10,100,,1000,1.2624719878080464,1761.7756201001134,4.096,1.0,1000.0
random_seeqst,4,9,ghz,10,100,,3000,0.8106217531417885,2195.0936836011642,2.048,1.0,3000.0
random_seeqst,4,9,ghz,10,100,,10000,0.47898687748204544,2168.442583829544,1.2288,1.0,10000.0
random_seeqst,4,9,ghz,10,100,,20000,0.3332329491511906,2069.8814738755823,0.9216,1.0,20000.0
random_seeqst,4,9,ghz,10,100,,30000,0.265363343026542,2062.1977888895826,0.7509333333333333,1.0,30000.0
random_seeqst,4,9,ghz,10,100,,40000,0.22954508053974929,2067.790875828184,0.6144,1.0,40000.0
random_seeqst,4,9,ghz,10,100,,50000,0.21045629056884949,2087.0831202125883,0.53248,1.0,50000.0
derandomized_seeqst,4,0,random_stabilizer,10,100,100.0,10,1.0,,1.0,0.1,0.1
derandomized_seeqst,4,0,random_stabilizer,10,100,100.0,30,0.9819805060619657,1.0,1.0,0.28,0.3
derandomized_seeqst,4,0,random_stabilizer,10,100,100.0,100,0.9157781241379227,0.7546666666666667,1.0,0.65,1.0
derandomized_seeqst,4,0,random_stabilizer,10,100,100.0,300,0.6887403909213169,0.9714285714285713,1.0,0.97,3.0
derandomized_seeqst,4,0,random_stabilizer,10,100,100.0,1000,0.3740259419074173,0.9709323772203028,1.0,1.0,10.0
derandomized_seeqst,4,0,random_stabilizer,10,100,100.0,3000,0.20691925289811156,0.9913215668871707,0.5555555555555556,1.0,30.0
derandomized_seeqst,4,0,random_stabilizer,10,100,100.0,10000,0.09096636828067638,1.0018169750869568,0.22772277227722773,1.0,100.0
derandomized_seeqst,4,0,random_stabilizer,10,100,100.0,20000,0.06500115232063276,1.0007982268770335,0.16201117318435754,1.0,200.0
derandomized_seeqst,4,0,random_stabilizer,10,100,100.0,30000,0.0606656363149366,0.9996599665186481,0.1875,1.0,300.0
derandomized_seeqst,4,0,random_stabilizer,10,100,100.0,40000,0.048205700020971146,1.000182096728318,0.1111111111111111,1.0,400.0
derandomized_seeqst,4,0,random_stabilizer,10,100,100.0,50000,0.045348281569268505,0.9999471859759405,0.12883435582822086,1.0,500.0
random_seeqst,4,0,random_stabilizer,10,100,,10,7.757919228897728e-19,0.0,5.204170427930421e-18,1.0,10.0
random_seeqst,4,0,random_stabilizer,10,100,,30,7.757919228897728e-19,0.0,5.204170427930421e-18,1.0,30.0
random_seeqst,4,0,random_stabilizer,10,100,,100,2.8963093757400986,838.8607999999996,20.48,1.0,100.0
random_seeqst,4,0,random_stabilizer,10,100,,300,2.158781549341614,1398.1013333333267,6.826666666666667,1.0,300.0
random_seeqst,4,0,random_stabilizer,10,100,,1000,1.3738401653758707,1887.4368000000165,4.096,1.0,1000.0
random_seeqst,4,0,random_stabilizer,10,100,,3000,0.7693262622436451,1999.3594969344856,2.048,1.0,3000.0
random_seeqst,4,0,random_stabilizer,10,100,,10000,0.4416278252103234,1891.625231387163,1.024,1.0,10000.0
random_seeqst,4,0,random_stabilizer,10,100,,20000,0.2859876360963879,1900.032924718494,1.1264,1.0,20000.0
random_seeqst,4,0,random_stabilizer,10,100,,30000,0.22968461777934637,1923.7988062703405,0.8192,1.0,30000.0
random_seeqst,4,0,random_stabilizer,10,100,,40000,0.2042231877138343,1970.281853935954,0.6144,1.0,40000.0
random_seeqst,4,0,random_stabilizer,10,100,,50000,0.18577064706782934,1955.3891218495608,0.57344,1.0,50000.0
derandomized_seeqst,4,1,random_stabilizer,10,100,99.0,10,1.0,,1.0,0.1,0.1
derandomized_seeqst,4,1,random_stabilizer,10,100,99.0,30,0.9088932591463857,1.1428571428571428,1.0,0.23,0.3
derandomized_seeqst,4,1,random_stabilizer,10,100,99.0,100,0.8435877023998226,1.111111111111111,1.0,0.63,1.02
derandomized_seeqst,4,1,random_stabilizer,10,100,99.0,300,0.6585385726567663,0.9751889644746787,1.0,0.95,3.1
derandomized_seeqst,4,1,random_stabilizer,10,100,99.0,1000,0.37110476080257154,0.9687863899086808,1.0,1.0,10.19
derandomized_seeqst,4,1,random_stabilizer,10,100,99.0,3000,0.2010016191376254,0.9935786811265107,0.5,1.0,30.62
derandomized_seeqst,4,1,random_stabilizer,10,100,99.0,10000,0.10095177810728075,0.9997933795601398,0.226890756302521,1.0,102.15
derandomized_seeqst,4,1,random_stabilizer,10,100,99.0,20000,0.07737823777748258,0.9989891958397895,0.21176470588235294,1.0,204.41
derandomized_seeqst,4,1,random_stabilizer,10,100,99.0,30000,0.06128994200732626,0.999554936027796,0.13970588235294118,1.0,306.35
derandomized_seeqst,4,1,random_stabilizer,10,100,99.0,40000,0.049914406540209566,0.9999914396382452,0.15555555555555556,1.0,408.3
derandomized_seeqst,4,1,random_stabilizer,10,100,99.0,50000,0.04569553503871293,0.999896170868228,0.14473684210526316,1.0,510.28
random_seeqst,4,1,random_stabilizer,10,100,,10,20.48,4194.304000000001,204.8,1.0,10.0
random_seeqst,4,1,random_stabilizer,10,100,,30,11.824133513003535,4194.303999999997,68.26666666666667,1.0,30.0
random_seeqst,4,1,random_stabilizer,10,100,,100,6.476344648024841,4194.303999999997,20.48,1.0,100.0
random_seeqst,4,1,random_stabilizer,10,100,,300,2.896309375740099,2516.5823999999825,6.826666666666667,1.0,300.0
random_seeqst,4,1,random_stabilizer,10,100,,1000,1.5049664979659845,2432.8642601001197,4.096,1.0,1000.0
random_seeqst,4,1,random_stabilizer,10,100,,3000,0.871570454855933,2362.8192246837475,2.7306666666666666,1.0,3000.0
random_seeqst,4,1,random_stabilizer,10,100,,10000,0.4919464816420583,2235.545575216728,1.2288,1.0,10000.0
random_seeqst,4,1,random_stabilizer,10,100,,20000,0.3251099211036169,2147.4853258058633,1.024,1.0,20000.0
random_seeqst,4,1,random_stabilizer,10,100,,30000,0.2613820036311265,2161.4683897283116,0.7509333333333333,1.0,30000.0
random_seeqst,4,1,random_stabilizer,10,100,,40000,0.2349628191863555,2107.6352433548914,0.7168,1.0,40000.0
random_seeqst,4,1,random_stabilizer,10,100,,50000,0.2031962809108474,2109.735817988479,0.6144,1.0,50000.0
derandomized_seeqst,4,2,random_stabilizer,10,100,99.0,10,1.0,0.0,1.0,0.09,0.1
derandomized_seeqst,4,2,random_stabilizer,10,100,99.0,30,0.9607689228305228,0.8,1.0,0.26,0.31
derandomized_seeqst,4,2,random_stabilizer,10,100,99.0,100,0.8671731357184839,0.9724137931034483,1.0,0.62,1.02
derandomized_seeqst,4,2,random_stabilizer,10,100,99.0,300,0.6246514228200334,1.0811131203536266,1.0,0.94,3.09
derandomized_seeqst,4,2,random_stabilizer,10,100,99.0,1000,0.33631471677803865,0.9994034634096554,0.8181818181818182,1.0,10.19
derandomized_seeqst,4,2,random_stabilizer,10,100,99.0,3000,0.17373149405996008,1.004455298163104,0.44,1.0,30.57
derandomized_seeqst,4,2,random_stabilizer,10,100,99.0,10000,0.11113411791038837,0.9976204825115438,0.3402061855670103,1.0,101.91
derandomized_seeqst,4,2,random_stabilizer,10,100,99.0,20000,0.07545164697518465,0.9992738548559714,0.26804123711340205,1.0,203.88
derandomized_seeqst,4,2,random_stabilizer,10,100,99.0,30000,0.05749639494710211,1.000005592316206,0.15755627009646303,1.0,305.82
derandomized_seeqst,4,2,random_stabilizer,10,100,99.0,40000,0.0510706356402712,0.9998720599921894,0.1368909512761021,1.0,407.86
derandomized_seeqst,4,2,random_stabilizer,10,100,99.0,50000,0.045607005021718466,0.9999030171016372,0.13524590163934427,1.0,509.83
random_seeqst,4,2,random_stabilizer,10,100,,10,5.204170427930421e-19,0.0,5.204170427930421e-18,1.0,10.0
random_seeqst,4,2,random_stabilizer,10,100,,30,6.826666666666667,1398.1013333333333,68.26666666666667,1.0,30.0
random_seeqst,4,2,random_stabilizer,10,100,,100,4.096,1677.7215999999992,20.48,1.0,100.0
random_seeqst,4,2,random_stabilizer,10,100,,300,2.554304776037678,2237.8973181716733,6.826666666666667,1.0,300.0
random_seeqst,4,2,random_stabilizer,10,100,,1000,1.2624719878080461,1929.715720200222,4.096,1.0,1000.0
random_seeqst,4,2,random_stabilizer,10,100,,3000,0.8192,2041.2372704501165,2.048,1.0,3000.0
random_seeqst,4,2,random_stabilizer,10,100,,10000,0.45380648563016374,2084.5716048340773,1.2288,1.0,10000.0
random_seeqst,4,2,random_stabilizer,10,100,,20000,0.32623682195607534,2132.8037937258678,0.9216,1.0,20000.0
random_seeqst,4,2,random_stabilizer,10,100,,30000,0.2509206316303579,2120.927459085685,0.6144,1.0,30000.0
random_seeqst,4,2,random_stabilizer,10,100,,40000,0.2063302827992052,2120.2311055922787,0.5632,1.0,40000.0
random_seeqst,4,2,random_stabilizer,10,100,,50000,0.18290371429798793,2085.416203355968,0.49152,1.0,50000.0
derandomized_seeqst,4,3,random_stabilizer,10,100,98.0,10,1.0,,1.0,0.1,0.1
derandomized_seeqst,4,3,random_stabilizer,10,100,98.0,30,0.9819805060619657,0.6666666666666666,1.0,0.28,0.31
derandomized_seeqst,4,3,random_stabilizer,10,100,98.0,100,0.8436692348176373,1.0298850574712646,1.0,0.6,1.05
derandomized_seeqst,4,3,random_stabilizer,10,100,98.0,300,0.6536462251611848,0.9678469678469679,1.0,0.92,3.11
derandomized_seeqst,4,3,random_stabilizer,10,100,98.0,1000,0.3774726112843323,0.958017658296296,1.0,1.0,10.35
derandomized_seeqst,4,3,random_stabilizer,10,100,98.0,3000,0.18869052401311898,0.9981664336779315,0.5384615384615384,1.0,31.13
derandomized_seeqst,4,3,random_stabilizer,10,100,98.0,10000,0.09711477919347063,1.0004484654110164,0.25842696629213485,1.0,103.72
derandomized_seeqst,4,3,random_stabilizer,10,100,98.0,20000,0.06428456362734149,1.0007929364462875,0.1559633027522936,1.0,207.99
derandomized_seeqst,4,3,random_stabilizer,10,100,98.0,30000,0.049400118763753866,1.000837960670141,0.12056737588652482,1.0,312.1
derandomized_seeqst,4,3,random_stabilizer,10,100,98.0,40000,0.042658425215382594,1.0006377300141351,0.10617283950617284,1.0,416.23
derandomized_seeqst,4,3,random_stabilizer,10,100,98.0,50000,0.04080730110528813,1.00029906887304,0.11482254697286012,1.0,520.13
random_seeqst,4,3,random_stabilizer,10,100,,10,28.96309375740099,8388.608000000002,204.8,1.0,10.0
random_seeqst,4,3,random_stabilizer,10,100,,30,11.824133513003535,4194.3039999999955,68.26666666666667,1.0,30.0
random_seeqst,4,3,random_stabilizer,10,100,,100,6.79244757064786,3766.4002585858557,40.96,1.0,100.0
random_seeqst,4,3,random_stabilizer,10,100,,300,3.128371674423187,2655.4573484949756,13.653333333333334,1.0,300.0
random_seeqst,4,3,random_stabilizer,10,100,,1000,1.4336,1887.2688598999127,6.144,1.0,1000.0
random_seeqst,4,3,random_stabilizer,10,100,,3000,0.8388748443268784,1747.5054574813591,2.7306666666666666,1.0,3000.0
random_seeqst,4,3,random_stabilizer,10,100,,10000,0.46611688147931307,1979.6921922720262,1.024,1.0,10000.0
random_seeqst,4,3,random_stabilizer,10,100,,20000,0.3536878804822127,1994.3661751920718,0.8192,1.0,20000.0
random_seeqst,4,3,random_stabilizer,10,100,,30000,0.28866388666867676,2046.80525200266,0.8192,1.0,30000.0
random_seeqst,4,3,random_stabilizer,10,100,,40000,0.24140134879490624,2083.514325247282,0.7168,1.0,40000.0
random_seeqst,4,3,random_stabilizer,10,100,,50000,0.21192594751941066,2072.821580624907,0.65536,1.0,50000.0
derandomized_seeqst,4,4,random_stabilizer,10,100,98.0,10,1.0,,1.0,0.11,0.11
derandomized_seeqst,4,4,random_stabilizer,10,100,98.0,30,0.9614803401237304,0.6666666666666667,1.0,0.25,0.31
derandomized_seeqst,4,4,random_stabilizer,10,100,98.0,100,0.8655392822733403,1.1466666666666667,1.0,0.66,1.05
derandomized_seeqst,4,4,random_stabilizer,10,100,98.0,300,0.6362168951821423,1.0074287852065629,1.0,0.95,3.17
derandomized_seeqst,4,4,random_stabilizer,10,100,98.0,1000,0.34706112298836256,0.988394660894661,1.0,1.0,10.41
derandomized_seeqst,4,4,random_stabilizer,10,100,98.0,3000,0.18855489077414495,0.9983897958787032,0.5652173913043478,1.0,31.35
derandomized_seeqst,4,4,random_stabilizer,10,100,98.0,10000,0.10348477593056235,0.9991713937600974,0.25301204819277107,1.0,103.84
derandomized_seeqst,4,4,random_stabilizer,10,100,98.0,20000,0.07390155960769336,0.9994603462045423,0.21875,1.0,207.84
derandomized_seeqst,4,4,random_stabilizer,10,100,98.0,30000,0.06654306078895118,0.9988460878795218,0.1551155115511551,1.0,311.78
derandomized_seeqst,4,4,random_stabilizer,10,100,98.0,40000,0.05335727267364132,0.9996080243330115,0.13624678663239073,1.0,415.65
derandomized_seeqst,4,4,random_stabilizer,10,100,98.0,50000,0.0462284087573972,0.9998270569195785,0.12280701754385964,1.0,519.72
random_seeqst,4,4,random_stabilizer,10,100,,10,35.472400539010614,12582.912000000002,204.8,1.0,10.0
random_seeqst,4,4,random_stabilizer,10,100,,30,11.824133513003535,4194.303999999995,68.26666666666667,1.0,30.0
random_seeqst,4,4,random_stabilizer,10,100,,100,5.016554993219949,2516.582399999998,20.48,1.0,100.0
random_seeqst,4,4,random_stabilizer,10,100,,300,2.554304776037678,1676.7864151616423,13.653333333333334,1.0,300.0
random_seeqst,4,4,random_stabilizer,10,100,,1000,1.4625645421655755,2307.0351401001185,4.096,1.0,1000.0
random_seeqst,4,4,random_stabilizer,10,100,,3000,0.7601854276717257,2013.359157834779,2.048,1.0,3000.0
random_seeqst,4,4,random_stabilizer,10,100,,10000,0.39394066558302915,2021.7015089028675,1.2288,1.0,10000.0
random_seeqst,4,4,random_stabilizer,10,100,,20000,0.31042573089226994,2053.118099770813,0.9216,1.0,20000.0
random_seeqst,4,4,random_stabilizer,10,100,,30000,0.2510134792308086,1999.2885418518,0.7509333333333333,1.0,30000.0
random_seeqst,4,4,random_stabilizer,10,100,,40000,0.21776558405772017,2001.7342055058675,0.6656,1.0,40000.0
random_seeqst,4,4,random_stabilizer,10,100,,50000,0.19359829685201263,2001.524418988599,0.6144,1.0,50000.0
derandomized_seeqst,4,5,random_stabilizer,10,100,99.0,10,0.9354143466934853,1.0,1.0,0.08,0.1
derandomized_seeqst,4,5,random_stabilizer,10,100,99.0,30,0.9580576162920817,0.6666666666666667,1.0,0.23,0.3
derandomized_seeqst,4,5,random_stabilizer,10,100,99.0,100,0.8939397100074506,0.9916666666666668,1.0,0.65,1.0
derandomized_seeqst,4,5,random_stabilizer,10,100,99.0,300,0.6181430925816078,1.0795660036166363,1.0,0.94,3.06
derandomized_seeqst,4,5,random_stabilizer,10,100,99.0,1000,0.3575326774004491,0.982032081437654,1.0,1.0,10.21
derandomized_seeqst,4,5,random_stabilizer,10,100,99.0,3000,0.19991416978322485,0.9943223910647135,0.5,1.0,30.6
derandomized_seeqst,4,5,random_stabilizer,10,100,99.0,10000,0.09670107901976792,1.0006813227853533,0.3333333333333333,1.0,101.9
derandomized_seeqst,4,5,random_stabilizer,10,100,99.0,20000,0.07309607216941313,0.9996299648837721,0.2154696132596685,1.0,203.7
derandomized_seeqst,4,5,random_stabilizer,10,100,99.0,30000,0.05895413396551676,0.9998344438826001,0.15625,1.0,305.56
derandomized_seeqst,4,5,random_stabilizer,10,100,99.0,40000,0.053707145854010215,0.9995949632047655,0.15789473684210525,1.0,407.44
derandomized_seeqst,4,5,random_stabilizer,10,100,99.0,50000,0.04599214106352902,0.9998680070215501,0.12525667351129363,1.0,509.31
random_seeqst,4,5,random_stabilizer,10,100,,10,20.48,4194.304000000001,204.8,1.0,10.0
random_seeqst,4,5,random_stabilizer,10,100,,30,6.826666666666667,1398.101333333332,68.26666666666667,1.0,30.0
random_seeqst,4,5,random_stabilizer,10,100,,100,4.57946721791957,2097.1519999999987,20.48,1.0,100.0
random_seeqst,4,5,random_stabilizer,10,100,,300,2.9756750121237667,2375.8370818283065,13.653333333333334,1.0,300.0
random_seeqst,4,5,random_stabilizer,10,100,,1000,1.5597103320809285,2264.756219899913,4.096,1.0,1000.0
random_seeqst,4,5,random_stabilizer,10,100,,3000,0.7813477131782552,1775.5700457663322,2.048,1.0,3000.0
random_seeqst,4,5,random_stabilizer,10,100,,10000,0.4763526492001488,2042.603396493225,1.2288,1.0,10000.0
random_seeqst,4,5,random_stabilizer,10,100,,20000,0.31160574064031615,2038.4365676910509,0.9216,1.0,20000.0
random_seeqst,4,5,random_stabilizer,10,100,,30000,0.2546996306763452,2049.620003431905,0.6144,1.0,30000.0
random_seeqst,4,5,random_stabilizer,10,100,,40000,0.2109787932470939,2053.1186239147437,0.512,1.0,40000.0
random_seeqst,4,5,random_stabilizer,10,100,,50000,0.17835246433957677,2053.540499609186,0.45056,1.0,50000.0
derandomized_seeqst,4,6,random_stabilizer,10,100,98.0,10,0.9428090415820634,1.0,1.0,0.09,0.11
derandomized_seeqst,4,6,random_stabilizer,10,100,98.0,30,0.9428090415820634,1.5,1.0,0.27,0.31
derandomized_seeqst,4,6,random_stabilizer,10,100,98.0,100,0.8802851587890789,1.0564102564102564,1.0,0.68,1.06
derandomized_seeqst,4,6,random_stabilizer,10,100,98.0,300,0.6824357386706575,0.9386518243661102,1.0,0.96,3.14
derandomized_seeqst,4,6,random_stabilizer,10,100,98.0,1000,0.34551034196884317,0.985825530678472,1.0,1.0,10.41
derandomized_seeqst,4,6,random_stabilizer,10,100,98.0,3000,0.18487958348410172,0.9995062117956628,0.5,1.0,31.22
derandomized_seeqst,4,6,random_stabilizer,10,100,98.0,10000,0.09919778815144667,1.00008317593398,0.3877551020408163,1.0,104.19
derandomized_seeqst,4,6,random_stabilizer,10,100,98.0,20000,0.07021452199571138,1.0000007280668413,0.18407960199004975,1.0,208.43
derandomized_seeqst,4,6,random_stabilizer,10,100,98.0,30000,0.055496151823100665,1.000202848278468,0.18849840255591055,1.0,312.55
derandomized_seeqst,4,6,random_stabilizer,10,100,98.0,40000,0.04637687898773313,1.0003095423833142,0.16381418092909536,1.0,416.82
derandomized_seeqst,4,6,random_stabilizer,10,100,98.0,50000,0.04018437844154608,1.0003532349570379,0.15428571428571428,1.0,521.09
random_seeqst,4,6,random_stabilizer,10,100,,10,20.48,4194.304000000001,204.8,1.0,10.0
random_seeqst,4,6,random_stabilizer,10,100,,30,6.826666666666667,1398.1013333333312,68.26666666666667,1.0,30.0
random_seeqst,4,6,random_stabilizer,10,100,,100,4.096,1677.7215999999992,20.48,1.0,100.0
random_seeqst,4,6,random_stabilizer,10,100,,300,2.730666666666667,2236.962133333322,6.826666666666667,1.0,300.0
random_seeqst,4,6,random_stabilizer,10,100,,1000,1.176486430010988,1636.0304701501652,4.096,1.0,1000.0
random_seeqst,4,6,random_stabilizer,10,100,,3000,0.7601854276717257,1901.4737560341946,2.048,1.0,3000.0
random_seeqst,4,6,random_stabilizer,10,100,,10000,0.44588116084894186,1879.0372857189484,1.2288,1.0,10000.0
random_seeqst,4,6,random_stabilizer,10,100,,20000,0.28136717647941806,1948.272454135032,0.7168,1.0,20000.0
random_seeqst,4,6,random_stabilizer,10,100,,30000,0.25313957502619866,2006.2782096295537,0.7509333333333333,1.0,30000.0
random_seeqst,4,6,random_stabilizer,10,100,,40000,0.22551260718638325,1994.3905558280715,0.5632,1.0,40000.0
random_seeqst,4,6,random_stabilizer,10,100,,50000,0.20683786113765532,2031.7187100739702,0.53248,1.0,50000.0
derandomized_seeqst,4,7,random_stabilizer,10,100,100.0,10,1.0,,1.0,0.1,0.1
derandomized_seeqst,4,7,random_stabilizer,10,100,100.0,30,0.9354143466934853,1.0,1.0,0.24,0.3
derandomized_seeqst,4,7,random_stabilizer,10,100,100.0,100,0.8633070979084704,1.1794871794871793,1.0,0.65,1.0
derandomized_seeqst,4,7,random_stabilizer,10,100,100.0,300,0.6210322918582669,1.0604704532415374,1.0,0.95,3.0
derandomized_seeqst,4,7,random_stabilizer,10,100,100.0,1000,0.27803356739693075,1.0373535092358621,0.75,1.0,10.0
derandomized_seeqst,4,7,random_stabilizer,10,100,100.0,3000,0.19051012673280948,0.9983438022693691,0.52,1.0,30.0
derandomized_seeqst,4,7,random_stabilizer,10,100,100.0,10000,0.09940593799119057,1.0002193297899722,0.30337078651685395,1.0,100.0
derandomized_seeqst,4,7,random_stabilizer,10,100,100.0,20000,0.06312699263156837,1.0010472799464314,0.1783783783783784,1.0,200.0
derandomized_seeqst,4,7,random_stabilizer,10,100,100.0,30000,0.05444749578704918,1.0003837447234525,0.13595166163141995,1.0,300.0
derandomized_seeqst,4,7,random_stabilizer,10,100,100.0,40000,0.04589631948831198,1.0004019918681002,0.11838790931989925,1.0,400.0
derandomized_seeqst,4,7,random_stabilizer,10,100,100.0,50000,0.03915694009066076,1.0004722198518206,0.088,1.0,500.0
random_seeqst,4,7,random_stabilizer,10,100,,10,5.204170427930421e-19,0.0,5.204170427930421e-18,1.0,10.0
random_seeqst,4,7,random_stabilizer,10,100,,30,5.204170427930421e-19,0.0,5.204170427930421e-18,1.0,30.0
random_seeqst,4,7,random_stabilizer,10,100,,100,5.418498685060282,2936.0127999999986,20.48,1.0,100.0
random_seeqst,4,7,random_stabilizer,10,100,,300,2.9756750121237667,2375.8370818283024,13.653333333333334,1.0,300.0
random_seeqst,4,7,random_stabilizer,10,100,,1000,1.3272556950339298,2181.4579302502643,4.096,1.0,1000.0
random_seeqst,4,7,random_stabilizer,10,100,,3000,0.8019517524972017,2237.064694951607,2.7306666666666666,1.0,3000.0
random_seeqst,4,7,random_stabilizer,10,100,,10000,0.5049887951232185,2088.7172500417796,1.2288,1.0,10000.0
random_seeqst,4,7,random_stabilizer,10,100,,20000,0.3371433499270006,2013.2529170077248,0.9216,1.0,20000.0
random_seeqst,4,7,random_stabilizer,10,100,,30000,0.2488692208101811,2059.409975110612,0.6144,1.0,30000.0
random_seeqst,4,7,random_stabilizer,10,100,,40000,0.20626674768367295,2039.4887612481832,0.4608,1.0,40000.0
random_seeqst,4,7,random_stabilizer,10,100,,50000,0.1847291458974463,1999.850019343718,0.45056,1.0,50000.0
derandomized_seeqst,4,8,random_stabilizer,10,100,97.0,10,1.0,,1.0,0.11,0.11
derandomized_seeqst,4,8,random_stabilizer,10,100,97.0,30,0.9819805060619657,0.5,1.0,0.28,0.32
derandomized_seeqst,4,8,random_stabilizer,10,100,97.0,100,0.7848094838404579,1.3125,1.0,0.6,1.06
derandomized_seeqst,4,8,random_stabilizer,10,100,97.0,300,0.6343694767334721,1.0553791887125221,1.0,0.95,3.1
derandomized_seeqst,4,8,random_stabilizer,10,100,97.0,1000,0.28031941340931665,1.0391681860623039,0.7777777777777778,1.0,10.62
derandomized_seeqst,4,8,random_stabilizer,10,100,97.0,3000,0.1795884524608396,1.0011207030216607,0.5555555555555556,1.0,31.9
derandomized_seeqst,4,8,random_stabilizer,10,100,97.0,10000,0.0934162278324809,1.0010979198599925,0.24324324324324326,1.0,105.84
derandomized_seeqst,4,8,random_stabilizer,10,100,97.0,20000,0.06934749769670374,1.000066202917003,0.19101123595505617,1.0,211.85
derandomized_seeqst,4,8,random_stabilizer,10,100,97.0,30000,0.05984474478464224,0.9996609123191377,0.15867158671586715,1.0,318.1
derandomized_seeqst,4,8,random_stabilizer,10,100,97.0,40000,0.05333831301589542,0.9995827764663224,0.14583333333333334,1.0,423.85
derandomized_seeqst,4,8,random_stabilizer,10,100,97.0,50000,0.04443468410702835,0.9999682313660402,0.09551656920077972,1.0,529.77
random_seeqst,4,8,random_stabilizer,10,100,,10,5.204170427930421e-19,0.0,5.204170427930421e-18,1.0,10.0
random_seeqst,4,8,random_stabilizer,10,100,,30,9.654364585800328,2796.2026666666657,68.26666666666667,1.0,30.0
random_seeqst,4,8,random_stabilizer,10,100,,100,5.792618751480197,2508.109058585856,40.96,1.0,100.0
random_seeqst,4,8,random_stabilizer,10,100,,300,2.9756750121237667,2656.392533333321,13.653333333333334,1.0,300.0
random_seeqst,4,8,random_stabilizer,10,100,,1000,1.49096650532465,2558.8613202002157,4.096,1.0,1000.0
random_seeqst,4,8,random_stabilizer,10,100,,3000,0.8553788816139378,2139.076392433012,2.048,1.0,3000.0
random_seeqst,4,8,random_stabilizer,10,100,,10000,0.4468208482154788,2063.604279557517,1.2288,1.0,10000.0
random_seeqst,4,8,random_stabilizer,10,100,,20000,0.3048013018344902,2134.914577895488,0.9216,1.0,20000.0
random_seeqst,4,8,random_stabilizer,10,100,,30000,0.25625018885629897,2095.758093110887,0.7509333333333333,1.0,30000.0
random_seeqst,4,8,random_stabilizer,10,100,,40000,0.22341042410773942,2116.0293565166635,0.5632,1.0,40000.0
random_seeqst,4,8,random_stabilizer,10,100,,50000,0.20253467140220704,2076.1809833272237,0.6144,1.0,50000.0
derandomized_seeqst,4,9,random_stabilizer,10,100,94.0,10,1.0,,1.0,0.1,0.1
derandomized_seeqst,4,9,random_stabilizer,10,100,94.0,30,0.9503819266229829,1.5,1.0,0.31,0.35
derandomized_seeqst,4,9,random_stabilizer,10,100,94.0,100,0.854410534293153,1.0166666666666666,1.0,0.64,1.11
derandomized_seeqst,4,9,random_stabilizer,10,100,94.0,300,0.6219734448357718,1.0012885154061624,1.0,0.96,3.34
derandomized_seeqst,4,9,random_stabilizer,10,100,94.0,1000,0.3491699607395708,0.9797607276844563,1.0,1.0,11.39
derandomized_seeqst,4,9,random_stabilizer,10,100,94.0,3000,0.17156627549230258,1.0031208925177244,0.46153846153846156,1.0,34.09
derandomized_seeqst,4,9,random_stabilizer,10,100,94.0,10000,0.10510123946947715,0.9984224166472928,0.30526315789473685,1.0,113.83
derandomized_seeqst,4,9,random_stabilizer,10,100,94.0,20000,0.07096238055839617,0.9996822255607767,0.17370892018779344,1.0,227.81
derandomized_seeqst,4,9,random_stabilizer,10,100,94.0,30000,0.05926837282849183,0.9996288836022994,0.15129151291512916,1.0,342.1
derandomized_seeqst,4,9,random_stabilizer,10,100,94.0,40000,0.048207678862971226,1.0000314497177272,0.1345646437994723,1.0,456.0
derandomized_seeqst,4,9,random_stabilizer,10,100,94.0,50000,0.041306254062759326,1.0001778916273023,0.10059171597633136,1.0,570.36
random_seeqst,4,9,random_stabilizer,10,100,,10,0.0,0.0,0.0,1.0,10.0
random_seeqst,4,9,random_stabilizer,10,100,,30,6.826666666666667,1398.1013333333333,68.26666666666667,1.0,30.0
random_seeqst,4,9,random_stabilizer,10,100,,100,3.547240053901061,1258.2911999999992,20.48,1.0,100.0
random_seeqst,4,9,random_stabilizer,10,100,,300,2.643956631010931,2097.151999999989,6.826666666666667,1.0,300.0
random_seeqst,4,9,random_stabilizer,10,100,,1000,1.3272556950339296,1929.547780100122,4.096,1.0,1000.0
random_seeqst,4,9,random_stabilizer,10,100,,3000,0.804852129966189,2111.18895603418,2.048,1.0,3000.0
random_seeqst,4,9,random_stabilizer,10,100,,10000,0.43589215546967575,2000.6930753363217,1.024,1.0,10000.0
random_seeqst,4,9,random_stabilizer,10,100,,20000,0.3337046166896706,1983.8936279103052,1.024,1.0,20000.0
random_seeqst,4,9,random_stabilizer,10,100,,30000,0.25442502183026994,1986.7034860247006,0.5461333333333334,1.0,30000.0
random_seeqst,4,9,random_stabilizer,10,100,,40000,0.22010045706449588,2011.1706030543978,0.5632,1.0,40000.0
random_seeqst,4,9,random_stabilizer,10,100,,50000,0.21125196936360144,1991.450740820764,0.57344,1.0,50000.0
derandomized_seeqst,5,0,haar_random,10,100,99.0,10,0.9389762366535629,2.0,1.053679453940848,0.09,0.1
derandomized_seeqst,5,0,haar_random,10,100,99.0,30,0.8685348103116337,1.7142857142857142,1.053679453940848,0.25,0.32
derandomized_seeqst,5,0,haar_random,10,100,99.0,100,0.8541706826375254,0.9111111111111111,1.067145792729474,0.6,1.05
derandomized_seeqst,5,0,haar_random,10,100,99.0,300,0.6896809378807714,0.9566825579483806,1.067145792729474,0.98,3.12
derandomized_seeqst,5,0,haar_random,10,100,99.0,1000,0.36486743340008304,0.9718363634989021,1.0407052462624857,1.0,10.25
derandomized_seeqst,5,0,haar_random,10,100,99.0,3000,0.19273357500102478,0.9949841501188207,0.5475544211135323,1.0,30.57
derandomized_seeqst,5,0,haar_random,10,100,99.0,10000,0.10825668470784724,0.9965198248548568,0.31345303862505297,1.0,101.93
derandomized_seeqst,5,0,haar_random,10,100,99.0,20000,0.0666979959047129,0.9987340811560514,0.20003523051421498,1.0,203.78
derandomized_seeqst,5,0,haar_random,10,100,99.0,30000,0.05361267100926957,0.9993027247993298,0.13463952255500491,1.0,305.71
derandomized_seeqst,5,0,haar_random,10,100,99.0,40000,0.04373319526130398,0.9994070058376221,0.11308516762421439,1.0,407.65
derandomized_seeqst,5,0,haar_random,10,100,99.0,50000,0.03955799252644293,0.9991921421641478,0.12072610121228994,1.0,509.81
random_seeqst,5,0,haar_random,10,100,,10,0.03363451877678082,0.0,0.08420221997982892,1.0,10.0
random_seeqst,5,0,haar_random,10,100,,30,0.03363451877678082,0.0,0.08420221997982892,1.0,30.0
random_seeqst,5,0,haar_random,10,100,,100,4.098536393413688,2525.055741414141,20.506476138711257,1.0,100.0
random_seeqst,5,0,haar_random,10,100,,300,2.5537116527616197,2237.8973181716756,13.67980947204459,1.0,300.0
random_seeqst,5,0,haar_random,10,100,,1000,1.4456777657254751,1929.211899899916,6.128777729805834,1.0,1000.0
random_seeqst,5,0,haar_random,10,100,,3000,0.7663275438280813,2013.34983405131,2.115145792729474,1.0,3000.0
random_seeqst,5,0,haar_random,10,100,,10000,0.4248209004933841,2072.012183285485,0.9712632231776863,1.0,10000.0
random_seeqst,5,0,haar_random,10,100,,20000,0.29746133033428895,2057.316178833246,0.7883249020003283,1.0,20000.0
random_seeqst,5,0,haar_random,10,100,,30000,0.24230329515200108,2030.0476100737783,0.651791568666995,1.0,30000.0
random_seeqst,5,0,haar_random,10,100,,40000,0.21720053787139432,2021.653951268897,0.5024610689873863,1.0,40000.0
random_seeqst,5,0,haar_random,10,100,,50000,0.19716461945059258,2025.0090316575308,0.4432682307579666,1.0,50000.0
derandomized_seeqst,5,1,haar_random,10,100,100.0,10,0.9908439653807029,0.0,1.0433572016136963,0.09,0.1
derandomized_seeqst,5,1,haar_random,10,100,100.0,30,0.9536466704603158,1.0,1.0623936638055207,0.26,0.3
derandomized_seeqst,5,1,haar_random,10,100,100.0,100,0.9081656844125929,0.7692307692307693,1.063401872510235,0.64,1.0
derandomized_seeqst,5,1,haar_random,10,100,100.0,300,0.7117065776764555,0.8689285714285715,1.0787189486122928,0.94,3.0
derandomized_seeqst,5,1,haar_random,10,100,100.0,1000,0.3164042485870245,1.014804019509902,0.9954766982583693,1.0,10.0
derandomized_seeqst,5,1,haar_random,10,100,100.0,3000,0.19354628580347508,0.9969386547641632,0.647626648439003,1.0,30.0
derandomized_seeqst,5,1,haar_random,10,100,100.0,10000,0.10088496399149856,0.9981877910106719,0.3024887394214485,1.0,100.0
derandomized_seeqst,5,1,haar_random,10,100,100.0,20000,0.06543960033500747,0.9997000030161531,0.21068199203694163,1.0,200.0
derandomized_seeqst,5,1,haar_random,10,100,100.0,30000,0.057651659497802925,0.9990262502799861,0.251718379920348,1.0,300.0
derandomized_seeqst,5,1,haar_random,10,100,100.0,40000,0.04644454119691947,0.9995638495262533,0.1908549812854752,1.0,400.0
derandomized_seeqst,5,1,haar_random,10,100,100.0,50000,0.04201243985939682,0.9993857660721133,0.1290735167849054,1.0,500.0
random_seeqst,5,1,haar_random,10,100,,10,20.480678050630562,4194.304000000001,204.80656843774048,1.0,10.0
random_seeqst,5,1,haar_random,10,100,,30,6.82738712666626,1398.101333333332,68.27323510440714,1.0,30.0
random_seeqst,5,1,haar_random,10,100,,100,3.549089095189188,1258.291199999999,20.502058324719552,1.0,100.0
random_seeqst,5,1,haar_random,10,100,,300,2.8184114902211577,2096.2168151616406,13.693620451279587,1.0,300.0
random_seeqst,5,1,haar_random,10,100,,1000,1.5103237992713878,2264.924160000009,4.174718948612293,1.0,1000.0
random_seeqst,5,1,haar_random,10,100,,3000,0.8679241868167914,1957.2486288317775,2.0913572016136963,1.0,3000.0
random_seeqst,5,1,haar_random,10,100,,10000,0.433770000970561,2055.2282557279386,1.0599874279994106,1.0,10000.0
random_seeqst,5,1,haar_random,10,100,,20000,0.3003474893059749,2027.956050833223,0.9436583247195519,1.0,20000.0
random_seeqst,5,1,haar_random,10,100,,30000,0.2707744802011532,2080.369564248001,0.7340868618923315,1.0,30000.0
random_seeqst,5,1,haar_random,10,100,,40000,0.223215905278522,2049.9666567314475,0.6484947345366354,1.0,40000.0
random_seeqst,5,1,haar_random,10,100,,50000,0.19673716416145443,2015.7825695109234,0.5234680196987807,1.0,50000.0
derandomized_seeqst,5,2,haar_random,10,100,96.0,10,0.9582631193875869,2.0,1.0625082626890867,0.1,0.11
derandomized_seeqst,5,2,haar_random,10,100,96.0,30,0.9251600208582375,1.3333333333333333,1.0625082626890867,0.25,0.31
derandomized_seeqst,5,2,haar_random,10,100,96.0,100,0.9180172879254299,0.6864197530864197,1.065588692187838,0.65,1.08
derandomized_seeqst,5,2,haar_random,10,100,96.0,300,0.6503725793941975,0.9467787114845939,1.0472050703770235,0.95,3.23
derandomized_seeqst,5,2,haar_random,10,100,96.0,1000,0.33938211758599185,0.9886323173167415,1.010038313782914,1.0,10.72
derandomized_seeqst,5,2,haar_random,10,100,96.0,3000,0.19607274656767282,0.9935886024829724,0.4742973219292917,1.0,32.36
derandomized_seeqst,5,2,haar_random,10,100,96.0,10000,0.10745113898061345,0.9970829089869236,0.24841116387666515,1.0,107.86
derandomized_seeqst,5,2,haar_random,10,100,96.0,20000,0.07098815038062295,0.9988318787784103,0.23142910216270243,1.0,215.54
derandomized_seeqst,5,2,haar_random,10,100,96.0,30000,0.05480431309416433,0.9996158365347775,0.12335553279680986,1.0,323.62
derandomized_seeqst,5,2,haar_random,10,100,96.0,40000,0.0490393675312175,0.999344746862644,0.11459032828772156,1.0,431.86
derandomized_seeqst,5,2,haar_random,10,100,96.0,50000,0.04273732149604804,0.9993988083383791,0.1057984456780698,1.0,539.59
random_seeqst,5,2,haar_random,10,100,,10,0.02938157389823582,0.0,0.07149057022256518,1.0,10.0
random_seeqst,5,2,haar_random,10,100,,30,11.824588905489438,4194.303999999996,68.28887020270686,1.0,30.0
random_seeqst,5,2,haar_random,10,100,,100,4.094983440947906,1677.7215999999985,20.50220353604019,1.0,100.0
random_seeqst,5,2,haar_random,10,100,,300,2.8181954133176785,2096.2168151616397,13.675536869373525,1.0,300.0
random_seeqst,5,2,haar_random,10,100,,1000,1.4348655395643413,1719.3287597998112,4.12270693270484,1.0,1000.0
random_seeqst,5,2,haar_random,10,100,,3000,0.8174160184462987,1789.4951163987591,2.747655016507602,1.0,3000.0
random_seeqst,5,2,haar_random,10,100,,10000,0.48596958403061574,2097.12012010162,1.212399679996761,1.0,10000.0
random_seeqst,5,2,haar_random,10,100,,20000,0.3202277765820464,2042.6205951323789,0.9717653299108928,1.0,20000.0
random_seeqst,5,2,haar_random,10,100,,30000,0.25469210952229737,2009.0704042723196,0.7445781993427241,1.0,30000.0
random_seeqst,5,2,haar_random,10,100,,40000,0.2194338951541697,2042.626415010914,0.6080448660093907,1.0,40000.0
random_seeqst,5,2,haar_random,10,100,,50000,0.1899197422452382,2036.7564719228924,0.5243095395706973,1.0,50000.0
derandomized_seeqst,5,3,haar_random,10,100,98.0,10,1.0174258729529801,,1.0666780685476858,0.11,0.11
derandomized_seeqst,5,3,haar_random,10,100,98.0,30,0.96791448165526,0.8333333333333334,1.0666780685476858,0.26,0.31
derandomized_seeqst,5,3,haar_random,10,100,98.0,100,0.8577740747446396,1.1923076923076923,1.0671733518066402,0.63,1.02
derandomized_seeqst,5,3,haar_random,10,100,98.0,300,0.6162351754179265,1.1079365079365082,1.046033758333035,0.97,3.1
derandomized_seeqst,5,3,haar_random,10,100,98.0,1000,0.35509407264383047,0.9776830747630363,1.0021411982266595,1.0,10.5
derandomized_seeqst,5,3,haar_random,10,100,98.0,3000,0.1907658785241146,0.9971267086842514,0.44256358056694034,1.0,31.5
derandomized_seeqst,5,3,haar_random,10,100,98.0,10000,0.1023194642918652,0.9984985336910767,0.31545350189337157,1.0,104.46
derandomized_seeqst,5,3,haar_random,10,100,98.0,20000,0.07978635888517963,0.9978931904960767,0.17697161879366247,1.0,208.76
derandomized_seeqst,5,3,haar_random,10,100,98.0,30000,0.06588011793400993,0.9979196521349003,0.17957660219398064,1.0,312.48
derandomized_seeqst,5,3,haar_random,10,100,98.0,40000,0.05525866765566823,0.9983021418692524,0.1352882137285159,1.0,416.62
derandomized_seeqst,5,3,haar_random,10,100,98.0,50000,0.04673648568669127,0.9986674653622749,0.1330266631606133,1.0,520.6
random_seeqst,5,3,haar_random,10,100,,10,0.030275926712496064,0.0,0.06772207853350748,1.0,10.0
random_seeqst,5,3,haar_random,10,100,,30,0.030275926712496064,0.0,0.06772207853350748,1.0,30.0
random_seeqst,5,3,haar_random,10,100,,100,4.580743370800531,2097.1519999999987,20.514031056009173,1.0,100.0
random_seeqst,5,3,haar_random,10,100,,300,2.457580001496933,1817.5317333333246,13.610408665620694,1.0,300.0
random_seeqst,5,3,haar_random,10,100,,1000,1.5396952721112687,2054.873079799813,6.10107533228736,1.0,1000.0
random_seeqst,5,3,haar_random,10,100,,3000,0.8059077488201177,1915.3801790996558,3.3704086656206935,1.0,3000.0
random_seeqst,5,3,haar_random,10,100,,10000,0.4377221435822705,1862.2676202212187,1.59547533228736,1.0,10000.0
random_seeqst,5,3,haar_random,10,100,,20000,0.3388550855341859,1845.4725777059336,1.0190892188615928,1.0,20000.0
random_seeqst,5,3,haar_random,10,100,,30000,0.27790587927468435,1948.941980273542,0.8414329083336317,1.0,30000.0
random_seeqst,5,3,haar_random,10,100,,40000,0.2423841810090036,1953.488856472841,0.824366241666965,1.0,40000.0
random_seeqst,5,3,haar_random,10,100,,50000,0.21564956620428163,1960.4124214495064,0.7731662416669651,1.0,50000.0
derandomized_seeqst,5,4,haar_random,10,100,98.0,10,1.005155075125978,,1.0575327843395124,0.1,0.1
derandomized_seeqst,5,4,haar_random,10,100,98.0,30,0.9626339504726221,1.3333333333333333,1.0675958899787386,0.28,0.31
derandomized_seeqst,5,4,haar_random,10,100,98.0,100,0.9042956051721562,0.7923076923076923,1.0675958899787386,0.66,1.09
derandomized_seeqst,5,4,haar_random,10,100,98.0,300,0.643524748485155,0.9663033084719832,1.0675958899787386,0.93,3.16
derandomized_seeqst,5,4,haar_random,10,100,98.0,1000,0.2997083971784568,1.029222777222777,1.0011585007281634,1.0,10.47
derandomized_seeqst,5,4,haar_random,10,100,98.0,3000,0.17607355694639037,1.0026374497283745,0.5717505680121618,1.0,31.27
derandomized_seeqst,5,4,haar_random,10,100,98.0,10000,0.10143200454016005,0.9987452339657953,0.26557666994739176,1.0,103.95
derandomized_seeqst,5,4,haar_random,10,100,98.0,20000,0.07865706248790666,0.9977051518335368,0.1941691357400635,1.0,207.97
derandomized_seeqst,5,4,haar_random,10,100,98.0,30000,0.06505457557172838,0.9982325432450772,0.16080341141215926,1.0,311.93
derandomized_seeqst,5,4,haar_random,10,100,98.0,40000,0.052509601814027515,0.9991030611486746,0.15255672121344638,1.0,416.09
derandomized_seeqst,5,4,haar_random,10,100,98.0,50000,0.04555554316650163,0.9994023209729274,0.13407906880982487,1.0,519.91
random_seeqst,5,4,haar_random,10,100,,10,20.48577064145952,4194.304000000001,204.85753278433953,1.0,10.0
random_seeqst,5,4,haar_random,10,100,,30,9.654712578571546,2796.2026666666648,68.32419945100618,1.0,30.0
random_seeqst,5,4,haar_random,10,100,,100,6.144157225630304,3774.873599999998,20.53753278433951,1.0,100.0
random_seeqst,5,4,haar_random,10,100,,300,2.4613550690594095,2098.0871848383367,6.88419945100618,1.0,300.0
random_seeqst,5,4,haar_random,10,100,,1000,1.4773032877371124,2432.9482301501685,4.125159573910413,1.0,1000.0
random_seeqst,5,4,haar_random,10,100,,3000,0.8350531840338228,2111.133013333283,2.7302490673063047,1.0,3000.0
random_seeqst,5,4,haar_random,10,100,,10000,0.5107881341499364,2193.574850041775,1.2625029551559213,1.0,10000.0
random_seeqst,5,4,haar_random,10,100,,20000,0.34606771090116917,2183.1224387333723,1.0329036767651842,1.0,20000.0
random_seeqst,5,4,haar_random,10,100,,30000,0.29705462617160555,2136.2799157315885,1.101170343431851,1.0,30000.0
random_seeqst,5,4,haar_random,10,100,,40000,0.2494586650176841,2144.3275388382613,0.7066081731697545,1.0,40000.0
random_seeqst,5,4,haar_random,10,100,,50000,0.21570730278453593,2092.112426175965,0.6861281731697546,1.0,50000.0
derandomized_seeqst,5,5,haar_random,10,100,99.0,10,0.9338028106993729,1.0,1.0206964130998986,0.08,0.1
derandomized_seeqst,5,5,haar_random,10,100,99.0,30,0.9355529719506941,1.2,1.0403176273439865,0.25,0.3
derandomized_seeqst,5,5,haar_random,10,100,99.0,100,0.8818791016093567,1.0,1.0590162259286071,0.66,1.01
derandomized_seeqst,5,5,haar_random,10,100,99.0,300,0.6036103849729467,1.0398373983739837,1.033236323909863,0.92,3.05
derandomized_seeqst,5,5,haar_random,10,100,99.0,1000,0.33580054210638327,0.9995084490672725,1.0203686853350211,1.0,10.27
derandomized_seeqst,5,5,haar_random,10,100,99.0,3000,0.18437421736571405,1.0000256459503836,0.5074358485653838,1.0,30.64
derandomized_seeqst,5,5,haar_random,10,100,99.0,10000,0.0977065072456083,1.0007763057364563,0.2278692408290804,1.0,102.09
derandomized_seeqst,5,5,haar_random,10,100,99.0,20000,0.08027558251424716,0.9989682026192663,0.2518602676686506,1.0,204.39
derandomized_seeqst,5,5,haar_random,10,100,99.0,30000,0.06980921081790242,0.9984857817613125,0.18852264368137114,1.0,306.51
derandomized_seeqst,5,5,haar_random,10,100,99.0,40000,0.05968442184065226,0.9987516815739113,0.17307918281666534,1.0,408.41
derandomized_seeqst,5,5,haar_random,10,100,99.0,50000,0.051869041157107526,0.9988842083668789,0.16989554088440656,1.0,510.38
random_seeqst,5,5,haar_random,10,100,,10,28.9617659696463,8388.608000000002,204.8095447393513,1.0,10.0
random_seeqst,5,5,haar_random,10,100,,30,11.82326159905322,4194.3039999999955,68.27621140601795,1.0,30.0
random_seeqst,5,5,haar_random,10,100,,100,4.5770546038038145,2097.151999999998,20.48954473935129,1.0,100.0
random_seeqst,5,5,haar_random,10,100,,300,1.6736436949682336,1119.4162515050102,6.910605105579339,1.0,300.0
random_seeqst,5,5,haar_random,10,100,,1000,1.3097523984769677,1719.664640000016,4.115798150000006,1.0,1000.0
random_seeqst,5,5,haar_random,10,100,,3000,0.787707042180298,1817.5130857663362,2.742751519364136,1.0,3000.0
random_seeqst,5,5,haar_random,10,100,,10000,0.511086679306444,1937.6988155903143,1.2646005756650205,1.0,10000.0
random_seeqst,5,5,haar_random,10,100,,20000,0.3320467783400767,1950.337308379359,0.8223916198371082,1.0,20000.0
random_seeqst,5,5,haar_random,10,100,,30000,0.27482728872712214,2013.258463211211,0.7541249531704415,1.0,30000.0
random_seeqst,5,5,haar_random,10,100,,40000,0.24224205052195685,2027.9391680859417,0.6502005756650204,1.0,40000.0
random_seeqst,5,5,haar_random,10,100,,50000,0.2111911142901015,2035.0731466207103,0.5910967795487869,1.0,50000.0
derandomized_seeqst,5,6,haar_random,10,100,99.0,10,1.0085729980860256,0.0,1.0691602813139593,0.09,0.1
derandomized_seeqst,5,6,haar_random,10,100,99.0,30,1.0025250068656912,0.0,1.0691602813139593,0.3,0.31
derandomized_seeqst,5,6,haar_random,10,100,99.0,100,0.8621166101081632,1.0804597701149425,1.0691602813139593,0.66,1.02
derandomized_seeqst,5,6,haar_random,10,100,99.0,300,0.7016627709283433,0.9048454469507101,1.0702713744776624,0.97,3.09
derandomized_seeqst,5,6,haar_random,10,100,99.0,1000,0.3536561341770248,0.9833497504673976,0.9712641851170654,1.0,10.28
derandomized_seeqst,5,6,haar_random,10,100,99.0,3000,0.19770986816170838,0.9921090608423166,0.6357672543091568,1.0,30.67
derandomized_seeqst,5,6,haar_random,10,100,99.0,10000,0.11161382073400009,0.9960038795489234,0.38238234134977583,1.0,102.13
derandomized_seeqst,5,6,haar_random,10,100,99.0,20000,0.07513675492841858,0.9981906751098234,0.24399145784433812,1.0,204.12
derandomized_seeqst,5,6,haar_random,10,100,99.0,30000,0.060485526591159536,0.9984347811071375,0.224688842651312,1.0,306.01
derandomized_seeqst,5,6,haar_random,10,100,99.0,40000,0.05195409338921906,0.9985101573341123,0.2016563419798105,1.0,408.03
derandomized_seeqst,5,6,haar_random,10,100,99.0,50000,0.04644003159355969,0.998652584123746,0.1808450234404187,1.0,509.8
random_seeqst,5,6,haar_random,10,100,,10,0.031506749841145446,0.0,0.0897133978850549,1.0,10.0
random_seeqst,5,6,haar_random,10,100,,30,6.830220040382432,1398.101333333332,68.3014825946294,1.0,30.0
random_seeqst,5,6,haar_random,10,100,,100,4.099744732597088,1677.7215999999992,20.514815927962736,1.0,100.0
random_seeqst,5,6,haar_random,10,100,,300,2.5581640808533836,1676.7864151616416,13.68814926129607,1.0,300.0
random_seeqst,5,6,haar_random,10,100,,1000,1.346399206417475,1803.5507200000131,4.157180486397027,1.0,1000.0
random_seeqst,5,6,haar_random,10,100,,3000,0.8538088673144045,2097.1240286495085,2.72548710375036,1.0,3000.0
random_seeqst,5,6,haar_random,10,100,,10000,0.43142358352730265,1866.4652800000142,1.0245459463605746,1.0,10000.0
random_seeqst,5,6,haar_random,10,100,,20000,0.3217647075297296,1855.969243441567,1.0240906439521333,1.0,20000.0
random_seeqst,5,6,haar_random,10,100,,30000,0.26278234893127717,1972.7178121982124,0.5547822590953986,1.0,30000.0
random_seeqst,5,6,haar_random,10,100,,40000,0.21318799720532905,1978.6669491184934,0.5051657304944783,1.0,40000.0
random_seeqst,5,6,haar_random,10,100,,50000,0.19806358273230157,1998.1676335841921,0.4682882029685869,1.0,50000.0
derandomized_seeqst,5,7,haar_random,10,100,96.0,10,0.9945114541924124,,1.0400581636743944,0.12,0.12
derandomized_seeqst,5,7,haar_random,10,100,96.0,30,0.9408783388184401,0.8571428571428571,1.042030250724361,0.28,0.35
derandomized_seeqst,5,7,haar_random,10,100,96.0,100,0.8887624711080601,0.8571428571428571,1.0423897500129722,0.66,1.15
derandomized_seeqst,5,7,haar_random,10,100,96.0,300,0.6065731218023993,1.0572590011614402,1.0487308194524803,0.95,3.26
derandomized_seeqst,5,7,haar_random,10,100,96.0,1000,0.323658596104194,1.0076474497148091,0.8923558038691366,1.0,11.01
derandomized_seeqst,5,7,haar_random,10,100,96.0,3000,0.17106126901027582,1.003196554101354,0.4298235660913698,1.0,33.01
derandomized_seeqst,5,7,haar_random,10,100,96.0,10000,0.09341936632411953,0.9998995786653873,0.24883326080184123,1.0,110.05
derandomized_seeqst,5,7,haar_random,10,100,96.0,20000,0.07083411616455089,0.9986481082659892,0.19409155616581145,1.0,220.24
derandomized_seeqst,5,7,haar_random,10,100,96.0,30000,0.05785734883700743,0.999057297080018,0.16040246271905007,1.0,330.11
derandomized_seeqst,5,7,haar_random,10,100,96.0,40000,0.05216320336817437,0.9987763909015976,0.13224966313767905,1.0,439.71
derandomized_seeqst,5,7,haar_random,10,100,96.0,50000,0.044500572770516514,0.9991703583851459,0.10558738893793163,1.0,549.89
random_seeqst,5,7,haar_random,10,100,,10,0.027489324668452116,0.0,0.08053780815535061,1.0,10.0
random_seeqst,5,7,haar_random,10,100,,30,0.027489324668452116,0.0,0.08053780815535061,1.0,30.0
random_seeqst,5,7,haar_random,10,100,,100,4.580359298095931,2097.151999999999,20.51565154667661,1.0,100.0
random_seeqst,5,7,haar_random,10,100,,300,2.6410718585325736,2097.1519999999887,6.862318213343278,1.0,300.0
random_seeqst,5,7,haar_random,10,100,,1000,1.3751275412150152,1803.4667499499642,4.120135901308369,1.0,1000.0
random_seeqst,5,7,haar_random,10,100,,3000,0.8118551110969643,1901.3991657663212,2.0753491310941756,1.0,3000.0
random_seeqst,5,7,haar_random,10,100,,10000,0.44202913038305763,2105.5565479491243,1.252935901308368,1.0,10000.0
random_seeqst,5,7,haar_random,10,100,,20000,0.3032506429460331,2118.1352646386076,0.9123121690639062,1.0,20000.0
random_seeqst,5,7,haar_random,10,100,,30000,0.26186224564603455,2080.3740383213694,0.7416455023972396,1.0,30000.0
random_seeqst,5,7,haar_random,10,100,,40000,0.236609946646415,2055.202878107381,0.6422969928280194,1.0,40000.0
random_seeqst,5,7,haar_random,10,100,,50000,0.20642392270903048,2040.94564199249,0.5091769928280194,1.0,50000.0
derandomized_seeqst,5,8,haar_random,10,100,98.0,10,1.0032344532279762,,1.0449132757831097,0.1,0.1
derandomized_seeqst,5,8,haar_random,10,100,98.0,30,0.9753644290847509,2.0,1.0507194223639,0.29,0.3
derandomized_seeqst,5,8,haar_random,10,100,98.0,100,0.8737655873979967,1.08641975308642,1.050525626706385,0.68,1.04
derandomized_seeqst,5,8,haar_random,10,100,98.0,300,0.6224626953897782,1.0686991869918698,1.0449132757831097,0.97,3.15
derandomized_seeqst,5,8,haar_random,10,100,98.0,1000,0.33751380675897213,0.9900876745784539,1.0153156687540823,1.0,10.4
derandomized_seeqst,5,8,haar_random,10,100,98.0,3000,0.17318869370597256,1.0033526376120327,0.6153156687540823,1.0,31.2
derandomized_seeqst,5,8,haar_random,10,100,98.0,10000,0.10587301120312988,0.9979968391231437,0.26501959544570897,1.0,103.85
derandomized_seeqst,5,8,haar_random,10,100,98.0,20000,0.07688670826391629,0.9979316681944168,0.177846451033411,1.0,207.92
derandomized_seeqst,5,8,haar_random,10,100,98.0,30000,0.06394587769053275,0.9980918315379163,0.15419239709907112,1.0,311.99
derandomized_seeqst,5,8,haar_random,10,100,98.0,40000,0.05030771866000068,0.9986244191974266,0.1387627969704312,1.0,416.27
derandomized_seeqst,5,8,haar_random,10,100,98.0,50000,0.04613451807481515,0.9988015090947954,0.11693429380998692,1.0,520.48
random_seeqst,5,8,haar_random,10,100,,10,0.028077662512058833,0.0,0.08174032085471128,1.0,10.0
random_seeqst,5,8,haar_random,10,100,,30,11.825714334338786,4194.303999999996,68.29881635830434,1.0,30.0
random_seeqst,5,8,haar_random,10,100,,100,6.1468996002408245,3774.8735999999976,20.51645588041215,1.0,100.0
random_seeqst,5,8,haar_random,10,100,,300,2.976746625207193,2375.837081828301,13.643718498995163,1.0,300.0
random_seeqst,5,8,haar_random,10,100,,1000,1.5039474981767467,2096.984059899918,4.097275206118602,1.0,1000.0
random_seeqst,5,8,haar_random,10,100,,3000,0.7735061346492681,2111.2355749516037,2.069667300523912,1.0,3000.0
random_seeqst,5,8,haar_random,10,100,,10000,0.4478541245453009,2004.8764730553062,1.424378975901011,1.0,10000.0
random_seeqst,5,8,haar_random,10,100,,20000,0.29985515193725326,2036.3473852670547,0.8408673005239118,1.0,20000.0
random_seeqst,5,8,haar_random,10,100,,30000,0.22959996532445656,2055.225458146112,0.6278736541880446,1.0,30000.0
random_seeqst,5,8,haar_random,10,100,,40000,0.19391918126632482,2068.854079829171,0.5336673005239118,1.0,40000.0
random_seeqst,5,8,haar_random,10,100,,50000,0.1727542532203338,2054.3810046091326,0.4469374600683552,1.0,50000.0
derandomized_seeqst,5,9,haar_random,10,100,100.0,10,1.013276925881758,,1.0445277363477083,0.1,0.1
derandomized_seeqst,5,9,haar_random,10,100,100.0,30,0.982892761568204,0.6666666666666666,1.086107120650344,0.27,0.3
derandomized_seeqst,5,9,haar_random,10,100,100.0,100,0.8757944626101243,1.0133333333333332,1.086107120650344,0.63,1.0
derandomized_seeqst,5,9,haar_random,10,100,100.0,300,0.6697471058384329,0.9411309523809525,1.0468180025385203,0.94,3.0
derandomized_seeqst,5,9,haar_random,10,100,100.0,1000,0.32385579530035835,1.0061798789445848,1.0292436759069468,1.0,10.0
derandomized_seeqst,5,9,haar_random,10,100,100.0,3000,0.14220625031735565,1.013877781960128,0.3740678419273211,1.0,30.0
derandomized_seeqst,5,9,haar_random,10,100,100.0,10000,0.09618803792310505,1.0000290180205602,0.2937844841381473,1.0,100.0
derandomized_seeqst,5,9,haar_random,10,100,100.0,20000,0.06751405636538753,0.9992219293520851,0.24715782773681308,1.0,200.0
derandomized_seeqst,5,9,haar_random,10,100,100.0,30000,0.06098290754407329,0.9983646744910588,0.21400793469829063,1.0,300.0
derandomized_seeqst,5,9,haar_random,10,100,100.0,40000,0.05194720866722867,0.9985225429603684,0.1629288098693513,1.0,400.0
derandomized_seeqst,5,9,haar_random,10,100,100.0,50000,0.048226201694920326,0.9984098299638191,0.14156020614532336,1.0,500.0
random_seeqst,5,9,haar_random,10,100,,10,0.03174505633322896,0.0,0.08610712065034416,1.0,10.0
random_seeqst,5,9,haar_random,10,100,,30,6.826082255830477,1398.1013333333321,68.26008471133292,1.0,30.0
random_seeqst,5,9,haar_random,10,100,,100,3.5457020776377774,1258.2911999999994,20.49262769912336,1.0,100.0
random_seeqst,5,9,haar_random,10,100,,300,2.8955225494177528,2797.1378515050087,13.660821707462404,1.0,300.0
random_seeqst,5,9,haar_random,10,100,,1000,1.4043268819391037,1971.3228800000088,4.118959489084857,1.0,1000.0
random_seeqst,5,9,haar_random,10,100,,3000,0.7283994937956485,1999.415439635384,2.6861389303189585,1.0,3000.0
random_seeqst,5,9,haar_random,10,100,,10000,0.4723806898957061,1950.3228358803178,1.250115172280197,1.0,10000.0
random_seeqst,5,9,haar_random,10,100,,20000,0.3543605243557291,2000.6582603692398,1.0375737547079218,1.0,20000.0
random_seeqst,5,9,haar_random,10,100,,30000,0.2679110152207026,2006.2704732109319,0.7645070880412551,1.0,30000.0
random_seeqst,5,9,haar_random,10,100,,40000,0.2472002246910958,1991.2345515264506,0.6604834396066221,1.0,40000.0
random_seeqst,5,9,haar_random,10,100,,50000,0.22293281234802548,2019.96818273907,0.5030946831730767,1.0,50000.0
derandomized_seeqst,5,0,ghz,10,100,99.0,10,1.0,,1.0,0.11,0.11
derandomized_seeqst,5,0,ghz,10,100,99.0,30,0.8717797887081347,1.7142857142857142,1.0,0.25,0.32
derandomized_seeqst,5,0,ghz,10,100,99.0,100,0.8016831110636315,1.3377777777777777,1.0,0.61,1.05
derandomized_seeqst,5,0,ghz,10,100,99.0,300,0.6467967906811026,1.0419294990723562,1.0,0.96,3.06
derandomized_seeqst,5,0,ghz,10,100,99.0,1000,0.3224552464095968,1.0067735982328794,1.0,1.0,10.23
derandomized_seeqst,5,0,ghz,10,100,99.0,3000,0.17292730171176718,1.004516572149209,0.5625,1.0,30.56
derandomized_seeqst,5,0,ghz,10,100,99.0,10000,0.09430192743689678,1.001128752075663,0.27710843373493976,1.0,101.67
derandomized_seeqst,5,0,ghz,10,100,99.0,20000,0.06757982693535615,1.0004101044053455,0.18584070796460178,1.0,203.75
derandomized_seeqst,5,0,ghz,10,100,99.0,30000,0.05891802094848087,0.9998373787477373,0.14733542319749215,1.0,305.69
derandomized_seeqst,5,0,ghz,10,100,99.0,40000,0.05000996066799764,0.9999793743747741,0.1536643026004728,1.0,407.75
derandomized_seeqst,5,0,ghz,10,100,99.0,50000,0.04100297589178594,1.0003025161303225,0.10775047258979206,1.0,509.62
random_seeqst,5,0,ghz,10,100,,10,0.0,0.0,0.0,1.0,10.0
random_seeqst,5,0,ghz,10,100,,30,6.826666666666667,1398.101333333333,68.26666666666667,1.0,30.0
random_seeqst,5,0,ghz,10,100,,100,2.8963093757400986,838.8607999999995,20.48,1.0,100.0
random_seeqst,5,0,ghz,10,100,,300,2.9756750121237667,2095.281630323294,13.653333333333334,1.0,300.0
random_seeqst,5,0,ghz,10,100,,1000,1.7011965671256217,2558.1895597998105,4.096,1.0,1000.0
random_seeqst,5,0,ghz,10,100,,3000,0.8795544730777686,2097.077409732077,2.7306666666666666,1.0,3000.0
random_seeqst,5,0,ghz,10,100,,10000,0.43007999999999996,1958.7508742809875,1.4336,1.0,10000.0
random_seeqst,5,0,ghz,10,100,,20000,0.2935863539063081,1992.307822444101,0.8192,1.0,20000.0
random_seeqst,5,0,ghz,10,100,,30000,0.2209985065811783,2032.8582602691272,0.6144,1.0,30000.0
random_seeqst,5,0,ghz,10,100,,40000,0.1989566384919086,2011.1794637427208,0.5632,1.0,40000.0
random_seeqst,5,0,ghz,10,100,,50000,0.19194469603508196,2043.4689354129785,0.6144,1.0,50000.0
derandomized_seeqst,5,1,ghz,10,100,98.0,10,1.0,0.0,1.0,0.1,0.11
derandomized_seeqst,5,1,ghz,10,100,98.0,30,0.962851667357612,0.6,1.0,0.24,0.31
derandomized_seeqst,5,1,ghz,10,100,98.0,100,0.875604949607857,0.911904761904762,1.0,0.64,1.05
derandomized_seeqst,5,1,ghz,10,100,98.0,300,0.6449989649488307,1.0178107606679037,1.0,0.94,3.14
derandomized_seeqst,5,1,ghz,10,100,98.0,1000,0.3051525232544953,1.020801897448956,0.8,1.0,10.3
derandomized_seeqst,5,1,ghz,10,100,98.0,3000,0.17994578867716732,1.0016472429683378,0.6,1.0,31.24
derandomized_seeqst,5,1,ghz,10,100,98.0,10000,0.09213784049570754,1.0014232208492104,0.21839080459770116,1.0,103.68
derandomized_seeqst,5,1,ghz,10,100,98.0,20000,0.0702570661791933,0.9999881474305718,0.2,1.0,208.0
derandomized_seeqst,5,1,ghz,10,100,98.0,30000,0.05509525484044252,1.000241507865792,0.16,1.0,311.91
derandomized_seeqst,5,1,ghz,10,100,98.0,40000,0.04886768008283988,1.0000664409312372,0.13752913752913754,1.0,415.76
derandomized_seeqst,5,1,ghz,10,100,98.0,50000,0.042322456982726166,1.000171857890917,0.1262135922330097,1.0,519.84
random_seeqst,5,1,ghz,10,100,,10,0.0,0.0,0.0,1.0,10.0
random_seeqst,5,1,ghz,10,100,,30,0.0,0.0,0.0,1.0,30.0
random_seeqst,5,1,ghz,10,100,,100,3.547240053901061,1258.2911999999994,20.48,1.0,100.0
random_seeqst,5,1,ghz,10,100,,300,2.4613896707167506,1536.9762818283098,13.653333333333334,1.0,300.0
random_seeqst,5,1,ghz,10,100,,1000,1.3738401653758707,1551.5565997998078,4.096,1.0,1000.0
random_seeqst,5,1,ghz,10,100,,3000,0.7902437992304794,1929.398487566945,2.048,1.0,3000.0
random_seeqst,5,1,ghz,10,100,,10000,0.4987205903108472,2025.8026900418379,1.4336,1.0,10000.0
random_seeqst,5,1,ghz,10,100,,20000,0.34498315321186335,2023.7338533169109,1.1264,1.0,20000.0
random_seeqst,5,1,ghz,10,100,,30000,0.29370538344856173,2009.0523215587368,0.8192,1.0,30000.0
random_seeqst,5,1,ghz,10,100,,40000,0.2326080858439792,1996.4845095914397,0.6656,1.0,40000.0
random_seeqst,5,1,ghz,10,100,,50000,0.2235980851438581,2004.8674132451424,0.8192,1.0,50000.0
derandomized_seeqst,5,2,ghz,10,100,96.0,10,1.0,,1.0,0.12,0.12
derandomized_seeqst,5,2,ghz,10,100,96.0,30,0.9837387536759294,2.0,1.0,0.31,0.32
derandomized_seeqst,5,2,ghz,10,100,96.0,100,0.8810036729887372,0.9555555555555555,1.0,0.69,1.06
derandomized_seeqst,5,2,ghz,10,100,96.0,300,0.6179862318242707,1.10223752151463,1.0,0.97,3.18
derandomized_seeqst,5,2,ghz,10,100,96.0,1000,0.32273881445693064,1.008067161081093,1.0,1.0,10.63
derandomized_seeqst,5,2,ghz,10,100,96.0,3000,0.20018319099057877,0.9927258997902491,0.5882352941176471,1.0,31.99
derandomized_seeqst,5,2,ghz,10,100,96.0,10000,0.09524171253956028,1.0006251207001113,0.2222222222222222,1.0,107.5
derandomized_seeqst,5,2,ghz,10,100,96.0,20000,0.06478033982133503,1.0006247088424212,0.14563106796116504,1.0,215.66
derandomized_seeqst,5,2,ghz,10,100,96.0,30000,0.054838405348647395,1.0001997693967197,0.13183279742765272,1.0,323.3
derandomized_seeqst,5,2,ghz,10,100,96.0,40000,0.049065841458835524,0.9999959312872168,0.1234866828087167,1.0,430.99
derandomized_seeqst,5,2,ghz,10,100,96.0,50000,0.043949287093605946,0.9999907026048095,0.12156862745098039,1.0,539.13
random_seeqst,5,2,ghz,10,100,,10,0.0,0.0,0.0,1.0,10.0
random_seeqst,5,2,ghz,10,100,,30,0.0,0.0,0.0,1.0,30.0
random_seeqst,5,2,ghz,10,100,,100,4.096,1677.7215999999994,20.48,1.0,100.0
random_seeqst,5,2,ghz,10,100,,300,2.554304776037678,1957.341866666656,6.826666666666667,1.0,300.0
random_seeqst,5,2,ghz,10,100,,1000,1.3584895141295716,1677.5536598999126,4.096,1.0,1000.0
random_seeqst,5,2,ghz,10,100,,3000,0.8134912196480332,1733.5617392819286,3.4133333333333336,1.0,3000.0
random_seeqst,5,2,ghz,10,100,,10000,0.43105413488331135,1941.9711414469637,1.6384,1.0,10000.0
random_seeqst,5,2,ghz,10,100,,20000,0.29518920305458324,2002.7931629927627,1.024,1.0,20000.0
random_seeqst,5,2,ghz,10,100,,30000,0.2315035300906758,2002.0942519243813,0.5461333333333334,1.0,30000.0
random_seeqst,5,2,ghz,10,100,,40000,0.18065693454722406,1970.290924345197,0.512,1.0,40000.0
random_seeqst,5,2,ghz,10,100,,50000,0.16526738228700785,1974.690503703135,0.53248,1.0,50000.0
derandomized_seeqst,5,3,ghz,10,100,99.0,10,1.0,,1.0,0.1,0.1
derandomized_seeqst,5,3,ghz,10,100,99.0,30,0.9378857231185629,1.0666666666666669,1.0,0.24,0.3
derandomized_seeqst,5,3,ghz,10,100,99.0,100,0.84909339648804,1.1666666666666667,1.0,0.66,1.02
derandomized_seeqst,5,3,ghz,10,100,99.0,300,0.6894426874608743,0.9685328185328185,1.0,0.96,3.05
derandomized_seeqst,5,3,ghz,10,100,99.0,1000,0.3155078310978039,1.0180621296488168,1.0,1.0,10.21
derandomized_seeqst,5,3,ghz,10,100,99.0,3000,0.1786902042870674,1.0020680596312588,0.48148148148148145,1.0,30.65
derandomized_seeqst,5,3,ghz,10,100,99.0,10000,0.09651284703617385,1.0006971972627707,0.2127659574468085,1.0,101.89
derandomized_seeqst,5,3,ghz,10,100,99.0,20000,0.06670898104806645,1.0005249843062627,0.2,1.0,203.98
derandomized_seeqst,5,3,ghz,10,100,99.0,30000,0.0560362576769676,1.0001718654636078,0.1564625850340136,1.0,306.21
derandomized_seeqst,5,3,ghz,10,100,99.0,40000,0.04655500544285192,1.0003146898754054,0.1366906474820144,1.0,408.24
derandomized_seeqst,5,3,ghz,10,100,99.0,50000,0.043313958129836724,1.0001077238462013,0.13733075435203096,1.0,510.22
random_seeqst,5,3,ghz,10,100,,10,0.0,0.0,0.0,1.0,10.0
random_seeqst,5,3,ghz,10,100,,30,11.824133513003535,4194.303999999999,68.26666666666667,1.0,30.0
random_seeqst,5,3,ghz,10,100,,100,5.016554993219949,2516.582399999998,20.48,1.0,100.0
random_seeqst,5,3,ghz,10,100,,300,2.81470677375499,2657.327718171671,6.826666666666667,1.0,300.0
random_seeqst,5,3,ghz,10,100,,1000,1.6638030652694447,2432.3604397998256,6.144,1.0,1000.0
random_seeqst,5,3,ghz,10,100,,3000,0.7843242866739922,2069.264563601153,2.7306666666666666,1.0,3000.0
random_seeqst,5,3,ghz,10,100,,10000,0.4329958300030151,1950.3589105022681,1.024,1.0,10000.0
random_seeqst,5,3,ghz,10,100,,20000,0.3011674351585842,1981.8170290276646,0.8192,1.0,20000.0
random_seeqst,5,3,ghz,10,100,,30000,0.2475549267895466,1997.8921182958395,0.6826666666666666,1.0,30000.0
random_seeqst,5,3,ghz,10,100,,40000,0.219085751248227,1989.150402193856,0.6656,1.0,40000.0
random_seeqst,5,3,ghz,10,100,,50000,0.21366048941252566,2012.4216568290424,0.65536,1.0,50000.0
derandomized_seeqst,5,4,ghz,10,100,99.0,10,1.0,,1.0,0.1,0.1
derandomized_seeqst,5,4,ghz,10,100,99.0,30,0.9636241116594315,2.0,1.0,0.28,0.3
derandomized_seeqst,5,4,ghz,10,100,99.0,100,0.852205656098772,1.1866666666666668,1.0,0.62,1.0
derandomized_seeqst,5,4,ghz,10,100,99.0,300,0.6109586127146012,1.0866549088771311,1.0,0.93,3.06
derandomized_seeqst,5,4,ghz,10,100,99.0,1000,0.28068124727811816,1.035905232022879,1.0,1.0,10.18
derandomized_seeqst,5,4,ghz,10,100,99.0,3000,0.1699286349372008,1.0054081126408738,0.6,1.0,30.54
derandomized_seeqst,5,4,ghz,10,100,99.0,10000,0.10032324552801028,0.9999461628055016,0.2777777777777778,1.0,102.05
derandomized_seeqst,5,4,ghz,10,100,99.0,20000,0.07382323111178846,0.9995202760987066,0.21081081081081082,1.0,204.04
derandomized_seeqst,5,4,ghz,10,100,99.0,30000,0.05782997638581229,0.9999670160306104,0.1678832116788321,1.0,306.19
derandomized_seeqst,5,4,ghz,10,100,99.0,40000,0.048355663785142645,1.000143590508701,0.10204081632653061,1.0,408.2
derandomized_seeqst,5,4,ghz,10,100,99.0,50000,0.04220902608795784,1.0002031955010726,0.10305343511450382,1.0,510.28
random_seeqst,5,4,ghz,10,100,,10,0.0,0.0,0.0,1.0,10.0
random_seeqst,5,4,ghz,10,100,,30,6.826666666666667,1398.1013333333333,68.26666666666667,1.0,30.0
random_seeqst,5,4,ghz,10,100,,100,4.096,1677.7215999999992,20.48,1.0,100.0
random_seeqst,5,4,ghz,10,100,,300,2.46138967071675,1817.5317333333267,13.653333333333334,1.0,300.0
random_seeqst,5,4,ghz,10,100,,1000,1.47683380243005,2013.0979798999085,6.144,1.0,1000.0
random_seeqst,5,4,ghz,10,100,,3000,0.8444120321264968,2223.009091350419,2.7306666666666666,1.0,3000.0
random_seeqst,5,4,ghz,10,100,,10000,0.4893820168334754,2067.7591531569037,1.2288,1.0,10000.0
random_seeqst,5,4,ghz,10,100,,20000,0.3176051183466664,1996.4876553718195,0.9216,1.0,20000.0
random_seeqst,5,4,ghz,10,100,,30000,0.26102516796491315,2027.2463740745466,0.8874666666666666,1.0,30000.0
random_seeqst,5,4,ghz,10,100,,40000,0.22782561752357877,2034.2363913979414,0.6656,1.0,40000.0
random_seeqst,5,4,ghz,10,100,,50000,0.19915154687825048,2021.6552997680108,0.6144,1.0,50000.0
derandomized_seeqst,5,5,ghz,10,100,99.0,10,0.9428090415820634,2.0,1.0,0.09,0.1
derandomized_seeqst,5,5,ghz,10,100,99.0,30,0.9428090415820634,2.0,1.0,0.27,0.3
derandomized_seeqst,5,5,ghz,10,100,99.0,100,0.862600803222145,0.9876543209876544,1.0,0.61,1.02
derandomized_seeqst,5,5,ghz,10,100,99.0,300,0.6814176069054262,0.9553839553839554,1.0,0.93,3.04
derandomized_seeqst,5,5,ghz,10,100,99.0,1000,0.31512713766005807,1.0188820003525885,1.0,1.0,10.18
derandomized_seeqst,5,5,ghz,10,100,99.0,3000,0.19080121294528635,0.9971955310345024,0.391304347826087,1.0,30.54
derandomized_seeqst,5,5,ghz,10,100,99.0,10000,0.09430760452319066,1.0010909309735612,0.26,1.0,101.88
derandomized_seeqst,5,5,ghz,10,100,99.0,20000,0.06842429371979629,1.0002886570822833,0.1724137931034483,1.0,203.93
derandomized_seeqst,5,5,ghz,10,100,99.0,30000,0.06169597832322185,0.9995015612841638,0.14864864864864866,1.0,305.88
derandomized_seeqst,5,5,ghz,10,100,99.0,40000,0.052607593965790435,0.9997127765066527,0.11602209944751381,1.0,407.95
derandomized_seeqst,5,5,ghz,10,100,99.0,50000,0.045605255415542785,0.9999045796071416,0.11353711790393013,1.0,510.17
random_seeqst,5,5,ghz,10,100,,10,28.96309375740099,8388.608000000002,204.8,1.0,10.0
random_seeqst,5,5,ghz,10,100,,30,13.653333333333334,5592.4053333333295,68.26666666666667,1.0,30.0
random_seeqst,5,5,ghz,10,100,,100,5.418498685060282,3783.3469414141396,20.48,1.0,100.0
random_seeqst,5,5,ghz,10,100,,300,2.554304776037678,2518.452769676687,6.826666666666667,1.0,300.0
random_seeqst,5,5,ghz,10,100,,1000,1.4909665053246501,2558.861320200226,4.096,1.0,1000.0
random_seeqst,5,5,ghz,10,100,,3000,0.7601854276717257,1929.4451064843215,2.7306666666666666,1.0,3000.0
random_seeqst,5,5,ghz,10,100,,10000,0.48981036003743317,1929.3328590970857,1.2288,1.0,10000.0
random_seeqst,5,5,ghz,10,100,,20000,0.34054736175750944,2013.2506100251069,0.8192,1.0,20000.0
random_seeqst,5,5,ghz,10,100,,30000,0.2859876360963879,2025.834570891337,0.8874666666666666,1.0,30000.0
random_seeqst,5,5,ghz,10,100,,40000,0.23921963798986068,2066.737738408426,0.6144,1.0,40000.0
random_seeqst,5,5,ghz,10,100,,50000,0.21762830874681718,2045.9750486207924,0.65536,1.0,50000.0
derandomized_seeqst,5,6,ghz,10,100,98.0,10,0.9428090415820634,2.0,1.0,0.09,0.1
derandomized_seeqst,5,6,ghz,10,100,98.0,30,0.9649012813540153,1.3333333333333333,1.0,0.29,0.32
derandomized_seeqst,5,6,ghz,10,100,98.0,100,0.8652733190539661,1.0,1.0,0.64,1.03
derandomized_seeqst,5,6,ghz,10,100,98.0,300,0.6329013262692789,1.0191049913941481,1.0,0.95,3.11
derandomized_seeqst,5,6,ghz,10,100,98.0,1000,0.3309493780915421,0.9969268705151058,1.0,1.0,10.35
derandomized_seeqst,5,6,ghz,10,100,98.0,3000,0.16882616254418858,1.0057753592104788,0.5,1.0,31.2
derandomized_seeqst,5,6,ghz,10,100,98.0,10000,0.098121337167134,1.0002812080282661,0.24,1.0,104.07
derandomized_seeqst,5,6,ghz,10,100,98.0,20000,0.07328865368239447,0.9995548675869032,0.2,1.0,208.06
derandomized_seeqst,5,6,ghz,10,100,98.0,30000,0.061839596208792966,0.9994540597393428,0.20714285714285716,1.0,312.36
derandomized_seeqst,5,6,ghz,10,100,98.0,40000,0.04907174244200305,1.0000508730540818,0.15343915343915343,1.0,416.48
derandomized_seeqst,5,6,ghz,10,100,98.0,50000,0.04277423470758658,1.0001357083327875,0.14346895074946467,1.0,520.44
random_seeqst,5,6,ghz,10,100,,10,0.0,0.0,0.0,1.0,10.0
random_seeqst,5,6,ghz,10,100,,30,0.0,0.0,0.0,1.0,30.0
random_seeqst,5,6,ghz,10,100,,100,2.048,419.4304,20.48,1.0,100.0
random_seeqst,5,6,ghz,10,100,,300,2.4613896707167506,1817.5317333333269,6.826666666666667,1.0,300.0
random_seeqst,5,6,ghz,10,100,,1000,1.3890211805440549,2097.31994010012,4.096,1.0,1000.0
random_seeqst,5,6,ghz,10,100,,3000,0.7990408472384598,1831.4847753161766,2.7306666666666666,1.0,3000.0
random_seeqst,5,6,ghz,10,100,,10000,0.445410573740678,2025.8530267234103,1.4336,1.0,10000.0
random_seeqst,5,6,ghz,10,100,,20000,0.2887244222437721,2019.5749929578017,0.8192,1.0,20000.0
random_seeqst,5,6,ghz,10,100,,30000,0.26182736432831294,2031.4403984449411,0.8874666666666666,1.0,30000.0
random_seeqst,5,6,ghz,10,100,,40000,0.25285751244525045,2043.6617786229567,0.6656,1.0,40000.0
random_seeqst,5,6,ghz,10,100,,50000,0.22531723328675948,2055.1992961309884,0.6144,1.0,50000.0
derandomized_seeqst,5,7,ghz,10,100,97.0,10,1.0,,1.0,0.1,0.1
derandomized_seeqst,5,7,ghz,10,100,97.0,30,1.0,0.0,1.0,0.3,0.32
derandomized_seeqst,5,7,ghz,10,100,97.0,100,0.8828857114526091,0.8666666666666667,1.0,0.65,1.07
derandomized_seeqst,5,7,ghz,10,100,97.0,300,0.5846498777395838,1.0967876039304612,1.0,0.94,3.21
derandomized_seeqst,5,7,ghz,10,100,97.0,1000,0.3205630125467596,1.0080729744919708,0.7142857142857143,1.0,10.67
derandomized_seeqst,5,7,ghz,10,100,97.0,3000,0.18172953407514658,1.0005373865204559,0.45454545454545453,1.0,31.82
derandomized_seeqst,5,7,ghz,10,100,97.0,10000,0.09728073610145747,1.0003532033360214,0.2608695652173913,1.0,105.9
derandomized_seeqst,5,7,ghz,10,100,97.0,20000,0.07546134390444147,0.9991795690004999,0.164021164021164,1.0,211.81
derandomized_seeqst,5,7,ghz,10,100,97.0,30000,0.05794942199679617,0.9998867026165972,0.14826498422712933,1.0,317.89
derandomized_seeqst,5,7,ghz,10,100,97.0,40000,0.05196541769947407,0.9997301105461756,0.13978494623655913,1.0,423.99
derandomized_seeqst,5,7,ghz,10,100,97.0,50000,0.04556350974163877,0.9998675504265393,0.14173228346456693,1.0,529.7
random_seeqst,5,7,ghz,10,100,,10,0.0,0.0,0.0,1.0,10.0
random_seeqst,5,7,ghz,10,100,,30,9.654364585800328,2796.2026666666648,68.26666666666667,1.0,30.0
random_seeqst,5,7,ghz,10,100,,100,5.016554993219949,1669.2482585858565,40.96,1.0,100.0
random_seeqst,5,7,ghz,10,100,,300,2.730666666666667,1956.4066818283122,13.653333333333334,1.0,300.0
random_seeqst,5,7,ghz,10,100,,1000,1.3738401653758707,1803.4667499499594,4.096,1.0,1000.0
random_seeqst,5,7,ghz,10,100,,3000,0.7693262622436452,1943.416796034181,3.4133333333333336,1.0,3000.0
random_seeqst,5,7,ghz,10,100,,10000,0.4533441253617388,2030.040619165908,1.024,1.0,10000.0
random_seeqst,5,7,ghz,10,100,,20000,0.3151192586942283,2027.9480812571028,0.9216,1.0,20000.0
random_seeqst,5,7,ghz,10,100,,30000,0.2326080858439792,2011.8807748378895,0.5461333333333334,1.0,30000.0
random_seeqst,5,7,ghz,10,100,,40000,0.2092946783843297,2020.6126630544723,0.7168,1.0,40000.0
random_seeqst,5,7,ghz,10,100,,50000,0.19329474910612549,2049.340558351836,0.73728,1.0,50000.0
derandomized_seeqst,5,8,ghz,10,100,98.0,10,1.0,,1.0,0.11,0.11
derandomized_seeqst,5,8,ghz,10,100,98.0,30,0.9607689228305228,0.8,1.0,0.26,0.31
derandomized_seeqst,5,8,ghz,10,100,98.0,100,0.8919489428586519,0.7976190476190476,1.0,0.64,1.04
derandomized_seeqst,5,8,ghz,10,100,98.0,300,0.6676676071691285,0.9836817653890825,1.0,0.97,3.11
derandomized_seeqst,5,8,ghz,10,100,98.0,1000,0.339229079488032,0.9912234714030379,1.0,1.0,10.37
derandomized_seeqst,5,8,ghz,10,100,98.0,3000,0.1982654925876679,0.9941914794527902,0.5,1.0,31.14
derandomized_seeqst,5,8,ghz,10,100,98.0,10000,0.10083194196963047,0.9997398222735367,0.34831460674157305,1.0,104.01
derandomized_seeqst,5,8,ghz,10,100,98.0,20000,0.06020764385966511,1.0013142212817252,0.1590909090909091,1.0,208.22
derandomized_seeqst,5,8,ghz,10,100,98.0,30000,0.04796106119317465,1.0009858858043692,0.1018867924528302,1.0,312.35
derandomized_seeqst,5,8,ghz,10,100,98.0,40000,0.04255959524877485,1.000648667448646,0.12761020881670534,1.0,416.23
derandomized_seeqst,5,8,ghz,10,100,98.0,50000,0.0423103958457385,1.0001746616967648,0.12734082397003746,1.0,520.1
random_seeqst,5,8,ghz,10,100,,10,0.0,0.0,0.0,1.0,10.0
random_seeqst,5,8,ghz,10,100,,30,0.0,0.0,0.0,1.0,30.0
random_seeqst,5,8,ghz,10,100,,100,4.096,1677.7215999999992,20.48,1.0,100.0
random_seeqst,5,8,ghz,10,100,,300,2.3648267026007073,2519.38795451504,6.826666666666667,1.0,300.0
random_seeqst,5,8,ghz,10,100,,1000,1.4040380621621338,2139.2629801001212,4.096,1.0,1000.0
random_seeqst,5,8,ghz,10,100,,3000,0.8499131458893642,2139.0857162164834,2.7306666666666666,1.0,3000.0
random_seeqst,5,8,ghz,10,100,,10000,0.44352323231145396,2202.0330904514094,1.024,1.0,10000.0
random_seeqst,5,8,ghz,10,100,,20000,0.2794976064298226,2116.054051790855,1.1264,1.0,20000.0
random_seeqst,5,8,ghz,10,100,,30000,0.24783714796436615,2108.345665604118,0.7509333333333333,1.0,30000.0
random_seeqst,5,8,ghz,10,100,,40000,0.2109787932470939,2082.479485936107,0.6144,1.0,40000.0
random_seeqst,5,8,ghz,10,100,,50000,0.19656532870269874,2044.30601779243,0.6144,1.0,50000.0
derandomized_seeqst,5,9,ghz,10,100,96.0,10,1.0,,1.0,0.1,0.1
derandomized_seeqst,5,9,ghz,10,100,96.0,30,0.9819805060619657,0.5,1.0,0.28,0.32
derandomized_seeqst,5,9,ghz,10,100,96.0,100,0.8965149062186922,0.7022222222222223,1.0,0.63,1.08
derandomized_seeqst,5,9,ghz,10,100,96.0,300,0.6534719406799285,0.9011169900058791,1.0,0.93,3.2
derandomized_seeqst,5,9,ghz,10,100,96.0,1000,0.3471521100459497,0.9757413697966532,1.0,1.0,10.88
derandomized_seeqst,5,9,ghz,10,100,96.0,3000,0.20443341705553353,0.9807368786813617,0.6428571428571429,1.0,32.6
derandomized_seeqst,5,9,ghz,10,100,96.0,10000,0.09310213879999671,0.9909525490695061,0.22807017543859648,1.0,108.05
derandomized_seeqst,5,9,ghz,10,100,96.0,20000,0.06398145829772812,0.9906891779049412,0.18840579710144928,1.0,215.97
derandomized_seeqst,5,9,ghz,10,100,96.0,30000,0.054791643411053435,0.990181384675001,0.1513157894736842,1.0,324.2
derandomized_seeqst,5,9,ghz,10,100,96.0,40000,0.04722353841937731,0.9901547159084271,0.13366336633663367,1.0,432.42
derandomized_seeqst,5,9,ghz,10,100,96.0,50000,0.04275609400783534,0.9900772670582461,0.10828025477707007,1.0,540.39
random_seeqst,5,9,ghz,10,100,,10,20.48008789043641,4194.311111111112,204.8,1.0,10.0
random_seeqst,5,9,ghz,10,100,,30,11.824141030582776,4194.314160919537,68.26666666666667,1.0,30.0
random_seeqst,5,9,ghz,10,100,,100,4.579474205626668,2097.162036363635,20.48,1.0,100.0
random_seeqst,5,9,ghz,10,100,,300,2.64397310458669,1816.606494537337,13.653333333333334,1.0,300.0
random_seeqst,5,9,ghz,10,100,,1000,1.4768690260141553,2516.928186066087,4.096,1.0,1000.0
random_seeqst,5,9,ghz,10,100,,3000,0.7961310919412429,1957.3704987839935,2.048,1.0,3000.0
random_seeqst,5,9,ghz,10,100,,10000,0.46522013370016563,2030.0397101982503,1.2288,1.0,10000.0
random_seeqst,5,9,ghz,10,100,,20000,0.28999540134284885,2042.6540833716138,0.7168,1.0,20000.0
random_seeqst,5,9,ghz,10,100,,30000,0.2310015720004231,2028.6692952506967,0.6144,1.0,30000.0
random_seeqst,5,9,ghz,10,100,,40000,0.20810342428705975,1996.5053095977064,0.5632,1.0,40000.0
random_seeqst,5,9,ghz,10,100,,50000,0.19198942141691036,2010.762692916623,0.6144,1.0,50000.0
derandomized_seeqst,5,0,random_stabilizer,10,100,95.0,10,0.9534625892455924,1.0,1.0,0.11,0.13
derandomized_seeqst,5,0,random_stabilizer,10,100,95.0,30,0.9486832980505138,1.5,1.0,0.3,0.34
derandomized_seeqst,5,0,random_stabilizer,10,100,95.0,100,0.8296487169061688,1.1979166666666667,1.0,0.68,1.12
derandomized_seeqst,5,0,random_stabilizer,10,100,95.0,300,0.6319907027083688,1.0266398929049532,1.0,0.96,3.38
derandomized_seeqst,5,0,random_stabilizer,10,100,95.0,1000,0.3410003428253358,0.9859429914023399,1.0,1.0,11.0
derandomized_seeqst,5,0,random_stabilizer,10,100,95.0,3000,0.19246779548269163,0.9958071353321035,0.5238095238095238,1.0,32.95
derandomized_seeqst,5,0,random_stabilizer,10,100,95.0,10000,0.09526229110742576,1.0005301583372979,0.2222222222222222,1.0,109.87
derandomized_seeqst,5,0,random_stabilizer,10,100,95.0,20000,0.07295804122490941,0.9994535298720192,0.17894736842105263,1.0,220.48
derandomized_seeqst,5,0,random_stabilizer,10,100,95.0,30000,0.05636557485173136,1.0000022477119856,0.14838709677419354,1.0,330.2
derandomized_seeqst,5,0,random_stabilizer,10,100,95.0,40000,0.04970909039425539,0.9999107574779619,0.13022113022113022,1.0,440.22
derandomized_seeqst,5,0,random_stabilizer,10,100,95.0,50000,0.042008202604438556,1.0001404508471374,0.1029126213592233,1.0,550.36
random_seeqst,5,0,random_stabilizer,10,100,,10,3.0046291974743187e-19,0.0,1.734723475976807e-18,1.0,10.0
random_seeqst,5,0,random_stabilizer,10,100,,30,3.0046291974743187e-19,0.0,1.734723475976807e-18,1.0,30.0
random_seeqst,5,0,random_stabilizer,10,100,,100,4.096,1677.7215999999992,20.48,1.0,100.0
random_seeqst,5,0,random_stabilizer,10,100,,300,2.81470677375499,2376.772266666656,13.653333333333334,1.0,300.0
random_seeqst,5,0,random_stabilizer,10,100,,1000,1.4188960215604243,1845.325819899906,6.144,1.0,1000.0
random_seeqst,5,0,random_stabilizer,10,100,,3000,0.8927025036371299,1971.1830232476962,2.7306666666666666,1.0,3000.0
random_seeqst,5,0,random_stabilizer,10,100,,10000,0.4754713299453501,2042.604235437942,1.024,1.0,10000.0
random_seeqst,5,0,random_stabilizer,10,100,,20000,0.33760955436717127,2074.0730514415554,0.8192,1.0,20000.0
random_seeqst,5,0,random_stabilizer,10,100,,30000,0.2701497540254294,2097.1489240748315,0.8192,1.0,30000.0
random_seeqst,5,0,random_stabilizer,10,100,,40000,0.24703668391556746,2086.657379311512,0.6144,1.0,40000.0
random_seeqst,5,0,random_stabilizer,10,100,,50000,0.22453403768693958,2096.3046497594105,0.57344,1.0,50000.0
derandomized_seeqst,5,1,random_stabilizer,10,100,99.0,10,1.0,,1.0,0.1,0.1
derandomized_seeqst,5,1,random_stabilizer,10,100,99.0,30,0.9622504486493763,1.3333333333333333,1.0,0.27,0.3
derandomized_seeqst,5,1,random_stabilizer,10,100,99.0,100,0.8800892942545737,1.08641975308642,1.0,0.69,1.01
derandomized_seeqst,5,1,random_stabilizer,10,100,99.0,300,0.6370469631444088,1.0427437641723354,1.0,0.97,3.05
derandomized_seeqst,5,1,random_stabilizer,10,100,99.0,1000,0.33285533674708656,0.9978621141500399,1.0,1.0,10.17
derandomized_seeqst,5,1,random_stabilizer,10,100,99.0,3000,0.1868561420644949,0.9994340039306594,0.5333333333333333,1.0,30.63
derandomized_seeqst,5,1,random_stabilizer,10,100,99.0,10000,0.10179577612249635,0.999670231667017,0.30434782608695654,1.0,102.14
derandomized_seeqst,5,1,random_stabilizer,10,100,99.0,20000,0.06960567395518463,1.0001327140278296,0.17647058823529413,1.0,204.26
derandomized_seeqst,5,1,random_stabilizer,10,100,99.0,30000,0.055993264074030984,1.0001768209537216,0.136986301369863,1.0,306.15
derandomized_seeqst,5,1,random_stabilizer,10,100,99.0,40000,0.04904651580155172,1.0000770304313815,0.12682926829268293,1.0,408.03
derandomized_seeqst,5,1,random_stabilizer,10,100,99.0,50000,0.04546146893835353,0.9999173717887807,0.136,1.0,510.11
random_seeqst,5,1,random_stabilizer,10,100,,10,2.6193750069204537e-18,0.0,2.6020852139652106e-17,1.0,10.0
random_seeqst,5,1,random_stabilizer,10,100,,30,9.654364585800328,2796.2026666666648,68.26666666666667,1.0,30.0
random_seeqst,5,1,random_stabilizer,10,100,,100,3.547240053901061,1258.2911999999992,20.48,1.0,100.0
random_seeqst,5,1,random_stabilizer,10,100,,300,2.4613896707167506,1817.5317333333244,6.826666666666667,1.0,300.0
random_seeqst,5,1,random_stabilizer,10,100,,1000,1.4040380621621338,2223.2330301501597,4.096,1.0,1000.0
random_seeqst,5,1,random_stabilizer,10,100,,3000,0.8220395232455541,2223.0463864843246,2.048,1.0,3000.0
random_seeqst,5,1,random_stabilizer,10,100,,10000,0.5058186868829581,2013.2113885948045,1.8432,1.0,10000.0
random_seeqst,5,1,random_stabilizer,10,100,,20000,0.34039337243841866,2078.2656776360277,1.024,1.0,20000.0
random_seeqst,5,1,random_stabilizer,10,100,,30000,0.2755302204840696,2062.1922895076445,0.8874666666666666,1.0,30000.0
random_seeqst,5,1,random_stabilizer,10,100,,40000,0.2385612340679013,2049.9604175482505,0.8704,1.0,40000.0
random_seeqst,5,1,random_stabilizer,10,100,,50000,0.208735310745451,2067.7896573637217,0.73728,1.0,50000.0
derandomized_seeqst,5,2,random_stabilizer,10,100,99.0,10,1.0,0.0,1.0,0.09,0.1
derandomized_seeqst,5,2,random_stabilizer,10,100,99.0,30,0.9405399431259602,1.5,1.0,0.26,0.3
derandomized_seeqst,5,2,random_stabilizer,10,100,99.0,100,0.859684383397325,1.2051282051282053,1.0,0.66,1.0
derandomized_seeqst,5,2,random_stabilizer,10,100,99.0,300,0.6422264583882699,0.9635098983413591,1.0,0.97,3.04
derandomized_seeqst,5,2,random_stabilizer,10,100,99.0,1000,0.3289293255379061,1.000393508452332,1.0,1.0,10.17
derandomized_seeqst,5,2,random_stabilizer,10,100,99.0,3000,0.1970528268903939,0.9954706138992253,0.6666666666666666,1.0,30.7
derandomized_seeqst,5,2,random_stabilizer,10,100,99.0,10000,0.09656776072676469,1.0006919243217807,0.29292929292929293,1.0,102.23
derandomized_seeqst,5,2,random_stabilizer,10,100,99.0,20000,0.06214658859357189,1.0011196814145802,0.1792452830188679,1.0,204.03
derandomized_seeqst,5,2,random_stabilizer,10,100,99.0,30000,0.05257371994091463,1.0005499416237342,0.1503267973856209,1.0,306.17
derandomized_seeqst,5,2,random_stabilizer,10,100,99.0,40000,0.0492419625432648,1.000058133903828,0.15012722646310434,1.0,408.32
derandomized_seeqst,5,2,random_stabilizer,10,100,99.0,50000,0.04444472002092941,1.0000096546068646,0.12727272727272726,1.0,510.3
random_seeqst,5,2,random_stabilizer,10,100,,10,28.96309375740099,8388.608000000002,204.8,1.0,10.0
random_seeqst,5,2,random_stabilizer,10,100,,30,13.653333333333334,5592.405333333329,68.26666666666667,1.0,30.0
random_seeqst,5,2,random_stabilizer,10,100,,100,5.418498685060282,2936.012799999998,20.48,1.0,100.0
random_seeqst,5,2,random_stabilizer,10,100,,300,3.052978145279713,2515.647215161634,13.653333333333334,1.0,300.0
random_seeqst,5,2,random_stabilizer,10,100,,1000,1.6255496055180845,2390.501369849858,4.096,1.0,1000.0
random_seeqst,5,2,random_stabilizer,10,100,,3000,0.7902437992304794,2069.255239817683,2.7306666666666666,1.0,3000.0
random_seeqst,5,2,random_stabilizer,10,100,,10000,0.4373331252032025,1979.718199557495,1.2288,1.0,10000.0
random_seeqst,5,2,random_stabilizer,10,100,,20000,0.32879809245188757,2116.024061017756,0.9216,1.0,20000.0
random_seeqst,5,2,random_stabilizer,10,100,,30000,0.2642193405318981,2041.2261756797513,0.7509333333333333,1.0,30000.0
random_seeqst,5,2,random_stabilizer,10,100,,40000,0.22580302920908746,2020.6054801292619,0.6656,1.0,40000.0
random_seeqst,5,2,random_stabilizer,10,100,,50000,0.19390136940207517,2030.8850167598896,0.6144,1.0,50000.0
derandomized_seeqst,5,3,random_stabilizer,10,100,98.0,10,1.0,,1.0,0.11,0.11
derandomized_seeqst,5,3,random_stabilizer,10,100,98.0,30,0.9819805060619657,0.6666666666666666,1.0,0.28,0.31
derandomized_seeqst,5,3,random_stabilizer,10,100,98.0,100,0.8861565147346726,0.8160919540229885,1.0,0.63,1.04
derandomized_seeqst,5,3,random_stabilizer,10,100,98.0,300,0.6648273752472212,0.9983730158730161,1.0,0.97,3.13
derandomized_seeqst,5,3,random_stabilizer,10,100,98.0,1000,0.32777928775724385,1.0125889154418566,1.0,1.0,10.44
derandomized_seeqst,5,3,random_stabilizer,10,100,98.0,3000,0.18125216656588686,1.0007673286173016,0.5555555555555556,1.0,31.17
derandomized_seeqst,5,3,random_stabilizer,10,100,98.0,10000,0.10234319649082377,0.9994195664478134,0.2857142857142857,1.0,104.02
derandomized_seeqst,5,3,random_stabilizer,10,100,98.0,20000,0.07082848180932017,0.9999110642418177,0.16201117318435754,1.0,207.94
derandomized_seeqst,5,3,random_stabilizer,10,100,98.0,30000,0.056616158525910745,1.0000718195355878,0.19601328903654486,1.0,311.98
derandomized_seeqst,5,3,random_stabilizer,10,100,98.0,40000,0.05001224239418003,0.9999555287702929,0.13994910941475827,1.0,416.26
derandomized_seeqst,5,3,random_stabilizer,10,100,98.0,50000,0.04528431508902602,0.9999135443830538,0.1377245508982036,1.0,520.57
random_seeqst,5,3,random_stabilizer,10,100,,10,0.06,0.027111111111111107,0.6,1.0,10.0
random_seeqst,5,3,random_stabilizer,10,100,,30,0.03333333333333333,0.01678160919540231,0.3333333333333333,1.0,30.0
random_seeqst,5,3,random_stabilizer,10,100,,100,3.547267680905968,1258.3116080808074,20.48,1.0,100.0
random_seeqst,5,3,random_stabilizer,10,100,,300,2.1587918431896633,1398.120820512813,6.826666666666667,1.0,300.0
random_seeqst,5,3,random_stabilizer,10,100,,1000,1.4188980513060125,2013.2867350550691,4.096,1.0,1000.0
random_seeqst,5,3,random_stabilizer,10,100,,3000,0.813496999926176,1873.4384087673136,2.048,1.0,3000.0
random_seeqst,5,3,random_stabilizer,10,100,,10000,0.42071462441897595,2004.9208672915133,1.2288,1.0,10000.0
random_seeqst,5,3,random_stabilizer,10,100,,20000,0.29907112481816095,2011.1999264589485,0.8192,1.0,20000.0
random_seeqst,5,3,random_stabilizer,10,100,,30000,0.2508289213343983,2060.8271990925323,0.6826666666666666,1.0,30000.0
random_seeqst,5,3,random_stabilizer,10,100,,40000,0.218906600174595,2025.8716566918781,0.6656,1.0,40000.0
random_seeqst,5,3,random_stabilizer,10,100,,50000,0.19609549351272712,2014.9655218684015,0.53248,1.0,50000.0
derandomized_seeqst,5,4,random_stabilizer,10,100,99.0,10,1.0,0.0,1.0,0.08,0.1
derandomized_seeqst,5,4,random_stabilizer,10,100,99.0,30,0.9820613241770824,0.33333333333333337,1.0,0.25,0.3
derandomized_seeqst,5,4,random_stabilizer,10,100,99.0,100,0.8567741422237498,0.9166666666666667,1.0,0.61,1.03
derandomized_seeqst,5,4,random_stabilizer,10,100,99.0,300,0.6700023935263533,0.959896729776248,1.0,0.97,3.05
derandomized_seeqst,5,4,random_stabilizer,10,100,99.0,1000,0.32493725686895675,1.0028650858944976,0.8,1.0,10.15
derandomized_seeqst,5,4,random_stabilizer,10,100,99.0,3000,0.19663560205917754,0.9950159928638229,0.5862068965517241,1.0,30.6
derandomized_seeqst,5,4,random_stabilizer,10,100,99.0,10000,0.0948423938215517,1.0010095247839046,0.24489795918367346,1.0,101.99
derandomized_seeqst,5,4,random_stabilizer,10,100,99.0,20000,0.06125574972984464,1.0012284719271196,0.17412935323383086,1.0,204.0
derandomized_seeqst,5,4,random_stabilizer,10,100,99.0,30000,0.05228769866554216,1.0005783868095208,0.13768115942028986,1.0,305.87
derandomized_seeqst,5,4,random_stabilizer,10,100,99.0,40000,0.044078369213185684,1.0005387318898966,0.1246684350132626,1.0,407.84
derandomized_seeqst,5,4,random_stabilizer,10,100,99.0,50000,0.03883366270182708,1.0004769555933064,0.10357815442561205,1.0,510.05
random_seeqst,5,4,random_stabilizer,10,100,,10,3.0046291974743187e-19,0.0,1.734723475976807e-18,1.0,10.0
random_seeqst,5,4,random_stabilizer,10,100,,30,3.0046291974743187e-19,0.0,1.734723475976807e-18,1.0,30.0
random_seeqst,5,4,random_stabilizer,10,100,,100,4.096,1677.7215999999992,20.48,1.0,100.0
random_seeqst,5,4,random_stabilizer,10,100,,300,2.554304776037678,1957.341866666657,6.826666666666667,1.0,300.0
random_seeqst,5,4,random_stabilizer,10,100,,1000,1.3113598438262473,2223.484940300322,4.096,1.0,1000.0
random_seeqst,5,4,random_stabilizer,10,100,,3000,0.801951752497202,2209.093344501431,2.7306666666666666,1.0,3000.0
random_seeqst,5,4,random_stabilizer,10,100,,10000,0.39394066558302915,2189.4904477967216,1.024,1.0,10000.0
random_seeqst,5,4,random_stabilizer,10,100,,20000,0.2948337674012256,2044.7385099753537,0.7168,1.0,20000.0
random_seeqst,5,4,random_stabilizer,10,100,,30000,0.2599517220134881,2030.0432292102391,0.6826666666666666,1.0,30000.0
random_seeqst,5,4,random_stabilizer,10,100,,40000,0.2063937983564429,1997.544620215812,0.4608,1.0,40000.0
random_seeqst,5,4,random_stabilizer,10,100,,50000,0.1904970293941614,2007.397753237484,0.49152,1.0,50000.0
derandomized_seeqst,5,5,random_stabilizer,10,100,98.0,10,1.0,,1.0,0.1,0.1
derandomized_seeqst,5,5,random_stabilizer,10,100,98.0,30,1.0,0.0,1.0,0.26,0.3
derandomized_seeqst,5,5,random_stabilizer,10,100,98.0,100,0.8280387358983565,1.1379310344827587,1.0,0.6,1.03
derandomized_seeqst,5,5,random_stabilizer,10,100,98.0,300,0.617512230347552,1.0664285714285715,1.0,0.92,3.1
derandomized_seeqst,5,5,random_stabilizer,10,100,98.0,1000,0.3250548782366416,1.0052294459926039,1.0,1.0,10.42
derandomized_seeqst,5,5,random_stabilizer,10,100,98.0,3000,0.18466592542137092,0.999695252317696,0.5151515151515151,1.0,31.19
derandomized_seeqst,5,5,random_stabilizer,10,100,98.0,10000,0.1036125157478849,0.9991275417372752,0.29411764705882354,1.0,104.0
derandomized_seeqst,5,5,random_stabilizer,10,100,98.0,20000,0.06617064406794818,1.000543400826359,0.1746031746031746,1.0,207.86
derandomized_seeqst,5,5,random_stabilizer,10,100,98.0,30000,0.05855085964824044,0.9998485945989315,0.1793103448275862,1.0,312.16
derandomized_seeqst,5,5,random_stabilizer,10,100,98.0,40000,0.05070854908325402,0.9998839067029034,0.14659685863874344,1.0,415.95
derandomized_seeqst,5,5,random_stabilizer,10,100,98.0,50000,0.04528263759285369,0.9999136684597371,0.12083333333333333,1.0,519.9
random_seeqst,5,5,random_stabilizer,10,100,,10,20.48,4194.304000000001,204.8,1.0,10.0
random_seeqst,5,5,random_stabilizer,10,100,,30,6.826666666666667,1398.101333333332,68.26666666666667,1.0,30.0
random_seeqst,5,5,random_stabilizer,10,100,,100,4.096,1677.7215999999992,20.48,1.0,100.0
random_seeqst,5,5,random_stabilizer,10,100,,300,2.4613896707167506,1817.5317333333242,6.826666666666667,1.0,300.0
random_seeqst,5,5,random_stabilizer,10,100,,1000,1.278975590071992,2055.6288102502604,4.096,1.0,1000.0
random_seeqst,5,5,random_stabilizer,10,100,,3000,0.8580986941423981,2236.9714571167715,2.7306666666666666,1.0,3000.0
random_seeqst,5,5,random_stabilizer,10,100,,10000,0.4683610778021589,2134.89486338709,1.2288,1.0,10000.0
random_seeqst,5,5,random_stabilizer,10,100,,20000,0.30273014782145496,2139.110349975446,0.7168,1.0,20000.0
random_seeqst,5,5,random_stabilizer,10,100,,30000,0.26218310819391516,2092.958721308902,0.6144,1.0,30000.0
random_seeqst,5,5,random_stabilizer,10,100,,40000,0.22376215944614047,2061.5018840433545,0.6656,1.0,40000.0
random_seeqst,5,5,random_stabilizer,10,100,,50000,0.20602513555389307,2068.6296590373477,0.6144,1.0,50000.0
derandomized_seeqst,5,6,random_stabilizer,10,100,98.0,10,1.0,,1.0,0.1,0.1
derandomized_seeqst,5,6,random_stabilizer,10,100,98.0,30,0.9428090415820634,1.5,1.0,0.27,0.31
derandomized_seeqst,5,6,random_stabilizer,10,100,98.0,100,0.8897565210026093,0.8333333333333333,1.0,0.64,1.02
derandomized_seeqst,5,6,random_stabilizer,10,100,98.0,300,0.619117007634068,1.0242302543507364,1.0,0.93,3.07
derandomized_seeqst,5,6,random_stabilizer,10,100,98.0,1000,0.3450363582020511,0.9847928526581776,1.0,1.0,10.3
derandomized_seeqst,5,6,random_stabilizer,10,100,98.0,3000,0.1944758434824962,0.9959168455905413,0.5384615384615384,1.0,30.98
derandomized_seeqst,5,6,random_stabilizer,10,100,98.0,10000,0.11396755390992115,0.9968369924084682,0.30526315789473685,1.0,103.65
derandomized_seeqst,5,6,random_stabilizer,10,100,98.0,20000,0.07692765226828045,0.9989952095835922,0.24528301886792453,1.0,207.44
derandomized_seeqst,5,6,random_stabilizer,10,100,98.0,30000,0.06290784929987864,0.9993158650477919,0.16774193548387098,1.0,311.6
derandomized_seeqst,5,6,random_stabilizer,10,100,98.0,40000,0.05708042879729888,0.9991947238811961,0.17560975609756097,1.0,415.49
derandomized_seeqst,5,6,random_stabilizer,10,100,98.0,50000,0.050504417329996165,0.9994116289954832,0.1796875,1.0,519.92
random_seeqst,5,6,random_stabilizer,10,100,,10,3.0046291974743187e-19,0.0,1.734723475976807e-18,1.0,10.0
random_seeqst,5,6,random_stabilizer,10,100,,30,9.654364585800328,2796.2026666666648,68.26666666666667,1.0,30.0
random_seeqst,5,6,random_stabilizer,10,100,,100,4.57946721791957,2097.151999999999,20.48,1.0,100.0
random_seeqst,5,6,random_stabilizer,10,100,,300,2.4613896707167506,1817.5317333333217,6.826666666666667,1.0,300.0
random_seeqst,5,6,random_stabilizer,10,100,,1000,1.47683380243005,2097.0680299499677,4.096,1.0,1000.0
random_seeqst,5,6,random_stabilizer,10,100,,3000,0.9184340682802319,2446.6493619828557,2.7306666666666666,1.0,3000.0
random_seeqst,5,6,random_stabilizer,10,100,,10000,0.45102521437276655,2193.6369319491864,1.024,1.0,10000.0
random_seeqst,5,6,random_stabilizer,10,100,,20000,0.3157840679958379,2090.8653676909767,1.024,1.0,20000.0
random_seeqst,5,6,random_stabilizer,10,100,,30000,0.24708384182072468,2069.197896171934,0.7509333333333333,1.0,30000.0
random_seeqst,5,6,random_stabilizer,10,100,,40000,0.21234115945807586,2101.353749076075,0.512,1.0,40000.0
random_seeqst,5,6,random_stabilizer,10,100,,50000,0.19054105968005952,2066.958044466034,0.45056,1.0,50000.0
derandomized_seeqst,5,7,random_stabilizer,10,100,100.0,10,0.9428090415820634,2.0,1.0,0.09,0.1
derandomized_seeqst,5,7,random_stabilizer,10,100,100.0,30,0.9622504486493763,1.3333333333333333,1.0,0.27,0.3
derandomized_seeqst,5,7,random_stabilizer,10,100,100.0,100,0.8906820425615527,0.6989247311827957,1.0,0.59,1.0
derandomized_seeqst,5,7,random_stabilizer,10,100,100.0,300,0.694559036192731,0.8582560296846011,1.0,0.92,3.0
derandomized_seeqst,5,7,random_stabilizer,10,100,100.0,1000,0.3281524356721807,1.0165003460591695,0.8,1.0,10.0
derandomized_seeqst,5,7,random_stabilizer,10,100,100.0,3000,0.16417221060568293,1.0079302712521605,0.4,1.0,30.0
derandomized_seeqst,5,7,random_stabilizer,10,100,100.0,10000,0.1088863908213962,0.9982105127098483,0.3153153153153153,1.0,100.0
derandomized_seeqst,5,7,random_stabilizer,10,100,100.0,20000,0.0705124752904314,1.0000515308521667,0.1595744680851064,1.0,200.0
derandomized_seeqst,5,7,random_stabilizer,10,100,100.0,30000,0.0592575769306096,0.9998325106346521,0.14965986394557823,1.0,300.0
derandomized_seeqst,5,7,random_stabilizer,10,100,100.0,40000,0.05231920178379144,0.9997688032728591,0.13736263736263737,1.0,400.0
derandomized_seeqst,5,7,random_stabilizer,10,100,100.0,50000,0.04742789463895214,0.9997558153080185,0.12840466926070038,1.0,500.0
random_seeqst,5,7,random_stabilizer,10,100,,10,3.878959614448864e-19,0.0,1.734723475976807e-18,1.0,10.0
random_seeqst,5,7,random_stabilizer,10,100,,30,3.878959614448864e-19,0.0,1.734723475976807e-18,1.0,30.0
random_seeqst,5,7,random_stabilizer,10,100,,100,4.57946721791957,1249.8178585858573,40.96,1.0,100.0
random_seeqst,5,7,random_stabilizer,10,100,,300,2.730666666666667,1675.851230323296,13.653333333333334,1.0,300.0
random_seeqst,5,7,random_stabilizer,10,100,,1000,1.4625645421655755,1803.2148397998085,6.144,1.0,1000.0
random_seeqst,5,7,random_stabilizer,10,100,,3000,0.7224664913413709,1761.6729464843281,2.048,1.0,3000.0
random_seeqst,5,7,random_stabilizer,10,100,,10000,0.48247680980540397,2076.155311659145,1.4336,1.0,10000.0
random_seeqst,5,7,random_stabilizer,10,100,,20000,0.3496626396971801,2097.1345927682387,0.9216,1.0,20000.0
random_seeqst,5,7,random_stabilizer,10,100,,30000,0.2861505456146389,2081.7603952120135,0.7509333333333333,1.0,30000.0
random_seeqst,5,7,random_stabilizer,10,100,,40000,0.24388618985092203,2098.1935503653467,0.6144,1.0,40000.0
random_seeqst,5,7,random_stabilizer,10,100,,50000,0.2136604894125257,2091.2761491190677,0.57344,1.0,50000.0
derandomized_seeqst,5,8,random_stabilizer,10,100,97.0,10,1.0,,1.0,0.11,0.11
derandomized_seeqst,5,8,random_stabilizer,10,100,97.0,30,0.9660917830792959,1.3333333333333333,1.0,0.3,0.33
derandomized_seeqst,5,8,random_stabilizer,10,100,97.0,100,0.855718661910201,1.1580246913580245,1.0,0.69,1.09
derandomized_seeqst,5,8,random_stabilizer,10,100,97.0,300,0.5885312630770327,1.086157253599114,1.0,0.96,3.18
derandomized_seeqst,5,8,random_stabilizer,10,100,97.0,1000,0.32408158766215006,0.9904975225668724,1.0,1.0,10.56
derandomized_seeqst,5,8,random_stabilizer,10,100,97.0,3000,0.16744718159417976,0.9947311101539248,0.4482758620689655,1.0,31.51
derandomized_seeqst,5,8,random_stabilizer,10,100,97.0,10000,0.0961741349521338,0.9904053266744373,0.2727272727272727,1.0,105.54
derandomized_seeqst,5,8,random_stabilizer,10,100,97.0,20000,0.06718093072885964,0.9903037303411424,0.16037735849056603,1.0,211.76
derandomized_seeqst,5,8,random_stabilizer,10,100,97.0,30000,0.0576747693390656,0.9898841210120953,0.13725490196078433,1.0,317.96
derandomized_seeqst,5,8,random_stabilizer,10,100,97.0,40000,0.04995288402142015,0.9899106596386009,0.14,1.0,424.09
derandomized_seeqst,5,8,random_stabilizer,10,100,97.0,50000,0.04489539329911296,0.9899075195096738,0.1017274472168906,1.0,529.77
random_seeqst,5,8,random_stabilizer,10,100,,10,0.09999999999999973,0.0,0.9999999999999972,1.0,10.0
random_seeqst,5,8,random_stabilizer,10,100,,30,6.82739904925571,1398.101333333333,68.26666666666667,1.0,30.0
random_seeqst,5,8,random_stabilizer,10,100,,100,4.580558917861444,2097.151999999999,20.48,1.0,100.0
random_seeqst,5,8,random_stabilizer,10,100,,300,2.7324971078565565,2236.9621333333216,6.826666666666667,1.0,300.0
random_seeqst,5,8,random_stabilizer,10,100,,1000,1.4949739797066703,2306.8672000000106,4.096,1.0,1000.0
random_seeqst,5,8,random_stabilizer,10,100,,3000,0.8750029028523277,2236.9248381993457,2.048,1.0,3000.0
random_seeqst,5,8,random_stabilizer,10,100,,10000,0.4583821287964879,2059.372223046296,1.4336,1.0,10000.0
random_seeqst,5,8,random_stabilizer,10,100,,20000,0.34252263224493656,2042.5880876509605,0.9216,1.0,20000.0
random_seeqst,5,8,random_stabilizer,10,100,,30000,0.25372272109529337,2066.3796027679996,0.7509333333333333,1.0,30000.0
random_seeqst,5,8,random_stabilizer,10,100,,40000,0.22620361800820077,2056.242173977653,0.8192,1.0,40000.0
random_seeqst,5,8,random_stabilizer,10,100,,50000,0.20253012354709118,2027.5082325144397,0.53248,1.0,50000.0
derandomized_seeqst,5,9,random_stabilizer,10,100,96.0,10,1.0,,1.0,0.12,0.12
derandomized_seeqst,5,9,random_stabilizer,10,100,96.0,30,0.9672041516493516,1.3333333333333333,1.0,0.31,0.34
derandomized_seeqst,5,9,random_stabilizer,10,100,96.0,100,0.8473360579260913,1.32183908045977,1.0,0.72,1.08
derandomized_seeqst,5,9,random_stabilizer,10,100,96.0,300,0.609517145658835,1.0695926563396443,1.0,0.97,3.23
derandomized_seeqst,5,9,random_stabilizer,10,100,96.0,1000,0.31386151584681704,1.0086388858370956,0.7777777777777778,1.0,10.76
derandomized_seeqst,5,9,random_stabilizer,10,100,96.0,3000,0.16957478434022674,1.0042774544633644,0.46153846153846156,1.0,32.46
derandomized_seeqst,5,9,random_stabilizer,10,100,96.0,10000,0.09703293924860448,1.0002392650756666,0.24210526315789474,1.0,107.42
derandomized_seeqst,5,9,random_stabilizer,10,100,96.0,20000,0.061710781098967556,1.0010064070649374,0.12690355329949238,1.0,215.36
derandomized_seeqst,5,9,random_stabilizer,10,100,96.0,30000,0.0499712455707405,1.0007105247192423,0.14285714285714285,1.0,323.39
derandomized_seeqst,5,9,random_stabilizer,10,100,96.0,40000,0.04446446333237265,1.0004287875210982,0.11325301204819277,1.0,431.61
derandomized_seeqst,5,9,random_stabilizer,10,100,96.0,50000,0.04432681650246445,0.9999581439843864,0.10272536687631027,1.0,539.68
random_seeqst,5,9,random_stabilizer,10,100,,10,2.4532694666933985e-19,0.0,1.734723475976807e-18,1.0,10.0
random_seeqst,5,9,random_stabilizer,10,100,,30,6.826666666666667,1398.1013333333328,68.26666666666667,1.0,30.0
random_seeqst,5,9,random_stabilizer,10,100,,100,3.547240053901061,1258.2911999999992,20.48,1.0,100.0
random_seeqst,5,9,random_stabilizer,10,100,,300,2.2641491902159534,1537.9114666666583,6.826666666666667,1.0,300.0
random_seeqst,5,9,random_stabilizer,10,100,,1000,1.2624719878080461,1677.805570050063,4.096,1.0,1000.0
random_seeqst,5,9,random_stabilizer,10,100,,3000,0.804852129966189,1971.332203783441,2.048,1.0,3000.0
random_seeqst,5,9,random_stabilizer,10,100,,10000,0.447289951597395,1967.1252202211995,1.2288,1.0,10000.0
random_seeqst,5,9,random_stabilizer,10,100,,20000,0.313116361757095,2074.0889905938443,0.9216,1.0,20000.0
random_seeqst,5,9,random_stabilizer,10,100,,30000,0.2793099611542703,2055.1994525943633,0.7509333333333333,1.0,30000.0
random_seeqst,5,9,random_stabilizer,10,100,,40000,0.2370178457416234,2112.8772844731698,0.5632,1.0,40000.0
random_seeqst,5,9,random_stabilizer,10,100,,50000,0.20402027569827466,2089.602420576112,0.57344,1.0,50000.0
derandomized_seeqst,6,0,haar_random,10,100,98.0,10,0.9431155196944238,2.0,1.050577330490548,0.09,0.1
derandomized_seeqst,6,0,haar_random,10,100,98.0,30,0.9814147453953708,0.6666666666666667,1.0732689491526437,0.28,0.31
derandomized_seeqst,6,0,haar_random,10,100,98.0,100,0.8557394530540231,1.0620689655172415,1.0750327265335105,0.64,1.04
derandomized_seeqst,6,0,haar_random,10,100,98.0,300,0.6064236822377833,1.0702104097452934,1.0858557566683993,0.96,3.12
derandomized_seeqst,6,0,haar_random,10,100,98.0,1000,0.3245557775136566,1.0000010779815598,0.9910562418405229,1.0,10.39
derandomized_seeqst,6,0,haar_random,10,100,98.0,3000,0.16875376663866393,1.0059990925647473,0.46330409638797265,1.0,31.17
derandomized_seeqst,6,0,haar_random,10,100,98.0,10000,0.10465034238570971,0.9986445801831288,0.33595326317819235,1.0,104.23
derandomized_seeqst,6,0,haar_random,10,100,98.0,20000,0.08065275021475657,0.9976375927746698,0.18469275897651163,1.0,208.27
derandomized_seeqst,6,0,haar_random,10,100,98.0,30000,0.065996615187445,0.9980460701994815,0.1444353898930099,1.0,312.5
derandomized_seeqst,6,0,haar_random,10,100,98.0,40000,0.057004366381279294,0.9983004730580878,0.12919913720502968,1.0,416.28
derandomized_seeqst,6,0,haar_random,10,100,98.0,50000,0.05070930089056134,0.9986033250355839,0.12978102309720618,1.0,519.88
random_seeqst,6,0,haar_random,10,100,,10,0.033175074829391346,0.0,0.0902945688091896,1.0,10.0
random_seeqst,6,0,haar_random,10,100,,30,11.820179134247805,4194.303999999999,68.29288030805435,1.0,30.0
random_seeqst,6,0,haar_random,10,100,,100,4.574127958671779,2097.151999999998,20.506213641387678,1.0,100.0
random_seeqst,6,0,haar_random,10,100,,300,2.460212306172033,1817.5317333333214,6.901699393200177,1.0,300.0
random_seeqst,6,0,haar_random,10,100,,1000,1.224206381693164,1593.9194900500722,4.010144243331601,1.0,1000.0
random_seeqst,6,0,haar_random,10,100,,3000,0.7989168421861054,2041.2745655840436,3.3783954227572544,1.0,3000.0
random_seeqst,6,0,haar_random,10,100,,10000,0.4259665804088499,2172.684707677161,1.422820846614476,1.0,10000.0
random_seeqst,6,0,haar_random,10,100,,20000,0.2925486720358981,2042.6390509928353,0.7743180710690575,1.0,20000.0
random_seeqst,6,0,haar_random,10,100,,30000,0.25895450657627395,2066.3931181981297,0.7621765647094353,1.0,30000.0
random_seeqst,6,0,haar_random,10,100,,40000,0.20792793929818837,2060.4593899360634,0.523243231376102,1.0,40000.0
random_seeqst,6,0,haar_random,10,100,,50000,0.19277592766127372,2076.183667735424,0.5235362418405228,1.0,50000.0
derandomized_seeqst,6,1,haar_random,10,100,100.0,10,0.9908208340035272,,1.0653160448406958,0.1,0.1
derandomized_seeqst,6,1,haar_random,10,100,100.0,30,0.9265837940635178,1.0,1.0653160448406958,0.24,0.3
derandomized_seeqst,6,1,haar_random,10,100,100.0,100,0.8591800504648844,1.1923076923076923,1.069213412903485,0.66,1.0
derandomized_seeqst,6,1,haar_random,10,100,100.0,300,0.6093601001503857,1.0621848739495798,1.084839841283823,0.96,3.0
derandomized_seeqst,6,1,haar_random,10,100,100.0,1000,0.3657531148822659,0.9700476778123837,1.0225817918455278,1.0,10.0
derandomized_seeqst,6,1,haar_random,10,100,100.0,3000,0.18415425442748648,0.9990920832993683,0.5057471325353844,1.0,30.0
derandomized_seeqst,6,1,haar_random,10,100,100.0,10000,0.09958798063029149,0.9990407160207617,0.3026979092388764,1.0,100.0
derandomized_seeqst,6,1,haar_random,10,100,100.0,20000,0.07067792175483417,0.9990317157123496,0.19500407028197383,1.0,200.0
derandomized_seeqst,6,1,haar_random,10,100,100.0,30000,0.0542210387856649,0.999587238303599,0.12634744870871067,1.0,300.0
derandomized_seeqst,6,1,haar_random,10,100,100.0,40000,0.04561289910502779,0.9995903990419719,0.11792852629766121,1.0,400.0
derandomized_seeqst,6,1,haar_random,10,100,100.0,50000,0.04034906777310447,0.9994681775011734,0.10039218022440614,1.0,500.0
random_seeqst,6,1,haar_random,10,100,,10,0.0327718585045759,0.0,0.08483984128382302,1.0,10.0
random_seeqst,6,1,haar_random,10,100,,30,0.0327718585045759,0.0,0.08483984128382302,1.0,30.0
random_seeqst,6,1,haar_random,10,100,,100,0.0327718585045759,0.0,0.08483984128382302,1.0,100.0
random_seeqst,6,1,haar_random,10,100,,300,2.0532065066417804,1258.2911999999958,6.895880079570152,1.0,300.0
random_seeqst,6,1,haar_random,10,100,,1000,1.4647411837979587,2055.124989949965,4.141739478097943,1.0,1000.0
random_seeqst,6,1,haar_random,10,100,,3000,0.7946263566351162,1873.4557866666248,2.7764061447646093,1.0,3000.0
random_seeqst,6,1,haar_random,10,100,,10000,0.4400662000156004,1988.1042907234355,1.247466423011686,1.0,10000.0
random_seeqst,6,1,haar_random,10,100,,20000,0.2936082819095583,2082.4885043294285,0.7354664230116862,1.0,20000.0
random_seeqst,6,1,haar_random,10,100,,30000,0.2393830800525865,2048.230570615827,0.5341523699380852,1.0,30000.0
random_seeqst,6,1,haar_random,10,100,,40000,0.22107275152033917,2079.3305596994196,0.5532123259195946,1.0,40000.0
random_seeqst,6,1,haar_random,10,100,,50000,0.20888812482422078,2087.0840933107565,0.5702694911988371,1.0,50000.0
derandomized_seeqst,6,2,haar_random,10,100,99.0,10,0.9883044096601067,,1.0597160211789742,0.1,0.1
derandomized_seeqst,6,2,haar_random,10,100,99.0,30,0.876034917224766,1.6666666666666667,1.0661101789676044,0.24,0.3
derandomized_seeqst,6,2,haar_random,10,100,99.0,100,0.7922244833580352,1.4444444444444444,1.0597160211789742,0.63,1.01
derandomized_seeqst,6,2,haar_random,10,100,99.0,300,0.603479131036927,1.1270615563298492,1.0524825102795183,0.98,3.05
derandomized_seeqst,6,2,haar_random,10,100,99.0,1000,0.29639452635148117,1.0229211148328792,0.968218779062834,1.0,10.18
derandomized_seeqst,6,2,haar_random,10,100,99.0,3000,0.1552182565489342,1.0100707672087166,0.40982738164860877,1.0,30.69
derandomized_seeqst,6,2,haar_random,10,100,99.0,10000,0.08949271944169992,1.0008934607309175,0.23583109377311628,1.0,102.15
derandomized_seeqst,6,2,haar_random,10,100,99.0,20000,0.06944609185412295,0.9989997168755893,0.17859594718618046,1.0,204.18
derandomized_seeqst,6,2,haar_random,10,100,99.0,30000,0.05122784273615753,0.999391203827291,0.14121894858187964,1.0,306.46
derandomized_seeqst,6,2,haar_random,10,100,99.0,40000,0.04648104017283764,0.9993048553323044,0.13319391452755594,1.0,408.55
derandomized_seeqst,6,2,haar_random,10,100,99.0,50000,0.042824336688616,0.9992127483712271,0.10580926286412855,1.0,510.61
random_seeqst,6,2,haar_random,10,100,,10,0.028880265884310162,0.0,0.06611017896760443,1.0,10.0
random_seeqst,6,2,haar_random,10,100,,30,0.028880265884310162,0.0,0.06611017896760443,1.0,30.0
random_seeqst,6,2,haar_random,10,100,,100,2.049305564746384,419.4303999999998,20.491023505720086,1.0,100.0
random_seeqst,6,2,haar_random,10,100,,300,2.557213122694016,1957.3418666666591,13.664356839053418,1.0,300.0
random_seeqst,6,2,haar_random,10,100,,1000,1.3435635879284207,1635.6106198999105,4.11288084973269,1.0,1000.0
random_seeqst,6,2,haar_random,10,100,,3000,0.7788717890112812,1845.5030837834327,2.102475179728053,1.0,3000.0
random_seeqst,6,2,haar_random,10,100,,10000,0.40670467647504627,1916.8237742301967,1.436180424694412,1.0,10000.0
random_seeqst,6,2,haar_random,10,100,,20000,0.29263731684071626,2036.3513700551503,1.333780424694412,1.0,20000.0
random_seeqst,6,2,haar_random,10,100,,30000,0.23484070251960842,2002.0937858749644,0.8900470913610788,1.0,30000.0
random_seeqst,6,2,haar_random,10,100,,40000,0.2089601215218169,2026.9043812049706,0.699819788735235,1.0,40000.0
random_seeqst,6,2,haar_random,10,100,,50000,0.18020152421198393,1998.1729352908492,0.638379788735235,1.0,50000.0
derandomized_seeqst,6,3,haar_random,10,100,99.0,10,1.009707650830237,,1.0419341356193896,0.1,0.1
derandomized_seeqst,6,3,haar_random,10,100,99.0,30,0.9777613251756028,2.0,1.0419341356193896,0.29,0.3
derandomized_seeqst,6,3,haar_random,10,100,99.0,100,0.8925995961630242,0.8839506172839506,1.060746472758115,0.64,1.0
derandomized_seeqst,6,3,haar_random,10,100,99.0,300,0.6302974696637482,1.0372920252438325,1.0442408177302298,0.96,3.04
derandomized_seeqst,6,3,haar_random,10,100,99.0,1000,0.36215463195531694,0.9853673081304659,0.9879442136608697,1.0,10.26
derandomized_seeqst,6,3,haar_random,10,100,99.0,3000,0.21001580849548981,0.9886243822721201,0.521406594079276,1.0,30.63
derandomized_seeqst,6,3,haar_random,10,100,99.0,10000,0.1029787302168112,0.9974805672038023,0.3343870200816124,1.0,102.09
derandomized_seeqst,6,3,haar_random,10,100,99.0,20000,0.06920128874063734,0.9992403973742314,0.17265716226170721,1.0,203.84
derandomized_seeqst,6,3,haar_random,10,100,99.0,30000,0.058213714992349154,0.9988639263375321,0.14325104956579554,1.0,305.81
derandomized_seeqst,6,3,haar_random,10,100,99.0,40000,0.05143541209323651,0.9988298842795479,0.13424452443023815,1.0,407.67
derandomized_seeqst,6,3,haar_random,10,100,99.0,50000,0.04560262123726231,0.998965134390304,0.1059513988341001,1.0,509.67
random_seeqst,6,3,haar_random,10,100,,10,28.967188479672114,8388.608000000002,204.83607833407277,1.0,10.0
random_seeqst,6,3,haar_random,10,100,,30,9.658489871799402,2796.202666666663,68.30274500073943,1.0,30.0
random_seeqst,6,3,haar_random,10,100,,100,5.019054147821605,2516.5823999999984,20.516078334072766,1.0,100.0
random_seeqst,6,3,haar_random,10,100,,300,3.271343802427337,2935.077615161636,13.689411667406102,1.0,300.0
random_seeqst,6,3,haar_random,10,100,,1000,1.547680393164355,2306.783229949966,4.132078334072767,1.0,1000.0
random_seeqst,6,3,haar_random,10,100,,3000,0.8437980241092851,2404.818207384626,2.732250912728898,1.0,3000.0
random_seeqst,6,3,haar_random,10,100,,10000,0.4493355564677895,2168.466074281043,1.1869403093988522,1.0,10000.0
random_seeqst,6,3,haar_random,10,100,,20000,0.3079468658272273,2193.634204718535,0.7893665840408831,1.0,20000.0
random_seeqst,6,3,haar_random,10,100,,30000,0.25008434615124486,2192.2318388140147,0.6548517776370144,1.0,30000.0
random_seeqst,6,3,haar_random,10,100,,40000,0.21291000373917993,2146.4423073554462,0.562590352848555,1.0,40000.0
random_seeqst,6,3,haar_random,10,100,,50000,0.19689894728473606,2147.4861981888243,0.490910352848555,1.0,50000.0
derandomized_seeqst,6,4,haar_random,10,100,98.0,10,1.0043437045288928,0.0,1.057942898376195,0.1,0.11
derandomized_seeqst,6,4,haar_random,10,100,98.0,30,0.976626349568196,0.4444444444444445,1.057942898376195,0.27,0.31
derandomized_seeqst,6,4,haar_random,10,100,98.0,100,0.8511546194041993,1.2373333333333334,1.057942898376195,0.65,1.04
derandomized_seeqst,6,4,haar_random,10,100,98.0,300,0.6088063642750491,1.0217054263565892,1.057942898376195,0.94,3.12
derandomized_seeqst,6,4,haar_random,10,100,98.0,1000,0.3266442115201012,1.0029889652830828,1.026288318232121,1.0,10.28
derandomized_seeqst,6,4,haar_random,10,100,98.0,3000,0.17237893094625412,1.0019851872772971,0.4665623601386157,1.0,31.16
derandomized_seeqst,6,4,haar_random,10,100,98.0,10000,0.09552517242508296,0.9994036056179685,0.24202632300550347,1.0,104.04
derandomized_seeqst,6,4,haar_random,10,100,98.0,20000,0.06170489951483357,0.9999927631993143,0.15726422472372734,1.0,208.03
derandomized_seeqst,6,4,haar_random,10,100,98.0,30000,0.05504769824828358,0.9994293445015603,0.1385626077780832,1.0,312.05
derandomized_seeqst,6,4,haar_random,10,100,98.0,40000,0.04541025051197699,0.9993654134460812,0.1299647728859704,1.0,416.2
derandomized_seeqst,6,4,haar_random,10,100,98.0,50000,0.04090389525394273,0.9990748104391299,0.1157748307076509,1.0,520.15
random_seeqst,6,4,haar_random,10,100,,10,0.03446436184932008,0.0,0.0937694591381544,1.0,10.0
random_seeqst,6,4,haar_random,10,100,,30,0.03446436184932008,0.0,0.0937694591381544,1.0,30.0
random_seeqst,6,4,haar_random,10,100,,100,3.5490302267527363,1258.291199999999,20.53398202094329,1.0,100.0
random_seeqst,6,4,haar_random,10,100,,300,2.467107000912773,1817.5317333333246,6.880648687609957,1.0,300.0
random_seeqst,6,4,haar_random,10,100,,1000,1.5381657041104593,2096.900089849863,4.1463063234776865,1.0,1000.0
random_seeqst,6,4,haar_random,10,100,,3000,0.8942170398761984,2153.0014630654273,2.7003938496667264,1.0,3000.0
random_seeqst,6,4,haar_random,10,100,,10000,0.4386369364124561,2088.780170893874,1.4033271830000598,1.0,10000.0
random_seeqst,6,4,haar_random,10,100,,20000,0.3258393599939449,2116.024899920425,1.0156538377365811,1.0,20000.0
random_seeqst,6,4,haar_random,10,100,,30000,0.26628071269304765,2087.3621215318276,0.8108538377365812,1.0,30000.0
random_seeqst,6,4,haar_random,10,100,,40000,0.22605150824351614,2051.013869548804,0.6102884742947569,1.0,40000.0
random_seeqst,6,4,haar_random,10,100,,50000,0.19986891968319406,2020.8149960986068,0.5484100368527329,1.0,50000.0
derandomized_seeqst,6,5,haar_random,10,100,97.0,10,0.9394805277177605,2.0,1.0361758887023897,0.09,0.1
derandomized_seeqst,6,5,haar_random,10,100,97.0,30,0.940807789776704,1.2,1.0640965966286908,0.25,0.3
derandomized_seeqst,6,5,haar_random,10,100,97.0,100,0.8735799841469931,1.2533333333333334,1.0970480293458154,0.69,1.03
derandomized_seeqst,6,5,haar_random,10,100,97.0,300,0.6712819226990433,0.9840265220012056,1.0970480293458154,0.95,3.23
derandomized_seeqst,6,5,haar_random,10,100,97.0,1000,0.33714288174500584,0.9936217696584413,1.022660017775167,1.0,10.87
derandomized_seeqst,6,5,haar_random,10,100,97.0,3000,0.16907234908487795,1.0043690959951979,0.42987041755459926,1.0,32.63
derandomized_seeqst,6,5,haar_random,10,100,97.0,10000,0.08861137522349961,1.0005886728767472,0.24243779600972235,1.0,108.2
derandomized_seeqst,6,5,haar_random,10,100,97.0,20000,0.061060130787614846,0.9997318354980967,0.15714785874941195,1.0,216.17
derandomized_seeqst,6,5,haar_random,10,100,97.0,30000,0.054346927178731894,0.9988860597463975,0.1489532391256811,1.0,324.58
derandomized_seeqst,6,5,haar_random,10,100,97.0,40000,0.04729078764972845,0.9990329861865713,0.1437859147721458,1.0,432.38
derandomized_seeqst,6,5,haar_random,10,100,97.0,50000,0.04363109110914632,0.9988458409673138,0.12340790483604437,1.0,540.07
random_seeqst,6,5,haar_random,10,100,,10,0.0316287363674734,0.0,0.09704802934581534,1.0,10.0
random_seeqst,6,5,haar_random,10,100,,30,0.0316287363674734,0.0,0.09704802934581534,1.0,30.0
random_seeqst,6,5,haar_random,10,100,,100,4.574765689392037,2944.4861414141405,20.486506470229745,1.0,100.0
random_seeqst,6,5,haar_random,10,100,,300,2.6438094533868455,2097.1519999999946,13.679258918833625,1.0,300.0
random_seeqst,6,5,haar_random,10,100,,1000,1.34212380430931,1551.6405698498538,4.121925585500291,1.0,1000.0
random_seeqst,6,5,haar_random,10,100,,3000,0.8396697444430643,2041.1999753161792,3.4298872162557013,1.0,3000.0
random_seeqst,6,5,haar_random,10,100,,10000,0.4679574070902281,2109.7231667742262,1.4595255855002909,1.0,10000.0
random_seeqst,6,5,haar_random,10,100,,20000,0.3118285616319647,2090.8653676911417,1.3367092473740207,1.0,20000.0
random_seeqst,6,5,haar_random,10,100,,30000,0.2657153418649369,2039.8262101490532,0.8357538829223679,1.0,30000.0
random_seeqst,6,5,haar_random,10,100,,40000,0.23285627275737547,2004.872068989044,0.6821538829223678,1.0,40000.0
random_seeqst,6,5,haar_random,10,100,,50000,0.21032198060911841,2016.6175379188112,0.5899938829223678,1.0,50000.0
derandomized_seeqst,6,6,haar_random,10,100,98.0,10,1.0014517607693552,,1.0420076438521746,0.1,0.1
derandomized_seeqst,6,6,haar_random,10,100,98.0,30,0.9566642146790517,0.8,1.054898996190935,0.26,0.31
derandomized_seeqst,6,6,haar_random,10,100,98.0,100,0.8709020339085363,0.9642857142857143,1.0570515495583768,0.64,1.01
derandomized_seeqst,6,6,haar_random,10,100,98.0,300,0.6137635624415851,1.0548523206751055,1.0441188133947774,0.91,3.07
derandomized_seeqst,6,6,haar_random,10,100,98.0,1000,0.3349116796452501,0.9945981703195325,0.9726193229407634,1.0,10.4
derandomized_seeqst,6,6,haar_random,10,100,98.0,3000,0.18809489257272285,0.9968296800639077,0.688488887823561,1.0,31.24
derandomized_seeqst,6,6,haar_random,10,100,98.0,10000,0.11628903010076817,0.9946739936359286,0.30996878516824006,1.0,104.12
derandomized_seeqst,6,6,haar_random,10,100,98.0,20000,0.07208803952392204,0.9981622428907957,0.1689857606389255,1.0,207.89
derandomized_seeqst,6,6,haar_random,10,100,98.0,30000,0.06112089609257828,0.9984206726759588,0.14015555857219728,1.0,311.62
derandomized_seeqst,6,6,haar_random,10,100,98.0,40000,0.0511371640017864,0.9985389923493027,0.12204924468998815,1.0,415.35
derandomized_seeqst,6,6,haar_random,10,100,98.0,50000,0.0434528404447349,0.999034700193583,0.11925760955140405,1.0,519.52
random_seeqst,6,6,haar_random,10,100,,10,0.03426114210341665,0.0,0.08053022081176116,1.0,10.0
random_seeqst,6,6,haar_random,10,100,,30,6.824246807117265,1398.1013333333328,68.24161262429423,1.0,30.0
random_seeqst,6,6,haar_random,10,100,,100,4.09309795790236,1677.7215999999992,20.507070355230148,1.0,100.0
random_seeqst,6,6,haar_random,10,100,,300,2.892098758271099,2516.5823999999884,6.864393393363096,1.0,300.0
random_seeqst,6,6,haar_random,10,100,,1000,1.3532617265198372,1845.493760000015,4.1300607055626966,1.0,1000.0
random_seeqst,6,6,haar_random,10,100,,3000,0.8699480162887414,2306.8671999999656,2.6881525244726525,1.0,3000.0
random_seeqst,6,6,haar_random,10,100,,10000,0.43156799965064413,2143.311995506724,1.1862858578059858,1.0,10000.0
random_seeqst,6,6,haar_random,10,100,,20000,0.29831944548019185,2118.1352646388123,0.8665633594864587,1.0,20000.0
random_seeqst,6,6,haar_random,10,100,,30000,0.24144040629772567,2106.9470982212697,0.6403170986286659,1.0,30000.0
random_seeqst,6,6,haar_random,10,100,,40000,0.23645978934028883,2124.410467010765,0.5739671989466006,1.0,40000.0
random_seeqst,6,6,haar_random,10,100,,50000,0.20693818515002993,2126.509879808685,0.5184033594864587,1.0,50000.0
derandomized_seeqst,6,7,haar_random,10,100,97.0,10,1.0066345070883564,,1.0791217875091965,0.1,0.1
derandomized_seeqst,6,7,haar_random,10,100,97.0,30,0.9443722396935316,1.0666666666666669,1.0991841010641756,0.25,0.31
derandomized_seeqst,6,7,haar_random,10,100,97.0,100,0.8205441202527567,1.0688172043010753,1.0991841010641756,0.6,1.07
derandomized_seeqst,6,7,haar_random,10,100,97.0,300,0.61765917951946,1.0942627653471029,1.0991841010641756,0.96,3.17
derandomized_seeqst,6,7,haar_random,10,100,97.0,1000,0.31568387894816746,1.0107537065044805,0.9715295881561147,1.0,10.67
derandomized_seeqst,6,7,haar_random,10,100,97.0,3000,0.20839131737929162,0.9890246776624568,0.6430080587874746,1.0,31.86
derandomized_seeqst,6,7,haar_random,10,100,97.0,10000,0.09174999593114383,1.0006421429853982,0.3351112024204852,1.0,106.22
derandomized_seeqst,6,7,haar_random,10,100,97.0,20000,0.06988580302734204,0.999115176918005,0.21782465552389202,1.0,212.25
derandomized_seeqst,6,7,haar_random,10,100,97.0,30000,0.056364557580104696,0.9990357786049711,0.15185554945233767,1.0,318.13
derandomized_seeqst,6,7,haar_random,10,100,97.0,40000,0.0485932744124029,0.9990370830328408,0.12494973972443367,1.0,424.39
derandomized_seeqst,6,7,haar_random,10,100,97.0,50000,0.039927899449188245,0.9993033220433439,0.10565404795994641,1.0,530.08
random_seeqst,6,7,haar_random,10,100,,10,0.033796063192112015,0.0,0.09918410106417566,1.0,10.0
random_seeqst,6,7,haar_random,10,100,,30,6.826575737187443,1398.1013333333324,68.26492082479011,1.0,30.0
random_seeqst,6,7,haar_random,10,100,,100,5.0171654570405115,2516.582399999999,20.48872038779225,1.0,100.0
random_seeqst,6,7,haar_random,10,100,,300,2.556322056254551,2237.897318171672,6.905788454175863,1.0,300.0
random_seeqst,6,7,haar_random,10,100,,1000,1.4734943757366754,2348.9781801001213,4.112015048560892,1.0,1000.0
random_seeqst,6,7,haar_random,10,100,,3000,0.8861897316889908,2334.8105790996515,2.7227101895288155,1.0,3000.0
random_seeqst,6,7,haar_random,10,100,,10000,0.4030339902293785,2122.364804902845,1.0569229798577469,1.0,10000.0
random_seeqst,6,7,haar_random,10,100,,20000,0.32321002321147324,2078.276583371758,1.021696234429565,1.0,20000.0
random_seeqst,6,7,haar_random,10,100,,30000,0.25437430806688277,2018.8588845928252,0.571384425597665,1.0,30000.0
random_seeqst,6,7,haar_random,10,100,,40000,0.22050660545986944,1997.5368081291997,0.6486980380219135,1.0,40000.0
random_seeqst,6,7,haar_random,10,100,,50000,0.19243809136135473,2021.6572795191958,0.4598270034665281,1.0,50000.0
derandomized_seeqst,6,8,haar_random,10,100,99.0,10,0.9857395685377212,,1.0255475853072709,0.1,0.1
derandomized_seeqst,6,8,haar_random,10,100,99.0,30,0.990321815346797,1.0,1.069828154645842,0.28,0.3
derandomized_seeqst,6,8,haar_random,10,100,99.0,100,0.9109854476493363,0.6177777777777779,1.0598735866282554,0.6,1.0
derandomized_seeqst,6,8,haar_random,10,100,99.0,300,0.6546040455307234,0.9806509945750451,1.0443586393903384,0.94,3.05
derandomized_seeqst,6,8,haar_random,10,100,99.0,1000,0.3235390359977233,1.0025324395321702,1.0167823680482415,1.0,10.23
derandomized_seeqst,6,8,haar_random,10,100,99.0,3000,0.18172344412906402,1.001419698810027,0.564007810435088,1.0,30.65
derandomized_seeqst,6,8,haar_random,10,100,99.0,10000,0.09488246801784718,1.0002888696362566,0.28658391731034055,1.0,102.1
derandomized_seeqst,6,8,haar_random,10,100,99.0,20000,0.07019661635767976,0.9997336371112223,0.2086627978339789,1.0,204.14
derandomized_seeqst,6,8,haar_random,10,100,99.0,30000,0.0541228635736924,0.9997960983060902,0.19522817168443873,1.0,306.0
derandomized_seeqst,6,8,haar_random,10,100,99.0,40000,0.04675742947492937,0.9996028314192184,0.13191244903708949,1.0,407.99
derandomized_seeqst,6,8,haar_random,10,100,99.0,50000,0.042780614019612195,0.9993463971043002,0.11965887310003737,1.0,510.14
random_seeqst,6,8,haar_random,10,100,,10,0.031500840091964494,0.0,0.07275361483541815,1.0,10.0
random_seeqst,6,8,haar_random,10,100,,30,0.031500840091964494,0.0,0.07275361483541815,1.0,30.0
random_seeqst,6,8,haar_random,10,100,,100,4.5777649827351246,2097.151999999999,20.53392244727083,1.0,100.0
random_seeqst,6,8,haar_random,10,100,,300,2.1566046238524734,1678.6567848383413,6.8805891139374955,1.0,300.0
random_seeqst,6,8,haar_random,10,100,,1000,1.4619368322687234,1803.2148397998144,4.140358639390338,1.0,1000.0
random_seeqst,6,8,haar_random,10,100,,3000,0.7834113603995443,1859.474773333295,2.0500528737152566,1.0,3000.0
random_seeqst,6,8,haar_random,10,100,,10000,0.4494957242595277,1958.7315785530313,1.4039139580658966,1.0,10000.0
random_seeqst,6,8,haar_random,10,100,,20000,0.3078503832465028,1931.47804062868,0.7722033008012894,1.0,20000.0
random_seeqst,6,8,haar_random,10,100,,30000,0.2507380153050521,1960.1395606914264,0.7525736700334175,1.0,30000.0
random_seeqst,6,8,haar_random,10,100,,40000,0.20788264953104582,1994.397214452338,0.6186033008012894,1.0,40000.0
random_seeqst,6,8,haar_random,10,100,,50000,0.1882837267491292,1984.7488807436855,0.6698033008012894,1.0,50000.0
derandomized_seeqst,6,9,haar_random,10,100,95.0,10,1.0158423033497188,,1.0600104819929477,0.11,0.11
derandomized_seeqst,6,9,haar_random,10,100,95.0,30,0.9377136743033001,1.0,1.0600104819929477,0.27,0.38
derandomized_seeqst,6,9,haar_random,10,100,95.0,100,0.8317429183457034,1.058064516129032,1.0600104819929477,0.63,1.16
derandomized_seeqst,6,9,haar_random,10,100,95.0,300,0.6297250190330329,1.0312925170068028,1.0600104819929477,0.96,3.34
derandomized_seeqst,6,9,haar_random,10,100,95.0,1000,0.32528695728832946,0.9945621548615355,0.9840247682248197,1.0,11.11
derandomized_seeqst,6,9,haar_random,10,100,95.0,3000,0.18718827731654875,0.9933376550073447,0.4398850263208575,1.0,33.2
derandomized_seeqst,6,9,haar_random,10,100,95.0,10000,0.10012135232339511,0.9975344744132296,0.3585100287124366,1.0,109.97
derandomized_seeqst,6,9,haar_random,10,100,95.0,20000,0.06978633446350592,0.9982526205692753,0.17702391893641048,1.0,219.93
derandomized_seeqst,6,9,haar_random,10,100,95.0,30000,0.056623512752458624,0.998819091615524,0.14555080777848156,1.0,330.03
derandomized_seeqst,6,9,haar_random,10,100,95.0,40000,0.046706823331891814,0.9989792103054387,0.16377654339552153,1.0,440.4
derandomized_seeqst,6,9,haar_random,10,100,95.0,50000,0.0411176909663296,0.9990416836958422,0.12291266161092365,1.0,550.64
random_seeqst,6,9,haar_random,10,100,,10,20.478820570618073,4194.304000000001,204.78797513400224,1.0,10.0
random_seeqst,6,9,haar_random,10,100,,30,9.655549568145368,2796.2026666666648,68.29475800678074,1.0,30.0
random_seeqst,6,9,haar_random,10,100,,100,6.793630386934619,3766.400258585856,40.96714078246502,1.0,100.0
random_seeqst,6,9,haar_random,10,100,,300,3.0506760779248943,2515.647215161638,13.660474115798356,1.0,300.0
random_seeqst,6,9,haar_random,10,100,,1000,1.4317339039312063,2055.2089600000113,4.133440380023009,1.0,1000.0
random_seeqst,6,9,haar_random,10,100,,3000,0.8724530794328911,1873.3159299143838,3.4036126702253258,1.0,3000.0
random_seeqst,6,9,haar_random,10,100,,10000,0.44124418740002036,2080.3856902809803,1.2291896785031915,1.0,10000.0
random_seeqst,6,9,haar_random,10,100,,20000,0.30205071796483374,2017.4684033019546,0.9393086871911264,1.0,20000.0
random_seeqst,6,9,haar_random,10,100,,30000,0.2539743628948918,2067.79522755537,0.700375353857793,1.0,30000.0
random_seeqst,6,9,haar_random,10,100,,40000,0.22067112608229572,2039.480896731164,0.5177474891239197,1.0,40000.0
random_seeqst,6,9,haar_random,10,100,,50000,0.1894351323712261,2054.3726158332584,0.45507447507264015,1.0,50000.0
derandomized_seeqst,6,0,ghz,10,100,98.0,10,1.0,0.0,1.0,0.09,0.1
derandomized_seeqst,6,0,ghz,10,100,98.0,30,0.9350915117065819,0.888888888888889,1.0,0.23,0.3
derandomized_seeqst,6,0,ghz,10,100,98.0,100,0.913311823153735,0.8266666666666667,1.0,0.69,1.05
derandomized_seeqst,6,0,ghz,10,100,98.0,300,0.6865105069853348,0.9314693149987266,1.0,0.98,3.18
derandomized_seeqst,6,0,ghz,10,100,98.0,1000,0.3775222403844104,0.9615071962706232,1.0,1.0,10.45
derandomized_seeqst,6,0,ghz,10,100,98.0,3000,0.18101246717953373,1.0012356664040583,0.4782608695652174,1.0,31.25
derandomized_seeqst,6,0,ghz,10,100,98.0,10000,0.0853379824682865,1.002635332903761,0.20930232558139536,1.0,103.9
derandomized_seeqst,6,0,ghz,10,100,98.0,20000,0.06579698920495021,1.0005967952767447,0.17535545023696683,1.0,208.03
derandomized_seeqst,6,0,ghz,10,100,98.0,30000,0.053753183737953535,1.0003868178934214,0.1346153846153846,1.0,312.06
derandomized_seeqst,6,0,ghz,10,100,98.0,40000,0.04833661023301467,1.0001191196823893,0.13761467889908258,1.0,415.95
derandomized_seeqst,6,0,ghz,10,100,98.0,50000,0.04493675470166364,0.9999434329931103,0.12,1.0,519.78
random_seeqst,6,0,ghz,10,100,,10,0.0,0.0,0.0,1.0,10.0
random_seeqst,6,0,ghz,10,100,,30,9.654364585800328,2796.2026666666657,68.26666666666667,1.0,30.0
random_seeqst,6,0,ghz,10,100,,100,3.547240053901061,1258.291199999999,20.48,1.0,100.0
random_seeqst,6,0,ghz,10,100,,300,2.048,1819.4021030100255,6.826666666666667,1.0,300.0
random_seeqst,6,0,ghz,10,100,,1000,1.1941789480643175,1761.943560200216,4.096,1.0,1000.0
random_seeqst,6,0,ghz,10,100,,3000,0.8360924988699915,1985.2665981993441,2.7306666666666666,1.0,3000.0
random_seeqst,6,0,ghz,10,100,,10000,0.481171051498321,1895.7834607652692,1.2288,1.0,10000.0
random_seeqst,6,0,ghz,10,100,,20000,0.3626174711731358,1996.4570354215525,1.4336,1.0,20000.0
random_seeqst,6,0,ghz,10,100,,30000,0.3003733333333334,1993.6687328187897,1.3653333333333333,1.0,30000.0
random_seeqst,6,0,ghz,10,100,,40000,0.2596097502021062,2001.7142296335742,1.024,1.0,40000.0
random_seeqst,6,0,ghz,10,100,,50000,0.21866656260160128,2001.5140840167762,0.77824,1.0,50000.0
derandomized_seeqst,6,1,ghz,10,100,99.0,10,1.0,,1.0,0.1,0.1
derandomized_seeqst,6,1,ghz,10,100,99.0,30,0.9649012813540153,2.0,1.0,0.29,0.31
derandomized_seeqst,6,1,ghz,10,100,99.0,100,0.9044510744267741,0.8839506172839506,1.0,0.7,1.02
derandomized_seeqst,6,1,ghz,10,100,99.0,300,0.6709527752429362,0.9163511187607574,1.0,0.96,3.05
derandomized_seeqst,6,1,ghz,10,100,99.0,1000,0.3434184450379828,0.9902955499952404,1.0,1.0,10.2
derandomized_seeqst,6,1,ghz,10,100,99.0,3000,0.17648979849440488,1.0031601249574897,0.4482758620689655,1.0,30.61
derandomized_seeqst,6,1,ghz,10,100,99.0,10000,0.1000641584323007,0.999978342791796,0.25,1.0,102.12
derandomized_seeqst,6,1,ghz,10,100,99.0,20000,0.06805669676244866,1.0003438776878106,0.23497267759562843,1.0,204.17
derandomized_seeqst,6,1,ghz,10,100,99.0,30000,0.06350725082250372,0.9992751946330235,0.19858156028368795,1.0,306.08
derandomized_seeqst,6,1,ghz,10,100,99.0,40000,0.05661974376188798,0.9992731744640431,0.16756756756756758,1.0,407.93
derandomized_seeqst,6,1,ghz,10,100,99.0,50000,0.046463805828069416,0.9998253289072457,0.128099173553719,1.0,510.04
random_seeqst,6,1,ghz,10,100,,10,0.0,0.0,0.0,1.0,10.0
random_seeqst,6,1,ghz,10,100,,30,0.0,0.0,0.0,1.0,30.0
random_seeqst,6,1,ghz,10,100,,100,4.096,1677.7215999999992,20.48,1.0,100.0
random_seeqst,6,1,ghz,10,100,,300,2.554304776037678,1676.7864151616461,13.653333333333334,1.0,300.0
random_seeqst,6,1,ghz,10,100,,1000,1.612596812597619,2180.6182297497526,6.144,1.0,1000.0
random_seeqst,6,1,ghz,10,100,,3000,0.8795544730777686,2125.048760182258,2.7306666666666666,1.0,3000.0
random_seeqst,6,1,ghz,10,100,,10000,0.3675004609520919,2080.447772188407,1.024,1.0,10000.0
random_seeqst,6,1,ghz,10,100,,20000,0.2955442112442739,2065.710659152427,0.8192,1.0,20000.0
random_seeqst,6,1,ghz,10,100,,30000,0.24989703123931312,2027.2520598762035,0.8192,1.0,30000.0
random_seeqst,6,1,ghz,10,100,,40000,0.21252626002449673,2052.069366323118,0.5632,1.0,40000.0
random_seeqst,6,1,ghz,10,100,,50000,0.18050305668325953,2041.795441756033,0.45056,1.0,50000.0
derandomized_seeqst,6,2,ghz,10,100,96.0,10,1.0,0.0,1.0,0.09,0.1
derandomized_seeqst,6,2,ghz,10,100,96.0,30,0.9405399431259602,1.0,1.0,0.26,0.33
derandomized_seeqst,6,2,ghz,10,100,96.0,100,0.9089502055616008,0.7333333333333333,1.0,0.7,1.09
derandomized_seeqst,6,2,ghz,10,100,96.0,300,0.6270704596874663,1.0288653733098176,1.0,0.94,3.29
derandomized_seeqst,6,2,ghz,10,100,96.0,1000,0.3194641654441386,1.007102672186102,0.7777777777777778,1.0,10.88
derandomized_seeqst,6,2,ghz,10,100,96.0,3000,0.1904267852308945,0.9968194133748192,0.5454545454545454,1.0,32.43
derandomized_seeqst,6,2,ghz,10,100,96.0,10000,0.09504740733835579,1.000657801175273,0.2653061224489796,1.0,107.72
derandomized_seeqst,6,2,ghz,10,100,96.0,20000,0.062240046308028686,1.0009534345124291,0.22105263157894736,1.0,215.73
derandomized_seeqst,6,2,ghz,10,100,96.0,30000,0.05258342569202099,1.0004443855287453,0.1702127659574468,1.0,323.73
derandomized_seeqst,6,2,ghz,10,100,96.0,40000,0.04741658758680095,1.000156183768299,0.15485564304461943,1.0,431.64
derandomized_seeqst,6,2,ghz,10,100,96.0,50000,0.04419872693127585,0.9999687708762789,0.14465408805031446,1.0,539.39
random_seeqst,6,2,ghz,10,100,,10,0.0,0.0,0.0,1.0,10.0
random_seeqst,6,2,ghz,10,100,,30,6.826666666666667,1398.1013333333328,68.26666666666667,1.0,30.0
random_seeqst,6,2,ghz,10,100,,100,2.8963093757400986,838.8607999999996,20.48,1.0,100.0
random_seeqst,6,2,ghz,10,100,,300,2.4613896707167506,1817.5317333333255,6.826666666666667,1.0,300.0
random_seeqst,6,2,ghz,10,100,,1000,1.3272556950339298,1677.6376299499616,4.096,1.0,1000.0
random_seeqst,6,2,ghz,10,100,,3000,0.796119298709545,1901.4178133332848,2.048,1.0,3000.0
random_seeqst,6,2,ghz,10,100,,10000,0.4597748596867819,2063.5925343318672,1.2288,1.0,10000.0
random_seeqst,6,2,ghz,10,100,,20000,0.3207262159537321,2011.1664610176897,0.8192,1.0,20000.0
random_seeqst,6,2,ghz,10,100,,30000,0.2517550273138111,1996.4918731356606,0.5461333333333334,1.0,30000.0
random_seeqst,6,2,ghz,10,100,,40000,0.2222339524015176,2004.8780460218677,0.512,1.0,40000.0
random_seeqst,6,2,ghz,10,100,,50000,0.18694100921948614,2022.498891837715,0.49152,1.0,50000.0
derandomized_seeqst,6,3,ghz,10,100,96.0,10,1.0,,1.0,0.1,0.1
derandomized_seeqst,6,3,ghz,10,100,96.0,30,0.9198662110077999,1.6,1.0,0.26,0.31
derandomized_seeqst,6,3,ghz,10,100,96.0,100,0.8401238484938282,1.2111111111111112,1.0,0.66,1.04
derandomized_seeqst,6,3,ghz,10,100,96.0,300,0.6295985854527893,1.0202821869488536,1.0,0.95,3.2
derandomized_seeqst,6,3,ghz,10,100,96.0,1000,0.3061260532275899,1.0170891069714598,0.8,1.0,10.8
derandomized_seeqst,6,3,ghz,10,100,96.0,3000,0.18689116930645505,0.9982399020850853,0.4375,1.0,32.21
derandomized_seeqst,6,3,ghz,10,100,96.0,10000,0.0886234528408507,1.0018733318101436,0.2336448598130841,1.0,107.83
derandomized_seeqst,6,3,ghz,10,100,96.0,20000,0.06220537811517377,1.0009648190082703,0.18691588785046728,1.0,216.51
derandomized_seeqst,6,3,ghz,10,100,96.0,30000,0.05200288404555241,1.0005092055980007,0.14685314685314685,1.0,324.21
derandomized_seeqst,6,3,ghz,10,100,96.0,40000,0.05219752815505035,0.999682553845553,0.15012722646310434,1.0,432.42
derandomized_seeqst,6,3,ghz,10,100,96.0,50000,0.04749687029156945,0.999668173245199,0.14933837429111532,1.0,540.5
random_seeqst,6,3,ghz,10,100,,10,0.0,0.0,0.0,1.0,10.0
random_seeqst,6,3,ghz,10,100,,30,6.826666666666667,1398.1013333333324,68.26666666666667,1.0,30.0
random_seeqst,6,3,ghz,10,100,,100,5.418498685060282,2088.6786585858567,40.96,1.0,100.0
random_seeqst,6,3,ghz,10,100,,300,2.730666666666667,1956.4066818283109,13.653333333333334,1.0,300.0
random_seeqst,6,3,ghz,10,100,,1000,1.7377856254440591,2600.048629749756,4.096,1.0,1000.0
random_seeqst,6,3,ghz,10,100,,3000,0.8416479918720309,1901.343223065419,2.048,1.0,3000.0
random_seeqst,6,3,ghz,10,100,,10000,0.5049887951232185,2046.7700153182898,1.4336,1.0,10000.0
random_seeqst,6,3,ghz,10,100,,20000,0.3151192586942283,2011.1700263541975,0.7168,1.0,20000.0
random_seeqst,6,3,ghz,10,100,,30000,0.28386130447417063,2067.7802207673712,0.7509333333333333,1.0,30000.0
random_seeqst,6,3,ghz,10,100,,40000,0.24495869366078846,2026.8880754403958,0.6656,1.0,40000.0
random_seeqst,6,3,ghz,10,100,,50000,0.20618793695073434,2033.3967336700878,0.57344,1.0,50000.0
derandomized_seeqst,6,4,ghz,10,100,95.0,10,1.0,,1.0,0.1,0.1
derandomized_seeqst,6,4,ghz,10,100,95.0,30,0.9649012813540153,0.8,1.0,0.29,0.34
derandomized_seeqst,6,4,ghz,10,100,95.0,100,0.8310915119051946,1.1827956989247312,1.0,0.67,1.11
derandomized_seeqst,6,4,ghz,10,100,95.0,300,0.6099582481285847,1.0590170204628035,1.0,0.95,3.37
derandomized_seeqst,6,4,ghz,10,100,95.0,1000,0.34651471269861417,0.9814281681356388,1.0,1.0,11.18
derandomized_seeqst,6,4,ghz,10,100,95.0,3000,0.17040207287256662,1.0041940157181801,0.5555555555555556,1.0,33.26
derandomized_seeqst,6,4,ghz,10,100,95.0,10000,0.09920995395188165,0.9997829477905846,0.29896907216494845,1.0,110.3
derandomized_seeqst,6,4,ghz,10,100,95.0,20000,0.06803231578281523,1.0001479875445276,0.24352331606217617,1.0,220.12
derandomized_seeqst,6,4,ghz,10,100,95.0,30000,0.05973753306814581,0.999608261870233,0.1610738255033557,1.0,329.75
derandomized_seeqst,6,4,ghz,10,100,95.0,40000,0.05355449954508057,0.9995118855381051,0.13526570048309178,1.0,439.66
derandomized_seeqst,6,4,ghz,10,100,95.0,50000,0.04924334430938896,0.9994781920616862,0.12030075187969924,1.0,549.74
random_seeqst,6,4,ghz,10,100,,10,20.48,4194.304000000001,204.8,1.0,10.0
random_seeqst,6,4,ghz,10,100,,30,9.654364585800328,2796.202666666664,68.26666666666667,1.0,30.0
random_seeqst,6,4,ghz,10,100,,100,4.57946721791957,2097.1519999999987,20.48,1.0,100.0
random_seeqst,6,4,ghz,10,100,,300,2.4613896707167506,1817.5317333333232,6.826666666666667,1.0,300.0
random_seeqst,6,4,ghz,10,100,,1000,1.4336,2055.2089600000168,4.096,1.0,1000.0
random_seeqst,6,4,ghz,10,100,,3000,0.7843242866739921,2069.264563601154,2.048,1.0,3000.0
random_seeqst,6,4,ghz,10,100,,10000,0.426653013114873,1962.9485340597944,1.4336,1.0,10000.0
random_seeqst,6,4,ghz,10,100,,20000,0.30221014145789354,2074.0957018157533,0.8192,1.0,20000.0
random_seeqst,6,4,ghz,10,100,,30000,0.24961713901270657,2087.372561036395,0.6144,1.0,30000.0
random_seeqst,6,4,ghz,10,100,,40000,0.1874227734294848,2072.0028487756163,0.4608,1.0,40000.0
random_seeqst,6,4,ghz,10,100,,50000,0.1733435717181344,2064.4476697603022,0.45056,1.0,50000.0
derandomized_seeqst,6,5,ghz,10,100,99.0,10,1.0,,1.0,0.1,0.1
derandomized_seeqst,6,5,ghz,10,100,99.0,30,0.9354143466934853,1.0,1.0,0.24,0.3
derandomized_seeqst,6,5,ghz,10,100,99.0,100,0.87096408156281,1.1666666666666665,1.0,0.68,1.02
derandomized_seeqst,6,5,ghz,10,100,99.0,300,0.6427017926638083,1.0306368330464717,1.0,0.96,3.08
derandomized_seeqst,6,5,ghz,10,100,99.0,1000,0.2959604150271537,1.0290006555535967,0.6666666666666666,1.0,10.25
derandomized_seeqst,6,5,ghz,10,100,99.0,3000,0.1713440546160465,1.0049175497773604,0.44,1.0,30.61
derandomized_seeqst,6,5,ghz,10,100,99.0,10000,0.10356168647535277,0.9992662895324438,0.2631578947368421,1.0,101.95
derandomized_seeqst,6,5,ghz,10,100,99.0,20000,0.0700428399317852,1.0000681456535145,0.18385650224215247,1.0,203.89
derandomized_seeqst,6,5,ghz,10,100,99.0,30000,0.05568512026226014,1.000209571483509,0.1357142857142857,1.0,305.73
derandomized_seeqst,6,5,ghz,10,100,99.0,40000,0.05491824240175516,0.9994632927345151,0.1377091377091377,1.0,407.77
derandomized_seeqst,6,5,ghz,10,100,99.0,50000,0.04384355189226789,1.0000615531459736,0.11727078891257996,1.0,509.87
random_seeqst,6,5,ghz,10,100,,10,20.48,4194.304000000001,204.8,1.0,10.0
random_seeqst,6,5,ghz,10,100,,30,11.824133513003535,4194.303999999996,68.26666666666667,1.0,30.0
random_seeqst,6,5,ghz,10,100,,100,4.57946721791957,2097.151999999998,20.48,1.0,100.0
random_seeqst,6,5,ghz,10,100,,300,2.158781549341614,1678.6567848383397,6.826666666666667,1.0,300.0
random_seeqst,6,5,ghz,10,100,,1000,1.4768338024300498,1929.1279298498596,4.096,1.0,1000.0
random_seeqst,6,5,ghz,10,100,,3000,0.8106217531417885,2139.150982700852,2.7306666666666666,1.0,3000.0
random_seeqst,6,5,ghz,10,100,,10000,0.4719295947490473,2050.9970381614166,1.2288,1.0,10000.0
random_seeqst,6,5,ghz,10,100,,20000,0.3207262159537321,2040.5280570975162,0.7168,1.0,20000.0
random_seeqst,6,5,ghz,10,100,,30000,0.27997657298820955,2035.6250086192945,0.6826666666666666,1.0,30000.0
random_seeqst,6,5,ghz,10,100,,40000,0.21692129448258418,2033.1926389684377,0.512,1.0,40000.0
random_seeqst,6,5,ghz,10,100,,50000,0.1915947509928182,2046.8245799436115,0.49152,1.0,50000.0
derandomized_seeqst,6,6,ghz,10,100,96.0,10,1.0,0.0,1.0,0.1,0.12
derandomized_seeqst,6,6,ghz,10,100,96.0,30,0.9607689228305228,0.6666666666666666,1.0,0.26,0.32
derandomized_seeqst,6,6,ghz,10,100,96.0,100,0.8568121054974562,0.9666666666666666,1.0,0.63,1.07
derandomized_seeqst,6,6,ghz,10,100,96.0,300,0.6832131923014286,0.9007558578987149,1.0,0.97,3.21
derandomized_seeqst,6,6,ghz,10,100,96.0,1000,0.3295832294840148,0.9991728445846091,1.0,1.0,10.8
derandomized_seeqst,6,6,ghz,10,100,96.0,3000,0.17933255241219204,1.0009837646450095,0.5,1.0,32.36
derandomized_seeqst,6,6,ghz,10,100,96.0,10000,0.10154877731373901,0.999346610710675,0.2916666666666667,1.0,107.78
derandomized_seeqst,6,6,ghz,10,100,96.0,20000,0.07455972435014405,0.999254848276966,0.17703349282296652,1.0,216.14
derandomized_seeqst,6,6,ghz,10,100,96.0,30000,0.061860718112455554,0.9993850654388876,0.14184397163120568,1.0,324.51
derandomized_seeqst,6,6,ghz,10,100,96.0,40000,0.048240587768699786,1.0000817386968501,0.13527851458885942,1.0,432.58
derandomized_seeqst,6,6,ghz,10,100,96.0,50000,0.04656892686905728,0.9997569017580084,0.1440329218106996,1.0,540.44
random_seeqst,6,6,ghz,10,100,,10,0.0,0.0,0.0,1.0,10.0
random_seeqst,6,6,ghz,10,100,,30,9.654364585800328,2796.2026666666648,68.26666666666667,1.0,30.0
random_seeqst,6,6,ghz,10,100,,100,5.016554993219949,2516.5823999999984,20.48,1.0,100.0
random_seeqst,6,6,ghz,10,100,,300,2.554304776037678,1957.3418666666587,13.653333333333334,1.0,300.0
random_seeqst,6,6,ghz,10,100,,1000,1.2116131395788012,1887.8566502502636,4.096,1.0,1000.0
random_seeqst,6,6,ghz,10,100,,3000,0.8220395232455541,2083.1896342336067,2.048,1.0,3000.0
random_seeqst,6,6,ghz,10,100,,10000,0.4683610778021589,2076.1687347742527,1.2288,1.0,10000.0
random_seeqst,6,6,ghz,10,100,,20000,0.32333114171078536,1998.5812420350508,1.024,1.0,20000.0
random_seeqst,6,6,ghz,10,100,,30000,0.25833318984942255,1996.4885175806394,0.7509333333333333,1.0,30000.0
random_seeqst,6,6,ghz,10,100,,40000,0.19809835133084777,2049.9780864957875,0.512,1.0,40000.0
random_seeqst,6,6,ghz,10,100,,50000,0.1719832311825778,2037.604057049896,0.49152,1.0,50000.0
derandomized_seeqst,6,7,ghz,10,100,98.0,10,1.0,,1.0,0.1,0.1
derandomized_seeqst,6,7,ghz,10,100,98.0,30,0.9643864123178916,0.8333333333333334,1.0,0.27,0.32
derandomized_seeqst,6,7,ghz,10,100,98.0,100,0.8790919482054583,1.0123456790123457,1.0,0.67,1.04
derandomized_seeqst,6,7,ghz,10,100,98.0,300,0.6215846547754997,1.0398894278412352,1.0,0.95,3.12
derandomized_seeqst,6,7,ghz,10,100,98.0,1000,0.3097504073981263,1.0112025783253402,0.7142857142857143,1.0,10.46
derandomized_seeqst,6,7,ghz,10,100,98.0,3000,0.1719474667341073,0.9940408371388004,0.4117647058823529,1.0,31.1
derandomized_seeqst,6,7,ghz,10,100,98.0,10000,0.09173176011469635,0.991373874096539,0.2727272727272727,1.0,103.83
derandomized_seeqst,6,7,ghz,10,100,98.0,20000,0.06518452523550075,0.9906186746983542,0.18556701030927836,1.0,207.56
derandomized_seeqst,6,7,ghz,10,100,98.0,30000,0.0527822524754733,0.9904548643012292,0.14457831325301204,1.0,311.94
derandomized_seeqst,6,7,ghz,10,100,98.0,40000,0.04630482791771356,0.990284778324135,0.13947990543735225,1.0,416.0
derandomized_seeqst,6,7,ghz,10,100,98.0,50000,0.03916639726209816,0.9904100286655221,0.13178294573643412,1.0,520.35
random_seeqst,6,7,ghz,10,100,,10,0.09999999999999998,0.0,0.9999999999999998,1.0,10.0
random_seeqst,6,7,ghz,10,100,,30,9.654882472384402,2796.2026666666648,68.26666666666667,1.0,30.0
random_seeqst,6,7,ghz,10,100,,100,4.580558917861444,2097.1519999999987,20.48,1.0,100.0
random_seeqst,6,7,ghz,10,100,,300,2.7324971078565565,2517.5175848383415,13.653333333333334,1.0,300.0
random_seeqst,6,7,ghz,10,100,,1000,1.494316271744372,2474.891270150165,4.096,1.0,1000.0
random_seeqst,6,7,ghz,10,100,,3000,0.8958711415277435,2474.6580075669094,2.7306666666666666,1.0,3000.0
random_seeqst,6,7,ghz,10,100,,10000,0.4287360250783691,2336.262563677161,1.2288,1.0,10000.0
random_seeqst,6,7,ghz,10,100,,20000,0.29080945239108025,2239.7732265240534,0.7168,1.0,20000.0
random_seeqst,6,7,ghz,10,100,,30000,0.24458520714784768,2176.8392087170723,0.6826666666666666,1.0,30000.0
random_seeqst,6,7,ghz,10,100,,40000,0.21258605786833715,2145.380361677133,0.5632,1.0,40000.0
random_seeqst,6,7,ghz,10,100,,50000,0.1938891830298947,2095.4615610165856,0.6144,1.0,50000.0
derandomized_seeqst,6,8,ghz,10,100,98.0,10,1.0,,1.0,0.1,0.1
derandomized_seeqst,6,8,ghz,10,100,98.0,30,0.9819805060619657,0.6666666666666666,1.0,0.28,0.31
derandomized_seeqst,6,8,ghz,10,100,98.0,100,0.9140218254702113,0.7440000000000001,1.0,0.65,1.05
derandomized_seeqst,6,8,ghz,10,100,98.0,300,0.6702968786606015,0.9286302175191066,1.0,0.93,3.14
derandomized_seeqst,6,8,ghz,10,100,98.0,1000,0.3916890896019251,0.9654525665193968,1.0,1.0,10.52
derandomized_seeqst,6,8,ghz,10,100,98.0,3000,0.19680392669003258,0.9954399492959307,0.7,1.0,31.22
derandomized_seeqst,6,8,ghz,10,100,98.0,10000,0.09527452105042586,1.0008383242106003,0.27906976744186046,1.0,103.74
derandomized_seeqst,6,8,ghz,10,100,98.0,20000,0.06489624079053032,1.000717870873718,0.16494845360824742,1.0,208.0
derandomized_seeqst,6,8,ghz,10,100,98.0,30000,0.05308591806194877,1.0004615696397368,0.1610738255033557,1.0,311.91
derandomized_seeqst,6,8,ghz,10,100,98.0,40000,0.04667202784426891,1.0002777937730019,0.12755102040816327,1.0,415.85
derandomized_seeqst,6,8,ghz,10,100,98.0,50000,0.04969746964190795,0.9994921865578426,0.13114754098360656,1.0,519.96
random_seeqst,6,8,ghz,10,100,,10,0.0,0.0,0.0,1.0,10.0
random_seeqst,6,8,ghz,10,100,,30,0.0,0.0,0.0,1.0,30.0
random_seeqst,6,8,ghz,10,100,,100,2.8963093757400986,838.8607999999996,20.48,1.0,100.0
random_seeqst,6,8,ghz,10,100,,300,2.2641491902159534,1537.9114666666585,6.826666666666667,1.0,300.0
random_seeqst,6,8,ghz,10,100,,1000,1.1764864300109883,1636.0304701501675,4.096,1.0,1000.0
random_seeqst,6,8,ghz,10,100,,3000,0.7061558908783685,1803.6532816182962,2.7306666666666666,1.0,3000.0
random_seeqst,6,8,ghz,10,100,,10000,0.44682084821547885,2004.8781509446949,1.024,1.0,10000.0
random_seeqst,6,8,ghz,10,100,,20000,0.2958987935088617,2069.9049631523744,0.8192,1.0,20000.0
random_seeqst,6,8,ghz,10,100,,30000,0.24270696222216434,2044.0333771101111,0.5461333333333334,1.0,30000.0
random_seeqst,6,8,ghz,10,100,,40000,0.21338793967794897,2068.84663475341,0.5632,1.0,40000.0
random_seeqst,6,8,ghz,10,100,,50000,0.1893929455074819,2073.6695013029266,0.45056,1.0,50000.0
derandomized_seeqst,6,9,ghz,10,100,95.0,10,1.0,,1.0,0.11,0.11
derandomized_seeqst,6,9,ghz,10,100,95.0,30,0.9378857231185629,1.1666666666666665,1.0,0.24,0.31
derandomized_seeqst,6,9,ghz,10,100,95.0,100,0.86458600530744,0.903448275862069,1.0,0.62,1.1
derandomized_seeqst,6,9,ghz,10,100,95.0,300,0.6111858257102833,1.1040043290043289,1.0,0.93,3.34
derandomized_seeqst,6,9,ghz,10,100,95.0,1000,0.2858067883862883,1.0284595224177269,1.0,1.0,11.1
derandomized_seeqst,6,9,ghz,10,100,95.0,3000,0.18317227959538201,0.9989091660269128,0.5555555555555556,1.0,33.02
derandomized_seeqst,6,9,ghz,10,100,95.0,10000,0.09042279459339606,1.0014442101071281,0.23232323232323232,1.0,110.26
derandomized_seeqst,6,9,ghz,10,100,95.0,20000,0.06959245707849662,0.999934176936982,0.16346153846153846,1.0,220.05
derandomized_seeqst,6,9,ghz,10,100,95.0,30000,0.05736023347619336,0.9998857234515083,0.15302491103202848,1.0,329.66
derandomized_seeqst,6,9,ghz,10,100,95.0,40000,0.04791524557208183,1.0000855830013966,0.12860892388451445,1.0,439.82
derandomized_seeqst,6,9,ghz,10,100,95.0,50000,0.04245745355808666,1.0001001279252717,0.11372549019607843,1.0,549.58
random_seeqst,6,9,ghz,10,100,,10,20.48,4194.304000000001,204.8,1.0,10.0
random_seeqst,6,9,ghz,10,100,,30,9.654364585800328,2796.202666666664,68.26666666666667,1.0,30.0
random_seeqst,6,9,ghz,10,100,,100,5.418498685060282,2088.678658585856,40.96,1.0,100.0
random_seeqst,6,9,ghz,10,100,,300,3.052978145279713,2235.0917636566287,13.653333333333334,1.0,300.0
random_seeqst,6,9,ghz,10,100,,1000,1.4336,1887.2688598999018,4.096,1.0,1000.0
random_seeqst,6,9,ghz,10,100,,3000,0.830499844136717,1873.390520182246,2.048,1.0,3000.0
random_seeqst,6,9,ghz,10,100,,10000,0.45380648563016374,1916.7826659401655,1.024,1.0,10000.0
random_seeqst,6,9,ghz,10,100,,20000,0.3251099211036169,1971.3157493269048,0.8192,1.0,20000.0
random_seeqst,6,9,ghz,10,100,,30000,0.310144114458639,2024.4220220293073,0.9557333333333333,1.0,30000.0
random_seeqst,6,9,ghz,10,100,,40000,0.2690802348742843,2042.6047089450335,0.768,1.0,40000.0
random_seeqst,6,9,ghz,10,100,,50000,0.23950219519662028,2040.9317837345259,0.57344,1.0,50000.0
derandomized_seeqst,6,0,random_stabilizer,10,100,98.0,10,1.0,,1.0,0.11,0.11
derandomized_seeqst,6,0,random_stabilizer,10,100,98.0,30,0.9797958971132712,0.4,1.0,0.25,0.32
derandomized_seeqst,6,0,random_stabilizer,10,100,98.0,100,0.9133226424206558,0.7694444444444445,1.0,0.66,1.04
derandomized_seeqst,6,0,random_stabilizer,10,100,98.0,300,0.6415067967549914,1.038217338217338,1.0,0.95,3.13
derandomized_seeqst,6,0,random_stabilizer,10,100,98.0,1000,0.29262278848416823,1.0264110724157163,0.75,1.0,10.35
derandomized_seeqst,6,0,random_stabilizer,10,100,98.0,3000,0.20267578021675423,0.992401043856557,0.5,1.0,31.22
derandomized_seeqst,6,0,random_stabilizer,10,100,98.0,10000,0.11114020920814964,0.997507008898636,0.3069306930693069,1.0,103.98
derandomized_seeqst,6,0,random_stabilizer,10,100,98.0,20000,0.06601463488112837,1.0005665017397305,0.18269230769230768,1.0,207.99
derandomized_seeqst,6,0,random_stabilizer,10,100,98.0,30000,0.0588063661734258,0.9998178218979494,0.1717171717171717,1.0,312.12
derandomized_seeqst,6,0,random_stabilizer,10,100,98.0,40000,0.05223727271097883,0.9997280807767058,0.15577889447236182,1.0,416.33
derandomized_seeqst,6,0,random_stabilizer,10,100,98.0,50000,0.043353718689367014,1.0000846011927926,0.12475247524752475,1.0,520.1
random_seeqst,6,0,random_stabilizer,10,100,,10,20.48,4194.304000000001,204.8,1.0,10.0
random_seeqst,6,0,random_stabilizer,10,100,,30,6.826666666666667,1398.1013333333315,68.26666666666667,1.0,30.0
random_seeqst,6,0,random_stabilizer,10,100,,100,3.547240053901061,1258.291199999999,20.48,1.0,100.0
random_seeqst,6,0,random_stabilizer,10,100,,300,2.2641491902159534,1818.4669181716747,6.826666666666667,1.0,300.0
random_seeqst,6,0,random_stabilizer,10,100,,1000,1.3272556950339298,1845.577730050064,4.096,1.0,1000.0
random_seeqst,6,0,random_stabilizer,10,100,,3000,0.7813477131782552,2027.3121998176828,2.7306666666666666,1.0,3000.0
random_seeqst,6,0,random_stabilizer,10,100,,10000,0.3976496709416468,1992.3355082899955,1.2288,1.0,10000.0
random_seeqst,6,0,random_stabilizer,10,100,,20000,0.3180999591323456,2132.80903686805,0.7168,1.0,20000.0
random_seeqst,6,0,random_stabilizer,10,100,,30000,0.2517550273138111,2049.6214947897597,0.6144,1.0,30000.0
random_seeqst,6,0,random_stabilizer,10,100,,40000,0.21467397420274303,2080.380708602721,0.512,1.0,40000.0
random_seeqst,6,0,random_stabilizer,10,100,,50000,0.20471806360944314,2048.4971340577613,0.49152,1.0,50000.0
derandomized_seeqst,6,1,random_stabilizer,10,100,98.0,10,1.0,,1.0,0.1,0.1
derandomized_seeqst,6,1,random_stabilizer,10,100,98.0,30,0.9643864123178916,1.6666666666666667,1.0,0.27,0.3
derandomized_seeqst,6,1,random_stabilizer,10,100,98.0,100,0.8744791619665987,0.9471264367816091,1.0,0.66,1.03
derandomized_seeqst,6,1,random_stabilizer,10,100,98.0,300,0.6555812355867296,1.0041811846689894,1.0,0.99,3.08
derandomized_seeqst,6,1,random_stabilizer,10,100,98.0,1000,0.33849925322270613,0.9814309574154776,1.0,1.0,10.33
derandomized_seeqst,6,1,random_stabilizer,10,100,98.0,3000,0.1709609293701195,0.9946511889884253,0.3939393939393939,1.0,31.07
derandomized_seeqst,6,1,random_stabilizer,10,100,98.0,10000,0.09837240588145629,0.9901517799831319,0.2692307692307692,1.0,104.24
derandomized_seeqst,6,1,random_stabilizer,10,100,98.0,20000,0.06463811147201515,0.9907015841900503,0.18324607329842932,1.0,208.31
derandomized_seeqst,6,1,random_stabilizer,10,100,98.0,30000,0.05472623112045166,0.9902470068735831,0.152317880794702,1.0,312.04
derandomized_seeqst,6,1,random_stabilizer,10,100,98.0,40000,0.046340362618010826,0.9902850362396742,0.135,1.0,415.97
derandomized_seeqst,6,1,random_stabilizer,10,100,98.0,50000,0.042440713320087524,0.9901435473067066,0.10412573673870335,1.0,519.9
random_seeqst,6,1,random_stabilizer,10,100,,10,20.480244139169827,4194.304000000001,204.8,1.0,10.0
random_seeqst,6,1,random_stabilizer,10,100,,30,6.82739904925571,1398.101333333332,68.26666666666667,1.0,30.0
random_seeqst,6,1,random_stabilizer,10,100,,100,2.05043995279062,419.43039999999957,20.48,1.0,100.0
random_seeqst,6,1,random_stabilizer,10,100,,300,2.266356449359976,1537.9114666666603,6.826666666666667,1.0,300.0
random_seeqst,6,1,random_stabilizer,10,100,,1000,1.4516032515808166,2097.1520000000155,4.096,1.0,1000.0
random_seeqst,6,1,random_stabilizer,10,100,,3000,0.8503126954244538,2167.066390450109,2.048,1.0,3000.0
random_seeqst,6,1,random_stabilizer,10,100,,10000,0.44308622366306977,2122.339636562037,1.2288,1.0,10000.0
random_seeqst,6,1,random_stabilizer,10,100,,20000,0.2978731219831692,2088.77681444417,0.8192,1.0,20000.0
random_seeqst,6,1,random_stabilizer,10,100,,30000,0.25919838133925316,2116.7251390374004,0.6144,1.0,30000.0
random_seeqst,6,1,random_stabilizer,10,100,,40000,0.19860847111842936,2076.1906514416014,0.512,1.0,40000.0
random_seeqst,6,1,random_stabilizer,10,100,,50000,0.18626527113769759,2060.244708543774,0.4096,1.0,50000.0
derandomized_seeqst,6,2,random_stabilizer,10,100,97.0,10,0.8944271909999159,2.0,1.0,0.1,0.12
derandomized_seeqst,6,2,random_stabilizer,10,100,97.0,30,0.9525793444156804,1.5555555555555556,1.0,0.3,0.35
derandomized_seeqst,6,2,random_stabilizer,10,100,97.0,100,0.8423613533232929,1.282051282051282,1.0,0.65,1.09
derandomized_seeqst,6,2,random_stabilizer,10,100,97.0,300,0.6296676610551671,1.0506329113924051,1.0,0.96,3.21
derandomized_seeqst,6,2,random_stabilizer,10,100,97.0,1000,0.3071682270411976,1.0135838114339257,1.0,1.0,10.59
derandomized_seeqst,6,2,random_stabilizer,10,100,97.0,3000,0.1875365242595306,0.997782691337923,0.42857142857142855,1.0,31.76
derandomized_seeqst,6,2,random_stabilizer,10,100,97.0,10000,0.10030000476394568,0.9997268722760162,0.2857142857142857,1.0,106.2
derandomized_seeqst,6,2,random_stabilizer,10,100,97.0,20000,0.07396745642917259,0.9993990343097273,0.17159763313609466,1.0,212.31
derandomized_seeqst,6,2,random_stabilizer,10,100,97.0,30000,0.06277517974495542,0.9993022209591912,0.16129032258064516,1.0,318.56
derandomized_seeqst,6,2,random_stabilizer,10,100,97.0,40000,0.049962931532383154,0.9999365131071294,0.12781954887218044,1.0,424.74
derandomized_seeqst,6,2,random_stabilizer,10,100,97.0,50000,0.045885203212699656,0.9998386378251023,0.11704312114989733,1.0,530.45
random_seeqst,6,2,random_stabilizer,10,100,,10,3.0046291974743187e-19,0.0,1.734723475976807e-18,1.0,10.0
random_seeqst,6,2,random_stabilizer,10,100,,30,6.826666666666667,1398.1013333333324,68.26666666666667,1.0,30.0
random_seeqst,6,2,random_stabilizer,10,100,,100,2.048,1266.7645414141414,20.48,1.0,100.0
random_seeqst,6,2,random_stabilizer,10,100,,300,2.264149190215953,1818.4669181716827,13.653333333333334,1.0,300.0
random_seeqst,6,2,random_stabilizer,10,100,,1000,1.49096650532465,2055.041019899914,6.144,1.0,1000.0
random_seeqst,6,2,random_stabilizer,10,100,,3000,0.7783597568676782,1789.5603828831363,2.7306666666666666,1.0,3000.0
random_seeqst,6,2,random_stabilizer,10,100,,10000,0.45055999999999996,2021.653689055295,1.4336,1.0,10000.0
random_seeqst,6,2,random_stabilizer,10,100,,20000,0.33527204953589557,2009.0596616361377,1.1264,1.0,20000.0
random_seeqst,6,2,random_stabilizer,10,100,,30000,0.25424178448433254,2076.1850472835613,0.5461333333333334,1.0,30000.0
random_seeqst,6,2,random_stabilizer,10,100,,40000,0.22498890283745107,2068.8415490327316,0.512,1.0,40000.0
random_seeqst,6,2,random_stabilizer,10,100,,50000,0.18908264673417283,2066.1197205478074,0.53248,1.0,50000.0
derandomized_seeqst,6,3,random_stabilizer,10,100,99.0,10,1.0,,1.0,0.1,0.1
derandomized_seeqst,6,3,random_stabilizer,10,100,99.0,30,0.9819805060619657,0.6666666666666666,1.0,0.28,0.31
derandomized_seeqst,6,3,random_stabilizer,10,100,99.0,100,0.8655079102193866,0.9462365591397849,1.0,0.62,1.02
derandomized_seeqst,6,3,random_stabilizer,10,100,99.0,300,0.6678162377970515,0.9855981416957027,1.0,0.98,3.06
derandomized_seeqst,6,3,random_stabilizer,10,100,99.0,1000,0.303311271774827,1.0255102068554083,0.7777777777777778,1.0,10.2
derandomized_seeqst,6,3,random_stabilizer,10,100,99.0,3000,0.1868549585974831,0.9994759720166794,0.5384615384615384,1.0,30.59
derandomized_seeqst,6,3,random_stabilizer,10,100,99.0,10000,0.08958494509725914,1.002007652414171,0.2549019607843137,1.0,102.07
derandomized_seeqst,6,3,random_stabilizer,10,100,99.0,20000,0.0615282255343007,1.0011954769323181,0.18032786885245902,1.0,203.88
derandomized_seeqst,6,3,random_stabilizer,10,100,99.0,30000,0.050904617696540845,1.0007216299617834,0.11551155115511551,1.0,305.88
derandomized_seeqst,6,3,random_stabilizer,10,100,99.0,40000,0.043559595341677665,1.0005848935515127,0.13126491646778043,1.0,407.84
derandomized_seeqst,6,3,random_stabilizer,10,100,99.0,50000,0.04104774850253925,1.0002991884225265,0.10536044362292052,1.0,509.54
random_seeqst,6,3,random_stabilizer,10,100,,10,7.561484326770509e-19,0.0,5.204170427930421e-18,1.0,10.0
random_seeqst,6,3,random_stabilizer,10,100,,30,7.561484326770509e-19,0.0,5.204170427930421e-18,1.0,30.0
random_seeqst,6,3,random_stabilizer,10,100,,100,2.048,419.43039999999974,20.48,1.0,100.0
random_seeqst,6,3,random_stabilizer,10,100,,300,2.3648267026007073,1677.7215999999926,6.826666666666667,1.0,300.0
random_seeqst,6,3,random_stabilizer,10,100,,1000,1.1941789480643175,1761.9435602002131,4.096,1.0,1000.0
random_seeqst,6,3,random_stabilizer,10,100,,3000,0.7783597568676783,1761.5890324329853,2.048,1.0,3000.0
random_seeqst,6,3,random_stabilizer,10,100,,10000,0.4486943191082321,2004.8764730553062,1.4336,1.0,10000.0
random_seeqst,6,3,random_stabilizer,10,100,,20000,0.3090716318266689,1973.42317788552,0.8192,1.0,20000.0
random_seeqst,6,3,random_stabilizer,10,100,,30000,0.246138967071675,1979.7168941724851,0.6826666666666666,1.0,30000.0
random_seeqst,6,3,random_stabilizer,10,100,,40000,0.22128827171813692,1996.489647742204,0.5632,1.0,40000.0
random_seeqst,6,3,random_stabilizer,10,100,,50000,0.20228600995620039,2005.7153674780902,0.53248,1.0,50000.0
derandomized_seeqst,6,4,random_stabilizer,10,100,97.0,10,1.0,,1.0,0.12,0.12
derandomized_seeqst,6,4,random_stabilizer,10,100,97.0,30,0.944911182523068,1.2,1.0,0.28,0.33
derandomized_seeqst,6,4,random_stabilizer,10,100,97.0,100,0.8400768814023313,1.1904761904761902,1.0,0.64,1.08
derandomized_seeqst,6,4,random_stabilizer,10,100,97.0,300,0.6166391472181136,1.0844013325494808,1.0,0.94,3.18
derandomized_seeqst,6,4,random_stabilizer,10,100,97.0,1000,0.348414434030893,0.9851123049636981,1.0,1.0,10.56
derandomized_seeqst,6,4,random_stabilizer,10,100,97.0,3000,0.18808229340228783,0.9979239943673075,0.52,1.0,31.84
derandomized_seeqst,6,4,random_stabilizer,10,100,97.0,10000,0.10123568509119586,0.9995616798276125,0.2391304347826087,1.0,106.2
derandomized_seeqst,6,4,random_stabilizer,10,100,97.0,20000,0.06863872996701134,1.0001678492093422,0.20710059171597633,1.0,212.05
derandomized_seeqst,6,4,random_stabilizer,10,100,97.0,30000,0.05999135351078342,0.9996465519037602,0.16326530612244897,1.0,318.34
derandomized_seeqst,6,4,random_stabilizer,10,100,97.0,40000,0.05218140646971176,0.9997086826013069,0.13875598086124402,1.0,424.39
derandomized_seeqst,6,4,random_stabilizer,10,100,97.0,50000,0.04911782534255829,0.9995303567643878,0.1203155818540434,1.0,530.11
random_seeqst,6,4,random_stabilizer,10,100,,10,6.009258394948637e-19,0.0,5.204170427930421e-18,1.0,10.0
random_seeqst,6,4,random_stabilizer,10,100,,30,9.654364585800328,2796.202666666666,68.26666666666667,1.0,30.0
random_seeqst,6,4,random_stabilizer,10,100,,100,5.792618751480197,3355.4431999999983,20.48,1.0,100.0
random_seeqst,6,4,random_stabilizer,10,100,,300,3.128371674423187,2936.012799999984,6.826666666666667,1.0,300.0
random_seeqst,6,4,random_stabilizer,10,100,,1000,1.6638030652694447,2684.270589949963,6.144,1.0,1000.0
random_seeqst,6,4,random_stabilizer,10,100,,3000,0.8662068934280206,2474.713950267824,2.048,1.0,3000.0
random_seeqst,6,4,random_stabilizer,10,100,,10000,0.4533441253617388,2290.1134744514407,1.2288,1.0,10000.0
random_seeqst,6,4,random_stabilizer,10,100,,20000,0.32991239564466196,2210.3998858056993,1.024,1.0,20000.0
random_seeqst,6,4,random_stabilizer,10,100,,30000,0.2515698452164373,2147.4919436780688,0.6826666666666666,1.0,30000.0
random_seeqst,6,4,random_stabilizer,10,100,,40000,0.23412456171875687,2121.267465376407,0.6656,1.0,40000.0
random_seeqst,6,4,random_stabilizer,10,100,,50000,0.21311012109235922,2109.7316907106624,0.6144,1.0,50000.0
derandomized_seeqst,6,5,random_stabilizer,10,100,100.0,10,1.0,,1.0,0.1,0.1
derandomized_seeqst,6,5,random_stabilizer,10,100,100.0,30,0.9813067629253163,0.6666666666666666,1.0,0.27,0.3
derandomized_seeqst,6,5,random_stabilizer,10,100,100.0,100,0.8334597605246418,1.1185185185185185,1.0,0.58,1.0
derandomized_seeqst,6,5,random_stabilizer,10,100,100.0,300,0.6745442094340557,0.9168408826945413,1.0,0.94,3.0
derandomized_seeqst,6,5,random_stabilizer,10,100,100.0,1000,0.32651853047215573,1.0161507074163043,1.0,1.0,10.0
derandomized_seeqst,6,5,random_stabilizer,10,100,100.0,3000,0.17740042195223643,1.003727233556056,0.48148148148148145,1.0,30.0
derandomized_seeqst,6,5,random_stabilizer,10,100,100.0,10000,0.09626123968943547,1.0008589162988486,0.25925925925925924,1.0,100.0
derandomized_seeqst,6,5,random_stabilizer,10,100,100.0,20000,0.06378709999685428,1.0009672654239583,0.15942028985507245,1.0,200.0
derandomized_seeqst,6,5,random_stabilizer,10,100,100.0,30000,0.05497837492694954,1.0003245353825019,0.14666666666666667,1.0,300.0
derandomized_seeqst,6,5,random_stabilizer,10,100,100.0,40000,0.04493706124269635,1.00048879481161,0.11590296495956873,1.0,400.0
derandomized_seeqst,6,5,random_stabilizer,10,100,100.0,50000,0.04390275546657727,1.000076708555282,0.11752577319587629,1.0,500.0
random_seeqst,6,5,random_stabilizer,10,100,,10,0.040000000000000015,0.016,0.4000000000000002,1.0,10.0
random_seeqst,6,5,random_stabilizer,10,100,,30,9.654422130126001,2796.2194482758587,68.26666666666667,1.0,30.0
random_seeqst,6,5,random_stabilizer,10,100,,100,5.016612402807297,2516.60121212121,20.48,1.0,100.0
random_seeqst,6,5,random_stabilizer,10,100,,300,2.6439936964120525,2377.726920401325,6.826666666666667,1.0,300.0
random_seeqst,6,5,random_stabilizer,10,100,,1000,1.5863772060893968,2264.6914588188265,4.096,1.0,1000.0
random_seeqst,6,5,random_stabilizer,10,100,,3000,0.7931877065220929,1915.4279159008233,2.048,1.0,3000.0
random_seeqst,6,5,random_stabilizer,10,100,,10000,0.44541429209220484,2176.882970405379,1.2288,1.0,10000.0
random_seeqst,6,5,random_stabilizer,10,100,,20000,0.31760656920158303,2097.175768855884,0.9216,1.0,20000.0
random_seeqst,6,5,random_stabilizer,10,100,,30000,0.25470162002712987,2041.2509381164384,0.7509333333333333,1.0,30000.0
random_seeqst,6,5,random_stabilizer,10,100,,40000,0.20829076695811555,2033.2161613605776,0.7168,1.0,40000.0
random_seeqst,6,5,random_stabilizer,10,100,,50000,0.1814772032845999,2074.531186248969,0.49152,1.0,50000.0
derandomized_seeqst,6,6,random_stabilizer,10,100,95.0,10,1.0,,1.0,0.12,0.12
derandomized_seeqst,6,6,random_stabilizer,10,100,95.0,30,0.9680067339833112,1.1111111111111112,1.0,0.3,0.34
derandomized_seeqst,6,6,random_stabilizer,10,100,95.0,100,0.8498365855987975,1.1571428571428573,1.0,0.65,1.07
derandomized_seeqst,6,6,random_stabilizer,10,100,95.0,300,0.6317440843822183,0.987018140589569,1.0,0.96,3.29
derandomized_seeqst,6,6,random_stabilizer,10,100,95.0,1000,0.31985370549185405,1.0045781939096023,0.7777777777777778,1.0,11.31
derandomized_seeqst,6,6,random_stabilizer,10,100,95.0,3000,0.17553999927802325,1.0018820227883873,0.4838709677419355,1.0,33.69
derandomized_seeqst,6,6,random_stabilizer,10,100,95.0,10000,0.09319622067832069,1.0009462882188516,0.3333333333333333,1.0,112.41
derandomized_seeqst,6,6,random_stabilizer,10,100,95.0,20000,0.07478216530368302,0.9991704459254148,0.21787709497206703,1.0,223.7
derandomized_seeqst,6,6,random_stabilizer,10,100,95.0,30000,0.05659319725132223,0.9999716277280379,0.16612377850162866,1.0,335.48
derandomized_seeqst,6,6,random_stabilizer,10,100,95.0,40000,0.05157123648926928,0.9997184389371685,0.12562814070351758,1.0,447.31
derandomized_seeqst,6,6,random_stabilizer,10,100,95.0,50000,0.045436572593971235,0.999838649608555,0.11753371868978806,1.0,559.77
random_seeqst,6,6,random_stabilizer,10,100,,10,20.48,4194.304000000001,204.8,1.0,10.0
random_seeqst,6,6,random_stabilizer,10,100,,30,9.654364585800328,2796.202666666664,68.26666666666667,1.0,30.0
random_seeqst,6,6,random_stabilizer,10,100,,100,5.792618751480197,3355.4431999999983,20.48,1.0,100.0
random_seeqst,6,6,random_stabilizer,10,100,,300,3.273954319914817,2935.0776151616337,13.653333333333334,1.0,300.0
random_seeqst,6,6,random_stabilizer,10,100,,1000,1.5325828656226064,2600.7203901501653,4.096,1.0,1000.0
random_seeqst,6,6,random_stabilizer,10,100,,3000,0.801951752497202,2041.2652418005573,2.7306666666666666,1.0,3000.0
random_seeqst,6,6,random_stabilizer,10,100,,10000,0.47148500718474595,2021.6343933273486,1.4336,1.0,10000.0
random_seeqst,6,6,random_stabilizer,10,100,,20000,0.3738651906770674,2107.6033649876044,1.1264,1.0,20000.0
random_seeqst,6,6,random_stabilizer,10,100,,30000,0.28793646706637677,2059.3890028914243,0.9557333333333333,1.0,30000.0
random_seeqst,6,6,random_stabilizer,10,100,,40000,0.2351301120656391,2033.1844074407375,0.6656,1.0,40000.0
random_seeqst,6,6,random_stabilizer,10,100,,50000,0.21322817674969696,2033.393780821054,0.53248,1.0,50000.0
derandomized_seeqst,6,7,random_stabilizer,10,100,99.0,10,1.0,0.0,1.0,0.09,0.1
derandomized_seeqst,6,7,random_stabilizer,10,100,99.0,30,0.9434226498745386,1.4444444444444446,1.0,0.24,0.3
derandomized_seeqst,6,7,random_stabilizer,10,100,99.0,100,0.8737424826148297,0.8528735632183908,1.0,0.6,1.02
derandomized_seeqst,6,7,random_stabilizer,10,100,99.0,300,0.6586569432288186,0.9513815402704291,1.0,0.93,3.04
derandomized_seeqst,6,7,random_stabilizer,10,100,99.0,1000,0.34831176273928083,0.9941268668682121,1.0,1.0,10.19
derandomized_seeqst,6,7,random_stabilizer,10,100,99.0,3000,0.1810137673715787,1.0016953842267167,0.45454545454545453,1.0,30.56
derandomized_seeqst,6,7,random_stabilizer,10,100,99.0,10000,0.09679015962666729,1.0006227734610413,0.23636363636363636,1.0,101.78
derandomized_seeqst,6,7,random_stabilizer,10,100,99.0,20000,0.0698982134759189,1.0000862259078545,0.193717277486911,1.0,203.98
derandomized_seeqst,6,7,random_stabilizer,10,100,99.0,30000,0.05521242084113939,1.0002642355899962,0.136986301369863,1.0,305.99
derandomized_seeqst,6,7,random_stabilizer,10,100,99.0,40000,0.04867353361029468,1.0001135060736774,0.11386138613861387,1.0,408.05
derandomized_seeqst,6,7,random_stabilizer,10,100,99.0,50000,0.04805386434874361,0.9996757081632266,0.11683168316831684,1.0,510.37
random_seeqst,6,7,random_stabilizer,10,100,,10,5.753426884836168e-19,0.0,5.204170427930421e-18,1.0,10.0
random_seeqst,6,7,random_stabilizer,10,100,,30,11.824133513003535,4194.303999999998,68.26666666666667,1.0,30.0
random_seeqst,6,7,random_stabilizer,10,100,,100,5.418498685060282,2936.012799999998,20.48,1.0,100.0
random_seeqst,6,7,random_stabilizer,10,100,,300,3.0529781452797136,2796.2026666666493,6.826666666666667,1.0,300.0
random_seeqst,6,7,random_stabilizer,10,100,,1000,1.47683380243005,2265.0081300500606,6.144,1.0,1000.0
random_seeqst,6,7,random_stabilizer,10,100,,3000,0.9107909334443578,2124.9928174813463,2.048,1.0,3000.0
random_seeqst,6,7,random_stabilizer,10,100,,10000,0.4246823189161517,2055.2341283407964,1.024,1.0,10000.0
random_seeqst,6,7,random_stabilizer,10,100,,20000,0.3090716318266689,2086.6750484790796,0.8192,1.0,20000.0
random_seeqst,6,7,random_stabilizer,10,100,,30000,0.2571579146490861,2073.3872600493123,0.6826666666666666,1.0,30000.0
random_seeqst,6,7,random_stabilizer,10,100,,40000,0.22211596250607477,2057.3082092047516,0.6144,1.0,40000.0
random_seeqst,6,7,random_stabilizer,10,100,,50000,0.1866715769258941,2066.1206265357528,0.4096,1.0,50000.0
derandomized_seeqst,6,8,random_stabilizer,10,100,99.0,10,1.0,,1.0,0.1,0.1
derandomized_seeqst,6,8,random_stabilizer,10,100,99.0,30,1.0,0.0,1.0,0.28,0.3
derandomized_seeqst,6,8,random_stabilizer,10,100,99.0,100,0.8480369488805701,1.214814814814815,1.0,0.64,1.03
derandomized_seeqst,6,8,random_stabilizer,10,100,99.0,300,0.641426796464708,1.0119628339140536,1.0,0.96,3.06
derandomized_seeqst,6,8,random_stabilizer,10,100,99.0,1000,0.3392367926473775,0.9948530587059998,0.8333333333333334,1.0,10.14
derandomized_seeqst,6,8,random_stabilizer,10,100,99.0,3000,0.18417355584531286,1.0001117931223509,0.5172413793103449,1.0,30.64
derandomized_seeqst,6,8,random_stabilizer,10,100,99.0,10000,0.10419488009941844,0.9991122470660616,0.39473684210526316,1.0,101.8
derandomized_seeqst,6,8,random_stabilizer,10,100,99.0,20000,0.07329665046866583,0.9996025769963487,0.20588235294117646,1.0,203.98
derandomized_seeqst,6,8,random_stabilizer,10,100,99.0,30000,0.05517375925100346,1.0002677897775378,0.1347517730496454,1.0,305.97
derandomized_seeqst,6,8,random_stabilizer,10,100,99.0,40000,0.049373048797378596,1.0000438853332179,0.13947990543735225,1.0,408.15
derandomized_seeqst,6,8,random_stabilizer,10,100,99.0,50000,0.044777813692780194,0.9999785724468749,0.12127236580516898,1.0,510.11
random_seeqst,6,8,random_stabilizer,10,100,,10,20.48,4194.304000000001,204.8,1.0,10.0
random_seeqst,6,8,random_stabilizer,10,100,,30,9.654364585800328,2796.202666666664,68.26666666666667,1.0,30.0
random_seeqst,6,8,random_stabilizer,10,100,,100,5.016554993219949,2516.582399999998,20.48,1.0,100.0
random_seeqst,6,8,random_stabilizer,10,100,,300,3.2019904920394615,2514.7120303232864,13.653333333333334,1.0,300.0
random_seeqst,6,8,random_stabilizer,10,100,,1000,1.725675473546518,2558.105589749759,8.192,1.0,1000.0
random_seeqst,6,8,random_stabilizer,10,100,,3000,0.8471670542329759,2181.04740378343,3.4133333333333336,1.0,3000.0
random_seeqst,6,8,random_stabilizer,10,100,,10000,0.43105413488331135,1900.0239067234697,1.4336,1.0,10000.0
random_seeqst,6,8,random_stabilizer,10,100,,20000,0.3137854145749926,1973.4202417259567,0.9216,1.0,20000.0
random_seeqst,6,8,random_stabilizer,10,100,,30000,0.2670265305171005,2018.8543173097087,0.8874666666666666,1.0,30000.0
random_seeqst,6,8,random_stabilizer,10,100,,40000,0.22027903758642128,2064.6492373767255,0.6656,1.0,40000.0
random_seeqst,6,8,random_stabilizer,10,100,,50000,0.19851871545020636,2034.238715094408,0.53248,1.0,50000.0
derandomized_seeqst,6,9,random_stabilizer,10,100,99.0,10,0.8660254037844386,2.0,1.0,0.08,0.1
derandomized_seeqst,6,9,random_stabilizer,10,100,99.0,30,0.9607689228305228,1.0,1.0,0.26,0.3
derandomized_seeqst,6,9,random_stabilizer,10,100,99.0,100,0.9061612467592096,0.7333333333333334,1.0,0.65,1.02
derandomized_seeqst,6,9,random_stabilizer,10,100,99.0,300,0.6693485262375065,1.0007326007326007,1.0,0.95,3.04
derandomized_seeqst,6,9,random_stabilizer,10,100,99.0,1000,0.3167547286669356,1.0123375942942507,0.8333333333333334,1.0,10.18
derandomized_seeqst,6,9,random_stabilizer,10,100,99.0,3000,0.17725783738987372,1.002710854017556,0.42857142857142855,1.0,30.57
derandomized_seeqst,6,9,random_stabilizer,10,100,99.0,10000,0.10081663882854901,0.9998266966083922,0.3404255319148936,1.0,101.93
derandomized_seeqst,6,9,random_stabilizer,10,100,99.0,20000,0.0666291685294355,1.0005305569054725,0.17587939698492464,1.0,203.83
derandomized_seeqst,6,9,random_stabilizer,10,100,99.0,30000,0.056790213549496656,1.0000839982828262,0.16838487972508592,1.0,305.96
derandomized_seeqst,6,9,random_stabilizer,10,100,99.0,40000,0.04734533051416881,1.0002383971128066,0.1297709923664122,1.0,407.84
derandomized_seeqst,6,9,random_stabilizer,10,100,99.0,50000,0.04570168224165023,0.9998939279532233,0.12653061224489795,1.0,509.62
random_seeqst,6,9,random_stabilizer,10,100,,10,2.1666689270499745e-18,0.0,1.214306433183765e-17,1.0,10.0
random_seeqst,6,9,random_stabilizer,10,100,,30,6.826666666666667,1398.1013333333321,68.26666666666667,1.0,30.0
random_seeqst,6,9,random_stabilizer,10,100,,100,5.016554993219949,2516.5823999999984,20.48,1.0,100.0
random_seeqst,6,9,random_stabilizer,10,100,,300,2.6439566310109304,2097.1519999999878,6.826666666666667,1.0,300.0
random_seeqst,6,9,random_stabilizer,10,100,,1000,1.5188374501571917,2138.9270998999214,6.144,1.0,1000.0
random_seeqst,6,9,random_stabilizer,10,100,,3000,0.7159868403508234,1761.6822702678298,2.048,1.0,3000.0
random_seeqst,6,9,random_stabilizer,10,100,,10000,0.48421234350231096,2000.6486112675161,1.2288,1.0,10000.0
random_seeqst,6,9,random_stabilizer,10,100,,20000,0.3244642205236195,2063.5954707433266,1.024,1.0,20000.0
random_seeqst,6,9,random_stabilizer,10,100,,30000,0.25788179479926243,2062.2017037037413,0.6826666666666666,1.0,30000.0
random_seeqst,6,9,random_stabilizer,10,100,,40000,0.22405485042730047,2049.9671286023095,0.7168,1.0,40000.0
random_seeqst,6,9,random_stabilizer,10,100,,50000,0.19915154687825046,2061.9214234906062,0.53248,1.0,50000.0
derandomized_seeqst,7,0,haar_random,10,100,98.0,10,0.9826224698364396,0.0,1.0298471507832492,0.09,0.1
derandomized_seeqst,7,0,haar_random,10,100,98.0,30,0.9640339203378697,1.3333333333333333,1.044552676957881,0.27,0.3
derandomized_seeqst,7,0,haar_random,10,100,98.0,100,0.8347089159644014,1.0444444444444445,1.0615131597383283,0.56,1.0
derandomized_seeqst,7,0,haar_random,10,100,98.0,300,0.6431705695767213,1.0446505875077305,1.0450934427263083,0.96,3.12
derandomized_seeqst,7,0,haar_random,10,100,98.0,1000,0.32635264606552555,1.0052793578970047,0.9659259210496289,1.0,10.42
derandomized_seeqst,7,0,haar_random,10,100,98.0,3000,0.17695588970115006,1.0008525924614147,0.5975319228849901,1.0,31.3
derandomized_seeqst,7,0,haar_random,10,100,98.0,10000,0.08901255496538935,1.0005454502803945,0.2750599013000591,1.0,104.0
derandomized_seeqst,7,0,haar_random,10,100,98.0,20000,0.0656369418646709,0.9992956140331626,0.17960249218013488,1.0,207.88
derandomized_seeqst,7,0,haar_random,10,100,98.0,30000,0.04386274815155158,1.000288727618289,0.1291253702835408,1.0,311.78
derandomized_seeqst,7,0,haar_random,10,100,98.0,40000,0.04174206341086266,0.9996019673262816,0.10741508871573205,1.0,415.83
derandomized_seeqst,7,0,haar_random,10,100,98.0,50000,0.03753048457061279,0.9996962620348241,0.10178961549575816,1.0,519.67
random_seeqst,7,0,haar_random,10,100,,10,28.966433054520202,8388.608000000002,204.8435631076553,1.0,10.0
random_seeqst,7,0,haar_random,10,100,,30,11.829030787621589,4194.3039999999955,68.31022977432195,1.0,30.0
random_seeqst,7,0,haar_random,10,100,,100,4.582079922365747,2097.151999999998,20.523563107655292,1.0,100.0
random_seeqst,7,0,haar_random,10,100,,300,2.367995411871568,1677.721599999988,6.87022977432196,1.0,300.0
random_seeqst,7,0,haar_random,10,100,,1000,1.3905385498113556,1593.4996397998123,4.130043592159793,1.0,1000.0
random_seeqst,7,0,haar_random,10,100,,3000,0.8619750554845033,1999.210316398769,2.7209043431117585,1.0,3000.0
random_seeqst,7,0,haar_random,10,100,,10000,0.4383934872010101,2000.6846858893696,1.430628947911803,1.0,10000.0
random_seeqst,7,0,haar_random,10,100,,20000,0.32001284370552013,1969.2179681498083,0.8162289479118031,1.0,20000.0
random_seeqst,7,0,haar_random,10,100,,30000,0.2659001863533956,2013.2596749393217,0.7767326824160863,1.0,30000.0
random_seeqst,7,0,haar_random,10,100,,40000,0.22834217592783032,2009.0681031828676,0.7255326824160861,1.0,40000.0
random_seeqst,7,0,haar_random,10,100,,50000,0.21308391972547266,2009.0647372044261,0.6180195412501167,1.0,50000.0
derandomized_seeqst,7,1,haar_random,10,100,96.0,10,1.0015063326874363,,1.0531175309355272,0.1,0.1
derandomized_seeqst,7,1,haar_random,10,100,96.0,30,0.9202814227930914,1.1428571428571428,1.0554437864136592,0.26,0.33
derandomized_seeqst,7,1,haar_random,10,100,96.0,100,0.874774932851045,0.9090909090909091,1.065165597314738,0.69,1.09
derandomized_seeqst,7,1,haar_random,10,100,96.0,300,0.651991576361209,0.9291486291486291,1.0685099214312237,0.95,3.24
derandomized_seeqst,7,1,haar_random,10,100,96.0,1000,0.3180451362589507,1.0079046143399084,0.819195101125054,1.0,10.78
derandomized_seeqst,7,1,haar_random,10,100,96.0,3000,0.18982400640520128,0.9951479048175321,0.6151149026382471,1.0,32.31
derandomized_seeqst,7,1,haar_random,10,100,96.0,10000,0.09666176310017245,1.0000340985459664,0.2764276158400601,1.0,107.71
derandomized_seeqst,7,1,haar_random,10,100,96.0,20000,0.0746708870837237,0.9980153694077533,0.2012170124434086,1.0,215.82
derandomized_seeqst,7,1,haar_random,10,100,96.0,30000,0.05697462409165317,0.9987998819193084,0.14430644333771753,1.0,323.64
derandomized_seeqst,7,1,haar_random,10,100,96.0,40000,0.05289589744477551,0.9983387319845559,0.13058911456359623,1.0,431.88
derandomized_seeqst,7,1,haar_random,10,100,96.0,50000,0.04721521904303218,0.9985489356024101,0.1343192415023759,1.0,539.87
random_seeqst,7,1,haar_random,10,100,,10,0.03227208435717291,0.0,0.09409085997246465,1.0,10.0
random_seeqst,7,1,haar_random,10,100,,30,6.829807668191263,1398.1013333333321,68.29732109973135,1.0,30.0
random_seeqst,7,1,haar_random,10,100,,100,6.144445476175207,3774.8735999999985,20.51065443306468,1.0,100.0
random_seeqst,7,1,haar_random,10,100,,300,3.480312270483894,3073.9525636566214,13.67579002965179,1.0,300.0
random_seeqst,7,1,haar_random,10,100,,1000,1.529081791686465,2096.9000898498603,6.113273958085435,1.0,1000.0
random_seeqst,7,1,haar_random,10,100,,3000,0.8067527188892436,2041.255918017073,2.0704566963184563,1.0,3000.0
random_seeqst,7,1,haar_random,10,100,,10000,0.4435411476959806,1979.7123269446902,1.423683389653323,1.0,10000.0
random_seeqst,7,1,haar_random,10,100,,20000,0.3322530737897216,2067.7853705039793,0.8287790818447902,1.0,20000.0
random_seeqst,7,1,haar_random,10,100,,30000,0.2459246754421895,1965.7359740489471,0.6445827275859402,1.0,30000.0
random_seeqst,7,1,haar_random,10,100,,40000,0.2113844616237435,1973.423754538115,0.47037908184479016,1.0,40000.0
random_seeqst,7,1,haar_random,10,100,,50000,0.18905321222119623,1993.1364485354525,0.4264153774251553,1.0,50000.0
derandomized_seeqst,7,2,haar_random,10,100,98.0,10,1.0096697502118317,,1.0407756329658566,0.1,0.1
derandomized_seeqst,7,2,haar_random,10,100,98.0,30,0.9648289477775543,1.3333333333333333,1.0407756329658566,0.28,0.31
derandomized_seeqst,7,2,haar_random,10,100,98.0,100,0.9299261659666046,0.6049382716049384,1.0855760089210835,0.66,1.02
derandomized_seeqst,7,2,haar_random,10,100,98.0,300,0.6779941535771704,0.9309390198279087,1.0855760089210835,0.96,3.17
derandomized_seeqst,7,2,haar_random,10,100,98.0,1000,0.33736125753152985,0.9922978132978133,0.9981952287519116,1.0,10.49
derandomized_seeqst,7,2,haar_random,10,100,98.0,3000,0.1865298264288615,0.9988850842657676,0.5685260732606804,1.0,31.34
derandomized_seeqst,7,2,haar_random,10,100,98.0,10000,0.09563479679769758,1.0001443951135824,0.3012846852556521,1.0,104.05
derandomized_seeqst,7,2,haar_random,10,100,98.0,20000,0.07081002476002841,0.9988746119262251,0.22688686085782772,1.0,208.09
derandomized_seeqst,7,2,haar_random,10,100,98.0,30000,0.05634986654265516,0.9988329432042395,0.16899248081579665,1.0,311.98
derandomized_seeqst,7,2,haar_random,10,100,98.0,40000,0.0479184661617266,0.9989387463001613,0.12991930496525264,1.0,416.08
derandomized_seeqst,7,2,haar_random,10,100,98.0,50000,0.04565858426530831,0.9986733900294362,0.12089751006905528,1.0,519.77
random_seeqst,7,2,haar_random,10,100,,10,0.029418706353400194,0.0,0.08557600892108347,1.0,10.0
random_seeqst,7,2,haar_random,10,100,,30,0.029418706353400194,0.0,0.08557600892108347,1.0,30.0
random_seeqst,7,2,haar_random,10,100,,100,4.58039396475867,2097.151999999999,20.545159559202627,1.0,100.0
random_seeqst,7,2,haar_random,10,100,,300,3.1267084567266488,2655.4573484949715,13.622350158592102,1.0,300.0
random_seeqst,7,2,haar_random,10,100,,1000,1.4311329190010877,1887.2688598999166,4.103647625388825,1.0,1000.0
random_seeqst,7,2,haar_random,10,100,,3000,0.7857398117349751,2055.283550267822,2.0728455958001626,1.0,3000.0
random_seeqst,7,2,haar_random,10,100,,10000,0.4714457408671646,1967.1084413273068,1.2155023915505359,1.0,10000.0
random_seeqst,7,2,haar_random,10,100,,20000,0.29776701576715514,1990.209831541434,0.8910375695421314,1.0,20000.0
random_seeqst,7,2,haar_random,10,100,,30000,0.23768695591835107,2062.213541356265,0.6521042362087981,1.0,30000.0
random_seeqst,7,2,haar_random,10,100,,40000,0.22295417503612283,2044.7262933768639,0.6350375695421314,1.0,40000.0
random_seeqst,7,2,haar_random,10,100,,50000,0.20209977188003095,2024.1722512740896,0.5019175695421314,1.0,50000.0
derandomized_seeqst,7,3,haar_random,10,100,98.0,10,0.9983064726693317,,1.0332604531241452,0.11,0.11
derandomized_seeqst,7,3,haar_random,10,100,98.0,30,0.938695830841933,1.0666666666666669,1.0332604531241452,0.25,0.31
derandomized_seeqst,7,3,haar_random,10,100,98.0,100,0.8691036848366019,0.9333333333333333,1.053601481529381,0.64,1.02
derandomized_seeqst,7,3,haar_random,10,100,98.0,300,0.6733810351162282,0.8872623946698023,1.0657769858344646,0.92,3.15
derandomized_seeqst,7,3,haar_random,10,100,98.0,1000,0.3259379059244436,1.0237969554603383,1.0366316970354101,1.0,10.53
derandomized_seeqst,7,3,haar_random,10,100,98.0,3000,0.16601541348203336,1.0052535375383125,0.46977738201123703,1.0,31.29
derandomized_seeqst,7,3,haar_random,10,100,98.0,10000,0.09232138677591116,0.9997626298000968,0.2124188534674783,1.0,104.06
derandomized_seeqst,7,3,haar_random,10,100,98.0,20000,0.06757519159891276,0.9993674241803641,0.16282563899629948,1.0,208.19
derandomized_seeqst,7,3,haar_random,10,100,98.0,30000,0.05678202560301488,0.9989214595752829,0.13180177854384495,1.0,312.42
derandomized_seeqst,7,3,haar_random,10,100,98.0,40000,0.04663979866078674,0.9991973582309768,0.1336116359740125,1.0,416.57
derandomized_seeqst,7,3,haar_random,10,100,98.0,50000,0.041825190027600684,0.9991730671682331,0.11235653174018484,1.0,520.36
random_seeqst,7,3,haar_random,10,100,,10,20.478840132437547,4194.304000000001,204.78818697545196,1.0,10.0
random_seeqst,7,3,haar_random,10,100,,30,9.656802642648172,2796.202666666663,68.31231934332732,1.0,30.0
random_seeqst,7,3,haar_random,10,100,,100,4.581319046786027,2097.1519999999987,20.52565267666066,1.0,100.0
random_seeqst,7,3,haar_random,10,100,,300,2.261456297728508,1818.4669181716736,6.872319343327324,1.0,300.0
random_seeqst,7,3,haar_random,10,100,,1000,1.3227323546266494,2013.5178301501658,4.074738275280538,1.0,1000.0
random_seeqst,7,3,haar_random,10,100,,3000,0.7803474330609176,2013.3218627008464,2.057879371042766,1.0,3000.0
random_seeqst,7,3,haar_random,10,100,,10000,0.47683581775704686,2017.4350556591726,1.0338793710427658,1.0,10000.0
random_seeqst,7,3,haar_random,10,100,,20000,0.30930602642159827,1973.4221292571692,0.7859395468758548,1.0,20000.0
random_seeqst,7,3,haar_random,10,100,,30000,0.2812003303468729,2024.4371220269393,0.622359348984457,1.0,30000.0
random_seeqst,7,3,haar_random,10,100,,40000,0.23846348787343924,2030.0348520427644,0.5998316970354102,1.0,40000.0
random_seeqst,7,3,haar_random,10,100,,50000,0.2120675896824755,2023.326478122861,0.5880931180681263,1.0,50000.0
derandomized_seeqst,7,4,haar_random,10,100,99.0,10,1.0007639300450266,,1.0373012392398664,0.11,0.11
derandomized_seeqst,7,4,haar_random,10,100,99.0,30,0.96929056166587,2.0,1.060826517823018,0.3,0.32
derandomized_seeqst,7,4,haar_random,10,100,99.0,100,0.8823317522537191,1.1478260869565218,1.0724521294927591,0.67,1.06
derandomized_seeqst,7,4,haar_random,10,100,99.0,300,0.6706438022245161,0.9419913419913419,1.068685821749224,0.98,3.12
derandomized_seeqst,7,4,haar_random,10,100,99.0,1000,0.34831711312967895,0.9896034360050586,1.0441601834850476,1.0,10.3
derandomized_seeqst,7,4,haar_random,10,100,99.0,3000,0.16125475966957037,1.008120672478531,0.42441891524092495,1.0,30.68
derandomized_seeqst,7,4,haar_random,10,100,99.0,10000,0.09999699302323152,0.999478500432567,0.27260255691042146,1.0,102.09
derandomized_seeqst,7,4,haar_random,10,100,99.0,20000,0.07218056263566924,0.9995831692117921,0.19420933371473947,1.0,204.18
derandomized_seeqst,7,4,haar_random,10,100,99.0,30000,0.05515914923662277,0.9996954949216552,0.13469228891885265,1.0,306.28
derandomized_seeqst,7,4,haar_random,10,100,99.0,40000,0.04580713470573393,0.999724385435229,0.1508625880628826,1.0,408.1
derandomized_seeqst,7,4,haar_random,10,100,99.0,50000,0.03927058159013013,0.9997089398644312,0.13558131182442754,1.0,510.19
random_seeqst,7,4,haar_random,10,100,,10,0.030454110798585822,0.0,0.07245212949275924,1.0,10.0
random_seeqst,7,4,haar_random,10,100,,30,6.8255630815718575,1398.1013333333324,68.2549524209692,1.0,30.0
random_seeqst,7,4,haar_random,10,100,,100,5.017364125813361,2516.582399999999,20.54126727206739,1.0,100.0
random_seeqst,7,4,haar_random,10,100,,300,2.973373816889959,3217.503436343355,6.857692857310829,1.0,300.0
random_seeqst,7,4,haar_random,10,100,,1000,1.7600563794509603,3103.7849600000204,6.1287028231147636,1.0,1000.0
random_seeqst,7,4,haar_random,10,100,,3000,0.9129439327133876,2390.7159848660144,2.7201295133420453,1.0,3000.0
random_seeqst,7,4,haar_random,10,100,,10000,0.4737717033607215,2235.5598372764816,1.260526087721559,1.0,10000.0
random_seeqst,7,4,haar_random,10,100,,20000,0.31767071151981285,2206.209566593783,0.787159350329789,1.0,20000.0
random_seeqst,7,4,haar_random,10,100,,30000,0.24989616778206272,2168.463090838686,0.5876717833824842,1.0,30000.0
random_seeqst,7,4,haar_random,10,100,,40000,0.20575096372196391,2132.8134932911444,0.5179341710796908,1.0,40000.0
random_seeqst,7,4,haar_random,10,100,,50000,0.20758353203214186,2122.3146698208643,0.4774803996092219,1.0,50000.0
derandomized_seeqst,7,5,haar_random,10,100,94.0,10,1.0095495312629799,,1.0511281060402036,0.12,0.12
derandomized_seeqst,7,5,haar_random,10,100,94.0,30,0.9789467857107423,2.0,1.054001109794265,0.32,0.34
derandomized_seeqst,7,5,haar_random,10,100,94.0,100,0.8602058847939816,0.9791666666666667,1.054773726218726,0.68,1.14
derandomized_seeqst,7,5,haar_random,10,100,94.0,300,0.6266338608263452,1.0065717415115005,1.054001109794265,0.96,3.43
derandomized_seeqst,7,5,haar_random,10,100,94.0,1000,0.32498284122245125,1.0080657927097554,0.952412516975191,1.0,11.31
derandomized_seeqst,7,5,haar_random,10,100,94.0,3000,0.18266014264777183,0.9998621294358857,0.47730147135318285,1.0,33.89
derandomized_seeqst,7,5,haar_random,10,100,94.0,10000,0.08811225303347409,1.00138896864926,0.22042971859929408,1.0,114.16
derandomized_seeqst,7,5,haar_random,10,100,94.0,20000,0.07185775222949692,0.9986683562762554,0.17505686445416868,1.0,227.97
derandomized_seeqst,7,5,haar_random,10,100,94.0,30000,0.06324134940942655,0.998090240684411,0.16788978965696172,1.0,341.86
derandomized_seeqst,7,5,haar_random,10,100,94.0,40000,0.055791127753855356,0.998146719596065,0.1319640517007887,1.0,455.44
derandomized_seeqst,7,5,haar_random,10,100,94.0,50000,0.05033098291039193,0.9982281402806551,0.14436585211172337,1.0,569.1
random_seeqst,7,5,haar_random,10,100,,10,0.03632281415478789,0.03066666666666666,0.17474065798126023,1.0,10.0
random_seeqst,7,5,haar_random,10,100,,30,11.831419958598474,4194.323126436778,68.31999401970845,1.0,30.0
random_seeqst,7,5,haar_random,10,100,,100,4.588433148112252,2097.1721373737355,20.534773726218727,1.0,100.0
random_seeqst,7,5,haar_random,10,100,,300,2.5549972934640945,1957.3619175027745,6.881440392885393,1.0,300.0
random_seeqst,7,5,haar_random,10,100,,1000,1.5025389374077565,2013.0343341741861,4.137239539543109,1.0,1000.0
random_seeqst,7,5,haar_random,10,100,,3000,0.950984461083051,1943.1196363409658,4.076184452423769,1.0,3000.0
random_seeqst,7,5,haar_random,10,100,,10000,0.42859599657757913,1912.629159299916,1.4137844524237693,1.0,10000.0
random_seeqst,7,5,haar_random,10,100,,20000,0.3041677267830442,1910.5303996664786,0.962839539543109,1.0,20000.0
random_seeqst,7,5,haar_random,10,100,,30000,0.2456223348221707,1961.5622386036748,0.7627304872631966,1.0,30000.0
random_seeqst,7,5,haar_random,10,100,,40000,0.21035716985090985,1967.1534143491078,0.5942783590339208,1.0,40000.0
random_seeqst,7,5,haar_random,10,100,,50000,0.20296013596911675,1964.6305265027572,0.5852371539298632,1.0,50000.0
derandomized_seeqst,7,6,haar_random,10,100,97.0,10,1.0071982854445491,,1.060349894436854,0.1,0.1
derandomized_seeqst,7,6,haar_random,10,100,97.0,30,1.0075718297003011,0.0,1.060349894436854,0.31,0.32
derandomized_seeqst,7,6,haar_random,10,100,97.0,100,0.7989948302926724,1.2761904761904763,1.060349894436854,0.64,1.07
derandomized_seeqst,7,6,haar_random,10,100,97.0,300,0.580397771281013,1.1262191623637408,1.0708615946348856,0.95,3.15
derandomized_seeqst,7,6,haar_random,10,100,97.0,1000,0.31571355327557554,1.00797695768284,0.9854141636047059,1.0,10.53
derandomized_seeqst,7,6,haar_random,10,100,97.0,3000,0.16918194703165496,1.0038490109798734,0.40347472528418304,1.0,31.67
derandomized_seeqst,7,6,haar_random,10,100,97.0,10000,0.09664266915438349,0.9995013326852659,0.23974694450554807,1.0,106.12
derandomized_seeqst,7,6,haar_random,10,100,97.0,20000,0.06688516744200616,0.9991041517482816,0.17436859206966146,1.0,212.17
derandomized_seeqst,7,6,haar_random,10,100,97.0,30000,0.04948334249406293,0.9993331884478281,0.15916942774076465,1.0,317.93
derandomized_seeqst,7,6,haar_random,10,100,97.0,40000,0.042161969040685636,0.9993609703315833,0.12854764185951173,1.0,423.93
derandomized_seeqst,7,6,haar_random,10,100,97.0,50000,0.03781769117382714,0.9991045822610117,0.09756958987422243,1.0,529.73
random_seeqst,7,6,haar_random,10,100,,10,0.03293224901371723,0.0,0.07268868137851338,1.0,10.0
random_seeqst,7,6,haar_random,10,100,,30,9.650150228186115,2796.202666666666,68.24258791545631,1.0,30.0
random_seeqst,7,6,haar_random,10,100,,100,4.094750751869134,1677.7215999999992,20.511193174540477,1.0,100.0
random_seeqst,7,6,haar_random,10,100,,300,2.892783645407122,2797.137851505006,6.865195671299638,1.0,300.0
random_seeqst,7,6,haar_random,10,100,,1000,1.5832252435810634,2012.7620996997052,4.134529004632971,1.0,1000.0
random_seeqst,7,6,haar_random,10,100,,3000,0.8916799127140927,1929.23065946423,2.709170512141449,1.0,3000.0
random_seeqst,7,6,haar_random,10,100,,10000,0.44693293099054476,2076.184674723435,1.2213176357653712,1.0,10000.0
random_seeqst,7,6,haar_random,10,100,,20000,0.303022728867479,2034.243312319507,0.7796084928013436,1.0,20000.0
random_seeqst,7,6,haar_random,10,100,,30000,0.2516724976275223,2153.080807036689,0.6159592314990051,1.0,30000.0
random_seeqst,7,6,haar_random,10,100,,40000,0.21985771695489614,2128.612268516452,0.5193655027675816,1.0,40000.0
random_seeqst,7,6,haar_random,10,100,,50000,0.20755056154095036,2106.3766837273556,0.5296055027675816,1.0,50000.0
derandomized_seeqst,7,7,haar_random,10,100,99.0,10,1.0162010528516425,,1.0633161092145893,0.1,0.1
derandomized_seeqst,7,7,haar_random,10,100,99.0,30,1.0008211613401268,0.0,1.0633161092145893,0.28,0.3
derandomized_seeqst,7,7,haar_random,10,100,99.0,100,0.887858515927025,0.8833333333333334,1.0596004711891467,0.64,1.03
derandomized_seeqst,7,7,haar_random,10,100,99.0,300,0.6520280785644327,0.9500293944738388,1.0556634475841598,0.93,3.07
derandomized_seeqst,7,7,haar_random,10,100,99.0,1000,0.31444442186129473,1.0100368348616429,0.8197271811250568,1.0,10.23
derandomized_seeqst,7,7,haar_random,10,100,99.0,3000,0.19964850712263238,0.9924949169452901,0.5144184392255932,1.0,30.64
derandomized_seeqst,7,7,haar_random,10,100,99.0,10000,0.09864197932835497,0.999022483123987,0.2459266380033418,1.0,101.83
derandomized_seeqst,7,7,haar_random,10,100,99.0,20000,0.06413399863223858,0.9995703373210766,0.18750820204191168,1.0,203.54
derandomized_seeqst,7,7,haar_random,10,100,99.0,30000,0.055449849080490325,0.9991236828019103,0.13193363254742355,1.0,305.37
derandomized_seeqst,7,7,haar_random,10,100,99.0,40000,0.05148164746057558,0.9991239833001059,0.13611745947412843,1.0,407.29
derandomized_seeqst,7,7,haar_random,10,100,99.0,50000,0.045384495260508834,0.9991532239183119,0.11831422174408784,1.0,509.39
random_seeqst,7,7,haar_random,10,100,,10,0.034198188707432985,0.0,0.08968973235107243,1.0,10.0
random_seeqst,7,7,haar_random,10,100,,30,11.8210423026929,4194.303999999999,68.27019645804756,1.0,30.0
random_seeqst,7,7,haar_random,10,100,,100,5.792772793016552,3355.443199999999,20.51538660039709,1.0,100.0
random_seeqst,7,7,haar_random,10,100,,300,2.730616122206964,2517.5175848383365,6.860058057109422,1.0,300.0
random_seeqst,7,7,haar_random,10,100,,1000,1.5487946688206309,2222.8131798999098,6.147529791380901,1.0,1000.0
random_seeqst,7,7,haar_random,10,100,,3000,0.8549607441969634,2097.114704866041,2.776663478086506,1.0,3000.0
random_seeqst,7,7,haar_random,10,100,,10000,0.45628873768239697,1933.5582040507684,1.2884004711891466,1.0,10000.0
random_seeqst,7,7,haar_random,10,100,,20000,0.30264734863764725,2015.3712513019555,0.7411274927861979,1.0,20000.0
random_seeqst,7,7,haar_random,10,100,,30000,0.24505722059287813,2020.2628581475437,0.60573380452248,1.0,30000.0
random_seeqst,7,7,haar_random,10,100,,40000,0.23357941935835433,2053.1074563009875,0.5855559310864736,1.0,40000.0
random_seeqst,7,7,haar_random,10,100,,50000,0.2108585931013106,2051.8486177555083,0.4970933996029089,1.0,50000.0
derandomized_seeqst,7,8,haar_random,10,100,98.0,10,0.9400561839494694,2.0,1.062657993263316,0.09,0.1
derandomized_seeqst,7,8,haar_random,10,100,98.0,30,0.9485454691452141,1.3333333333333333,1.062657993263316,0.27,0.3
derandomized_seeqst,7,8,haar_random,10,100,98.0,100,0.8527198651127141,1.103448275862069,1.0777234724688065,0.63,1.01
derandomized_seeqst,7,8,haar_random,10,100,98.0,300,0.6725297906472814,0.9533661740558291,1.062657993263316,0.99,3.1
derandomized_seeqst,7,8,haar_random,10,100,98.0,1000,0.3615001493776184,0.9741299394836479,1.004467819669891,1.0,10.48
derandomized_seeqst,7,8,haar_random,10,100,98.0,3000,0.19527537305038756,0.9953246920626868,0.5956926062881475,1.0,31.28
derandomized_seeqst,7,8,haar_random,10,100,98.0,10000,0.10337552134323745,0.9981173079325693,0.25809284741183924,1.0,103.86
derandomized_seeqst,7,8,haar_random,10,100,98.0,20000,0.07475546129094046,0.9978192871810195,0.16085955504678343,1.0,207.71
derandomized_seeqst,7,8,haar_random,10,100,98.0,30000,0.06142817889800531,0.9979127925800743,0.1534592228539,1.0,311.76
derandomized_seeqst,7,8,haar_random,10,100,98.0,40000,0.054692215659857255,0.9976455771308776,0.135844570728114,1.0,415.58
derandomized_seeqst,7,8,haar_random,10,100,98.0,50000,0.04894340120492027,0.9979915843466531,0.14013525308588698,1.0,519.61
random_seeqst,7,8,haar_random,10,100,,10,0.03338241435085482,0.0,0.08884587931742889,1.0,10.0
random_seeqst,7,8,haar_random,10,100,,30,0.03338241435085482,0.0,0.08884587931742889,1.0,30.0
random_seeqst,7,8,haar_random,10,100,,100,0.03338241435085482,0.0,0.08884587931742889,1.0,100.0
random_seeqst,7,8,haar_random,10,100,,300,1.9348581274923717,1118.4810666666638,6.889324659929983,1.0,300.0
random_seeqst,7,8,haar_random,10,100,,1000,1.1953461714852318,1594.0034601001132,4.180889742998009,1.0,1000.0
random_seeqst,7,8,haar_random,10,100,,3000,0.7716326323718058,1705.6556553161824,2.0726808769390797,1.0,3000.0
random_seeqst,7,8,haar_random,10,100,,10000,0.4389525506192021,1816.121047829541,1.459937644592771,1.0,10000.0
random_seeqst,7,8,haar_random,10,100,,20000,0.3302228821349596,1941.948071202212,1.0432950992147658,1.0,20000.0
random_seeqst,7,8,haar_random,10,100,,30000,0.2561480933014935,1939.1634734081965,0.7090043112594376,1.0,30000.0
random_seeqst,7,8,haar_random,10,100,,40000,0.22162503768179698,1999.6338028389866,0.5824950992147658,1.0,40000.0
random_seeqst,7,8,haar_random,10,100,,50000,0.1939187708328801,2025.8506104210214,0.576653445065803,1.0,50000.0
derandomized_seeqst,7,9,haar_random,10,100,99.0,10,0.9931495687273156,,1.045212697827744,0.1,0.1
derandomized_seeqst,7,9,haar_random,10,100,99.0,30,0.9669430165216021,1.3333333333333333,1.072288406999727,0.27,0.3
derandomized_seeqst,7,9,haar_random,10,100,99.0,100,0.8769811515819183,1.125,1.072288406999727,0.67,1.01
derandomized_seeqst,7,9,haar_random,10,100,99.0,300,0.6630210765243887,0.989529220779221,1.0693431542753908,0.95,3.03
derandomized_seeqst,7,9,haar_random,10,100,99.0,1000,0.3189742566690426,1.0072533315908603,1.0132704980104386,1.0,10.23
derandomized_seeqst,7,9,haar_random,10,100,99.0,3000,0.18187905116202935,0.9999244022273536,0.4482117165480646,1.0,30.63
derandomized_seeqst,7,9,haar_random,10,100,99.0,10000,0.0937791225978015,0.9995007708633311,0.22855620350893943,1.0,102.04
derandomized_seeqst,7,9,haar_random,10,100,99.0,20000,0.06923101250685056,0.9981870796080149,0.18915553758219136,1.0,204.23
derandomized_seeqst,7,9,haar_random,10,100,99.0,30000,0.05396102795979413,0.9985853410391844,0.13214229344432282,1.0,306.39
derandomized_seeqst,7,9,haar_random,10,100,99.0,40000,0.04518074708190188,0.9988780467586368,0.10532818750411696,1.0,408.09
derandomized_seeqst,7,9,haar_random,10,100,99.0,50000,0.041607833363474435,0.998934688224795,0.10065699996061934,1.0,510.37
random_seeqst,7,9,haar_random,10,100,,10,20.48064024080695,4194.304000000001,204.80612846200594,1.0,10.0
random_seeqst,7,9,haar_random,10,100,,30,9.654555534086642,2796.2026666666648,68.2727951286726,1.0,30.0
random_seeqst,7,9,haar_random,10,100,,100,4.581963493136635,2097.151999999999,20.55228840699973,1.0,100.0
random_seeqst,7,9,haar_random,10,100,,300,2.735888472847965,1675.851230323293,13.725621740333061,1.0,300.0
random_seeqst,7,9,haar_random,10,100,,1000,1.4930882916614754,1803.1308697497561,4.168288406999727,1.0,1000.0
random_seeqst,7,9,haar_random,10,100,,3000,0.8460495477119094,1957.2766001822467,2.739683567101241,1.0,3000.0
random_seeqst,7,9,haar_random,10,100,,10000,0.4835109602483572,2126.488637548506,1.4536739155826148,1.0,10000.0
random_seeqst,7,9,haar_random,10,100,,20000,0.3190470819655687,2071.9880635314703,0.9043632674614964,1.0,20000.0
random_seeqst,7,9,haar_random,10,100,,30000,0.24303534291922477,2014.671291702936,0.5662072489159482,1.0,30000.0
random_seeqst,7,9,haar_random,10,100,,40000,0.224473222197215,2032.1385053763474,0.5832739155826149,1.0,40000.0
random_seeqst,7,9,haar_random,10,100,,50000,0.21256931939947737,2051.0088174125917,0.5935139155826148,1.0,50000.0
derandomized_seeqst,7,0,ghz,10,100,98.0,10,0.9493337494797257,1.3333333333333335,1.0,0.09,0.11
derandomized_seeqst,7,0,ghz,10,100,98.0,30,0.9643864123178916,0.8333333333333334,1.0,0.27,0.32
derandomized_seeqst,7,0,ghz,10,100,98.0,100,0.83282812968985,1.264367816091954,1.0,0.66,1.06
derandomized_seeqst,7,0,ghz,10,100,98.0,300,0.6057841410180983,1.0962585034013608,1.0,0.97,3.18
derandomized_seeqst,7,0,ghz,10,100,98.0,1000,0.3104609904022481,1.0107583403524578,1.0,1.0,10.47
derandomized_seeqst,7,0,ghz,10,100,98.0,3000,0.17690807418478405,1.0023633922900148,0.38461538461538464,1.0,31.16
derandomized_seeqst,7,0,ghz,10,100,98.0,10000,0.09571332414892682,1.0007380190321433,0.25773195876288657,1.0,104.09
derandomized_seeqst,7,0,ghz,10,100,98.0,20000,0.06947690179186457,1.0000945000252703,0.17,1.0,207.92
derandomized_seeqst,7,0,ghz,10,100,98.0,30000,0.05947638819513112,0.9997363900483411,0.13157894736842105,1.0,311.71
derandomized_seeqst,7,0,ghz,10,100,98.0,40000,0.05091971663158728,0.9998613345570164,0.116751269035533,1.0,415.55
derandomized_seeqst,7,0,ghz,10,100,98.0,50000,0.046220453765136435,0.9998254139708869,0.11570247933884298,1.0,519.18
random_seeqst,7,0,ghz,10,100,,10,0.0,0.0,0.0,1.0,10.0
random_seeqst,7,0,ghz,10,100,,30,0.0,0.0,0.0,1.0,30.0
random_seeqst,7,0,ghz,10,100,,100,3.547240053901061,1258.2911999999997,20.48,1.0,100.0
random_seeqst,7,0,ghz,10,100,,300,2.3648267026007073,1677.7215999999917,6.826666666666667,1.0,300.0
random_seeqst,7,0,ghz,10,100,,1000,1.2116131395788012,1551.9764500500598,4.096,1.0,1000.0
random_seeqst,7,0,ghz,10,100,,3000,0.796119298709545,1817.5037619828395,2.048,1.0,3000.0
random_seeqst,7,0,ghz,10,100,,10000,0.4565708146607709,2059.4007471659133,1.2288,1.0,10000.0
random_seeqst,7,0,ghz,10,100,,20000,0.3442224397101386,2034.2206619453482,0.8192,1.0,20000.0
random_seeqst,7,0,ghz,10,100,,30000,0.29131555216523086,2050.998157854618,0.8192,1.0,30000.0
random_seeqst,7,0,ghz,10,100,,40000,0.23221330883478666,2047.8662016344963,0.6656,1.0,40000.0
random_seeqst,7,0,ghz,10,100,,50000,0.2005367466376175,2047.6599510128972,0.6144,1.0,50000.0
derandomized_seeqst,7,1,ghz,10,100,96.0,10,1.0,,1.0,0.13,0.13
derandomized_seeqst,7,1,ghz,10,100,96.0,30,1.0,0.0,1.0,0.33,0.34
derandomized_seeqst,7,1,ghz,10,100,96.0,100,0.8913251637332056,0.8761904761904761,1.0,0.69,1.07
derandomized_seeqst,7,1,ghz,10,100,96.0,300,0.6508460612186676,0.9698219125048393,1.0,0.95,3.25
derandomized_seeqst,7,1,ghz,10,100,96.0,1000,0.3180360876929956,1.0147186289802388,1.0,1.0,10.75
derandomized_seeqst,7,1,ghz,10,100,96.0,3000,0.18273598793868442,0.9998448302608952,0.5625,1.0,32.38
derandomized_seeqst,7,1,ghz,10,100,96.0,10000,0.10317342726596174,0.9990626998162137,0.2727272727272727,1.0,108.16
derandomized_seeqst,7,1,ghz,10,100,96.0,20000,0.07154076085741735,0.9997027725427347,0.1956521739130435,1.0,216.03
derandomized_seeqst,7,1,ghz,10,100,96.0,30000,0.0562865283078913,1.0000432815895948,0.17687074829931973,1.0,324.18
derandomized_seeqst,7,1,ghz,10,100,96.0,40000,0.048968176311416485,1.0000065635080113,0.17560975609756097,1.0,431.91
derandomized_seeqst,7,1,ghz,10,100,96.0,50000,0.044929719822158334,0.9999050041800159,0.17509727626459143,1.0,540.26
random_seeqst,7,1,ghz,10,100,,10,20.48,4194.304000000001,204.8,1.0,10.0
random_seeqst,7,1,ghz,10,100,,30,6.826666666666667,1398.1013333333312,68.26666666666667,1.0,30.0
random_seeqst,7,1,ghz,10,100,,100,5.016554993219949,2516.582399999999,20.48,1.0,100.0
random_seeqst,7,1,ghz,10,100,,300,2.81470677375499,2376.7722666666527,6.826666666666667,1.0,300.0
random_seeqst,7,1,ghz,10,100,,1000,1.5049664979659847,1929.0439597998181,4.096,1.0,1000.0
random_seeqst,7,1,ghz,10,100,,3000,0.9004991800847646,2097.040114598163,2.7306666666666666,1.0,3000.0
random_seeqst,7,1,ghz,10,100,,10000,0.43589215546967575,2084.5875447832614,0.8192,1.0,10000.0
random_seeqst,7,1,ghz,10,100,,20000,0.3582536844192953,2076.1559420947915,0.9216,1.0,20000.0
random_seeqst,7,1,ghz,10,100,,30000,0.30284558353501984,2016.0376084731006,0.9557333333333333,1.0,30000.0
random_seeqst,7,1,ghz,10,100,,40000,0.25594879487897576,2041.5630012894853,0.7168,1.0,40000.0
random_seeqst,7,1,ghz,10,100,,50000,0.208815670829562,2035.9122758616993,0.57344,1.0,50000.0
derandomized_seeqst,7,2,ghz,10,100,98.0,10,0.9428090415820634,1.3333333333333335,1.0,0.08,0.1
derandomized_seeqst,7,2,ghz,10,100,98.0,30,0.9668846365431306,1.6666666666666667,1.0,0.29,0.32
derandomized_seeqst,7,2,ghz,10,100,98.0,100,0.8746881530461957,1.2266666666666668,1.0,0.7,1.04
derandomized_seeqst,7,2,ghz,10,100,98.0,300,0.6829348380240133,0.9445620223398001,1.0,0.97,3.1
derandomized_seeqst,7,2,ghz,10,100,98.0,1000,0.32009850960802744,1.0038978139163897,1.0,1.0,10.37
derandomized_seeqst,7,2,ghz,10,100,98.0,3000,0.17406579274859427,1.003368649060788,0.6216216216216216,1.0,31.02
derandomized_seeqst,7,2,ghz,10,100,98.0,10000,0.10645639867013114,0.9985281395949961,0.38613861386138615,1.0,103.92
derandomized_seeqst,7,2,ghz,10,100,98.0,20000,0.06858124578366129,1.000214789321118,0.20192307692307693,1.0,207.62
derandomized_seeqst,7,2,ghz,10,100,98.0,30000,0.05662084251425245,1.0000716362134079,0.17525773195876287,1.0,312.01
derandomized_seeqst,7,2,ghz,10,100,98.0,40000,0.04868618244173653,1.0000859054384044,0.12649164677804295,1.0,416.17
derandomized_seeqst,7,2,ghz,10,100,98.0,50000,0.04735279168505274,0.9997212003252042,0.13575525812619502,1.0,520.21
random_seeqst,7,2,ghz,10,100,,10,0.0,0.0,0.0,1.0,10.0
random_seeqst,7,2,ghz,10,100,,30,6.826666666666667,1398.1013333333321,68.26666666666667,1.0,30.0
random_seeqst,7,2,ghz,10,100,,100,3.547240053901061,1258.2911999999994,20.48,1.0,100.0
random_seeqst,7,2,ghz,10,100,,300,2.048,1258.2911999999926,6.826666666666667,1.0,300.0
random_seeqst,7,2,ghz,10,100,,1000,1.2952689296049682,2013.6018002002156,4.096,1.0,1000.0
random_seeqst,7,2,ghz,10,100,,3000,0.871570454855933,2055.1343697320885,3.4133333333333336,1.0,3000.0
random_seeqst,7,2,ghz,10,100,,10000,0.44067706452684824,2009.0783275575443,1.2288,1.0,10000.0
random_seeqst,7,2,ghz,10,100,,20000,0.349362628797071,2059.384178962779,1.2288,1.0,20000.0
random_seeqst,7,2,ghz,10,100,,30000,0.24933693259434223,2044.0301147650023,0.8874666666666666,1.0,30000.0
random_seeqst,7,2,ghz,10,100,,40000,0.2199217315319248,2031.0941237854597,0.6144,1.0,40000.0
random_seeqst,7,2,ghz,10,100,,50000,0.20594368659417556,2023.3303034045018,0.6144,1.0,50000.0
derandomized_seeqst,7,3,ghz,10,100,97.0,10,1.0,,1.0,0.1,0.1
derandomized_seeqst,7,3,ghz,10,100,97.0,30,1.0,0.0,1.0,0.26,0.3
derandomized_seeqst,7,3,ghz,10,100,97.0,100,0.87727295817052,1.2222222222222223,1.0,0.68,1.02
derandomized_seeqst,7,3,ghz,10,100,97.0,300,0.6395821961283894,0.9744186046511628,1.0,0.97,3.19
derandomized_seeqst,7,3,ghz,10,100,97.0,1000,0.32854723406877345,0.9977141693531786,1.0,1.0,10.64
derandomized_seeqst,7,3,ghz,10,100,97.0,3000,0.1942921966360659,0.9951516557702936,0.6153846153846154,1.0,31.84
derandomized_seeqst,7,3,ghz,10,100,97.0,10000,0.11039533365274148,0.9975875353793617,0.2808988764044944,1.0,106.23
derandomized_seeqst,7,3,ghz,10,100,97.0,20000,0.07253800445355518,0.9996049251881515,0.16363636363636364,1.0,211.97
derandomized_seeqst,7,3,ghz,10,100,97.0,30000,0.05581956264114289,1.000127167113163,0.1393188854489164,1.0,318.11
derandomized_seeqst,7,3,ghz,10,100,97.0,40000,0.046756841475433394,1.0002445186921143,0.11300121506682867,1.0,424.04
derandomized_seeqst,7,3,ghz,10,100,97.0,50000,0.04247610268275179,1.0001389099430593,0.0995850622406639,1.0,529.73
random_seeqst,7,3,ghz,10,100,,10,0.0,0.0,0.0,1.0,10.0
random_seeqst,7,3,ghz,10,100,,30,6.826666666666667,1398.1013333333333,68.26666666666667,1.0,30.0
random_seeqst,7,3,ghz,10,100,,100,5.016554993219949,2516.582399999999,20.48,1.0,100.0
random_seeqst,7,3,ghz,10,100,,300,2.554304776037678,1957.341866666653,6.826666666666667,1.0,300.0
random_seeqst,7,3,ghz,10,100,,1000,1.2624719878080464,1677.8055700500656,4.096,1.0,1000.0
random_seeqst,7,3,ghz,10,100,,3000,0.804852129966189,2083.2176055840673,2.048,1.0,3000.0
random_seeqst,7,3,ghz,10,100,,10000,0.4281250807883135,2000.6997868938518,1.024,1.0,10000.0
random_seeqst,7,3,ghz,10,100,,20000,0.320399111109878,2044.722780548988,0.9216,1.0,20000.0
random_seeqst,7,3,ghz,10,100,,30000,0.2687661354329365,2004.8719058284676,0.9557333333333333,1.0,30000.0
random_seeqst,7,3,ghz,10,100,,40000,0.2254544778885529,2031.0916595701353,0.6144,1.0,40000.0
random_seeqst,7,3,ghz,10,100,,50000,0.20228600995620036,2025.848429339539,0.49152,1.0,50000.0
derandomized_seeqst,7,4,ghz,10,100,98.0,10,1.0,0.0,1.0,0.09,0.1
derandomized_seeqst,7,4,ghz,10,100,98.0,30,0.9813067629253163,0.33333333333333337,1.0,0.24,0.3
derandomized_seeqst,7,4,ghz,10,100,98.0,100,0.8487427753595046,0.9875,1.0,0.61,1.03
derandomized_seeqst,7,4,ghz,10,100,98.0,300,0.6474420081698891,0.9794681508967223,1.0,0.9,3.08
derandomized_seeqst,7,4,ghz,10,100,98.0,1000,0.2911739217367409,1.033274276119477,1.0,1.0,10.35
derandomized_seeqst,7,4,ghz,10,100,98.0,3000,0.18358206022138862,0.9998079585882822,0.4666666666666667,1.0,31.17
derandomized_seeqst,7,4,ghz,10,100,98.0,10000,0.09997673515826526,0.999919916681947,0.2621359223300971,1.0,104.18
derandomized_seeqst,7,4,ghz,10,100,98.0,20000,0.07136197654355911,0.9998266571311373,0.16981132075471697,1.0,207.94
derandomized_seeqst,7,4,ghz,10,100,98.0,30000,0.05402403385570289,1.0003568139444932,0.14754098360655737,1.0,311.91
derandomized_seeqst,7,4,ghz,10,100,98.0,40000,0.047975773965886384,1.0001529419348574,0.11650485436893204,1.0,416.02
derandomized_seeqst,7,4,ghz,10,100,98.0,50000,0.04382649480405701,1.0000422722385574,0.13111545988258316,1.0,519.95
random_seeqst,7,4,ghz,10,100,,10,0.0,0.0,0.0,1.0,10.0
random_seeqst,7,4,ghz,10,100,,30,0.0,0.0,0.0,1.0,30.0
random_seeqst,7,4,ghz,10,100,,100,6.144,3774.8735999999985,20.48,1.0,100.0
random_seeqst,7,4,ghz,10,100,,300,2.896309375740099,2236.0269484949686,13.653333333333334,1.0,300.0
random_seeqst,7,4,ghz,10,100,,1000,1.3113598438262473,1887.6047401001115,4.096,1.0,1000.0
random_seeqst,7,4,ghz,10,100,,3000,0.8662068934280206,1971.2296421651397,2.7306666666666666,1.0,3000.0
random_seeqst,7,4,ghz,10,100,,10000,0.47811041402588167,2017.4333777697677,1.4336,1.0,10000.0
random_seeqst,7,4,ghz,10,100,,20000,0.31411940659564475,2006.976141805816,0.8192,1.0,20000.0
random_seeqst,7,4,ghz,10,100,,30000,0.24280295074172573,1964.3388980240122,0.7509333333333333,1.0,30000.0
random_seeqst,7,4,ghz,10,100,,40000,0.21625561171909505,2006.977871957468,0.6144,1.0,40000.0
random_seeqst,7,4,ghz,10,100,,50000,0.21013717546402874,2033.3950894697316,0.65536,1.0,50000.0
derandomized_seeqst,7,5,ghz,10,100,96.0,10,1.0,,1.0,0.14,0.14
derandomized_seeqst,7,5,ghz,10,100,96.0,30,0.9486832980505138,1.0,1.0,0.3,0.36
derandomized_seeqst,7,5,ghz,10,100,96.0,100,0.8894080609443484,0.9571428571428571,1.0,0.69,1.06
derandomized_seeqst,7,5,ghz,10,100,96.0,300,0.6149116681832121,1.0689202429943172,1.0,0.92,3.22
derandomized_seeqst,7,5,ghz,10,100,96.0,1000,0.2991830442861609,1.0213955782779311,0.8181818181818182,1.0,10.92
derandomized_seeqst,7,5,ghz,10,100,96.0,3000,0.17760453142959787,1.0013656010932,0.5862068965517241,1.0,32.93
derandomized_seeqst,7,5,ghz,10,100,96.0,10000,0.09597099103727202,1.0004691252535356,0.24705882352941178,1.0,109.78
derandomized_seeqst,7,5,ghz,10,100,96.0,20000,0.06054581665927727,1.001164272461214,0.15217391304347827,1.0,219.93
derandomized_seeqst,7,5,ghz,10,100,96.0,30000,0.060975963406393635,0.999494807838884,0.19148936170212766,1.0,330.57
derandomized_seeqst,7,5,ghz,10,100,96.0,40000,0.04992699866235122,0.9999150895885184,0.14004914004914004,1.0,440.97
derandomized_seeqst,7,5,ghz,10,100,96.0,50000,0.04181860930022068,1.0001773972121315,0.11637080867850098,1.0,550.92
random_seeqst,7,5,ghz,10,100,,10,0.0,0.0,0.0,1.0,10.0
random_seeqst,7,5,ghz,10,100,,30,6.826666666666667,1398.1013333333333,68.26666666666667,1.0,30.0
random_seeqst,7,5,ghz,10,100,,100,4.096,1677.7215999999992,20.48,1.0,100.0
random_seeqst,7,5,ghz,10,100,,300,2.3648267026007073,1677.7215999999912,6.826666666666667,1.0,300.0
random_seeqst,7,5,ghz,10,100,,1000,1.5049664979659847,2516.8343101501664,4.096,1.0,1000.0
random_seeqst,7,5,ghz,10,100,,3000,0.796119298709545,2181.1313178347928,2.7306666666666666,1.0,3000.0
random_seeqst,7,5,ghz,10,100,,10000,0.4705945720043953,1971.298550603874,1.6384,1.0,10000.0
random_seeqst,7,5,ghz,10,100,,20000,0.3337046166896706,2030.0332788929015,0.9216,1.0,20000.0
random_seeqst,7,5,ghz,10,100,,30000,0.28014297809828786,2080.365649433841,0.7509333333333333,1.0,30000.0
random_seeqst,7,5,ghz,10,100,,40000,0.236353308417716,2094.0027591829903,0.512,1.0,40000.0
random_seeqst,7,5,ghz,10,100,,50000,0.21992888334186578,2089.5956760004105,0.49152,1.0,50000.0
derandomized_seeqst,7,6,ghz,10,100,99.0,10,1.0,,1.0,0.1,0.1
derandomized_seeqst,7,6,ghz,10,100,99.0,30,0.9622504486493763,1.3333333333333333,1.0,0.27,0.3
derandomized_seeqst,7,6,ghz,10,100,99.0,100,0.8555375178473732,0.9666666666666667,1.0,0.6,1.01
derandomized_seeqst,7,6,ghz,10,100,99.0,300,0.6289200572390591,1.009064830751578,1.0,0.93,3.05
derandomized_seeqst,7,6,ghz,10,100,99.0,1000,0.32410638563769045,1.002164515223339,1.0,1.0,10.14
derandomized_seeqst,7,6,ghz,10,100,99.0,3000,0.1697456201310778,1.0053115049217651,0.4782608695652174,1.0,30.5
derandomized_seeqst,7,6,ghz,10,100,99.0,10000,0.0995539339033128,1.0000788299761885,0.3617021276595745,1.0,102.07
derandomized_seeqst,7,6,ghz,10,100,99.0,20000,0.0721199754599109,0.9997749077971144,0.20930232558139536,1.0,204.01
derandomized_seeqst,7,6,ghz,10,100,99.0,30000,0.057286912033173196,1.0000278732220802,0.136986301369863,1.0,305.79
derandomized_seeqst,7,6,ghz,10,100,99.0,40000,0.0497167507299313,1.000009135255977,0.1326530612244898,1.0,407.71
derandomized_seeqst,7,6,ghz,10,100,99.0,50000,0.044488456124349963,1.0000044648356,0.1331923890063425,1.0,509.96
random_seeqst,7,6,ghz,10,100,,10,0.0,0.0,0.0,1.0,10.0
random_seeqst,7,6,ghz,10,100,,30,0.0,0.0,0.0,1.0,30.0
random_seeqst,7,6,ghz,10,100,,100,2.8963093757400986,838.8607999999996,20.48,1.0,100.0
random_seeqst,7,6,ghz,10,100,,300,2.3648267026007073,1677.7215999999928,6.826666666666667,1.0,300.0
random_seeqst,7,6,ghz,10,100,,1000,1.4040380621621338,2055.2929300500573,4.096,1.0,1000.0
random_seeqst,7,6,ghz,10,100,,3000,0.8163506000623888,2167.113009367521,2.7306666666666666,1.0,3000.0
random_seeqst,7,6,ghz,10,100,,10000,0.4652161716879584,2122.313629276469,1.4336,1.0,10000.0
random_seeqst,7,6,ghz,10,100,,20000,0.3504115431888624,2141.1764625737924,1.1264,1.0,20000.0
random_seeqst,7,6,ghz,10,100,,30000,0.2808905811482076,2123.7078160755536,0.8192,1.0,30000.0
random_seeqst,7,6,ghz,10,100,,40000,0.23618688193885792,2101.343053333451,0.6656,1.0,40000.0
random_seeqst,7,6,ghz,10,100,,50000,0.19826501730764307,2076.182694637369,0.6144,1.0,50000.0
derandomized_seeqst,7,7,ghz,10,100,96.0,10,1.0,,1.0,0.1,0.1
derandomized_seeqst,7,7,ghz,10,100,96.0,30,0.9839989676081822,0.33333333333333337,1.0,0.28,0.34
derandomized_seeqst,7,7,ghz,10,100,96.0,100,0.9004382543625546,0.8045977011494252,1.0,0.69,1.1
derandomized_seeqst,7,7,ghz,10,100,96.0,300,0.7168316506762165,0.8398412698412698,1.0,0.97,3.29
derandomized_seeqst,7,7,ghz,10,100,96.0,1000,0.3326924050427633,0.9995395415595307,1.0,1.0,10.73
derandomized_seeqst,7,7,ghz,10,100,96.0,3000,0.1973003541354733,0.993951754152114,0.52,1.0,32.45
derandomized_seeqst,7,7,ghz,10,100,96.0,10000,0.10209473333689055,0.9992592516417845,0.2967032967032967,1.0,108.15
derandomized_seeqst,7,7,ghz,10,100,96.0,20000,0.07961608778517879,0.9984769715471926,0.20192307692307693,1.0,216.07
derandomized_seeqst,7,7,ghz,10,100,96.0,30000,0.06135964022153372,0.9994475499510123,0.17687074829931973,1.0,324.28
derandomized_seeqst,7,7,ghz,10,100,96.0,40000,0.053828316170837776,0.9995088793439949,0.16470588235294117,1.0,431.95
derandomized_seeqst,7,7,ghz,10,100,96.0,50000,0.04636135303711411,0.9997745559344593,0.1318181818181818,1.0,539.99
random_seeqst,7,7,ghz,10,100,,10,20.48,4194.304000000001,204.8,1.0,10.0
random_seeqst,7,7,ghz,10,100,,30,6.826666666666667,1398.1013333333312,68.26666666666667,1.0,30.0
random_seeqst,7,7,ghz,10,100,,100,3.547240053901061,1258.291199999999,20.48,1.0,100.0
random_seeqst,7,7,ghz,10,100,,300,2.6439566310109304,2097.1519999999887,6.826666666666667,1.0,300.0
random_seeqst,7,7,ghz,10,100,,1000,1.3113598438262473,1971.5747901501716,4.096,1.0,1000.0
random_seeqst,7,7,ghz,10,100,,3000,0.7843242866739921,1929.4078113504077,2.048,1.0,3000.0
random_seeqst,7,7,ghz,10,100,,10000,0.4723737638777158,2088.749129940157,1.2288,1.0,10000.0
random_seeqst,7,7,ghz,10,100,,20000,0.3541323052193911,2151.660125316777,1.024,1.0,20000.0
random_seeqst,7,7,ghz,10,100,,30000,0.265363343026542,2112.5311146668532,0.5461333333333334,1.0,30000.0
random_seeqst,7,7,ghz,10,100,,40000,0.2137561676303166,2100.304543914664,0.512,1.0,40000.0
random_seeqst,7,7,ghz,10,100,,50000,0.18422895529204958,2101.354390780467,0.49152,1.0,50000.0
derandomized_seeqst,7,8,ghz,10,100,98.0,10,0.9428090415820634,2.0,1.0,0.09,0.1
derandomized_seeqst,7,8,ghz,10,100,98.0,30,0.9198662110077999,1.1428571428571428,1.0,0.26,0.33
derandomized_seeqst,7,8,ghz,10,100,98.0,100,0.8368099521739376,1.1714285714285713,1.0,0.62,1.04
derandomized_seeqst,7,8,ghz,10,100,98.0,300,0.6647334614418898,1.0589363017934446,1.0,0.98,3.13
derandomized_seeqst,7,8,ghz,10,100,98.0,1000,0.3385407811144591,1.0068403880018477,1.0,1.0,10.41
derandomized_seeqst,7,8,ghz,10,100,98.0,3000,0.21175628037134084,0.9886747752788513,0.5833333333333334,1.0,31.18
derandomized_seeqst,7,8,ghz,10,100,98.0,10000,0.101338470155135,0.9996287599572944,0.2523364485981308,1.0,104.0
derandomized_seeqst,7,8,ghz,10,100,98.0,20000,0.07098051392404636,0.9998875019197786,0.27601809954751133,1.0,208.14
derandomized_seeqst,7,8,ghz,10,100,98.0,30000,0.05679271819373673,1.0000528357265164,0.16129032258064516,1.0,312.53
derandomized_seeqst,7,8,ghz,10,100,98.0,40000,0.051344118511870374,0.9998201621168041,0.12371134020618557,1.0,416.45
derandomized_seeqst,7,8,ghz,10,100,98.0,50000,0.04657150127127372,0.9997951391701627,0.11247443762781185,1.0,520.71
random_seeqst,7,8,ghz,10,100,,10,0.0,0.0,0.0,1.0,10.0
random_seeqst,7,8,ghz,10,100,,30,9.654364585800328,2796.2026666666643,68.26666666666667,1.0,30.0
random_seeqst,7,8,ghz,10,100,,100,5.418498685060282,2936.0127999999986,20.48,1.0,100.0
random_seeqst,7,8,ghz,10,100,,300,2.64395663101093,2097.151999999987,6.826666666666667,1.0,300.0
random_seeqst,7,8,ghz,10,100,,1000,1.2952689296049682,2097.571850250277,4.096,1.0,1000.0
random_seeqst,7,8,ghz,10,100,,3000,0.8220395232455541,2390.874489185245,2.048,1.0,3000.0
random_seeqst,7,8,ghz,10,100,,10000,0.43829113976898965,2021.6645953362647,1.4336,1.0,10000.0
random_seeqst,7,8,ghz,10,100,,20000,0.3541323052193911,2059.380823351814,1.1264,1.0,20000.0
random_seeqst,7,8,ghz,10,100,,30000,0.28171892438307294,2067.781432495912,0.8192,1.0,30000.0
random_seeqst,7,8,ghz,10,100,,40000,0.22753777708327905,2039.4795335486922,0.8192,1.0,40000.0
random_seeqst,7,8,ghz,10,100,,50000,0.19792624727407934,2040.9499706006995,0.73728,1.0,50000.0
derandomized_seeqst,7,9,ghz,10,100,98.0,10,1.0,0.0,1.0,0.08,0.1
derandomized_seeqst,7,9,ghz,10,100,98.0,30,1.0,0.0,1.0,0.27,0.32
derandomized_seeqst,7,9,ghz,10,100,98.0,100,0.8966384853867819,0.7728395061728395,1.0,0.62,1.02
derandomized_seeqst,7,9,ghz,10,100,98.0,300,0.6282603003289032,1.076068376068376,1.0,0.94,3.12
derandomized_seeqst,7,9,ghz,10,100,98.0,1000,0.331493914020924,1.0081984018733243,1.0,1.0,10.34
derandomized_seeqst,7,9,ghz,10,100,98.0,3000,0.17832398010037936,1.0023468191265812,0.5,1.0,31.11
derandomized_seeqst,7,9,ghz,10,100,98.0,10000,0.09399218123509419,1.0010557053574112,0.23711340206185566,1.0,103.91
derandomized_seeqst,7,9,ghz,10,100,98.0,20000,0.07632580463857029,0.9990912877727718,0.20772946859903382,1.0,207.8
derandomized_seeqst,7,9,ghz,10,100,98.0,30000,0.0625350641584949,0.9993651695909733,0.16546762589928057,1.0,312.03
derandomized_seeqst,7,9,ghz,10,100,98.0,40000,0.05247624431628833,0.9997017965444671,0.15053763440860216,1.0,415.86
derandomized_seeqst,7,9,ghz,10,100,98.0,50000,0.048131431164252794,0.9996464602564603,0.12236286919831224,1.0,519.69
random_seeqst,7,9,ghz,10,100,,10,0.0,0.0,0.0,1.0,10.0
random_seeqst,7,9,ghz,10,100,,30,0.0,0.0,0.0,1.0,30.0
random_seeqst,7,9,ghz,10,100,,100,3.547240053901061,1258.2911999999994,20.48,1.0,100.0
random_seeqst,7,9,ghz,10,100,,300,2.3648267026007073,1677.7215999999917,6.826666666666667,1.0,300.0
random_seeqst,7,9,ghz,10,100,,1000,1.3429634097770498,1635.6106198999082,4.096,1.0,1000.0
random_seeqst,7,9,ghz,10,100,,3000,0.7028483509580459,1873.5863196354032,2.048,1.0,3000.0
random_seeqst,7,9,ghz,10,100,,10000,0.4373331252032025,1786.7609198295513,1.8432,1.0,10000.0
random_seeqst,7,9,ghz,10,100,,20000,0.32591524787895393,1935.6618583443262,1.024,1.0,20000.0
random_seeqst,7,9,ghz,10,100,,30000,0.26980451458211163,1915.3898785200684,0.8192,1.0,30000.0
random_seeqst,7,9,ghz,10,100,,40000,0.24586664352856,1977.6033256769429,0.7168,1.0,40000.0
random_seeqst,7,9,ghz,10,100,,50000,0.2191647083998699,2014.097029571697,0.6144,1.0,50000.0
derandomized_seeqst,7,0,random_stabilizer,10,100,95.0,10,1.0,,1.0,0.12,0.12
derandomized_seeqst,7,0,random_stabilizer,10,100,95.0,30,0.9656809424130117,1.1111111111111112,1.0,0.28,0.32
derandomized_seeqst,7,0,random_stabilizer,10,100,95.0,100,0.8842300295160979,1.0133333333333332,1.0,0.68,1.06
derandomized_seeqst,7,0,random_stabilizer,10,100,95.0,300,0.6103432120091933,1.083961566888396,1.0,0.95,3.24
derandomized_seeqst,7,0,random_stabilizer,10,100,95.0,1000,0.2833098037073915,1.0265784693567301,1.0,1.0,11.03
derandomized_seeqst,7,0,random_stabilizer,10,100,95.0,3000,0.17812096508554878,1.0007457543135472,0.4482758620689655,1.0,32.84
derandomized_seeqst,7,0,random_stabilizer,10,100,95.0,10000,0.09809007335307066,0.9999654551130841,0.32432432432432434,1.0,110.15
derandomized_seeqst,7,0,random_stabilizer,10,100,95.0,20000,0.06936465803967089,0.9999654652119219,0.19148936170212766,1.0,220.29
derandomized_seeqst,7,0,random_stabilizer,10,100,95.0,30000,0.05500100692124994,1.0001517040679035,0.14576271186440679,1.0,329.93
derandomized_seeqst,7,0,random_stabilizer,10,100,95.0,40000,0.04545038304236311,1.0003169411362631,0.115,1.0,440.37
derandomized_seeqst,7,0,random_stabilizer,10,100,95.0,50000,0.04213119880930969,1.0001301575782762,0.13545816733067728,1.0,550.52
random_seeqst,7,0,random_stabilizer,10,100,,10,6.774311733017761e-19,0.0,6.071532165918825e-18,1.0,10.0
random_seeqst,7,0,random_stabilizer,10,100,,30,6.774311733017761e-19,0.0,6.071532165918825e-18,1.0,30.0
random_seeqst,7,0,random_stabilizer,10,100,,100,2.8963093757400986,838.8607999999996,20.48,1.0,100.0
random_seeqst,7,0,random_stabilizer,10,100,,300,2.4613896707167506,1817.5317333333264,6.826666666666667,1.0,300.0
random_seeqst,7,0,random_stabilizer,10,100,,1000,1.7854050072742598,2431.9405895495656,6.144,1.0,1000.0
random_seeqst,7,0,random_stabilizer,10,100,,3000,0.8608099132019024,1999.2103163987588,3.4133333333333336,1.0,3000.0
random_seeqst,7,0,random_stabilizer,10,100,,10000,0.4187145891893427,2004.9024803408306,1.2288,1.0,10000.0
random_seeqst,7,0,random_stabilizer,10,100,,20000,0.30047028738296233,1977.6229347533717,0.7168,1.0,20000.0
random_seeqst,7,0,random_stabilizer,10,100,,30000,0.24746078153921686,1990.9014252094864,0.6144,1.0,30000.0
random_seeqst,7,0,random_stabilizer,10,100,,40000,0.2128344032340636,2030.0485887316975,0.6144,1.0,40000.0
random_seeqst,7,0,random_stabilizer,10,100,,50000,0.18917135546376995,2037.5978493557723,0.45056,1.0,50000.0
derandomized_seeqst,7,1,random_stabilizer,10,100,100.0,10,1.0,,1.0,0.1,0.1
derandomized_seeqst,7,1,random_stabilizer,10,100,100.0,30,0.9622504486493763,1.3333333333333333,1.0,0.27,0.3
derandomized_seeqst,7,1,random_stabilizer,10,100,100.0,100,0.8198915917499229,1.1176470588235294,1.0,0.6,1.0
derandomized_seeqst,7,1,random_stabilizer,10,100,100.0,300,0.6338693934237873,1.0064257028112449,1.0,0.93,3.0
derandomized_seeqst,7,1,random_stabilizer,10,100,100.0,1000,0.3458032103716128,0.9889140695905401,1.0,1.0,10.0
derandomized_seeqst,7,1,random_stabilizer,10,100,100.0,3000,0.18735985962184973,0.9991102985948443,0.4857142857142857,1.0,30.0
derandomized_seeqst,7,1,random_stabilizer,10,100,100.0,10000,0.10726008816467983,0.9985821957931859,0.27472527472527475,1.0,100.0
derandomized_seeqst,7,1,random_stabilizer,10,100,100.0,20000,0.06679321223213285,1.000561774547969,0.17647058823529413,1.0,200.0
derandomized_seeqst,7,1,random_stabilizer,10,100,100.0,30000,0.057496918358876256,1.0000356920149662,0.1407942238267148,1.0,300.0
derandomized_seeqst,7,1,random_stabilizer,10,100,100.0,40000,0.04923900303588553,1.0000813076384036,0.13368983957219252,1.0,400.0
derandomized_seeqst,7,1,random_stabilizer,10,100,100.0,50000,0.045116025375770204,0.999968103605722,0.13626834381551362,1.0,500.0
random_seeqst,7,1,random_stabilizer,10,100,,10,28.96309375740099,8388.608000000002,204.8,1.0,10.0
random_seeqst,7,1,random_stabilizer,10,100,,30,9.654364585800328,2796.202666666663,68.26666666666667,1.0,30.0
random_seeqst,7,1,random_stabilizer,10,100,,100,4.57946721791957,2097.151999999999,20.48,1.0,100.0
random_seeqst,7,1,random_stabilizer,10,100,,300,2.4613896707167506,1817.5317333333212,6.826666666666667,1.0,300.0
random_seeqst,7,1,random_stabilizer,10,100,,1000,1.3584895141295716,1845.4937600000164,4.096,1.0,1000.0
random_seeqst,7,1,random_stabilizer,10,100,,3000,0.7288885420053376,1929.4917254017453,2.048,1.0,3000.0
random_seeqst,7,1,random_stabilizer,10,100,,10000,0.3955344981161567,2084.6211025710504,1.024,1.0,10000.0
random_seeqst,7,1,random_stabilizer,10,100,,20000,0.315451838479347,2153.7832833021066,0.8192,1.0,20000.0
random_seeqst,7,1,random_stabilizer,10,100,,30000,0.26676461134615786,2168.456286518739,0.8192,1.0,30000.0
random_seeqst,7,1,random_stabilizer,10,100,,40000,0.2127728102930447,2117.0825987963644,0.5632,1.0,40000.0
random_seeqst,7,1,random_stabilizer,10,100,,50000,0.17324675876910367,2098.002806417216,0.53248,1.0,50000.0
derandomized_seeqst,7,2,random_stabilizer,10,100,96.0,10,1.0,,1.0,0.1,0.1
derandomized_seeqst,7,2,random_stabilizer,10,100,96.0,30,0.9677334015667417,1.3333333333333335,1.0,0.28,0.32
derandomized_seeqst,7,2,random_stabilizer,10,100,96.0,100,0.8357108940373449,1.075268817204301,1.0,0.63,1.06
derandomized_seeqst,7,2,random_stabilizer,10,100,96.0,300,0.6835464468435495,0.9217519106407998,1.0,0.96,3.19
derandomized_seeqst,7,2,random_stabilizer,10,100,96.0,1000,0.31779516506206534,1.005353412758851,1.0,1.0,10.71
derandomized_seeqst,7,2,random_stabilizer,10,100,96.0,3000,0.18492785554567584,0.998813384095014,0.5454545454545454,1.0,32.3
derandomized_seeqst,7,2,random_stabilizer,10,100,96.0,10000,0.09124429033911863,1.0014048278316725,0.22916666666666666,1.0,108.31
derandomized_seeqst,7,2,random_stabilizer,10,100,96.0,20000,0.07200211083126067,0.9996440296567531,0.18134715025906736,1.0,216.44
derandomized_seeqst,7,2,random_stabilizer,10,100,96.0,30000,0.05966529602851277,0.9996499771022882,0.12915129151291513,1.0,324.24
derandomized_seeqst,7,2,random_stabilizer,10,100,96.0,40000,0.04539490345268615,1.0003464366921353,0.13725490196078433,1.0,432.35
derandomized_seeqst,7,2,random_stabilizer,10,100,96.0,50000,0.04150355295550539,1.000201174393717,0.12598425196850394,1.0,539.99
random_seeqst,7,2,random_stabilizer,10,100,,10,1.7347234759768072e-19,0.0,8.673617379884035e-19,1.0,10.0
random_seeqst,7,2,random_stabilizer,10,100,,30,6.826666666666667,1398.101333333333,68.26666666666667,1.0,30.0
random_seeqst,7,2,random_stabilizer,10,100,,100,4.096,1677.7215999999992,20.48,1.0,100.0
random_seeqst,7,2,random_stabilizer,10,100,,300,2.2641491902159534,1818.4669181716745,6.826666666666667,1.0,300.0
random_seeqst,7,2,random_stabilizer,10,100,,1000,1.3272556950339296,2013.517830150169,4.096,1.0,1000.0
random_seeqst,7,2,random_stabilizer,10,100,,3000,0.9581683266640691,2166.861267213471,3.4133333333333336,1.0,3000.0
random_seeqst,7,2,random_stabilizer,10,100,,10000,0.4754713299453501,2025.8253415485724,1.4336,1.0,10000.0
random_seeqst,7,2,random_stabilizer,10,100,,20000,0.3380751159136087,2080.3645074416977,1.1264,1.0,20000.0
random_seeqst,7,2,random_stabilizer,10,100,,30000,0.2454753907557062,2106.9486827890055,0.6144,1.0,30000.0
random_seeqst,7,2,random_stabilizer,10,100,,40000,0.21890619726266314,2074.0872602585164,0.6144,1.0,40000.0
random_seeqst,7,2,random_stabilizer,10,100,,50000,0.18863847734754435,2039.2758058416366,0.57344,1.0,50000.0
derandomized_seeqst,7,3,random_stabilizer,10,100,98.0,10,0.9428090415820634,2.0,1.0,0.09,0.1
derandomized_seeqst,7,3,random_stabilizer,10,100,98.0,30,0.9405399431259602,1.5,1.0,0.26,0.3
derandomized_seeqst,7,3,random_stabilizer,10,100,98.0,100,0.873284754605428,0.9166666666666667,1.0,0.66,1.03
derandomized_seeqst,7,3,random_stabilizer,10,100,98.0,300,0.6395177003601987,1.0265633964429146,1.0,0.98,3.1
derandomized_seeqst,7,3,random_stabilizer,10,100,98.0,1000,0.3741773112585729,0.9626048514608884,1.0,1.0,10.41
derandomized_seeqst,7,3,random_stabilizer,10,100,98.0,3000,0.2122894643988247,0.9882837449932095,0.6666666666666666,1.0,31.17
derandomized_seeqst,7,3,random_stabilizer,10,100,98.0,10000,0.10588419001277534,0.9986814387283932,0.29292929292929293,1.0,104.3
derandomized_seeqst,7,3,random_stabilizer,10,100,98.0,20000,0.0728879530039634,0.9996087937817876,0.23,1.0,208.38
derandomized_seeqst,7,3,random_stabilizer,10,100,98.0,30000,0.06206882615538374,0.9994229612271021,0.15824915824915825,1.0,312.25
derandomized_seeqst,7,3,random_stabilizer,10,100,98.0,40000,0.053359319587507115,0.999607011745118,0.14805194805194805,1.0,416.17
derandomized_seeqst,7,3,random_stabilizer,10,100,98.0,50000,0.046313121567503675,0.9998187897781103,0.124,1.0,520.39
random_seeqst,7,3,random_stabilizer,10,100,,10,1.1797395099654789e-18,0.0,7.806255641895632e-18,1.0,10.0
random_seeqst,7,3,random_stabilizer,10,100,,30,9.654364585800328,2796.2026666666648,68.26666666666667,1.0,30.0
random_seeqst,7,3,random_stabilizer,10,100,,100,5.016554993219949,2516.582399999998,20.48,1.0,100.0
random_seeqst,7,3,random_stabilizer,10,100,,300,2.81470677375499,2376.772266666657,13.653333333333334,1.0,300.0
random_seeqst,7,3,random_stabilizer,10,100,,1000,1.4188960215604243,1761.3557698498596,4.096,1.0,1000.0
random_seeqst,7,3,random_stabilizer,10,100,,3000,0.8874666666666666,1999.163697481356,2.7306666666666666,1.0,3000.0
random_seeqst,7,3,random_stabilizer,10,100,,10000,0.4615957573461871,2038.422515608286,1.2288,1.0,10000.0
random_seeqst,7,3,random_stabilizer,10,100,,20000,0.34665084681852426,2084.553148848113,0.9216,1.0,20000.0
random_seeqst,7,3,random_stabilizer,10,100,,30000,0.30422739565441287,2066.3700953618354,0.9557333333333333,1.0,30000.0
random_seeqst,7,3,random_stabilizer,10,100,,40000,0.25564134876815214,2066.729611741226,0.8704,1.0,40000.0
random_seeqst,7,3,random_stabilizer,10,100,,50000,0.22457139465212395,2071.977183232891,0.65536,1.0,50000.0
derandomized_seeqst,7,4,random_stabilizer,10,100,99.0,10,1.0,,1.0,0.1,0.1
derandomized_seeqst,7,4,random_stabilizer,10,100,99.0,30,0.9614803401237304,0.5555555555555556,1.0,0.25,0.32
derandomized_seeqst,7,4,random_stabilizer,10,100,99.0,100,0.9165340813206142,0.7444444444444445,1.0,0.64,1.04
derandomized_seeqst,7,4,random_stabilizer,10,100,99.0,300,0.6816151266557311,0.9283446712018141,1.0,0.94,3.09
derandomized_seeqst,7,4,random_stabilizer,10,100,99.0,1000,0.3693247692910077,0.9686352459030477,1.0,1.0,10.2
derandomized_seeqst,7,4,random_stabilizer,10,100,99.0,3000,0.18162308604241167,1.0011139093485004,0.4782608695652174,1.0,30.57
derandomized_seeqst,7,4,random_stabilizer,10,100,99.0,10000,0.11074872103748237,0.9976782060430912,0.2727272727272727,1.0,101.76
derandomized_seeqst,7,4,random_stabilizer,10,100,99.0,20000,0.0824884943552365,0.9981563192741614,0.2192513368983957,1.0,203.79
derandomized_seeqst,7,4,random_stabilizer,10,100,99.0,30000,0.05791949519395897,0.9999531151151786,0.18996415770609318,1.0,305.69
derandomized_seeqst,7,4,random_stabilizer,10,100,99.0,40000,0.0535183959282125,0.9996146200348524,0.14358974358974358,1.0,407.68
derandomized_seeqst,7,4,random_stabilizer,10,100,99.0,50000,0.04659977333599037,0.9998108237299903,0.1076923076923077,1.0,509.73
random_seeqst,7,4,random_stabilizer,10,100,,10,9.501471788262683e-19,0.0,6.071532165918825e-18,1.0,10.0
random_seeqst,7,4,random_stabilizer,10,100,,30,9.654364585800328,2796.2026666666648,68.26666666666667,1.0,30.0
random_seeqst,7,4,random_stabilizer,10,100,,100,5.016554993219949,2516.582399999998,20.48,1.0,100.0
random_seeqst,7,4,random_stabilizer,10,100,,300,2.4613896707167506,1817.5317333333223,6.826666666666667,1.0,300.0
random_seeqst,7,4,random_stabilizer,10,100,,1000,1.3272556950339298,1677.6376299499605,6.144,1.0,1000.0
random_seeqst,7,4,random_stabilizer,10,100,,3000,0.8388748443268784,1915.3335601822482,2.7306666666666666,1.0,3000.0
random_seeqst,7,4,random_stabilizer,10,100,,10000,0.4802985738059191,1837.0581710970555,1.4336,1.0,10000.0
random_seeqst,7,4,random_stabilizer,10,100,,20000,0.284517252903932,1883.2557087184625,0.9216,1.0,20000.0
random_seeqst,7,4,random_stabilizer,10,100,,30000,0.24461957621307961,1988.1065274807718,0.6144,1.0,30000.0
random_seeqst,7,4,random_stabilizer,10,100,,40000,0.2102943004458276,1963.987724000514,0.5632,1.0,40000.0
random_seeqst,7,4,random_stabilizer,10,100,,50000,0.18721005374712116,2009.0767499314707,0.53248,1.0,50000.0
derandomized_seeqst,7,5,random_stabilizer,10,100,95.0,10,1.0,0.0,1.0,0.09,0.1
derandomized_seeqst,7,5,random_stabilizer,10,100,95.0,30,0.9819805060619657,0.6666666666666666,1.0,0.28,0.31
derandomized_seeqst,7,5,random_stabilizer,10,100,95.0,100,0.9117348105904778,0.7307692307692307,1.0,0.67,1.06
derandomized_seeqst,7,5,random_stabilizer,10,100,95.0,300,0.5824919897619512,1.1159686364505643,1.0,0.94,3.25
derandomized_seeqst,7,5,random_stabilizer,10,100,95.0,1000,0.3038134594448291,1.0152349451374219,0.8181818181818182,1.0,10.85
derandomized_seeqst,7,5,random_stabilizer,10,100,95.0,3000,0.1800054062185076,1.000263380356628,0.5,1.0,32.84
derandomized_seeqst,7,5,random_stabilizer,10,100,95.0,10000,0.0990531569970072,0.9998040389142386,0.2826086956521739,1.0,110.28
derandomized_seeqst,7,5,random_stabilizer,10,100,95.0,20000,0.0753879341121496,0.9990971704148289,0.22807017543859648,1.0,220.68
derandomized_seeqst,7,5,random_stabilizer,10,100,95.0,30000,0.060085705970288505,0.9995726525293084,0.16376306620209058,1.0,331.39
derandomized_seeqst,7,5,random_stabilizer,10,100,95.0,40000,0.05355482069124892,0.9995175710558584,0.13471502590673576,1.0,441.93
derandomized_seeqst,7,5,random_stabilizer,10,100,95.0,50000,0.046283145417118005,0.9997648751821597,0.11020408163265306,1.0,551.97
random_seeqst,7,5,random_stabilizer,10,100,,10,1.7347234759768072e-19,0.0,8.673617379884035e-19,1.0,10.0
random_seeqst,7,5,random_stabilizer,10,100,,30,1.7347234759768072e-19,0.0,8.673617379884035e-19,1.0,30.0
random_seeqst,7,5,random_stabilizer,10,100,,100,3.547240053901061,1258.2911999999992,20.48,1.0,100.0
random_seeqst,7,5,random_stabilizer,10,100,,300,2.896309375740099,2236.0269484949754,13.653333333333334,1.0,300.0
random_seeqst,7,5,random_stabilizer,10,100,,1000,1.4188960215604243,1845.3258198999083,4.096,1.0,1000.0
random_seeqst,7,5,random_stabilizer,10,100,,3000,0.7813477131782552,2027.3121998176814,2.7306666666666666,1.0,3000.0
random_seeqst,7,5,random_stabilizer,10,100,,10000,0.4898103600374332,2046.7851163228158,1.2288,1.0,10000.0
random_seeqst,7,5,random_stabilizer,10,100,,20000,0.36807067147492206,2034.2036741646211,1.1264,1.0,20000.0
random_seeqst,7,5,random_stabilizer,10,100,,30000,0.2932289753758997,2020.2377846944769,0.7509333333333333,1.0,30000.0
random_seeqst,7,5,random_stabilizer,10,100,,40000,0.24740780909259913,2041.567300558641,0.7168,1.0,40000.0
random_seeqst,7,5,random_stabilizer,10,100,,50000,0.21121225661405169,2056.044331069955,0.57344,1.0,50000.0
derandomized_seeqst,7,6,random_stabilizer,10,100,97.0,10,1.0,,1.0,0.11,0.11
derandomized_seeqst,7,6,random_stabilizer,10,100,97.0,30,0.9428090415820634,1.2,1.0,0.27,0.32
derandomized_seeqst,7,6,random_stabilizer,10,100,97.0,100,0.8537304735061498,1.1904761904761902,1.0,0.67,1.06
derandomized_seeqst,7,6,random_stabilizer,10,100,97.0,300,0.6624594790873901,0.9297208538587851,1.0,0.98,3.2
derandomized_seeqst,7,6,random_stabilizer,10,100,97.0,1000,0.3478669431398102,0.9806373673110516,1.0,1.0,10.6
derandomized_seeqst,7,6,random_stabilizer,10,100,97.0,3000,0.1722280319926281,1.0038036711351634,0.41935483870967744,1.0,31.72
derandomized_seeqst,7,6,random_stabilizer,10,100,97.0,10000,0.09858412660593571,1.0000943279388954,0.22,1.0,106.2
derandomized_seeqst,7,6,random_stabilizer,10,100,97.0,20000,0.07250892761628024,0.9996207721193557,0.20833333333333334,1.0,212.1
derandomized_seeqst,7,6,random_stabilizer,10,100,97.0,30000,0.05937173240266554,0.999717687488602,0.1510791366906475,1.0,317.88
derandomized_seeqst,7,6,random_stabilizer,10,100,97.0,40000,0.05006649114766969,0.9999244255504369,0.13350125944584382,1.0,423.66
derandomized_seeqst,7,6,random_stabilizer,10,100,97.0,50000,0.04841924007686619,0.9995983910684803,0.1462925851703407,1.0,529.64
random_seeqst,7,6,random_stabilizer,10,100,,10,9.055522398700297e-19,0.0,6.071532165918825e-18,1.0,10.0
random_seeqst,7,6,random_stabilizer,10,100,,30,9.055522398700297e-19,0.0,6.071532165918825e-18,1.0,30.0
random_seeqst,7,6,random_stabilizer,10,100,,100,3.547240053901061,1258.2911999999994,20.48,1.0,100.0
random_seeqst,7,6,random_stabilizer,10,100,,300,2.158781549341614,1398.101333333326,6.826666666666667,1.0,300.0
random_seeqst,7,6,random_stabilizer,10,100,,1000,1.3113598438262473,1635.6945899499603,4.096,1.0,1000.0
random_seeqst,7,6,random_stabilizer,10,100,,3000,0.8499131458893642,1971.2576135155741,2.7306666666666666,1.0,3000.0
random_seeqst,7,6,random_stabilizer,10,100,,10000,0.4850777818041143,2034.2055601016573,1.2288,1.0,10000.0
random_seeqst,7,6,random_stabilizer,10,100,,20000,0.3111005702341286,2027.9505979653843,0.8192,1.0,20000.0
random_seeqst,7,6,random_stabilizer,10,100,,30000,0.2573390755836008,2048.220503950589,0.7509333333333333,1.0,30000.0
random_seeqst,7,6,random_stabilizer,10,100,,40000,0.20910671725222027,2038.4389793555026,0.5632,1.0,40000.0
random_seeqst,7,6,random_stabilizer,10,100,,50000,0.18504674505648566,2025.8551068051386,0.45056,1.0,50000.0
derandomized_seeqst,7,7,random_stabilizer,10,100,99.0,10,0.9428090415820634,2.0,1.0,0.09,0.1
derandomized_seeqst,7,7,random_stabilizer,10,100,99.0,30,0.88737794288937,1.5555555555555556,1.0,0.23,0.3
derandomized_seeqst,7,7,random_stabilizer,10,100,99.0,100,0.8431243003606206,1.2962962962962965,1.0,0.66,1.03
derandomized_seeqst,7,7,random_stabilizer,10,100,99.0,300,0.6135732182991934,1.0430894308943088,1.0,0.93,3.05
derandomized_seeqst,7,7,random_stabilizer,10,100,99.0,1000,0.2924035035953759,1.0398426112108976,0.8181818181818182,1.0,10.24
derandomized_seeqst,7,7,random_stabilizer,10,100,99.0,3000,0.1752466794415073,1.0034081341637393,0.44,1.0,30.59
derandomized_seeqst,7,7,random_stabilizer,10,100,99.0,10000,0.10456905299728397,0.9990586255347347,0.3103448275862069,1.0,102.07
derandomized_seeqst,7,7,random_stabilizer,10,100,99.0,20000,0.06414425234957118,1.0008713919736452,0.16666666666666666,1.0,204.11
derandomized_seeqst,7,7,random_stabilizer,10,100,99.0,30000,0.05395166578944939,1.0004043417035569,0.1608832807570978,1.0,306.12
derandomized_seeqst,7,7,random_stabilizer,10,100,99.0,40000,0.048387131015520585,1.000142128972943,0.13994910941475827,1.0,408.08
derandomized_seeqst,7,7,random_stabilizer,10,100,99.0,50000,0.043388301463556496,1.0001019863375777,0.1242603550295858,1.0,509.82
random_seeqst,7,7,random_stabilizer,10,100,,10,20.48,4194.304000000001,204.8,1.0,10.0
random_seeqst,7,7,random_stabilizer,10,100,,30,9.654364585800328,2796.202666666664,68.26666666666667,1.0,30.0
random_seeqst,7,7,random_stabilizer,10,100,,100,5.792618751480197,3355.443199999998,20.48,1.0,100.0
random_seeqst,7,7,random_stabilizer,10,100,,300,2.4613896707167506,2378.6426363433543,6.826666666666667,1.0,300.0
random_seeqst,7,7,random_stabilizer,10,100,,1000,1.1941789480643175,1761.9435602002202,4.096,1.0,1000.0
random_seeqst,7,7,random_stabilizer,10,100,,3000,0.735254501667431,1985.4251025185836,2.048,1.0,3000.0
random_seeqst,7,7,random_stabilizer,10,100,,10000,0.4387693626496727,2168.4794973960916,1.2288,1.0,10000.0
random_seeqst,7,7,random_stabilizer,10,100,,20000,0.2811807788594377,2134.9284197909997,0.8192,1.0,20000.0
random_seeqst,7,7,random_stabilizer,10,100,,30000,0.25082774966099747,2113.9367659993122,0.6826666666666666,1.0,30000.0
random_seeqst,7,7,random_stabilizer,10,100,,40000,0.23125175891222968,2116.025791268771,0.6144,1.0,40000.0
random_seeqst,7,7,random_stabilizer,10,100,,50000,0.2116090487290182,2109.7323282578277,0.57344,1.0,50000.0
derandomized_seeqst,7,8,random_stabilizer,10,100,99.0,10,1.0,0.0,1.0,0.09,0.1
derandomized_seeqst,7,8,random_stabilizer,10,100,99.0,30,0.9405399431259602,1.5,1.0,0.26,0.3
derandomized_seeqst,7,8,random_stabilizer,10,100,99.0,100,0.8367654192442667,1.1904761904761905,1.0,0.63,1.03
derandomized_seeqst,7,8,random_stabilizer,10,100,99.0,300,0.6710289267750582,0.95400295906625,1.0,0.93,3.11
derandomized_seeqst,7,8,random_stabilizer,10,100,99.0,1000,0.3086765176410558,1.016996867037664,0.8,1.0,10.31
derandomized_seeqst,7,8,random_stabilizer,10,100,99.0,3000,0.18364287805108165,1.0002034488670897,0.47368421052631576,1.0,30.63
derandomized_seeqst,7,8,random_stabilizer,10,100,99.0,10000,0.0952330794551231,1.0009412324559035,0.2903225806451613,1.0,102.09
derandomized_seeqst,7,8,random_stabilizer,10,100,99.0,20000,0.06594151552270808,1.0006247200421747,0.18592964824120603,1.0,204.1
derandomized_seeqst,7,8,random_stabilizer,10,100,99.0,30000,0.05270850117500011,1.0005341803248384,0.1505016722408027,1.0,306.12
derandomized_seeqst,7,8,random_stabilizer,10,100,99.0,40000,0.04767175553075008,1.0002077725786713,0.1497326203208556,1.0,407.91
derandomized_seeqst,7,8,random_stabilizer,10,100,99.0,50000,0.04137550024082757,1.0002718536778221,0.14163090128755365,1.0,509.94
random_seeqst,7,8,random_stabilizer,10,100,,10,2.294823455450081e-19,0.0,8.673617379884035e-19,1.0,10.0
random_seeqst,7,8,random_stabilizer,10,100,,30,9.654364585800328,2796.2026666666657,68.26666666666667,1.0,30.0
random_seeqst,7,8,random_stabilizer,10,100,,100,5.016554993219949,2516.582399999999,20.48,1.0,100.0
random_seeqst,7,8,random_stabilizer,10,100,,300,2.81470677375499,2376.772266666655,6.826666666666667,1.0,300.0
random_seeqst,7,8,random_stabilizer,10,100,,1000,1.725675473546518,2558.105589749765,4.096,1.0,1000.0
random_seeqst,7,8,random_stabilizer,10,100,,3000,0.7601854276717257,2097.273209185227,2.048,1.0,3000.0
random_seeqst,7,8,random_stabilizer,10,100,,10000,0.4584044397690756,2009.0623876083198,1.4336,1.0,10000.0
random_seeqst,7,8,random_stabilizer,10,100,,20000,0.3265580793672084,2078.2749055663826,0.9216,1.0,20000.0
random_seeqst,7,8,random_stabilizer,10,100,,30000,0.25788179479926243,2045.4239284444006,0.8192,1.0,30000.0
random_seeqst,7,8,random_stabilizer,10,100,,40000,0.2347954071101051,2031.0873603011378,0.6144,1.0,40000.0
random_seeqst,7,8,random_stabilizer,10,100,,50000,0.19272974919300861,2009.9135303152195,0.49152,1.0,50000.0
derandomized_seeqst,7,9,random_stabilizer,10,100,99.0,10,0.9486832980505138,1.0,1.0,0.1,0.12
derandomized_seeqst,7,9,random_stabilizer,10,100,99.0,30,0.9141929732121831,0.9523809523809526,1.0,0.23,0.33
derandomized_seeqst,7,9,random_stabilizer,10,100,99.0,100,0.8675760324277123,0.9032258064516129,1.0,0.62,1.03
derandomized_seeqst,7,9,random_stabilizer,10,100,99.0,300,0.6569485066882762,1.0114982578397214,1.0,0.97,3.08
derandomized_seeqst,7,9,random_stabilizer,10,100,99.0,1000,0.3464398920872151,0.9954811366823749,0.7777777777777778,1.0,10.19
derandomized_seeqst,7,9,random_stabilizer,10,100,99.0,3000,0.19289407923164267,0.9969450744712968,0.6,1.0,30.64
derandomized_seeqst,7,9,random_stabilizer,10,100,99.0,10000,0.10319195302141924,0.9993570535890719,0.29896907216494845,1.0,101.95
derandomized_seeqst,7,9,random_stabilizer,10,100,99.0,20000,0.07142664057464489,0.9998769327288826,0.18226600985221675,1.0,204.03
derandomized_seeqst,7,9,random_stabilizer,10,100,99.0,30000,0.05970824962813158,0.9997450791538165,0.14473684210526316,1.0,305.96
derandomized_seeqst,7,9,random_stabilizer,10,100,99.0,40000,0.05211732290396791,0.999763392411551,0.13471502590673576,1.0,407.98
derandomized_seeqst,7,9,random_stabilizer,10,100,99.0,50000,0.04511169026842982,0.9999489494968372,0.1227364185110664,1.0,510.33
random_seeqst,7,9,random_stabilizer,10,100,,10,3.0046291974743187e-19,0.0,2.6020852139652106e-18,1.0,10.0
random_seeqst,7,9,random_stabilizer,10,100,,30,9.654364585800328,2796.2026666666648,68.26666666666667,1.0,30.0
random_seeqst,7,9,random_stabilizer,10,100,,100,3.547240053901061,1258.291199999999,20.48,1.0,100.0
random_seeqst,7,9,random_stabilizer,10,100,,300,2.158781549341614,1678.6567848383443,6.826666666666667,1.0,300.0
random_seeqst,7,9,random_stabilizer,10,100,,1000,1.2288,1845.8296402002206,4.096,1.0,1000.0
random_seeqst,7,9,random_stabilizer,10,100,,3000,0.7990408472384598,1887.427476216478,2.048,1.0,3000.0
random_seeqst,7,9,random_stabilizer,10,100,,10000,0.42517584879670667,1958.7550690044961,1.2288,1.0,10000.0
random_seeqst,7,9,random_stabilizer,10,100,,20000,0.30788190982907715,2055.2169295763597,0.9216,1.0,20000.0
random_seeqst,7,9,random_stabilizer,10,100,,30000,0.26867942269138845,2051.0108343960637,0.7509333333333333,1.0,30000.0
random_seeqst,7,9,random_stabilizer,10,100,,40000,0.22988742984339094,2078.2767406882685,0.6144,1.0,40000.0
random_seeqst,7,9,random_stabilizer,10,100,,50000,0.19351161751171425,2060.2458829722514,0.49152,1.0,50000.0
derandomized_seeqst,8,0,haar_random,10,100,98.0,10,0.9438167135015543,1.0,1.0487765499310733,0.09,0.11
derandomized_seeqst,8,0,haar_random,10,100,98.0,30,0.9639893837385963,0.8333333333333334,1.0487765499310733,0.26,0.31
derandomized_seeqst,8,0,haar_random,10,100,98.0,100,0.8106834474722168,1.2888888888888888,1.0713573920244066,0.61,1.06
derandomized_seeqst,8,0,haar_random,10,100,98.0,300,0.6582949502415442,0.9448315911730548,1.0713573920244066,0.94,3.16
derandomized_seeqst,8,0,haar_random,10,100,98.0,1000,0.3555388070161222,0.9842542344759332,1.0098211793907006,1.0,10.52
derandomized_seeqst,8,0,haar_random,10,100,98.0,3000,0.18007247459340284,1.0011920458313792,0.6079840664522891,1.0,31.3
derandomized_seeqst,8,0,haar_random,10,100,98.0,10000,0.10032990311196678,0.9982206701725427,0.2519017346284856,1.0,104.1
derandomized_seeqst,8,0,haar_random,10,100,98.0,20000,0.06337630244559722,0.9998933104864272,0.1431775912454043,1.0,207.91
derandomized_seeqst,8,0,haar_random,10,100,98.0,30000,0.05420330775084229,0.9995032197400786,0.1599005847968005,1.0,311.46
derandomized_seeqst,8,0,haar_random,10,100,98.0,40000,0.044743745967570234,0.9996582997340289,0.10400588972684771,1.0,415.52
derandomized_seeqst,8,0,haar_random,10,100,98.0,50000,0.03920508441247346,0.9997507382808767,0.09167054996802658,1.0,519.74
random_seeqst,8,0,haar_random,10,100,,10,0.03762705564483067,0.030666666666666672,0.19017882060929944,1.0,10.0
random_seeqst,8,0,haar_random,10,100,,30,0.03296103112240518,0.02340229885057472,0.0972133781559081,1.0,30.0
random_seeqst,8,0,haar_random,10,100,,100,2.9037387566821846,838.8793212121209,20.54610258679702,1.0,100.0
random_seeqst,8,0,haar_random,10,100,,300,2.362730780980056,1677.7407768115872,6.892769253463685,1.0,300.0
random_seeqst,8,0,haar_random,10,100,,1000,1.2599462378387825,1761.7955023423544,4.116497596695622,1.0,1000.0
random_seeqst,8,0,haar_random,10,100,,3000,0.7359299936969721,1747.6743868222254,2.078778810797695,1.0,3000.0
random_seeqst,8,0,haar_random,10,100,,10000,0.4214501606627653,1891.6585111979032,1.2171194106781686,1.0,10000.0
random_seeqst,8,0,haar_random,10,100,,20000,0.31581153835922327,1990.2156145885708,0.8075194106781688,1.0,20000.0
random_seeqst,8,0,haar_random,10,100,,30000,0.2469833147075542,1996.5126196015656,0.7681769522852323,1.0,30000.0
random_seeqst,8,0,haar_random,10,100,,40000,0.2258367507306507,1993.3610067257046,0.785243618951899,1.0,40000.0
random_seeqst,8,0,haar_random,10,100,,50000,0.19436810849940683,1996.5104644941148,0.672603618951899,1.0,50000.0
derandomized_seeqst,8,1,haar_random,10,100,98.0,10,0.9372041069045207,0.6666666666666667,1.039131282323331,0.07,0.1
derandomized_seeqst,8,1,haar_random,10,100,98.0,30,0.9807038957842704,0.4444444444444445,1.0595414972656856,0.26,0.31
derandomized_seeqst,8,1,haar_random,10,100,98.0,100,0.9216576556878765,0.6666666666666667,1.0765651723984375,0.66,1.03
derandomized_seeqst,8,1,haar_random,10,100,98.0,300,0.6648546811566733,0.9542296918767509,1.050607824153336,0.97,3.14
derandomized_seeqst,8,1,haar_random,10,100,98.0,1000,0.34739174459119254,0.9883629744907634,1.0374278761624696,1.0,10.56
derandomized_seeqst,8,1,haar_random,10,100,98.0,3000,0.18364510157493222,0.9987390474110276,0.43462704078658737,1.0,31.31
derandomized_seeqst,8,1,haar_random,10,100,98.0,10000,0.1029002099017963,0.9973419505175544,0.2578981075093761,1.0,104.21
derandomized_seeqst,8,1,haar_random,10,100,98.0,20000,0.0639906873201564,0.9994382844795042,0.16136347537167708,1.0,208.41
derandomized_seeqst,8,1,haar_random,10,100,98.0,30000,0.0538319235625769,0.9992119048862991,0.1336403151280653,1.0,312.49
derandomized_seeqst,8,1,haar_random,10,100,98.0,40000,0.049333579910441704,0.9991365196132691,0.12753090107641296,1.0,416.77
derandomized_seeqst,8,1,haar_random,10,100,98.0,50000,0.04291818108215022,0.9992932044119185,0.117117942072036,1.0,520.39
random_seeqst,8,1,haar_random,10,100,,10,28.960523308844557,8388.608000000002,204.80270442580598,1.0,10.0
random_seeqst,8,1,haar_random,10,100,,30,11.822554280142521,4194.303999999996,68.27524973802798,1.0,30.0
random_seeqst,8,1,haar_random,10,100,,100,5.4152799988820695,2936.0127999999986,20.513143566897014,1.0,100.0
random_seeqst,8,1,haar_random,10,100,,300,2.3613929540514653,1677.7215999999885,6.861290485422506,1.0,300.0
random_seeqst,8,1,haar_random,10,100,,1000,1.4758697897579731,2097.068029949964,6.139920358372487,1.0,1000.0
random_seeqst,8,1,haar_random,10,100,,3000,0.9347008146605131,2069.012821447104,3.4092536917058207,1.0,3000.0
random_seeqst,8,1,haar_random,10,100,,10000,0.4648839981701254,1967.1084413272831,1.1754505313718542,1.0,10000.0
random_seeqst,8,1,haar_random,10,100,,20000,0.3130001578403033,1992.2960778057231,0.8075038048528305,1.0,20000.0
random_seeqst,8,1,haar_random,10,100,,30000,0.26465174633136596,2077.5775560250545,0.6709704715194971,1.0,30000.0
random_seeqst,8,1,haar_random,10,100,,40000,0.22542211804278278,2074.083485290562,0.5676262982217136,1.0,40000.0
random_seeqst,8,1,haar_random,10,100,,50000,0.20678091558282052,2106.3776903800085,0.5778662982217135,1.0,50000.0
derandomized_seeqst,8,2,haar_random,10,100,98.0,10,0.9960290877276972,0.0,1.0343826241238083,0.09,0.1
derandomized_seeqst,8,2,haar_random,10,100,98.0,30,0.9469308118072028,1.5,1.0621027088224027,0.25,0.3
derandomized_seeqst,8,2,haar_random,10,100,98.0,100,0.8383956417606185,1.130952380952381,1.0504226410669215,0.61,1.0
derandomized_seeqst,8,2,haar_random,10,100,98.0,300,0.6071603696158212,1.0796747967479676,1.0429152640032233,0.95,3.1
derandomized_seeqst,8,2,haar_random,10,100,98.0,1000,0.3130664910629927,1.0093161736410492,0.9588388908205836,1.0,10.43
derandomized_seeqst,8,2,haar_random,10,100,98.0,3000,0.17537886690553461,1.001284171754622,0.39543604215573597,1.0,30.99
derandomized_seeqst,8,2,haar_random,10,100,98.0,10000,0.09011976458147583,1.0012020082374118,0.2345842745834092,1.0,103.83
derandomized_seeqst,8,2,haar_random,10,100,98.0,20000,0.060093630879045803,1.0005839965436423,0.1751722280777748,1.0,207.75
derandomized_seeqst,8,2,haar_random,10,100,98.0,30000,0.05628764019554525,0.9992277106270562,0.17420351191161149,1.0,311.78
derandomized_seeqst,8,2,haar_random,10,100,98.0,40000,0.04664997743283353,0.9991311435414855,0.12029986596356218,1.0,415.79
derandomized_seeqst,8,2,haar_random,10,100,98.0,50000,0.041273754462383995,0.9990826515946901,0.09467882740954606,1.0,519.93
random_seeqst,8,2,haar_random,10,100,,10,0.03370340078556951,0.0,0.11014847745316758,1.0,10.0
random_seeqst,8,2,haar_random,10,100,,30,9.65342298142458,2796.2026666666648,68.26632938168598,1.0,30.0
random_seeqst,8,2,haar_random,10,100,,100,5.019284538001894,2516.582399999999,20.530422641066924,1.0,100.0
random_seeqst,8,2,haar_random,10,100,,300,2.5599601352077044,1957.341866666655,6.920117073584446,1.0,300.0
random_seeqst,8,2,haar_random,10,100,,1000,1.2510698945174745,1803.8026301501702,4.1480251308944185,1.0,1000.0
random_seeqst,8,2,haar_random,10,100,,3000,0.8121432836400909,1831.475451532699,2.1000251308944184,1.0,3000.0
random_seeqst,8,2,haar_random,10,100,,10000,0.42828608345091757,1992.313695727962,1.0224750871514492,1.0,10000.0
random_seeqst,8,2,haar_random,10,100,,20000,0.319431780947217,2036.3362698056892,0.7597152640032232,1.0,20000.0
random_seeqst,8,2,haar_random,10,100,,30000,0.27377310713297737,2090.1560871616857,0.8134259092948164,1.0,30000.0
random_seeqst,8,2,haar_random,10,100,,40000,0.2385736694044138,2082.465906537429,0.7110259092948163,1.0,40000.0
random_seeqst,8,2,haar_random,10,100,,50000,0.20156202557627945,2047.658441033155,0.5676659092948163,1.0,50000.0
derandomized_seeqst,8,3,haar_random,10,100,99.0,10,1.0108193591494445,,1.0794260895353367,0.1,0.1
derandomized_seeqst,8,3,haar_random,10,100,99.0,30,0.9582313586451595,1.0,1.0579533722133607,0.26,0.3
derandomized_seeqst,8,3,haar_random,10,100,99.0,100,0.8859163419469087,0.7708333333333334,1.0579533722133607,0.64,1.02
derandomized_seeqst,8,3,haar_random,10,100,99.0,300,0.6294273598708017,1.025615763546798,1.0724107350426768,0.96,3.1
derandomized_seeqst,8,3,haar_random,10,100,99.0,1000,0.332224721651348,1.0004250971250972,1.0346194683626329,1.0,10.26
derandomized_seeqst,8,3,haar_random,10,100,99.0,3000,0.18016566545160728,0.9999628030226394,0.4367078042831809,1.0,30.7
derandomized_seeqst,8,3,haar_random,10,100,99.0,10000,0.0979258645672701,0.9989916836404977,0.22571879162938285,1.0,102.19
derandomized_seeqst,8,3,haar_random,10,100,99.0,20000,0.06845356325966694,0.9992791758996092,0.19178859113716204,1.0,204.36
derandomized_seeqst,8,3,haar_random,10,100,99.0,30000,0.053046820789521484,0.9995944993206405,0.1908267347543432,1.0,306.4
derandomized_seeqst,8,3,haar_random,10,100,99.0,40000,0.047584229681896746,0.9994604300199812,0.13421668296186032,1.0,408.08
derandomized_seeqst,8,3,haar_random,10,100,99.0,50000,0.04140484573844576,0.9995232125792307,0.14355116885538483,1.0,510.04
random_seeqst,8,3,haar_random,10,100,,10,0.031029135511619805,0.0,0.07942608953533672,1.0,10.0
random_seeqst,8,3,haar_random,10,100,,30,0.031029135511619805,0.0,0.07942608953533672,1.0,30.0
random_seeqst,8,3,haar_random,10,100,,100,4.096983992021337,1677.7215999999992,20.50783845410658,1.0,100.0
random_seeqst,8,3,haar_random,10,100,,300,3.1300658051125048,2655.4573484949715,13.643368568587604,1.0,300.0
random_seeqst,8,3,haar_random,10,100,,1000,1.4207709358155702,2097.2359700500665,4.106388487244974,1.0,1000.0
random_seeqst,8,3,haar_random,10,100,,3000,0.9032306669790788,1999.135726130895,2.7410551539116406,1.0,3000.0
random_seeqst,8,3,haar_random,10,100,,10000,0.4168296390373551,1988.1252643408218,1.2212841881745156,1.0,10000.0
random_seeqst,8,3,haar_random,10,100,,20000,0.28238988384161834,1998.606199391865,0.8116841881745158,1.0,20000.0
random_seeqst,8,3,haar_random,10,100,,30000,0.23966589050296316,2007.6838609617407,0.5929163772713412,1.0,30000.0
random_seeqst,8,3,haar_random,10,100,,40000,0.2039867730535795,2006.982380947094,0.5069495417376011,1.0,40000.0
random_seeqst,8,3,haar_random,10,100,,50000,0.19522351959158246,1980.5516574497096,0.5967955804466983,1.0,50000.0
derandomized_seeqst,8,4,haar_random,10,100,95.0,10,1.0062144790103773,,1.0384127324214814,0.11,0.11
derandomized_seeqst,8,4,haar_random,10,100,95.0,30,0.9513087239499695,1.3333333333333335,1.0622643560559983,0.29,0.34
derandomized_seeqst,8,4,haar_random,10,100,95.0,100,0.8403223674375341,1.0380952380952382,1.0721054736855973,0.65,1.09
derandomized_seeqst,8,4,haar_random,10,100,95.0,300,0.5812516491089361,1.072518646012622,1.088809664533541,0.92,3.34
derandomized_seeqst,8,4,haar_random,10,100,95.0,1000,0.3129554019012975,1.0126622781624532,0.7836436165528724,1.0,11.04
derandomized_seeqst,8,4,haar_random,10,100,95.0,3000,0.15487570994259175,1.0086111328126197,0.3881135837160051,1.0,33.13
derandomized_seeqst,8,4,haar_random,10,100,95.0,10000,0.08911942907444385,1.0009183284924204,0.2489465507630555,1.0,109.88
derandomized_seeqst,8,4,haar_random,10,100,95.0,20000,0.06271058873899325,1.0005549272814513,0.1837043275028835,1.0,219.52
derandomized_seeqst,8,4,haar_random,10,100,95.0,30000,0.060588585109210086,0.9988402666336682,0.14780666694187583,1.0,329.09
derandomized_seeqst,8,4,haar_random,10,100,95.0,40000,0.048106576433427244,0.9992249885998192,0.11418351949465304,1.0,439.0
derandomized_seeqst,8,4,haar_random,10,100,95.0,50000,0.045962535293067056,0.9990114688695756,0.13612373813237186,1.0,548.78
random_seeqst,8,4,haar_random,10,100,,10,0.03195314310211268,0.0,0.08880966453354096,1.0,10.0
random_seeqst,8,4,haar_random,10,100,,30,6.8238537485593405,1398.1013333333324,68.23779547569656,1.0,30.0
random_seeqst,8,4,haar_random,10,100,,100,3.543488592954812,1258.2911999999994,20.47710914960894,1.0,100.0
random_seeqst,8,4,haar_random,10,100,,300,2.160714389537829,1398.1013333333276,13.685938414472812,1.0,300.0
random_seeqst,8,4,haar_random,10,100,,1000,1.3599903144658705,2097.4039101501676,4.164634428923037,1.0,1000.0
random_seeqst,8,4,haar_random,10,100,,3000,0.8076696260222708,2083.217605584042,2.106798558399431,1.0,3000.0
random_seeqst,8,4,haar_random,10,100,,10000,0.43101012205017175,1967.1436770045036,1.0263309957219522,1.0,10000.0
random_seeqst,8,4,haar_random,10,100,,20000,0.32495761801910145,1939.8607763095033,0.7672531092671736,1.0,20000.0
random_seeqst,8,4,haar_random,10,100,,30000,0.26840997579805825,2009.0702178524086,0.5980779143544903,1.0,30000.0
random_seeqst,8,4,haar_random,10,100,,40000,0.2116842878501752,1990.2040639145855,0.563944581021157,1.0,40000.0
random_seeqst,8,4,haar_random,10,100,,50000,0.18854439616474808,2023.337953968092,0.5151557521698136,1.0,50000.0
derandomized_seeqst,8,5,haar_random,10,100,98.0,10,1.0128499942968487,0.0,1.0601581003416045,0.1,0.11
derandomized_seeqst,8,5,haar_random,10,100,98.0,30,0.9714702005934476,0.6666666666666667,1.0601581003416045,0.26,0.32
derandomized_seeqst,8,5,haar_random,10,100,98.0,100,0.8685671814326505,1.0025641025641026,1.0705937702045907,0.6,1.08
derandomized_seeqst,8,5,haar_random,10,100,98.0,300,0.668753252567856,0.9985144485144486,1.041329856704834,0.97,3.14
derandomized_seeqst,8,5,haar_random,10,100,98.0,1000,0.31057373106801517,1.0155598426266754,0.7068340047991472,1.0,10.42
derandomized_seeqst,8,5,haar_random,10,100,98.0,3000,0.1752093287301275,1.0017944704177366,0.4461125490611395,1.0,31.14
derandomized_seeqst,8,5,haar_random,10,100,98.0,10000,0.10551523903510884,0.9973168813389985,0.4187304734534246,1.0,104.09
derandomized_seeqst,8,5,haar_random,10,100,98.0,20000,0.07674422366134935,0.998680739703349,0.2278015971016903,1.0,208.4
derandomized_seeqst,8,5,haar_random,10,100,98.0,30000,0.05842444078010396,0.9991214359369431,0.18539107703460536,1.0,312.42
derandomized_seeqst,8,5,haar_random,10,100,98.0,40000,0.05027271290393303,0.9991099340178482,0.1145389649358537,1.0,416.12
derandomized_seeqst,8,5,haar_random,10,100,98.0,50000,0.04281118368045914,0.9992895946855442,0.11328481517502281,1.0,520.35
random_seeqst,8,5,haar_random,10,100,,10,0.030786689242530908,0.0,0.07439181086854428,1.0,10.0
random_seeqst,8,5,haar_random,10,100,,30,0.030786689242530908,0.0,0.07439181086854428,1.0,30.0
random_seeqst,8,5,haar_random,10,100,,100,2.0506988173408938,1266.7645414141414,20.504691941427794,1.0,100.0
random_seeqst,8,5,haar_random,10,100,,300,2.4619221602221026,2098.087184838343,6.871457364375796,1.0,300.0
random_seeqst,8,5,haar_random,10,100,,1000,1.421787810929675,2097.2359700500633,6.097460694368185,1.0,1000.0
random_seeqst,8,5,haar_random,10,100,,3000,0.8419120317030967,2362.8751673846364,2.061820025201989,1.0,3000.0
random_seeqst,8,5,haar_random,10,100,,10000,0.3960787673321316,2118.1772124604204,1.0022411544269223,1.0,10000.0
random_seeqst,8,5,haar_random,10,100,,20000,0.2969743740368819,2048.931555621229,0.7828300653222012,1.0,20000.0
random_seeqst,8,5,haar_random,10,100,,30000,0.24771381138049564,2067.798489900584,0.5773532277848207,1.0,30000.0
random_seeqst,8,5,haar_random,10,100,,40000,0.20913593740111636,2049.9721094628676,0.545916597929839,1.0,40000.0
random_seeqst,8,5,haar_random,10,100,,50000,0.18868202761556774,2037.597782245679,0.5088892620789172,1.0,50000.0
derandomized_seeqst,8,6,haar_random,10,100,96.0,10,0.9380248627578937,2.0,1.0330465450526984,0.09,0.1
derandomized_seeqst,8,6,haar_random,10,100,96.0,30,0.9578176866195149,0.6666666666666666,1.0515123196566334,0.26,0.32
derandomized_seeqst,8,6,haar_random,10,100,96.0,100,0.8442817499146784,1.0967741935483872,1.0530619608317975,0.66,1.05
derandomized_seeqst,8,6,haar_random,10,100,96.0,300,0.5958758077178375,1.026530612244898,1.0716976755434429,0.93,3.25
derandomized_seeqst,8,6,haar_random,10,100,96.0,1000,0.3422856484292752,0.9832140442677526,0.9987196863324015,1.0,10.86
derandomized_seeqst,8,6,haar_random,10,100,96.0,3000,0.1750540958180167,1.0002598619358896,0.5701482577609729,1.0,32.51
derandomized_seeqst,8,6,haar_random,10,100,96.0,10000,0.08719008414469573,1.0014240146237037,0.2141715695968509,1.0,108.11
derandomized_seeqst,8,6,haar_random,10,100,96.0,20000,0.07050142611896178,0.9995404384812393,0.1994342120846715,1.0,216.05
derandomized_seeqst,8,6,haar_random,10,100,96.0,30000,0.06068326563672029,0.9989412242596611,0.17366666822502236,1.0,323.78
derandomized_seeqst,8,6,haar_random,10,100,96.0,40000,0.051405967484074715,0.9990158544812955,0.11808509306284459,1.0,431.85
derandomized_seeqst,8,6,haar_random,10,100,96.0,50000,0.045552616355983254,0.9991193189548332,0.1221436970174111,1.0,539.73
random_seeqst,8,6,haar_random,10,100,,10,0.03636759508311336,0.02177777777777778,0.1834033498445708,1.0,10.0
random_seeqst,8,6,haar_random,10,100,,30,6.829214118128172,1398.121977011493,68.29140523305804,1.0,30.0
random_seeqst,8,6,haar_random,10,100,,100,2.8967315060550844,1686.2127191919187,20.504738566391378,1.0,100.0
random_seeqst,8,6,haar_random,10,100,,300,2.265962531694751,1818.4871183946423,6.851405233058044,1.0,300.0
random_seeqst,8,6,haar_random,10,100,,1000,1.1587192622577362,1846.0181204805008,2.0898833299480537,1.0,1000.0
random_seeqst,8,6,haar_random,10,100,,3000,0.8019943084756457,1887.4382390574124,2.0747267360344015,1.0,3000.0
random_seeqst,8,6,haar_random,10,100,,10000,0.4648767615706695,2051.020520445227,1.2040614336086235,1.0,10000.0
random_seeqst,8,6,haar_random,10,100,,20000,0.3217515620398868,1944.0735873131187,0.8356930999861498,1.0,20000.0
random_seeqst,8,6,haar_random,10,100,,30000,0.26407358273742915,1965.746149496222,0.7028701027878929,1.0,30000.0
random_seeqst,8,6,haar_random,10,100,,40000,0.24317577934172863,1966.0894366260138,0.7156851699302711,1.0,40000.0
random_seeqst,8,6,haar_random,10,100,,50000,0.2055596523898833,1959.5942324623995,0.7976051699302711,1.0,50000.0
derandomized_seeqst,8,7,haar_random,10,100,99.0,10,0.9349622188945508,2.0,1.0600841924326567,0.09,0.1
derandomized_seeqst,8,7,haar_random,10,100,99.0,30,0.9100965944447169,1.3333333333333333,1.0902440923005612,0.25,0.31
derandomized_seeqst,8,7,haar_random,10,100,99.0,100,0.8277364379331176,1.114285714285714,1.0600841924326567,0.61,1.04
derandomized_seeqst,8,7,haar_random,10,100,99.0,300,0.6607739013536073,0.9691086691086692,1.0608443514755783,0.91,3.07
derandomized_seeqst,8,7,haar_random,10,100,99.0,1000,0.3490480854523141,0.9938108402753432,1.0251721990441853,1.0,10.3
derandomized_seeqst,8,7,haar_random,10,100,99.0,3000,0.19924845020130708,0.9939111377339203,0.5010782942426192,1.0,30.67
derandomized_seeqst,8,7,haar_random,10,100,99.0,10000,0.11041922084558156,0.9969743688663708,0.300467330106601,1.0,102.22
derandomized_seeqst,8,7,haar_random,10,100,99.0,20000,0.07169189789417654,0.9992373651825265,0.21437956041198009,1.0,204.42
derandomized_seeqst,8,7,haar_random,10,100,99.0,30000,0.059824449498585654,0.9990476795972557,0.2188578407523294,1.0,306.39
derandomized_seeqst,8,7,haar_random,10,100,99.0,40000,0.052839469500722935,0.9988809244043673,0.19005690031345793,1.0,408.18
derandomized_seeqst,8,7,haar_random,10,100,99.0,50000,0.04498811444529572,0.9992883972398908,0.16147162899562847,1.0,510.12
random_seeqst,8,7,haar_random,10,100,,10,0.033580820674290406,0.0,0.09024409230056109,1.0,10.0
random_seeqst,8,7,haar_random,10,100,,30,6.826282266141039,1398.1013333333333,68.26199683834882,1.0,30.0
random_seeqst,8,7,haar_random,10,100,,100,3.548633142346467,1258.2911999999994,20.519903277793343,1.0,100.0
random_seeqst,8,7,haar_random,10,100,,300,2.0492795573761153,1258.2911999999942,6.866569944460009,1.0,300.0
random_seeqst,8,7,haar_random,10,100,,1000,1.373678154598401,1971.4068500500673,4.124118961752237,1.0,1000.0
random_seeqst,8,7,haar_random,10,100,,3000,0.9084709541713232,2166.954505048322,2.0705886078527067,1.0,3000.0
random_seeqst,8,7,haar_random,10,100,,10000,0.5318602455383004,2139.0304412584755,1.4479635502083588,1.0,10000.0
random_seeqst,8,7,haar_random,10,100,,20000,0.38012938933680823,2118.086188828046,1.1662793978126196,1.0,20000.0
random_seeqst,8,7,haar_random,10,100,,30000,0.2925575578524565,2118.1092588913934,0.8086016327570335,1.0,30000.0
random_seeqst,8,7,haar_random,10,100,,40000,0.250106687130567,2112.8713074405646,0.6156486815584346,1.0,40000.0
random_seeqst,8,7,haar_random,10,100,,50000,0.23228665130828932,2080.3623686123638,0.546561105193161,1.0,50000.0
derandomized_seeqst,8,8,haar_random,10,100,99.0,10,0.9550079898651176,2.0,1.0545705006865786,0.09,0.1
derandomized_seeqst,8,8,haar_random,10,100,99.0,30,0.9512733897701291,1.3333333333333335,1.0545705006865786,0.26,0.31
derandomized_seeqst,8,8,haar_random,10,100,99.0,100,0.8704232176534402,0.9523809523809524,1.0545705006865786,0.62,1.03
derandomized_seeqst,8,8,haar_random,10,100,99.0,300,0.666964970256169,1.0495873015873016,1.0463178880993385,0.98,3.05
derandomized_seeqst,8,8,haar_random,10,100,99.0,1000,0.336098343027661,1.0033946566363445,1.0247302574504216,1.0,10.17
derandomized_seeqst,8,8,haar_random,10,100,99.0,3000,0.18687628699029707,0.998884317089454,0.5796474952677165,1.0,30.62
derandomized_seeqst,8,8,haar_random,10,100,99.0,10000,0.10229069631301657,0.9983611427505906,0.2638117029879448,1.0,102.11
derandomized_seeqst,8,8,haar_random,10,100,99.0,20000,0.07483194817613438,0.9984505504255833,0.20934220545461005,1.0,204.07
derandomized_seeqst,8,8,haar_random,10,100,99.0,30000,0.059167940264553145,0.9986526188399041,0.1406148709148051,1.0,306.11
derandomized_seeqst,8,8,haar_random,10,100,99.0,40000,0.050602033854492,0.9988271036089968,0.12398400623880618,1.0,408.32
derandomized_seeqst,8,8,haar_random,10,100,99.0,50000,0.04925125789940266,0.9983059666807812,0.10557077798579126,1.0,510.4
random_seeqst,8,8,haar_random,10,100,,10,0.031101184482369558,0.0,0.08765159692748675,1.0,10.0
random_seeqst,8,8,haar_random,10,100,,30,9.65025100903431,2796.2026666666648,68.2512262505752,1.0,30.0
random_seeqst,8,8,haar_random,10,100,,100,4.57368175372988,2097.1519999999987,20.49858554865526,1.0,100.0
random_seeqst,8,8,haar_random,10,100,,300,2.040595444259902,1258.291199999991,6.845252215321926,1.0,300.0
random_seeqst,8,8,haar_random,10,100,,1000,1.4420691470728797,1929.2118998999088,4.102170508097666,1.0,1000.0
random_seeqst,8,8,haar_random,10,100,,3000,0.7733955840049329,2335.0063785528273,2.054928174902834,1.0,3000.0
random_seeqst,8,8,haar_random,10,100,,10000,0.47442849762775763,2168.445100663693,1.0301705080976657,1.0,10000.0
random_seeqst,8,8,haar_random,10,100,,20000,0.3119196625855594,2065.6978658855583,0.8339484030725133,1.0,20000.0
random_seeqst,8,8,haar_random,10,100,,30000,0.24690142242329086,2053.8151463208123,0.6832755019913276,1.0,30000.0
random_seeqst,8,8,haar_random,10,100,,40000,0.21683435393116413,2056.2596332045778,0.7315484030725132,1.0,40000.0
random_seeqst,8,8,haar_random,10,100,,50000,0.18548443881403867,2084.5758325763054,0.5344977959418963,1.0,50000.0
derandomized_seeqst,8,9,haar_random,10,100,97.0,10,0.9845424348636932,,1.0249455574559874,0.1,0.1
derandomized_seeqst,8,9,haar_random,10,100,97.0,30,0.949905642619035,1.777777777777778,1.0971900774584726,0.28,0.32
derandomized_seeqst,8,9,haar_random,10,100,97.0,100,0.8774350149184323,0.9012345679012347,1.054259583647241,0.64,1.06
derandomized_seeqst,8,9,haar_random,10,100,97.0,300,0.6551620755151835,0.9171768707482991,1.0499371843711105,0.91,3.16
derandomized_seeqst,8,9,haar_random,10,100,97.0,1000,0.31684123649842266,1.0131139814433932,1.0056608545583,1.0,10.65
derandomized_seeqst,8,9,haar_random,10,100,97.0,3000,0.17223504659105746,1.0040399188369364,0.523441539318206,1.0,31.88
derandomized_seeqst,8,9,haar_random,10,100,97.0,10000,0.09499354165972243,0.9995210897958111,0.25561837118444514,1.0,106.42
derandomized_seeqst,8,9,haar_random,10,100,97.0,20000,0.06551327036487463,0.9997787906809151,0.21663537930843535,1.0,212.45
derandomized_seeqst,8,9,haar_random,10,100,97.0,30000,0.054174218402113825,0.9993784938198378,0.16484067071309813,1.0,318.49
derandomized_seeqst,8,9,haar_random,10,100,97.0,40000,0.050489565335135295,0.9986172375312138,0.11786810087363411,1.0,424.28
derandomized_seeqst,8,9,haar_random,10,100,97.0,50000,0.045591024429844314,0.9985191811128575,0.10579814642861902,1.0,530.39
random_seeqst,8,9,haar_random,10,100,,10,0.030254468311053915,0.0,0.09719007745847259,1.0,10.0
random_seeqst,8,9,haar_random,10,100,,30,9.65004040575718,2796.2026666666643,68.28516548793777,1.0,30.0
random_seeqst,8,9,haar_random,10,100,,100,4.576257704796502,2097.151999999998,20.498498821271106,1.0,100.0
random_seeqst,8,9,haar_random,10,100,,300,3.1279187856962105,3216.568251505003,6.867312350128097,1.0,300.0
random_seeqst,8,9,haar_random,10,100,,1000,1.4658674560759388,2474.9752402002196,6.139639197256616,1.0,1000.0
random_seeqst,8,9,haar_random,10,100,,3000,0.8109894309578642,2083.2082818005515,2.0783727202589146,1.0,3000.0
random_seeqst,8,9,haar_random,10,100,,10000,0.43559952648664907,1954.548180834044,1.224439197256616,1.0,10000.0
random_seeqst,8,9,haar_random,10,100,,20000,0.3099776882156058,2025.8511389827443,0.9809720934738568,1.0,20000.0
random_seeqst,8,9,haar_random,10,100,,30000,0.2515039136109483,2013.2680638270776,0.6522939464077522,1.0,30000.0
random_seeqst,8,9,haar_random,10,100,,40000,0.21739167676555163,2032.1436959574507,0.5932297181465236,1.0,40000.0
random_seeqst,8,9,haar_random,10,100,,50000,0.19191001959909212,2051.0180450658654,0.4971172710151213,1.0,50000.0
derandomized_seeqst,8,0,ghz,10,100,99.0,10,1.0,,1.0,0.1,0.1
derandomized_seeqst,8,0,ghz,10,100,99.0,30,1.0,0.0,1.0,0.29,0.3
derandomized_seeqst,8,0,ghz,10,100,99.0,100,0.8605762010708072,0.9770114942528735,1.0,0.62,1.03
derandomized_seeqst,8,0,ghz,10,100,99.0,300,0.7097439993809487,0.8733756613756614,1.0,0.94,3.08
derandomized_seeqst,8,0,ghz,10,100,99.0,1000,0.35339355616131835,0.9842904089374676,1.0,1.0,10.22
derandomized_seeqst,8,0,ghz,10,100,99.0,3000,0.1901324594219079,0.9977312637104632,0.5172413793103449,1.0,30.6
derandomized_seeqst,8,0,ghz,10,100,99.0,10000,0.1029270217999258,0.9993852530812781,0.2826086956521739,1.0,101.99
derandomized_seeqst,8,0,ghz,10,100,99.0,20000,0.07088426315972192,0.9999449075220065,0.17587939698492464,1.0,203.96
derandomized_seeqst,8,0,ghz,10,100,99.0,30000,0.05975283618099233,0.9997403484022489,0.1503267973856209,1.0,306.27
derandomized_seeqst,8,0,ghz,10,100,99.0,40000,0.053912071476669106,0.999574511244501,0.11734693877551021,1.0,408.49
derandomized_seeqst,8,0,ghz,10,100,99.0,50000,0.04683720777124302,0.9997897812214331,0.11742424242424243,1.0,510.34
random_seeqst,8,0,ghz,10,100,,10,0.0,0.0,0.0,1.0,10.0
random_seeqst,8,0,ghz,10,100,,30,0.0,0.0,0.0,1.0,30.0
random_seeqst,8,0,ghz,10,100,,100,2.8963093757400986,838.8607999999996,20.48,1.0,100.0
random_seeqst,8,0,ghz,10,100,,300,2.554304776037678,1957.341866666657,6.826666666666667,1.0,300.0
random_seeqst,8,0,ghz,10,100,,1000,1.5462060923434495,2222.81317989992,6.144,1.0,1000.0
random_seeqst,8,0,ghz,10,100,,3000,0.7872896064628597,2055.2742264843478,2.7306666666666666,1.0,3000.0
random_seeqst,8,0,ghz,10,100,,10000,0.4305673429325545,2113.955223285524,1.4336,1.0,10000.0
random_seeqst,8,0,ghz,10,100,,20000,0.3208896433355243,2139.0990247882764,0.9216,1.0,20000.0
random_seeqst,8,0,ghz,10,100,,30000,0.282544839155369,2126.503179853528,0.8192,1.0,30000.0
random_seeqst,8,0,ghz,10,100,,40000,0.25415011626989276,2155.8615602578398,0.6656,1.0,40000.0
random_seeqst,8,0,ghz,10,100,,50000,0.22457139465212392,2144.12065490244,0.57344,1.0,50000.0
derandomized_seeqst,8,1,ghz,10,100,97.0,10,1.0,,1.0,0.1,0.1
derandomized_seeqst,8,1,ghz,10,100,97.0,30,0.9819805060619657,1.0,1.0,0.28,0.3
derandomized_seeqst,8,1,ghz,10,100,97.0,100,0.8086508587105193,1.1372549019607845,1.0,0.61,1.05
derandomized_seeqst,8,1,ghz,10,100,97.0,300,0.6485843794781329,0.993180482069371,1.0,0.94,3.11
derandomized_seeqst,8,1,ghz,10,100,97.0,1000,0.32904079283459364,0.997014652014652,1.0,1.0,10.43
derandomized_seeqst,8,1,ghz,10,100,97.0,3000,0.1884158126171886,0.9974413839225587,0.6521739130434783,1.0,31.65
derandomized_seeqst,8,1,ghz,10,100,97.0,10000,0.09628559205742225,1.0005471626678073,0.2692307692307692,1.0,105.81
derandomized_seeqst,8,1,ghz,10,100,97.0,20000,0.0694440390421466,1.0000531594034658,0.20187793427230047,1.0,211.76
derandomized_seeqst,8,1,ghz,10,100,97.0,30000,0.053470458100122256,1.0003827405576375,0.14743589743589744,1.0,317.71
derandomized_seeqst,8,1,ghz,10,100,97.0,40000,0.04643139960655624,1.0002770969832007,0.13216957605985039,1.0,424.26
derandomized_seeqst,8,1,ghz,10,100,97.0,50000,0.04102132470734951,1.0002618616281733,0.11591355599214145,1.0,529.84
random_seeqst,8,1,ghz,10,100,,10,0.0,0.0,0.0,1.0,10.0
random_seeqst,8,1,ghz,10,100,,30,0.0,0.0,0.0,1.0,30.0
random_seeqst,8,1,ghz,10,100,,100,2.8963093757400986,838.8607999999996,20.48,1.0,100.0
random_seeqst,8,1,ghz,10,100,,300,2.3648267026007073,1677.721599999992,6.826666666666667,1.0,300.0
random_seeqst,8,1,ghz,10,100,,1000,1.4625645421655755,2223.0650900500677,4.096,1.0,1000.0
random_seeqst,8,1,ghz,10,100,,3000,0.7632445363199283,1803.5693675669152,3.4133333333333336,1.0,3000.0
random_seeqst,8,1,ghz,10,100,,10000,0.4315403777168481,1904.2182107234748,1.4336,1.0,10000.0
random_seeqst,8,1,ghz,10,100,,20000,0.3046292435075792,1977.6204180451243,0.9216,1.0,20000.0
random_seeqst,8,1,ghz,10,100,,30000,0.25761057811269233,1957.3407481485262,1.024,1.0,30000.0
random_seeqst,8,1,ghz,10,100,,40000,0.21540540383193735,1994.3950123876673,0.768,1.0,40000.0
random_seeqst,8,1,ghz,10,100,,50000,0.20901643587048363,1964.6075978820759,0.6144,1.0,50000.0
derandomized_seeqst,8,2,ghz,10,100,98.0,10,1.0,0.0,1.0,0.09,0.1
derandomized_seeqst,8,2,ghz,10,100,98.0,30,0.9819805060619657,0.6666666666666666,1.0,0.28,0.31
derandomized_seeqst,8,2,ghz,10,100,98.0,100,0.8549455536123789,1.0974358974358973,1.0,0.62,1.03
derandomized_seeqst,8,2,ghz,10,100,98.0,300,0.6429279153429928,0.9970740103270225,1.0,0.96,3.09
derandomized_seeqst,8,2,ghz,10,100,98.0,1000,0.31576897785084024,1.0067742486271896,1.0,1.0,10.4
derandomized_seeqst,8,2,ghz,10,100,98.0,3000,0.17228831855610263,1.0044890550250047,0.45454545454545453,1.0,31.31
derandomized_seeqst,8,2,ghz,10,100,98.0,10000,0.09579482115496857,1.0007276783871348,0.23076923076923078,1.0,104.03
derandomized_seeqst,8,2,ghz,10,100,98.0,20000,0.059329423725090806,1.0014107407697344,0.19318181818181818,1.0,207.94
derandomized_seeqst,8,2,ghz,10,100,98.0,30000,0.04718846530761375,1.0010547334338518,0.14,1.0,311.99
derandomized_seeqst,8,2,ghz,10,100,98.0,40000,0.04506109817085996,1.0004278296587241,0.1024390243902439,1.0,415.91
derandomized_seeqst,8,2,ghz,10,100,98.0,50000,0.040409262967181,1.0003323260398687,0.10179640718562874,1.0,519.99
random_seeqst,8,2,ghz,10,100,,10,20.48,4194.304000000001,204.8,1.0,10.0
random_seeqst,8,2,ghz,10,100,,30,6.826666666666667,1398.101333333332,68.26666666666667,1.0,30.0
random_seeqst,8,2,ghz,10,100,,100,4.096,1677.721599999999,20.48,1.0,100.0
random_seeqst,8,2,ghz,10,100,,300,2.4613896707167506,2378.6426363433575,6.826666666666667,1.0,300.0
random_seeqst,8,2,ghz,10,100,,1000,1.2952689296049682,1761.6916500500631,4.096,1.0,1000.0
random_seeqst,8,2,ghz,10,100,,3000,0.8662068934280206,2195.0004457663263,2.048,1.0,3000.0
random_seeqst,8,2,ghz,10,100,,10000,0.4363730074145283,2147.507977396136,1.2288,1.0,10000.0
random_seeqst,8,2,ghz,10,100,,20000,0.30839235269377224,2124.4260914615993,0.9216,1.0,20000.0
random_seeqst,8,2,ghz,10,100,,30000,0.26746249248986087,2129.3077714079413,0.6826666666666666,1.0,30000.0
random_seeqst,8,2,ghz,10,100,,40000,0.24123840490270199,2090.8546193977177,0.5632,1.0,40000.0
random_seeqst,8,2,ghz,10,100,,50000,0.22228113082310877,2062.7505533103263,0.57344,1.0,50000.0
derandomized_seeqst,8,3,ghz,10,100,98.0,10,0.9354143466934853,1.0,1.0,0.08,0.1
derandomized_seeqst,8,3,ghz,10,100,98.0,30,0.9591663046625439,0.8,1.0,0.25,0.3
derandomized_seeqst,8,3,ghz,10,100,98.0,100,0.8532447093282696,1.1904761904761905,1.0,0.67,1.03
derandomized_seeqst,8,3,ghz,10,100,98.0,300,0.6216562102067239,1.0410430839002267,1.0,0.96,3.1
derandomized_seeqst,8,3,ghz,10,100,98.0,1000,0.3521775189850118,0.9813142827244994,1.0,1.0,10.35
derandomized_seeqst,8,3,ghz,10,100,98.0,3000,0.1776641298264236,1.0022022381534874,0.5384615384615384,1.0,31.29
derandomized_seeqst,8,3,ghz,10,100,98.0,10000,0.08689680220669797,1.0023495897778185,0.22105263157894736,1.0,103.86
derandomized_seeqst,8,3,ghz,10,100,98.0,20000,0.07029183593059964,0.9999780692597223,0.21081081081081082,1.0,207.82
derandomized_seeqst,8,3,ghz,10,100,98.0,30000,0.061268215093961555,0.9995193856000024,0.17006802721088435,1.0,311.86
derandomized_seeqst,8,3,ghz,10,100,98.0,40000,0.05179002495053106,0.9997704724401031,0.13766233766233765,1.0,415.55
derandomized_seeqst,8,3,ghz,10,100,98.0,50000,0.04471493472658801,0.9999630413240225,0.1172962226640159,1.0,519.7
random_seeqst,8,3,ghz,10,100,,10,20.48,4194.304000000001,204.8,1.0,10.0
random_seeqst,8,3,ghz,10,100,,30,6.826666666666667,1398.1013333333315,68.26666666666667,1.0,30.0
random_seeqst,8,3,ghz,10,100,,100,3.547240053901061,1258.2911999999994,20.48,1.0,100.0
random_seeqst,8,3,ghz,10,100,,300,1.930872917160066,1399.0365181716768,6.826666666666667,1.0,300.0
random_seeqst,8,3,ghz,10,100,,1000,1.3113598438262473,1887.6047401001117,4.096,1.0,1000.0
random_seeqst,8,3,ghz,10,100,,3000,0.7931869893032789,2111.207603601144,2.7306666666666666,1.0,3000.0
random_seeqst,8,3,ghz,10,100,,10000,0.4528812930559176,2034.235762110583,1.2288,1.0,10000.0
random_seeqst,8,3,ghz,10,100,,20000,0.32494861624570737,2078.275954194701,0.9216,1.0,20000.0
random_seeqst,8,3,ghz,10,100,,30000,0.24933693259434223,2088.7708487893924,0.6826666666666666,1.0,30000.0
random_seeqst,8,3,ghz,10,100,,40000,0.20847895625218385,2059.4112858071385,0.6656,1.0,40000.0
random_seeqst,8,3,ghz,10,100,,50000,0.19716188645881844,2027.5282313558678,0.57344,1.0,50000.0
derandomized_seeqst,8,4,ghz,10,100,97.0,10,0.9428090415820634,0.6666666666666666,1.0,0.09,0.12
derandomized_seeqst,8,4,ghz,10,100,97.0,30,0.8587046857760456,1.3333333333333335,1.0,0.22,0.34
derandomized_seeqst,8,4,ghz,10,100,97.0,100,0.7939341181833632,1.2000000000000002,1.0,0.57,1.1
derandomized_seeqst,8,4,ghz,10,100,97.0,300,0.6353117007853639,0.9855981416957027,1.0,0.95,3.22
derandomized_seeqst,8,4,ghz,10,100,97.0,1000,0.34050221594033336,0.9844045467776117,0.8333333333333334,1.0,10.63
derandomized_seeqst,8,4,ghz,10,100,97.0,3000,0.16639516233065463,0.9953746870288463,0.5151515151515151,1.0,31.73
derandomized_seeqst,8,4,ghz,10,100,97.0,10000,0.09825027063646687,0.9900094956863711,0.23577235772357724,1.0,105.84
derandomized_seeqst,8,4,ghz,10,100,97.0,20000,0.06539186143938325,0.9905379550357424,0.15555555555555556,1.0,211.45
derandomized_seeqst,8,4,ghz,10,100,97.0,30000,0.059711353711131225,0.9896376758914084,0.14675767918088736,1.0,317.17
derandomized_seeqst,8,4,ghz,10,100,97.0,40000,0.05045287389066239,0.9898575273387131,0.1192214111922141,1.0,423.45
derandomized_seeqst,8,4,ghz,10,100,97.0,50000,0.045831200897974,0.9898209712242708,0.11904761904761904,1.0,529.49
random_seeqst,8,4,ghz,10,100,,10,20.48,4194.315111111112,204.8,1.0,10.0
random_seeqst,8,4,ghz,10,100,,30,11.824133513003535,4194.314344827584,68.26666666666667,1.0,30.0
random_seeqst,8,4,ghz,10,100,,100,4.096001953124534,1677.7316848484834,20.48,1.0,100.0
random_seeqst,8,4,ghz,10,100,,300,2.8147070895565673,2937.8932013377794,6.826666666666667,1.0,300.0
random_seeqst,8,4,ghz,10,100,,1000,1.5188444159952657,2726.727439079101,4.096,1.0,1000.0
random_seeqst,8,4,ghz,10,100,,3000,0.8305045641723537,2488.770225577385,2.048,1.0,3000.0
random_seeqst,8,4,ghz,10,100,,10000,0.4276350219521315,2264.977786066621,1.024,1.0,10000.0
random_seeqst,8,4,ghz,10,100,,20000,0.3092415605962433,2101.3657419446013,0.9216,1.0,20000.0
random_seeqst,8,4,ghz,10,100,,30000,0.27186938334428173,2066.3987376634195,0.8192,1.0,30000.0
random_seeqst,8,4,ghz,10,100,,40000,0.21442968130601697,2048.9327472305995,0.6144,1.0,40000.0
random_seeqst,8,4,ghz,10,100,,50000,0.19822273435708632,2036.765465457486,0.57344,1.0,50000.0
derandomized_seeqst,8,5,ghz,10,100,98.0,10,0.9428090415820634,2.0,1.0,0.09,0.1
derandomized_seeqst,8,5,ghz,10,100,98.0,30,0.9591663046625439,0.8,1.0,0.25,0.3
derandomized_seeqst,8,5,ghz,10,100,98.0,100,0.8665510641689769,0.8709677419354839,1.0,0.61,1.03
derandomized_seeqst,8,5,ghz,10,100,98.0,300,0.6395404940994334,1.0247967479674798,1.0,0.98,3.1
derandomized_seeqst,8,5,ghz,10,100,98.0,1000,0.3598435286671075,0.9752036640540476,1.0,1.0,10.34
derandomized_seeqst,8,5,ghz,10,100,98.0,3000,0.17802860879930948,1.002331578255908,0.4444444444444444,1.0,31.19
derandomized_seeqst,8,5,ghz,10,100,98.0,10000,0.10637107496136879,0.9985459973264426,0.2857142857142857,1.0,103.95
derandomized_seeqst,8,5,ghz,10,100,98.0,20000,0.06422742501349535,1.0007985359995126,0.16161616161616163,1.0,207.82
derandomized_seeqst,8,5,ghz,10,100,98.0,30000,0.054857101983955284,1.0002662256554231,0.18631178707224336,1.0,311.82
derandomized_seeqst,8,5,ghz,10,100,98.0,40000,0.044548064306823995,1.0004715027898177,0.13896457765667575,1.0,415.78
derandomized_seeqst,8,5,ghz,10,100,98.0,50000,0.03910408740070603,1.000434791515727,0.10559006211180125,1.0,519.55
random_seeqst,8,5,ghz,10,100,,10,0.0,0.0,0.0,1.0,10.0
random_seeqst,8,5,ghz,10,100,,30,6.826666666666667,1398.1013333333328,68.26666666666667,1.0,30.0
random_seeqst,8,5,ghz,10,100,,100,4.096,1677.7215999999994,20.48,1.0,100.0
random_seeqst,8,5,ghz,10,100,,300,2.64395663101093,1816.5965484949747,13.653333333333334,1.0,300.0
random_seeqst,8,5,ghz,10,100,,1000,1.1402781415075884,1552.1443901501586,4.096,1.0,1000.0
random_seeqst,8,5,ghz,10,100,,3000,0.7192339628614137,2195.233540353398,2.048,1.0,3000.0
random_seeqst,8,5,ghz,10,100,,10000,0.45055999999999996,2155.884840170377,1.4336,1.0,10000.0
random_seeqst,8,5,ghz,10,100,,20000,0.332129786679846,2092.9520334066838,0.9216,1.0,20000.0
random_seeqst,8,5,ghz,10,100,,30000,0.2741737557746101,2120.915248593542,0.6826666666666666,1.0,30000.0
random_seeqst,8,5,ghz,10,100,,40000,0.22707647346213564,2123.36792047367,0.5632,1.0,40000.0
random_seeqst,8,5,ghz,10,100,,50000,0.1984341854419243,2106.3822203191994,0.57344,1.0,50000.0
derandomized_seeqst,8,6,ghz,10,100,100.0,10,1.0,,1.0,0.1,0.1
derandomized_seeqst,8,6,ghz,10,100,100.0,30,0.9198662110077999,2.0,1.0,0.26,0.3
derandomized_seeqst,8,6,ghz,10,100,100.0,100,0.8629652337776967,1.0357142857142858,1.0,0.63,1.0
derandomized_seeqst,8,6,ghz,10,100,100.0,300,0.6563232599980128,1.0347197106690775,1.0,0.97,3.0
derandomized_seeqst,8,6,ghz,10,100,100.0,1000,0.3871617766146352,0.956812635077341,1.0,1.0,10.0
derandomized_seeqst,8,6,ghz,10,100,100.0,3000,0.20260107129046337,0.9932789952314677,0.5333333333333333,1.0,30.0
derandomized_seeqst,8,6,ghz,10,100,100.0,10000,0.10303946323904033,0.9994922664986251,0.3333333333333333,1.0,100.0
derandomized_seeqst,8,6,ghz,10,100,100.0,20000,0.06514612909391898,1.0007905435953626,0.16022099447513813,1.0,200.0
derandomized_seeqst,8,6,ghz,10,100,100.0,30000,0.051611487408472344,1.0006853460204446,0.16721311475409836,1.0,300.0
derandomized_seeqst,8,6,ghz,10,100,100.0,40000,0.048049661894132435,1.0001987493363833,0.1385390428211587,1.0,400.0
derandomized_seeqst,8,6,ghz,10,100,100.0,50000,0.04254789026550721,1.000194246303371,0.1377245508982036,1.0,500.0
random_seeqst,8,6,ghz,10,100,,10,20.48,4194.304000000001,204.8,1.0,10.0
random_seeqst,8,6,ghz,10,100,,30,9.654364585800328,2796.202666666664,68.26666666666667,1.0,30.0
random_seeqst,8,6,ghz,10,100,,100,4.57946721791957,2097.151999999998,20.48,1.0,100.0
random_seeqst,8,6,ghz,10,100,,300,2.6439566310109304,2377.707451505006,6.826666666666667,1.0,300.0
random_seeqst,8,6,ghz,10,100,,1000,1.4768338024300498,2265.0081300500633,4.096,1.0,1000.0
random_seeqst,8,6,ghz,10,100,,3000,0.8608099132019023,2195.009769549797,2.7306666666666666,1.0,3000.0
random_seeqst,8,6,ghz,10,100,,10000,0.49956089518696317,2067.749085820575,1.4336,1.0,10000.0
random_seeqst,8,6,ghz,10,100,,20000,0.3519045688819626,2048.896111980243,0.9216,1.0,20000.0
random_seeqst,8,6,ghz,10,100,,30000,0.28549834979091093,2034.2237381504192,0.8192,1.0,30000.0
random_seeqst,8,6,ghz,10,100,,40000,0.23294593364126365,2019.553601032211,0.6656,1.0,40000.0
random_seeqst,8,6,ghz,10,100,,50000,0.20877549465394643,2018.295863510752,0.57344,1.0,50000.0
derandomized_seeqst,8,7,ghz,10,100,99.0,10,1.0,,1.0,0.11,0.11
derandomized_seeqst,8,7,ghz,10,100,99.0,30,0.9813067629253163,0.4,1.0,0.27,0.32
derandomized_seeqst,8,7,ghz,10,100,99.0,100,0.8747759569800683,0.8333333333333334,1.0,0.62,1.02
derandomized_seeqst,8,7,ghz,10,100,99.0,300,0.6460087098837141,0.9624926513815403,1.0,0.91,3.03
derandomized_seeqst,8,7,ghz,10,100,99.0,1000,0.3477249545111438,1.0036327638823181,1.0,1.0,10.18
derandomized_seeqst,8,7,ghz,10,100,99.0,3000,0.182883586784264,1.000734621855015,0.45454545454545453,1.0,30.5
derandomized_seeqst,8,7,ghz,10,100,99.0,10000,0.10517941090666816,0.9989475266488499,0.3181818181818182,1.0,102.08
derandomized_seeqst,8,7,ghz,10,100,99.0,20000,0.07121784658164504,0.9999080846610078,0.20512820512820512,1.0,204.31
derandomized_seeqst,8,7,ghz,10,100,99.0,30000,0.05539415720229441,1.0002455015389897,0.1317365269461078,1.0,306.38
derandomized_seeqst,8,7,ghz,10,100,99.0,40000,0.048686885602678275,1.0001129460789293,0.14430379746835442,1.0,408.43
derandomized_seeqst,8,7,ghz,10,100,99.0,50000,0.045339264164257036,0.999929667029129,0.13584905660377358,1.0,510.45
random_seeqst,8,7,ghz,10,100,,10,0.0,0.0,0.0,1.0,10.0
random_seeqst,8,7,ghz,10,100,,30,6.826666666666667,1398.101333333333,68.26666666666667,1.0,30.0
random_seeqst,8,7,ghz,10,100,,100,5.016554993219949,2516.582399999999,20.48,1.0,100.0
random_seeqst,8,7,ghz,10,100,,300,2.554304776037678,1957.3418666666555,6.826666666666667,1.0,300.0
random_seeqst,8,7,ghz,10,100,,1000,1.5863739786065578,1928.7920496496613,6.144,1.0,1000.0
random_seeqst,8,7,ghz,10,100,,3000,0.7902437992304794,1733.5990344158774,2.048,1.0,3000.0
random_seeqst,8,7,ghz,10,100,,10000,0.44635125181856494,1933.5682713871356,1.4336,1.0,10000.0
random_seeqst,8,7,ghz,10,100,,20000,0.2691776394873838,2023.7804124193294,0.9216,1.0,20000.0
random_seeqst,8,7,ghz,10,100,,30000,0.2452854677943867,2028.6524914560534,0.7509333333333333,1.0,30000.0
random_seeqst,8,7,ghz,10,100,,40000,0.21637679727734208,2017.463841677696,0.5632,1.0,40000.0
random_seeqst,8,7,ghz,10,100,,50000,0.18752345116278124,2036.7595925477797,0.53248,1.0,50000.0
derandomized_seeqst,8,8,ghz,10,100,99.0,10,0.9354143466934853,1.0,1.0,0.08,0.1
derandomized_seeqst,8,8,ghz,10,100,99.0,30,0.9607689228305228,1.0,1.0,0.26,0.3
derandomized_seeqst,8,8,ghz,10,100,99.0,100,0.8519772353013706,1.1358024691358024,1.0,0.61,1.02
derandomized_seeqst,8,8,ghz,10,100,99.0,300,0.6484617839816316,1.0110131295316482,1.0,0.95,3.03
derandomized_seeqst,8,8,ghz,10,100,99.0,1000,0.33100940104419835,1.0016280515150482,1.0,1.0,10.1
derandomized_seeqst,8,8,ghz,10,100,99.0,3000,0.17930983240145743,1.0017159147594235,0.4444444444444444,1.0,30.42
derandomized_seeqst,8,8,ghz,10,100,99.0,10000,0.09785094597497336,1.000396417027013,0.28,1.0,101.82
derandomized_seeqst,8,8,ghz,10,100,99.0,20000,0.06791293179445623,1.0003589981355798,0.21348314606741572,1.0,203.91
derandomized_seeqst,8,8,ghz,10,100,99.0,30000,0.055784187755641805,1.0001966784855743,0.16607773851590105,1.0,305.72
derandomized_seeqst,8,8,ghz,10,100,99.0,40000,0.046557637882360295,1.0003130959300401,0.11405835543766578,1.0,407.69
derandomized_seeqst,8,8,ghz,10,100,99.0,50000,0.04352411332603672,1.0000892996028194,0.0946969696969697,1.0,509.76
random_seeqst,8,8,ghz,10,100,,10,0.0,0.0,0.0,1.0,10.0
random_seeqst,8,8,ghz,10,100,,30,11.824133513003535,4194.303999999996,68.26666666666667,1.0,30.0
random_seeqst,8,8,ghz,10,100,,100,5.418498685060282,2936.012799999998,20.48,1.0,100.0
random_seeqst,8,8,ghz,10,100,,300,3.4133333333333336,3214.697881828298,13.653333333333334,1.0,300.0
random_seeqst,8,8,ghz,10,100,,1000,1.5730986491634908,2306.6992598999054,4.096,1.0,1000.0
random_seeqst,8,8,ghz,10,100,,3000,0.8163506000623887,2362.9124625185623,2.048,1.0,3000.0
random_seeqst,8,8,ghz,10,100,,10000,0.43347989480482246,2130.7316003407886,1.024,1.0,10000.0
random_seeqst,8,8,ghz,10,100,,20000,0.3236552832876361,2090.8603342745137,0.9216,1.0,20000.0
random_seeqst,8,8,ghz,10,100,,30000,0.25332360963794903,2067.7966257033167,0.6144,1.0,30000.0
random_seeqst,8,8,ghz,10,100,,40000,0.22481406361702552,2080.376252043257,0.6656,1.0,40000.0
random_seeqst,8,8,ghz,10,100,,50000,0.1987298831680832,2077.0213876616112,0.53248,1.0,50000.0
derandomized_seeqst,8,9,ghz,10,100,95.0,10,1.0,,1.0,0.12,0.12
derandomized_seeqst,8,9,ghz,10,100,95.0,30,0.8987170342729172,1.25,1.0,0.26,0.34
derandomized_seeqst,8,9,ghz,10,100,95.0,100,0.8917612321905989,0.8809523809523808,1.0,0.7,1.11
derandomized_seeqst,8,9,ghz,10,100,95.0,300,0.6885914682679285,0.8919429375125575,1.0,0.94,3.36
derandomized_seeqst,8,9,ghz,10,100,95.0,1000,0.3424867003248868,0.9868845540424487,1.0,1.0,11.0
derandomized_seeqst,8,9,ghz,10,100,95.0,3000,0.18411179603785247,0.9987523296390873,0.42857142857142855,1.0,32.87
derandomized_seeqst,8,9,ghz,10,100,95.0,10000,0.09978623659972337,0.9996001280777513,0.2857142857142857,1.0,109.65
derandomized_seeqst,8,9,ghz,10,100,95.0,20000,0.06374429450884776,1.0007093694712497,0.18018018018018017,1.0,219.9
derandomized_seeqst,8,9,ghz,10,100,95.0,30000,0.052794717423015565,1.0003893420990873,0.14590747330960854,1.0,329.93
derandomized_seeqst,8,9,ghz,10,100,95.0,40000,0.04925145495950572,0.999956532042372,0.15165876777251186,1.0,440.34
derandomized_seeqst,8,9,ghz,10,100,95.0,50000,0.04429306652136719,0.999943174251558,0.10526315789473684,1.0,550.54
random_seeqst,8,9,ghz,10,100,,10,0.0,0.0,0.0,1.0,10.0
random_seeqst,8,9,ghz,10,100,,30,0.0,0.0,0.0,1.0,30.0
random_seeqst,8,9,ghz,10,100,,100,4.096,1677.7215999999992,20.48,1.0,100.0
random_seeqst,8,9,ghz,10,100,,300,2.730666666666667,2236.962133333322,6.826666666666667,1.0,300.0
random_seeqst,8,9,ghz,10,100,,1000,1.3890211805440549,2181.2899901501664,4.096,1.0,1000.0
random_seeqst,8,9,ghz,10,100,,3000,0.8635126197366455,2013.1913297320739,2.7306666666666666,1.0,3000.0
random_seeqst,8,9,ghz,10,100,,10000,0.4477585635138651,1962.9300772764648,1.024,1.0,10000.0
random_seeqst,8,9,ghz,10,100,,20000,0.3144530438714181,1981.8088497258186,0.8192,1.0,20000.0
random_seeqst,8,9,ghz,10,100,,30000,0.24840062837637464,2021.6602138019368,0.8874666666666666,1.0,30000.0
random_seeqst,8,9,ghz,10,100,,40000,0.21104090977817544,2029.0007467533665,0.6144,1.0,40000.0
random_seeqst,8,9,ghz,10,100,,50000,0.1909368753488964,2019.1418715476661,0.53248,1.0,50000.0
derandomized_seeqst,8,0,random_stabilizer,10,100,97.0,10,0.9428090415820634,2.0,1.0,0.09,0.1
derandomized_seeqst,8,0,random_stabilizer,10,100,97.0,30,0.9819805060619657,0.6666666666666666,1.0,0.28,0.31
derandomized_seeqst,8,0,random_stabilizer,10,100,97.0,100,0.9253846797713671,0.6025641025641026,1.0,0.64,1.02
derandomized_seeqst,8,0,random_stabilizer,10,100,97.0,300,0.6523448392450693,1.0129694154084399,1.0,0.97,3.12
derandomized_seeqst,8,0,random_stabilizer,10,100,97.0,1000,0.30931208213832273,1.0120421669833433,1.0,1.0,10.57
derandomized_seeqst,8,0,random_stabilizer,10,100,97.0,3000,0.15515381978575082,1.0097146640873105,0.3684210526315789,1.0,31.86
derandomized_seeqst,8,0,random_stabilizer,10,100,97.0,10000,0.10697018653841928,0.9983295837607254,0.3142857142857143,1.0,106.12
derandomized_seeqst,8,0,random_stabilizer,10,100,97.0,20000,0.06547511349239231,1.0005864310506027,0.1941747572815534,1.0,211.66
derandomized_seeqst,8,0,random_stabilizer,10,100,97.0,30000,0.05397775809840134,1.0003275161748106,0.14563106796116504,1.0,317.63
derandomized_seeqst,8,0,random_stabilizer,10,100,97.0,40000,0.04880970928505259,1.0000460475898587,0.14124293785310735,1.0,423.46
derandomized_seeqst,8,0,random_stabilizer,10,100,97.0,50000,0.04366918709993841,1.0000359780663708,0.11538461538461539,1.0,529.7
random_seeqst,8,0,random_stabilizer,10,100,,10,2.4532694666933985e-19,0.0,1.734723475976807e-18,1.0,10.0
random_seeqst,8,0,random_stabilizer,10,100,,30,11.824133513003535,4194.303999999998,68.26666666666667,1.0,30.0
random_seeqst,8,0,random_stabilizer,10,100,,100,5.016554993219949,2516.582399999998,20.48,1.0,100.0
random_seeqst,8,0,random_stabilizer,10,100,,300,2.896309375740099,2236.026948494972,13.653333333333334,1.0,300.0
random_seeqst,8,0,random_stabilizer,10,100,,1000,1.5049664979659847,2516.834310150166,4.096,1.0,1000.0
random_seeqst,8,0,random_stabilizer,10,100,,3000,0.8608099132019024,2195.009769549802,2.048,1.0,3000.0
random_seeqst,8,0,random_stabilizer,10,100,,10000,0.46925575116347806,2101.336236663642,1.2288,1.0,10000.0
random_seeqst,8,0,random_stabilizer,10,100,,20000,0.3414698393709172,1975.4993573168604,0.8192,1.0,20000.0
random_seeqst,8,0,random_stabilizer,10,100,,30000,0.2688528202071411,1983.8996401494273,0.8192,1.0,30000.0
random_seeqst,8,0,random_stabilizer,10,100,,40000,0.21240287756996137,2031.097374452041,0.5632,1.0,40000.0
random_seeqst,8,0,random_stabilizer,10,100,,50000,0.1920320826528734,2030.0468606170007,0.49152,1.0,50000.0
derandomized_seeqst,8,1,random_stabilizer,10,100,100.0,10,1.0,,1.0,0.1,0.1
derandomized_seeqst,8,1,random_stabilizer,10,100,100.0,30,0.9598418079539441,0.6666666666666667,1.0,0.24,0.3
derandomized_seeqst,8,1,random_stabilizer,10,100,100.0,100,0.852675010611511,1.2102564102564102,1.0,0.63,1.0
derandomized_seeqst,8,1,random_stabilizer,10,100,100.0,300,0.6673042483817723,1.0506105006105007,1.0,0.97,3.0
derandomized_seeqst,8,1,random_stabilizer,10,100,100.0,1000,0.3694713092398714,0.9697012724117987,1.0,1.0,10.0
derandomized_seeqst,8,1,random_stabilizer,10,100,100.0,3000,0.19896338190582016,0.994816036237737,0.5384615384615384,1.0,30.0
derandomized_seeqst,8,1,random_stabilizer,10,100,100.0,10000,0.09256995328591494,1.0015688017028357,0.3333333333333333,1.0,100.0
derandomized_seeqst,8,1,random_stabilizer,10,100,100.0,20000,0.06512821906319728,1.0007918693001567,0.21649484536082475,1.0,200.0
derandomized_seeqst,8,1,random_stabilizer,10,100,100.0,30000,0.05482902135392549,1.0003398092514248,0.16030534351145037,1.0,300.0
derandomized_seeqst,8,1,random_stabilizer,10,100,100.0,40000,0.048291818094083845,1.0001747306493274,0.13189448441247004,1.0,400.0
derandomized_seeqst,8,1,random_stabilizer,10,100,100.0,50000,0.04522595070587793,0.9999586737649228,0.11969111969111969,1.0,500.0
random_seeqst,8,1,random_stabilizer,10,100,,10,28.963100662739823,8388.62088888889,204.8,1.0,10.0
random_seeqst,8,1,random_stabilizer,10,100,,30,11.824150427550105,4194.321517241375,68.26666666666667,1.0,30.0
random_seeqst,8,1,random_stabilizer,10,100,,100,5.016633133885714,2516.6010020202007,20.48,1.0,100.0
random_seeqst,8,1,random_stabilizer,10,100,,300,2.5543681975958146,2237.9177288740125,6.826666666666667,1.0,300.0
random_seeqst,8,1,random_stabilizer,10,100,,1000,1.4910056203784074,2390.9416038438603,4.096,1.0,1000.0
random_seeqst,8,1,random_stabilizer,10,100,,3000,0.8715747408506564,2027.1838854328712,2.048,1.0,3000.0
random_seeqst,8,1,random_stabilizer,10,100,,10000,0.4606875214285709,2004.8857715847435,1.4336,1.0,10000.0
random_seeqst,8,1,random_stabilizer,10,100,,20000,0.2863549323828734,1925.219751840529,0.9216,1.0,20000.0
random_seeqst,8,1,random_stabilizer,10,100,,30000,0.2538768563256166,1995.1125236262199,0.6144,1.0,30000.0
random_seeqst,8,1,random_stabilizer,10,100,,40000,0.22638470708066832,2010.1390514409181,0.6144,1.0,40000.0
random_seeqst,8,1,random_stabilizer,10,100,,50000,0.21526564485769673,2043.4793670901615,0.6144,1.0,50000.0
derandomized_seeqst,8,2,random_stabilizer,10,100,97.0,10,1.0,,1.0,0.1,0.1
derandomized_seeqst,8,2,random_stabilizer,10,100,97.0,30,0.9805806756909202,0.6666666666666666,1.0,0.26,0.3
derandomized_seeqst,8,2,random_stabilizer,10,100,97.0,100,0.9419420905558814,0.5333333333333333,1.0,0.68,1.04
derandomized_seeqst,8,2,random_stabilizer,10,100,97.0,300,0.6737284654203824,0.9143977591036416,1.0,0.97,3.18
derandomized_seeqst,8,2,random_stabilizer,10,100,97.0,1000,0.368085361832744,0.9649240974248378,1.0,1.0,10.54
derandomized_seeqst,8,2,random_stabilizer,10,100,97.0,3000,0.1918813804663219,0.996487926226802,0.5294117647058824,1.0,31.56
derandomized_seeqst,8,2,random_stabilizer,10,100,97.0,10000,0.10213111676413122,0.9993477660029387,0.28735632183908044,1.0,105.46
derandomized_seeqst,8,2,random_stabilizer,10,100,97.0,20000,0.08317699499354814,0.9979408683637984,0.225130890052356,1.0,211.39
derandomized_seeqst,8,2,random_stabilizer,10,100,97.0,30000,0.070549077723104,0.9982603327145538,0.2152777777777778,1.0,317.64
derandomized_seeqst,8,2,random_stabilizer,10,100,97.0,40000,0.0589863992098412,0.9989485877980576,0.185378590078329,1.0,423.61
derandomized_seeqst,8,2,random_stabilizer,10,100,97.0,50000,0.047944589820332784,0.9996437404903235,0.14688128772635814,1.0,529.44
random_seeqst,8,2,random_stabilizer,10,100,,10,1.5708589183138458e-18,0.0,1.5612511283791264e-17,1.0,10.0
random_seeqst,8,2,random_stabilizer,10,100,,30,11.824133513003535,4194.303999999998,68.26666666666667,1.0,30.0
random_seeqst,8,2,random_stabilizer,10,100,,100,5.418498685060282,2936.012799999998,20.48,1.0,100.0
random_seeqst,8,2,random_stabilizer,10,100,,300,2.6439566310109304,2097.151999999986,6.826666666666667,1.0,300.0
random_seeqst,8,2,random_stabilizer,10,100,,1000,1.4040380621621338,1971.32288000001,4.096,1.0,1000.0
random_seeqst,8,2,random_stabilizer,10,100,,3000,0.7872896064628597,2223.1023291852134,2.048,1.0,3000.0
random_seeqst,8,2,random_stabilizer,10,100,,10000,0.4207132382038863,2181.0791882900457,1.2288,1.0,10000.0
random_seeqst,8,2,random_stabilizer,10,100,,20000,0.32203131276321556,2095.0558966286217,0.9216,1.0,20000.0
random_seeqst,8,2,random_stabilizer,10,100,,30000,0.2664149852308529,2042.623158494586,0.9557333333333333,1.0,30000.0
random_seeqst,8,2,random_stabilizer,10,100,,40000,0.2101696076981636,2049.973158065203,0.6144,1.0,40000.0
random_seeqst,8,2,random_stabilizer,10,100,,50000,0.17305297038768216,1999.015319376427,0.49152,1.0,50000.0
derandomized_seeqst,8,3,random_stabilizer,10,100,96.0,10,1.0,,1.0,0.12,0.12
derandomized_seeqst,8,3,random_stabilizer,10,100,96.0,30,0.9245003270420485,0.9523809523809526,1.0,0.26,0.35
derandomized_seeqst,8,3,random_stabilizer,10,100,96.0,100,0.8241836885286236,0.9187500000000001,1.0,0.57,1.12
derandomized_seeqst,8,3,random_stabilizer,10,100,96.0,300,0.6283024392977328,1.0460518384569015,1.0,0.94,3.3
derandomized_seeqst,8,3,random_stabilizer,10,100,96.0,1000,0.3188819789000845,1.0098650307380956,0.7777777777777778,1.0,10.8
derandomized_seeqst,8,3,random_stabilizer,10,100,96.0,3000,0.1957972524558304,0.9949919865268005,0.6363636363636364,1.0,32.59
derandomized_seeqst,8,3,random_stabilizer,10,100,96.0,10000,0.1117869046600239,0.9971703440609048,0.2727272727272727,1.0,108.21
derandomized_seeqst,8,3,random_stabilizer,10,100,96.0,20000,0.07619469975070452,0.9990088300621872,0.25773195876288657,1.0,215.88
derandomized_seeqst,8,3,random_stabilizer,10,100,96.0,30000,0.06214926847242809,0.9993450521318549,0.1891891891891892,1.0,323.93
derandomized_seeqst,8,3,random_stabilizer,10,100,96.0,40000,0.05064893765293433,0.9998407365302678,0.14936708860759493,1.0,432.33
derandomized_seeqst,8,3,random_stabilizer,10,100,96.0,50000,0.04526605482845736,0.9998749475431782,0.11683168316831684,1.0,540.44
random_seeqst,8,3,random_stabilizer,10,100,,10,20.48,4194.304000000001,204.8,1.0,10.0
random_seeqst,8,3,random_stabilizer,10,100,,30,6.826666666666667,1398.1013333333312,68.26666666666667,1.0,30.0
random_seeqst,8,3,random_stabilizer,10,100,,100,3.547240053901061,1258.2911999999992,20.48,1.0,100.0
random_seeqst,8,3,random_stabilizer,10,100,,300,2.554304776037678,1957.3418666666607,13.653333333333334,1.0,300.0
random_seeqst,8,3,random_stabilizer,10,100,,1000,1.3890211805440549,1845.4097899499557,4.096,1.0,1000.0
random_seeqst,8,3,random_stabilizer,10,100,,3000,0.844412032126497,2167.0663904501066,2.7306666666666666,1.0,3000.0
random_seeqst,8,3,random_stabilizer,10,100,,10000,0.4500943047851194,2193.6377708938303,1.4336,1.0,10000.0
random_seeqst,8,3,random_stabilizer,10,100,,20000,0.3228443191384975,2059.4020056461572,0.9216,1.0,20000.0
random_seeqst,8,3,random_stabilizer,10,100,,30000,0.2619163455931853,2074.782937926232,0.7509333333333333,1.0,30000.0
random_seeqst,8,3,random_stabilizer,10,100,,40000,0.23074108086771195,2060.450109806685,0.6656,1.0,40000.0
random_seeqst,8,3,random_stabilizer,10,100,,50000,0.20340259254984927,2050.1754260944513,0.6144,1.0,50000.0
derandomized_seeqst,8,4,random_stabilizer,10,100,99.0,10,0.8944271909999159,2.0,1.0,0.1,0.12
derandomized_seeqst,8,4,random_stabilizer,10,100,99.0,30,0.9245003270420485,1.3333333333333335,1.0,0.26,0.33
derandomized_seeqst,8,4,random_stabilizer,10,100,99.0,100,0.888858506425204,0.8906666666666667,1.0,0.64,1.05
derandomized_seeqst,8,4,random_stabilizer,10,100,99.0,300,0.665028184734589,0.9560633459367636,1.0,0.96,3.1
derandomized_seeqst,8,4,random_stabilizer,10,100,99.0,1000,0.32782404590867503,0.9882158555239049,1.0,1.0,10.19
derandomized_seeqst,8,4,random_stabilizer,10,100,99.0,3000,0.1966054155735682,0.9852776990472663,0.5,1.0,30.71
derandomized_seeqst,8,4,random_stabilizer,10,100,99.0,10000,0.1006083387468809,0.9897835206369247,0.2830188679245283,1.0,102.13
derandomized_seeqst,8,4,random_stabilizer,10,100,99.0,20000,0.07639875778610916,0.989085478821709,0.22167487684729065,1.0,203.89
derandomized_seeqst,8,4,random_stabilizer,10,100,99.0,30000,0.05676317937528737,0.9900582482535545,0.19879518072289157,1.0,306.06
derandomized_seeqst,8,4,random_stabilizer,10,100,99.0,40000,0.05174359263464053,0.9897802749398307,0.1813953488372093,1.0,408.12
derandomized_seeqst,8,4,random_stabilizer,10,100,99.0,50000,0.04906800074330345,0.9895569101804986,0.14919354838709678,1.0,510.24
random_seeqst,8,4,random_stabilizer,10,100,,10,0.09999999999999971,0.0,0.9999999999999971,1.0,10.0
random_seeqst,8,4,random_stabilizer,10,100,,30,11.8245563694091,4194.303999999996,68.26666666666667,1.0,30.0
random_seeqst,8,4,random_stabilizer,10,100,,100,4.580558917861444,2097.1519999999987,20.48,1.0,100.0
random_seeqst,8,4,random_stabilizer,10,100,,300,2.898035196473639,2236.026948494974,13.653333333333334,1.0,300.0
random_seeqst,8,4,random_stabilizer,10,100,,1000,1.4663144546788045,1929.127929849855,4.096,1.0,1000.0
random_seeqst,8,4,random_stabilizer,10,100,,3000,0.7996707322392136,1957.35119045011,2.048,1.0,3000.0
random_seeqst,8,4,random_stabilizer,10,100,,10000,0.4635217673421605,2025.8219857697666,1.4336,1.0,10000.0
random_seeqst,8,4,random_stabilizer,10,100,,20000,0.3348943714068661,2076.1637019453246,0.9216,1.0,20000.0
random_seeqst,8,4,random_stabilizer,10,100,,30000,0.27825852343938484,2037.0150006946217,0.8192,1.0,30000.0
random_seeqst,8,4,random_stabilizer,10,100,,40000,0.2493258494420504,2045.7523244292058,0.768,1.0,40000.0
random_seeqst,8,4,random_stabilizer,10,100,,50000,0.21735287849945764,2029.1846790204422,0.6144,1.0,50000.0
derandomized_seeqst,8,5,random_stabilizer,10,100,98.0,10,1.0,,1.0,0.1,0.1
derandomized_seeqst,8,5,random_stabilizer,10,100,98.0,30,0.9607689228305228,1.0,1.0,0.26,0.3
derandomized_seeqst,8,5,random_stabilizer,10,100,98.0,100,0.881296636033385,0.9476190476190477,1.0,0.65,1.05
derandomized_seeqst,8,5,random_stabilizer,10,100,98.0,300,0.6232387956835082,1.0027042915931805,1.0,0.93,3.15
derandomized_seeqst,8,5,random_stabilizer,10,100,98.0,1000,0.33384132425529006,0.9966832651009122,0.8461538461538461,1.0,10.35
derandomized_seeqst,8,5,random_stabilizer,10,100,98.0,3000,0.18604676789305566,0.9993690712948434,0.5652173913043478,1.0,30.97
derandomized_seeqst,8,5,random_stabilizer,10,100,98.0,10000,0.10060481781155797,0.9997807425060177,0.24770642201834864,1.0,103.81
derandomized_seeqst,8,5,random_stabilizer,10,100,98.0,20000,0.07391456206260977,0.9994594810192875,0.19617224880382775,1.0,207.9
derandomized_seeqst,8,5,random_stabilizer,10,100,98.0,30000,0.053907761264246845,1.000373614548439,0.17763157894736842,1.0,311.66
derandomized_seeqst,8,5,random_stabilizer,10,100,98.0,40000,0.0492130064408584,1.0000345911123205,0.17899761336515513,1.0,415.7
derandomized_seeqst,8,5,random_stabilizer,10,100,98.0,50000,0.04625391301665073,0.9998246256354584,0.184,1.0,519.6
random_seeqst,8,5,random_stabilizer,10,100,,10,28.96309375740099,8388.608000000002,204.8,1.0,10.0
random_seeqst,8,5,random_stabilizer,10,100,,30,13.653333333333334,5592.405333333329,68.26666666666667,1.0,30.0
random_seeqst,8,5,random_stabilizer,10,100,,100,4.57946721791957,2097.151999999998,20.48,1.0,100.0
random_seeqst,8,5,random_stabilizer,10,100,,300,3.052978145279713,3076.7581181716696,6.826666666666667,1.0,300.0
random_seeqst,8,5,random_stabilizer,10,100,,1000,1.6125968125976187,2264.58827979982,6.144,1.0,1000.0
random_seeqst,8,5,random_stabilizer,10,100,,3000,0.8742398958841648,1929.2586308146688,2.7306666666666666,1.0,3000.0
random_seeqst,8,5,random_stabilizer,10,100,,10000,0.445410573740678,1874.842981718934,1.4336,1.0,10000.0
random_seeqst,8,5,random_stabilizer,10,100,,20000,0.30991863706463346,1933.5747731773333,0.9216,1.0,20000.0
random_seeqst,8,5,random_stabilizer,10,100,,30000,0.26902610596164994,1919.584741779292,0.6144,1.0,30000.0
random_seeqst,8,5,random_stabilizer,10,100,,40000,0.22346908511022281,1955.5931913980787,0.5632,1.0,40000.0
random_seeqst,8,5,random_stabilizer,10,100,,50000,0.18409230380436878,1973.0061717477727,0.57344,1.0,50000.0
derandomized_seeqst,8,6,random_stabilizer,10,100,98.0,10,1.0,,1.0,0.11,0.11
derandomized_seeqst,8,6,random_stabilizer,10,100,98.0,30,0.9574271077563381,0.5,1.0,0.24,0.32
derandomized_seeqst,8,6,random_stabilizer,10,100,98.0,100,0.8133720391518718,1.1577777777777778,1.0,0.6,1.06
derandomized_seeqst,8,6,random_stabilizer,10,100,98.0,300,0.6087592659115633,1.0345543345543347,1.0,0.92,3.12
derandomized_seeqst,8,6,random_stabilizer,10,100,98.0,1000,0.31677517355606905,1.0054582601306739,1.0,1.0,10.46
derandomized_seeqst,8,6,random_stabilizer,10,100,98.0,3000,0.17462232915964693,0.9933276995782282,0.5,1.0,31.28
derandomized_seeqst,8,6,random_stabilizer,10,100,98.0,10000,0.09612335838024719,0.9906239651006709,0.23711340206185566,1.0,104.15
derandomized_seeqst,8,6,random_stabilizer,10,100,98.0,20000,0.07096057030174134,0.9898625026468664,0.19576719576719576,1.0,208.22
derandomized_seeqst,8,6,random_stabilizer,10,100,98.0,30000,0.05550546059014513,0.9901802877688717,0.13793103448275862,1.0,312.14
derandomized_seeqst,8,6,random_stabilizer,10,100,98.0,40000,0.04846466358396267,0.9900950088865379,0.11583924349881797,1.0,416.17
derandomized_seeqst,8,6,random_stabilizer,10,100,98.0,50000,0.039742597585697426,0.9903760423967891,0.1040339702760085,1.0,520.43
random_seeqst,8,6,random_stabilizer,10,100,,10,0.10198039027185542,0.012888888888888887,0.9999999999999971,1.0,10.0
random_seeqst,8,6,random_stabilizer,10,100,,30,9.654919298816882,2796.2157241379296,68.26666666666667,1.0,30.0
random_seeqst,8,6,random_stabilizer,10,100,,100,5.419504405386161,2936.0292646464636,20.48,1.0,100.0
random_seeqst,8,6,random_stabilizer,10,100,,300,2.645852435626581,2377.727489855059,6.826666666666667,1.0,300.0
random_seeqst,8,6,random_stabilizer,10,100,,1000,1.266852240792114,1971.678724124145,4.096,1.0,1000.0
random_seeqst,8,6,random_stabilizer,10,100,,3000,0.8198146159007197,2195.0946822229366,2.7306666666666666,1.0,3000.0
random_seeqst,8,6,random_stabilizer,10,100,,10000,0.4788908355773787,2155.872038771469,1.2288,1.0,10000.0
random_seeqst,8,6,random_stabilizer,10,100,,20000,0.3478065692306573,2086.6651278469267,0.8192,1.0,20000.0
random_seeqst,8,6,random_stabilizer,10,100,,30000,0.2702375476008716,2004.8847304925046,0.5461333333333334,1.0,30000.0
random_seeqst,8,6,random_stabilizer,10,100,,40000,0.2312751764132934,2039.4904460542148,0.7168,1.0,40000.0
random_seeqst,8,6,random_stabilizer,10,100,,50000,0.19934321149213985,2047.6740397654448,0.49152,1.0,50000.0
derandomized_seeqst,8,7,random_stabilizer,10,100,97.0,10,1.0,0.0,1.0,0.09,0.1
derandomized_seeqst,8,7,random_stabilizer,10,100,97.0,30,0.9154031696268934,1.2222222222222223,1.0,0.24,0.31
derandomized_seeqst,8,7,random_stabilizer,10,100,97.0,100,0.8665187250456281,1.074074074074074,1.0,0.65,1.06
derandomized_seeqst,8,7,random_stabilizer,10,100,97.0,300,0.660405073392027,0.9802380952380954,1.0,0.95,3.17
derandomized_seeqst,8,7,random_stabilizer,10,100,97.0,1000,0.2752962289896302,1.0374766635153634,0.7142857142857143,1.0,10.57
derandomized_seeqst,8,7,random_stabilizer,10,100,97.0,3000,0.17580301538085588,1.0024118963574982,0.4166666666666667,1.0,31.61
derandomized_seeqst,8,7,random_stabilizer,10,100,97.0,10000,0.08946789736143776,1.0017935773184978,0.24210526315789474,1.0,105.78
derandomized_seeqst,8,7,random_stabilizer,10,100,97.0,20000,0.06428940139998027,1.0007451690094373,0.18518518518518517,1.0,211.67
derandomized_seeqst,8,7,random_stabilizer,10,100,97.0,30000,0.054021295514101224,1.0003270236801265,0.13333333333333333,1.0,317.61
derandomized_seeqst,8,7,random_stabilizer,10,100,97.0,40000,0.045663247034292545,1.000347124657392,0.12098765432098765,1.0,423.66
derandomized_seeqst,8,7,random_stabilizer,10,100,97.0,50000,0.04395312981162729,1.0000120043423053,0.12863070539419086,1.0,529.99
random_seeqst,8,7,random_stabilizer,10,100,,10,1.7347234759768072e-19,0.0,1.734723475976807e-18,1.0,10.0
random_seeqst,8,7,random_stabilizer,10,100,,30,6.826666666666667,1398.1013333333328,68.26666666666667,1.0,30.0
random_seeqst,8,7,random_stabilizer,10,100,,100,3.547240053901061,1258.2911999999992,20.48,1.0,100.0
random_seeqst,8,7,random_stabilizer,10,100,,300,2.048,1258.291199999993,6.826666666666667,1.0,300.0
random_seeqst,8,7,random_stabilizer,10,100,,1000,1.4336,2139.1790100500657,6.144,1.0,1000.0
random_seeqst,8,7,random_stabilizer,10,100,,3000,0.8499131458893641,2055.1716648660395,2.7306666666666666,1.0,3000.0
random_seeqst,8,7,random_stabilizer,10,100,,10000,0.49194648164205834,1983.8621668758215,1.2288,1.0,10000.0
random_seeqst,8,7,random_stabilizer,10,100,,20000,0.3063454781778246,1990.2029105938373,0.9216,1.0,20000.0
random_seeqst,8,7,random_stabilizer,10,100,,30000,0.24576,2021.661518740188,0.6144,1.0,30000.0
random_seeqst,8,7,random_stabilizer,10,100,,40000,0.21625561171909505,2013.2694852477937,0.5632,1.0,40000.0
random_seeqst,8,7,random_stabilizer,10,100,,50000,0.20821221420464267,1998.163036535183,0.69632,1.0,50000.0
derandomized_seeqst,8,8,random_stabilizer,10,100,98.0,10,1.0,,1.0,0.1,0.1
derandomized_seeqst,8,8,random_stabilizer,10,100,98.0,30,0.9622504486493763,1.0,1.0,0.27,0.31
derandomized_seeqst,8,8,random_stabilizer,10,100,98.0,100,0.8989706047186127,0.9944444444444445,1.0,0.69,1.02
derandomized_seeqst,8,8,random_stabilizer,10,100,98.0,300,0.6712885394778938,0.945218101844608,1.0,0.95,3.06
derandomized_seeqst,8,8,random_stabilizer,10,100,98.0,1000,0.3322211834187658,0.99501610008125,1.0,1.0,10.31
derandomized_seeqst,8,8,random_stabilizer,10,100,98.0,3000,0.18088114892243265,1.0009402106120064,0.4666666666666667,1.0,31.09
derandomized_seeqst,8,8,random_stabilizer,10,100,98.0,10000,0.09432242854038433,1.0010097863508391,0.2641509433962264,1.0,103.71
derandomized_seeqst,8,8,random_stabilizer,10,100,98.0,20000,0.06488649016333549,1.000720215770058,0.1485148514851485,1.0,207.92
derandomized_seeqst,8,8,random_stabilizer,10,100,98.0,30000,0.04633279037409705,1.0011321818436325,0.13074204946996468,1.0,311.68
derandomized_seeqst,8,8,random_stabilizer,10,100,98.0,40000,0.04409878646118006,1.0005101551379179,0.12060301507537688,1.0,415.35
derandomized_seeqst,8,8,random_stabilizer,10,100,98.0,50000,0.03722897034607863,1.0005781011559354,0.099601593625498,1.0,519.54
random_seeqst,8,8,random_stabilizer,10,100,,10,3.878959614448864e-19,0.0,1.734723475976807e-18,1.0,10.0
random_seeqst,8,8,random_stabilizer,10,100,,30,3.878959614448864e-19,0.0,1.734723475976807e-18,1.0,30.0
random_seeqst,8,8,random_stabilizer,10,100,,100,4.096,1677.7215999999992,20.48,1.0,100.0
random_seeqst,8,8,random_stabilizer,10,100,,300,2.730666666666667,2236.9621333333216,6.826666666666667,1.0,300.0
random_seeqst,8,8,random_stabilizer,10,100,,1000,1.4481546878700493,1845.2418498498594,4.096,1.0,1000.0
random_seeqst,8,8,random_stabilizer,10,100,,3000,0.8553788816139378,1943.2769392819641,2.7306666666666666,1.0,3000.0
random_seeqst,8,8,random_stabilizer,10,100,,10000,0.5037413939711526,2025.7976563736593,1.8432,1.0,10000.0
random_seeqst,8,8,random_stabilizer,10,100,,20000,0.32799984390240183,2030.0370539552634,1.024,1.0,20000.0
random_seeqst,8,8,random_stabilizer,10,100,,30000,0.27738452860805185,2014.6542342980642,0.8192,1.0,30000.0
random_seeqst,8,8,random_stabilizer,10,100,,40000,0.22897336089597847,2036.333071527115,0.6656,1.0,40000.0
random_seeqst,8,8,random_stabilizer,10,100,,50000,0.19699162573063864,2037.594829396518,0.57344,1.0,50000.0
derandomized_seeqst,8,9,random_stabilizer,10,100,99.0,10,0.9428090415820634,2.0,1.0,0.09,0.1
derandomized_seeqst,8,9,random_stabilizer,10,100,99.0,30,0.9622504486493763,0.8,1.0,0.27,0.32
derandomized_seeqst,8,9,random_stabilizer,10,100,99.0,100,0.8752104124113618,1.0833333333333333,1.0,0.66,1.04
derandomized_seeqst,8,9,random_stabilizer,10,100,99.0,300,0.6782008736059392,0.9657632965325273,1.0,0.96,3.12
derandomized_seeqst,8,9,random_stabilizer,10,100,99.0,1000,0.35262018776592957,0.9893947254442611,1.0,1.0,10.28
derandomized_seeqst,8,9,random_stabilizer,10,100,99.0,3000,0.21269691136962374,0.9887692191587603,0.6190476190476191,1.0,30.66
derandomized_seeqst,8,9,random_stabilizer,10,100,99.0,10000,0.10920811520628529,0.9980486120122546,0.38095238095238093,1.0,101.99
derandomized_seeqst,8,9,random_stabilizer,10,100,99.0,20000,0.07273156212912488,0.999682603643192,0.20192307692307693,1.0,204.17
derandomized_seeqst,8,9,random_stabilizer,10,100,99.0,30000,0.06093799223925013,0.9995957152980866,0.1737704918032787,1.0,306.14
derandomized_seeqst,8,9,random_stabilizer,10,100,99.0,40000,0.05200024851652268,0.9997760240287892,0.16381418092909536,1.0,408.13
derandomized_seeqst,8,9,random_stabilizer,10,100,99.0,50000,0.04837163231535716,0.9996427706695595,0.16024340770791076,1.0,510.08
random_seeqst,8,9,random_stabilizer,10,100,,10,3.0046291974743187e-19,0.0,1.734723475976807e-18,1.0,10.0
random_seeqst,8,9,random_stabilizer,10,100,,30,6.826666666666667,1398.1013333333324,68.26666666666667,1.0,30.0
random_seeqst,8,9,random_stabilizer,10,100,,100,4.096,1677.7215999999992,20.48,1.0,100.0
random_seeqst,8,9,random_stabilizer,10,100,,300,2.2641491902159534,1537.9114666666567,6.826666666666667,1.0,300.0
random_seeqst,8,9,random_stabilizer,10,100,,1000,1.1217357977705802,1930.0516004004185,2.048,1.0,1000.0
random_seeqst,8,9,random_stabilizer,10,100,,3000,0.7127249243416269,1971.4720605356988,2.048,1.0,3000.0
random_seeqst,8,9,random_stabilizer,10,100,,10000,0.4315403777168481,1946.1654454469087,1.4336,1.0,10000.0
random_seeqst,8,9,random_stabilizer,10,100,,20000,0.3022101414578935,2019.5670233819162,0.9216,1.0,20000.0
random_seeqst,8,9,random_stabilizer,10,100,,30000,0.2550653159051183,2069.193888147896,0.6826666666666666,1.0,30000.0
random_seeqst,8,9,random_stabilizer,10,100,,40000,0.21866656260160128,2099.253818279952,0.6656,1.0,40000.0
random_seeqst,8,9,random_stabilizer,10,100,,50000,0.20434894329063705,2066.1137141843283,0.6144,1.0,50000.0
derandomized_seeqst,9,0,haar_random,10,100,100.0,10,0.9998896766215744,0.0,1.0659387185259057,0.09,0.1
derandomized_seeqst,9,0,haar_random,10,100,100.0,30,0.9322794335241835,1.0666666666666669,1.0659387185259057,0.24,0.3
derandomized_seeqst,9,0,haar_random,10,100,100.0,100,0.8475109938833808,1.1282051282051282,1.0640179042626903,0.62,1.0
derandomized_seeqst,9,0,haar_random,10,100,100.0,300,0.6006749530424358,1.1146778711484593,1.0708180502372486,0.96,3.0
derandomized_seeqst,9,0,haar_random,10,100,100.0,1000,0.32138083523687966,1.0071262387423376,1.0125780362983423,1.0,10.0
derandomized_seeqst,9,0,haar_random,10,100,100.0,3000,0.1789492743278403,1.0033862452584976,0.4208180427413057,1.0,30.0
derandomized_seeqst,9,0,haar_random,10,100,100.0,10000,0.08111314812747315,1.0036931250934011,0.18190059233956915,1.0,100.0
derandomized_seeqst,9,0,haar_random,10,100,100.0,20000,0.06805125289598435,0.9999054621802606,0.18993884929348803,1.0,200.0
derandomized_seeqst,9,0,haar_random,10,100,100.0,30000,0.05617124369776285,0.9992402103514212,0.18196146948865266,1.0,300.0
derandomized_seeqst,9,0,haar_random,10,100,100.0,40000,0.04390158794758361,0.9994665504217071,0.1479491590628642,1.0,400.0
derandomized_seeqst,9,0,haar_random,10,100,100.0,50000,0.03880000787823523,0.9993957956319935,0.11825758001485222,1.0,500.0
random_seeqst,9,0,haar_random,10,100,,10,28.965037768196478,8388.608000000002,204.822972785722,1.0,10.0
random_seeqst,9,0,haar_random,10,100,,30,13.657479589341268,5592.405333333329,68.3013357419185,1.0,30.0
random_seeqst,9,0,haar_random,10,100,,100,5.02176943748838,3363.9165414141394,20.538993242620467,1.0,100.0
random_seeqst,9,0,haar_random,10,100,,300,2.9039601048705466,2516.5823999999875,13.712326575953803,1.0,300.0
random_seeqst,9,0,haar_random,10,100,,1000,1.4257526678509225,2265.1760701501726,4.154993242620469,1.0,1000.0
random_seeqst,9,0,haar_random,10,100,,3000,0.7726563758322038,2153.197262518585,2.039030207588845,1.0,3000.0
random_seeqst,9,0,haar_random,10,100,,10000,0.42146478834184525,2076.2090041196093,1.1885869233203665,1.0,10000.0
random_seeqst,9,0,haar_random,10,100,,20000,0.29819804874173333,2009.082102284581,0.9686302792367292,1.0,20000.0
random_seeqst,9,0,haar_random,10,100,,30000,0.2548867786954624,1990.8956461980042,0.7979636125700625,1.0,30000.0
random_seeqst,9,0,haar_random,10,100,,40000,0.22992251562551969,2015.3587727310064,0.7248826831807929,1.0,40000.0
random_seeqst,9,0,haar_random,10,100,,50000,0.19533012721115364,2018.2997894577543,0.5712826831807928,1.0,50000.0
derandomized_seeqst,9,1,haar_random,10,100,99.0,10,0.9859191331282345,,1.036903692220172,0.11,0.11
derandomized_seeqst,9,1,haar_random,10,100,99.0,30,0.9764544796034764,0.33333333333333337,1.0508158004361603,0.26,0.31
derandomized_seeqst,9,1,haar_random,10,100,99.0,100,0.8760127352795924,1.125,1.0508158004361603,0.66,1.01
derandomized_seeqst,9,1,haar_random,10,100,99.0,300,0.665318072777692,0.9713064713064713,1.0687687201489715,0.94,3.06
derandomized_seeqst,9,1,haar_random,10,100,99.0,1000,0.33956080858820686,0.9963980950250299,1.036522705784898,1.0,10.2
derandomized_seeqst,9,1,haar_random,10,100,99.0,3000,0.16380072655515554,1.0076437743856272,0.5611178697465058,1.0,30.58
derandomized_seeqst,9,1,haar_random,10,100,99.0,10000,0.11488681097156356,0.9962963818141786,0.34026347507292665,1.0,102.05
derandomized_seeqst,9,1,haar_random,10,100,99.0,20000,0.0695228821495868,0.9992295786475376,0.1940506049510041,1.0,204.27
derandomized_seeqst,9,1,haar_random,10,100,99.0,30000,0.055946956464015596,0.9994840222563294,0.1307545222785696,1.0,306.25
derandomized_seeqst,9,1,haar_random,10,100,99.0,40000,0.04367560763695306,0.999754476132336,0.12852831588129124,1.0,408.32
derandomized_seeqst,9,1,haar_random,10,100,99.0,50000,0.039710829450381235,0.9997194006852625,0.1318552788163401,1.0,510.4
random_seeqst,9,1,haar_random,10,100,,10,20.477189262361446,4194.304000000001,204.77168212115163,1.0,10.0
random_seeqst,9,1,haar_random,10,100,,30,9.652786139456094,2796.202666666664,68.27202647436255,1.0,30.0
random_seeqst,9,1,haar_random,10,100,,100,4.576363817873731,2944.4861414141405,20.48535980769588,1.0,100.0
random_seeqst,9,1,haar_random,10,100,,300,2.366751636507378,1958.2770515050058,6.873568765600822,1.0,300.0
random_seeqst,9,1,haar_random,10,100,,1000,1.363241089843624,2013.4338601001118,4.11833651972829,1.0,1000.0
random_seeqst,9,1,haar_random,10,100,,3000,0.7663198013762827,2027.3401711681302,2.733472571515236,1.0,3000.0
random_seeqst,9,1,haar_random,10,100,,10000,0.41072787828611856,2088.8036613453237,1.2215385243878865,1.0,10000.0
random_seeqst,9,1,haar_random,10,100,,20000,0.30069024457384397,2006.985789187419,0.7238382825805119,1.0,20000.0
random_seeqst,9,1,haar_random,10,100,,30000,0.24986097074293662,2025.8548906414621,0.5388718577212198,1.0,30000.0
random_seeqst,9,1,haar_random,10,100,,40000,0.20035743677180973,2036.345182882624,0.43532730668337183,1.0,40000.0
random_seeqst,9,1,haar_random,10,100,,50000,0.18358101198684443,1989.7832199724216,0.44697779707355545,1.0,50000.0
derandomized_seeqst,9,2,haar_random,10,100,99.0,10,1.009227136671096,0.0,1.048254611068721,0.1,0.11
derandomized_seeqst,9,2,haar_random,10,100,99.0,30,0.9565861117347136,0.8,1.054747597336392,0.26,0.31
derandomized_seeqst,9,2,haar_random,10,100,99.0,100,0.9130963611281849,0.8266666666666665,1.0623898728706405,0.7,1.02
derandomized_seeqst,9,2,haar_random,10,100,99.0,300,0.6401526030654502,1.0169372294372294,1.0704736473510055,0.99,3.03
derandomized_seeqst,9,2,haar_random,10,100,99.0,1000,0.3221757760389811,1.0032681338269571,0.9853069553058644,1.0,10.17
derandomized_seeqst,9,2,haar_random,10,100,99.0,3000,0.17650680564273435,1.001556362608696,0.3991853170697357,1.0,30.51
derandomized_seeqst,9,2,haar_random,10,100,99.0,10000,0.09225788507236495,1.0011429357251198,0.229629302704857,1.0,101.79
derandomized_seeqst,9,2,haar_random,10,100,99.0,20000,0.06851051907142969,0.9998273598797444,0.17466849672358628,1.0,203.62
derandomized_seeqst,9,2,haar_random,10,100,99.0,30000,0.05851826577867902,0.9993757993589304,0.16353870250467362,1.0,305.74
derandomized_seeqst,9,2,haar_random,10,100,99.0,40000,0.05347157445741206,0.9988452372356086,0.13800680093491655,1.0,407.72
derandomized_seeqst,9,2,haar_random,10,100,99.0,50000,0.049769520366470296,0.9985865214195112,0.16426334018583305,1.0,509.76
random_seeqst,9,2,haar_random,10,100,,10,20.48207738162059,4194.304000000001,204.8205384320691,1.0,10.0
random_seeqst,9,2,haar_random,10,100,,30,6.828791110631146,1398.101333333332,68.28720509873574,1.0,30.0
random_seeqst,9,2,haar_random,10,100,,100,6.478001434319786,4194.303999999998,20.54238987287064,1.0,100.0
random_seeqst,9,2,haar_random,10,100,,300,3.1264723878796308,2936.0127999999804,6.889056539537307,1.0,300.0
random_seeqst,9,2,haar_random,10,100,,1000,1.5329663541869283,2516.750340100132,4.104611031461302,1.0,1000.0
random_seeqst,9,2,haar_random,10,100,,3000,0.7252984696046061,2195.224216569934,2.0373252826309787,1.0,3000.0
random_seeqst,9,2,haar_random,10,100,,10000,0.4006192918800943,2042.6663173453699,1.2105774356397216,1.0,10000.0
random_seeqst,9,2,haar_random,10,100,,20000,0.28544832289445704,2017.4793090377127,0.7837431986235904,1.0,20000.0
random_seeqst,9,2,haar_random,10,100,,30000,0.2648457615115592,2021.6504267664595,0.7786402494291043,1.0,30000.0
random_seeqst,9,2,haar_random,10,100,,40000,0.23386625504970024,2037.3783968599673,0.5738402494291042,1.0,40000.0
random_seeqst,9,2,haar_random,10,100,,50000,0.20788836734589566,2077.0170254984846,0.519348379144086,1.0,50000.0
derandomized_seeqst,9,3,haar_random,10,100,97.0,10,1.007249966414194,0.0,1.056636500358149,0.1,0.11
derandomized_seeqst,9,3,haar_random,10,100,97.0,30,1.014269994730378,0.0,1.0764020581367235,0.29,0.32
derandomized_seeqst,9,3,haar_random,10,100,97.0,100,0.869733211847171,0.9066666666666666,1.0975722116610187,0.6,1.06
derandomized_seeqst,9,3,haar_random,10,100,97.0,300,0.6992322546822961,0.9374060150375939,1.0764020581367235,0.96,3.18
derandomized_seeqst,9,3,haar_random,10,100,97.0,1000,0.32764610342450956,0.9974249286661052,1.0084636062037209,1.0,10.61
derandomized_seeqst,9,3,haar_random,10,100,97.0,3000,0.17911401805504226,1.0006972164235926,0.49906806380846186,1.0,31.69
derandomized_seeqst,9,3,haar_random,10,100,97.0,10000,0.0974934094920853,0.9995841331099747,0.25030685061617636,1.0,105.63
derandomized_seeqst,9,3,haar_random,10,100,97.0,20000,0.06961198620240526,0.9989742760034737,0.1874548787436681,1.0,211.85
derandomized_seeqst,9,3,haar_random,10,100,97.0,30000,0.056308374012479886,0.9993385939088563,0.13882546939942114,1.0,317.77
derandomized_seeqst,9,3,haar_random,10,100,97.0,40000,0.05131848676123806,0.9989948374381795,0.13129581294274273,1.0,424.19
derandomized_seeqst,9,3,haar_random,10,100,97.0,50000,0.04379086781327329,0.9992823364497632,0.11014799140743023,1.0,529.92
random_seeqst,9,3,haar_random,10,100,,10,20.476133167767124,4194.304000000001,204.7610769491442,1.0,10.0
random_seeqst,9,3,haar_random,10,100,,30,6.822850808822319,1398.1013333333312,68.22774361581087,1.0,30.0
random_seeqst,9,3,haar_random,10,100,,100,3.546501914879029,2105.6253414141406,20.496534900457757,1.0,100.0
random_seeqst,9,3,haar_random,10,100,,300,2.2647349644418706,1537.9114666666603,13.665071738144041,1.0,300.0
random_seeqst,9,3,haar_random,10,100,,1000,1.418002729927894,2181.2060201001136,4.114080575185459,1.0,1000.0
random_seeqst,9,3,haar_random,10,100,,3000,0.8178520814628313,2097.1799713504197,2.745134112615081,1.0,3000.0
random_seeqst,9,3,haar_random,10,100,,10000,0.44738192667937005,2109.7416235575065,1.2432674459484145,1.0,10000.0
random_seeqst,9,3,haar_random,10,100,,20000,0.30866295193783355,2067.7981637708854,0.8336674459484147,1.0,20000.0
random_seeqst,9,3,haar_random,10,100,,30000,0.2453301575867952,2076.188962097757,0.6971341126150813,1.0,30000.0
random_seeqst,9,3,haar_random,10,100,,40000,0.20061389540920355,2058.366117764113,0.5663056150813894,1.0,40000.0
random_seeqst,9,3,haar_random,10,100,,50000,0.17197241599930324,2066.1270020050797,0.6073058494576038,1.0,50000.0
derandomized_seeqst,9,4,haar_random,10,100,97.0,10,0.8916588602615482,1.1111111111111112,1.0393069400903847,0.08,0.12
derandomized_seeqst,9,4,haar_random,10,100,97.0,30,0.916065303709867,1.4666666666666666,1.0725925328875743,0.25,0.32
derandomized_seeqst,9,4,haar_random,10,100,97.0,100,0.8351821138779394,1.1563218390804597,1.0725925328875743,0.63,1.07
derandomized_seeqst,9,4,haar_random,10,100,97.0,300,0.6919126956151466,0.8216877772433329,1.0725925328875743,0.9,3.23
derandomized_seeqst,9,4,haar_random,10,100,97.0,1000,0.3516847461283948,0.9825978316040909,0.7479130529955766,1.0,10.58
derandomized_seeqst,9,4,haar_random,10,100,97.0,3000,0.18666869464966027,0.9974115914023796,0.4593847610197539,1.0,31.82
derandomized_seeqst,9,4,haar_random,10,100,97.0,10000,0.09584077046191293,0.9995218227658512,0.2888221439046675,1.0,105.76
derandomized_seeqst,9,4,haar_random,10,100,97.0,20000,0.07037896261681341,0.999101833116071,0.18666936191579533,1.0,211.51
derandomized_seeqst,9,4,haar_random,10,100,97.0,30000,0.0567588717605855,0.9993098371542598,0.14681843330966987,1.0,317.49
derandomized_seeqst,9,4,haar_random,10,100,97.0,40000,0.05102791637236126,0.9990601005223393,0.15840024369228167,1.0,423.33
derandomized_seeqst,9,4,haar_random,10,100,97.0,50000,0.04599010075708055,0.9992587252814482,0.12316972650687022,1.0,529.25
random_seeqst,9,4,haar_random,10,100,,10,20.4825913383988,4194.3168888888895,204.82561361067417,1.0,10.0
random_seeqst,9,4,haar_random,10,100,,30,6.829290405169338,1398.1192183908029,68.29228027734084,1.0,30.0
random_seeqst,9,4,haar_random,10,100,,100,4.095898471556099,1677.7425252525247,20.505613610674164,1.0,100.0
random_seeqst,9,4,haar_random,10,100,,300,2.3645206600102022,1677.7414042363346,6.862232966178146,1.0,300.0
random_seeqst,9,4,haar_random,10,100,,1000,1.3591895124584654,2097.4237597597776,6.160780179455478,1.0,1000.0
random_seeqst,9,4,haar_random,10,100,,3000,0.8889219241074077,1957.2219887695535,2.7208932374261496,1.0,3000.0
random_seeqst,9,4,haar_random,10,100,,10000,0.4108634854090498,2021.707895711223,1.2024755292736302,1.0,10000.0
random_seeqst,9,4,haar_random,10,100,,20000,0.3314542220517519,1979.720345821435,0.6983996631814818,1.0,20000.0
random_seeqst,9,4,haar_random,10,100,,30000,0.24899725615596996,2017.4854175640367,0.7153670338218541,1.0,30000.0
random_seeqst,9,4,haar_random,10,100,,40000,0.1981903641798626,1977.644004747516,0.4983572329395935,1.0,40000.0
random_seeqst,9,4,haar_random,10,100,,50000,0.18392745461316046,2011.613764928979,0.4969137004885207,1.0,50000.0
derandomized_seeqst,9,5,haar_random,10,100,97.0,10,0.9927007487371735,,1.0506461553648372,0.11,0.11
derandomized_seeqst,9,5,haar_random,10,100,97.0,30,0.9641457565278153,1.3333333333333333,1.0642994281169909,0.3,0.33
derandomized_seeqst,9,5,haar_random,10,100,97.0,100,0.8020889492932144,1.3529411764705883,1.065439875260018,0.67,1.04
derandomized_seeqst,9,5,haar_random,10,100,97.0,300,0.6428709082870502,0.9494677871148458,1.0642994281169909,0.94,3.18
derandomized_seeqst,9,5,haar_random,10,100,97.0,1000,0.31612107111407,1.0091883061525004,0.7425192096049625,1.0,10.65
derandomized_seeqst,9,5,haar_random,10,100,97.0,3000,0.1745525728591845,1.004098831888511,0.45227676390945215,1.0,31.67
derandomized_seeqst,9,5,haar_random,10,100,97.0,10000,0.09431358993376142,1.0012357803236795,0.2808502954677095,1.0,105.74
derandomized_seeqst,9,5,haar_random,10,100,97.0,20000,0.06708087103404835,0.999951628681766,0.24653681643245764,1.0,211.91
derandomized_seeqst,9,5,haar_random,10,100,97.0,30000,0.059914521104312925,0.9994610835270408,0.18624315820065507,1.0,318.23
derandomized_seeqst,9,5,haar_random,10,100,97.0,40000,0.05198876250475792,0.9991013027987319,0.14772959528481097,1.0,424.24
derandomized_seeqst,9,5,haar_random,10,100,97.0,50000,0.046957495607291434,0.999011111267456,0.1215460277720348,1.0,530.11
random_seeqst,9,5,haar_random,10,100,,10,0.03027619761886022,0.0,0.07827306909235499,1.0,10.0
random_seeqst,9,5,haar_random,10,100,,30,6.829602527935409,1398.101333333332,68.29536021915325,1.0,30.0
random_seeqst,9,5,haar_random,10,100,,100,5.019146641633647,2516.582399999998,20.52212829570502,1.0,100.0
random_seeqst,9,5,haar_random,10,100,,300,3.20525348911441,2514.712030323291,13.695461629038352,1.0,300.0
random_seeqst,9,5,haar_random,10,100,,1000,1.6524197645243568,2390.417399799813,4.138128295705018,1.0,1000.0
random_seeqst,9,5,haar_random,10,100,,3000,0.8837807314752145,2013.1540345981434,2.663272778598661,1.0,3000.0
random_seeqst,9,5,haar_random,10,100,,10000,0.44194486274350897,2038.4384555574925,1.2250438066599492,1.0,10000.0
random_seeqst,9,5,haar_random,10,100,,20000,0.32610718870407546,2053.105306503909,0.7475297138043071,1.0,20000.0
random_seeqst,9,5,haar_random,10,100,,30000,0.24327604461713226,2094.3648386903587,0.7426288189245421,1.0,30000.0
random_seeqst,9,5,haar_random,10,100,,40000,0.21336494657867766,2138.0523886028914,0.5569612347485783,1.0,40000.0
random_seeqst,9,5,haar_random,10,100,,50000,0.197836361124964,2136.5797998048474,0.46508611193199445,1.0,50000.0
derandomized_seeqst,9,6,haar_random,10,100,97.0,10,1.0080294981645341,,1.048175440393815,0.1,0.1
derandomized_seeqst,9,6,haar_random,10,100,97.0,30,0.9881833803277317,0.6666666666666666,1.048175440393815,0.27,0.3
derandomized_seeqst,9,6,haar_random,10,100,97.0,100,0.9009399236008605,0.7777777777777778,1.0442789846838227,0.63,1.02
derandomized_seeqst,9,6,haar_random,10,100,97.0,300,0.6763168307593521,0.9200680272108844,1.0382402803347206,0.98,3.11
derandomized_seeqst,9,6,haar_random,10,100,97.0,1000,0.3722747296884691,0.9650163666065721,1.035767036852779,1.0,10.49
derandomized_seeqst,9,6,haar_random,10,100,97.0,3000,0.2016123437066709,0.9910903879413201,0.6523077576910384,1.0,31.57
derandomized_seeqst,9,6,haar_random,10,100,97.0,10000,0.10393272372324407,0.9982390473929038,0.30170725597969644,1.0,105.49
derandomized_seeqst,9,6,haar_random,10,100,97.0,20000,0.07478374208469864,0.9987404667251552,0.24469129307518853,1.0,211.82
derandomized_seeqst,9,6,haar_random,10,100,97.0,30000,0.061787474227828355,0.9990327866264542,0.14901896509920162,1.0,317.81
derandomized_seeqst,9,6,haar_random,10,100,97.0,40000,0.047482385901848806,0.9995848228639348,0.11873123163125612,1.0,423.91
derandomized_seeqst,9,6,haar_random,10,100,97.0,50000,0.03897734034796108,0.999672636452114,0.11062974872506952,1.0,529.46
random_seeqst,9,6,haar_random,10,100,,10,0.03248633425234534,0.0,0.08857643951877962,1.0,10.0
random_seeqst,9,6,haar_random,10,100,,30,0.03248633425234534,0.0,0.08857643951877962,1.0,30.0
random_seeqst,9,6,haar_random,10,100,,100,2.8952714431913864,838.8607999999992,20.48016956117619,1.0,100.0
random_seeqst,9,6,haar_random,10,100,,300,2.365964485892309,1958.277051505008,6.874842107060482,1.0,300.0
random_seeqst,9,6,haar_random,10,100,,1000,1.2659281520305143,1761.7756201001189,4.165710178570923,1.0,1000.0
random_seeqst,9,6,haar_random,10,100,,3000,0.7741794514603182,1929.4264589173856,2.7603505777343584,1.0,3000.0
random_seeqst,9,6,haar_random,10,100,,10000,0.4346475607582017,2021.6687900598395,1.0337874738305892,1.0,10000.0
random_seeqst,9,6,haar_random,10,100,,20000,0.348515720683397,2057.2878658656214,1.0425069446286495,1.0,20000.0
random_seeqst,9,6,haar_random,10,100,,30000,0.27069481483755886,2076.1772176551635,0.7819469299546062,1.0,30000.0
random_seeqst,9,6,haar_random,10,100,,40000,0.2385590889890276,2017.4549285590851,0.7478135966212729,1.0,40000.0
random_seeqst,9,6,haar_random,10,100,,50000,0.2040124978323424,2009.9096714781358,0.6019670999484287,1.0,50000.0
derandomized_seeqst,9,7,haar_random,10,100,99.0,10,0.9977013300262161,,1.0257067390688606,0.1,0.1
derandomized_seeqst,9,7,haar_random,10,100,99.0,30,0.9234862775375446,1.6,1.0367669699171576,0.26,0.31
derandomized_seeqst,9,7,haar_random,10,100,99.0,100,0.8776163442936856,0.9195402298850575,1.0638456271997165,0.63,1.04
derandomized_seeqst,9,7,haar_random,10,100,99.0,300,0.6256379035326083,1.0455357142857145,1.052907896231285,0.93,3.07
derandomized_seeqst,9,7,haar_random,10,100,99.0,1000,0.32108287232507776,1.0094955666968053,1.0034090651591845,1.0,10.2
derandomized_seeqst,9,7,haar_random,10,100,99.0,3000,0.17227337516830943,1.0049638625582529,0.5212747069403532,1.0,30.54
derandomized_seeqst,9,7,haar_random,10,100,99.0,10000,0.10240143338162035,0.9991935341117195,0.29592234498560055,1.0,102.03
derandomized_seeqst,9,7,haar_random,10,100,99.0,20000,0.06943684440519281,0.9993792721769885,0.17100624357959615,1.0,203.96
derandomized_seeqst,9,7,haar_random,10,100,99.0,30000,0.056729480481757515,0.999165293799099,0.13375899259876212,1.0,305.8
derandomized_seeqst,9,7,haar_random,10,100,99.0,40000,0.048042490227532375,0.9991774315269311,0.11491780735455691,1.0,407.77
derandomized_seeqst,9,7,haar_random,10,100,99.0,50000,0.04121625240585327,0.9993901404649231,0.1271915790214587,1.0,509.88
random_seeqst,9,7,haar_random,10,100,,10,0.028608576898751865,0.0,0.08918373302165125,1.0,10.0
random_seeqst,9,7,haar_random,10,100,,30,6.83256456034576,1398.101333333332,68.32507162968636,1.0,30.0
random_seeqst,9,7,haar_random,10,100,,100,2.901820741611249,1686.194941414141,20.538404963019694,1.0,100.0
random_seeqst,9,7,haar_random,10,100,,300,2.2684637069974576,1537.9114666666617,13.646008689681668,1.0,300.0
random_seeqst,9,7,haar_random,10,100,,1000,1.349818653376267,1887.5207700500607,4.154404963019694,1.0,1000.0
random_seeqst,9,7,haar_random,10,100,,3000,0.799478375504653,1929.3891637834354,1.4352943493141577,1.0,3000.0
random_seeqst,9,7,haar_random,10,100,,10000,0.41773806482349635,1992.318729396129,1.0541554222015728,1.0,10000.0
random_seeqst,9,7,haar_random,10,100,,20000,0.2754935166340689,1969.2473297459635,0.8356509809268685,1.0,20000.0
random_seeqst,9,7,haar_random,10,100,,30000,0.2133843553515292,1915.4168161706077,0.577396809197245,1.0,30000.0
random_seeqst,9,7,haar_random,10,100,,40000,0.1784978335137004,1947.221728044147,0.5432634758639117,1.0,40000.0
random_seeqst,9,7,haar_random,10,100,,50000,0.17941483438093014,1971.3288192538766,0.5033824523032581,1.0,50000.0
derandomized_seeqst,9,8,haar_random,10,100,100.0,10,0.9938465031958638,0.0,1.050272331080156,0.09,0.1
derandomized_seeqst,9,8,haar_random,10,100,100.0,30,0.9928873335404627,0.0,1.0601067711758183,0.27,0.3
derandomized_seeqst,9,8,haar_random,10,100,100.0,100,0.8996615690952353,1.0869565217391304,1.091543234279566,0.71,1.0
derandomized_seeqst,9,8,haar_random,10,100,100.0,300,0.6212238457157845,1.0310077519379846,1.0633984123769689,0.97,3.0
derandomized_seeqst,9,8,haar_random,10,100,100.0,1000,0.3431006099489624,0.9957827581774952,0.8109009393108075,1.0,10.0
derandomized_seeqst,9,8,haar_random,10,100,100.0,3000,0.1814939628965111,1.0005961039077969,0.43204950709474665,1.0,30.0
derandomized_seeqst,9,8,haar_random,10,100,100.0,10000,0.09587085681126832,0.9998872696593094,0.2593823378536151,1.0,100.0
derandomized_seeqst,9,8,haar_random,10,100,100.0,20000,0.06574442911466213,0.999569196035099,0.17611597188615924,1.0,200.0
derandomized_seeqst,9,8,haar_random,10,100,100.0,30000,0.0533472736543727,0.9988877909903969,0.15748428326625544,1.0,300.0
derandomized_seeqst,9,8,haar_random,10,100,100.0,40000,0.043951358197127637,0.9987305354777166,0.1377593214660054,1.0,400.0
derandomized_seeqst,9,8,haar_random,10,100,100.0,50000,0.038497247865952634,0.9989265880581856,0.12019582598602263,1.0,500.0
random_seeqst,9,8,haar_random,10,100,,10,20.485353783170392,4194.304000000001,204.85328514343453,1.0,10.0
random_seeqst,9,8,haar_random,10,100,,30,9.660475025932406,2796.202666666664,68.3199518101012,1.0,30.0
random_seeqst,9,8,haar_random,10,100,,100,4.100075602870716,1677.7215999999985,20.533285143434533,1.0,100.0
random_seeqst,9,8,haar_random,10,100,,300,2.6463527981005743,2377.7074515050062,6.879951810101201,1.0,300.0
random_seeqst,9,8,haar_random,10,100,,1000,1.2793854512640888,1887.6887101501675,4.116331288207549,1.0,1000.0
random_seeqst,9,8,haar_random,10,100,,3000,0.9033231774018334,2264.8588935155713,2.676733941447799,1.0,3000.0
random_seeqst,9,8,haar_random,10,100,,10000,0.44595498002327316,2118.133587336272,1.257000901511256,1.0,10000.0
random_seeqst,9,8,haar_random,10,100,,20000,0.32074918360511284,2074.0820696461437,0.7555333071096001,1.0,20000.0
random_seeqst,9,8,haar_random,10,100,,30000,0.27112876675908093,2074.777252124633,0.7044444120882936,1.0,30000.0
random_seeqst,9,8,haar_random,10,100,,40000,0.2167429966382893,2068.8431743660753,0.6116672747811321,1.0,40000.0
random_seeqst,9,8,haar_random,10,100,,50000,0.19271876754373327,2099.671401029326,0.5604672747811321,1.0,50000.0
derandomized_seeqst,9,9,haar_random,10,100,98.0,10,1.0037477213347195,0.0,1.0581868373326877,0.1,0.11
derandomized_seeqst,9,9,haar_random,10,100,98.0,30,0.9188015934275516,1.1428571428571428,1.0982689119251057,0.25,0.32
derandomized_seeqst,9,9,haar_random,10,100,98.0,100,0.8524655773054647,1.0919540229885059,1.0620594345735668,0.63,1.04
derandomized_seeqst,9,9,haar_random,10,100,98.0,300,0.6901262204910972,0.9182245737801294,1.0536422737795372,0.96,3.08
derandomized_seeqst,9,9,haar_random,10,100,98.0,1000,0.3677116814991664,0.9662802063433642,0.9858213884080004,1.0,10.35
derandomized_seeqst,9,9,haar_random,10,100,98.0,3000,0.19372759562833228,0.9937928183597491,0.4678732403154484,1.0,31.18
derandomized_seeqst,9,9,haar_random,10,100,98.0,10000,0.11373370208578681,0.997164197509491,0.3515146142050692,1.0,104.26
derandomized_seeqst,9,9,haar_random,10,100,98.0,20000,0.07802124162593699,0.9980359626334594,0.22899772401650414,1.0,208.21
derandomized_seeqst,9,9,haar_random,10,100,98.0,30000,0.055407738124988413,0.9995764409348648,0.19089717574032164,1.0,312.19
derandomized_seeqst,9,9,haar_random,10,100,98.0,40000,0.05003290418410522,0.9989040600465683,0.12901915820164786,1.0,416.04
derandomized_seeqst,9,9,haar_random,10,100,98.0,50000,0.04568799627519001,0.9987605350976598,0.12492536950255156,1.0,520.09
random_seeqst,9,9,haar_random,10,100,,10,0.03041309178409816,0.0,0.09826891192510562,1.0,10.0
random_seeqst,9,9,haar_random,10,100,,30,0.03041309178409816,0.0,0.09826891192510562,1.0,30.0
random_seeqst,9,9,haar_random,10,100,,100,0.03041309178409816,0.0,0.09826891192510562,1.0,100.0
random_seeqst,9,9,haar_random,10,100,,300,2.978253211527713,2656.3925333333254,13.63657836443841,1.0,300.0
random_seeqst,9,9,haar_random,10,100,,1000,1.4913197396479971,2222.9811200000127,4.123321968770272,1.0,1000.0
random_seeqst,9,9,haar_random,10,100,,3000,0.7870333861247234,1789.5417353161902,2.6876281885607494,1.0,3000.0
random_seeqst,9,9,haar_random,10,100,,10000,0.4847641231411996,1891.5824452077368,1.7449310880748943,1.0,10000.0
random_seeqst,9,9,haar_random,10,100,,20000,0.34427447834035896,1870.6333682894513,0.996678031229728,1.0,20000.0
random_seeqst,9,9,haar_random,10,100,,30000,0.2968970613972931,1925.1616742754484,0.845434248896263,1.0,30000.0
random_seeqst,9,9,haar_random,10,100,,40000,0.2420621776218694,1971.3125512680822,0.689478031229728,1.0,40000.0
random_seeqst,9,9,haar_random,10,100,,50000,0.20190878544740481,1981.3868271882704,0.5051580312297279,1.0,50000.0
derandomized_seeqst,9,0,ghz,10,100,99.0,10,1.0,,1.0,0.1,0.1
derandomized_seeqst,9,0,ghz,10,100,99.0,30,0.9128709291752769,1.3333333333333333,1.0,0.24,0.3
derandomized_seeqst,9,0,ghz,10,100,99.0,100,0.7811108113557629,1.348888888888889,1.0,0.58,1.02
derandomized_seeqst,9,0,ghz,10,100,99.0,300,0.5800603283151005,1.142742398164085,1.0,0.95,3.06
derandomized_seeqst,9,0,ghz,10,100,99.0,1000,0.3354753595896347,1.003771636859872,0.7777777777777778,1.0,10.22
derandomized_seeqst,9,0,ghz,10,100,99.0,3000,0.20355689360345233,0.9925257739948844,0.6296296296296297,1.0,30.63
derandomized_seeqst,9,0,ghz,10,100,99.0,10000,0.10390044594040618,0.9992053544019202,0.23076923076923078,1.0,102.11
derandomized_seeqst,9,0,ghz,10,100,99.0,20000,0.06419630274021156,1.00085837399193,0.17098445595854922,1.0,204.31
derandomized_seeqst,9,0,ghz,10,100,99.0,30000,0.05470708168537349,1.0003184642895702,0.152317880794702,1.0,306.2
derandomized_seeqst,9,0,ghz,10,100,99.0,40000,0.053648923897910684,0.9996018836070776,0.12781954887218044,1.0,408.22
derandomized_seeqst,9,0,ghz,10,100,99.0,50000,0.0444762027037156,1.0000062097100295,0.13663366336633664,1.0,510.43
random_seeqst,9,0,ghz,10,100,,10,28.96309375740099,8388.608000000002,204.8,1.0,10.0
random_seeqst,9,0,ghz,10,100,,30,11.824133513003535,4194.3039999999955,68.26666666666667,1.0,30.0
random_seeqst,9,0,ghz,10,100,,100,7.384169012150251,4605.261058585856,40.96,1.0,100.0
random_seeqst,9,0,ghz,10,100,,300,2.9756750121237667,2375.837081828303,13.653333333333334,1.0,300.0
random_seeqst,9,0,ghz,10,100,,1000,1.4040380621621338,2307.203080200213,4.096,1.0,1000.0
random_seeqst,9,0,ghz,10,100,,3000,0.8662068934280207,2306.8858475669062,3.4133333333333336,1.0,3000.0
random_seeqst,9,0,ghz,10,100,,10000,0.49619113736543097,2160.0363579909654,1.6384,1.0,10000.0
random_seeqst,9,0,ghz,10,100,,20000,0.3790183531176294,2059.3625772170362,1.3312,1.0,20000.0
random_seeqst,9,0,ghz,10,100,,30000,0.31164312809508393,2071.9581198316378,1.0922666666666667,1.0,30000.0
random_seeqst,9,0,ghz,10,100,,40000,0.2587500291787423,2103.4290901498266,0.6656,1.0,40000.0
random_seeqst,9,0,ghz,10,100,,50000,0.22606061119973994,2087.0763085269627,0.53248,1.0,50000.0
derandomized_seeqst,9,1,ghz,10,100,97.0,10,0.9428090415820634,2.0,1.0,0.09,0.1
derandomized_seeqst,9,1,ghz,10,100,97.0,30,0.9198662110077999,2.0,1.0,0.26,0.3
derandomized_seeqst,9,1,ghz,10,100,97.0,100,0.896844504560003,0.8452380952380951,1.0,0.68,1.06
derandomized_seeqst,9,1,ghz,10,100,97.0,300,0.688533803226785,0.9766788766788768,1.0,0.96,3.16
derandomized_seeqst,9,1,ghz,10,100,97.0,1000,0.3413483114519156,1.000765733177498,1.0,1.0,10.58
derandomized_seeqst,9,1,ghz,10,100,97.0,3000,0.17062429270868534,1.0048356183761797,0.4482758620689655,1.0,31.86
derandomized_seeqst,9,1,ghz,10,100,97.0,10000,0.09398709181620311,1.0009690558843927,0.22641509433962265,1.0,105.81
derandomized_seeqst,9,1,ghz,10,100,97.0,20000,0.07324780640624201,0.9995060757277403,0.20430107526881722,1.0,212.2
derandomized_seeqst,9,1,ghz,10,100,97.0,30000,0.05988183355398139,0.9996598477262214,0.14285714285714285,1.0,318.45
derandomized_seeqst,9,1,ghz,10,100,97.0,40000,0.05064148020616657,0.9998659416112657,0.11224489795918367,1.0,424.08
derandomized_seeqst,9,1,ghz,10,100,97.0,50000,0.04372663065355513,1.0000315026686002,0.1267605633802817,1.0,529.85
random_seeqst,9,1,ghz,10,100,,10,0.0,0.0,0.0,1.0,10.0
random_seeqst,9,1,ghz,10,100,,30,6.826666666666667,1398.1013333333333,68.26666666666667,1.0,30.0
random_seeqst,9,1,ghz,10,100,,100,4.096,1677.7215999999992,20.48,1.0,100.0
random_seeqst,9,1,ghz,10,100,,300,2.730666666666667,1675.8512303232937,13.653333333333334,1.0,300.0
random_seeqst,9,1,ghz,10,100,,1000,1.2952689296049682,1761.6916500500565,4.096,1.0,1000.0
random_seeqst,9,1,ghz,10,100,,3000,0.8688928127220296,2236.952809549802,2.7306666666666666,1.0,3000.0
random_seeqst,9,1,ghz,10,100,,10000,0.4584044397690755,2134.904091778696,1.2288,1.0,10000.0
random_seeqst,9,1,ghz,10,100,,20000,0.3308645257503439,2126.5089821149227,0.8192,1.0,20000.0
random_seeqst,9,1,ghz,10,100,,30000,0.26191634559318533,2150.2829265925734,0.7509333333333333,1.0,30000.0
random_seeqst,9,1,ghz,10,100,,40000,0.23806623616128347,2141.1890461935127,0.768,1.0,40000.0
random_seeqst,9,1,ghz,10,100,,50000,0.2163137892599545,2094.6305185556303,0.69632,1.0,50000.0
derandomized_seeqst,9,2,ghz,10,100,99.0,10,0.9428090415820634,2.0,1.0,0.09,0.1
derandomized_seeqst,9,2,ghz,10,100,99.0,30,0.938083151964686,1.2,1.0,0.25,0.3
derandomized_seeqst,9,2,ghz,10,100,99.0,100,0.8691864062549196,0.9609195402298851,1.0,0.63,1.02
derandomized_seeqst,9,2,ghz,10,100,99.0,300,0.66686353079032,0.9787456445993032,1.0,0.97,3.04
derandomized_seeqst,9,2,ghz,10,100,99.0,1000,0.3281043315942657,1.0014105273811156,1.0,1.0,10.17
derandomized_seeqst,9,2,ghz,10,100,99.0,3000,0.1782190328770181,1.002704426617127,0.5333333333333333,1.0,30.56
derandomized_seeqst,9,2,ghz,10,100,99.0,10000,0.09764952519393065,1.0004332743538236,0.25925925925925924,1.0,101.87
derandomized_seeqst,9,2,ghz,10,100,99.0,20000,0.06782688326648101,1.0003779797313388,0.1717171717171717,1.0,203.89
derandomized_seeqst,9,2,ghz,10,100,99.0,30000,0.0554852319142614,1.0002334654529934,0.13898305084745763,1.0,305.96
derandomized_seeqst,9,2,ghz,10,100,99.0,40000,0.04344158770868537,1.000596507181126,0.11173184357541899,1.0,408.13
derandomized_seeqst,9,2,ghz,10,100,99.0,50000,0.042020077496600805,1.0002191617451262,0.108,1.0,510.15
random_seeqst,9,2,ghz,10,100,,10,0.0,0.0,0.0,1.0,10.0
random_seeqst,9,2,ghz,10,100,,30,0.0,0.0,0.0,1.0,30.0
random_seeqst,9,2,ghz,10,100,,100,6.79244757064786,4613.734399999998,20.48,1.0,100.0
random_seeqst,9,2,ghz,10,100,,300,3.3443699954799664,3074.887748494965,13.653333333333334,1.0,300.0
random_seeqst,9,2,ghz,10,100,,1000,1.49096650532465,2055.0410198999143,4.096,1.0,1000.0
random_seeqst,9,2,ghz,10,100,,3000,0.8580986941423981,1901.3152517149847,2.7306666666666666,1.0,3000.0
random_seeqst,9,2,ghz,10,100,,10000,0.4416278252103234,1967.1302538893538,1.024,1.0,10000.0
random_seeqst,9,2,ghz,10,100,,20000,0.3338616911237347,2015.3523759902077,0.9216,1.0,20000.0
random_seeqst,9,2,ghz,10,100,,30000,0.22631197974870393,1986.7170014549815,0.6144,1.0,30000.0
random_seeqst,9,2,ghz,10,100,,40000,0.19974563024006306,1986.0126960008288,0.5632,1.0,40000.0
random_seeqst,9,2,ghz,10,100,,50000,0.15613229918245616,1985.598848282861,0.49152,1.0,50000.0
derandomized_seeqst,9,3,ghz,10,100,100.0,10,0.9486832980505138,,1.0,0.1,0.1
derandomized_seeqst,9,3,ghz,10,100,100.0,30,0.9607689228305228,0.6666666666666666,1.0,0.26,0.3
derandomized_seeqst,9,3,ghz,10,100,100.0,100,0.8551823229905746,1.0595238095238095,1.0,0.64,1.0
derandomized_seeqst,9,3,ghz,10,100,100.0,300,0.6577992551575886,1.0626984126984127,1.0,0.94,3.0
derandomized_seeqst,9,3,ghz,10,100,100.0,1000,0.32370524520972066,0.9980819084596173,1.0,1.0,10.0
derandomized_seeqst,9,3,ghz,10,100,100.0,3000,0.17387267637263787,0.9938524503897281,0.4,1.0,30.0
derandomized_seeqst,9,3,ghz,10,100,100.0,10000,0.09908435807539288,0.9901681343198586,0.30275229357798167,1.0,100.0
derandomized_seeqst,9,3,ghz,10,100,100.0,20000,0.0693571402239518,0.9901593081251977,0.18226600985221675,1.0,200.0
derandomized_seeqst,9,3,ghz,10,100,100.0,30000,0.05874620662927885,0.9898560297471805,0.16293929712460065,1.0,300.0
derandomized_seeqst,9,3,ghz,10,100,100.0,40000,0.04640971715952939,0.9903267682667005,0.13705583756345177,1.0,400.0
derandomized_seeqst,9,3,ghz,10,100,100.0,50000,0.042130760527957174,0.990208586814948,0.10721247563352826,1.0,500.0
random_seeqst,9,3,ghz,10,100,,10,0.020000000000000018,0.010666666666666672,0.20000000000000018,1.0,10.0
random_seeqst,9,3,ghz,10,100,,30,6.826669921874224,1398.1116321839072,68.26666666666667,1.0,30.0
random_seeqst,9,3,ghz,10,100,,100,2.8963204242624814,1686.2049777777772,20.48,1.0,100.0
random_seeqst,9,3,ghz,10,100,,300,2.5543395754415013,2237.9071732441366,6.826666666666667,1.0,300.0
random_seeqst,9,3,ghz,10,100,,1000,1.6255566923365052,2558.4514568969125,4.096,1.0,1000.0
random_seeqst,9,3,ghz,10,100,,3000,1.0194388369206964,2362.5495142958375,3.4133333333333336,1.0,3000.0
random_seeqst,9,3,ghz,10,100,,10000,0.4737040156046811,2009.0581263181666,1.6384,1.0,10000.0
random_seeqst,9,3,ghz,10,100,,20000,0.3104257624618163,2002.793935543107,0.8192,1.0,20000.0
random_seeqst,9,3,ghz,10,100,,30000,0.24961714791522907,1992.3085015632669,0.8192,1.0,30000.0
random_seeqst,9,3,ghz,10,100,,40000,0.2116612029281701,2049.982529098491,0.6656,1.0,40000.0
random_seeqst,9,3,ghz,10,100,,50000,0.19754474308368725,2070.3208368919504,0.6144,1.0,50000.0
derandomized_seeqst,9,4,ghz,10,100,99.0,10,1.0,,1.0,0.1,0.1
derandomized_seeqst,9,4,ghz,10,100,99.0,30,1.0,0.0,1.0,0.26,0.3
derandomized_seeqst,9,4,ghz,10,100,99.0,100,0.878570157634279,1.138888888888889,1.0,0.66,1.01
derandomized_seeqst,9,4,ghz,10,100,99.0,300,0.659731559761574,0.9971655328798187,1.0,0.98,3.05
derandomized_seeqst,9,4,ghz,10,100,99.0,1000,0.316537942846578,1.0126815465236516,0.8181818181818182,1.0,10.19
derandomized_seeqst,9,4,ghz,10,100,99.0,3000,0.17882066925682055,1.0022790092412668,0.46153846153846156,1.0,30.64
derandomized_seeqst,9,4,ghz,10,100,99.0,10000,0.09554507427041128,1.00088151242166,0.22772277227722773,1.0,102.13
derandomized_seeqst,9,4,ghz,10,100,99.0,20000,0.0626953329856843,1.001053370227388,0.17587939698492464,1.0,204.25
derandomized_seeqst,9,4,ghz,10,100,99.0,30000,0.057955249325201436,0.9999528608062426,0.15254237288135594,1.0,306.22
derandomized_seeqst,9,4,ghz,10,100,99.0,40000,0.05086537073259015,0.9998952399753557,0.14138817480719795,1.0,408.18
derandomized_seeqst,9,4,ghz,10,100,99.0,50000,0.04786863200389436,0.9996928845206184,0.1392931392931393,1.0,510.22
random_seeqst,9,4,ghz,10,100,,10,20.48,4194.304000000001,204.8,1.0,10.0
random_seeqst,9,4,ghz,10,100,,30,13.653333333333334,5592.4053333333295,68.26666666666667,1.0,30.0
random_seeqst,9,4,ghz,10,100,,100,6.144,3774.8735999999976,20.48,1.0,100.0
random_seeqst,9,4,ghz,10,100,,300,3.128371674423187,2936.012799999981,6.826666666666667,1.0,300.0
random_seeqst,9,4,ghz,10,100,,1000,1.5049664979659845,2264.9241600000164,6.144,1.0,1000.0
random_seeqst,9,4,ghz,10,100,,3000,0.8688928127220297,2153.038758199358,2.7306666666666666,1.0,3000.0
random_seeqst,9,4,ghz,10,100,,10000,0.4759121935819674,2088.7457741614708,1.2288,1.0,10000.0
random_seeqst,9,4,ghz,10,100,,20000,0.3161159483480705,2015.3639109029305,0.8192,1.0,20000.0
random_seeqst,9,4,ghz,10,100,,30000,0.25350751064920257,2009.0743190862777,0.6144,1.0,30000.0
random_seeqst,9,4,ghz,10,100,,40000,0.21023196331671357,2023.7580764738263,0.512,1.0,40000.0
random_seeqst,9,4,ghz,10,100,,50000,0.1868961308106725,2046.8263583641522,0.49152,1.0,50000.0
derandomized_seeqst,9,5,ghz,10,100,98.0,10,1.0,,1.0,0.1,0.1
derandomized_seeqst,9,5,ghz,10,100,98.0,30,0.8819171036881968,1.3333333333333337,1.0,0.21,0.3
derandomized_seeqst,9,5,ghz,10,100,98.0,100,0.8920776138519576,0.9575757575757575,1.0,0.63,1.03
derandomized_seeqst,9,5,ghz,10,100,98.0,300,0.6534635280019201,1.0141651597347798,1.0,0.94,3.07
derandomized_seeqst,9,5,ghz,10,100,98.0,1000,0.3193333117462801,1.011972648266766,0.7777777777777778,1.0,10.36
derandomized_seeqst,9,5,ghz,10,100,98.0,3000,0.19269781383893994,0.9966923816319244,0.5238095238095238,1.0,31.25
derandomized_seeqst,9,5,ghz,10,100,98.0,10000,0.1024305291289866,0.9994033011725818,0.3137254901960784,1.0,104.01
derandomized_seeqst,9,5,ghz,10,100,98.0,20000,0.06800438702966062,1.000300629344013,0.15789473684210525,1.0,207.98
derandomized_seeqst,9,5,ghz,10,100,98.0,30000,0.057494788727723144,0.9999727290600308,0.17419354838709677,1.0,312.27
derandomized_seeqst,9,5,ghz,10,100,98.0,40000,0.051634621622858354,0.99979009398214,0.14652956298200515,1.0,416.12
derandomized_seeqst,9,5,ghz,10,100,98.0,50000,0.04466657460257946,0.9999686893765062,0.11752577319587629,1.0,520.15
random_seeqst,9,5,ghz,10,100,,10,20.480156249403958,4194.314666666667,204.8,1.0,10.0
random_seeqst,9,5,ghz,10,100,,30,9.654364585800328,2796.2219770114916,68.26666666666667,1.0,30.0
random_seeqst,9,5,ghz,10,100,,100,3.54728572291548,1258.3106707070697,20.48,1.0,100.0
random_seeqst,9,5,ghz,10,100,,300,1.8062106435543142,1259.248564994419,6.826666666666667,1.0,300.0
random_seeqst,9,5,ghz,10,100,,1000,1.5325954064918763,1845.0090804004053,6.144,1.0,1000.0
random_seeqst,9,5,ghz,10,100,,3000,0.8553879249920601,2055.1821855595886,2.048,1.0,3000.0
random_seeqst,9,5,ghz,10,100,,10000,0.46791396516881173,2071.9944599671785,1.2288,1.0,10000.0
random_seeqst,9,5,ghz,10,100,,20000,0.3363649089902215,2032.1488340899812,0.9216,1.0,20000.0
random_seeqst,9,5,ghz,10,100,,30000,0.26763803881777015,2011.8832379884652,0.6826666666666666,1.0,30000.0
random_seeqst,9,5,ghz,10,100,,40000,0.22568703285745062,2047.8890885906724,0.5632,1.0,40000.0
random_seeqst,9,5,ghz,10,100,,50000,0.20082967848403285,2026.7078103970998,0.49152,1.0,50000.0
derandomized_seeqst,9,6,ghz,10,100,98.0,10,1.0,,1.0,0.11,0.11
derandomized_seeqst,9,6,ghz,10,100,98.0,30,0.9649012813540153,2.0,1.0,0.29,0.31
derandomized_seeqst,9,6,ghz,10,100,98.0,100,0.8809902331182072,1.0256410256410255,1.0,0.68,1.04
derandomized_seeqst,9,6,ghz,10,100,98.0,300,0.6456406522608779,0.9793650793650793,1.0,0.96,3.09
derandomized_seeqst,9,6,ghz,10,100,98.0,1000,0.33314378636450037,0.9981580291053976,0.75,1.0,10.4
derandomized_seeqst,9,6,ghz,10,100,98.0,3000,0.1824870022507334,1.0004203568319407,0.48148148148148145,1.0,31.17
derandomized_seeqst,9,6,ghz,10,100,98.0,10000,0.10047188890453175,0.9997923989617209,0.2087912087912088,1.0,104.12
derandomized_seeqst,9,6,ghz,10,100,98.0,20000,0.07017814851216529,0.9999980817676384,0.21951219512195122,1.0,208.17
derandomized_seeqst,9,6,ghz,10,100,98.0,30000,0.05942780379766231,0.9997474959666032,0.1757188498402556,1.0,312.38
derandomized_seeqst,9,6,ghz,10,100,98.0,40000,0.04685203500351893,1.0002635326744118,0.16467780429594273,1.0,416.48
derandomized_seeqst,9,6,ghz,10,100,98.0,50000,0.04634581972459136,0.9998168209630153,0.14728682170542637,1.0,520.42
random_seeqst,9,6,ghz,10,100,,10,0.0,0.0,0.0,1.0,10.0
random_seeqst,9,6,ghz,10,100,,30,9.654364585800328,2796.2026666666657,68.26666666666667,1.0,30.0
random_seeqst,9,6,ghz,10,100,,100,4.57946721791957,2097.151999999999,20.48,1.0,100.0
random_seeqst,9,6,ghz,10,100,,300,3.3443699954799664,2794.3322969899546,13.653333333333334,1.0,300.0
random_seeqst,9,6,ghz,10,100,,1000,1.4909665053246501,2306.9511700500607,4.096,1.0,1000.0
random_seeqst,9,6,ghz,10,100,,3000,0.9360253747747559,2264.802950814666,4.096,1.0,3000.0
random_seeqst,9,6,ghz,10,100,,10000,0.4486943191082321,2164.275965004419,1.2288,1.0,10000.0
random_seeqst,9,6,ghz,10,100,,20000,0.3151192586942283,2053.1151636112927,0.8192,1.0,20000.0
random_seeqst,9,6,ghz,10,100,,30000,0.2700634855403859,2045.4174969640544,0.8874666666666666,1.0,30000.0
random_seeqst,9,6,ghz,10,100,,40000,0.24232262791576029,2067.7848463653904,0.6656,1.0,40000.0
random_seeqst,9,6,ghz,10,100,,50000,0.21149008926188478,2053.527580894423,0.6144,1.0,50000.0
derandomized_seeqst,9,7,ghz,10,100,98.0,10,1.0,0.0,1.0,0.1,0.11
derandomized_seeqst,9,7,ghz,10,100,98.0,30,0.916515138991168,1.3333333333333333,1.0,0.25,0.32
derandomized_seeqst,9,7,ghz,10,100,98.0,100,0.8520964593685249,1.107142857142857,1.0,0.65,1.08
derandomized_seeqst,9,7,ghz,10,100,98.0,300,0.6287385833337101,1.0917017797017796,1.0,0.94,3.2
derandomized_seeqst,9,7,ghz,10,100,98.0,1000,0.2915693928842167,1.025574008971468,0.75,1.0,10.5
derandomized_seeqst,9,7,ghz,10,100,98.0,3000,0.1844991250984044,0.9997240228839439,0.6153846153846154,1.0,31.41
derandomized_seeqst,9,7,ghz,10,100,98.0,10000,0.09541274656945305,1.0008060452059242,0.25,1.0,104.15
derandomized_seeqst,9,7,ghz,10,100,98.0,20000,0.0730128206077039,0.9995936479195494,0.21875,1.0,208.16
derandomized_seeqst,9,7,ghz,10,100,98.0,30000,0.05862908391798184,0.9998427457460878,0.1624548736462094,1.0,312.52
derandomized_seeqst,9,7,ghz,10,100,98.0,40000,0.05648043241468711,0.9992661364265952,0.15869017632241814,1.0,416.98
derandomized_seeqst,9,7,ghz,10,100,98.0,50000,0.045666583449615494,0.9998786460063954,0.11515151515151516,1.0,520.73
random_seeqst,9,7,ghz,10,100,,10,20.48,4194.304000000001,204.8,1.0,10.0
random_seeqst,9,7,ghz,10,100,,30,9.654364585800328,2796.202666666664,68.26666666666667,1.0,30.0
random_seeqst,9,7,ghz,10,100,,100,3.547240053901061,1258.2911999999988,20.48,1.0,100.0
random_seeqst,9,7,ghz,10,100,,300,2.81470677375499,2096.2168151616406,13.653333333333334,1.0,300.0
random_seeqst,9,7,ghz,10,100,,1000,1.5995391336256826,2138.6751897497616,6.144,1.0,1000.0
random_seeqst,9,7,ghz,10,100,,3000,0.9532921203212931,1915.1284369456107,2.7306666666666666,1.0,3000.0
random_seeqst,9,7,ghz,10,100,,10000,0.46925575116347795,1992.273426382584,1.6384,1.0,10000.0
random_seeqst,9,7,ghz,10,100,,20000,0.31076333374450726,2078.2849723992267,0.9216,1.0,20000.0
random_seeqst,9,7,ghz,10,100,,30000,0.25959292029380665,2097.1545166666697,0.7509333333333333,1.0,30000.0
random_seeqst,9,7,ghz,10,100,,40000,0.20690122087604995,2073.0437699792938,0.5632,1.0,40000.0
random_seeqst,9,7,ghz,10,100,,50000,0.1926862190401794,2084.573651494782,0.53248,1.0,50000.0
derandomized_seeqst,9,8,ghz,10,100,99.0,10,1.0,,1.0,0.11,0.11
derandomized_seeqst,9,8,ghz,10,100,99.0,30,0.983192080250175,2.0,1.0,0.3,0.31
derandomized_seeqst,9,8,ghz,10,100,99.0,100,0.8631285492508495,1.023809523809524,1.0,0.61,1.02
derandomized_seeqst,9,8,ghz,10,100,99.0,300,0.6462052106828737,0.9896729776247848,1.0,0.94,3.04
derandomized_seeqst,9,8,ghz,10,100,99.0,1000,0.3041219027624457,1.0231657915527885,1.0,1.0,10.21
derandomized_seeqst,9,8,ghz,10,100,99.0,3000,0.17154538005841818,1.0046915080349752,0.5,1.0,30.55
derandomized_seeqst,9,8,ghz,10,100,99.0,10000,0.10605694198638674,0.9987283622051347,0.3617021276595745,1.0,101.73
derandomized_seeqst,9,8,ghz,10,100,99.0,20000,0.07082309223100396,0.9999478086682394,0.20855614973262032,1.0,203.77
derandomized_seeqst,9,8,ghz,10,100,99.0,30000,0.058497484520252815,0.999886048919655,0.16129032258064516,1.0,305.98
derandomized_seeqst,9,8,ghz,10,100,99.0,40000,0.04611410449443245,1.00035455010596,0.11166253101736973,1.0,408.17
derandomized_seeqst,9,8,ghz,10,100,99.0,50000,0.04285697271345051,1.0001474941434099,0.1191919191919192,1.0,510.23
random_seeqst,9,8,ghz,10,100,,10,20.48,4194.304000000001,204.8,1.0,10.0
random_seeqst,9,8,ghz,10,100,,30,11.824133513003535,4194.303999999996,68.26666666666667,1.0,30.0
random_seeqst,9,8,ghz,10,100,,100,6.476344648024841,5041.63814141414,20.48,1.0,100.0
random_seeqst,9,8,ghz,10,100,,300,3.3443699954799664,3355.443199999985,13.653333333333334,1.0,300.0
random_seeqst,9,8,ghz,10,100,,1000,1.5730986491634908,2810.5195602002022,6.144,1.0,1000.0
random_seeqst,9,8,ghz,10,100,,3000,0.8106217531417885,2279.007734951591,2.7306666666666666,1.0,3000.0
random_seeqst,9,8,ghz,10,100,,10000,0.4561112566030354,2105.543124834056,1.2288,1.0,10000.0
random_seeqst,9,8,ghz,10,100,,20000,0.3080521514289423,2111.842760010234,0.9216,1.0,20000.0
random_seeqst,9,8,ghz,10,100,,30000,0.25670445297613714,2077.581936888743,0.7509333333333333,1.0,30000.0
random_seeqst,9,8,ghz,10,100,,40000,0.21085450528741378,2057.313085204871,0.6144,1.0,40000.0
random_seeqst,9,8,ghz,10,100,,50000,0.1954526050785714,2042.6286988536701,0.53248,1.0,50000.0
derandomized_seeqst,9,9,ghz,10,100,96.0,10,1.0,,1.0,0.11,0.11
derandomized_seeqst,9,9,ghz,10,100,96.0,30,0.916515138991168,1.3333333333333333,1.0,0.25,0.33
derandomized_seeqst,9,9,ghz,10,100,96.0,100,0.8600834783575311,1.045977011494253,1.0,0.65,1.06
derandomized_seeqst,9,9,ghz,10,100,96.0,300,0.5952934611629843,1.0733725700017835,1.0,0.99,3.22
derandomized_seeqst,9,9,ghz,10,100,96.0,1000,0.349768933576547,0.9788104452195178,1.0,1.0,10.85
derandomized_seeqst,9,9,ghz,10,100,96.0,3000,0.17993998833198252,1.0006832888118953,0.46153846153846156,1.0,32.41
derandomized_seeqst,9,9,ghz,10,100,96.0,10000,0.10271102706586975,0.9991551393368792,0.3076923076923077,1.0,108.28
derandomized_seeqst,9,9,ghz,10,100,96.0,20000,0.06418368205240035,1.000707190223293,0.1792452830188679,1.0,216.01
derandomized_seeqst,9,9,ghz,10,100,96.0,30000,0.05021222559030655,1.0006914325990515,0.12852664576802508,1.0,324.1
derandomized_seeqst,9,9,ghz,10,100,96.0,40000,0.0427167431499922,1.0005822321334457,0.10599078341013825,1.0,431.87
derandomized_seeqst,9,9,ghz,10,100,96.0,50000,0.036815070235900346,1.0005678056824192,0.08979591836734693,1.0,539.48
random_seeqst,9,9,ghz,10,100,,10,0.0,0.0,0.0,1.0,10.0
random_seeqst,9,9,ghz,10,100,,30,6.826666666666667,1398.1013333333321,68.26666666666667,1.0,30.0
random_seeqst,9,9,ghz,10,100,,100,5.792618751480197,3355.443199999999,20.48,1.0,100.0
random_seeqst,9,9,ghz,10,100,,300,3.480930654612675,3354.508015161634,13.653333333333334,1.0,300.0
random_seeqst,9,9,ghz,10,100,,1000,1.8432000000000002,2725.6258395996238,6.144,1.0,1000.0
random_seeqst,9,9,ghz,10,100,,3000,0.9030831141767136,2194.9351792819284,2.7306666666666666,1.0,3000.0
random_seeqst,9,9,ghz,10,100,,10000,0.4519542065298208,2109.741623557533,1.2288,1.0,10000.0
random_seeqst,9,9,ghz,10,100,,20000,0.3340186916925458,1992.282445636095,1.024,1.0,20000.0
random_seeqst,9,9,ghz,10,100,,30000,0.25634110608068045,1960.1376964942806,0.6826666666666666,1.0,30000.0
random_seeqst,9,9,ghz,10,100,,40000,0.21479605210524705,1960.840003656029,0.512,1.0,40000.0
random_seeqst,9,9,ghz,10,100,,50000,0.17295599477323706,1948.6826982784437,0.45056,1.0,50000.0
derandomized_seeqst,9,0,random_stabilizer,10,100,98.0,10,1.0,0.0,1.0,0.09,0.1
derandomized_seeqst,9,0,random_stabilizer,10,100,98.0,30,0.9405399431259602,0.8,1.0,0.26,0.31
derandomized_seeqst,9,0,random_stabilizer,10,100,98.0,100,0.8663067178746208,0.7291666666666667,1.0,0.57,1.05
derandomized_seeqst,9,0,random_stabilizer,10,100,98.0,300,0.6348169403170727,1.041328630217519,1.0,0.96,3.11
derandomized_seeqst,9,0,random_stabilizer,10,100,98.0,1000,0.3494745286246203,0.9766164995845302,1.0,1.0,10.38
derandomized_seeqst,9,0,random_stabilizer,10,100,98.0,3000,0.18393983352638366,0.9898399480124851,0.46153846153846156,1.0,31.32
derandomized_seeqst,9,0,random_stabilizer,10,100,98.0,10000,0.09495219826851177,0.9908619468658293,0.2072072072072072,1.0,104.14
derandomized_seeqst,9,0,random_stabilizer,10,100,98.0,20000,0.07270590221387462,0.9896152914154206,0.20689655172413793,1.0,208.21
derandomized_seeqst,9,0,random_stabilizer,10,100,98.0,30000,0.060446583056980585,0.9896056720780305,0.17857142857142858,1.0,311.99
derandomized_seeqst,9,0,random_stabilizer,10,100,98.0,40000,0.0511384236858102,0.989828142359076,0.12365591397849462,1.0,416.14
derandomized_seeqst,9,0,random_stabilizer,10,100,98.0,50000,0.04664213268524162,0.989778929123546,0.1111111111111111,1.0,520.39
random_seeqst,9,0,random_stabilizer,10,100,,10,0.09999999999999934,0.0,0.9999999999999933,1.0,10.0
random_seeqst,9,0,random_stabilizer,10,100,,30,0.09999999999999934,0.0,0.9999999999999933,1.0,30.0
random_seeqst,9,0,random_stabilizer,10,100,,100,4.097220521280249,1677.7215999999994,20.48,1.0,100.0
random_seeqst,9,0,random_stabilizer,10,100,,300,2.645847060331845,2097.15199999999,6.826666666666667,1.0,300.0
random_seeqst,9,0,random_stabilizer,10,100,,1000,1.4075947143975782,2559.1132303503714,4.096,1.0,1000.0
random_seeqst,9,0,random_stabilizer,10,100,,3000,0.8956882394126999,2180.9728135155765,2.7306666666666666,1.0,3000.0
random_seeqst,9,0,random_stabilizer,10,100,,10000,0.5278561016034578,2147.4215660925697,1.2288,1.0,10000.0
random_seeqst,9,0,random_stabilizer,10,100,,20000,0.3396308584330935,2113.9090823343704,0.8192,1.0,20000.0
random_seeqst,9,0,random_stabilizer,10,100,,30000,0.26972881327568826,2094.3423751134546,0.6826666666666666,1.0,30000.0
random_seeqst,9,0,random_stabilizer,10,100,,40000,0.2267498074971619,2077.2211390536486,0.5632,1.0,40000.0
random_seeqst,9,0,random_stabilizer,10,100,,50000,0.2044579368378738,2049.328914730915,0.45056,1.0,50000.0
derandomized_seeqst,9,1,random_stabilizer,10,100,99.0,10,0.9486832980505138,2.0,1.0,0.1,0.11
derandomized_seeqst,9,1,random_stabilizer,10,100,99.0,30,0.944911182523068,1.5,1.0,0.28,0.32
derandomized_seeqst,9,1,random_stabilizer,10,100,99.0,100,0.8314794192830981,1.1612903225806452,1.0,0.63,1.02
derandomized_seeqst,9,1,random_stabilizer,10,100,99.0,300,0.6019361241075908,1.0904761904761902,1.0,0.98,3.06
derandomized_seeqst,9,1,random_stabilizer,10,100,99.0,1000,0.33008491630254017,1.004242392969947,1.0,1.0,10.21
derandomized_seeqst,9,1,random_stabilizer,10,100,99.0,3000,0.21262506885511845,0.9889538338662518,0.4482758620689655,1.0,30.59
derandomized_seeqst,9,1,random_stabilizer,10,100,99.0,10000,0.09104260437488566,1.0017483878321713,0.25773195876288657,1.0,102.02
derandomized_seeqst,9,1,random_stabilizer,10,100,99.0,20000,0.0638022588400537,1.00090605541137,0.16908212560386474,1.0,203.89
derandomized_seeqst,9,1,random_stabilizer,10,100,99.0,30000,0.054340263710660114,1.0003581047227414,0.15436241610738255,1.0,305.95
derandomized_seeqst,9,1,random_stabilizer,10,100,99.0,40000,0.05022442349879957,0.9999573737727074,0.12928759894459102,1.0,407.92
derandomized_seeqst,9,1,random_stabilizer,10,100,99.0,50000,0.04618317262198727,0.9998498658662376,0.13559322033898305,1.0,509.9
random_seeqst,9,1,random_stabilizer,10,100,,10,2.0816681711721684e-18,0.0,2.0816681711721685e-17,1.0,10.0
random_seeqst,9,1,random_stabilizer,10,100,,30,6.826666666666667,1398.1013333333328,68.26666666666667,1.0,30.0
random_seeqst,9,1,random_stabilizer,10,100,,100,4.57946721791957,2097.151999999999,20.48,1.0,100.0
random_seeqst,9,1,random_stabilizer,10,100,,300,2.9756750121237667,2936.947984838338,6.826666666666667,1.0,300.0
random_seeqst,9,1,random_stabilizer,10,100,,1000,1.4909665053246501,2306.9511700500707,6.144,1.0,1000.0
random_seeqst,9,1,random_stabilizer,10,100,,3000,0.858098694142398,2097.11470486602,2.048,1.0,3000.0
random_seeqst,9,1,random_stabilizer,10,100,,10000,0.4816066976278465,2160.0506200508,1.2288,1.0,10000.0
random_seeqst,9,1,random_stabilizer,10,100,,20000,0.30186297288670566,1998.5946644790688,0.9216,1.0,20000.0
random_seeqst,9,1,random_stabilizer,10,100,,30000,0.22998876880790894,2062.215312343569,0.47786666666666666,1.0,30000.0
random_seeqst,9,1,random_stabilizer,10,100,,40000,0.19109332589078037,2033.20317742047,0.4608,1.0,40000.0
random_seeqst,9,1,random_stabilizer,10,100,,50000,0.17712536215912167,2028.3746084988445,0.45056,1.0,50000.0
derandomized_seeqst,9,2,random_stabilizer,10,100,98.0,10,1.0,,1.0,0.11,0.11
derandomized_seeqst,9,2,random_stabilizer,10,100,98.0,30,1.0,0.0,1.0,0.27,0.31
derandomized_seeqst,9,2,random_stabilizer,10,100,98.0,100,0.8560299024996934,0.9950617283950618,1.0,0.59,1.04
derandomized_seeqst,9,2,random_stabilizer,10,100,98.0,300,0.661296141319497,0.9621031746031747,1.0,0.93,3.08
derandomized_seeqst,9,2,random_stabilizer,10,100,98.0,1000,0.40019553934895324,0.9442923390335154,1.0,1.0,10.43
derandomized_seeqst,9,2,random_stabilizer,10,100,98.0,3000,0.17545472293430517,1.0031119780120106,0.5555555555555556,1.0,31.41
derandomized_seeqst,9,2,random_stabilizer,10,100,98.0,10000,0.10205099292080913,0.9994596727397196,0.27906976744186046,1.0,104.01
derandomized_seeqst,9,2,random_stabilizer,10,100,98.0,20000,0.0756096587025599,0.9992093634969952,0.20652173913043478,1.0,208.27
derandomized_seeqst,9,2,random_stabilizer,10,100,98.0,30000,0.05807051925420024,0.9999070894819373,0.19063545150501673,1.0,312.28
derandomized_seeqst,9,2,random_stabilizer,10,100,98.0,40000,0.050839427732432774,0.9998735553968032,0.14698795180722893,1.0,416.46
derandomized_seeqst,9,2,random_stabilizer,10,100,98.0,50000,0.04750474925920177,0.999708407859071,0.15849056603773584,1.0,520.52
random_seeqst,9,2,random_stabilizer,10,100,,10,9.813077866773594e-19,0.0,6.938893903907228e-18,1.0,10.0
random_seeqst,9,2,random_stabilizer,10,100,,30,9.813077866773594e-19,0.0,6.938893903907228e-18,1.0,30.0
random_seeqst,9,2,random_stabilizer,10,100,,100,2.8963093757400986,838.8607999999996,20.48,1.0,100.0
random_seeqst,9,2,random_stabilizer,10,100,,300,3.2019904920394615,2795.267481828303,13.653333333333334,1.0,300.0
random_seeqst,9,2,random_stabilizer,10,100,,1000,1.5863739786065578,2348.642299899916,8.192,1.0,1000.0
random_seeqst,9,2,random_stabilizer,10,100,,3000,0.8360924988699916,2181.0660513504035,2.7306666666666666,1.0,3000.0
random_seeqst,9,2,random_stabilizer,10,100,,10000,0.4261611939161049,2017.4803586726568,1.024,1.0,10000.0
random_seeqst,9,2,random_stabilizer,10,100,,20000,0.29483376740122563,1986.0153178156852,0.8192,1.0,20000.0
random_seeqst,9,2,random_stabilizer,10,100,,30000,0.2469895170065141,2011.8738773080352,0.6826666666666666,1.0,30000.0
random_seeqst,9,2,random_stabilizer,10,100,,40000,0.21479605210524705,1981.8120479575161,0.5632,1.0,40000.0
random_seeqst,9,2,random_stabilizer,10,100,,50000,0.20091287090676893,1959.5776543720037,0.49152,1.0,50000.0
derandomized_seeqst,9,3,random_stabilizer,10,100,97.0,10,1.0,,1.0,0.1,0.1
derandomized_seeqst,9,3,random_stabilizer,10,100,97.0,30,1.0,0.0,1.0,0.28,0.31
derandomized_seeqst,9,3,random_stabilizer,10,100,97.0,100,0.8746584032663104,0.880952380952381,1.0,0.61,1.01
derandomized_seeqst,9,3,random_stabilizer,10,100,97.0,300,0.6469385995638137,0.9570833333333335,1.0,0.93,3.16
derandomized_seeqst,9,3,random_stabilizer,10,100,97.0,1000,0.3298567330643288,0.9999640439356906,0.75,1.0,10.9
derandomized_seeqst,9,3,random_stabilizer,10,100,97.0,3000,0.1715105733481054,1.0040967651932564,0.5,1.0,32.5
derandomized_seeqst,9,3,random_stabilizer,10,100,97.0,10000,0.08697388565246485,1.0022554177939451,0.25252525252525254,1.0,108.41
derandomized_seeqst,9,3,random_stabilizer,10,100,97.0,20000,0.06431730274404271,1.000742322356164,0.17475728155339806,1.0,216.4
derandomized_seeqst,9,3,random_stabilizer,10,100,97.0,30000,0.056034599188500386,1.0001070662536904,0.13804713804713806,1.0,324.62
derandomized_seeqst,9,3,random_stabilizer,10,100,97.0,40000,0.04829601730110424,1.0000997945882057,0.109375,1.0,432.31
derandomized_seeqst,9,3,random_stabilizer,10,100,97.0,50000,0.043219971541624075,1.000076355831783,0.09812108559498957,1.0,540.22
random_seeqst,9,3,random_stabilizer,10,100,,10,0.0,0.0,0.0,1.0,10.0
random_seeqst,9,3,random_stabilizer,10,100,,30,9.654364585800328,2796.2026666666648,68.26666666666667,1.0,30.0
random_seeqst,9,3,random_stabilizer,10,100,,100,5.418498685060282,2936.0127999999986,20.48,1.0,100.0
random_seeqst,9,3,random_stabilizer,10,100,,300,2.264149190215953,1537.9114666666544,6.826666666666667,1.0,300.0
random_seeqst,9,3,random_stabilizer,10,100,,1000,1.3113598438262473,1887.604740100119,4.096,1.0,1000.0
random_seeqst,9,3,random_stabilizer,10,100,,3000,0.6995251722895086,2055.404759453108,2.048,1.0,3000.0
random_seeqst,9,3,random_stabilizer,10,100,,10000,0.4106227231900348,2030.0775327324945,1.024,1.0,10000.0
random_seeqst,9,3,random_stabilizer,10,100,,20000,0.32039911110987807,2044.7227805489797,0.8192,1.0,20000.0
random_seeqst,9,3,random_stabilizer,10,100,,30000,0.265363343026542,2095.7533394078787,0.7509333333333333,1.0,30000.0
random_seeqst,9,3,random_stabilizer,10,100,,40000,0.2241133427531703,2065.696135613345,0.6144,1.0,40000.0
random_seeqst,9,3,random_stabilizer,10,100,,50000,0.21045629056884949,2045.1392413353142,0.69632,1.0,50000.0
derandomized_seeqst,9,4,random_stabilizer,10,100,96.0,10,1.0,,1.0,0.11,0.11
derandomized_seeqst,9,4,random_stabilizer,10,100,96.0,30,0.9428090415820634,1.5,1.0,0.27,0.31
derandomized_seeqst,9,4,random_stabilizer,10,100,96.0,100,0.8439639401509594,1.2256410256410257,1.0,0.63,1.07
derandomized_seeqst,9,4,random_stabilizer,10,100,96.0,300,0.6457082233742145,1.0139077853363567,1.0,0.98,3.21
derandomized_seeqst,9,4,random_stabilizer,10,100,96.0,1000,0.363285350386723,0.9664473730304932,1.0,1.0,10.67
derandomized_seeqst,9,4,random_stabilizer,10,100,96.0,3000,0.1926573583095,0.9959168019351335,0.6153846153846154,1.0,32.37
derandomized_seeqst,9,4,random_stabilizer,10,100,96.0,10000,0.0976459545543715,1.0002164692463624,0.23076923076923078,1.0,108.27
derandomized_seeqst,9,4,random_stabilizer,10,100,96.0,20000,0.0706187164940576,0.9998373275566553,0.1848341232227488,1.0,215.9
derandomized_seeqst,9,4,random_stabilizer,10,100,96.0,30000,0.05520700615373352,1.000164035595443,0.11971830985915492,1.0,323.78
derandomized_seeqst,9,4,random_stabilizer,10,100,96.0,40000,0.047423975455118124,1.0001560019418725,0.10539845758354756,1.0,431.56
derandomized_seeqst,9,4,random_stabilizer,10,100,96.0,50000,0.04456457412505907,0.9999371930415301,0.1145631067961165,1.0,539.56
random_seeqst,9,4,random_stabilizer,10,100,,10,2.0816681711721684e-18,0.0,2.0816681711721685e-17,1.0,10.0
random_seeqst,9,4,random_stabilizer,10,100,,30,11.824133513003535,4194.303999999998,68.26666666666667,1.0,30.0
random_seeqst,9,4,random_stabilizer,10,100,,100,4.096,1677.7215999999985,20.48,1.0,100.0
random_seeqst,9,4,random_stabilizer,10,100,,300,2.896309375740099,2797.1378515050023,6.826666666666667,1.0,300.0
random_seeqst,9,4,random_stabilizer,10,100,,1000,1.4768338024300498,2181.038080000025,6.144,1.0,1000.0
random_seeqst,9,4,random_stabilizer,10,100,,3000,0.7693262622436452,1999.3594969345081,2.048,1.0,3000.0
random_seeqst,9,4,random_stabilizer,10,100,,10000,0.43396341965654206,2051.0314348938414,1.024,1.0,10000.0
random_seeqst,9,4,random_stabilizer,10,100,,20000,0.33197189278612127,1994.3810657159586,0.8192,1.0,20000.0
random_seeqst,9,4,random_stabilizer,10,100,,30000,0.277804236108811,2046.8114038534602,0.8192,1.0,30000.0
random_seeqst,9,4,random_stabilizer,10,100,,40000,0.2392196379898607,2035.2796719569021,0.6144,1.0,40000.0
random_seeqst,9,4,random_stabilizer,10,100,,50000,0.20691895812612243,2041.7852074495386,0.49152,1.0,50000.0
derandomized_seeqst,9,5,random_stabilizer,10,100,98.0,10,1.0,,1.0,0.1,0.1
derandomized_seeqst,9,5,random_stabilizer,10,100,98.0,30,0.9805806756909202,0.5,1.0,0.26,0.3
derandomized_seeqst,9,5,random_stabilizer,10,100,98.0,100,0.8678055195451838,0.9885057471264368,1.0,0.63,1.01
derandomized_seeqst,9,5,random_stabilizer,10,100,98.0,300,0.6416802259704784,0.9929705215419499,1.0,0.97,3.09
derandomized_seeqst,9,5,random_stabilizer,10,100,98.0,1000,0.32913825381914613,1.0001747551964943,0.7142857142857143,1.0,10.4
derandomized_seeqst,9,5,random_stabilizer,10,100,98.0,3000,0.18745699541345315,0.998355514419722,0.5714285714285714,1.0,31.19
derandomized_seeqst,9,5,random_stabilizer,10,100,98.0,10000,0.09979875825103812,0.9999243680642185,0.2903225806451613,1.0,103.78
derandomized_seeqst,9,5,random_stabilizer,10,100,98.0,20000,0.07115830186386168,0.9998573557317876,0.1794871794871795,1.0,207.8
derandomized_seeqst,9,5,random_stabilizer,10,100,98.0,30000,0.05897893950533118,0.9997978267219233,0.16778523489932887,1.0,311.73
derandomized_seeqst,9,5,random_stabilizer,10,100,98.0,40000,0.0505279272152951,0.9999014308629218,0.152,1.0,415.6
derandomized_seeqst,9,5,random_stabilizer,10,100,98.0,50000,0.04751769867572818,0.9997042461869534,0.20166320166320167,1.0,519.46
random_seeqst,9,5,random_stabilizer,10,100,,10,0.0,0.0,0.0,1.0,10.0
random_seeqst,9,5,random_stabilizer,10,100,,30,6.826666666666667,1398.1013333333324,68.26666666666667,1.0,30.0
random_seeqst,9,5,random_stabilizer,10,100,,100,4.57946721791957,2097.151999999998,20.48,1.0,100.0
random_seeqst,9,5,random_stabilizer,10,100,,300,2.81470677375499,2376.772266666655,6.826666666666667,1.0,300.0
random_seeqst,9,5,random_stabilizer,10,100,,1000,1.3890211805440549,1929.379840000015,6.144,1.0,1000.0
random_seeqst,9,5,random_stabilizer,10,100,,3000,0.8276893459102476,1915.352207749219,2.7306666666666666,1.0,3000.0
random_seeqst,9,5,random_stabilizer,10,100,,10000,0.47014872200187885,1967.104246603869,1.2288,1.0,10000.0
random_seeqst,9,5,random_stabilizer,10,100,,20000,0.30203660705285373,1946.1631380451663,0.8192,1.0,20000.0
random_seeqst,9,5,random_stabilizer,10,100,,30000,0.23766214226642549,1974.128403653266,0.5461333333333334,1.0,30000.0
random_seeqst,9,5,random_stabilizer,10,100,,40000,0.20772313881703214,2034.2451472264265,0.7168,1.0,40000.0
random_seeqst,9,5,random_stabilizer,10,100,,50000,0.1932947491061255,2034.240761955771,0.57344,1.0,50000.0
derandomized_seeqst,9,6,random_stabilizer,10,100,98.0,10,1.0,,1.0,0.1,0.1
derandomized_seeqst,9,6,random_stabilizer,10,100,98.0,30,0.944911182523068,1.5,1.0,0.28,0.32
derandomized_seeqst,9,6,random_stabilizer,10,100,98.0,100,0.8811668550592597,0.8390804597701149,1.0,0.63,1.02
derandomized_seeqst,9,6,random_stabilizer,10,100,98.0,300,0.6699116744388836,0.9005042016806722,1.0,0.96,3.12
derandomized_seeqst,9,6,random_stabilizer,10,100,98.0,1000,0.32700626640264874,1.0053827008456164,0.7142857142857143,1.0,10.4
derandomized_seeqst,9,6,random_stabilizer,10,100,98.0,3000,0.20146691584094437,0.9929917709644102,0.5555555555555556,1.0,31.32
derandomized_seeqst,9,6,random_stabilizer,10,100,98.0,10000,0.08961904679842204,1.0019092496133726,0.24271844660194175,1.0,104.09
derandomized_seeqst,9,6,random_stabilizer,10,100,98.0,20000,0.06611364509123514,1.000550896878617,0.23595505617977527,1.0,207.81
derandomized_seeqst,9,6,random_stabilizer,10,100,98.0,30000,0.05346199214951705,1.000418278798274,0.18181818181818182,1.0,311.9
derandomized_seeqst,9,6,random_stabilizer,10,100,98.0,40000,0.047260442269225066,1.0002218439933876,0.1813186813186813,1.0,415.93
derandomized_seeqst,9,6,random_stabilizer,10,100,98.0,50000,0.041593273296950305,1.0002347653427097,0.1503267973856209,1.0,520.26
random_seeqst,9,6,random_stabilizer,10,100,,10,20.48,4194.304000000001,204.8,1.0,10.0
random_seeqst,9,6,random_stabilizer,10,100,,30,6.826666666666667,1398.101333333332,68.26666666666667,1.0,30.0
random_seeqst,9,6,random_stabilizer,10,100,,100,3.547240053901061,1258.291199999999,20.48,1.0,100.0
random_seeqst,9,6,random_stabilizer,10,100,,300,2.3648267026007077,1677.721599999991,6.826666666666667,1.0,300.0
random_seeqst,9,6,random_stabilizer,10,100,,1000,1.4336,1887.26885989992,8.192,1.0,1000.0
random_seeqst,9,6,random_stabilizer,10,100,,3000,0.8333008633674208,1971.285584866039,2.7306666666666666,1.0,3000.0
random_seeqst,9,6,random_stabilizer,10,100,,10000,0.428614646506626,1988.1151970044916,1.2288,1.0,10000.0
random_seeqst,9,6,random_stabilizer,10,100,,20000,0.313451066675486,1986.0039926286054,0.9216,1.0,20000.0
random_seeqst,9,6,random_stabilizer,10,100,,30000,0.24689515615607635,1957.346154320691,0.8192,1.0,30000.0
random_seeqst,9,6,random_stabilizer,10,100,,40000,0.20702788218015467,1984.9611314845142,0.6656,1.0,40000.0
random_seeqst,9,6,random_stabilizer,10,100,,50000,0.177220056291606,1961.2643687394614,0.45056,1.0,50000.0
derandomized_seeqst,9,7,random_stabilizer,10,100,98.0,10,1.0,,1.0,0.1,0.1
derandomized_seeqst,9,7,random_stabilizer,10,100,98.0,30,0.9649012813540153,1.3333333333333333,1.0,0.29,0.32
derandomized_seeqst,9,7,random_stabilizer,10,100,98.0,100,0.8773717255423409,1.0246913580246915,1.0,0.66,1.03
derandomized_seeqst,9,7,random_stabilizer,10,100,98.0,300,0.6497131085770709,0.9944943944943944,1.0,0.92,3.07
derandomized_seeqst,9,7,random_stabilizer,10,100,98.0,1000,0.3200037805597051,1.0260361894380094,1.0,1.0,10.35
derandomized_seeqst,9,7,random_stabilizer,10,100,98.0,3000,0.19677748873020823,0.9952297264009522,0.6774193548387096,1.0,31.0
derandomized_seeqst,9,7,random_stabilizer,10,100,98.0,10000,0.09311074243253309,1.0012326042542972,0.2727272727272727,1.0,103.73
derandomized_seeqst,9,7,random_stabilizer,10,100,98.0,20000,0.075529942839346,0.9992097665387333,0.16161616161616163,1.0,207.69
derandomized_seeqst,9,7,random_stabilizer,10,100,98.0,30000,0.058966524615102545,0.9997960021344144,0.14576271186440679,1.0,311.58
derandomized_seeqst,9,7,random_stabilizer,10,100,98.0,40000,0.04821185414179178,1.0001297947946874,0.12401055408970976,1.0,415.69
derandomized_seeqst,9,7,random_stabilizer,10,100,98.0,50000,0.04348824862779056,1.0000719000523366,0.12233009708737864,1.0,519.81
random_seeqst,9,7,random_stabilizer,10,100,,10,20.48,4194.304000000001,204.8,1.0,10.0
random_seeqst,9,7,random_stabilizer,10,100,,30,9.654364585800328,2796.202666666664,68.26666666666667,1.0,30.0
random_seeqst,9,7,random_stabilizer,10,100,,100,2.8963093757400986,838.860799999999,20.48,1.0,100.0
random_seeqst,9,7,random_stabilizer,10,100,,300,2.554304776037678,1957.341866666657,6.826666666666667,1.0,300.0
random_seeqst,9,7,random_stabilizer,10,100,,1000,1.6763602476794777,2390.333429749762,6.144,1.0,1000.0
random_seeqst,9,7,random_stabilizer,10,100,,3000,0.9285270533963397,2418.6593639657144,2.7306666666666666,1.0,3000.0
random_seeqst,9,7,random_stabilizer,10,100,,10000,0.43733312520320244,2130.7282445619944,1.6384,1.0,10000.0
random_seeqst,9,7,random_stabilizer,10,100,,20000,0.29872029994628757,1998.5965520103698,0.9216,1.0,20000.0
random_seeqst,9,7,random_stabilizer,10,100,,30000,0.2610251679649131,2030.0426699510344,0.8874666666666666,1.0,30000.0
random_seeqst,9,7,random_stabilizer,10,100,,40000,0.21430732325331306,2048.922799441386,0.6144,1.0,40000.0
random_seeqst,9,7,random_stabilizer,10,100,,50000,0.19316451119188535,2013.2688728499231,0.53248,1.0,50000.0
derandomized_seeqst,9,8,random_stabilizer,10,100,97.0,10,1.0,,1.0,0.1,0.1
derandomized_seeqst,9,8,random_stabilizer,10,100,97.0,30,0.9405399431259602,0.8571428571428571,1.0,0.26,0.33
derandomized_seeqst,9,8,random_stabilizer,10,100,97.0,100,0.8564587889971536,0.8817204301075269,1.0,0.59,1.1
derandomized_seeqst,9,8,random_stabilizer,10,100,97.0,300,0.6556670561894796,1.029630895420369,1.0,0.96,3.26
derandomized_seeqst,9,8,random_stabilizer,10,100,97.0,1000,0.31657069366308727,1.012468737424115,1.0,1.0,10.69
derandomized_seeqst,9,8,random_stabilizer,10,100,97.0,3000,0.17469122373717852,1.0034227813745158,0.44,1.0,31.86
derandomized_seeqst,9,8,random_stabilizer,10,100,97.0,10000,0.09874293130824989,1.00004732785675,0.26732673267326734,1.0,105.79
derandomized_seeqst,9,8,random_stabilizer,10,100,97.0,20000,0.07404213603039832,0.9993932522740728,0.2413793103448276,1.0,212.0
derandomized_seeqst,9,8,random_stabilizer,10,100,97.0,30000,0.057681826082992965,0.9999152224963739,0.1368421052631579,1.0,317.97
derandomized_seeqst,9,8,random_stabilizer,10,100,97.0,40000,0.047909543736507174,1.000136642293356,0.13766233766233765,1.0,424.28
derandomized_seeqst,9,8,random_stabilizer,10,100,97.0,50000,0.04525286212735526,0.9998960464662887,0.14583333333333334,1.0,530.08
random_seeqst,9,8,random_stabilizer,10,100,,10,20.48,4194.304000000001,204.8,1.0,10.0
random_seeqst,9,8,random_stabilizer,10,100,,30,11.824133513003535,4194.303999999996,68.26666666666667,1.0,30.0
random_seeqst,9,8,random_stabilizer,10,100,,100,5.418498685060282,2936.012799999998,20.48,1.0,100.0
random_seeqst,9,8,random_stabilizer,10,100,,300,2.3648267026007073,1958.277051505004,6.826666666666667,1.0,300.0
random_seeqst,9,8,random_stabilizer,10,100,,1000,1.4481546878700493,1845.2418498498578,4.096,1.0,1000.0
random_seeqst,9,8,random_stabilizer,10,100,,3000,0.8580986941423981,2069.1433544158836,2.048,1.0,3000.0
random_seeqst,9,8,random_stabilizer,10,100,,10000,0.4177116785535209,2072.0188948430864,1.2288,1.0,10000.0
random_seeqst,9,8,random_stabilizer,10,100,,20000,0.3077115740429664,1960.8404756111638,0.9216,1.0,20000.0
random_seeqst,9,8,random_stabilizer,10,100,,30000,0.2612928404002766,2000.6814234325875,0.6144,1.0,30000.0
random_seeqst,9,8,random_stabilizer,10,100,,40000,0.21962353243675872,2006.9764039144668,0.512,1.0,40000.0
random_seeqst,9,8,random_stabilizer,10,100,,50000,0.2172038935930938,2048.4918659063305,0.69632,1.0,50000.0
derandomized_seeqst,9,9,random_stabilizer,10,100,96.0,10,1.0,,1.0,0.1,0.1
derandomized_seeqst,9,9,random_stabilizer,10,100,96.0,30,0.9649012813540153,1.0,1.0,0.29,0.33
derandomized_seeqst,9,9,random_stabilizer,10,100,96.0,100,0.9090256024687923,0.7885714285714286,1.0,0.67,1.11
derandomized_seeqst,9,9,random_stabilizer,10,100,96.0,300,0.6828841315981701,0.9402305149140591,1.0,0.98,3.29
derandomized_seeqst,9,9,random_stabilizer,10,100,96.0,1000,0.32204275653165787,1.0057226891787263,1.0,1.0,10.81
derandomized_seeqst,9,9,random_stabilizer,10,100,96.0,3000,0.18579674925455844,0.9987240935087124,0.5862068965517241,1.0,32.48
derandomized_seeqst,9,9,random_stabilizer,10,100,96.0,10000,0.1000997286980469,0.99969476425278,0.26785714285714285,1.0,108.6
derandomized_seeqst,9,9,random_stabilizer,10,100,96.0,20000,0.06615235088900115,1.0004513095143113,0.19148936170212766,1.0,216.3
derandomized_seeqst,9,9,random_stabilizer,10,100,96.0,30000,0.053190238106530466,1.0003815610423887,0.16666666666666666,1.0,323.88
derandomized_seeqst,9,9,random_stabilizer,10,100,96.0,40000,0.04874687853419481,1.0000299231008254,0.13043478260869565,1.0,431.74
derandomized_seeqst,9,9,random_stabilizer,10,100,96.0,50000,0.04143108366870857,1.0002078908172505,0.11392405063291139,1.0,539.64
random_seeqst,9,9,random_stabilizer,10,100,,10,20.48,4194.304000000001,204.8,1.0,10.0
random_seeqst,9,9,random_stabilizer,10,100,,30,6.826666666666667,1398.1013333333312,68.26666666666667,1.0,30.0
random_seeqst,9,9,random_stabilizer,10,100,,100,3.547240053901061,1258.2911999999992,20.48,1.0,100.0
random_seeqst,9,9,random_stabilizer,10,100,,300,2.158781549341614,1398.1013333333242,6.826666666666667,1.0,300.0
random_seeqst,9,9,random_stabilizer,10,100,,1000,1.176486430010988,1552.060420100118,4.096,1.0,1000.0
random_seeqst,9,9,random_stabilizer,10,100,,3000,0.8220395232455541,1943.3328819828407,2.048,1.0,3000.0
random_seeqst,9,9,random_stabilizer,10,100,,10000,0.4855099224526724,2130.6837804932293,1.6384,1.0,10000.0
random_seeqst,9,9,random_stabilizer,10,100,,20000,0.349212526693989,2065.6760544140725,0.8192,1.0,20000.0
random_seeqst,9,9,random_stabilizer,10,100,,30000,0.252032545341095,2037.0380235305902,0.6144,1.0,30000.0
random_seeqst,9,9,random_stabilizer,10,100,,40000,0.2177655840577202,2041.5810896780413,0.6144,1.0,40000.0
random_seeqst,9,9,random_stabilizer,10,100,,50000,0.20212006570353178,2064.436865016838,0.6144,1.0,50000.0
