repeat,ensemble,n,estimator,mom_num_groups,n_sample,estimate,error,abs_error
0,pauli,10,mean,1,10,1.8000000000000007,6.772135954999582,6.772135954999582
0,pauli,10,mean,1,30,-20.099999999999987,-15.127864045000406,15.127864045000406
0,pauli,10,mean,1,100,-13.859999999999996,-8.887864045000414,8.887864045000414
0,pauli,10,mean,1,300,-8.564999999999998,-3.5928640450004163,3.5928640450004163
0,pauli,10,mean,1,1000,-3.5887500000000006,1.3833859549995808,1.3833859549995808
0,pauli,10,mean,1,2000,-5.083874999999999,-0.11173904500041765,0.11173904500041765
0,pauli,10,mean,1,3000,-4.128749999999999,0.8433859549995821,0.8433859549995821
0,pauli,10,mean,1,4000,-3.5566874999999993,1.415448454999582,1.415448454999582
0,pauli,10,mean,1,5000,-4.021649999999999,0.9504859549995821,0.9504859549995821
0,pauli,10,mean,1,6000,-4.2746249999999995,0.6975109549995819,0.6975109549995819
0,pauli,10,mean,1,7000,-4.364357142857142,0.6077788121424392,0.6077788121424392
0,pauli,10,mean,1,8000,-4.594218749999999,0.3779172049995827,0.3779172049995827
0,pauli,10,mean,1,9000,-3.7304999999999993,1.2416359549995821,1.2416359549995821
0,pauli,10,mean,1,10000,-3.6989999999999994,1.273135954999582,1.273135954999582
0,clifford,10,mean,1,10,-25.62499999999996,-20.652864045000378,20.652864045000378
0,clifford,10,mean,1,30,25.624999999999947,30.59713595499953,30.59713595499953
0,clifford,10,mean,1,100,5.124999999999987,10.097135954999569,10.097135954999569
0,clifford,10,mean,1,300,0.854166666666665,5.826302621666247,5.826302621666247
0,clifford,10,mean,1,1000,-3.8437499999999916,1.1283859549995898,1.1283859549995898
0,clifford,10,mean,1,2000,-4.0999999999999925,0.8721359549995888,0.8721359549995888
0,clifford,10,mean,1,3000,-4.1854166666666615,0.7867192883329199,0.7867192883329199
0,clifford,10,mean,1,4000,-4.1640624999999964,0.8080734549995849,0.8080734549995849
0,clifford,10,mean,1,5000,-3.5874999999999972,1.3846359549995841,1.3846359549995841
0,clifford,10,mean,1,6000,-4.441666666666665,0.5304692883329167,0.5304692883329167
0,clifford,10,mean,1,7000,-4.685714285714283,0.2864216692852981,0.2864216692852981
0,clifford,10,mean,1,8000,-4.932812499999998,0.03932345499958334,0.03932345499958334
0,clifford,10,mean,1,9000,-4.89722222222222,0.07491373277736102,0.07491373277736102
0,clifford,10,mean,1,10000,-4.5612499999999985,0.4108859549995829,0.4108859549995829
0,seeqst_uniform,10,mean,1,10,0.0,4.972135954999581,4.972135954999581
0,seeqst_uniform,10,mean,1,30,0.0,4.972135954999581,4.972135954999581
0,seeqst_uniform,10,mean,1,100,0.0,4.972135954999581,4.972135954999581
0,seeqst_uniform,10,mean,1,300,0.0,4.972135954999581,4.972135954999581
0,seeqst_uniform,10,mean,1,1000,-6.144,-1.1718640450004187,1.1718640450004187
0,seeqst_uniform,10,mean,1,2000,-5.12,-0.14786404500041872,0.14786404500041872
0,seeqst_uniform,10,mean,1,3000,-5.12,-0.14786404500041872,0.14786404500041872
0,seeqst_uniform,10,mean,1,4000,-7.168,-2.1958640450004188,2.1958640450004188
0,seeqst_uniform,10,mean,1,5000,-6.7584,-1.7862640450004186,1.7862640450004186
0,seeqst_uniform,10,mean,1,6000,-6.314666666666667,-1.3425307116670853,1.3425307116670853
0,seeqst_uniform,10,mean,1,7000,-5.558857142857143,-0.5867211878575613,0.5867211878575613
0,seeqst_uniform,10,mean,1,8000,-5.12,-0.14786404500041872,0.14786404500041872
0,seeqst_uniform,10,mean,1,9000,-4.551111111111111,0.4210248438884703,0.4210248438884703
0,seeqst_uniform,10,mean,1,10000,-4.608,0.36413595499958173,0.36413595499958173
0,seeqst_binomial_q0.09091,10,mean,1,10,0.0,4.972135954999581,4.972135954999581
0,seeqst_binomial_q0.09091,10,mean,1,30,-17.291616402741656,-12.319480447742075,12.319480447742075
0,seeqst_binomial_q0.09091,10,mean,1,100,-15.56245476246749,-10.59031880746791,10.59031880746791
0,seeqst_binomial_q0.09091,10,mean,1,300,-8.64580820137083,-3.6736722463712486,3.6736722463712486
0,seeqst_binomial_q0.09091,10,mean,1,1000,-3.8906136906168736,1.0815222643827078,1.0815222643827078
0,seeqst_binomial_q0.09091,10,mean,1,2000,-5.0577977978019355,-0.08566184280235412,0.08566184280235412
0,seeqst_binomial_q0.09091,10,mean,1,3000,-5.965607658945869,-0.9934717039462875,0.9934717039462875
0,seeqst_binomial_q0.09091,10,mean,1,4000,-6.419512589517825,-1.4473766345182435,1.4473766345182435
0,seeqst_binomial_q0.09091,10,mean,1,5000,-6.328731603403426,-1.3565956484038448,1.3565956484038448
0,seeqst_binomial_q0.09091,10,mean,1,6000,-6.527585192034951,-1.5554492370353694,1.5554492370353694
0,seeqst_binomial_q0.09091,10,mean,1,7000,-5.854447267785367,-0.8823113127857853,0.8823113127857853
0,seeqst_binomial_q0.09091,10,mean,1,8000,-6.062873001211267,-1.0907370462116859,1.0907370462116859
0,seeqst_binomial_q0.09091,10,mean,1,9000,-5.418039806192362,-0.44590385119278064,0.44590385119278064
0,seeqst_binomial_q0.09091,10,mean,1,10000,-5.446859166863597,-0.4747232118640152,0.4747232118640152
0,seeqst_binomial_q0.5,10,mean,1,10,0.0,4.972135954999581,4.972135954999581
0,seeqst_binomial_q0.5,10,mean,1,30,0.0,4.972135954999581,4.972135954999581
0,seeqst_binomial_q0.5,10,mean,1,100,-10.24,-5.267864045000419,5.267864045000419
0,seeqst_binomial_q0.5,10,mean,1,300,-17.066666666666666,-12.094530711667085,12.094530711667085
0,seeqst_binomial_q0.5,10,mean,1,1000,-9.216,-4.243864045000418,4.243864045000418
0,seeqst_binomial_q0.5,10,mean,1,2000,-9.728,-4.755864045000418,4.755864045000418
0,seeqst_binomial_q0.5,10,mean,1,3000,-7.850666666666666,-2.878530711667085,2.878530711667085
0,seeqst_binomial_q0.5,10,mean,1,4000,-7.68,-2.7078640450004183,2.7078640450004183
0,seeqst_binomial_q0.5,10,mean,1,5000,-6.9632,-1.9910640450004182,1.9910640450004182
0,seeqst_binomial_q0.5,10,mean,1,6000,-5.802666666666667,-0.8305307116670857,0.8305307116670857
0,seeqst_binomial_q0.5,10,mean,1,7000,-5.558857142857143,-0.5867211878575613,0.5867211878575613
0,seeqst_binomial_q0.5,10,mean,1,8000,-5.632,-0.6598640450004183,0.6598640450004183
0,seeqst_binomial_q0.5,10,mean,1,9000,-6.144,-1.1718640450004187,1.1718640450004187
0,seeqst_binomial_q0.5,10,mean,1,10000,-6.2464,-1.274264045000419,1.274264045000419
0,seeqst_binomial_tuned,10,mean,1,10,0.0,4.972135954999581,4.972135954999581
0,seeqst_binomial_tuned,10,mean,1,30,-4.967053731282551,0.005082223717030487,0.005082223717030487
0,seeqst_binomial_tuned,10,mean,1,100,-8.940696716308592,-3.9685607613090106,3.9685607613090106
0,seeqst_binomial_tuned,10,mean,1,300,-0.9934107462565097,3.9787252087430716,3.9787252087430716
0,seeqst_binomial_tuned,10,mean,1,1000,-4.470348358154296,0.5017875968452854,0.5017875968452854
0,seeqst_binomial_tuned,10,mean,1,2000,-4.470348358154296,0.5017875968452854,0.5017875968452854
0,seeqst_binomial_tuned,10,mean,1,3000,-4.470348358154296,0.5017875968452854,0.5017875968452854
0,seeqst_binomial_tuned,10,mean,1,4000,-4.470348358154296,0.5017875968452854,0.5017875968452854
0,seeqst_binomial_tuned,10,mean,1,5000,-4.917383193969726,0.05475276102985571,0.05475276102985571
0,seeqst_binomial_tuned,10,mean,1,6000,-4.8677126566569004,0.10442329834268094,0.10442329834268094
0,seeqst_binomial_tuned,10,mean,1,7000,-5.19411904471261,-0.22198308971302882,0.22198308971302882
0,seeqst_binomial_tuned,10,mean,1,8000,-5.476176738739013,-0.5040407837394314,0.5040407837394314
0,seeqst_binomial_tuned,10,mean,1,9000,-5.546543333265515,-0.574407378265934,0.574407378265934
0,seeqst_binomial_tuned,10,mean,1,10000,-5.394220352172851,-0.4220843971732693,0.4220843971732693
1,pauli,10,mean,1,10,-23.849999999999984,-18.8778640450004,18.8778640450004
1,pauli,10,mean,1,30,-10.649999999999997,-5.677864045000415,5.677864045000415
1,pauli,10,mean,1,100,-10.732499999999995,-5.760364045000413,5.760364045000413
1,pauli,10,mean,1,300,-3.39,1.5821359549995813,1.5821359549995813
1,pauli,10,mean,1,1000,-7.377749999999999,-2.4056140450004175,2.4056140450004175
1,pauli,10,mean,1,2000,-6.618374999999999,-1.6462390450004172,1.6462390450004172
1,pauli,10,mean,1,3000,-5.2837499999999995,-0.3116140450004181,0.3116140450004181
1,pauli,10,mean,1,4000,-5.247562499999999,-0.27542654500041763,0.27542654500041763
1,pauli,10,mean,1,5000,-4.8325499999999995,0.13958595499958193,0.13958595499958193
1,pauli,10,mean,1,6000,-5.344874999999999,-0.37273904500041777,0.37273904500041777
1,pauli,10,mean,1,7000,-5.54367857142857,-0.5715426164289887,0.5715426164289887
1,pauli,10,mean,1,8000,-5.189906249999999,-0.21777029500041767,0.21777029500041767
1,pauli,10,mean,1,9000,-5.184499999999999,-0.2123640450004176,0.2123640450004176
1,pauli,10,mean,1,10000,-4.329674999999999,0.6424609549995823,0.6424609549995823
1,clifford,10,mean,1,10,1.0231815394945443e-13,4.9721359549996835,4.9721359549996835
1,clifford,10,mean,1,30,-8.54166666666661,-3.569530711667028,3.569530711667028
1,clifford,10,mean,1,100,-20.49999999999995,-15.527864045000369,15.527864045000369
1,clifford,10,mean,1,300,-12.812499999999972,-7.84036404500039,7.84036404500039
1,clifford,10,mean,1,1000,-11.78749999999998,-6.815364045000399,6.815364045000399
1,clifford,10,mean,1,2000,-8.840624999999987,-3.8684890450004055,3.8684890450004055
1,clifford,10,mean,1,3000,-6.74791666666666,-1.7757807116670783,1.7757807116670783
1,clifford,10,mean,1,4000,-7.751562499999994,-2.7794265450004128,2.7794265450004128
1,clifford,10,mean,1,5000,-7.943749999999995,-2.971614045000414,2.971614045000414
1,clifford,10,mean,1,6000,-7.21770833333333,-2.2455723783337485,2.2455723783337485
1,clifford,10,mean,1,7000,-6.8821428571428545,-1.910006902143273,1.910006902143273
1,clifford,10,mean,1,8000,-7.0789062499999975,-2.106770295000416,2.106770295000416
1,clifford,10,mean,1,9000,-6.890277777777776,-1.9181418227781943,1.9181418227781943
1,clifford,10,mean,1,10000,-6.8162499999999975,-1.844114045000416,1.844114045000416
1,seeqst_uniform,10,mean,1,10,-102.4,-97.42786404500042,97.42786404500042
1,seeqst_uniform,10,mean,1,30,-34.13333333333333,-29.161197378333753,29.161197378333753
1,seeqst_uniform,10,mean,1,100,-20.48,-15.507864045000419,15.507864045000419
1,seeqst_uniform,10,mean,1,300,-3.4133333333333336,1.5588026216662478,1.5588026216662478
1,seeqst_uniform,10,mean,1,1000,-4.096,0.8761359549995813,0.8761359549995813
1,seeqst_uniform,10,mean,1,2000,-7.168,-2.1958640450004188,2.1958640450004188
1,seeqst_uniform,10,mean,1,3000,-6.826666666666667,-1.8545307116670857,1.8545307116670857
1,seeqst_uniform,10,mean,1,4000,-6.656,-1.6838640450004183,1.6838640450004183
1,seeqst_uniform,10,mean,1,5000,-6.144,-1.1718640450004187,1.1718640450004187
1,seeqst_uniform,10,mean,1,6000,-5.632,-0.6598640450004183,0.6598640450004183
1,seeqst_uniform,10,mean,1,7000,-4.973714285714285,-0.0015783307147039238,0.0015783307147039238
1,seeqst_uniform,10,mean,1,8000,-4.48,0.49213595499958096,0.49213595499958096
1,seeqst_uniform,10,mean,1,9000,-3.982222222222222,0.9899137327773593,0.9899137327773593
1,seeqst_uniform,10,mean,1,10000,-3.9936,0.9785359549995816,0.9785359549995816
1,seeqst_binomial_q0.09091,10,mean,1,10,0.0,4.972135954999581,4.972135954999581
1,seeqst_binomial_q0.09091,10,mean,1,30,-8.645808201370828,-3.673672246371247,3.673672246371247
1,seeqst_binomial_q0.09091,10,mean,1,100,-5.187484920822496,-0.21534896582291463,0.21534896582291463
1,seeqst_binomial_q0.09091,10,mean,1,300,-1.7291616402741654,3.2429743147254158,3.2429743147254158
1,seeqst_binomial_q0.09091,10,mean,1,1000,-5.706233412904748,-0.7340974579051665,0.7340974579051665
1,seeqst_binomial_q0.09091,10,mean,1,2000,-4.5390493057196855,0.43308664927989593,0.43308664927989593
1,seeqst_binomial_q0.09091,10,mean,1,3000,-4.928110674781373,0.044025280218208174,0.044025280218208174
1,seeqst_binomial_q0.09091,10,mean,1,4000,-5.4468591668636135,-0.4747232118640321,0.4747232118640321
1,seeqst_binomial_q0.09091,10,mean,1,5000,-4.928110674781362,0.04402528021821972,0.04402528021821972
1,seeqst_binomial_q0.09091,10,mean,1,6000,-5.144255879815627,-0.17211992481604543,0.17211992481604543
1,seeqst_binomial_q0.09091,10,mean,1,7000,-5.224538384542639,-0.252402429543058,0.252402429543058
1,seeqst_binomial_q0.09091,10,mean,1,8000,-4.733579990250512,0.23855596474906982,0.23855596474906982
1,seeqst_binomial_q0.09091,10,mean,1,9000,-4.899291314110116,0.07284464088946496,0.07284464088946496
1,seeqst_binomial_q0.09091,10,mean,1,10000,-4.876235825573127,0.09590012942645476,0.09590012942645476
1,seeqst_binomial_q0.5,10,mean,1,10,0.0,4.972135954999581,4.972135954999581
1,seeqst_binomial_q0.5,10,mean,1,30,0.0,4.972135954999581,4.972135954999581
1,seeqst_binomial_q0.5,10,mean,1,100,0.0,4.972135954999581,4.972135954999581
1,seeqst_binomial_q0.5,10,mean,1,300,-6.826666666666667,-1.8545307116670857,1.8545307116670857
1,seeqst_binomial_q0.5,10,mean,1,1000,-6.144,-1.1718640450004187,1.1718640450004187
1,seeqst_binomial_q0.5,10,mean,1,2000,-3.584,1.3881359549995813,1.3881359549995813
1,seeqst_binomial_q0.5,10,mean,1,3000,-6.144,-1.1718640450004187,1.1718640450004187
1,seeqst_binomial_q0.5,10,mean,1,4000,-5.632,-0.6598640450004183,0.6598640450004183
1,seeqst_binomial_q0.5,10,mean,1,5000,-4.9152,0.05693595499958182,0.05693595499958182
1,seeqst_binomial_q0.5,10,mean,1,6000,-4.608,0.36413595499958173,0.36413595499958173
1,seeqst_binomial_q0.5,10,mean,1,7000,-4.827428571428571,0.14470738357100998,0.14470738357100998
1,seeqst_binomial_q0.5,10,mean,1,8000,-5.632,-0.6598640450004183,0.6598640450004183
1,seeqst_binomial_q0.5,10,mean,1,9000,-5.347555555555555,-0.3754196005559738,0.3754196005559738
1,seeqst_binomial_q0.5,10,mean,1,10000,-5.4272,-0.45506404500041864,0.45506404500041864
1,seeqst_binomial_tuned,10,mean,1,10,-14.901161193847653,-9.929025238848071,9.929025238848071
1,seeqst_binomial_tuned,10,mean,1,30,-4.967053731282551,0.005082223717030487,0.005082223717030487
1,seeqst_binomial_tuned,10,mean,1,100,5.960464477539062,10.932600432538642,10.932600432538642
1,seeqst_binomial_tuned,10,mean,1,300,-1.4901161193847656,3.4820198356148158,3.4820198356148158
1,seeqst_binomial_tuned,10,mean,1,1000,-4.917383193969727,0.054752761029854824,0.054752761029854824
1,seeqst_binomial_tuned,10,mean,1,2000,-3.427267074584961,1.5448688804146204,1.5448688804146204
1,seeqst_binomial_tuned,10,mean,1,3000,-3.725290298461914,1.2468456565376673,1.2468456565376673
1,seeqst_binomial_tuned,10,mean,1,4000,-4.3585896492004395,0.6135463057991419,0.6135463057991419
1,seeqst_binomial_tuned,10,mean,1,5000,-4.470348358154297,0.5017875968452845,0.5017875968452845
1,seeqst_binomial_tuned,10,mean,1,6000,-4.544854164123535,0.42728179087604623,0.42728179087604623
1,seeqst_binomial_tuned,10,mean,1,7000,-4.257474626813616,0.7146613281859651,0.7146613281859651
1,seeqst_binomial_tuned,10,mean,1,8000,-4.190951585769653,0.7811843692299281,0.7811843692299281
1,seeqst_binomial_tuned,10,mean,1,9000,-4.271666208902995,0.7004697460965863,0.7004697460965863
1,seeqst_binomial_tuned,10,mean,1,10000,-4.276633262634277,0.695502692365304,0.695502692365304
2,pauli,10,mean,1,10,-4.724999999999998,0.24713595499958352,0.24713595499958352
2,pauli,10,mean,1,30,-3.074999999999998,1.8971359549995834,1.8971359549995834
2,pauli,10,mean,1,100,1.349999999999998,6.322135954999579,6.322135954999579
2,pauli,10,mean,1,300,-3.5325,1.4396359549995812,1.4396359549995812
2,pauli,10,mean,1,1000,-4.371749999999999,0.6003859549995827,0.6003859549995827
2,pauli,10,mean,1,2000,-3.15225,1.8198859549995814,1.8198859549995814
2,pauli,10,mean,1,3000,-2.142750000000001,2.8293859549995806,2.8293859549995806
2,pauli,10,mean,1,4000,-1.6048125000000006,3.367323454999581,3.367323454999581
2,pauli,10,mean,1,5000,-2.3670000000000004,2.605135954999581,2.605135954999581
2,pauli,10,mean,1,6000,-3.467625,1.5045109549995814,1.5045109549995814
2,pauli,10,mean,1,7000,-3.7645714285714287,1.2075645264281527,1.2075645264281527
2,pauli,10,mean,1,8000,-3.7456875,1.2264484549995815,1.2264484549995815
2,pauli,10,mean,1,9000,-5.908249999999999,-0.9361140450004175,0.9361140450004175
2,pauli,10,mean,1,10000,-6.068025,-1.0958890450004182,1.0958890450004182
2,clifford,10,mean,1,10,25.624999999999915,30.597135954999494,30.597135954999494
2,clifford,10,mean,1,30,-8.541666666666668,-3.5695307116670865,3.5695307116670865
2,clifford,10,mean,1,100,-10.249999999999991,-5.27786404500041,5.27786404500041
2,clifford,10,mean,1,300,-7.687499999999987,-2.7153640450004053,2.7153640450004053
2,clifford,10,mean,1,1000,-6.9187499999999815,-1.9466140450004001,1.9466140450004001
2,clifford,10,mean,1,2000,-7.046874999999989,-2.074739045000408,2.074739045000408
2,clifford,10,mean,1,3000,-6.064583333333326,-1.0924473783337447,1.0924473783337447
2,clifford,10,mean,1,4000,-5.637499999999995,-0.6653640450004135,0.6653640450004135
2,clifford,10,mean,1,5000,-5.329999999999996,-0.35786404500041424,0.35786404500041424
2,clifford,10,mean,1,6000,-5.16770833333333,-0.19557237833374863,0.19557237833374863
2,clifford,10,mean,1,7000,-5.198214285714283,-0.22607833071470118,0.22607833071470118
2,clifford,10,mean,1,8000,-4.900781249999997,0.0713547049995844,0.0713547049995844
2,clifford,10,mean,1,9000,-5.2104166666666645,-0.2382807116670831,0.2382807116670831
2,clifford,10,mean,1,10000,-4.791874999999997,0.18026095499958394,0.18026095499958394
2,seeqst_uniform,10,mean,1,10,0.0,4.972135954999581,4.972135954999581
2,seeqst_uniform,10,mean,1,30,0.0,4.972135954999581,4.972135954999581
2,seeqst_uniform,10,mean,1,100,10.24,15.212135954999582,15.212135954999582
2,seeqst_uniform,10,mean,1,300,0.0,4.972135954999581,4.972135954999581
2,seeqst_uniform,10,mean,1,1000,-7.168,-2.1958640450004188,2.1958640450004188
2,seeqst_uniform,10,mean,1,2000,-4.608,0.36413595499958173,0.36413595499958173
2,seeqst_uniform,10,mean,1,3000,-4.778666666666667,0.19346928833291432,0.19346928833291432
2,seeqst_uniform,10,mean,1,4000,-4.096,0.8761359549995813,0.8761359549995813
2,seeqst_uniform,10,mean,1,5000,-4.9152,0.05693595499958182,0.05693595499958182
2,seeqst_uniform,10,mean,1,6000,-4.608,0.36413595499958173,0.36413595499958173
2,seeqst_uniform,10,mean,1,7000,-4.973714285714285,-0.0015783307147039238,0.0015783307147039238
2,seeqst_uniform,10,mean,1,8000,-5.248,-0.27586404500041883,0.27586404500041883
2,seeqst_uniform,10,mean,1,9000,-4.892444444444444,0.07969151055513723,0.07969151055513723
2,seeqst_uniform,10,mean,1,10000,-4.4032,0.5689359549995814,0.5689359549995814
2,seeqst_binomial_q0.09091,10,mean,1,10,-25.937424604112483,-20.9652886491129,20.9652886491129
2,seeqst_binomial_q0.09091,10,mean,1,30,-17.291616402741656,-12.319480447742075,12.319480447742075
2,seeqst_binomial_q0.09091,10,mean,1,100,-2.593742460411248,2.3783934945883334,2.3783934945883334
2,seeqst_binomial_q0.09091,10,mean,1,300,-6.916646561096663,-1.944510606097082,1.944510606097082
2,seeqst_binomial_q0.09091,10,mean,1,1000,-3.112490952493499,1.8596450025060824,1.8596450025060824
2,seeqst_binomial_q0.09091,10,mean,1,2000,-4.928110674781373,0.044025280218208174,0.044025280218208174
2,seeqst_binomial_q0.09091,10,mean,1,3000,-4.668736428740249,0.30339952625933275,0.30339952625933275
2,seeqst_binomial_q0.09091,10,mean,1,4000,-4.214831498168278,0.757304456831303,0.757304456831303
2,seeqst_binomial_q0.09091,10,mean,1,5000,-4.201862785866217,0.7702731691333646,0.7702731691333646
2,seeqst_binomial_q0.09091,10,mean,1,6000,-4.798423551760797,0.17371240323878467,0.17371240323878467
2,seeqst_binomial_q0.09091,10,mean,1,7000,-4.594629501299912,0.3775064536996693,0.3775064536996693
2,seeqst_binomial_q0.09091,10,mean,1,8000,-4.701158209495371,0.2709777455042106,0.2709777455042106
2,seeqst_binomial_q0.09091,10,mean,1,9000,-4.582278346726521,0.3898576082730605,0.3898576082730605
2,seeqst_binomial_q0.09091,10,mean,1,10000,-4.772486127156677,0.19964982784290441,0.19964982784290441
2,seeqst_binomial_q0.5,10,mean,1,10,0.0,4.972135954999581,4.972135954999581
2,seeqst_binomial_q0.5,10,mean,1,30,0.0,4.972135954999581,4.972135954999581
2,seeqst_binomial_q0.5,10,mean,1,100,-20.48,-15.507864045000419,15.507864045000419
2,seeqst_binomial_q0.5,10,mean,1,300,-10.24,-5.267864045000419,5.267864045000419
2,seeqst_binomial_q0.5,10,mean,1,1000,-2.048,2.9241359549995813,2.9241359549995813
2,seeqst_binomial_q0.5,10,mean,1,2000,-3.072,1.9001359549995813,1.9001359549995813
2,seeqst_binomial_q0.5,10,mean,1,3000,-4.778666666666667,0.19346928833291432,0.19346928833291432
2,seeqst_binomial_q0.5,10,mean,1,4000,-4.864,0.10813595499958151,0.10813595499958151
2,seeqst_binomial_q0.5,10,mean,1,5000,-5.5296,-0.5574640450004189,0.5574640450004189
2,seeqst_binomial_q0.5,10,mean,1,6000,-5.12,-0.14786404500041872,0.14786404500041872
2,seeqst_binomial_q0.5,10,mean,1,7000,-5.266285714285714,-0.29414975928613263,0.29414975928613263
2,seeqst_binomial_q0.5,10,mean,1,8000,-4.352,0.6201359549995811,0.6201359549995811
2,seeqst_binomial_q0.5,10,mean,1,9000,-5.575111111111111,-0.6029751561115297,0.6029751561115297
2,seeqst_binomial_q0.5,10,mean,1,10000,-5.5296,-0.5574640450004189,0.5574640450004189
2,seeqst_binomial_tuned,10,mean,1,10,14.901161193847653,19.873297148847236,19.873297148847236
2,seeqst_binomial_tuned,10,mean,1,30,-4.967053731282551,0.005082223717030487,0.005082223717030487
2,seeqst_binomial_tuned,10,mean,1,100,0.0,4.972135954999581,4.972135954999581
2,seeqst_binomial_tuned,10,mean,1,300,-4.470348358154296,0.5017875968452854,0.5017875968452854
2,seeqst_binomial_tuned,10,mean,1,1000,-4.172325134277343,0.7998108207222385,0.7998108207222385
2,seeqst_binomial_tuned,10,mean,1,2000,-4.693865776062011,0.27827017893757056,0.27827017893757056
2,seeqst_binomial_tuned,10,mean,1,3000,-5.116065343221028,-0.14392938822144696,0.14392938822144696
2,seeqst_binomial_tuned,10,mean,1,4000,-5.029141902923583,-0.05700594792400171,0.05700594792400171
2,seeqst_binomial_tuned,10,mean,1,5000,-4.917383193969726,0.05475276102985571,0.05475276102985571
2,seeqst_binomial_tuned,10,mean,1,6000,-4.991888999938964,-0.01975304493938257,0.01975304493938257
2,seeqst_binomial_tuned,10,mean,1,7000,-5.1728316715785425,-0.20069571657896113,0.20069571657896113
2,seeqst_binomial_tuned,10,mean,1,8000,-4.991888999938964,-0.01975304493938257,0.01975304493938257
2,seeqst_binomial_tuned,10,mean,1,9000,-4.950496885511609,0.02163906948797223,0.02163906948797223
2,seeqst_binomial_tuned,10,mean,1,10000,-4.82797622680664,0.14415972819294165,0.14415972819294165
3,pauli,10,mean,1,10,-2.2499999999999996,2.722135954999582,2.722135954999582
3,pauli,10,mean,1,30,-9.749999999999995,-4.777864045000413,4.777864045000413
3,pauli,10,mean,1,100,-17.347499999999993,-12.375364045000412,12.375364045000412
3,pauli,10,mean,1,300,-10.777499999999996,-5.805364045000415,5.805364045000415
3,pauli,10,mean,1,1000,-8.275499999999997,-3.303364045000416,3.303364045000416
3,pauli,10,mean,1,2000,-6.691499999999999,-1.7193640450004173,1.7193640450004173
3,pauli,10,mean,1,3000,-3.18675,1.7853859549995814,1.7853859549995814
3,pauli,10,mean,1,4000,-4.601812499999999,0.37032345499958197,0.37032345499958197
3,pauli,10,mean,1,5000,-5.171399999999998,-0.19926404500041706,0.19926404500041706
3,pauli,10,mean,1,6000,-5.461874999999999,-0.48973904500041776,0.48973904500041776
3,pauli,10,mean,1,7000,-5.088857142857142,-0.1167211878575607,0.1167211878575607
3,pauli,10,mean,1,8000,-5.900906249999999,-0.928770295000418,0.928770295000418
3,pauli,10,mean,1,9000,-5.422499999999999,-0.45036404500041805,0.45036404500041805
3,pauli,10,mean,1,10000,-5.505525,-0.5333890450004182,0.5333890450004182
3,clifford,10,mean,1,10,25.624999999999932,30.597135954999516,30.597135954999516
3,clifford,10,mean,1,30,-8.54166666666668,-3.569530711667099,3.569530711667099
3,clifford,10,mean,1,100,-12.812499999999984,-7.840364045000403,7.840364045000403
3,clifford,10,mean,1,300,-5.979166666666657,-1.0070307116670758,1.0070307116670758
3,clifford,10,mean,1,1000,-6.40624999999999,-1.4341140450004088,1.4341140450004088
3,clifford,10,mean,1,2000,-7.046874999999994,-2.0747390450004124,2.0747390450004124
3,clifford,10,mean,1,3000,-7.345833333333329,-2.3736973783337474,2.3736973783337474
3,clifford,10,mean,1,4000,-7.3671874999999964,-2.395051545000415,2.395051545000415
3,clifford,10,mean,1,5000,-6.969999999999997,-1.9978640450004157,1.9978640450004157
3,clifford,10,mean,1,6000,-6.9187499999999975,-1.9466140450004161,1.9466140450004161
3,clifford,10,mean,1,7000,-6.003571428571426,-1.031435473571845,1.031435473571845
3,clifford,10,mean,1,8000,-5.797656249999998,-0.825520295000417,0.825520295000417
3,clifford,10,mean,1,9000,-5.466666666666665,-0.4945307116670836,0.4945307116670836
3,clifford,10,mean,1,10000,-5.688749999999999,-0.7166140450004175,0.7166140450004175
3,seeqst_uniform,10,mean,1,10,0.0,4.972135954999581,4.972135954999581
3,seeqst_uniform,10,mean,1,30,0.0,4.972135954999581,4.972135954999581
3,seeqst_uniform,10,mean,1,100,0.0,4.972135954999581,4.972135954999581
3,seeqst_uniform,10,mean,1,300,-10.24,-5.267864045000419,5.267864045000419
3,seeqst_uniform,10,mean,1,1000,-8.192,-3.219864045000419,3.219864045000419
3,seeqst_uniform,10,mean,1,2000,-5.632,-0.6598640450004183,0.6598640450004183
3,seeqst_uniform,10,mean,1,3000,-6.144,-1.1718640450004187,1.1718640450004187
3,seeqst_uniform,10,mean,1,4000,-5.12,-0.14786404500041872,0.14786404500041872
3,seeqst_uniform,10,mean,1,5000,-4.096,0.8761359549995813,0.8761359549995813
3,seeqst_uniform,10,mean,1,6000,-4.437333333333333,0.5348026216662483,0.5348026216662483
3,seeqst_uniform,10,mean,1,7000,-4.6811428571428575,0.2909930978567239,0.2909930978567239
3,seeqst_uniform,10,mean,1,8000,-5.248,-0.27586404500041883,0.27586404500041883
3,seeqst_uniform,10,mean,1,9000,-5.12,-0.14786404500041872,0.14786404500041872
3,seeqst_uniform,10,mean,1,10000,-5.2224,-0.250264045000419,0.250264045000419
3,seeqst_binomial_q0.09091,10,mean,1,10,0.0,4.972135954999581,4.972135954999581
3,seeqst_binomial_q0.09091,10,mean,1,30,-8.645808201370828,-3.673672246371247,3.673672246371247
3,seeqst_binomial_q0.09091,10,mean,1,100,-2.593742460411248,2.3783934945883334,2.3783934945883334
3,seeqst_binomial_q0.09091,10,mean,1,300,-3.458323280548331,1.5138126744512506,1.5138126744512506
3,seeqst_binomial_q0.09091,10,mean,1,1000,-6.4843561510281225,-1.512220196028541,1.512220196028541
3,seeqst_binomial_q0.09091,10,mean,1,2000,-5.706233412904748,-0.7340974579051665,0.7340974579051665
3,seeqst_binomial_q0.09091,10,mean,1,3000,-6.052065740959577,-1.0799297859599957,1.0799297859599957
3,seeqst_binomial_q0.09091,10,mean,1,4000,-5.96560765894586,-0.9934717039462786,0.9934717039462786
3,seeqst_binomial_q0.09091,10,mean,1,5000,-6.3806064526116515,-1.40847049761207,1.40847049761207
3,seeqst_binomial_q0.09091,10,mean,1,6000,-5.965607658945851,-0.9934717039462697,0.9934717039462697
3,seeqst_binomial_q0.09091,10,mean,1,7000,-5.780340340345046,-0.8082043853454648,0.8082043853454648
3,seeqst_binomial_q0.09091,10,mean,1,8000,-5.4468591668636,-0.4747232118640188,0.4747232118640188
3,seeqst_binomial_q0.09091,10,mean,1,9000,-5.187484920822476,-0.2153489658228942,0.2153489658228942
3,seeqst_binomial_q0.09091,10,mean,1,10000,-5.135610071614249,-0.16347411661466804,0.16347411661466804
3,seeqst_binomial_q0.5,10,mean,1,10,0.0,4.972135954999581,4.972135954999581
3,seeqst_binomial_q0.5,10,mean,1,30,0.0,4.972135954999581,4.972135954999581
3,seeqst_binomial_q0.5,10,mean,1,100,0.0,4.972135954999581,4.972135954999581
3,seeqst_binomial_q0.5,10,mean,1,300,3.4133333333333336,8.385469288332915,8.385469288332915
3,seeqst_binomial_q0.5,10,mean,1,1000,-5.12,-0.14786404500041872,0.14786404500041872
3,seeqst_binomial_q0.5,10,mean,1,2000,-3.072,1.9001359549995813,1.9001359549995813
3,seeqst_binomial_q0.5,10,mean,1,3000,-1.7066666666666668,3.2654692883329144,3.2654692883329144
3,seeqst_binomial_q0.5,10,mean,1,4000,-4.608,0.36413595499958173,0.36413595499958173
3,seeqst_binomial_q0.5,10,mean,1,5000,-4.9152,0.05693595499958182,0.05693595499958182
3,seeqst_binomial_q0.5,10,mean,1,6000,-4.608,0.36413595499958173,0.36413595499958173
3,seeqst_binomial_q0.5,10,mean,1,7000,-4.388571428571429,0.5835645264281526,0.5835645264281526
3,seeqst_binomial_q0.5,10,mean,1,8000,-4.096,0.8761359549995813,0.8761359549995813
3,seeqst_binomial_q0.5,10,mean,1,9000,-3.7546666666666666,1.2174692883329148,1.2174692883329148
3,seeqst_binomial_q0.5,10,mean,1,10000,-3.584,1.3881359549995813,1.3881359549995813
3,seeqst_binomial_tuned,10,mean,1,10,0.0,4.972135954999581,4.972135954999581
3,seeqst_binomial_tuned,10,mean,1,30,-4.967053731282551,0.005082223717030487,0.005082223717030487
3,seeqst_binomial_tuned,10,mean,1,100,-4.470348358154296,0.5017875968452854,0.5017875968452854
3,seeqst_binomial_tuned,10,mean,1,300,-8.940696716308592,-3.9685607613090106,3.9685607613090106
3,seeqst_binomial_tuned,10,mean,1,1000,-6.258487701416015,-1.2863517464164334,1.2863517464164334
3,seeqst_binomial_tuned,10,mean,1,2000,-4.842877388000487,0.129258566999094,0.129258566999094
3,seeqst_binomial_tuned,10,mean,1,3000,-4.321336746215819,0.650799208783762,0.650799208783762
3,seeqst_binomial_tuned,10,mean,1,4000,-4.2840838432312,0.6880521117683811,0.6880521117683811
3,seeqst_binomial_tuned,10,mean,1,5000,-4.410743713378905,0.561392241620676,0.561392241620676
3,seeqst_binomial_tuned,10,mean,1,6000,-4.122654596964518,0.8494813580350637,0.8494813580350637
3,seeqst_binomial_tuned,10,mean,1,7000,-4.1936125074114114,0.7785234475881699,0.7785234475881699
3,seeqst_binomial_tuned,10,mean,1,8000,-4.358589649200439,0.6135463057991428,0.6135463057991428
3,seeqst_binomial_tuned,10,mean,1,9000,-4.404120975070529,0.5680149799290524,0.5680149799290524
3,seeqst_binomial_tuned,10,mean,1,10000,-4.678964614868163,0.2931713401314182,0.2931713401314182
4,pauli,10,mean,1,10,-4.049999999999996,0.9221359549995851,0.9221359549995851
4,pauli,10,mean,1,30,4.049999999999996,9.022135954999577,9.022135954999577
4,pauli,10,mean,1,100,-4.567499999999999,0.4046359549995824,0.4046359549995824
4,pauli,10,mean,1,300,1.2974999999999985,6.26963595499958,6.26963595499958
4,pauli,10,mean,1,1000,-2.1262500000000006,2.8458859549995807,2.8458859549995807
4,pauli,10,mean,1,2000,-3.675375,1.2967609549995815,1.2967609549995815
4,pauli,10,mean,1,3000,-4.8765,0.09563595499958133,0.09563595499958133
4,pauli,10,mean,1,4000,-4.5995625,0.37257345499958117,0.37257345499958117
4,pauli,10,mean,1,5000,-4.60665,0.36548595499958125,0.36548595499958125
4,pauli,10,mean,1,6000,-4.745625,0.22651095499958096,0.22651095499958096
4,pauli,10,mean,1,7000,-4.1245714285714286,0.8475645264281528,0.8475645264281528
4,pauli,10,mean,1,8000,-4.3104375,0.6616984549995815,0.6616984549995815
4,pauli,10,mean,1,9000,-4.464,0.508135954999581,0.508135954999581
4,pauli,10,mean,1,10000,-4.705875,0.2662609549995816,0.2662609549995816
4,clifford,10,mean,1,10,25.62499999999996,30.597135954999544,30.597135954999544
4,clifford,10,mean,1,30,-8.541666666666627,-3.5695307116670456,3.5695307116670456
4,clifford,10,mean,1,100,-10.249999999999968,-5.277864045000387,5.277864045000387
4,clifford,10,mean,1,300,-9.395833333333314,-4.423697378333733,4.423697378333733
4,clifford,10,mean,1,1000,-8.712499999999986,-3.7403640450004048,3.7403640450004048
4,clifford,10,mean,1,2000,-8.58437499999999,-3.6122390450004094,3.6122390450004094
4,clifford,10,mean,1,3000,-6.406249999999994,-1.4341140450004124,1.4341140450004124
4,clifford,10,mean,1,4000,-6.470312499999994,-1.4981765450004128,1.4981765450004128
4,clifford,10,mean,1,5000,-6.354999999999995,-1.3828640450004137,1.3828640450004137
4,clifford,10,mean,1,6000,-6.320833333333328,-1.348697378333747,1.348697378333747
4,clifford,10,mean,1,7000,-6.003571428571425,-1.0314354735718432,1.0314354735718432
4,clifford,10,mean,1,8000,-5.637499999999997,-0.6653640450004152,0.6653640450004152
4,clifford,10,mean,1,9000,-5.950694444444442,-0.9785584894448602,0.9785584894448602
4,clifford,10,mean,1,10000,-5.5349999999999975,-0.5628640450004161,0.5628640450004161
4,seeqst_uniform,10,mean,1,10,0.0,4.972135954999581,4.972135954999581
4,seeqst_uniform,10,mean,1,30,0.0,4.972135954999581,4.972135954999581
4,seeqst_uniform,10,mean,1,100,0.0,4.972135954999581,4.972135954999581
4,seeqst_uniform,10,mean,1,300,0.0,4.972135954999581,4.972135954999581
4,seeqst_uniform,10,mean,1,1000,-7.168,-2.1958640450004188,2.1958640450004188
4,seeqst_uniform,10,mean,1,2000,-6.656,-1.6838640450004183,1.6838640450004183
4,seeqst_uniform,10,mean,1,3000,-6.144,-1.1718640450004187,1.1718640450004187
4,seeqst_uniform,10,mean,1,4000,-5.888,-0.9158640450004185,0.9158640450004185
4,seeqst_uniform,10,mean,1,5000,-6.3488,-1.3766640450004184,1.3766640450004184
4,seeqst_uniform,10,mean,1,6000,-7.168,-2.1958640450004188,2.1958640450004188
4,seeqst_uniform,10,mean,1,7000,-6.582857142857143,-1.6107211878575614,1.6107211878575614
4,seeqst_uniform,10,mean,1,8000,-5.76,-0.7878640450004184,0.7878640450004184
4,seeqst_uniform,10,mean,1,9000,-5.688888888888889,-0.7167529338893077,0.7167529338893077
4,seeqst_uniform,10,mean,1,10000,-5.7344,-0.7622640450004186,0.7622640450004186
4,seeqst_binomial_q0.09091,10,mean,1,10,0.0,4.972135954999581,4.972135954999581
4,seeqst_binomial_q0.09091,10,mean,1,30,-17.291616402741656,-12.319480447742075,12.319480447742075
4,seeqst_binomial_q0.09091,10,mean,1,100,-10.374969841644992,-5.402833886645411,5.402833886645411
4,seeqst_binomial_q0.09091,10,mean,1,300,-6.052065740959581,-1.0799297859599992,1.0799297859599992
4,seeqst_binomial_q0.09091,10,mean,1,1000,-2.593742460411249,2.3783934945883325,2.3783934945883325
4,seeqst_binomial_q0.09091,10,mean,1,2000,-2.2046810913495616,2.76745486365002,2.76745486365002
4,seeqst_binomial_q0.09091,10,mean,1,3000,-3.5447813625620403,1.427354592437541,1.427354592437541
4,seeqst_binomial_q0.09091,10,mean,1,4000,-4.27967505967856,0.6924608953210214,0.6924608953210214
4,seeqst_binomial_q0.09091,10,mean,1,5000,-3.942488539825094,1.0296474151744874,1.0296474151744874
4,seeqst_binomial_q0.09091,10,mean,1,6000,-4.106758895651135,0.8653770593484467,0.8653770593484467
4,seeqst_binomial_q0.09091,10,mean,1,7000,-4.335255255258788,0.636880699740793,0.636880699740793
4,seeqst_binomial_q0.09091,10,mean,1,8000,-4.3445186211888265,0.6276173338107549,0.6276173338107549
4,seeqst_binomial_q0.09091,10,mean,1,9000,-4.178807297329219,0.7933286576703624,0.7933286576703624
4,seeqst_binomial_q0.09091,10,mean,1,10000,-4.461237031907329,0.5108989230922525,0.5108989230922525
4,seeqst_binomial_q0.5,10,mean,1,10,0.0,4.972135954999581,4.972135954999581
4,seeqst_binomial_q0.5,10,mean,1,30,34.13333333333333,39.10546928833291,39.10546928833291
4,seeqst_binomial_q0.5,10,mean,1,100,20.48,25.452135954999584,25.452135954999584
4,seeqst_binomial_q0.5,10,mean,1,300,0.0,4.972135954999581,4.972135954999581
4,seeqst_binomial_q0.5,10,mean,1,1000,-6.144,-1.1718640450004187,1.1718640450004187
4,seeqst_binomial_q0.5,10,mean,1,2000,-6.656,-1.6838640450004183,1.6838640450004183
4,seeqst_binomial_q0.5,10,mean,1,3000,-5.802666666666667,-0.8305307116670857,0.8305307116670857
4,seeqst_binomial_q0.5,10,mean,1,4000,-5.12,-0.14786404500041872,0.14786404500041872
4,seeqst_binomial_q0.5,10,mean,1,5000,-6.5536,-1.581464045000419,1.581464045000419
4,seeqst_binomial_q0.5,10,mean,1,6000,-6.997333333333334,-2.0251973783337522,2.0251973783337522
4,seeqst_binomial_q0.5,10,mean,1,7000,-6.144,-1.1718640450004187,1.1718640450004187
4,seeqst_binomial_q0.5,10,mean,1,8000,-5.504,-0.5318640450004182,0.5318640450004182
4,seeqst_binomial_q0.5,10,mean,1,9000,-5.688888888888889,-0.7167529338893077,0.7167529338893077
4,seeqst_binomial_q0.5,10,mean,1,10000,-5.4272,-0.45506404500041864,0.45506404500041864
4,seeqst_binomial_tuned,10,mean,1,10,0.0,4.972135954999581,4.972135954999581
4,seeqst_binomial_tuned,10,mean,1,30,-4.967053731282551,0.005082223717030487,0.005082223717030487
4,seeqst_binomial_tuned,10,mean,1,100,-4.470348358154296,0.5017875968452854,0.5017875968452854
4,seeqst_binomial_tuned,10,mean,1,300,-5.960464477539062,-0.9883285225394802,0.9883285225394802
4,seeqst_binomial_tuned,10,mean,1,1000,-4.6193599700927725,0.35277598490680884,0.35277598490680884
4,seeqst_binomial_tuned,10,mean,1,2000,-5.066394805908202,-0.09425885090862085,0.09425885090862085
4,seeqst_binomial_tuned,10,mean,1,3000,-5.364418029785155,-0.392282074785574,0.392282074785574
4,seeqst_binomial_tuned,10,mean,1,4000,-4.656612873077392,0.3155230819221897,0.3155230819221897
4,seeqst_binomial_tuned,10,mean,1,5000,-4.768371582031249,0.20376437296833227,0.20376437296833227
4,seeqst_binomial_tuned,10,mean,1,6000,-4.718701044718424,0.2534349102811575,0.2534349102811575
4,seeqst_binomial_tuned,10,mean,1,7000,-4.917383193969726,0.05475276102985571,0.05475276102985571
4,seeqst_binomial_tuned,10,mean,1,8000,-4.675239324569701,0.2968966304298801,0.2968966304298801
4,seeqst_binomial_tuned,10,mean,1,9000,-4.602803124321831,0.3693328306777506,0.3693328306777506
4,seeqst_binomial_tuned,10,mean,1,10000,-4.589557647705077,0.38257830729450415,0.38257830729450415
5,pauli,10,mean,1,10,0.4499999999999991,5.422135954999581,5.422135954999581
5,pauli,10,mean,1,30,-0.675,4.297135954999582,4.297135954999582
5,pauli,10,mean,1,100,-5.309999999999997,-0.33786404500041556,0.33786404500041556
5,pauli,10,mean,1,300,-3.344999999999999,1.6271359549995825,1.6271359549995825
5,pauli,10,mean,1,1000,-6.243749999999998,-1.2716140450004163,1.2716140450004163
5,pauli,10,mean,1,2000,-6.257249999999997,-1.285114045000416,1.285114045000416
5,pauli,10,mean,1,3000,-5.994749999999997,-1.0226140450004158,1.0226140450004158
5,pauli,10,mean,1,4000,-7.439624999999999,-2.467489045000417,2.467489045000417
5,pauli,10,mean,1,5000,-6.700949999999999,-1.7288140450004175,1.7288140450004175
5,pauli,10,mean,1,6000,-5.923124999999999,-0.9509890450004175,0.9509890450004175
5,pauli,10,mean,1,7000,-5.728821428571427,-0.7566854735718458,0.7566854735718458
5,pauli,10,mean,1,8000,-5.776593749999999,-0.8044577950004177,0.8044577950004177
5,pauli,10,mean,1,9000,-6.0264999999999995,-1.0543640450004181,1.0543640450004181
5,pauli,10,mean,1,10000,-6.853949999999998,-1.881814045000417,1.881814045000417
5,clifford,10,mean,1,10,-25.62499999999983,-20.65286404500025,20.65286404500025
5,clifford,10,mean,1,30,-17.083333333333233,-12.111197378333651,12.111197378333651
5,clifford,10,mean,1,100,-17.937499999999936,-12.965364045000355,12.965364045000355
5,clifford,10,mean,1,300,-6.833333333333309,-1.8611973783337277,1.8611973783337277
5,clifford,10,mean,1,1000,-3.8437499999999916,1.1283859549995898,1.1283859549995898
5,clifford,10,mean,1,2000,-2.4343749999999957,2.5377609549995856,2.5377609549995856
5,clifford,10,mean,1,3000,-4.44166666666666,0.5304692883329212,0.5304692883329212
5,clifford,10,mean,1,4000,-4.804687499999994,0.1674484549995876,0.1674484549995876
5,clifford,10,mean,1,5000,-4.202499999999995,0.7696359549995861,0.7696359549995861
5,clifford,10,mean,1,6000,-4.740624999999995,0.23151095499958618,0.23151095499958618
5,clifford,10,mean,1,7000,-5.088392857142853,-0.116256902143272,0.116256902143272
5,clifford,10,mean,1,8000,-4.612499999999996,0.3596359549995851,0.3596359549995851
5,clifford,10,mean,1,9000,-4.384722222222219,0.5874137327773621,0.5874137327773621
5,clifford,10,mean,1,10000,-4.304999999999997,0.6671359549995843,0.6671359549995843
5,seeqst_uniform,10,mean,1,10,0.0,4.972135954999581,4.972135954999581
5,seeqst_uniform,10,mean,1,30,0.0,4.972135954999581,4.972135954999581
5,seeqst_uniform,10,mean,1,100,0.0,4.972135954999581,4.972135954999581
5,seeqst_uniform,10,mean,1,300,-6.826666666666667,-1.8545307116670857,1.8545307116670857
5,seeqst_uniform,10,mean,1,1000,-3.072,1.9001359549995813,1.9001359549995813
5,seeqst_uniform,10,mean,1,2000,-1.024,3.9481359549995814,3.9481359549995814
5,seeqst_uniform,10,mean,1,3000,-3.4133333333333336,1.5588026216662478,1.5588026216662478
5,seeqst_uniform,10,mean,1,4000,-4.096,0.8761359549995813,0.8761359549995813
5,seeqst_uniform,10,mean,1,5000,-5.3248,-0.35266404500041837,0.35266404500041837
5,seeqst_uniform,10,mean,1,6000,-5.632,-0.6598640450004183,0.6598640450004183
5,seeqst_uniform,10,mean,1,7000,-5.266285714285714,-0.29414975928613263,0.29414975928613263
5,seeqst_uniform,10,mean,1,8000,-4.864,0.10813595499958151,0.10813595499958151
5,seeqst_uniform,10,mean,1,9000,-5.461333333333333,-0.48919737833375176,0.48919737833375176
5,seeqst_uniform,10,mean,1,10000,-5.632,-0.6598640450004183,0.6598640450004183
5,seeqst_binomial_q0.09091,10,mean,1,10,0.0,4.972135954999581,4.972135954999581
5,seeqst_binomial_q0.09091,10,mean,1,30,0.0,4.972135954999581,4.972135954999581
5,seeqst_binomial_q0.09091,10,mean,1,100,-7.7812273812337445,-2.809091426234163,2.809091426234163
5,seeqst_binomial_q0.09091,10,mean,1,300,-10.374969841644996,-5.402833886645414,5.402833886645414
5,seeqst_binomial_q0.09091,10,mean,1,1000,-5.706233412904748,-0.7340974579051665,0.7340974579051665
5,seeqst_binomial_q0.09091,10,mean,1,2000,-5.31717204384306,-0.3450360888434787,0.3450360888434787
5,seeqst_binomial_q0.09091,10,mean,1,3000,-5.619775330891039,-0.6476393758914574,0.6476393758914574
5,seeqst_binomial_q0.09091,10,mean,1,4000,-6.549199712538387,-1.5770637575388058,1.5770637575388058
5,seeqst_binomial_q0.09091,10,mean,1,5000,-5.913732809737629,-0.941596854738048,0.941596854738048
5,seeqst_binomial_q0.09091,10,mean,1,6000,-5.663004371897874,-0.6908684168982928,0.6908684168982928
5,seeqst_binomial_q0.09091,10,mean,1,7000,-5.2615918482628,-0.2894558932632183,0.2894558932632183
5,seeqst_binomial_q0.09091,10,mean,1,8000,-5.122641359312196,-0.1505054043126144,0.1505054043126144
5,seeqst_binomial_q0.09091,10,mean,1,9000,-4.812833232096408,0.15930272290317316,0.15930272290317316
5,seeqst_binomial_q0.09091,10,mean,1,10000,-5.161547496218362,-0.18941154121878068,0.18941154121878068
5,seeqst_binomial_q0.5,10,mean,1,10,0.0,4.972135954999581,4.972135954999581
5,seeqst_binomial_q0.5,10,mean,1,30,34.13333333333333,39.10546928833291,39.10546928833291
5,seeqst_binomial_q0.5,10,mean,1,100,10.24,15.212135954999582,15.212135954999582
5,seeqst_binomial_q0.5,10,mean,1,300,-6.826666666666667,-1.8545307116670857,1.8545307116670857
5,seeqst_binomial_q0.5,10,mean,1,1000,-4.096,0.8761359549995813,0.8761359549995813
5,seeqst_binomial_q0.5,10,mean,1,2000,-2.56,2.4121359549995813,2.4121359549995813
5,seeqst_binomial_q0.5,10,mean,1,3000,-4.778666666666667,0.19346928833291432,0.19346928833291432
5,seeqst_binomial_q0.5,10,mean,1,4000,-6.4,-1.427864045000419,1.427864045000419
5,seeqst_binomial_q0.5,10,mean,1,5000,-6.144,-1.1718640450004187,1.1718640450004187
5,seeqst_binomial_q0.5,10,mean,1,6000,-5.802666666666667,-0.8305307116670857,0.8305307116670857
5,seeqst_binomial_q0.5,10,mean,1,7000,-5.851428571428571,-0.87929261642899,0.87929261642899
5,seeqst_binomial_q0.5,10,mean,1,8000,-5.248,-0.27586404500041883,0.27586404500041883
5,seeqst_binomial_q0.5,10,mean,1,9000,-5.347555555555555,-0.3754196005559738,0.3754196005559738
5,seeqst_binomial_q0.5,10,mean,1,10000,-5.5296,-0.5574640450004189,0.5574640450004189
5,seeqst_binomial_tuned,10,mean,1,10,0.0,4.972135954999581,4.972135954999581
5,seeqst_binomial_tuned,10,mean,1,30,-4.967053731282551,0.005082223717030487,0.005082223717030487
5,seeqst_binomial_tuned,10,mean,1,100,-4.470348358154296,0.5017875968452854,0.5017875968452854
5,seeqst_binomial_tuned,10,mean,1,300,-5.960464477539062,-0.9883285225394802,0.9883285225394802
5,seeqst_binomial_tuned,10,mean,1,1000,-4.6193599700927725,0.35277598490680884,0.35277598490680884
5,seeqst_binomial_tuned,10,mean,1,2000,-5.438923835754394,-0.46678788075481226,0.46678788075481226
5,seeqst_binomial_tuned,10,mean,1,3000,-4.818042119344075,0.15409383565550616,0.15409383565550616
5,seeqst_binomial_tuned,10,mean,1,4000,-5.066394805908202,-0.09425885090862085,0.09425885090862085
5,seeqst_binomial_tuned,10,mean,1,5000,-5.364418029785155,-0.392282074785574,0.392282074785574
5,seeqst_binomial_tuned,10,mean,1,6000,-4.768371582031249,0.20376437296833227,0.20376437296833227
5,seeqst_binomial_tuned,10,mean,1,7000,-4.959957940237862,0.012178014761719425,0.012178014761719425
5,seeqst_binomial_tuned,10,mean,1,8000,-5.085021257400512,-0.11288530240093042,0.11288530240093042
5,seeqst_binomial_tuned,10,mean,1,9000,-5.1160653432210275,-0.14392938822144608,0.14392938822144608
5,seeqst_binomial_tuned,10,mean,1,10000,-5.006790161132812,-0.034654206133230225,0.034654206133230225
6,pauli,10,mean,1,10,-4.724999999999996,0.2471359549995853,0.2471359549995853
6,pauli,10,mean,1,30,-3.9749999999999988,0.9971359549995826,0.9971359549995826
6,pauli,10,mean,1,100,-2.655,2.3171359549995816,2.3171359549995816
6,pauli,10,mean,1,300,-0.1800000000000024,4.792135954999579,4.792135954999579
6,pauli,10,mean,1,1000,-0.2947500000000023,4.677385954999579,4.677385954999579
6,pauli,10,mean,1,2000,-0.8662500000000012,4.1058859549995805,4.1058859549995805
6,pauli,10,mean,1,3000,-1.4632500000000008,3.5088859549995806,3.5088859549995806
6,pauli,10,mean,1,4000,-2.9289375000000004,2.043198454999581,2.043198454999581
6,pauli,10,mean,1,5000,-6.577649999999998,-1.605514045000417,1.605514045000417
6,pauli,10,mean,1,6000,-6.448874999999998,-1.476739045000417,1.476739045000417
6,pauli,10,mean,1,7000,-6.279749999999999,-1.3076140450004177,1.3076140450004177
6,pauli,10,mean,1,8000,-5.823843749999999,-0.8517077950004177,0.8517077950004177
6,pauli,10,mean,1,9000,-5.438249999999999,-0.46611404500041775,0.46611404500041775
6,pauli,10,mean,1,10000,-6.237899999999999,-1.2657640450004175,1.2657640450004175
6,clifford,10,mean,1,10,2.9775497647218907e-15,4.972135954999584,4.972135954999584
6,clifford,10,mean,1,30,-17.083333333333247,-12.111197378333665,12.111197378333665
6,clifford,10,mean,1,100,-10.249999999999973,-5.277864045000392,5.277864045000392
6,clifford,10,mean,1,300,-8.541666666666645,-3.5695307116670634,3.5695307116670634
6,clifford,10,mean,1,1000,-7.943749999999982,-2.9716140450004005,2.9716140450004005
6,clifford,10,mean,1,2000,-4.740624999999991,0.23151095499959062,0.23151095499959062
6,clifford,10,mean,1,3000,-5.893749999999994,-0.9216140450004122,0.9216140450004122
6,clifford,10,mean,1,4000,-5.637499999999995,-0.6653640450004135,0.6653640450004135
6,clifford,10,mean,1,5000,-4.663749999999996,0.30838595499958554,0.30838595499958554
6,clifford,10,mean,1,6000,-5.466666666666663,-0.49453071166708185,0.49453071166708185
6,clifford,10,mean,1,7000,-5.198214285714283,-0.22607833071470118,0.22607833071470118
6,clifford,10,mean,1,8000,-5.028906249999998,-0.056770295000416304,0.056770295000416304
6,clifford,10,mean,1,9000,-4.8972222222222195,0.07491373277736191,0.07491373277736191
6,clifford,10,mean,1,10000,-4.689374999999997,0.282760954999584,0.282760954999584
6,seeqst_uniform,10,mean,1,10,0.0,4.972135954999581,4.972135954999581
6,seeqst_uniform,10,mean,1,30,0.0,4.972135954999581,4.972135954999581
6,seeqst_uniform,10,mean,1,100,0.0,4.972135954999581,4.972135954999581
6,seeqst_uniform,10,mean,1,300,0.0,4.972135954999581,4.972135954999581
6,seeqst_uniform,10,mean,1,1000,-3.072,1.9001359549995813,1.9001359549995813
6,seeqst_uniform,10,mean,1,2000,-5.12,-0.14786404500041872,0.14786404500041872
6,seeqst_uniform,10,mean,1,3000,-6.826666666666667,-1.8545307116670857,1.8545307116670857
6,seeqst_uniform,10,mean,1,4000,-5.632,-0.6598640450004183,0.6598640450004183
6,seeqst_uniform,10,mean,1,5000,-4.9152,0.05693595499958182,0.05693595499958182
6,seeqst_uniform,10,mean,1,6000,-5.461333333333333,-0.48919737833375176,0.48919737833375176
6,seeqst_uniform,10,mean,1,7000,-6.436571428571429,-1.4644354735718474,1.4644354735718474
6,seeqst_uniform,10,mean,1,8000,-6.4,-1.427864045000419,1.427864045000419
6,seeqst_uniform,10,mean,1,9000,-5.688888888888889,-0.7167529338893077,0.7167529338893077
6,seeqst_uniform,10,mean,1,10000,-5.632,-0.6598640450004183,0.6598640450004183
6,seeqst_binomial_q0.09091,10,mean,1,10,-77.81227381233745,-72.84013785733787,72.84013785733787
6,seeqst_binomial_q0.09091,10,mean,1,30,-43.22904100685414,-38.25690505185456,38.25690505185456
6,seeqst_binomial_q0.09091,10,mean,1,100,-5.187484920822496,-0.21534896582291463,0.21534896582291463
6,seeqst_binomial_q0.09091,10,mean,1,300,-8.64580820137083,-3.6736722463712486,3.6736722463712486
6,seeqst_binomial_q0.09091,10,mean,1,1000,-8.040601627274873,-3.068465672275291,3.068465672275291
6,seeqst_binomial_q0.09091,10,mean,1,2000,-6.614043274048685,-1.6419073190491034,1.6419073190491034
6,seeqst_binomial_q0.09091,10,mean,1,3000,-5.706233412904746,-0.7340974579051647,0.7340974579051647
6,seeqst_binomial_q0.09091,10,mean,1,4000,-6.354669028007544,-1.3825330730079628,1.3825330730079628
6,seeqst_binomial_q0.09091,10,mean,1,5000,-5.861857960529405,-0.8897220055298236,0.8897220055298236
6,seeqst_binomial_q0.09091,10,mean,1,6000,-5.490088207870459,-0.5179522528708773,0.5179522528708773
6,seeqst_binomial_q0.09091,10,mean,1,7000,-5.29864531198296,-0.3265093569833786,0.3265093569833786
6,seeqst_binomial_q0.09091,10,mean,1,8000,-5.090219578557056,-0.11808362355747448,0.11808362355747448
6,seeqst_binomial_q0.09091,10,mean,1,9000,-5.01456875679506,-0.0424328017954787,0.0424328017954787
6,seeqst_binomial_q0.09091,10,mean,1,10000,-5.317172043843035,-0.3450360888434538,0.3450360888434538
6,seeqst_binomial_q0.5,10,mean,1,10,0.0,4.972135954999581,4.972135954999581
6,seeqst_binomial_q0.5,10,mean,1,30,0.0,4.972135954999581,4.972135954999581
6,seeqst_binomial_q0.5,10,mean,1,100,0.0,4.972135954999581,4.972135954999581
6,seeqst_binomial_q0.5,10,mean,1,300,-13.653333333333334,-8.681197378333753,8.681197378333753
6,seeqst_binomial_q0.5,10,mean,1,1000,-5.12,-0.14786404500041872,0.14786404500041872
6,seeqst_binomial_q0.5,10,mean,1,2000,-6.656,-1.6838640450004183,1.6838640450004183
6,seeqst_binomial_q0.5,10,mean,1,3000,-5.802666666666667,-0.8305307116670857,0.8305307116670857
6,seeqst_binomial_q0.5,10,mean,1,4000,-6.144,-1.1718640450004187,1.1718640450004187
6,seeqst_binomial_q0.5,10,mean,1,5000,-5.12,-0.14786404500041872,0.14786404500041872
6,seeqst_binomial_q0.5,10,mean,1,6000,-5.632,-0.6598640450004183,0.6598640450004183
6,seeqst_binomial_q0.5,10,mean,1,7000,-5.7051428571428575,-0.7330069021432761,0.7330069021432761
6,seeqst_binomial_q0.5,10,mean,1,8000,-5.376,-0.40386404500041895,0.40386404500041895
6,seeqst_binomial_q0.5,10,mean,1,9000,-5.575111111111111,-0.6029751561115297,0.6029751561115297
6,seeqst_binomial_q0.5,10,mean,1,10000,-6.4512,-1.4790640450004187,1.4790640450004187
6,seeqst_binomial_tuned,10,mean,1,10,0.0,4.972135954999581,4.972135954999581
6,seeqst_binomial_tuned,10,mean,1,30,-4.967053731282551,0.005082223717030487,0.005082223717030487
6,seeqst_binomial_tuned,10,mean,1,100,-5.960464477539062,-0.9883285225394802,0.9883285225394802
6,seeqst_binomial_tuned,10,mean,1,300,-6.4571698506673165,-1.4850338956677351,1.4850338956677351
6,seeqst_binomial_tuned,10,mean,1,1000,-6.109476089477538,-1.1373401344779568,1.1373401344779568
6,seeqst_binomial_tuned,10,mean,1,2000,-5.289912223815917,-0.3177762688163357,0.3177762688163357
6,seeqst_binomial_tuned,10,mean,1,3000,-4.221995671590169,0.7501402834094124,0.7501402834094124
6,seeqst_binomial_tuned,10,mean,1,4000,-4.433095455169677,0.5390404998299045,0.5390404998299045
6,seeqst_binomial_tuned,10,mean,1,5000,-4.7087669372558585,0.2633690177437229,0.2633690177437229
6,seeqst_binomial_tuned,10,mean,1,6000,-4.8677126566569004,0.10442329834268094,0.10442329834268094
6,seeqst_binomial_tuned,10,mean,1,7000,-4.832233701433453,0.1399022535661283,0.1399022535661283
6,seeqst_binomial_tuned,10,mean,1,8000,-4.600733518600463,0.3714024363991184,0.3714024363991184
6,seeqst_binomial_tuned,10,mean,1,9000,-4.900826348198784,0.07130960680079745,0.07130960680079745
6,seeqst_binomial_tuned,10,mean,1,10000,-4.798173904418944,0.17396205058063696,0.17396205058063696
7,pauli,10,mean,1,10,-13.049999999999994,-8.077864045000412,8.077864045000412
7,pauli,10,mean,1,30,-5.624999999999998,-0.6528640450004168,0.6528640450004168
7,pauli,10,mean,1,100,-18.11249999999999,-13.140364045000409,13.140364045000409
7,pauli,10,mean,1,300,-10.379999999999997,-5.407864045000416,5.407864045000416
7,pauli,10,mean,1,1000,-5.487749999999998,-0.515614045000417,0.515614045000417
7,pauli,10,mean,1,2000,-5.264999999999998,-0.2928640450004165,0.2928640450004165
7,pauli,10,mean,1,3000,0.6922499999999985,5.66438595499958,5.66438595499958
7,pauli,10,mean,1,4000,-1.9479375000000005,3.024198454999581,3.024198454999581
7,pauli,10,mean,1,5000,-1.8576000000000008,3.114535954999581,3.114535954999581
7,pauli,10,mean,1,6000,-2.4198750000000007,2.5522609549995807,2.5522609549995807
7,pauli,10,mean,1,7000,-3.920142857142857,1.0519930978567245,1.0519930978567245
7,pauli,10,mean,1,8000,-2.9986875,1.9734484549995814,1.9734484549995814
7,pauli,10,mean,1,9000,-3.01725,1.9548859549995812,1.9548859549995812
7,pauli,10,mean,1,10000,-2.84535,2.1267859549995816,2.1267859549995816
7,clifford,10,mean,1,10,-25.624999999999964,-20.652864045000385,20.652864045000385
7,clifford,10,mean,1,30,-25.62499999999988,-20.6528640450003,20.6528640450003
7,clifford,10,mean,1,100,-23.06249999999994,-18.090364045000356,18.090364045000356
7,clifford,10,mean,1,300,-9.395833333333313,-4.423697378333731,4.423697378333731
7,clifford,10,mean,1,1000,-11.787499999999987,-6.815364045000406,6.815364045000406
7,clifford,10,mean,1,2000,-8.328124999999991,-3.3559890450004097,3.3559890450004097
7,clifford,10,mean,1,3000,-7.345833333333327,-2.3736973783337456,2.3736973783337456
7,clifford,10,mean,1,4000,-6.342187499999996,-1.3700515450004147,1.3700515450004147
7,clifford,10,mean,1,5000,-5.586249999999995,-0.6141140450004139,0.6141140450004139
7,clifford,10,mean,1,6000,-5.16770833333333,-0.19557237833374863,0.19557237833374863
7,clifford,10,mean,1,7000,-5.1616071428571395,-0.18947118785755812,0.18947118785755812
7,clifford,10,mean,1,8000,-5.189062499999998,-0.2169265450004163,0.2169265450004163
7,clifford,10,mean,1,9000,-5.324305555555553,-0.352169600555972,0.352169600555972
7,clifford,10,mean,1,10000,-5.124999999999998,-0.15286404500041684,0.15286404500041684
7,seeqst_uniform,10,mean,1,10,0.0,4.972135954999581,4.972135954999581
7,seeqst_uniform,10,mean,1,30,68.26666666666667,73.23880262166625,73.23880262166625
7,seeqst_uniform,10,mean,1,100,20.48,25.452135954999584,25.452135954999584
7,seeqst_uniform,10,mean,1,300,6.826666666666667,11.798802621666248,11.798802621666248
7,seeqst_uniform,10,mean,1,1000,-5.12,-0.14786404500041872,0.14786404500041872
7,seeqst_uniform,10,mean,1,2000,-3.072,1.9001359549995813,1.9001359549995813
7,seeqst_uniform,10,mean,1,3000,-3.072,1.9001359549995813,1.9001359549995813
7,seeqst_uniform,10,mean,1,4000,-4.096,0.8761359549995813,0.8761359549995813
7,seeqst_uniform,10,mean,1,5000,-4.5056,0.4665359549995811,0.4665359549995811
7,seeqst_uniform,10,mean,1,6000,-4.437333333333333,0.5348026216662483,0.5348026216662483
7,seeqst_uniform,10,mean,1,7000,-3.657142857142857,1.3149930978567244,1.3149930978567244
7,seeqst_uniform,10,mean,1,8000,-3.456,1.5161359549995814,1.5161359549995814
7,seeqst_uniform,10,mean,1,9000,-3.7546666666666666,1.2174692883329148,1.2174692883329148
7,seeqst_uniform,10,mean,1,10000,-5.0176,-0.04546404500041845,0.04546404500041845
7,seeqst_binomial_q0.09091,10,mean,1,10,0.0,4.972135954999581,4.972135954999581
7,seeqst_binomial_q0.09091,10,mean,1,30,0.0,4.972135954999581,4.972135954999581
7,seeqst_binomial_q0.09091,10,mean,1,100,-18.156197222878742,-13.18406126787916,13.18406126787916
7,seeqst_binomial_q0.09091,10,mean,1,300,-11.23955066178208,-6.267414706782498,6.267414706782498
7,seeqst_binomial_q0.09091,10,mean,1,1000,-7.781227381233747,-2.8090914262341657,2.8090914262341657
7,seeqst_binomial_q0.09091,10,mean,1,2000,-6.224981904986998,-1.2528459499874165,1.2528459499874165
7,seeqst_binomial_q0.09091,10,mean,1,3000,-5.792691494918454,-0.8205555399188729,0.8205555399188729
7,seeqst_binomial_q0.09091,10,mean,1,4000,-5.511702728373894,-0.5395667733743128,0.5395667733743128
7,seeqst_binomial_q0.09091,10,mean,1,5000,-5.550608865280057,-0.5784729102804755,0.5784729102804755
7,seeqst_binomial_q0.09091,10,mean,1,6000,-5.83592053592529,-0.8637845809257083,0.8637845809257083
7,seeqst_binomial_q0.09091,10,mean,1,7000,-5.6691799491845645,-0.6970439941849831,0.6970439941849831
7,seeqst_binomial_q0.09091,10,mean,1,8000,-5.317172043843039,-0.3450360888434574,0.3450360888434574
7,seeqst_binomial_q0.09091,10,mean,1,9000,-5.331581724178655,-0.35944576917907334,0.35944576917907334
7,seeqst_binomial_q0.09091,10,mean,1,10000,-5.3690468930512605,-0.3969109380516791,0.3969109380516791
7,seeqst_binomial_q0.5,10,mean,1,10,0.0,4.972135954999581,4.972135954999581
7,seeqst_binomial_q0.5,10,mean,1,30,-34.13333333333333,-29.161197378333753,29.161197378333753
7,seeqst_binomial_q0.5,10,mean,1,100,-10.24,-5.267864045000419,5.267864045000419
7,seeqst_binomial_q0.5,10,mean,1,300,-3.4133333333333336,1.5588026216662478,1.5588026216662478
7,seeqst_binomial_q0.5,10,mean,1,1000,-2.048,2.9241359549995813,2.9241359549995813
7,seeqst_binomial_q0.5,10,mean,1,2000,-2.048,2.9241359549995813,2.9241359549995813
7,seeqst_binomial_q0.5,10,mean,1,3000,-5.12,-0.14786404500041872,0.14786404500041872
7,seeqst_binomial_q0.5,10,mean,1,4000,-3.84,1.1321359549995815,1.1321359549995815
7,seeqst_binomial_q0.5,10,mean,1,5000,-4.7104,0.26173595499958147,0.26173595499958147
7,seeqst_binomial_q0.5,10,mean,1,6000,-4.949333333333334,0.022802621666247802,0.022802621666247802
7,seeqst_binomial_q0.5,10,mean,1,7000,-5.558857142857143,-0.5867211878575613,0.5867211878575613
7,seeqst_binomial_q0.5,10,mean,1,8000,-5.76,-0.7878640450004184,0.7878640450004184
7,seeqst_binomial_q0.5,10,mean,1,9000,-5.802666666666667,-0.8305307116670857,0.8305307116670857
7,seeqst_binomial_q0.5,10,mean,1,10000,-5.5296,-0.5574640450004189,0.5574640450004189
7,seeqst_binomial_tuned,10,mean,1,10,0.0,4.972135954999581,4.972135954999581
7,seeqst_binomial_tuned,10,mean,1,30,-4.967053731282551,0.005082223717030487,0.005082223717030487
7,seeqst_binomial_tuned,10,mean,1,100,0.0,4.972135954999581,4.972135954999581
7,seeqst_binomial_tuned,10,mean,1,300,-4.967053731282551,0.005082223717030487,0.005082223717030487
7,seeqst_binomial_tuned,10,mean,1,1000,-3.278255462646484,1.6938804923530975,1.6938804923530975
7,seeqst_binomial_tuned,10,mean,1,2000,-4.023313522338866,0.9488224326607151,0.9488224326607151
7,seeqst_binomial_tuned,10,mean,1,3000,-4.569689432779947,0.40244652221963406,0.40244652221963406
7,seeqst_binomial_tuned,10,mean,1,4000,-5.066394805908202,-0.09425885090862085,0.09425885090862085
7,seeqst_binomial_tuned,10,mean,1,5000,-4.976987838745116,-0.004851883745534913,0.004851883745534913
7,seeqst_binomial_tuned,10,mean,1,6000,-5.04155953725179,-0.06942358225220868,0.06942358225220868
7,seeqst_binomial_tuned,10,mean,1,7000,-4.938670567103793,0.03346538789578801,0.03346538789578801
7,seeqst_binomial_tuned,10,mean,1,8000,-5.215406417846679,-0.2432704628470974,0.2432704628470974
7,seeqst_binomial_tuned,10,mean,1,9000,-5.298190646701388,-0.326054691701807,0.326054691701807
7,seeqst_binomial_tuned,10,mean,1,10000,-5.379319190979003,-0.40718323597942163,0.40718323597942163
8,pauli,10,mean,1,10,-3.599999999999999,1.3721359549995822,1.3721359549995822
8,pauli,10,mean,1,30,-0.8250000000000007,4.14713595499958,4.14713595499958
8,pauli,10,mean,1,100,15.524999999999988,20.49713595499957,20.49713595499957
8,pauli,10,mean,1,300,1.8749999999999973,6.847135954999579,6.847135954999579
8,pauli,10,mean,1,1000,-2.7,2.272135954999581,2.272135954999581
8,pauli,10,mean,1,2000,-1.6908750000000006,3.281260954999581,3.281260954999581
8,pauli,10,mean,1,3000,-2.487,2.4851359549995813,2.4851359549995813
8,pauli,10,mean,1,4000,-3.0684375,1.9036984549995815,1.9036984549995815
8,pauli,10,mean,1,5000,-2.4759,2.496235954999581,2.496235954999581
8,pauli,10,mean,1,6000,-3.109875,1.8622609549995812,1.8622609549995812
8,pauli,10,mean,1,7000,-3.813107142857143,1.1590288121424384,1.1590288121424384
8,pauli,10,mean,1,8000,-4.14646875,0.825667204999581,0.825667204999581
8,pauli,10,mean,1,9000,-4.52625,0.4458859549995813,0.4458859549995813
8,pauli,10,mean,1,10000,-4.4208,0.5513359549995815,0.5513359549995815
8,clifford,10,mean,1,10,-9.916476592223236e-16,4.9721359549995805,4.9721359549995805
8,clifford,10,mean,1,30,-25.62499999999992,-20.652864045000335,20.652864045000335
8,clifford,10,mean,1,100,-10.249999999999964,-5.277864045000383,5.277864045000383
8,clifford,10,mean,1,300,-11.958333333333302,-6.986197378333721,6.986197378333721
8,clifford,10,mean,1,1000,-5.89374999999998,-0.9216140450003989,0.9216140450003989
8,clifford,10,mean,1,2000,-5.124999999999988,-0.15286404500040618,0.15286404500040618
8,clifford,10,mean,1,3000,-5.893749999999989,-0.9216140450004078,0.9216140450004078
8,clifford,10,mean,1,4000,-4.932812499999992,0.03932345499958956,0.03932345499958956
8,clifford,10,mean,1,5000,-6.2524999999999915,-1.2803640450004101,1.2803640450004101
8,clifford,10,mean,1,6000,-6.4489583333333265,-1.476822378333745,1.476822378333745
8,clifford,10,mean,1,7000,-6.625892857142851,-1.6537569021432699,1.6537569021432699
8,clifford,10,mean,1,8000,-6.149999999999994,-1.1778640450004128,1.1778640450004128
8,clifford,10,mean,1,9000,-5.694444444444439,-0.7223084894448579,0.7223084894448579
8,clifford,10,mean,1,10000,-5.509374999999996,-0.5372390450004145,0.5372390450004145
8,seeqst_uniform,10,mean,1,10,0.0,4.972135954999581,4.972135954999581
8,seeqst_uniform,10,mean,1,30,0.0,4.972135954999581,4.972135954999581
8,seeqst_uniform,10,mean,1,100,-20.48,-15.507864045000419,15.507864045000419
8,seeqst_uniform,10,mean,1,300,-27.30666666666667,-22.334530711667085,22.334530711667085
8,seeqst_uniform,10,mean,1,1000,-10.24,-5.267864045000419,5.267864045000419
8,seeqst_uniform,10,mean,1,2000,-5.632,-0.6598640450004183,0.6598640450004183
8,seeqst_uniform,10,mean,1,3000,-4.778666666666667,0.19346928833291432,0.19346928833291432
8,seeqst_uniform,10,mean,1,4000,-4.608,0.36413595499958173,0.36413595499958173
8,seeqst_uniform,10,mean,1,5000,-4.3008,0.6713359549995817,0.6713359549995817
8,seeqst_uniform,10,mean,1,6000,-3.7546666666666666,1.2174692883329148,1.2174692883329148
8,seeqst_uniform,10,mean,1,7000,-3.9497142857142857,1.0224216692852957,1.0224216692852957
8,seeqst_uniform,10,mean,1,8000,-3.712,1.2601359549995812,1.2601359549995812
8,seeqst_uniform,10,mean,1,9000,-4.209777777777778,0.7623581772218033,0.7623581772218033
8,seeqst_uniform,10,mean,1,10000,-4.608,0.36413595499958173,0.36413595499958173
8,seeqst_binomial_q0.09091,10,mean,1,10,0.0,4.972135954999581,4.972135954999581
8,seeqst_binomial_q0.09091,10,mean,1,30,-8.645808201370828,-3.673672246371247,3.673672246371247
8,seeqst_binomial_q0.09091,10,mean,1,100,-7.7812273812337445,-2.809091426234163,2.809091426234163
8,seeqst_binomial_q0.09091,10,mean,1,300,-3.458323280548331,1.5138126744512506,1.5138126744512506
8,seeqst_binomial_q0.09091,10,mean,1,1000,-2.853116706452374,2.1190192485472075,2.1190192485472075
8,seeqst_binomial_q0.09091,10,mean,1,2000,-4.79842355176081,0.17371240323877135,0.17371240323877135
8,seeqst_binomial_q0.09091,10,mean,1,3000,-3.8906136906168736,1.0815222643827078,1.0815222643827078
8,seeqst_binomial_q0.09091,10,mean,1,4000,-4.085144375147717,0.8869915798518644,0.8869915798518644
8,seeqst_binomial_q0.09091,10,mean,1,5000,-3.7349891429921955,1.2371468120073859,1.2371468120073859
8,seeqst_binomial_q0.09091,10,mean,1,6000,-4.3661331416922575,0.6060028133073239,0.6060028133073239
8,seeqst_binomial_q0.09091,10,mean,1,7000,-4.335255255258788,0.636880699740793,0.636880699740793
8,seeqst_binomial_q0.09091,10,mean,1,8000,-4.409362182699107,0.5627737723004742,0.5627737723004742
8,seeqst_binomial_q0.09091,10,mean,1,9000,-4.092349215315511,0.8797867396840706,0.8797867396840706
8,seeqst_binomial_q0.09091,10,mean,1,10000,-4.02030081363742,0.9518351413621611,0.9518351413621611
8,seeqst_binomial_q0.5,10,mean,1,10,0.0,4.972135954999581,4.972135954999581
8,seeqst_binomial_q0.5,10,mean,1,30,-34.13333333333333,-29.161197378333753,29.161197378333753
8,seeqst_binomial_q0.5,10,mean,1,100,-20.48,-15.507864045000419,15.507864045000419
8,seeqst_binomial_q0.5,10,mean,1,300,-17.066666666666666,-12.094530711667085,12.094530711667085
8,seeqst_binomial_q0.5,10,mean,1,1000,-12.288,-7.315864045000419,7.315864045000419
8,seeqst_binomial_q0.5,10,mean,1,2000,-8.192,-3.219864045000419,3.219864045000419
8,seeqst_binomial_q0.5,10,mean,1,3000,-6.826666666666667,-1.8545307116670857,1.8545307116670857
8,seeqst_binomial_q0.5,10,mean,1,4000,-5.12,-0.14786404500041872,0.14786404500041872
8,seeqst_binomial_q0.5,10,mean,1,5000,-5.12,-0.14786404500041872,0.14786404500041872
8,seeqst_binomial_q0.5,10,mean,1,6000,-4.778666666666667,0.19346928833291432,0.19346928833291432
8,seeqst_binomial_q0.5,10,mean,1,7000,-5.412571428571429,-0.4404354735718474,0.4404354735718474
8,seeqst_binomial_q0.5,10,mean,1,8000,-6.144,-1.1718640450004187,1.1718640450004187
8,seeqst_binomial_q0.5,10,mean,1,9000,-6.030222222222222,-1.0580862672226408,1.0580862672226408
8,seeqst_binomial_q0.5,10,mean,1,10000,-5.632,-0.6598640450004183,0.6598640450004183
8,seeqst_binomial_tuned,10,mean,1,10,0.0,4.972135954999581,4.972135954999581
8,seeqst_binomial_tuned,10,mean,1,30,-9.934107462565102,-4.96197150756552,4.96197150756552
8,seeqst_binomial_tuned,10,mean,1,100,-4.470348358154296,0.5017875968452854,0.5017875968452854
8,seeqst_binomial_tuned,10,mean,1,300,-4.967053731282551,0.005082223717030487,0.005082223717030487
8,seeqst_binomial_tuned,10,mean,1,1000,-4.172325134277343,0.7998108207222385,0.7998108207222385
8,seeqst_binomial_tuned,10,mean,1,2000,-5.066394805908202,-0.09425885090862085,0.09425885090862085
8,seeqst_binomial_tuned,10,mean,1,3000,-4.321336746215819,0.650799208783762,0.650799208783762
8,seeqst_binomial_tuned,10,mean,1,4000,-4.358589649200439,0.6135463057991428,0.6135463057991428
8,seeqst_binomial_tuned,10,mean,1,5000,-4.559755325317382,0.41238062968219946,0.41238062968219946
8,seeqst_binomial_tuned,10,mean,1,6000,-4.495183626810709,0.47695232818887234,0.47695232818887234
8,seeqst_binomial_tuned,10,mean,1,7000,-4.491635731288365,0.4805002237112168,0.4805002237112168
8,seeqst_binomial_tuned,10,mean,1,8000,-4.693865776062011,0.27827017893757056,0.27827017893757056
8,seeqst_binomial_tuned,10,mean,1,9000,-4.718701044718424,0.2534349102811575,0.2534349102811575
8,seeqst_binomial_tuned,10,mean,1,10000,-4.649162292480468,0.3229736625191135,0.3229736625191135
9,pauli,10,mean,1,10,-14.174999999999994,-9.202864045000412,9.202864045000412
9,pauli,10,mean,1,30,-2.025000000000001,2.9471359549995806,2.9471359549995806
9,pauli,10,mean,1,100,-21.30749999999999,-16.33536404500041,16.33536404500041
9,pauli,10,mean,1,300,-16.604999999999993,-11.632864045000412,11.632864045000412
9,pauli,10,mean,1,1000,-6.970499999999999,-1.9983640450004172,1.9983640450004172
9,pauli,10,mean,1,2000,-4.317749999999999,0.6543859549995821,0.6543859549995821
9,pauli,10,mean,1,3000,-3.165749999999999,1.8063859549995822,1.8063859549995822
9,pauli,10,mean,1,4000,-3.8176874999999995,1.154448454999582,1.154448454999582
9,pauli,10,mean,1,5000,-4.1926499999999995,0.7794859549995818,0.7794859549995818
9,pauli,10,mean,1,6000,-4.303125,0.6690109549995817,0.6690109549995817
9,pauli,10,mean,1,7000,-3.999535714285714,0.9726002407138674,0.9726002407138674
9,pauli,10,mean,1,8000,-3.8089687499999996,1.1631672049995818,1.1631672049995818
9,pauli,10,mean,1,9000,-4.16025,0.8118859549995818,0.8118859549995818
9,pauli,10,mean,1,10000,-4.608899999999999,0.36323595499958206,0.36323595499958206
9,clifford,10,mean,1,10,-25.62499999999995,-20.65286404500037,20.65286404500037
9,clifford,10,mean,1,30,-8.541666666666659,-3.5695307116670776,3.5695307116670776
9,clifford,10,mean,1,100,-2.5624999999999885,2.409635954999593,2.409635954999593
9,clifford,10,mean,1,300,-2.5624999999999862,2.409635954999595,2.409635954999595
9,clifford,10,mean,1,1000,-5.381249999999984,-0.40911404500040227,0.40911404500040227
9,clifford,10,mean,1,2000,-4.484374999999991,0.48776095499959027,0.48776095499959027
9,clifford,10,mean,1,3000,-2.8187499999999956,2.1533859549995857,2.1533859549995857
9,clifford,10,mean,1,4000,-2.6265624999999964,2.345573454999585,2.345573454999585
9,clifford,10,mean,1,5000,-3.4337499999999954,1.538385954999586,1.538385954999586
9,clifford,10,mean,1,6000,-3.6302083333333295,1.341927621666252,1.341927621666252
9,clifford,10,mean,1,7000,-3.6973214285714255,1.2748145264281558,1.2748145264281558
9,clifford,10,mean,1,8000,-4.324218749999997,0.647917204999584,0.647917204999584
9,clifford,10,mean,1,9000,-4.470138888888886,0.501997066110695,0.501997066110695
9,clifford,10,mean,1,10000,-4.509999999999998,0.4621359549995834,0.4621359549995834
9,seeqst_uniform,10,mean,1,10,0.0,4.972135954999581,4.972135954999581
9,seeqst_uniform,10,mean,1,30,0.0,4.972135954999581,4.972135954999581
9,seeqst_uniform,10,mean,1,100,0.0,4.972135954999581,4.972135954999581
9,seeqst_uniform,10,mean,1,300,-3.4133333333333336,1.5588026216662478,1.5588026216662478
9,seeqst_uniform,10,mean,1,1000,-5.12,-0.14786404500041872,0.14786404500041872
9,seeqst_uniform,10,mean,1,2000,-5.632,-0.6598640450004183,0.6598640450004183
9,seeqst_uniform,10,mean,1,3000,-5.802666666666667,-0.8305307116670857,0.8305307116670857
9,seeqst_uniform,10,mean,1,4000,-5.632,-0.6598640450004183,0.6598640450004183
9,seeqst_uniform,10,mean,1,5000,-4.9152,0.05693595499958182,0.05693595499958182
9,seeqst_uniform,10,mean,1,6000,-5.290666666666667,-0.31853071166708524,0.31853071166708524
9,seeqst_uniform,10,mean,1,7000,-4.827428571428571,0.14470738357100998,0.14470738357100998
9,seeqst_uniform,10,mean,1,8000,-4.992,-0.019864045000418606,0.019864045000418606
9,seeqst_uniform,10,mean,1,9000,-4.892444444444444,0.07969151055513723,0.07969151055513723
9,seeqst_uniform,10,mean,1,10000,-4.5056,0.4665359549995811,0.4665359549995811
9,seeqst_binomial_q0.09091,10,mean,1,10,0.0,4.972135954999581,4.972135954999581
9,seeqst_binomial_q0.09091,10,mean,1,30,0.0,4.972135954999581,4.972135954999581
9,seeqst_binomial_q0.09091,10,mean,1,100,-7.7812273812337445,-2.809091426234163,2.809091426234163
9,seeqst_binomial_q0.09091,10,mean,1,300,-5.187484920822497,-0.21534896582291552,0.21534896582291552
9,seeqst_binomial_q0.09091,10,mean,1,1000,-5.706233412904748,-0.7340974579051665,0.7340974579051665
9,seeqst_binomial_q0.09091,10,mean,1,2000,-6.224981904986998,-1.2528459499874165,1.2528459499874165
9,seeqst_binomial_q0.09091,10,mean,1,3000,-5.965607658945869,-0.9934717039462875,0.9934717039462875
9,seeqst_binomial_q0.09091,10,mean,1,4000,-6.160138343476702,-1.1880023884771207,1.1880023884771207
9,seeqst_binomial_q0.09091,10,mean,1,5000,-5.861857960529405,-0.8897220055298236,0.8897220055298236
9,seeqst_binomial_q0.09091,10,mean,1,6000,-6.0952947819664125,-1.1231588269668311,1.1231588269668311
9,seeqst_binomial_q0.09091,10,mean,1,7000,-6.11382151382649,-1.141685558826909,1.141685558826909
9,seeqst_binomial_q0.09091,10,mean,1,8000,-5.706233412904723,-0.7340974579051416,0.7340974579051416
9,seeqst_binomial_q0.09091,10,mean,1,9000,-5.821510855589665,-0.8493749005900835,0.8493749005900835
9,seeqst_binomial_q0.09091,10,mean,1,10000,-5.758108262112945,-0.7859723071133633,0.7859723071133633
9,seeqst_binomial_q0.5,10,mean,1,10,0.0,4.972135954999581,4.972135954999581
9,seeqst_binomial_q0.5,10,mean,1,30,0.0,4.972135954999581,4.972135954999581
9,seeqst_binomial_q0.5,10,mean,1,100,-20.48,-15.507864045000419,15.507864045000419
9,seeqst_binomial_q0.5,10,mean,1,300,0.0,4.972135954999581,4.972135954999581
9,seeqst_binomial_q0.5,10,mean,1,1000,-1.024,3.9481359549995814,3.9481359549995814
9,seeqst_binomial_q0.5,10,mean,1,2000,-3.072,1.9001359549995813,1.9001359549995813
9,seeqst_binomial_q0.5,10,mean,1,3000,-3.4133333333333336,1.5588026216662478,1.5588026216662478
9,seeqst_binomial_q0.5,10,mean,1,4000,-5.376,-0.40386404500041895,0.40386404500041895
9,seeqst_binomial_q0.5,10,mean,1,5000,-4.9152,0.05693595499958182,0.05693595499958182
9,seeqst_binomial_q0.5,10,mean,1,6000,-4.266666666666667,0.7054692883329148,0.7054692883329148
9,seeqst_binomial_q0.5,10,mean,1,7000,-4.242285714285714,0.7298502407138674,0.7298502407138674
9,seeqst_binomial_q0.5,10,mean,1,8000,-4.48,0.49213595499958096,0.49213595499958096
9,seeqst_binomial_q0.5,10,mean,1,9000,-5.233777777777778,-0.2616418227781967,0.2616418227781967
9,seeqst_binomial_q0.5,10,mean,1,10000,-5.9392,-0.9670640450004182,0.9670640450004182
9,seeqst_binomial_tuned,10,mean,1,10,0.0,4.972135954999581,4.972135954999581
9,seeqst_binomial_tuned,10,mean,1,30,0.0,4.972135954999581,4.972135954999581
9,seeqst_binomial_tuned,10,mean,1,100,0.0,4.972135954999581,4.972135954999581
9,seeqst_binomial_tuned,10,mean,1,300,-3.4769376118977857,1.4951983431017957,1.4951983431017957
9,seeqst_binomial_tuned,10,mean,1,1000,-3.278255462646484,1.6938804923530975,1.6938804923530975
9,seeqst_binomial_tuned,10,mean,1,2000,-4.544854164123534,0.4272817908760471,0.4272817908760471
9,seeqst_binomial_tuned,10,mean,1,3000,-4.8677126566569004,0.10442329834268094,0.10442329834268094
9,seeqst_binomial_tuned,10,mean,1,4000,-4.544854164123534,0.4272817908760471,0.4272817908760471
9,seeqst_binomial_tuned,10,mean,1,5000,-5.006790161132812,-0.034654206133230225,0.034654206133230225
9,seeqst_binomial_tuned,10,mean,1,6000,-5.04155953725179,-0.06942358225220868,0.06942358225220868
9,seeqst_binomial_tuned,10,mean,1,7000,-4.959957940237862,0.012178014761719425,0.012178014761719425
9,seeqst_binomial_tuned,10,mean,1,8000,-5.047768354415893,-0.07563239941631128,0.07563239941631128
9,seeqst_binomial_tuned,10,mean,1,9000,-5.099508497450086,-0.12737254245050433,0.12737254245050433
9,seeqst_binomial_tuned,10,mean,1,10000,-5.08129596710205,-0.1091600121024685,0.1091600121024685
10,pauli,10,mean,1,10,1.5749999999999986,6.54713595499958,6.54713595499958
10,pauli,10,mean,1,30,-45.97499999999997,-41.00286404500039,41.00286404500039
10,pauli,10,mean,1,100,-15.72749999999999,-10.755364045000409,10.755364045000409
10,pauli,10,mean,1,300,-7.402499999999997,-2.430364045000416,2.430364045000416
10,pauli,10,mean,1,1000,-5.622749999999999,-0.6506140450004176,0.6506140450004176
10,pauli,10,mean,1,2000,-4.811624999999999,0.160510954999582,0.160510954999582
10,pauli,10,mean,1,3000,-5.341499999999999,-0.36936404500041764,0.36936404500041764
10,pauli,10,mean,1,4000,-6.200999999999998,-1.2288640450004165,1.2288640450004165
10,pauli,10,mean,1,5000,-6.508799999999998,-1.5366640450004168,1.5366640450004168
10,pauli,10,mean,1,6000,-7.1309999999999985,-2.158864045000417,2.158864045000417
10,pauli,10,mean,1,7000,-6.895285714285714,-1.9231497592861322,1.9231497592861322
10,pauli,10,mean,1,8000,-6.375374999999999,-1.4032390450004177,1.4032390450004177
10,pauli,10,mean,1,9000,-5.868999999999999,-0.8968640450004175,0.8968640450004175
10,pauli,10,mean,1,10000,-5.599349999999999,-0.627214045000418,0.627214045000418
10,clifford,10,mean,1,10,-76.87499999999974,-71.90286404500016,71.90286404500016
10,clifford,10,mean,1,30,-25.624999999999925,-20.652864045000342,20.652864045000342
10,clifford,10,mean,1,100,-7.6874999999999805,-2.715364045000399,2.715364045000399
10,clifford,10,mean,1,300,-5.124999999999991,-0.15286404500040973,0.15286404500040973
10,clifford,10,mean,1,1000,-7.431249999999985,-2.459114045000404,2.459114045000404
10,clifford,10,mean,1,2000,-5.893749999999993,-0.9216140450004113,0.9216140450004113
10,clifford,10,mean,1,3000,-5.381249999999994,-0.40911404500041293,0.40911404500041293
10,clifford,10,mean,1,4000,-4.676562499999996,0.29557345499958565,0.29557345499958565
10,clifford,10,mean,1,5000,-4.817499999999996,0.15463595499958505,0.15463595499958505
10,clifford,10,mean,1,6000,-4.91145833333333,0.060677621666251014,0.060677621666251014
10,clifford,10,mean,1,7000,-5.308035714285711,-0.3358997592861295,0.3358997592861295
10,clifford,10,mean,1,8000,-4.9968749999999975,-0.024739045000416127,0.024739045000416127
10,clifford,10,mean,1,9000,-5.068055555555553,-0.09591960055597148,0.09591960055597148
10,clifford,10,mean,1,10000,-5.0993749999999975,-0.12723904500041616,0.12723904500041616
10,seeqst_uniform,10,mean,1,10,0.0,4.972135954999581,4.972135954999581
10,seeqst_uniform,10,mean,1,30,0.0,4.972135954999581,4.972135954999581
10,seeqst_uniform,10,mean,1,100,-10.24,-5.267864045000419,5.267864045000419
10,seeqst_uniform,10,mean,1,300,-10.24,-5.267864045000419,5.267864045000419
10,seeqst_uniform,10,mean,1,1000,0.0,4.972135954999581,4.972135954999581
10,seeqst_uniform,10,mean,1,2000,-1.536,3.4361359549995814,3.4361359549995814
10,seeqst_uniform,10,mean,1,3000,-3.4133333333333336,1.5588026216662478,1.5588026216662478
10,seeqst_uniform,10,mean,1,4000,-3.072,1.9001359549995813,1.9001359549995813
10,seeqst_uniform,10,mean,1,5000,-2.048,2.9241359549995813,2.9241359549995813
10,seeqst_uniform,10,mean,1,6000,-3.4133333333333336,1.5588026216662478,1.5588026216662478
10,seeqst_uniform,10,mean,1,7000,-3.9497142857142857,1.0224216692852957,1.0224216692852957
10,seeqst_uniform,10,mean,1,8000,-3.456,1.5161359549995814,1.5161359549995814
10,seeqst_uniform,10,mean,1,9000,-3.640888888888889,1.3312470661106923,1.3312470661106923
10,seeqst_uniform,10,mean,1,10000,-3.072,1.9001359549995813,1.9001359549995813
10,seeqst_binomial_q0.09091,10,mean,1,10,25.937424604112483,30.909560559112066,30.909560559112066
10,seeqst_binomial_q0.09091,10,mean,1,30,-25.937424604112483,-20.9652886491129,20.9652886491129
10,seeqst_binomial_q0.09091,10,mean,1,100,-12.968712302056241,-7.99657634705666,7.99657634705666
10,seeqst_binomial_q0.09091,10,mean,1,300,-10.374969841644996,-5.402833886645414,5.402833886645414
10,seeqst_binomial_q0.09091,10,mean,1,1000,-6.224981904986998,-1.2528459499874165,1.2528459499874165
10,seeqst_binomial_q0.09091,10,mean,1,2000,-6.87341752008981,-1.9012815650902288,1.9012815650902288
10,seeqst_binomial_q0.09091,10,mean,1,3000,-6.743730397069238,-1.7715944420696568,1.7715944420696568
10,seeqst_binomial_q0.09091,10,mean,1,4000,-6.938261081600071,-1.96612512660049,1.96612512660049
10,seeqst_binomial_q0.09091,10,mean,1,5000,-6.639980698652775,-1.6678447436531938,1.6678447436531938
10,seeqst_binomial_q0.09091,10,mean,1,6000,-6.311439987000682,-1.3393040320011007,1.3393040320011007
10,seeqst_binomial_q0.09091,10,mean,1,7000,-5.8173938040652065,-0.8452578490656251,0.8452578490656251
10,seeqst_binomial_q0.09091,10,mean,1,8000,-5.706233412904723,-0.7340974579051416,0.7340974579051416
10,seeqst_binomial_q0.09091,10,mean,1,9000,-5.677414052233486,-0.7052780972339043,0.7052780972339043
10,seeqst_binomial_q0.09091,10,mean,1,10000,-5.835920535925282,-0.8637845809257003,0.8637845809257003
10,seeqst_binomial_q0.5,10,mean,1,10,0.0,4.972135954999581,4.972135954999581
10,seeqst_binomial_q0.5,10,mean,1,30,0.0,4.972135954999581,4.972135954999581
10,seeqst_binomial_q0.5,10,mean,1,100,0.0,4.972135954999581,4.972135954999581
10,seeqst_binomial_q0.5,10,mean,1,300,-6.826666666666667,-1.8545307116670857,1.8545307116670857
10,seeqst_binomial_q0.5,10,mean,1,1000,-7.168,-2.1958640450004188,2.1958640450004188
10,seeqst_binomial_q0.5,10,mean,1,2000,-4.608,0.36413595499958173,0.36413595499958173
10,seeqst_binomial_q0.5,10,mean,1,3000,-6.485333333333333,-1.5131973783337518,1.5131973783337518
10,seeqst_binomial_q0.5,10,mean,1,4000,-7.168,-2.1958640450004188,2.1958640450004188
10,seeqst_binomial_q0.5,10,mean,1,5000,-6.5536,-1.581464045000419,1.581464045000419
10,seeqst_binomial_q0.5,10,mean,1,6000,-6.656,-1.6838640450004183,1.6838640450004183
10,seeqst_binomial_q0.5,10,mean,1,7000,-6.290285714285714,-1.3181497592861326,1.3181497592861326
10,seeqst_binomial_q0.5,10,mean,1,8000,-6.272,-1.2998640450004189,1.2998640450004189
10,seeqst_binomial_q0.5,10,mean,1,9000,-5.461333333333333,-0.48919737833375176,0.48919737833375176
10,seeqst_binomial_q0.5,10,mean,1,10000,-5.5296,-0.5574640450004189,0.5574640450004189
10,seeqst_binomial_tuned,10,mean,1,10,0.0,4.972135954999581,4.972135954999581
10,seeqst_binomial_tuned,10,mean,1,30,0.0,4.972135954999581,4.972135954999581
10,seeqst_binomial_tuned,10,mean,1,100,-7.450580596923827,-2.478444641924246,2.478444641924246
10,seeqst_binomial_tuned,10,mean,1,300,-3.973642985026041,0.9984929699735403,0.9984929699735403
10,seeqst_binomial_tuned,10,mean,1,1000,-5.6624412536621085,-0.6903052986625271,0.6903052986625271
10,seeqst_binomial_tuned,10,mean,1,2000,-6.1839818954467765,-1.211845940447195,1.211845940447195
10,seeqst_binomial_tuned,10,mean,1,3000,-4.917383193969726,0.05475276102985571,0.05475276102985571
10,seeqst_binomial_tuned,10,mean,1,4000,-5.103647708892821,-0.13151175389324,0.13151175389324
10,seeqst_binomial_tuned,10,mean,1,5000,-5.424022674560546,-0.4518867195609646,0.4518867195609646
10,seeqst_binomial_tuned,10,mean,1,6000,-5.364418029785155,-0.392282074785574,0.392282074785574
10,seeqst_binomial_tuned,10,mean,1,7000,-5.343130656651087,-0.3709947016515054,0.3709947016515054
10,seeqst_binomial_tuned,10,mean,1,8000,-5.15952706336975,-0.1873911083701687,0.1873911083701687
10,seeqst_binomial_tuned,10,mean,1,9000,-5.2319632636176205,-0.25982730861803915,0.25982730861803915
10,seeqst_binomial_tuned,10,mean,1,10000,-5.2303075790405265,-0.25817162404094507,0.25817162404094507
11,pauli,10,mean,1,10,-6.749999999999995,-1.7778640450004133,1.7778640450004133
11,pauli,10,mean,1,30,-4.274999999999998,0.6971359549995837,0.6971359549995837
11,pauli,10,mean,1,100,-4.634999999999998,0.3371359549995834,0.3371359549995834
11,pauli,10,mean,1,300,-3.555,1.4171359549995812,1.4171359549995812
11,pauli,10,mean,1,1000,-2.5312500000000004,2.440885954999581,2.440885954999581
11,pauli,10,mean,1,2000,-3.1455,1.8266359549995812,1.8266359549995812
11,pauli,10,mean,1,3000,-3.5145,1.4576359549995814,1.4576359549995814
11,pauli,10,mean,1,4000,-5.3398125,-0.36767654500041846,0.36767654500041846
11,pauli,10,mean,1,5000,-6.04485,-1.072714045000419,1.072714045000419
11,pauli,10,mean,1,6000,-6.10575,-1.1336140450004182,1.1336140450004182
11,pauli,10,mean,1,7000,-5.712428571428571,-0.7402926164289898,0.7402926164289898
11,pauli,10,mean,1,8000,-5.594625,-0.6224890450004184,0.6224890450004184
11,pauli,10,mean,1,9000,-5.57475,-0.6026140450004185,0.6026140450004185
11,pauli,10,mean,1,10000,-5.591925,-0.6197890450004184,0.6197890450004184
11,clifford,10,mean,1,10,-51.249999999999886,-46.27786404500031,46.27786404500031
11,clifford,10,mean,1,30,-8.541666666666666,-3.5695307116670847,3.5695307116670847
11,clifford,10,mean,1,100,-12.81249999999997,-7.840364045000388,7.840364045000388
11,clifford,10,mean,1,300,-7.6874999999999805,-2.715364045000399,2.715364045000399
11,clifford,10,mean,1,1000,-10.24999999999998,-5.277864045000399,5.277864045000399
11,clifford,10,mean,1,2000,-7.815624999999991,-2.8434890450004096,2.8434890450004096
11,clifford,10,mean,1,3000,-5.893749999999994,-0.9216140450004122,0.9216140450004122
11,clifford,10,mean,1,4000,-5.381249999999995,-0.4091140450004138,0.4091140450004138
11,clifford,10,mean,1,5000,-4.714999999999997,0.2571359549995842,0.2571359549995842
11,clifford,10,mean,1,6000,-4.868749999999997,0.10338595499958458,0.10338595499958458
11,clifford,10,mean,1,7000,-4.868749999999997,0.10338595499958458,0.10338595499958458
11,clifford,10,mean,1,8000,-4.260156249999997,0.7119797049995844,0.7119797049995844
11,clifford,10,mean,1,9000,-4.64097222222222,0.33116373277736155,0.33116373277736155
11,clifford,10,mean,1,10000,-4.3562499999999975,0.6158859549995839,0.6158859549995839
11,seeqst_uniform,10,mean,1,10,0.0,4.972135954999581,4.972135954999581
11,seeqst_uniform,10,mean,1,30,34.13333333333333,39.10546928833291,39.10546928833291
11,seeqst_uniform,10,mean,1,100,0.0,4.972135954999581,4.972135954999581
11,seeqst_uniform,10,mean,1,300,0.0,4.972135954999581,4.972135954999581
11,seeqst_uniform,10,mean,1,1000,-4.096,0.8761359549995813,0.8761359549995813
11,seeqst_uniform,10,mean,1,2000,-6.656,-1.6838640450004183,1.6838640450004183
11,seeqst_uniform,10,mean,1,3000,-4.778666666666667,0.19346928833291432,0.19346928833291432
11,seeqst_uniform,10,mean,1,4000,-5.12,-0.14786404500041872,0.14786404500041872
11,seeqst_uniform,10,mean,1,5000,-4.5056,0.4665359549995811,0.4665359549995811
11,seeqst_uniform,10,mean,1,6000,-5.461333333333333,-0.48919737833375176,0.48919737833375176
11,seeqst_uniform,10,mean,1,7000,-5.851428571428571,-0.87929261642899,0.87929261642899
11,seeqst_uniform,10,mean,1,8000,-6.016,-1.0438640450004186,1.0438640450004186
11,seeqst_uniform,10,mean,1,9000,-6.030222222222222,-1.0580862672226408,1.0580862672226408
11,seeqst_uniform,10,mean,1,10000,-6.3488,-1.3766640450004184,1.3766640450004184
11,seeqst_binomial_q0.09091,10,mean,1,10,0.0,4.972135954999581,4.972135954999581
11,seeqst_binomial_q0.09091,10,mean,1,30,17.291616402741656,22.26375235774124,22.26375235774124
11,seeqst_binomial_q0.09091,10,mean,1,100,0.0,4.972135954999581,4.972135954999581
11,seeqst_binomial_q0.09091,10,mean,1,300,3.458323280548331,8.430459235547913,8.430459235547913
11,seeqst_binomial_q0.09091,10,mean,1,1000,-2.593742460411249,2.3783934945883325,2.3783934945883325
11,seeqst_binomial_q0.09091,10,mean,1,2000,-5.965607658945872,-0.993471703946291,0.993471703946291
11,seeqst_binomial_q0.09091,10,mean,1,3000,-5.187484920822498,-0.2153489658229164,0.2153489658229164
11,seeqst_binomial_q0.09091,10,mean,1,4000,-4.992954236291649,-0.020818281292067198,0.020818281292067198
11,seeqst_binomial_q0.09091,10,mean,1,5000,-5.3431094684471585,-0.3709735134475771,0.3709735134475771
11,seeqst_binomial_q0.09091,10,mean,1,6000,-4.884881633774504,0.08725432122507737,0.08725432122507737
11,seeqst_binomial_q0.09091,10,mean,1,7000,-4.965164138501517,0.006971816498064776,0.006971816498064776
11,seeqst_binomial_q0.09091,10,mean,1,8000,-4.895688894026214,0.07644706097336762,0.07644706097336762
11,seeqst_binomial_q0.09091,10,mean,1,9000,-4.726375150082701,0.24576080491688046,0.24576080491688046
11,seeqst_binomial_q0.09091,10,mean,1,10000,-4.383424758094992,0.5887111969045895,0.5887111969045895
11,seeqst_binomial_q0.5,10,mean,1,10,102.4,107.37213595499959,107.37213595499959
11,seeqst_binomial_q0.5,10,mean,1,30,0.0,4.972135954999581,4.972135954999581
11,seeqst_binomial_q0.5,10,mean,1,100,0.0,4.972135954999581,4.972135954999581
11,seeqst_binomial_q0.5,10,mean,1,300,-3.4133333333333336,1.5588026216662478,1.5588026216662478
11,seeqst_binomial_q0.5,10,mean,1,1000,-3.072,1.9001359549995813,1.9001359549995813
11,seeqst_binomial_q0.5,10,mean,1,2000,-2.56,2.4121359549995813,2.4121359549995813
11,seeqst_binomial_q0.5,10,mean,1,3000,-4.096,0.8761359549995813,0.8761359549995813
11,seeqst_binomial_q0.5,10,mean,1,4000,-5.632,-0.6598640450004183,0.6598640450004183
11,seeqst_binomial_q0.5,10,mean,1,5000,-6.7584,-1.7862640450004186,1.7862640450004186
11,seeqst_binomial_q0.5,10,mean,1,6000,-5.290666666666667,-0.31853071166708524,0.31853071166708524
11,seeqst_binomial_q0.5,10,mean,1,7000,-5.997714285714285,-1.025578330714704,1.025578330714704
11,seeqst_binomial_q0.5,10,mean,1,8000,-6.016,-1.0438640450004186,1.0438640450004186
11,seeqst_binomial_q0.5,10,mean,1,9000,-6.144,-1.1718640450004187,1.1718640450004187
11,seeqst_binomial_q0.5,10,mean,1,10000,-5.632,-0.6598640450004183,0.6598640450004183
11,seeqst_binomial_tuned,10,mean,1,10,0.0,4.972135954999581,4.972135954999581
11,seeqst_binomial_tuned,10,mean,1,30,4.967053731282551,9.939189686282132,9.939189686282132
11,seeqst_binomial_tuned,10,mean,1,100,1.4901161193847654,6.462252074384347,6.462252074384347
11,seeqst_binomial_tuned,10,mean,1,300,-3.4769376118977857,1.4951983431017957,1.4951983431017957
11,seeqst_binomial_tuned,10,mean,1,1000,-3.1292438507080074,1.842892104291574,1.842892104291574
11,seeqst_binomial_tuned,10,mean,1,2000,-2.9057264328002925,2.066409522199289,2.066409522199289
11,seeqst_binomial_tuned,10,mean,1,3000,-3.7252902984619136,1.2468456565376678,1.2468456565376678
11,seeqst_binomial_tuned,10,mean,1,4000,-3.6880373954772945,1.284098559522287,1.284098559522287
11,seeqst_binomial_tuned,10,mean,1,5000,-4.082918167114257,0.8892177878853245,0.8892177878853245
11,seeqst_binomial_tuned,10,mean,1,6000,-4.023313522338866,0.9488224326607151,0.9488224326607151
11,seeqst_binomial_tuned,10,mean,1,7000,-4.257474626813615,0.714661328185966,0.714661328185966
11,seeqst_binomial_tuned,10,mean,1,8000,-4.116445779800414,0.8556901751991672,0.8556901751991672
11,seeqst_binomial_tuned,10,mean,1,9000,-3.9239724477132154,1.048163507286366,1.048163507286366
11,seeqst_binomial_tuned,10,mean,1,10000,-3.8295984268188468,1.1425375281807346,1.1425375281807346
12,pauli,10,mean,1,10,-13.724999999999989,-8.752864045000408,8.752864045000408
12,pauli,10,mean,1,30,-10.199999999999996,-5.227864045000414,5.227864045000414
12,pauli,10,mean,1,100,-0.1575000000000034,4.814635954999578,4.814635954999578
12,pauli,10,mean,1,300,-1.492500000000001,3.4796359549995803,3.4796359549995803
12,pauli,10,mean,1,1000,-3.66075,1.3113859549995812,1.3113859549995812
12,pauli,10,mean,1,2000,-1.0991250000000015,3.8730109549995797,3.8730109549995797
12,pauli,10,mean,1,3000,-4.454999999999999,0.5171359549995822,0.5171359549995822
12,pauli,10,mean,1,4000,-4.449374999999999,0.5227609549995824,0.5227609549995824
12,pauli,10,mean,1,5000,-4.2722999999999995,0.6998359549995818,0.6998359549995818
12,pauli,10,mean,1,6000,-4.061624999999999,0.910510954999582,0.910510954999582
12,pauli,10,mean,1,7000,-4.038749999999999,0.933385954999582,0.933385954999582
12,pauli,10,mean,1,8000,-3.9687187499999994,1.003417204999582,1.003417204999582
12,pauli,10,mean,1,9000,-4.112749999999999,0.8593859549995821,0.8593859549995821
12,pauli,10,mean,1,10000,-4.1080499999999995,0.8640859549995819,0.8640859549995819
12,clifford,10,mean,1,10,-25.62499999999995,-20.65286404500037,20.65286404500037
12,clifford,10,mean,1,30,5.484163330467325e-15,4.972135954999587,4.972135954999587
12,clifford,10,mean,1,100,5.124999999999987,10.097135954999569,10.097135954999569
12,clifford,10,mean,1,300,3.7970965971715194e-15,4.972135954999585,4.972135954999585
12,clifford,10,mean,1,1000,-2.306249999999994,2.6658859549995872,2.6658859549995872
12,clifford,10,mean,1,2000,-4.22812499999999,0.7440109549995917,0.7440109549995917
12,clifford,10,mean,1,3000,-5.381249999999991,-0.4091140450004094,0.4091140450004094
12,clifford,10,mean,1,4000,-6.214062499999994,-1.2419265450004122,1.2419265450004122
12,clifford,10,mean,1,5000,-6.764999999999994,-1.792864045000413,1.792864045000413
12,clifford,10,mean,1,6000,-6.577083333333328,-1.6049473783337467,1.6049473783337467
12,clifford,10,mean,1,7000,-6.8089285714285674,-1.836792616428986,1.836792616428986
12,clifford,10,mean,1,8000,-6.662499999999996,-1.6903640450004147,1.6903640450004147
12,clifford,10,mean,1,9000,-6.149999999999997,-1.1778640450004154,1.1778640450004154
12,clifford,10,mean,1,10000,-5.816874999999997,-0.8447390450004155,0.8447390450004155
12,seeqst_uniform,10,mean,1,10,0.0,4.972135954999581,4.972135954999581
12,seeqst_uniform,10,mean,1,30,0.0,4.972135954999581,4.972135954999581
12,seeqst_uniform,10,mean,1,100,10.24,15.212135954999582,15.212135954999582
12,seeqst_uniform,10,mean,1,300,3.4133333333333336,8.385469288332915,8.385469288332915
12,seeqst_uniform,10,mean,1,1000,-4.096,0.8761359549995813,0.8761359549995813
12,seeqst_uniform,10,mean,1,2000,-7.168,-2.1958640450004188,2.1958640450004188
12,seeqst_uniform,10,mean,1,3000,-7.168,-2.1958640450004188,2.1958640450004188
12,seeqst_uniform,10,mean,1,4000,-6.656,-1.6838640450004183,1.6838640450004183
12,seeqst_uniform,10,mean,1,5000,-4.5056,0.4665359549995811,0.4665359549995811
12,seeqst_uniform,10,mean,1,6000,-4.608,0.36413595499958173,0.36413595499958173
12,seeqst_uniform,10,mean,1,7000,-4.242285714285714,0.7298502407138674,0.7298502407138674
12,seeqst_uniform,10,mean,1,8000,-4.224,0.7481359549995812,0.7481359549995812
12,seeqst_uniform,10,mean,1,9000,-4.209777777777778,0.7623581772218033,0.7623581772218033
12,seeqst_uniform,10,mean,1,10000,-4.7104,0.26173595499958147,0.26173595499958147
12,seeqst_binomial_q0.09091,10,mean,1,10,0.0,4.972135954999581,4.972135954999581
12,seeqst_binomial_q0.09091,10,mean,1,30,0.0,4.972135954999581,4.972135954999581
12,seeqst_binomial_q0.09091,10,mean,1,100,10.374969841644992,15.347105796644573,15.347105796644573
12,seeqst_binomial_q0.09091,10,mean,1,300,0.0,4.972135954999581,4.972135954999581
12,seeqst_binomial_q0.09091,10,mean,1,1000,-3.6312394445757485,1.3408965104238328,1.3408965104238328
12,seeqst_binomial_q0.09091,10,mean,1,2000,-3.2421780755140612,1.7299578794855202,1.7299578794855202
12,seeqst_binomial_q0.09091,10,mean,1,3000,-3.2854071165209153,1.686728838478666,1.686728838478666
12,seeqst_binomial_q0.09091,10,mean,1,4000,-3.5015523215551863,1.4705836334443951,1.4705836334443951
12,seeqst_binomial_q0.09091,10,mean,1,5000,-4.253737635074442,0.7183983199251394,0.7183983199251394
12,seeqst_binomial_q0.09091,10,mean,1,6000,-3.9770717726305733,0.9950641823690081,0.9950641823690081
12,seeqst_binomial_q0.09091,10,mean,1,7000,-4.594629501299911,0.3775064536996702,0.3775064536996702
12,seeqst_binomial_q0.09091,10,mean,1,8000,-5.025376017046775,-0.05324006204719378,0.05324006204719378
12,seeqst_binomial_q0.09091,10,mean,1,9000,-5.216304281493711,-0.24416832649412967,0.24416832649412967
12,seeqst_binomial_q0.09091,10,mean,1,10000,-5.135610071614249,-0.16347411661466804,0.16347411661466804
12,seeqst_binomial_q0.5,10,mean,1,10,0.0,4.972135954999581,4.972135954999581
12,seeqst_binomial_q0.5,10,mean,1,30,-34.13333333333333,-29.161197378333753,29.161197378333753
12,seeqst_binomial_q0.5,10,mean,1,100,-10.24,-5.267864045000419,5.267864045000419
12,seeqst_binomial_q0.5,10,mean,1,300,-13.653333333333334,-8.681197378333753,8.681197378333753
12,seeqst_binomial_q0.5,10,mean,1,1000,-8.192,-3.219864045000419,3.219864045000419
12,seeqst_binomial_q0.5,10,mean,1,2000,-6.656,-1.6838640450004183,1.6838640450004183
12,seeqst_binomial_q0.5,10,mean,1,3000,-7.168,-2.1958640450004188,2.1958640450004188
12,seeqst_binomial_q0.5,10,mean,1,4000,-6.144,-1.1718640450004187,1.1718640450004187
12,seeqst_binomial_q0.5,10,mean,1,5000,-7.7824,-2.8102640450004186,2.8102640450004186
12,seeqst_binomial_q0.5,10,mean,1,6000,-7.338666666666667,-2.3665307116670853,2.3665307116670853
12,seeqst_binomial_q0.5,10,mean,1,7000,-6.144,-1.1718640450004187,1.1718640450004187
12,seeqst_binomial_q0.5,10,mean,1,8000,-6.016,-1.0438640450004186,1.0438640450004186
12,seeqst_binomial_q0.5,10,mean,1,9000,-6.257777777777778,-1.2856418227781967,1.2856418227781967
12,seeqst_binomial_q0.5,10,mean,1,10000,-6.7584,-1.7862640450004186,1.7862640450004186
12,seeqst_binomial_tuned,10,mean,1,10,0.0,4.972135954999581,4.972135954999581
12,seeqst_binomial_tuned,10,mean,1,30,-14.901161193847653,-9.929025238848071,9.929025238848071
12,seeqst_binomial_tuned,10,mean,1,100,-5.960464477539062,-0.9883285225394802,0.9883285225394802
12,seeqst_binomial_tuned,10,mean,1,300,-5.960464477539062,-0.9883285225394802,0.9883285225394802
12,seeqst_binomial_tuned,10,mean,1,1000,-4.470348358154296,0.5017875968452854,0.5017875968452854
12,seeqst_binomial_tuned,10,mean,1,2000,-4.842877388000487,0.129258566999094,0.129258566999094
12,seeqst_binomial_tuned,10,mean,1,3000,-5.364418029785155,-0.392282074785574,0.392282074785574
12,seeqst_binomial_tuned,10,mean,1,4000,-5.4016709327697745,-0.4295349777701931,0.4295349777701931
12,seeqst_binomial_tuned,10,mean,1,5000,-5.543231964111327,-0.5710960091117459,0.5710960091117459
12,seeqst_binomial_tuned,10,mean,1,6000,-5.4140885670979815,-0.4419526120984001,0.4419526120984001
12,seeqst_binomial_tuned,10,mean,1,7000,-5.343130656651087,-0.3709947016515054,0.3709947016515054
12,seeqst_binomial_tuned,10,mean,1,8000,-5.420297384262084,-0.4481614292625027,0.4481614292625027
12,seeqst_binomial_tuned,10,mean,1,9000,-5.165735880533854,-0.1935999255342722,0.1935999255342722
12,seeqst_binomial_tuned,10,mean,1,10000,-5.1856040954589835,-0.2134681404594021,0.2134681404594021
13,pauli,10,mean,1,10,-6.524999999999997,-1.5528640450004154,1.5528640450004154
13,pauli,10,mean,1,30,-5.849999999999996,-0.8778640450004147,0.8778640450004147
13,pauli,10,mean,1,100,-2.857499999999999,2.1146359549995823,2.1146359549995823
13,pauli,10,mean,1,300,-7.604999999999997,-2.6328640450004155,2.6328640450004155
13,pauli,10,mean,1,1000,-22.790249999999993,-17.818114045000414,17.818114045000414
13,pauli,10,mean,1,2000,-14.626124999999996,-9.653989045000415,9.653989045000415
13,pauli,10,mean,1,3000,-8.354999999999997,-3.3828640450004155,3.3828640450004155
13,pauli,10,mean,1,4000,-7.400249999999998,-2.4281140450004166,2.4281140450004166
13,pauli,10,mean,1,5000,-7.006499999999998,-2.034364045000417,2.034364045000417
13,pauli,10,mean,1,6000,-6.707999999999998,-1.735864045000417,1.735864045000417
13,pauli,10,mean,1,7000,-6.6342857142857135,-1.662149759286132,1.662149759286132
13,pauli,10,mean,1,8000,-6.471562499999999,-1.4994265450004178,1.4994265450004178
13,pauli,10,mean,1,9000,-6.522499999999999,-1.5503640450004177,1.5503640450004177
13,pauli,10,mean,1,10000,-7.107974999999999,-2.1358390450004174,2.1358390450004174
13,clifford,10,mean,1,10,-2.2505385786224035e-15,4.972135954999579,4.972135954999579
13,clifford,10,mean,1,30,1.3468669096615974e-14,4.972135954999595,4.972135954999595
13,clifford,10,mean,1,100,-10.249999999999975,-5.277864045000394,5.277864045000394
13,clifford,10,mean,1,300,-6.833333333333317,-1.8611973783337357,1.8611973783337357
13,clifford,10,mean,1,1000,-5.893749999999987,-0.921614045000406,0.921614045000406
13,clifford,10,mean,1,2000,-5.509374999999992,-0.537239045000411,0.537239045000411
13,clifford,10,mean,1,3000,-4.95416666666666,0.017969288332920996,0.017969288332920996
13,clifford,10,mean,1,4000,-5.317187499999993,-0.3450515450004117,0.3450515450004117
13,clifford,10,mean,1,5000,-5.278749999999993,-0.306614045000412,0.306614045000412
13,clifford,10,mean,1,6000,-5.08229166666666,-0.11015571166707883,0.11015571166707883
13,clifford,10,mean,1,7000,-4.722321428571424,0.2498145264281577,0.2498145264281577
13,clifford,10,mean,1,8000,-4.420312499999995,0.5518234549995862,0.5518234549995862
13,clifford,10,mean,1,9000,-4.897222222222219,0.0749137327773628,0.0749137327773628
13,clifford,10,mean,1,10000,-4.458749999999997,0.5133859549995847,0.5133859549995847
13,seeqst_uniform,10,mean,1,10,0.0,4.972135954999581,4.972135954999581
13,seeqst_uniform,10,mean,1,30,0.0,4.972135954999581,4.972135954999581
13,seeqst_uniform,10,mean,1,100,0.0,4.972135954999581,4.972135954999581
13,seeqst_uniform,10,mean,1,300,-10.24,-5.267864045000419,5.267864045000419
13,seeqst_uniform,10,mean,1,1000,-7.168,-2.1958640450004188,2.1958640450004188
13,seeqst_uniform,10,mean,1,2000,-5.632,-0.6598640450004183,0.6598640450004183
13,seeqst_uniform,10,mean,1,3000,-6.144,-1.1718640450004187,1.1718640450004187
13,seeqst_uniform,10,mean,1,4000,-5.632,-0.6598640450004183,0.6598640450004183
13,seeqst_uniform,10,mean,1,5000,-5.3248,-0.35266404500041837,0.35266404500041837
13,seeqst_uniform,10,mean,1,6000,-4.437333333333333,0.5348026216662483,0.5348026216662483
13,seeqst_uniform,10,mean,1,7000,-4.242285714285714,0.7298502407138674,0.7298502407138674
13,seeqst_uniform,10,mean,1,8000,-3.712,1.2601359549995812,1.2601359549995812
13,seeqst_uniform,10,mean,1,9000,-3.982222222222222,0.9899137327773593,0.9899137327773593
13,seeqst_uniform,10,mean,1,10000,-4.3008,0.6713359549995817,0.6713359549995817
13,seeqst_binomial_q0.09091,10,mean,1,10,0.0,4.972135954999581,4.972135954999581
13,seeqst_binomial_q0.09091,10,mean,1,30,0.0,4.972135954999581,4.972135954999581
13,seeqst_binomial_q0.09091,10,mean,1,100,-5.187484920822496,-0.21534896582291463,0.21534896582291463
13,seeqst_binomial_q0.09091,10,mean,1,300,0.0,4.972135954999581,4.972135954999581
13,seeqst_binomial_q0.09091,10,mean,1,1000,-5.446859166863622,-0.474723211864041,0.474723211864041
13,seeqst_binomial_q0.09091,10,mean,1,2000,-4.5390493057196855,0.43308664927989593,0.43308664927989593
13,seeqst_binomial_q0.09091,10,mean,1,3000,-5.273943002836206,-0.3018070478366246,0.3018070478366246
13,seeqst_binomial_q0.09091,10,mean,1,4000,-5.187484920822491,-0.2153489658229093,0.2153489658229093
13,seeqst_binomial_q0.09091,10,mean,1,5000,-5.446859166863608,-0.4747232118640268,0.4747232118640268
13,seeqst_binomial_q0.09091,10,mean,1,6000,-4.928110674781358,0.04402528021822327,0.04402528021822327
13,seeqst_binomial_q0.09091,10,mean,1,7000,-5.335698775703121,-0.36356282070353974,0.36356282070353974
13,seeqst_binomial_q0.09091,10,mean,1,8000,-5.155063140067337,-0.18292718506775518,0.18292718506775518
13,seeqst_binomial_q0.09091,10,mean,1,9000,-5.01456875679506,-0.0424328017954787,0.0424328017954787
13,seeqst_binomial_q0.09091,10,mean,1,10000,-5.135610071614249,-0.16347411661466804,0.16347411661466804
13,seeqst_binomial_q0.5,10,mean,1,10,0.0,4.972135954999581,4.972135954999581
13,seeqst_binomial_q0.5,10,mean,1,30,0.0,4.972135954999581,4.972135954999581
13,seeqst_binomial_q0.5,10,mean,1,100,-30.72,-25.74786404500042,25.74786404500042
13,seeqst_binomial_q0.5,10,mean,1,300,-10.24,-5.267864045000419,5.267864045000419
13,seeqst_binomial_q0.5,10,mean,1,1000,-2.048,2.9241359549995813,2.9241359549995813
13,seeqst_binomial_q0.5,10,mean,1,2000,-2.56,2.4121359549995813,2.4121359549995813
13,seeqst_binomial_q0.5,10,mean,1,3000,-4.437333333333333,0.5348026216662483,0.5348026216662483
13,seeqst_binomial_q0.5,10,mean,1,4000,-2.56,2.4121359549995813,2.4121359549995813
13,seeqst_binomial_q0.5,10,mean,1,5000,-3.4816,1.4905359549995816,1.4905359549995816
13,seeqst_binomial_q0.5,10,mean,1,6000,-3.7546666666666666,1.2174692883329148,1.2174692883329148
13,seeqst_binomial_q0.5,10,mean,1,7000,-3.3645714285714288,1.6075645264281526,1.6075645264281526
13,seeqst_binomial_q0.5,10,mean,1,8000,-4.352,0.6201359549995811,0.6201359549995811
13,seeqst_binomial_q0.5,10,mean,1,9000,-4.323555555555555,0.6485803994440262,0.6485803994440262
13,seeqst_binomial_q0.5,10,mean,1,10000,-4.4032,0.5689359549995814,0.5689359549995814
13,seeqst_binomial_tuned,10,mean,1,10,-14.901161193847653,-9.929025238848071,9.929025238848071
13,seeqst_binomial_tuned,10,mean,1,30,0.0,4.972135954999581,4.972135954999581
13,seeqst_binomial_tuned,10,mean,1,100,1.4901161193847654,6.462252074384347,6.462252074384347
13,seeqst_binomial_tuned,10,mean,1,300,-2.9802322387695312,1.9919037162300501,1.9919037162300501
13,seeqst_binomial_tuned,10,mean,1,1000,-2.8312206268310547,2.1409153281685267,2.1409153281685267
13,seeqst_binomial_tuned,10,mean,1,2000,-3.8743019104003906,1.0978340445991908,1.0978340445991908
13,seeqst_binomial_tuned,10,mean,1,3000,-4.76837158203125,0.2037643729683314,0.2037643729683314
13,seeqst_binomial_tuned,10,mean,1,4000,-4.842877388000488,0.1292585669990931,0.1292585669990931
13,seeqst_binomial_tuned,10,mean,1,5000,-4.5299530029296875,0.4421829520698939,0.4421829520698939
13,seeqst_binomial_tuned,10,mean,1,6000,-4.420677820841472,0.5514581341581097,0.5514581341581097
13,seeqst_binomial_tuned,10,mean,1,7000,-4.810946328299386,0.1611896267001951,0.1611896267001951
13,seeqst_binomial_tuned,10,mean,1,8000,-4.74974513053894,0.22239082446064096,0.22239082446064096
13,seeqst_binomial_tuned,10,mean,1,9000,-5.1657358805338545,-0.19359992553427308,0.19359992553427308
13,seeqst_binomial_tuned,10,mean,1,10000,-5.0514936447143555,-0.07935768971477408,0.07935768971477408
14,pauli,10,mean,1,10,-4.049999999999997,0.9221359549995842,0.9221359549995842
14,pauli,10,mean,1,30,-4.349999999999998,0.6221359549995835,0.6221359549995835
14,pauli,10,mean,1,100,-5.714999999999998,-0.7428640450004167,0.7428640450004167
14,pauli,10,mean,1,300,-4.792499999999999,0.17963595499958274,0.17963595499958274
14,pauli,10,mean,1,1000,-8.318249999999999,-3.3461140450004176,3.3461140450004176
14,pauli,10,mean,1,2000,-6.236999999999999,-1.2648640450004178,1.2648640450004178
14,pauli,10,mean,1,3000,-6.89025,-1.9181140450004186,1.9181140450004186
14,pauli,10,mean,1,4000,-5.0596875,-0.08755154500041851,0.08755154500041851
14,pauli,10,mean,1,5000,-4.7601,0.21203595499958094,0.21203595499958094
14,pauli,10,mean,1,6000,-5.04,-0.06786404500041865,0.06786404500041865
14,pauli,10,mean,1,7000,-4.979571428571429,-0.007435473571847595,0.007435473571847595
14,pauli,10,mean,1,8000,-5.1125625,-0.14042654500041873,0.14042654500041873
14,pauli,10,mean,1,9000,-4.774,0.19813595499958137,0.19813595499958137
14,pauli,10,mean,1,10000,-5.2992,-0.3270640450004185,0.3270640450004185
14,clifford,10,mean,1,10,5.884377186904377e-15,4.972135954999588,4.972135954999588
14,clifford,10,mean,1,30,-25.62499999999994,-20.652864045000356,20.652864045000356
14,clifford,10,mean,1,100,-15.374999999999966,-10.402864045000385,10.402864045000385
14,clifford,10,mean,1,300,-8.541666666666645,-3.5695307116670634,3.5695307116670634
14,clifford,10,mean,1,1000,-3.587499999999991,1.3846359549995904,1.3846359549995904
14,clifford,10,mean,1,2000,-2.4343749999999953,2.537760954999586,2.537760954999586
14,clifford,10,mean,1,3000,-3.929166666666662,1.0429692883329196,1.0429692883329196
14,clifford,10,mean,1,4000,-4.099999999999996,0.8721359549995853,0.8721359549995853
14,clifford,10,mean,1,5000,-4.714999999999996,0.2571359549995851,0.2571359549995851
14,clifford,10,mean,1,6000,-4.954166666666664,0.017969288332917444,0.017969288332917444
14,clifford,10,mean,1,7000,-5.015178571428568,-0.04304261642898677,0.04304261642898677
14,clifford,10,mean,1,8000,-4.964843749999997,0.007292204999584051,0.007292204999584051
14,clifford,10,mean,1,9000,-5.438194444444442,-0.46605848944486095,0.46605848944486095
14,clifford,10,mean,1,10000,-5.5349999999999975,-0.5628640450004161,0.5628640450004161
14,seeqst_uniform,10,mean,1,10,0.0,4.972135954999581,4.972135954999581
14,seeqst_uniform,10,mean,1,30,0.0,4.972135954999581,4.972135954999581
14,seeqst_uniform,10,mean,1,100,0.0,4.972135954999581,4.972135954999581
14,seeqst_uniform,10,mean,1,300,-3.4133333333333336,1.5588026216662478,1.5588026216662478
14,seeqst_uniform,10,mean,1,1000,-5.12,-0.14786404500041872,0.14786404500041872
14,seeqst_uniform,10,mean,1,2000,-7.68,-2.7078640450004183,2.7078640450004183
14,seeqst_uniform,10,mean,1,3000,-6.485333333333333,-1.5131973783337518,1.5131973783337518
14,seeqst_uniform,10,mean,1,4000,-4.608,0.36413595499958173,0.36413595499958173
14,seeqst_uniform,10,mean,1,5000,-5.3248,-0.35266404500041837,0.35266404500041837
14,seeqst_uniform,10,mean,1,6000,-4.778666666666667,0.19346928833291432,0.19346928833291432
14,seeqst_uniform,10,mean,1,7000,-4.827428571428571,0.14470738357100998,0.14470738357100998
14,seeqst_uniform,10,mean,1,8000,-5.248,-0.27586404500041883,0.27586404500041883
14,seeqst_uniform,10,mean,1,9000,-5.233777777777778,-0.2616418227781967,0.2616418227781967
14,seeqst_uniform,10,mean,1,10000,-5.2224,-0.250264045000419,0.250264045000419
14,seeqst_binomial_q0.09091,10,mean,1,10,25.937424604112483,30.909560559112066,30.909560559112066
14,seeqst_binomial_q0.09091,10,mean,1,30,0.0,4.972135954999581,4.972135954999581
14,seeqst_binomial_q0.09091,10,mean,1,100,-2.593742460411248,2.3783934945883334,2.3783934945883334
14,seeqst_binomial_q0.09091,10,mean,1,300,-2.593742460411248,2.3783934945883334,2.3783934945883334
14,seeqst_binomial_q0.09091,10,mean,1,1000,-4.409362182699123,0.5627737723004582,0.5627737723004582
14,seeqst_binomial_q0.09091,10,mean,1,2000,-5.31717204384306,-0.3450360888434787,0.3450360888434787
14,seeqst_binomial_q0.09091,10,mean,1,3000,-5.014568756795081,-0.04243280179550002,0.04243280179550002
14,seeqst_binomial_q0.09091,10,mean,1,4000,-4.539049305719683,0.4330866492798986,0.4330866492798986
14,seeqst_binomial_q0.09091,10,mean,1,5000,-4.824360976364913,0.14777497863466849,0.14777497863466849
14,seeqst_binomial_q0.09091,10,mean,1,6000,-4.3661331416922575,0.6060028133073239,0.6060028133073239
14,seeqst_binomial_q0.09091,10,mean,1,7000,-4.0388275454975044,0.9333084095020769,0.9333084095020769
14,seeqst_binomial_q0.09091,10,mean,1,8000,-4.214831498168265,0.7573044568313163,0.7573044568313163
14,seeqst_binomial_q0.09091,10,mean,1,9000,-4.322904100685398,0.6492318543141833,0.6492318543141833
14,seeqst_binomial_q0.09091,10,mean,1,10000,-4.1759253612620935,0.7962105937374879,0.7962105937374879
14,seeqst_binomial_q0.5,10,mean,1,10,0.0,4.972135954999581,4.972135954999581
14,seeqst_binomial_q0.5,10,mean,1,30,0.0,4.972135954999581,4.972135954999581
14,seeqst_binomial_q0.5,10,mean,1,100,10.24,15.212135954999582,15.212135954999582
14,seeqst_binomial_q0.5,10,mean,1,300,-10.24,-5.267864045000419,5.267864045000419
14,seeqst_binomial_q0.5,10,mean,1,1000,-9.216,-4.243864045000418,4.243864045000418
14,seeqst_binomial_q0.5,10,mean,1,2000,-9.216,-4.243864045000418,4.243864045000418
14,seeqst_binomial_q0.5,10,mean,1,3000,-8.874666666666666,-3.902530711667085,3.902530711667085
14,seeqst_binomial_q0.5,10,mean,1,4000,-6.144,-1.1718640450004187,1.1718640450004187
14,seeqst_binomial_q0.5,10,mean,1,5000,-5.9392,-0.9670640450004182,0.9670640450004182
14,seeqst_binomial_q0.5,10,mean,1,6000,-5.802666666666667,-0.8305307116670857,0.8305307116670857
14,seeqst_binomial_q0.5,10,mean,1,7000,-6.144,-1.1718640450004187,1.1718640450004187
14,seeqst_binomial_q0.5,10,mean,1,8000,-5.376,-0.40386404500041895,0.40386404500041895
14,seeqst_binomial_q0.5,10,mean,1,9000,-5.347555555555555,-0.3754196005559738,0.3754196005559738
14,seeqst_binomial_q0.5,10,mean,1,10000,-5.12,-0.14786404500041872,0.14786404500041872
14,seeqst_binomial_tuned,10,mean,1,10,0.0,4.972135954999581,4.972135954999581
14,seeqst_binomial_tuned,10,mean,1,30,-4.967053731282551,0.005082223717030487,0.005082223717030487
14,seeqst_binomial_tuned,10,mean,1,100,-10.430812835693358,-5.458676880693776,5.458676880693776
14,seeqst_binomial_tuned,10,mean,1,300,-6.4571698506673165,-1.4850338956677351,1.4850338956677351
14,seeqst_binomial_tuned,10,mean,1,1000,-3.278255462646484,1.6938804923530975,1.6938804923530975
14,seeqst_binomial_tuned,10,mean,1,2000,-4.768371582031249,0.20376437296833227,0.20376437296833227
14,seeqst_binomial_tuned,10,mean,1,3000,-4.669030507405599,0.3031054475939827,0.3031054475939827
14,seeqst_binomial_tuned,10,mean,1,4000,-4.954636096954345,0.01749985804523657,0.01749985804523657
14,seeqst_binomial_tuned,10,mean,1,5000,-4.947185516357421,0.0249504386421604,0.0249504386421604
14,seeqst_binomial_tuned,10,mean,1,6000,-5.488594373067219,-0.5164584180676375,0.5164584180676375
14,seeqst_binomial_tuned,10,mean,1,7000,-5.705015999930245,-0.7328800449306634,0.7328800449306634
14,seeqst_binomial_tuned,10,mean,1,8000,-5.736947059631347,-0.7648111046317654,0.7648111046317654
14,seeqst_binomial_tuned,10,mean,1,9000,-5.265076955159504,-0.29294100015992264,0.29294100015992264
14,seeqst_binomial_tuned,10,mean,1,10000,-5.1856040954589835,-0.2134681404594021,0.2134681404594021
15,pauli,10,mean,1,10,0.44999999999999957,5.422135954999581,5.422135954999581
15,pauli,10,mean,1,30,-8.774999999999997,-3.8028640450004154,3.8028640450004154
15,pauli,10,mean,1,100,2.069999999999997,7.042135954999578,7.042135954999578
15,pauli,10,mean,1,300,-2.0925,2.8796359549995816,2.8796359549995816
15,pauli,10,mean,1,1000,-2.4119999999999995,2.560135954999582,2.560135954999582
15,pauli,10,mean,1,2000,-4.264874999999999,0.7072609549995823,0.7072609549995823
15,pauli,10,mean,1,3000,-5.372999999999998,-0.40086404500041706,0.40086404500041706
15,pauli,10,mean,1,4000,-5.390999999999999,-0.41886404500041774,0.41886404500041774
15,pauli,10,mean,1,5000,-11.262149999999995,-6.290014045000413,6.290014045000413
15,pauli,10,mean,1,6000,-9.991124999999997,-5.018989045000415,5.018989045000415
15,pauli,10,mean,1,7000,-9.441964285714281,-4.4698283307147,4.4698283307147
15,pauli,10,mean,1,8000,-8.603718749999997,-3.6315827950004156,3.6315827950004156
15,pauli,10,mean,1,9000,-7.963499999999997,-2.9913640450004158,2.9913640450004158
15,pauli,10,mean,1,10000,-7.215749999999997,-2.243614045000416,2.243614045000416
15,clifford,10,mean,1,10,-4.632025431028161e-15,4.972135954999577,4.972135954999577
15,clifford,10,mean,1,30,8.541666666666627,13.513802621666208,13.513802621666208
15,clifford,10,mean,1,100,6.034081339244782e-16,4.972135954999582,4.972135954999582
15,clifford,10,mean,1,300,-7.687499999999977,-2.7153640450003955,2.7153640450003955
15,clifford,10,mean,1,1000,-4.099999999999987,0.8721359549995942,0.8721359549995942
15,clifford,10,mean,1,2000,-4.356249999999992,0.6158859549995892,0.6158859549995892
15,clifford,10,mean,1,3000,-3.587499999999993,1.3846359549995886,1.3846359549995886
15,clifford,10,mean,1,4000,-3.9078124999999946,1.0643234549995868,1.0643234549995868
15,clifford,10,mean,1,5000,-3.8949999999999956,1.0771359549995858,1.0771359549995858
15,clifford,10,mean,1,6000,-4.185416666666663,0.7867192883329182,0.7867192883329182
15,clifford,10,mean,1,7000,-3.88035714285714,1.0917788121424414,1.0917788121424414
15,clifford,10,mean,1,8000,-3.491406249999997,1.4807297049995842,1.4807297049995842
15,clifford,10,mean,1,9000,-3.35972222222222,1.6124137327773616,1.6124137327773616
15,clifford,10,mean,1,10000,-3.3824999999999976,1.5896359549995838,1.5896359549995838
15,seeqst_uniform,10,mean,1,10,0.0,4.972135954999581,4.972135954999581
15,seeqst_uniform,10,mean,1,30,-34.13333333333333,-29.161197378333753,29.161197378333753
15,seeqst_uniform,10,mean,1,100,-20.48,-15.507864045000419,15.507864045000419
15,seeqst_uniform,10,mean,1,300,-13.653333333333334,-8.681197378333753,8.681197378333753
15,seeqst_uniform,10,mean,1,1000,-10.24,-5.267864045000419,5.267864045000419
15,seeqst_uniform,10,mean,1,2000,-6.144,-1.1718640450004187,1.1718640450004187
15,seeqst_uniform,10,mean,1,3000,-6.826666666666667,-1.8545307116670857,1.8545307116670857
15,seeqst_uniform,10,mean,1,4000,-5.888,-0.9158640450004185,0.9158640450004185
15,seeqst_uniform,10,mean,1,5000,-6.5536,-1.581464045000419,1.581464045000419
15,seeqst_uniform,10,mean,1,6000,-6.314666666666667,-1.3425307116670853,1.3425307116670853
15,seeqst_uniform,10,mean,1,7000,-5.12,-0.14786404500041872,0.14786404500041872
15,seeqst_uniform,10,mean,1,8000,-4.992,-0.019864045000418606,0.019864045000418606
15,seeqst_uniform,10,mean,1,9000,-4.664888888888889,0.3072470661106923,0.3072470661106923
15,seeqst_uniform,10,mean,1,10000,-4.4032,0.5689359549995814,0.5689359549995814
15,seeqst_binomial_q0.09091,10,mean,1,10,-25.937424604112483,-20.9652886491129,20.9652886491129
15,seeqst_binomial_q0.09091,10,mean,1,30,-25.937424604112483,-20.9652886491129,20.9652886491129
15,seeqst_binomial_q0.09091,10,mean,1,100,-7.7812273812337445,-2.809091426234163,2.809091426234163
15,seeqst_binomial_q0.09091,10,mean,1,300,-6.052065740959581,-1.0799297859599992,1.0799297859599992
15,seeqst_binomial_q0.09091,10,mean,1,1000,-1.815619722287874,3.1565162327117076,3.1565162327117076
15,seeqst_binomial_q0.09091,10,mean,1,2000,-3.3718651985346235,1.6002707564649579,1.6002707564649579
15,seeqst_binomial_q0.09091,10,mean,1,3000,-2.939574788466082,2.0325611665334993,2.0325611665334993
15,seeqst_binomial_q0.09091,10,mean,1,4000,-4.020300813637436,0.9518351413621451,0.9518351413621451
15,seeqst_binomial_q0.09091,10,mean,1,5000,-3.6831142937839707,1.2890216612156107,1.2890216612156107
15,seeqst_binomial_q0.09091,10,mean,1,6000,-4.149987936657989,0.8221480183415926,0.8221480183415926
15,seeqst_binomial_q0.09091,10,mean,1,7000,-4.742843356180553,0.2292925988190282,0.2292925988190282
15,seeqst_binomial_q0.09091,10,mean,1,8000,-5.155063140067337,-0.18292718506775518,0.18292718506775518
15,seeqst_binomial_q0.09091,10,mean,1,9000,-5.216304281493711,-0.24416832649412967,0.24416832649412967
15,seeqst_binomial_q0.09091,10,mean,1,10000,-5.161547496218362,-0.18941154121878068,0.18941154121878068
15,seeqst_binomial_q0.5,10,mean,1,10,0.0,4.972135954999581,4.972135954999581
15,seeqst_binomial_q0.5,10,mean,1,30,0.0,4.972135954999581,4.972135954999581
15,seeqst_binomial_q0.5,10,mean,1,100,-10.24,-5.267864045000419,5.267864045000419
15,seeqst_binomial_q0.5,10,mean,1,300,-13.653333333333334,-8.681197378333753,8.681197378333753
15,seeqst_binomial_q0.5,10,mean,1,1000,-9.216,-4.243864045000418,4.243864045000418
15,seeqst_binomial_q0.5,10,mean,1,2000,-5.632,-0.6598640450004183,0.6598640450004183
15,seeqst_binomial_q0.5,10,mean,1,3000,-3.4133333333333336,1.5588026216662478,1.5588026216662478
15,seeqst_binomial_q0.5,10,mean,1,4000,-4.608,0.36413595499958173,0.36413595499958173
15,seeqst_binomial_q0.5,10,mean,1,5000,-4.9152,0.05693595499958182,0.05693595499958182
15,seeqst_binomial_q0.5,10,mean,1,6000,-5.461333333333333,-0.48919737833375176,0.48919737833375176
15,seeqst_binomial_q0.5,10,mean,1,7000,-5.7051428571428575,-0.7330069021432761,0.7330069021432761
15,seeqst_binomial_q0.5,10,mean,1,8000,-5.12,-0.14786404500041872,0.14786404500041872
15,seeqst_binomial_q0.5,10,mean,1,9000,-4.892444444444444,0.07969151055513723,0.07969151055513723
15,seeqst_binomial_q0.5,10,mean,1,10000,-4.9152,0.05693595499958182,0.05693595499958182
15,seeqst_binomial_tuned,10,mean,1,10,-14.901161193847653,-9.929025238848071,9.929025238848071
15,seeqst_binomial_tuned,10,mean,1,30,-14.901161193847653,-9.929025238848071,9.929025238848071
15,seeqst_binomial_tuned,10,mean,1,100,-4.470348358154296,0.5017875968452854,0.5017875968452854
15,seeqst_binomial_tuned,10,mean,1,300,-2.9802322387695304,1.991903716230051,1.991903716230051
15,seeqst_binomial_tuned,10,mean,1,1000,-3.4272670745849605,1.544868880414621,1.544868880414621
15,seeqst_binomial_tuned,10,mean,1,2000,-4.470348358154296,0.5017875968452854,0.5017875968452854
15,seeqst_binomial_tuned,10,mean,1,3000,-4.768371582031249,0.20376437296833227,0.20376437296833227
15,seeqst_binomial_tuned,10,mean,1,4000,-4.6193599700927725,0.35277598490680884,0.35277598490680884
15,seeqst_binomial_tuned,10,mean,1,5000,-4.768371582031249,0.20376437296833227,0.20376437296833227
15,seeqst_binomial_tuned,10,mean,1,6000,-5.31474749247233,-0.34261153747274875,0.34261153747274875
15,seeqst_binomial_tuned,10,mean,1,7000,-5.045107432774134,-0.07297147777455226,0.07297147777455226
15,seeqst_binomial_tuned,10,mean,1,8000,-5.327165126800536,-0.35502917180095483,0.35502917180095483
15,seeqst_binomial_tuned,10,mean,1,9000,-5.347861184014214,-0.37572522901463223,0.37572522901463223
15,seeqst_binomial_tuned,10,mean,1,10000,-5.289912223815917,-0.3177762688163357,0.3177762688163357
16,pauli,10,mean,1,10,1.1249999999999996,6.097135954999581,6.097135954999581
16,pauli,10,mean,1,30,-11.099999999999993,-6.127864045000411,6.127864045000411
16,pauli,10,mean,1,100,2.317499999999996,7.289635954999577,7.289635954999577
16,pauli,10,mean,1,300,1.709999999999997,6.682135954999579,6.682135954999579
16,pauli,10,mean,1,1000,-4.074749999999999,0.8973859549995824,0.8973859549995824
16,pauli,10,mean,1,2000,-8.591624999999999,-3.6194890450004173,3.6194890450004173
16,pauli,10,mean,1,3000,-8.459999999999999,-3.4878640450004177,3.4878640450004177
16,pauli,10,mean,1,4000,-8.0285625,-3.056426545000418,3.056426545000418
16,pauli,10,mean,1,5000,-7.313849999999999,-2.3417140450004172,2.3417140450004172
16,pauli,10,mean,1,6000,-6.634499999999999,-1.6623640450004178,1.6623640450004178
16,pauli,10,mean,1,7000,-6.116785714285713,-1.144649759286132,1.144649759286132
16,pauli,10,mean,1,8000,-6.605999999999999,-1.6338640450004176,1.6338640450004176
16,pauli,10,mean,1,9000,-6.715249999999999,-1.7431140450004179,1.7431140450004179
16,pauli,10,mean,1,10000,-6.480674999999999,-1.5085390450004175,1.5085390450004175
16,clifford,10,mean,1,10,-51.24999999999992,-46.27786404500034,46.27786404500034
16,clifford,10,mean,1,30,-34.16666666666661,-29.194530711667028,29.194530711667028
16,clifford,10,mean,1,100,-12.812499999999975,-7.840364045000394,7.840364045000394
16,clifford,10,mean,1,300,-9.395833333333313,-4.423697378333731,4.423697378333731
16,clifford,10,mean,1,1000,-4.099999999999989,0.8721359549995924,0.8721359549995924
16,clifford,10,mean,1,2000,-3.4593749999999917,1.5127609549995897,1.5127609549995897
16,clifford,10,mean,1,3000,-3.843749999999995,1.1283859549995863,1.1283859549995863
16,clifford,10,mean,1,4000,-3.4593749999999965,1.5127609549995849,1.5127609549995849
16,clifford,10,mean,1,5000,-3.4849999999999963,1.487135954999585,1.487135954999585
16,clifford,10,mean,1,6000,-2.9895833333333304,1.982552621666251,1.982552621666251
16,clifford,10,mean,1,7000,-3.36785714285714,1.6042788121424412,1.6042788121424412
16,clifford,10,mean,1,8000,-3.459374999999998,1.5127609549995835,1.5127609549995835
16,clifford,10,mean,1,9000,-3.644444444444442,1.3276915105551392,1.3276915105551392
16,clifford,10,mean,1,10000,-3.7412499999999977,1.2308859549995836,1.2308859549995836
16,seeqst_uniform,10,mean,1,10,0.0,4.972135954999581,4.972135954999581
16,seeqst_uniform,10,mean,1,30,0.0,4.972135954999581,4.972135954999581
16,seeqst_uniform,10,mean,1,100,0.0,4.972135954999581,4.972135954999581
16,seeqst_uniform,10,mean,1,300,-6.826666666666667,-1.8545307116670857,1.8545307116670857
16,seeqst_uniform,10,mean,1,1000,-6.144,-1.1718640450004187,1.1718640450004187
16,seeqst_uniform,10,mean,1,2000,-5.632,-0.6598640450004183,0.6598640450004183
16,seeqst_uniform,10,mean,1,3000,-4.778666666666667,0.19346928833291432,0.19346928833291432
16,seeqst_uniform,10,mean,1,4000,-4.096,0.8761359549995813,0.8761359549995813
16,seeqst_uniform,10,mean,1,5000,-5.5296,-0.5574640450004189,0.5574640450004189
16,seeqst_uniform,10,mean,1,6000,-5.290666666666667,-0.31853071166708524,0.31853071166708524
16,seeqst_uniform,10,mean,1,7000,-4.534857142857143,0.4372788121424387,0.4372788121424387
16,seeqst_uniform,10,mean,1,8000,-4.992,-0.019864045000418606,0.019864045000418606
16,seeqst_uniform,10,mean,1,9000,-5.461333333333333,-0.48919737833375176,0.48919737833375176
16,seeqst_uniform,10,mean,1,10000,-6.3488,-1.3766640450004184,1.3766640450004184
16,seeqst_binomial_q0.09091,10,mean,1,10,-25.937424604112483,-20.9652886491129,20.9652886491129
16,seeqst_binomial_q0.09091,10,mean,1,30,0.0,4.972135954999581,4.972135954999581
16,seeqst_binomial_q0.09091,10,mean,1,100,0.0,4.972135954999581,4.972135954999581
16,seeqst_binomial_q0.09091,10,mean,1,300,-5.187484920822497,-0.21534896582291552,0.21534896582291552
16,seeqst_binomial_q0.09091,10,mean,1,1000,-2.593742460411249,2.3783934945883325,2.3783934945883325
16,seeqst_binomial_q0.09091,10,mean,1,2000,-3.6312394445757485,1.3408965104238328,1.3408965104238328
16,seeqst_binomial_q0.09091,10,mean,1,3000,-3.1124909524934985,1.859645002506083,1.859645002506083
16,seeqst_binomial_q0.09091,10,mean,1,4000,-4.27967505967856,0.6924608953210214,0.6924608953210214
16,seeqst_binomial_q0.09091,10,mean,1,5000,-4.253737635074442,0.7183983199251394,0.7183983199251394
16,seeqst_binomial_q0.09091,10,mean,1,6000,-3.9770717726305733,0.9950641823690081,0.9950641823690081
16,seeqst_binomial_q0.09091,10,mean,1,7000,-4.112934472937826,0.8592014820617555,0.8592014820617555
16,seeqst_binomial_q0.09091,10,mean,1,8000,-3.8581919098617203,1.113944045137861,1.113944045137861
16,seeqst_binomial_q0.09091,10,mean,1,9000,-3.832974969274388,1.1391609857251934,1.1391609857251934
16,seeqst_binomial_q0.09091,10,mean,1,10000,-4.098113087449756,0.8740228675498249,0.8740228675498249
16,seeqst_binomial_q0.5,10,mean,1,10,0.0,4.972135954999581,4.972135954999581
16,seeqst_binomial_q0.5,10,mean,1,30,0.0,4.972135954999581,4.972135954999581
16,seeqst_binomial_q0.5,10,mean,1,100,0.0,4.972135954999581,4.972135954999581
16,seeqst_binomial_q0.5,10,mean,1,300,-3.4133333333333336,1.5588026216662478,1.5588026216662478
16,seeqst_binomial_q0.5,10,mean,1,1000,-3.072,1.9001359549995813,1.9001359549995813
16,seeqst_binomial_q0.5,10,mean,1,2000,-5.632,-0.6598640450004183,0.6598640450004183
16,seeqst_binomial_q0.5,10,mean,1,3000,-9.216,-4.243864045000418,4.243864045000418
16,seeqst_binomial_q0.5,10,mean,1,4000,-8.448,-3.475864045000419,3.475864045000419
16,seeqst_binomial_q0.5,10,mean,1,5000,-7.7824,-2.8102640450004186,2.8102640450004186
16,seeqst_binomial_q0.5,10,mean,1,6000,-7.850666666666666,-2.878530711667085,2.878530711667085
16,seeqst_binomial_q0.5,10,mean,1,7000,-7.460571428571429,-2.4884354735718475,2.4884354735718475
16,seeqst_binomial_q0.5,10,mean,1,8000,-6.912,-1.9398640450004185,1.9398640450004185
16,seeqst_binomial_q0.5,10,mean,1,9000,-7.395555555555555,-2.423419600555974,2.423419600555974
16,seeqst_binomial_q0.5,10,mean,1,10000,-6.656,-1.6838640450004183,1.6838640450004183
16,seeqst_binomial_tuned,10,mean,1,10,0.0,4.972135954999581,4.972135954999581
16,seeqst_binomial_tuned,10,mean,1,30,-4.967053731282551,0.005082223717030487,0.005082223717030487
16,seeqst_binomial_tuned,10,mean,1,100,-2.980232238769531,1.9919037162300506,1.9919037162300506
16,seeqst_binomial_tuned,10,mean,1,300,-8.443991343180336,-3.471855388180755,3.471855388180755
16,seeqst_binomial_tuned,10,mean,1,1000,-7.152557373046874,-2.1804214180472927,2.1804214180472927
16,seeqst_binomial_tuned,10,mean,1,2000,-5.6624412536621085,-0.6903052986625271,0.6903052986625271
16,seeqst_binomial_tuned,10,mean,1,3000,-5.712111790974934,-0.7399758359753523,0.7399758359753523
16,seeqst_binomial_tuned,10,mean,1,4000,-5.960464477539062,-0.9883285225394802,0.9883285225394802
16,seeqst_binomial_tuned,10,mean,1,5000,-5.692243576049804,-0.7201076210502224,0.7201076210502224
16,seeqst_binomial_tuned,10,mean,1,6000,-5.885958671569823,-0.9138227165702419,0.9138227165702419
16,seeqst_binomial_tuned,10,mean,1,7000,-5.7901654924665165,-0.8180295374669351,0.8180295374669351
16,seeqst_binomial_tuned,10,mean,1,8000,-5.979090929031371,-1.0069549740317898,1.0069549740317898
16,seeqst_binomial_tuned,10,mean,1,9000,-6.010135014851887,-1.0379990598523055,1.0379990598523055
16,seeqst_binomial_tuned,10,mean,1,10000,-5.930662155151366,-0.9585262001517849,0.9585262001517849
17,pauli,10,mean,1,10,2.0249999999999977,6.997135954999579,6.997135954999579
17,pauli,10,mean,1,30,-2.85,2.1221359549995813,2.1221359549995813
17,pauli,10,mean,1,100,-12.509999999999993,-7.537864045000411,7.537864045000411
17,pauli,10,mean,1,300,-5.684999999999999,-0.7128640450004173,0.7128640450004173
17,pauli,10,mean,1,1000,-1.4400000000000002,3.532135954999581,3.532135954999581
17,pauli,10,mean,1,2000,-2.9351249999999998,2.0370109549995816,2.0370109549995816
17,pauli,10,mean,1,3000,-4.044,0.9281359549995818,0.9281359549995818
17,pauli,10,mean,1,4000,-3.6320625,1.3400734549995814,1.3400734549995814
17,pauli,10,mean,1,5000,-3.64635,1.3257859549995814,1.3257859549995814
17,pauli,10,mean,1,6000,-3.917625,1.0545109549995813,1.0545109549995813
17,pauli,10,mean,1,7000,-3.978642857142857,0.9934930978567245,0.9934930978567245
17,pauli,10,mean,1,8000,-3.627,1.3451359549995816,1.3451359549995816
17,pauli,10,mean,1,9000,-3.888,1.0841359549995815,1.0841359549995815
17,pauli,10,mean,1,10000,-4.232025,0.7401109549995812,0.7401109549995812
17,clifford,10,mean,1,10,25.624999999999954,30.597135954999537,30.597135954999537
17,clifford,10,mean,1,30,8.541666666666654,13.513802621666235,13.513802621666235
17,clifford,10,mean,1,100,5.125,10.097135954999581,10.097135954999581
17,clifford,10,mean,1,300,0.8541666666666672,5.826302621666248,5.826302621666248
17,clifford,10,mean,1,1000,-3.3312499999999927,1.6408859549995887,1.6408859549995887
17,clifford,10,mean,1,2000,-2.6906249999999936,2.281510954999588,2.281510954999588
17,clifford,10,mean,1,3000,-2.989583333333329,1.9825526216662523,1.9825526216662523
17,clifford,10,mean,1,4000,-3.7156249999999953,1.256510954999586,1.256510954999586
17,clifford,10,mean,1,5000,-2.8187499999999948,2.1533859549995866,2.1533859549995866
17,clifford,10,mean,1,6000,-2.861458333333329,2.110677621666252,2.110677621666252
17,clifford,10,mean,1,7000,-2.196428571428567,2.775707383571014,2.775707383571014
17,clifford,10,mean,1,8000,-2.6906249999999963,2.281510954999585,2.281510954999585
17,clifford,10,mean,1,9000,-3.103472222222219,1.8686637327773625,1.8686637327773625
17,clifford,10,mean,1,10000,-3.203124999999997,1.7690109549995845,1.7690109549995845
17,seeqst_uniform,10,mean,1,10,0.0,4.972135954999581,4.972135954999581
17,seeqst_uniform,10,mean,1,30,0.0,4.972135954999581,4.972135954999581
17,seeqst_uniform,10,mean,1,100,-10.24,-5.267864045000419,5.267864045000419
17,seeqst_uniform,10,mean,1,300,-6.826666666666667,-1.8545307116670857,1.8545307116670857
17,seeqst_uniform,10,mean,1,1000,-8.192,-3.219864045000419,3.219864045000419
17,seeqst_uniform,10,mean,1,2000,-6.656,-1.6838640450004183,1.6838640450004183
17,seeqst_uniform,10,mean,1,3000,-7.168,-2.1958640450004188,2.1958640450004188
17,seeqst_uniform,10,mean,1,4000,-7.68,-2.7078640450004183,2.7078640450004183
17,seeqst_uniform,10,mean,1,5000,-7.7824,-2.8102640450004186,2.8102640450004186
17,seeqst_uniform,10,mean,1,6000,-6.826666666666667,-1.8545307116670857,1.8545307116670857
17,seeqst_uniform,10,mean,1,7000,-7.168,-2.1958640450004188,2.1958640450004188
17,seeqst_uniform,10,mean,1,8000,-7.296,-2.323864045000419,2.323864045000419
17,seeqst_uniform,10,mean,1,9000,-6.485333333333333,-1.5131973783337518,1.5131973783337518
17,seeqst_uniform,10,mean,1,10000,-6.2464,-1.274264045000419,1.274264045000419
17,seeqst_binomial_q0.09091,10,mean,1,10,0.0,4.972135954999581,4.972135954999581
17,seeqst_binomial_q0.09091,10,mean,1,30,-8.645808201370828,-3.673672246371247,3.673672246371247
17,seeqst_binomial_q0.09091,10,mean,1,100,-7.7812273812337445,-2.809091426234163,2.809091426234163
17,seeqst_binomial_q0.09091,10,mean,1,300,-10.374969841644996,-5.402833886645414,5.402833886645414
17,seeqst_binomial_q0.09091,10,mean,1,1000,-7.781227381233747,-2.8090914262341657,2.8090914262341657
17,seeqst_binomial_q0.09091,10,mean,1,2000,-6.614043274048685,-1.6419073190491034,1.6419073190491034
17,seeqst_binomial_q0.09091,10,mean,1,3000,-6.484356151028115,-1.512220196028534,1.512220196028534
17,seeqst_binomial_q0.09091,10,mean,1,4000,-5.835920535925299,-0.8637845809257172,0.8637845809257172
17,seeqst_binomial_q0.09091,10,mean,1,5000,-5.550608865280057,-0.5784729102804755,0.5784729102804755
17,seeqst_binomial_q0.09091,10,mean,1,6000,-5.403630125856751,-0.43149417085717,0.43149417085717
17,seeqst_binomial_q0.09091,10,mean,1,7000,-4.965164138501517,0.006971816498064776,0.006971816498064776
17,seeqst_binomial_q0.09091,10,mean,1,8000,-4.863267113271073,0.10886884172850841,0.10886884172850841
17,seeqst_binomial_q0.09091,10,mean,1,9000,-4.985749396123824,-0.013613441124242343,0.013613441124242343
17,seeqst_binomial_q0.09091,10,mean,1,10000,-5.317172043843035,-0.3450360888434538,0.3450360888434538
17,seeqst_binomial_q0.5,10,mean,1,10,0.0,4.972135954999581,4.972135954999581
17,seeqst_binomial_q0.5,10,mean,1,30,0.0,4.972135954999581,4.972135954999581
17,seeqst_binomial_q0.5,10,mean,1,100,0.0,4.972135954999581,4.972135954999581
17,seeqst_binomial_q0.5,10,mean,1,300,3.4133333333333336,8.385469288332915,8.385469288332915
17,seeqst_binomial_q0.5,10,mean,1,1000,-5.12,-0.14786404500041872,0.14786404500041872
17,seeqst_binomial_q0.5,10,mean,1,2000,-3.072,1.9001359549995813,1.9001359549995813
17,seeqst_binomial_q0.5,10,mean,1,3000,-4.437333333333333,0.5348026216662483,0.5348026216662483
17,seeqst_binomial_q0.5,10,mean,1,4000,-4.096,0.8761359549995813,0.8761359549995813
17,seeqst_binomial_q0.5,10,mean,1,5000,-4.9152,0.05693595499958182,0.05693595499958182
17,seeqst_binomial_q0.5,10,mean,1,6000,-4.437333333333333,0.5348026216662483,0.5348026216662483
17,seeqst_binomial_q0.5,10,mean,1,7000,-4.534857142857143,0.4372788121424387,0.4372788121424387
17,seeqst_binomial_q0.5,10,mean,1,8000,-4.608,0.36413595499958173,0.36413595499958173
17,seeqst_binomial_q0.5,10,mean,1,9000,-4.664888888888889,0.3072470661106923,0.3072470661106923
17,seeqst_binomial_q0.5,10,mean,1,10000,-4.9152,0.05693595499958182,0.05693595499958182
17,seeqst_binomial_tuned,10,mean,1,10,-14.901161193847653,-9.929025238848071,9.929025238848071
17,seeqst_binomial_tuned,10,mean,1,30,-4.967053731282551,0.005082223717030487,0.005082223717030487
17,seeqst_binomial_tuned,10,mean,1,100,-5.960464477539062,-0.9883285225394802,0.9883285225394802
17,seeqst_binomial_tuned,10,mean,1,300,-3.973642985026041,0.9984929699735403,0.9984929699735403
17,seeqst_binomial_tuned,10,mean,1,1000,-4.768371582031249,0.20376437296833227,0.20376437296833227
17,seeqst_binomial_tuned,10,mean,1,2000,-5.364418029785155,-0.392282074785574,0.392282074785574
17,seeqst_binomial_tuned,10,mean,1,3000,-4.967053731282552,0.005082223717029599,0.005082223717029599
17,seeqst_binomial_tuned,10,mean,1,4000,-5.6624412536621085,-0.6903052986625271,0.6903052986625271
17,seeqst_binomial_tuned,10,mean,1,5000,-5.125999450683593,-0.15386349568401148,0.15386349568401148
17,seeqst_binomial_tuned,10,mean,1,6000,-4.8677126566569004,0.10442329834268094,0.10442329834268094
17,seeqst_binomial_tuned,10,mean,1,7000,-4.98124531337193,-0.009109358372348275,0.009109358372348275
17,seeqst_binomial_tuned,10,mean,1,8000,-5.15952706336975,-0.1873911083701687,0.1873911083701687
17,seeqst_binomial_tuned,10,mean,1,9000,-4.9836105770534935,-0.011474622053912142,0.011474622053912142
17,seeqst_binomial_tuned,10,mean,1,10000,-4.82797622680664,0.14415972819294165,0.14415972819294165
18,pauli,10,mean,1,10,7.874999999999995,12.847135954999576,12.847135954999576
18,pauli,10,mean,1,30,-0.6749999999999997,4.297135954999582,4.297135954999582
18,pauli,10,mean,1,100,1.5974999999999977,6.569635954999579,6.569635954999579
18,pauli,10,mean,1,300,17.714999999999993,22.687135954999576,22.687135954999576
18,pauli,10,mean,1,1000,4.090499999999998,9.062635954999578,9.062635954999578
18,pauli,10,mean,1,2000,0.9652499999999979,5.937385954999579,5.937385954999579
18,pauli,10,mean,1,3000,-1.0237500000000008,3.948385954999581,3.948385954999581
18,pauli,10,mean,1,4000,-2.1532500000000003,2.818885954999581,2.818885954999581
18,pauli,10,mean,1,5000,-2.7846,2.187535954999581,2.187535954999581
18,pauli,10,mean,1,6000,-3.44175,1.5303859549995815,1.5303859549995815
18,pauli,10,mean,1,7000,-3.7308214285714287,1.2413145264281527,1.2413145264281527
18,pauli,10,mean,1,8000,-3.8295,1.1426359549995815,1.1426359549995815
18,pauli,10,mean,1,9000,-4.28275,0.6893859549995813,0.6893859549995813
18,pauli,10,mean,1,10000,-4.644,0.32813595499958126,0.32813595499958126
18,clifford,10,mean,1,10,25.624999999999964,30.597135954999544,30.597135954999544
18,clifford,10,mean,1,30,8.541666666666694,13.513802621666276,13.513802621666276
18,clifford,10,mean,1,100,-5.124999999999966,-0.15286404500038486,0.15286404500038486
18,clifford,10,mean,1,300,-5.979166666666651,-1.0070307116670696,1.0070307116670696
18,clifford,10,mean,1,1000,-3.074999999999994,1.8971359549995874,1.8971359549995874
18,clifford,10,mean,1,2000,-2.6906249999999945,2.281510954999587,2.281510954999587
18,clifford,10,mean,1,3000,-1.8791666666666602,3.092969288332921,3.092969288332921
18,clifford,10,mean,1,4000,-2.306249999999993,2.6658859549995886,2.6658859549995886
18,clifford,10,mean,1,5000,-2.3574999999999937,2.6146359549995877,2.6146359549995877
18,clifford,10,mean,1,6000,-3.074999999999994,1.8971359549995874,1.8971359549995874
18,clifford,10,mean,1,7000,-3.038392857142852,1.9337430978567296,1.9337430978567296
18,clifford,10,mean,1,8000,-3.3632812499999956,1.6088547049995858,1.6088547049995858
18,clifford,10,mean,1,9000,-2.9895833333333295,1.982552621666252,1.982552621666252
18,clifford,10,mean,1,10000,-3.074999999999996,1.8971359549995852,1.8971359549995852
18,seeqst_uniform,10,mean,1,10,0.0,4.972135954999581,4.972135954999581
18,seeqst_uniform,10,mean,1,30,0.0,4.972135954999581,4.972135954999581
18,seeqst_uniform,10,mean,1,100,10.24,15.212135954999582,15.212135954999582
18,seeqst_uniform,10,mean,1,300,6.826666666666667,11.798802621666248,11.798802621666248
18,seeqst_uniform,10,mean,1,1000,2.048,7.020135954999581,7.020135954999581
18,seeqst_uniform,10,mean,1,2000,-1.024,3.9481359549995814,3.9481359549995814
18,seeqst_uniform,10,mean,1,3000,-0.3413333333333333,4.630802621666248,4.630802621666248
18,seeqst_uniform,10,mean,1,4000,-1.536,3.4361359549995814,3.4361359549995814
18,seeqst_uniform,10,mean,1,5000,-3.6864,1.2857359549995815,1.2857359549995815
18,seeqst_uniform,10,mean,1,6000,-4.096,0.8761359549995813,0.8761359549995813
18,seeqst_uniform,10,mean,1,7000,-4.973714285714285,-0.0015783307147039238,0.0015783307147039238
18,seeqst_uniform,10,mean,1,8000,-4.864,0.10813595499958151,0.10813595499958151
18,seeqst_uniform,10,mean,1,9000,-5.12,-0.14786404500041872,0.14786404500041872
18,seeqst_uniform,10,mean,1,10000,-5.2224,-0.250264045000419,0.250264045000419
18,seeqst_binomial_q0.09091,10,mean,1,10,0.0,4.972135954999581,4.972135954999581
18,seeqst_binomial_q0.09091,10,mean,1,30,0.0,4.972135954999581,4.972135954999581
18,seeqst_binomial_q0.09091,10,mean,1,100,-5.187484920822496,-0.21534896582291463,0.21534896582291463
18,seeqst_binomial_q0.09091,10,mean,1,300,-5.187484920822497,-0.21534896582291552,0.21534896582291552
18,seeqst_binomial_q0.09091,10,mean,1,1000,-1.5562454762467492,3.415890478752832,3.415890478752832
18,seeqst_binomial_q0.09091,10,mean,1,2000,-4.5390493057196855,0.43308664927989593,0.43308664927989593
18,seeqst_binomial_q0.09091,10,mean,1,3000,-5.10102683880879,-0.1288908838092082,0.1288908838092082
18,seeqst_binomial_q0.09091,10,mean,1,4000,-4.733579990250525,0.2385559647490565,0.2385559647490565
18,seeqst_binomial_q0.09091,10,mean,1,5000,-4.772486127156688,0.19964982784289376,0.19964982784289376
18,seeqst_binomial_q0.09091,10,mean,1,6000,-5.0577977978019195,-0.08566184280233813,0.08566184280233813
18,seeqst_binomial_q0.09091,10,mean,1,7000,-4.668736428740233,0.30339952625934874,0.30339952625934874
18,seeqst_binomial_q0.09091,10,mean,1,8000,-4.668736428740231,0.3033995262593505,0.3033995262593505
18,seeqst_binomial_q0.09091,10,mean,1,9000,-4.841652592767645,0.1304833622319368,0.1304833622319368
18,seeqst_binomial_q0.09091,10,mean,1,10000,-5.0318603731978,-0.05972441819821839,0.05972441819821839
18,seeqst_binomial_q0.5,10,mean,1,10,0.0,4.972135954999581,4.972135954999581
18,seeqst_binomial_q0.5,10,mean,1,30,-34.13333333333333,-29.161197378333753,29.161197378333753
18,seeqst_binomial_q0.5,10,mean,1,100,-10.24,-5.267864045000419,5.267864045000419
18,seeqst_binomial_q0.5,10,mean,1,300,-13.653333333333334,-8.681197378333753,8.681197378333753
18,seeqst_binomial_q0.5,10,mean,1,1000,-5.12,-0.14786404500041872,0.14786404500041872
18,seeqst_binomial_q0.5,10,mean,1,2000,-7.168,-2.1958640450004188,2.1958640450004188
18,seeqst_binomial_q0.5,10,mean,1,3000,-6.144,-1.1718640450004187,1.1718640450004187
18,seeqst_binomial_q0.5,10,mean,1,4000,-6.656,-1.6838640450004183,1.6838640450004183
18,seeqst_binomial_q0.5,10,mean,1,5000,-6.9632,-1.9910640450004182,1.9910640450004182
18,seeqst_binomial_q0.5,10,mean,1,6000,-6.997333333333334,-2.0251973783337522,2.0251973783337522
18,seeqst_binomial_q0.5,10,mean,1,7000,-5.7051428571428575,-0.7330069021432761,0.7330069021432761
18,seeqst_binomial_q0.5,10,mean,1,8000,-6.144,-1.1718640450004187,1.1718640450004187
18,seeqst_binomial_q0.5,10,mean,1,9000,-6.599111111111111,-1.6269751561115298,1.6269751561115298
18,seeqst_binomial_q0.5,10,mean,1,10000,-6.2464,-1.274264045000419,1.274264045000419
18,seeqst_binomial_tuned,10,mean,1,10,-29.802322387695305,-24.830186432695726,24.830186432695726
18,seeqst_binomial_tuned,10,mean,1,30,-29.80232238769531,-24.830186432695726,24.830186432695726
18,seeqst_binomial_tuned,10,mean,1,100,-13.411045074462889,-8.438909119463307,8.438909119463307
18,seeqst_binomial_tuned,10,mean,1,300,-5.960464477539062,-0.9883285225394802,0.9883285225394802
18,seeqst_binomial_tuned,10,mean,1,1000,-5.6624412536621085,-0.6903052986625271,0.6903052986625271
18,seeqst_binomial_tuned,10,mean,1,2000,-6.48200511932373,-1.5098691643241482,1.5098691643241482
18,seeqst_binomial_tuned,10,mean,1,3000,-5.9107939402262355,-0.9386579852266541,0.9386579852266541
18,seeqst_binomial_tuned,10,mean,1,4000,-5.550682544708251,-0.5785465897086697,0.5785465897086697
18,seeqst_binomial_tuned,10,mean,1,5000,-4.976987838745116,-0.004851883745534913,0.004851883745534913
18,seeqst_binomial_tuned,10,mean,1,6000,-4.818042119344075,0.15409383565550616,0.15409383565550616
18,seeqst_binomial_tuned,10,mean,1,7000,-4.6193599700927725,0.35277598490680884,0.35277598490680884
18,seeqst_binomial_tuned,10,mean,1,8000,-4.414469003677367,0.5576669513222141,0.5576669513222141
18,seeqst_binomial_tuned,10,mean,1,9000,-4.735257890489366,0.23687806451021576,0.23687806451021576
18,seeqst_binomial_tuned,10,mean,1,10000,-4.813075065612792,0.1590608893867893,0.1590608893867893
19,pauli,10,mean,1,10,-2.2499999999999987,2.7221359549995827,2.7221359549995827
19,pauli,10,mean,1,30,-2.7000000000000006,2.2721359549995808,2.2721359549995808
19,pauli,10,mean,1,100,-5.174999999999999,-0.20286404500041755,0.20286404500041755
19,pauli,10,mean,1,300,-4.394999999999999,0.5771359549995827,0.5771359549995827
19,pauli,10,mean,1,1000,-4.36725,0.6048859549995811,0.6048859549995811
19,pauli,10,mean,1,2000,-5.318999999999999,-0.3468640450004177,0.3468640450004177
19,pauli,10,mean,1,3000,-2.4015,2.5706359549995814,2.5706359549995814
19,pauli,10,mean,1,4000,-1.2110625000000004,3.761073454999581,3.761073454999581
19,pauli,10,mean,1,5000,-2.93535,2.0367859549995813,2.0367859549995813
19,pauli,10,mean,1,6000,-2.882625,2.0895109549995814,2.0895109549995814
19,pauli,10,mean,1,7000,-2.531892857142857,2.440243097856724,2.440243097856724
19,pauli,10,mean,1,8000,-3.25659375,1.7155422049995814,1.7155422049995814
19,pauli,10,mean,1,9000,-3.1505,1.8216359549995813,1.8216359549995813
19,pauli,10,mean,1,10000,-3.215025,1.7571109549995816,1.7571109549995816
19,clifford,10,mean,1,10,-25.624999999999954,-20.65286404500037,20.65286404500037
19,clifford,10,mean,1,30,-17.08333333333329,-12.111197378333708,12.111197378333708
19,clifford,10,mean,1,100,-2.5624999999999982,2.409635954999583,2.409635954999583
19,clifford,10,mean,1,300,-4.270833333333324,0.7013026216662572,0.7013026216662572
19,clifford,10,mean,1,1000,-4.868749999999989,0.10338595499959258,0.10338595499959258
19,clifford,10,mean,1,2000,-3.2031249999999925,1.769010954999589,1.769010954999589
19,clifford,10,mean,1,3000,-3.9291666666666605,1.042969288332921,1.042969288332921
19,clifford,10,mean,1,4000,-2.6265624999999937,2.3455734549995877,2.3455734549995877
19,clifford,10,mean,1,5000,-3.2799999999999936,1.6921359549995878,1.6921359549995878
19,clifford,10,mean,1,6000,-4.270833333333328,0.7013026216662537,0.7013026216662537
19,clifford,10,mean,1,7000,-4.02678571428571,0.9453502407138714,0.9453502407138714
19,clifford,10,mean,1,8000,-4.003906249999996,0.9682297049995858,0.9682297049995858
19,clifford,10,mean,1,9000,-4.41319444444444,0.5589415105551412,0.5589415105551412
19,clifford,10,mean,1,10000,-4.433124999999996,0.5390109549995854,0.5390109549995854
19,seeqst_uniform,10,mean,1,10,0.0,4.972135954999581,4.972135954999581
19,seeqst_uniform,10,mean,1,30,-34.13333333333333,-29.161197378333753,29.161197378333753
19,seeqst_uniform,10,mean,1,100,-10.24,-5.267864045000419,5.267864045000419
19,seeqst_uniform,10,mean,1,300,-3.4133333333333336,1.5588026216662478,1.5588026216662478
19,seeqst_uniform,10,mean,1,1000,-5.12,-0.14786404500041872,0.14786404500041872
19,seeqst_uniform,10,mean,1,2000,-5.12,-0.14786404500041872,0.14786404500041872
19,seeqst_uniform,10,mean,1,3000,-5.12,-0.14786404500041872,0.14786404500041872
19,seeqst_uniform,10,mean,1,4000,-7.168,-2.1958640450004188,2.1958640450004188
19,seeqst_uniform,10,mean,1,5000,-6.7584,-1.7862640450004186,1.7862640450004186
19,seeqst_uniform,10,mean,1,6000,-6.656,-1.6838640450004183,1.6838640450004183
19,seeqst_uniform,10,mean,1,7000,-6.436571428571429,-1.4644354735718474,1.4644354735718474
19,seeqst_uniform,10,mean,1,8000,-6.528,-1.5558640450004182,1.5558640450004182
19,seeqst_uniform,10,mean,1,9000,-6.485333333333333,-1.5131973783337518,1.5131973783337518
19,seeqst_uniform,10,mean,1,10000,-6.3488,-1.3766640450004184,1.3766640450004184
19,seeqst_binomial_q0.09091,10,mean,1,10,0.0,4.972135954999581,4.972135954999581
19,seeqst_binomial_q0.09091,10,mean,1,30,8.645808201370828,13.61794415637041,13.61794415637041
19,seeqst_binomial_q0.09091,10,mean,1,100,-2.593742460411248,2.3783934945883334,2.3783934945883334
19,seeqst_binomial_q0.09091,10,mean,1,300,-1.7291616402741654,3.2429743147254158,3.2429743147254158
19,seeqst_binomial_q0.09091,10,mean,1,1000,-5.706233412904748,-0.7340974579051665,0.7340974579051665
19,seeqst_binomial_q0.09091,10,mean,1,2000,-6.35466902800756,-1.3825330730079788,1.3825330730079788
19,seeqst_binomial_q0.09091,10,mean,1,3000,-5.619775330891039,-0.6476393758914574,0.6476393758914574
19,seeqst_binomial_q0.09091,10,mean,1,4000,-5.771076974415018,-0.7989410194154365,0.7989410194154365
19,seeqst_binomial_q0.09091,10,mean,1,5000,-5.550608865280057,-0.5784729102804755,0.5784729102804755
19,seeqst_binomial_q0.09091,10,mean,1,6000,-5.144255879815627,-0.17211992481604543,0.17211992481604543
19,seeqst_binomial_q0.09091,10,mean,1,7000,-5.29864531198296,-0.3265093569833786,0.3265093569833786
19,seeqst_binomial_q0.09091,10,mean,1,8000,-5.122641359312196,-0.1505054043126144,0.1505054043126144
19,seeqst_binomial_q0.09091,10,mean,1,9000,-5.101026838808767,-0.128890883809186,0.128890883809186
19,seeqst_binomial_q0.09091,10,mean,1,10000,-5.317172043843035,-0.3450360888434538,0.3450360888434538
19,seeqst_binomial_q0.5,10,mean,1,10,0.0,4.972135954999581,4.972135954999581
19,seeqst_binomial_q0.5,10,mean,1,30,-34.13333333333333,-29.161197378333753,29.161197378333753
19,seeqst_binomial_q0.5,10,mean,1,100,-10.24,-5.267864045000419,5.267864045000419
19,seeqst_binomial_q0.5,10,mean,1,300,3.4133333333333336,8.385469288332915,8.385469288332915
19,seeqst_binomial_q0.5,10,mean,1,1000,0.0,4.972135954999581,4.972135954999581
19,seeqst_binomial_q0.5,10,mean,1,2000,-2.048,2.9241359549995813,2.9241359549995813
19,seeqst_binomial_q0.5,10,mean,1,3000,-3.7546666666666666,1.2174692883329148,1.2174692883329148
19,seeqst_binomial_q0.5,10,mean,1,4000,-4.352,0.6201359549995811,0.6201359549995811
19,seeqst_binomial_q0.5,10,mean,1,5000,-4.5056,0.4665359549995811,0.4665359549995811
19,seeqst_binomial_q0.5,10,mean,1,6000,-4.778666666666667,0.19346928833291432,0.19346928833291432
19,seeqst_binomial_q0.5,10,mean,1,7000,-4.096,0.8761359549995813,0.8761359549995813
19,seeqst_binomial_q0.5,10,mean,1,8000,-4.224,0.7481359549995812,0.7481359549995812
19,seeqst_binomial_q0.5,10,mean,1,9000,-4.323555555555555,0.6485803994440262,0.6485803994440262
19,seeqst_binomial_q0.5,10,mean,1,10000,-4.3008,0.6713359549995817,0.6713359549995817
19,seeqst_binomial_tuned,10,mean,1,10,0.0,4.972135954999581,4.972135954999581
19,seeqst_binomial_tuned,10,mean,1,30,0.0,4.972135954999581,4.972135954999581
19,seeqst_binomial_tuned,10,mean,1,100,-5.960464477539062,-0.9883285225394802,0.9883285225394802
19,seeqst_binomial_tuned,10,mean,1,300,-3.973642985026041,0.9984929699735403,0.9984929699735403
19,seeqst_binomial_tuned,10,mean,1,1000,-4.470348358154296,0.5017875968452854,0.5017875968452854
19,seeqst_binomial_tuned,10,mean,1,2000,-4.917383193969726,0.05475276102985571,0.05475276102985571
19,seeqst_binomial_tuned,10,mean,1,3000,-5.116065343221028,-0.14392938822144696,0.14392938822144696
19,seeqst_binomial_tuned,10,mean,1,4000,-5.438923835754394,-0.46678788075481226,0.46678788075481226
19,seeqst_binomial_tuned,10,mean,1,5000,-5.304813385009765,-0.33267743001018335,0.33267743001018335
19,seeqst_binomial_tuned,10,mean,1,6000,-5.116065343221028,-0.14392938822144696,0.14392938822144696
19,seeqst_binomial_tuned,10,mean,1,7000,-5.066394805908202,-0.09425885090862085,0.09425885090862085
19,seeqst_binomial_tuned,10,mean,1,8000,-5.476176738739013,-0.5040407837394314,0.5040407837394314
19,seeqst_binomial_tuned,10,mean,1,9000,-5.480315950181748,-0.508179995182167,0.508179995182167
19,seeqst_binomial_tuned,10,mean,1,10000,-5.33461570739746,-0.36247975239787866,0.36247975239787866
20,pauli,10,mean,1,10,-1.799999999999999,3.1721359549995825,3.1721359549995825
20,pauli,10,mean,1,30,-1.9499999999999997,3.0221359549995817,3.0221359549995817
20,pauli,10,mean,1,100,-0.6075000000000021,4.36463595499958,4.36463595499958
20,pauli,10,mean,1,300,-2.6550000000000007,2.3171359549995807,2.3171359549995807
20,pauli,10,mean,1,1000,-3.00375,1.9683859549995812,1.9683859549995812
20,pauli,10,mean,1,2000,-5.323499999999998,-0.35136404500041696,0.35136404500041696
20,pauli,10,mean,1,3000,-3.555,1.4171359549995812,1.4171359549995812
20,pauli,10,mean,1,4000,-3.8654999999999995,1.106635954999582,1.106635954999582
20,pauli,10,mean,1,5000,-4.046849999999999,0.9252859549995822,0.9252859549995822
20,pauli,10,mean,1,6000,-4.524374999999999,0.44776095499958224,0.44776095499958224
20,pauli,10,mean,1,7000,-4.445357142857143,0.5267788121424388,0.5267788121424388
20,pauli,10,mean,1,8000,-5.311124999999999,-0.3389890450004174,0.3389890450004174
20,pauli,10,mean,1,9000,-5.217499999999999,-0.24536404500041797,0.24536404500041797
20,pauli,10,mean,1,10000,-5.219999999999999,-0.24786404500041748,0.24786404500041748
20,clifford,10,mean,1,10,51.24999999999987,56.22213595499945,56.22213595499945
20,clifford,10,mean,1,30,17.083333333333297,22.05546928833288,22.05546928833288
20,clifford,10,mean,1,100,-4.170848315794634e-15,4.972135954999577,4.972135954999577
20,clifford,10,mean,1,300,0.8541666666666621,5.826302621666244,5.826302621666244
20,clifford,10,mean,1,1000,-1.5374999999999934,3.434635954999588,3.434635954999588
20,clifford,10,mean,1,2000,-2.6906249999999905,2.281510954999591,2.281510954999591
20,clifford,10,mean,1,3000,-3.160416666666657,1.8117192883329243,1.8117192883329243
20,clifford,10,mean,1,4000,-3.395312499999992,1.5768234549995892,1.5768234549995892
20,clifford,10,mean,1,5000,-2.9724999999999944,1.999635954999587,1.999635954999587
20,clifford,10,mean,1,6000,-3.544791666666662,1.4273442883329195,1.4273442883329195
20,clifford,10,mean,1,7000,-4.136607142857138,0.8355288121424431,0.8355288121424431
20,clifford,10,mean,1,8000,-3.9078124999999964,1.064323454999585,1.064323454999585
20,clifford,10,mean,1,9000,-3.9006944444444414,1.07144151055514,1.07144151055514
20,clifford,10,mean,1,10000,-4.202499999999997,0.7696359549995844,0.7696359549995844
20,seeqst_uniform,10,mean,1,10,0.0,4.972135954999581,4.972135954999581
20,seeqst_uniform,10,mean,1,30,34.13333333333333,39.10546928833291,39.10546928833291
20,seeqst_uniform,10,mean,1,100,0.0,4.972135954999581,4.972135954999581
20,seeqst_uniform,10,mean,1,300,-3.4133333333333336,1.5588026216662478,1.5588026216662478
20,seeqst_uniform,10,mean,1,1000,-5.12,-0.14786404500041872,0.14786404500041872
20,seeqst_uniform,10,mean,1,2000,-7.68,-2.7078640450004183,2.7078640450004183
20,seeqst_uniform,10,mean,1,3000,-6.485333333333333,-1.5131973783337518,1.5131973783337518
20,seeqst_uniform,10,mean,1,4000,-6.144,-1.1718640450004187,1.1718640450004187
20,seeqst_uniform,10,mean,1,5000,-6.3488,-1.3766640450004184,1.3766640450004184
20,seeqst_uniform,10,mean,1,6000,-6.314666666666667,-1.3425307116670853,1.3425307116670853
20,seeqst_uniform,10,mean,1,7000,-6.436571428571429,-1.4644354735718474,1.4644354735718474
20,seeqst_uniform,10,mean,1,8000,-6.784,-1.8118640450004184,1.8118640450004184
20,seeqst_uniform,10,mean,1,9000,-5.802666666666667,-0.8305307116670857,0.8305307116670857
20,seeqst_uniform,10,mean,1,10000,-5.5296,-0.5574640450004189,0.5574640450004189
20,seeqst_binomial_q0.09091,10,mean,1,10,0.0,4.972135954999581,4.972135954999581
20,seeqst_binomial_q0.09091,10,mean,1,30,-8.645808201370828,-3.673672246371247,3.673672246371247
20,seeqst_binomial_q0.09091,10,mean,1,100,-2.593742460411248,2.3783934945883334,2.3783934945883334
20,seeqst_binomial_q0.09091,10,mean,1,300,-0.8645808201370827,4.107555134862499,4.107555134862499
20,seeqst_binomial_q0.09091,10,mean,1,1000,-3.3718651985346235,1.6002707564649579,1.6002707564649579
20,seeqst_binomial_q0.09091,10,mean,1,2000,-3.5015523215551863,1.4705836334443951,1.4705836334443951
20,seeqst_binomial_q0.09091,10,mean,1,3000,-4.149987936657999,0.8221480183415828,0.8221480183415828
20,seeqst_binomial_q0.09091,10,mean,1,4000,-3.6960830060860297,1.2760529489135517,1.2760529489135517
20,seeqst_binomial_q0.09091,10,mean,1,5000,-3.9943633890333183,0.977772565966263,0.977772565966263
20,seeqst_binomial_q0.09091,10,mean,1,6000,-3.8473846496100115,1.12475130538957,1.12475130538957
20,seeqst_binomial_q0.09091,10,mean,1,7000,-3.927667154337023,1.0444688006625582,1.0444688006625582
20,seeqst_binomial_q0.09091,10,mean,1,8000,-4.182409717413125,0.7897262375864562,0.7897262375864562
20,seeqst_binomial_q0.09091,10,mean,1,9000,-4.178807297329219,0.7933286576703624,0.7933286576703624
20,seeqst_binomial_q0.09091,10,mean,1,10000,-4.69467385334434,0.27746210165524143,0.27746210165524143
20,seeqst_binomial_q0.5,10,mean,1,10,0.0,4.972135954999581,4.972135954999581
20,seeqst_binomial_q0.5,10,mean,1,30,0.0,4.972135954999581,4.972135954999581
20,seeqst_binomial_q0.5,10,mean,1,100,-10.24,-5.267864045000419,5.267864045000419
20,seeqst_binomial_q0.5,10,mean,1,300,-3.4133333333333336,1.5588026216662478,1.5588026216662478
20,seeqst_binomial_q0.5,10,mean,1,1000,-6.144,-1.1718640450004187,1.1718640450004187
20,seeqst_binomial_q0.5,10,mean,1,2000,-4.608,0.36413595499958173,0.36413595499958173
20,seeqst_binomial_q0.5,10,mean,1,3000,-6.144,-1.1718640450004187,1.1718640450004187
20,seeqst_binomial_q0.5,10,mean,1,4000,-5.12,-0.14786404500041872,0.14786404500041872
20,seeqst_binomial_q0.5,10,mean,1,5000,-5.3248,-0.35266404500041837,0.35266404500041837
20,seeqst_binomial_q0.5,10,mean,1,6000,-5.12,-0.14786404500041872,0.14786404500041872
20,seeqst_binomial_q0.5,10,mean,1,7000,-4.6811428571428575,0.2909930978567239,0.2909930978567239
20,seeqst_binomial_q0.5,10,mean,1,8000,-4.864,0.10813595499958151,0.10813595499958151
20,seeqst_binomial_q0.5,10,mean,1,9000,-5.12,-0.14786404500041872,0.14786404500041872
20,seeqst_binomial_q0.5,10,mean,1,10000,-5.12,-0.14786404500041872,0.14786404500041872
20,seeqst_binomial_tuned,10,mean,1,10,-14.901161193847653,-9.929025238848071,9.929025238848071
20,seeqst_binomial_tuned,10,mean,1,30,-4.967053731282551,0.005082223717030487,0.005082223717030487
20,seeqst_binomial_tuned,10,mean,1,100,-16.39127731323242,-11.419141358232837,11.419141358232837
20,seeqst_binomial_tuned,10,mean,1,300,-7.450580596923826,-2.478444641924245,2.478444641924245
20,seeqst_binomial_tuned,10,mean,1,1000,-5.215406417846679,-0.2432704628470974,0.2432704628470974
20,seeqst_binomial_tuned,10,mean,1,2000,-5.438923835754394,-0.46678788075481226,0.46678788075481226
20,seeqst_binomial_tuned,10,mean,1,3000,-4.718701044718424,0.2534349102811575,0.2534349102811575
20,seeqst_binomial_tuned,10,mean,1,4000,-4.73111867904663,0.24101727595295142,0.24101727595295142
20,seeqst_binomial_tuned,10,mean,1,5000,-5.245208740234374,-0.2730727852347927,0.2730727852347927
20,seeqst_binomial_tuned,10,mean,1,6000,-5.240241686503092,-0.26810573150351047,0.26810573150351047
20,seeqst_binomial_tuned,10,mean,1,7000,-5.257981164114815,-0.2858452091152337,0.2858452091152337
20,seeqst_binomial_tuned,10,mean,1,8000,-5.196779966354369,-0.22464401135478784,0.22464401135478784
20,seeqst_binomial_tuned,10,mean,1,9000,-5.447202258639865,-0.47506630364028357,0.47506630364028357
20,seeqst_binomial_tuned,10,mean,1,10000,-5.349516868591308,-0.3773809135917263,0.3773809135917263
21,pauli,10,mean,1,10,-2.249999999999993,2.7221359549995885,2.7221359549995885
21,pauli,10,mean,1,30,-2.2499999999999973,2.722135954999584,2.722135954999584
21,pauli,10,mean,1,100,-2.2499999999999996,2.722135954999582,2.722135954999582
21,pauli,10,mean,1,300,-2.5275,2.4446359549995815,2.4446359549995815
21,pauli,10,mean,1,1000,-5.060249999999998,-0.08811404500041675,0.08811404500041675
21,pauli,10,mean,1,2000,-4.718249999999999,0.253885954999582,0.253885954999582
21,pauli,10,mean,1,3000,-4.93425,0.037885954999581806,0.037885954999581806
21,pauli,10,mean,1,4000,-5.2357499999999995,-0.2636140450004181,0.2636140450004181
21,pauli,10,mean,1,5000,-5.144849999999999,-0.17271404500041765,0.17271404500041765
21,pauli,10,mean,1,6000,-5.8893749999999985,-0.9172390450004171,0.9172390450004171
21,pauli,10,mean,1,7000,-5.87442857142857,-0.9022926164289888,0.9022926164289888
21,pauli,10,mean,1,8000,-5.632312499999999,-0.660176545000418,0.660176545000418
21,pauli,10,mean,1,9000,-5.421499999999999,-0.4493640450004177,0.4493640450004177
21,pauli,10,mean,1,10000,-4.990949999999999,-0.0188140450004175,0.0188140450004175
21,clifford,10,mean,1,10,-25.624999999999922,-20.652864045000342,20.652864045000342
21,clifford,10,mean,1,30,-17.083333333333297,-12.111197378333715,12.111197378333715
21,clifford,10,mean,1,100,-5.124999999999991,-0.15286404500040973,0.15286404500040973
21,clifford,10,mean,1,300,-1.7083333333333304,3.263802621666251,3.263802621666251
21,clifford,10,mean,1,1000,-5.124999999999992,-0.15286404500041062,0.15286404500041062
21,clifford,10,mean,1,2000,-3.9718749999999883,1.000260954999593,1.000260954999593
21,clifford,10,mean,1,3000,-5.039583333333325,-0.06744737833374348,0.06744737833374348
21,clifford,10,mean,1,4000,-4.356249999999996,0.6158859549995856,0.6158859549995856
21,clifford,10,mean,1,5000,-5.073749999999996,-0.1016140450004146,0.1016140450004146
21,clifford,10,mean,1,6000,-4.441666666666664,0.5304692883329176,0.5304692883329176
21,clifford,10,mean,1,7000,-4.795535714285712,0.17660024071386982,0.17660024071386982
21,clifford,10,mean,1,8000,-5.092968749999996,-0.12083279500041488,0.12083279500041488
21,clifford,10,mean,1,9000,-4.612499999999997,0.35963595499958423,0.35963595499958423
21,clifford,10,mean,1,10000,-4.228124999999997,0.7440109549995846,0.7440109549995846
21,seeqst_uniform,10,mean,1,10,0.0,4.972135954999581,4.972135954999581
21,seeqst_uniform,10,mean,1,30,0.0,4.972135954999581,4.972135954999581
21,seeqst_uniform,10,mean,1,100,-10.24,-5.267864045000419,5.267864045000419
21,seeqst_uniform,10,mean,1,300,-3.4133333333333336,1.5588026216662478,1.5588026216662478
21,seeqst_uniform,10,mean,1,1000,-2.048,2.9241359549995813,2.9241359549995813
21,seeqst_uniform,10,mean,1,2000,-7.168,-2.1958640450004188,2.1958640450004188
21,seeqst_uniform,10,mean,1,3000,-6.144,-1.1718640450004187,1.1718640450004187
21,seeqst_uniform,10,mean,1,4000,-5.632,-0.6598640450004183,0.6598640450004183
21,seeqst_uniform,10,mean,1,5000,-5.12,-0.14786404500041872,0.14786404500041872
21,seeqst_uniform,10,mean,1,6000,-5.973333333333334,-1.0011973783337522,1.0011973783337522
21,seeqst_uniform,10,mean,1,7000,-5.558857142857143,-0.5867211878575613,0.5867211878575613
21,seeqst_uniform,10,mean,1,8000,-6.016,-1.0438640450004186,1.0438640450004186
21,seeqst_uniform,10,mean,1,9000,-5.575111111111111,-0.6029751561115297,0.6029751561115297
21,seeqst_uniform,10,mean,1,10000,-5.0176,-0.04546404500041845,0.04546404500041845
21,seeqst_binomial_q0.09091,10,mean,1,10,0.0,4.972135954999581,4.972135954999581
21,seeqst_binomial_q0.09091,10,mean,1,30,0.0,4.972135954999581,4.972135954999581
21,seeqst_binomial_q0.09091,10,mean,1,100,-5.187484920822496,-0.21534896582291463,0.21534896582291463
21,seeqst_binomial_q0.09091,10,mean,1,300,-0.8645808201370827,4.107555134862499,4.107555134862499
21,seeqst_binomial_q0.09091,10,mean,1,1000,-2.593742460411249,2.3783934945883325,2.3783934945883325
21,seeqst_binomial_q0.09091,10,mean,1,2000,-4.409362182699123,0.5627737723004582,0.5627737723004582
21,seeqst_binomial_q0.09091,10,mean,1,3000,-4.668736428740249,0.30339952625933275,0.30339952625933275
21,seeqst_binomial_q0.09091,10,mean,1,4000,-4.409362182699121,0.56277377230046,0.56277377230046
21,seeqst_binomial_q0.09091,10,mean,1,5000,-4.513111881115565,0.45902407388401656,0.45902407388401656
21,seeqst_binomial_q0.09091,10,mean,1,6000,-4.625507387733381,0.34662856726620017,0.34662856726620017
21,seeqst_binomial_q0.09091,10,mean,1,7000,-4.779896819900714,0.19223913509886703,0.19223913509886703
21,seeqst_binomial_q0.09091,10,mean,1,8000,-4.668736428740231,0.3033995262593505,0.3033995262593505
21,seeqst_binomial_q0.09091,10,mean,1,9000,-4.668736428740229,0.3033995262593523,0.3033995262593523
21,seeqst_binomial_q0.09091,10,mean,1,10000,-4.4093621826991045,0.5627737723004769,0.5627737723004769
21,seeqst_binomial_q0.5,10,mean,1,10,0.0,4.972135954999581,4.972135954999581
21,seeqst_binomial_q0.5,10,mean,1,30,0.0,4.972135954999581,4.972135954999581
21,seeqst_binomial_q0.5,10,mean,1,100,-10.24,-5.267864045000419,5.267864045000419
21,seeqst_binomial_q0.5,10,mean,1,300,0.0,4.972135954999581,4.972135954999581
21,seeqst_binomial_q0.5,10,mean,1,1000,-4.096,0.8761359549995813,0.8761359549995813
21,seeqst_binomial_q0.5,10,mean,1,2000,-4.608,0.36413595499958173,0.36413595499958173
21,seeqst_binomial_q0.5,10,mean,1,3000,-3.4133333333333336,1.5588026216662478,1.5588026216662478
21,seeqst_binomial_q0.5,10,mean,1,4000,-4.096,0.8761359549995813,0.8761359549995813
21,seeqst_binomial_q0.5,10,mean,1,5000,-4.3008,0.6713359549995817,0.6713359549995817
21,seeqst_binomial_q0.5,10,mean,1,6000,-4.096,0.8761359549995813,0.8761359549995813
21,seeqst_binomial_q0.5,10,mean,1,7000,-3.8034285714285714,1.16870738357101,1.16870738357101
21,seeqst_binomial_q0.5,10,mean,1,8000,-3.84,1.1321359549995815,1.1321359549995815
21,seeqst_binomial_q0.5,10,mean,1,9000,-4.323555555555555,0.6485803994440262,0.6485803994440262
21,seeqst_binomial_q0.5,10,mean,1,10000,-4.1984,0.773735954999581,0.773735954999581
21,seeqst_binomial_tuned,10,mean,1,10,0.0,4.972135954999581,4.972135954999581
21,seeqst_binomial_tuned,10,mean,1,30,4.967053731282551,9.939189686282132,9.939189686282132
21,seeqst_binomial_tuned,10,mean,1,100,-5.960464477539062,-0.9883285225394802,0.9883285225394802
21,seeqst_binomial_tuned,10,mean,1,300,-7.947285970052082,-2.9751500150525008,2.9751500150525008
21,seeqst_binomial_tuned,10,mean,1,1000,-4.172325134277343,0.7998108207222385,0.7998108207222385
21,seeqst_binomial_tuned,10,mean,1,2000,-4.768371582031249,0.20376437296833227,0.20376437296833227
21,seeqst_binomial_tuned,10,mean,1,3000,-5.4140885670979815,-0.4419526120984001,0.4419526120984001
21,seeqst_binomial_tuned,10,mean,1,4000,-5.364418029785155,-0.392282074785574,0.392282074785574
21,seeqst_binomial_tuned,10,mean,1,5000,-5.602836608886718,-0.6307006538871365,0.6307006538871365
21,seeqst_binomial_tuned,10,mean,1,6000,-5.786617596944172,-0.8144816419445906,0.8144816419445906
21,seeqst_binomial_tuned,10,mean,1,7000,-5.279268537248883,-0.3071325822493014,0.3071325822493014
21,seeqst_binomial_tuned,10,mean,1,8000,-5.122274160385131,-0.15013820538554956,0.15013820538554956
21,seeqst_binomial_tuned,10,mean,1,9000,-5.165735880533854,-0.1935999255342722,0.1935999255342722
21,seeqst_binomial_tuned,10,mean,1,10000,-4.976987838745116,-0.004851883745534913,0.004851883745534913
22,pauli,10,mean,1,10,-8.324999999999998,-3.352864045000416,3.352864045000416
22,pauli,10,mean,1,30,-7.349999999999996,-2.3778640450004147,2.3778640450004147
22,pauli,10,mean,1,100,-5.129999999999999,-0.15786404500041762,0.15786404500041762
22,pauli,10,mean,1,300,-4.334999999999999,0.6371359549995823,0.6371359549995823
22,pauli,10,mean,1,1000,-5.172749999999998,-0.20061404500041657,0.20061404500041657
22,pauli,10,mean,1,2000,-5.735249999999999,-0.7631140450004175,0.7631140450004175
22,pauli,10,mean,1,3000,-10.270499999999997,-5.298364045000415,5.298364045000415
22,pauli,10,mean,1,4000,-9.986624999999997,-5.014489045000415,5.014489045000415
22,pauli,10,mean,1,5000,-8.934299999999997,-3.9621640450004154,3.9621640450004154
22,pauli,10,mean,1,6000,-8.020874999999998,-3.048739045000417,3.048739045000417
22,pauli,10,mean,1,7000,-7.451357142857141,-2.4792211878575596,2.4792211878575596
22,pauli,10,mean,1,8000,-6.958687499999998,-1.9865515450004168,1.9865515450004168
22,pauli,10,mean,1,9000,-7.040499999999998,-2.0683640450004166,2.0683640450004166
22,pauli,10,mean,1,10000,-6.997274999999998,-2.025139045000417,2.025139045000417
22,clifford,10,mean,1,10,-7.975802249252909e-16,4.9721359549995805,4.9721359549995805
22,clifford,10,mean,1,30,-6.185723404055277e-16,4.9721359549995805,4.9721359549995805
22,clifford,10,mean,1,100,-7.687499999999977,-2.7153640450003955,2.7153640450003955
22,clifford,10,mean,1,300,-12.812499999999966,-7.840364045000385,7.840364045000385
22,clifford,10,mean,1,1000,-4.356249999999992,0.6158859549995892,0.6158859549995892
22,clifford,10,mean,1,2000,-1.6656249999999975,3.3065109549995837,3.3065109549995837
22,clifford,10,mean,1,3000,-2.9895833333333286,1.9825526216662528,1.9825526216662528
22,clifford,10,mean,1,4000,-3.7156249999999953,1.256510954999586,1.256510954999586
22,clifford,10,mean,1,5000,-3.279999999999994,1.6921359549995874,1.6921359549995874
22,clifford,10,mean,1,6000,-3.4166666666666616,1.5554692883329198,1.5554692883329198
22,clifford,10,mean,1,7000,-4.173214285714281,0.7989216692853001,0.7989216692853001
22,clifford,10,mean,1,8000,-4.516406249999997,0.45572970499958476,0.45572970499958476
22,clifford,10,mean,1,9000,-4.555555555555553,0.4165803994440287,0.4165803994440287
22,clifford,10,mean,1,10000,-4.612499999999997,0.35963595499958423,0.35963595499958423
22,seeqst_uniform,10,mean,1,10,0.0,4.972135954999581,4.972135954999581
22,seeqst_uniform,10,mean,1,30,0.0,4.972135954999581,4.972135954999581
22,seeqst_uniform,10,mean,1,100,-10.24,-5.267864045000419,5.267864045000419
22,seeqst_uniform,10,mean,1,300,-6.826666666666667,-1.8545307116670857,1.8545307116670857
22,seeqst_uniform,10,mean,1,1000,-5.12,-0.14786404500041872,0.14786404500041872
22,seeqst_uniform,10,mean,1,2000,-5.632,-0.6598640450004183,0.6598640450004183
22,seeqst_uniform,10,mean,1,3000,-4.096,0.8761359549995813,0.8761359549995813
22,seeqst_uniform,10,mean,1,4000,-4.352,0.6201359549995811,0.6201359549995811
22,seeqst_uniform,10,mean,1,5000,-4.096,0.8761359549995813,0.8761359549995813
22,seeqst_uniform,10,mean,1,6000,-3.925333333333333,1.0468026216662483,1.0468026216662483
22,seeqst_uniform,10,mean,1,7000,-3.072,1.9001359549995813,1.9001359549995813
22,seeqst_uniform,10,mean,1,8000,-3.712,1.2601359549995812,1.2601359549995812
22,seeqst_uniform,10,mean,1,9000,-3.8684444444444446,1.1036915105551368,1.1036915105551368
22,seeqst_uniform,10,mean,1,10000,-3.9936,0.9785359549995816,0.9785359549995816
22,seeqst_binomial_q0.09091,10,mean,1,10,0.0,4.972135954999581,4.972135954999581
22,seeqst_binomial_q0.09091,10,mean,1,30,8.645808201370828,13.61794415637041,13.61794415637041
22,seeqst_binomial_q0.09091,10,mean,1,100,5.187484920822496,10.159620875822078,10.159620875822078
22,seeqst_binomial_q0.09091,10,mean,1,300,-5.187484920822497,-0.21534896582291552,0.21534896582291552
22,seeqst_binomial_q0.09091,10,mean,1,1000,-7.0031046431103725,-2.030968688110791,2.030968688110791
22,seeqst_binomial_q0.09091,10,mean,1,2000,-4.020300813637435,0.951835141362146,0.951835141362146
22,seeqst_binomial_q0.09091,10,mean,1,3000,-5.619775330891039,-0.6476393758914574,0.6476393758914574
22,seeqst_binomial_q0.09091,10,mean,1,4000,-6.030451220456141,-1.0583152654565593,1.0583152654565593
22,seeqst_binomial_q0.09091,10,mean,1,5000,-5.3431094684471585,-0.3709735134475771,0.3709735134475771
22,seeqst_binomial_q0.09091,10,mean,1,6000,-5.187484920822481,-0.21534896582289953,0.21534896582289953
22,seeqst_binomial_q0.09091,10,mean,1,7000,-5.2615918482628,-0.2894558932632183,0.2894558932632183
22,seeqst_binomial_q0.09091,10,mean,1,8000,-5.3820156053533195,-0.4098796503537381,0.4098796503537381
22,seeqst_binomial_q0.09091,10,mean,1,9000,-5.418039806192362,-0.44590385119278064,0.44590385119278064
22,seeqst_binomial_q0.09091,10,mean,1,10000,-5.498734016071822,-0.5265980610722405,0.5265980610722405
22,seeqst_binomial_q0.5,10,mean,1,10,0.0,4.972135954999581,4.972135954999581
22,seeqst_binomial_q0.5,10,mean,1,30,0.0,4.972135954999581,4.972135954999581
22,seeqst_binomial_q0.5,10,mean,1,100,0.0,4.972135954999581,4.972135954999581
22,seeqst_binomial_q0.5,10,mean,1,300,-6.826666666666667,-1.8545307116670857,1.8545307116670857
22,seeqst_binomial_q0.5,10,mean,1,1000,-3.072,1.9001359549995813,1.9001359549995813
22,seeqst_binomial_q0.5,10,mean,1,2000,-2.048,2.9241359549995813,2.9241359549995813
22,seeqst_binomial_q0.5,10,mean,1,3000,-3.072,1.9001359549995813,1.9001359549995813
22,seeqst_binomial_q0.5,10,mean,1,4000,-5.376,-0.40386404500041895,0.40386404500041895
22,seeqst_binomial_q0.5,10,mean,1,5000,-6.144,-1.1718640450004187,1.1718640450004187
22,seeqst_binomial_q0.5,10,mean,1,6000,-7.168,-2.1958640450004188,2.1958640450004188
22,seeqst_binomial_q0.5,10,mean,1,7000,-7.021714285714285,-2.049578330714704,2.049578330714704
22,seeqst_binomial_q0.5,10,mean,1,8000,-6.272,-1.2998640450004189,1.2998640450004189
22,seeqst_binomial_q0.5,10,mean,1,9000,-6.485333333333333,-1.5131973783337518,1.5131973783337518
22,seeqst_binomial_q0.5,10,mean,1,10000,-6.9632,-1.9910640450004182,1.9910640450004182
22,seeqst_binomial_tuned,10,mean,1,10,0.0,4.972135954999581,4.972135954999581
22,seeqst_binomial_tuned,10,mean,1,30,-4.967053731282551,0.005082223717030487,0.005082223717030487
22,seeqst_binomial_tuned,10,mean,1,100,-7.450580596923827,-2.478444641924246,2.478444641924246
22,seeqst_binomial_tuned,10,mean,1,300,-7.450580596923826,-2.478444641924245,2.478444641924245
22,seeqst_binomial_tuned,10,mean,1,1000,-5.6624412536621085,-0.6903052986625271,0.6903052986625271
22,seeqst_binomial_tuned,10,mean,1,2000,-4.246830940246581,0.7253050147530002,0.7253050147530002
22,seeqst_binomial_tuned,10,mean,1,3000,-4.3710072835286455,0.6011286714709358,0.6011286714709358
22,seeqst_binomial_tuned,10,mean,1,4000,-4.358589649200439,0.6135463057991428,0.6135463057991428
22,seeqst_binomial_tuned,10,mean,1,5000,-4.6193599700927725,0.35277598490680884,0.35277598490680884
22,seeqst_binomial_tuned,10,mean,1,6000,-4.3710072835286455,0.6011286714709358,0.6011286714709358
22,seeqst_binomial_tuned,10,mean,1,7000,-4.257474626813615,0.714661328185966,0.714661328185966
22,seeqst_binomial_tuned,10,mean,1,8000,-4.228204488754272,0.7439314662453098,0.7439314662453098
22,seeqst_binomial_tuned,10,mean,1,9000,-4.404120975070529,0.5680149799290524,0.5680149799290524
22,seeqst_binomial_tuned,10,mean,1,10000,-4.723668098449706,0.24846785654987524,0.24846785654987524
23,pauli,10,mean,1,10,-22.04999999999999,-17.07786404500041,17.07786404500041
23,pauli,10,mean,1,30,-11.474999999999996,-6.502864045000415,6.502864045000415
23,pauli,10,mean,1,100,-7.7624999999999975,-2.790364045000416,2.790364045000416
23,pauli,10,mean,1,300,-5.077499999999998,-0.10536404500041652,0.10536404500041652
23,pauli,10,mean,1,1000,3.5077499999999984,8.47988595499958,8.47988595499958
23,pauli,10,mean,1,2000,-0.12937500000000035,4.842760954999581,4.842760954999581
23,pauli,10,mean,1,3000,-0.5722500000000003,4.399885954999581,4.399885954999581
23,pauli,10,mean,1,4000,-1.650375,3.3217609549995815,3.3217609549995815
23,pauli,10,mean,1,5000,-2.3521500000000004,2.619985954999581,2.619985954999581
23,pauli,10,mean,1,6000,-2.7431250000000005,2.229010954999581,2.229010954999581
23,pauli,10,mean,1,7000,-2.763964285714286,2.2081716692852953,2.2081716692852953
23,pauli,10,mean,1,8000,-3.0501562500000006,1.9219797049995808,1.9219797049995808
23,pauli,10,mean,1,9000,-3.1980000000000004,1.774135954999581,1.774135954999581
23,pauli,10,mean,1,10000,-3.930975,1.0411609549995813,1.0411609549995813
23,clifford,10,mean,1,10,-2.9447396338422424e-15,4.972135954999579,4.972135954999579
23,clifford,10,mean,1,30,-8.541666666666659,-3.5695307116670776,3.5695307116670776
23,clifford,10,mean,1,100,-3.46248794478594e-15,4.972135954999578,4.972135954999578
23,clifford,10,mean,1,300,-5.124999999999993,-0.1528640450004115,0.1528640450004115
23,clifford,10,mean,1,1000,-6.406249999999985,-1.4341140450004035,1.4341140450004035
23,clifford,10,mean,1,2000,-6.406249999999993,-1.4341140450004115,1.4341140450004115
23,clifford,10,mean,1,3000,-6.23541666666666,-1.263280711667079,1.263280711667079
23,clifford,10,mean,1,4000,-5.509374999999995,-0.5372390450004136,0.5372390450004136
23,clifford,10,mean,1,5000,-6.047499999999997,-1.0753640450004154,1.0753640450004154
23,clifford,10,mean,1,6000,-6.4062499999999964,-1.434114045000415,1.434114045000415
23,clifford,10,mean,1,7000,-6.662499999999997,-1.6903640450004156,1.6903640450004156
23,clifford,10,mean,1,8000,-6.790624999999998,-1.8184890450004163,1.8184890450004163
23,clifford,10,mean,1,9000,-6.206944444444442,-1.2348084894448608,1.2348084894448608
23,clifford,10,mean,1,10000,-5.996249999999998,-1.0241140450004167,1.0241140450004167
23,seeqst_uniform,10,mean,1,10,0.0,4.972135954999581,4.972135954999581
23,seeqst_uniform,10,mean,1,30,0.0,4.972135954999581,4.972135954999581
23,seeqst_uniform,10,mean,1,100,0.0,4.972135954999581,4.972135954999581
23,seeqst_uniform,10,mean,1,300,0.0,4.972135954999581,4.972135954999581
23,seeqst_uniform,10,mean,1,1000,-2.048,2.9241359549995813,2.9241359549995813
23,seeqst_uniform,10,mean,1,2000,-4.096,0.8761359549995813,0.8761359549995813
23,seeqst_uniform,10,mean,1,3000,-5.802666666666667,-0.8305307116670857,0.8305307116670857
23,seeqst_uniform,10,mean,1,4000,-4.864,0.10813595499958151,0.10813595499958151
23,seeqst_uniform,10,mean,1,5000,-4.7104,0.26173595499958147,0.26173595499958147
23,seeqst_uniform,10,mean,1,6000,-5.461333333333333,-0.48919737833375176,0.48919737833375176
23,seeqst_uniform,10,mean,1,7000,-5.266285714285714,-0.29414975928613263,0.29414975928613263
23,seeqst_uniform,10,mean,1,8000,-5.632,-0.6598640450004183,0.6598640450004183
23,seeqst_uniform,10,mean,1,9000,-5.233777777777778,-0.2616418227781967,0.2616418227781967
23,seeqst_uniform,10,mean,1,10000,-5.0176,-0.04546404500041845,0.04546404500041845
23,seeqst_binomial_q0.09091,10,mean,1,10,-25.937424604112483,-20.9652886491129,20.9652886491129
23,seeqst_binomial_q0.09091,10,mean,1,30,-17.291616402741656,-12.319480447742075,12.319480447742075
23,seeqst_binomial_q0.09091,10,mean,1,100,-2.593742460411248,2.3783934945883334,2.3783934945883334
23,seeqst_binomial_q0.09091,10,mean,1,300,-3.458323280548331,1.5138126744512506,1.5138126744512506
23,seeqst_binomial_q0.09091,10,mean,1,1000,-3.112490952493499,1.8596450025060824,1.8596450025060824
23,seeqst_binomial_q0.09091,10,mean,1,2000,-4.928110674781373,0.044025280218208174,0.044025280218208174
23,seeqst_binomial_q0.09091,10,mean,1,3000,-5.014568756795081,-0.04243280179550002,0.04243280179550002
23,seeqst_binomial_q0.09091,10,mean,1,4000,-4.149987936657998,0.8221480183415837,0.8221480183415837
23,seeqst_binomial_q0.09091,10,mean,1,5000,-4.564986730323789,0.4071492246757922,0.4071492246757922
23,seeqst_binomial_q0.09091,10,mean,1,6000,-4.3661331416922575,0.6060028133073239,0.6060028133073239
23,seeqst_binomial_q0.09091,10,mean,1,7000,-4.594629501299911,0.3775064536996702,0.3775064536996702
23,seeqst_binomial_q0.09091,10,mean,1,8000,-4.571471086474809,0.400664868524772,0.400664868524772
23,seeqst_binomial_q0.09091,10,mean,1,9000,-4.495820264712814,0.4763156902867678,0.4763156902867678
23,seeqst_binomial_q0.09091,10,mean,1,10000,-4.279675059678543,0.6924608953210383,0.6924608953210383
23,seeqst_binomial_q0.5,10,mean,1,10,0.0,4.972135954999581,4.972135954999581
23,seeqst_binomial_q0.5,10,mean,1,30,0.0,4.972135954999581,4.972135954999581
23,seeqst_binomial_q0.5,10,mean,1,100,0.0,4.972135954999581,4.972135954999581
23,seeqst_binomial_q0.5,10,mean,1,300,0.0,4.972135954999581,4.972135954999581
23,seeqst_binomial_q0.5,10,mean,1,1000,4.096,9.068135954999581,9.068135954999581
23,seeqst_binomial_q0.5,10,mean,1,2000,-0.512,4.460135954999581,4.460135954999581
23,seeqst_binomial_q0.5,10,mean,1,3000,-2.048,2.9241359549995813,2.9241359549995813
23,seeqst_binomial_q0.5,10,mean,1,4000,-2.816,2.1561359549995815,2.1561359549995815
23,seeqst_binomial_q0.5,10,mean,1,5000,-2.6624,2.3097359549995815,2.3097359549995815
23,seeqst_binomial_q0.5,10,mean,1,6000,-2.56,2.4121359549995813,2.4121359549995813
23,seeqst_binomial_q0.5,10,mean,1,7000,-2.4868571428571427,2.4852788121424387,2.4852788121424387
23,seeqst_binomial_q0.5,10,mean,1,8000,-3.2,1.7721359549995812,1.7721359549995812
23,seeqst_binomial_q0.5,10,mean,1,9000,-2.8444444444444446,2.127691510555137,2.127691510555137
23,seeqst_binomial_q0.5,10,mean,1,10000,-2.9696,2.0025359549995816,2.0025359549995816
23,seeqst_binomial_tuned,10,mean,1,10,14.901161193847653,19.873297148847236,19.873297148847236
23,seeqst_binomial_tuned,10,mean,1,30,0.0,4.972135954999581,4.972135954999581
23,seeqst_binomial_tuned,10,mean,1,100,-5.960464477539062,-0.9883285225394802,0.9883285225394802
23,seeqst_binomial_tuned,10,mean,1,300,-1.98682149251302,2.9853144624865613,2.9853144624865613
23,seeqst_binomial_tuned,10,mean,1,1000,-3.42726707458496,1.5448688804146213,1.5448688804146213
23,seeqst_binomial_tuned,10,mean,1,2000,-4.097819328308105,0.8743166266914768,0.8743166266914768
23,seeqst_binomial_tuned,10,mean,1,3000,-4.3710072835286455,0.6011286714709358,0.6011286714709358
23,seeqst_binomial_tuned,10,mean,1,4000,-4.246830940246581,0.7253050147530002,0.7253050147530002
23,seeqst_binomial_tuned,10,mean,1,5000,-4.291534423828124,0.6806015311714573,0.6806015311714573
23,seeqst_binomial_tuned,10,mean,1,6000,-4.644195238749186,0.3279407162503958,0.3279407162503958
23,seeqst_binomial_tuned,10,mean,1,7000,-4.470348358154296,0.5017875968452854,0.5017875968452854
23,seeqst_binomial_tuned,10,mean,1,8000,-4.582107067108153,0.390028887891428,0.390028887891428
23,seeqst_binomial_tuned,10,mean,1,9000,-4.586246278550889,0.3858896764486923,0.3858896764486923
23,seeqst_binomial_tuned,10,mean,1,10000,-4.544854164123534,0.4272817908760471,0.4272817908760471
24,pauli,10,mean,1,10,-1.1249999999999998,3.8471359549995814,3.8471359549995814
24,pauli,10,mean,1,30,3.749999999999998,8.72213595499958,8.72213595499958
24,pauli,10,mean,1,100,-4.252499999999999,0.7196359549995828,0.7196359549995828
24,pauli,10,mean,1,300,-0.6150000000000017,4.357135954999579,4.357135954999579
24,pauli,10,mean,1,1000,-3.71475,1.2573859549995814,1.2573859549995814
24,pauli,10,mean,1,2000,-4.50675,0.46538595499958113,0.46538595499958113
24,pauli,10,mean,1,3000,-4.3935,0.578635954999581,0.578635954999581
24,pauli,10,mean,1,4000,-5.637375,-0.6652390450004182,0.6652390450004182
24,pauli,10,mean,1,5000,-5.4702,-0.4980640450004188,0.4980640450004188
24,pauli,10,mean,1,6000,-5.230875,-0.2587390450004188,0.2587390450004188
24,pauli,10,mean,1,7000,-5.011071428571428,-0.03893547357184701,0.03893547357184701
24,pauli,10,mean,1,8000,-5.11959375,-0.14745779500041856,0.14745779500041856
24,pauli,10,mean,1,9000,-5.1,-0.12786404500041826,0.12786404500041826
24,pauli,10,mean,1,10000,-4.294125,0.6780109549995812,0.6780109549995812
24,clifford,10,mean,1,10,-2.100883925785368e-15,4.97213595499958,4.97213595499958
24,clifford,10,mean,1,30,2.8298480690853575e-16,4.972135954999581,4.972135954999581
24,clifford,10,mean,1,100,-5.124999999999991,-0.15286404500040973,0.15286404500040973
24,clifford,10,mean,1,300,-7.687499999999985,-2.7153640450004035,2.7153640450004035
24,clifford,10,mean,1,1000,-4.356249999999996,0.6158859549995856,0.6158859549995856
24,clifford,10,mean,1,2000,-4.228124999999997,0.7440109549995846,0.7440109549995846
24,clifford,10,mean,1,3000,-5.893749999999997,-0.9216140450004158,0.9216140450004158
24,clifford,10,mean,1,4000,-4.804687499999997,0.16744845499958405,0.16744845499958405
24,clifford,10,mean,1,5000,-4.714999999999999,0.2571359549995824,0.2571359549995824
24,clifford,10,mean,1,6000,-4.783333333333333,0.18880262166624817,0.18880262166624817
24,clifford,10,mean,1,7000,-4.685714285714286,0.28642166928529544,0.28642166928529544
24,clifford,10,mean,1,8000,-5.0609375,-0.08880154500041826,0.08880154500041826
24,clifford,10,mean,1,9000,-4.726388888888889,0.24574706611069264,0.24574706611069264
24,clifford,10,mean,1,10000,-4.586875,0.38526095499958135,0.38526095499958135
24,seeqst_uniform,10,mean,1,10,0.0,4.972135954999581,4.972135954999581
24,seeqst_uniform,10,mean,1,30,0.0,4.972135954999581,4.972135954999581
24,seeqst_uniform,10,mean,1,100,-10.24,-5.267864045000419,5.267864045000419
24,seeqst_uniform,10,mean,1,300,-6.826666666666667,-1.8545307116670857,1.8545307116670857
24,seeqst_uniform,10,mean,1,1000,-6.144,-1.1718640450004187,1.1718640450004187
24,seeqst_uniform,10,mean,1,2000,-7.68,-2.7078640450004183,2.7078640450004183
24,seeqst_uniform,10,mean,1,3000,-7.168,-2.1958640450004188,2.1958640450004188
24,seeqst_uniform,10,mean,1,4000,-6.4,-1.427864045000419,1.427864045000419
24,seeqst_uniform,10,mean,1,5000,-5.3248,-0.35266404500041837,0.35266404500041837
24,seeqst_uniform,10,mean,1,6000,-5.632,-0.6598640450004183,0.6598640450004183
24,seeqst_uniform,10,mean,1,7000,-5.997714285714285,-1.025578330714704,1.025578330714704
24,seeqst_uniform,10,mean,1,8000,-5.504,-0.5318640450004182,0.5318640450004182
24,seeqst_uniform,10,mean,1,9000,-5.688888888888889,-0.7167529338893077,0.7167529338893077
24,seeqst_uniform,10,mean,1,10000,-5.632,-0.6598640450004183,0.6598640450004183
24,seeqst_binomial_q0.09091,10,mean,1,10,-25.937424604112483,-20.9652886491129,20.9652886491129
24,seeqst_binomial_q0.09091,10,mean,1,30,-17.291616402741656,-12.319480447742075,12.319480447742075
24,seeqst_binomial_q0.09091,10,mean,1,100,-18.156197222878742,-13.18406126787916,13.18406126787916
24,seeqst_binomial_q0.09091,10,mean,1,300,-6.916646561096663,-1.944510606097082,1.944510606097082
24,seeqst_binomial_q0.09091,10,mean,1,1000,-5.187484920822498,-0.2153489658229164,0.2153489658229164
24,seeqst_binomial_q0.09091,10,mean,1,2000,-5.31717204384306,-0.3450360888434787,0.3450360888434787
24,seeqst_binomial_q0.09091,10,mean,1,3000,-4.755194510753957,0.21694144424562456,0.21694144424562456
24,seeqst_binomial_q0.09091,10,mean,1,4000,-4.928110674781367,0.04402528021821439,0.04402528021821439
24,seeqst_binomial_q0.09091,10,mean,1,5000,-4.772486127156688,0.19964982784289376,0.19964982784289376
24,seeqst_binomial_q0.09091,10,mean,1,6000,-4.409362182699112,0.5627737723004698,0.5627737723004698
24,seeqst_binomial_q0.09091,10,mean,1,7000,-4.742843356180553,0.2292925988190282,0.2292925988190282
24,seeqst_binomial_q0.09091,10,mean,1,8000,-4.474205744209388,0.4979302107901935,0.4979302107901935
24,seeqst_binomial_q0.09091,10,mean,1,9000,-4.38054282202787,0.5915931329717115,0.5915931329717115
24,seeqst_binomial_q0.09091,10,mean,1,10000,-4.435299607303217,0.5368363476963642,0.5368363476963642
24,seeqst_binomial_q0.5,10,mean,1,10,0.0,4.972135954999581,4.972135954999581
24,seeqst_binomial_q0.5,10,mean,1,30,0.0,4.972135954999581,4.972135954999581
24,seeqst_binomial_q0.5,10,mean,1,100,10.24,15.212135954999582,15.212135954999582
24,seeqst_binomial_q0.5,10,mean,1,300,10.24,15.212135954999582,15.212135954999582
24,seeqst_binomial_q0.5,10,mean,1,1000,4.096,9.068135954999581,9.068135954999581
24,seeqst_binomial_q0.5,10,mean,1,2000,1.536,6.508135954999581,6.508135954999581
24,seeqst_binomial_q0.5,10,mean,1,3000,-2.048,2.9241359549995813,2.9241359549995813
24,seeqst_binomial_q0.5,10,mean,1,4000,-3.328,1.6441359549995815,1.6441359549995815
24,seeqst_binomial_q0.5,10,mean,1,5000,-3.6864,1.2857359549995815,1.2857359549995815
24,seeqst_binomial_q0.5,10,mean,1,6000,-3.4133333333333336,1.5588026216662478,1.5588026216662478
24,seeqst_binomial_q0.5,10,mean,1,7000,-4.973714285714285,-0.0015783307147039238,0.0015783307147039238
24,seeqst_binomial_q0.5,10,mean,1,8000,-4.736,0.23613595499958162,0.23613595499958162
24,seeqst_binomial_q0.5,10,mean,1,9000,-4.096,0.8761359549995813,0.8761359549995813
24,seeqst_binomial_q0.5,10,mean,1,10000,-3.4816,1.4905359549995816,1.4905359549995816
24,seeqst_binomial_tuned,10,mean,1,10,0.0,4.972135954999581,4.972135954999581
24,seeqst_binomial_tuned,10,mean,1,30,-14.901161193847653,-9.929025238848071,9.929025238848071
24,seeqst_binomial_tuned,10,mean,1,100,-1.4901161193847647,3.4820198356148166,3.4820198356148166
24,seeqst_binomial_tuned,10,mean,1,300,-2.4835268656412754,2.488609089358306,2.488609089358306
24,seeqst_binomial_tuned,10,mean,1,1000,-3.278255462646484,1.6938804923530975,1.6938804923530975
24,seeqst_binomial_tuned,10,mean,1,2000,-4.693865776062011,0.27827017893757056,0.27827017893757056
24,seeqst_binomial_tuned,10,mean,1,3000,-4.420677820841471,0.5514581341581106,0.5514581341581106
24,seeqst_binomial_tuned,10,mean,1,4000,-4.172325134277343,0.7998108207222385,0.7998108207222385
24,seeqst_binomial_tuned,10,mean,1,5000,-4.1425228118896475,0.8296131431099338,0.8296131431099338
24,seeqst_binomial_tuned,10,mean,1,6000,-4.172325134277343,0.7998108207222385,0.7998108207222385
24,seeqst_binomial_tuned,10,mean,1,7000,-4.1297503880092075,0.8423855669903739,0.8423855669903739
24,seeqst_binomial_tuned,10,mean,1,8000,-4.451721906661986,0.520414048337595,0.520414048337595
24,seeqst_binomial_tuned,10,mean,1,9000,-4.669030507405598,0.3031054475939836,0.3031054475939836
24,seeqst_binomial_tuned,10,mean,1,10000,-4.783272743225097,0.18886321177448462,0.18886321177448462
25,pauli,10,mean,1,10,8.09999999999999,13.072135954999572,13.072135954999572
25,pauli,10,mean,1,30,-11.699999999999996,-6.727864045000414,6.727864045000414
25,pauli,10,mean,1,100,-5.3775,-0.405364045000419,0.405364045000419
25,pauli,10,mean,1,300,-1.575000000000002,3.3971359549995794,3.3971359549995794
25,pauli,10,mean,1,1000,-4.725,0.24713595499958174,0.24713595499958174
25,pauli,10,mean,1,2000,-5.034375,-0.062239045000418436,0.062239045000418436
25,pauli,10,mean,1,3000,-5.07825,-0.10611404500041832,0.10611404500041832
25,pauli,10,mean,1,4000,-4.442625,0.5295109549995818,0.5295109549995818
25,pauli,10,mean,1,5000,-4.2273,0.7448359549995818,0.7448359549995818
25,pauli,10,mean,1,6000,-4.20075,0.7713859549995812,0.7713859549995812
25,pauli,10,mean,1,7000,-4.717607142857143,0.2545288121424383,0.2545288121424383
25,pauli,10,mean,1,8000,-4.258125,0.7140109549995817,0.7140109549995817
25,pauli,10,mean,1,9000,-4.59725,0.37488595499958155,0.37488595499958155
25,pauli,10,mean,1,10000,-5.042025,-0.06988904500041837,0.06988904500041837
25,clifford,10,mean,1,10,-25.62499999999996,-20.652864045000378,20.652864045000378
25,clifford,10,mean,1,30,-8.54166666666665,-3.5695307116670687,3.5695307116670687
25,clifford,10,mean,1,100,-7.687499999999984,-2.7153640450004026,2.7153640450004026
25,clifford,10,mean,1,300,-5.124999999999979,-0.1528640450003973,0.1528640450003973
25,clifford,10,mean,1,1000,-5.38124999999998,-0.4091140450003987,0.4091140450003987
25,clifford,10,mean,1,2000,-5.124999999999985,-0.15286404500040351,0.15286404500040351
25,clifford,10,mean,1,3000,-3.502083333333323,1.4700526216662584,1.4700526216662584
25,clifford,10,mean,1,4000,-3.907812499999993,1.0643234549995886,1.0643234549995886
25,clifford,10,mean,1,5000,-3.536249999999994,1.4358859549995873,1.4358859549995873
25,clifford,10,mean,1,6000,-3.5874999999999946,1.3846359549995868,1.3846359549995868
25,clifford,10,mean,1,7000,-4.246428571428567,0.7257073835710148,0.7257073835710148
25,clifford,10,mean,1,8000,-4.099999999999995,0.8721359549995862,0.8721359549995862
25,clifford,10,mean,1,9000,-4.156944444444441,0.8151915105551408,0.8151915105551408
25,clifford,10,mean,1,10000,-4.535624999999996,0.43651095499958537,0.43651095499958537
25,seeqst_uniform,10,mean,1,10,0.0,4.972135954999581,4.972135954999581
25,seeqst_uniform,10,mean,1,30,0.0,4.972135954999581,4.972135954999581
25,seeqst_uniform,10,mean,1,100,10.24,15.212135954999582,15.212135954999582
25,seeqst_uniform,10,mean,1,300,6.826666666666667,11.798802621666248,11.798802621666248
25,seeqst_uniform,10,mean,1,1000,-2.048,2.9241359549995813,2.9241359549995813
25,seeqst_uniform,10,mean,1,2000,-3.584,1.3881359549995813,1.3881359549995813
25,seeqst_uniform,10,mean,1,3000,-3.072,1.9001359549995813,1.9001359549995813
25,seeqst_uniform,10,mean,1,4000,-3.84,1.1321359549995815,1.1321359549995815
25,seeqst_uniform,10,mean,1,5000,-4.5056,0.4665359549995811,0.4665359549995811
25,seeqst_uniform,10,mean,1,6000,-5.461333333333333,-0.48919737833375176,0.48919737833375176
25,seeqst_uniform,10,mean,1,7000,-5.7051428571428575,-0.7330069021432761,0.7330069021432761
25,seeqst_uniform,10,mean,1,8000,-5.632,-0.6598640450004183,0.6598640450004183
25,seeqst_uniform,10,mean,1,9000,-5.347555555555555,-0.3754196005559738,0.3754196005559738
25,seeqst_uniform,10,mean,1,10000,-6.0416,-1.0694640450004185,1.0694640450004185
25,seeqst_binomial_q0.09091,10,mean,1,10,0.0,4.972135954999581,4.972135954999581
25,seeqst_binomial_q0.09091,10,mean,1,30,-8.645808201370828,-3.673672246371247,3.673672246371247
25,seeqst_binomial_q0.09091,10,mean,1,100,-20.74993968328999,-15.77780372829041,15.77780372829041
25,seeqst_binomial_q0.09091,10,mean,1,300,-12.104131481919161,-7.13199552691958,7.13199552691958
25,seeqst_binomial_q0.09091,10,mean,1,1000,-7.5218531351926226,-2.549717180193041,2.549717180193041
25,seeqst_binomial_q0.09091,10,mean,1,2000,-7.910914504254309,-2.938778549254728,2.938778549254728
25,seeqst_binomial_q0.09091,10,mean,1,3000,-7.003104643110362,-2.0309686881107805,2.0309686881107805
25,seeqst_binomial_q0.09091,10,mean,1,4000,-6.2898254664972635,-1.317689511497682,1.317689511497682
25,seeqst_binomial_q0.09091,10,mean,1,5000,-6.5362310002363255,-1.5640950452367441,1.5640950452367441
25,seeqst_binomial_q0.09091,10,mean,1,6000,-6.311439987000682,-1.3393040320011007,1.3393040320011007
25,seeqst_binomial_q0.09091,10,mean,1,7000,-6.373195759867613,-1.4010598048680318,1.4010598048680318
25,seeqst_binomial_q0.09091,10,mean,1,8000,-6.484356151028092,-1.5122201960285109,1.5122201960285109
25,seeqst_binomial_q0.09091,10,mean,1,9000,-6.167343183644496,-1.1952072286449145,1.1952072286449145
25,seeqst_binomial_q0.09091,10,mean,1,10000,-6.04341993275818,-1.0712839777585987,1.0712839777585987
25,seeqst_binomial_q0.5,10,mean,1,10,0.0,4.972135954999581,4.972135954999581
25,seeqst_binomial_q0.5,10,mean,1,30,0.0,4.972135954999581,4.972135954999581
25,seeqst_binomial_q0.5,10,mean,1,100,-10.24,-5.267864045000419,5.267864045000419
25,seeqst_binomial_q0.5,10,mean,1,300,-10.24,-5.267864045000419,5.267864045000419
25,seeqst_binomial_q0.5,10,mean,1,1000,-7.168,-2.1958640450004188,2.1958640450004188
25,seeqst_binomial_q0.5,10,mean,1,2000,-4.096,0.8761359549995813,0.8761359549995813
25,seeqst_binomial_q0.5,10,mean,1,3000,-5.802666666666667,-0.8305307116670857,0.8305307116670857
25,seeqst_binomial_q0.5,10,mean,1,4000,-5.376,-0.40386404500041895,0.40386404500041895
25,seeqst_binomial_q0.5,10,mean,1,5000,-4.7104,0.26173595499958147,0.26173595499958147
25,seeqst_binomial_q0.5,10,mean,1,6000,-4.437333333333333,0.5348026216662483,0.5348026216662483
25,seeqst_binomial_q0.5,10,mean,1,7000,-3.8034285714285714,1.16870738357101,1.16870738357101
25,seeqst_binomial_q0.5,10,mean,1,8000,-3.84,1.1321359549995815,1.1321359549995815
25,seeqst_binomial_q0.5,10,mean,1,9000,-3.2995555555555556,1.6725803994440258,1.6725803994440258
25,seeqst_binomial_q0.5,10,mean,1,10000,-3.2768,1.6953359549995812,1.6953359549995812
25,seeqst_binomial_tuned,10,mean,1,10,-14.901161193847653,-9.929025238848071,9.929025238848071
25,seeqst_binomial_tuned,10,mean,1,30,-9.934107462565102,-4.96197150756552,4.96197150756552
25,seeqst_binomial_tuned,10,mean,1,100,-7.450580596923827,-2.478444641924246,2.478444641924246
25,seeqst_binomial_tuned,10,mean,1,300,-8.443991343180336,-3.471855388180755,3.471855388180755
25,seeqst_binomial_tuned,10,mean,1,1000,-4.321336746215819,0.650799208783762,0.650799208783762
25,seeqst_binomial_tuned,10,mean,1,2000,-3.054738044738769,1.9173979102608123,1.9173979102608123
25,seeqst_binomial_tuned,10,mean,1,3000,-3.327925999959309,1.6442099550402722,1.6442099550402722
25,seeqst_binomial_tuned,10,mean,1,4000,-3.9860606193542476,0.9860753356453338,0.9860753356453338
25,seeqst_binomial_tuned,10,mean,1,5000,-4.023313522338866,0.9488224326607151,0.9488224326607151
25,seeqst_binomial_tuned,10,mean,1,6000,-4.420677820841471,0.5514581341581106,0.5514581341581106
25,seeqst_binomial_tuned,10,mean,1,7000,-4.427773611886161,0.5443623431134208,0.5443623431134208
25,seeqst_binomial_tuned,10,mean,1,8000,-4.526227712631225,0.4459082423683567,0.4459082423683567
25,seeqst_binomial_tuned,10,mean,1,9000,-4.536575741238064,0.43556021376151755,0.43556021376151755
25,seeqst_binomial_tuned,10,mean,1,10000,-4.63426113128662,0.3378748237129612,0.3378748237129612
26,pauli,10,mean,1,10,-8.774999999999997,-3.8028640450004154,3.8028640450004154
26,pauli,10,mean,1,30,-9.224999999999996,-4.252864045000415,4.252864045000415
26,pauli,10,mean,1,100,-6.187499999999999,-1.2153640450004177,1.2153640450004177
26,pauli,10,mean,1,300,-15.539999999999994,-10.567864045000412,10.567864045000412
26,pauli,10,mean,1,1000,-5.03775,-0.06561404500041856,0.06561404500041856
26,pauli,10,mean,1,2000,-4.991624999999999,-0.019489045000417704,0.019489045000417704
26,pauli,10,mean,1,3000,-3.41175,1.5603859549995813,1.5603859549995813
26,pauli,10,mean,1,4000,-3.3508125,1.6213234549995814,1.6213234549995814
26,pauli,10,mean,1,5000,-6.068249999999998,-1.0961140450004168,1.0961140450004168
26,pauli,10,mean,1,6000,-5.839124999999998,-0.866989045000417,0.866989045000417
26,pauli,10,mean,1,7000,-6.178821428571427,-1.206685473571846,1.206685473571846
26,pauli,10,mean,1,8000,-6.584062499999999,-1.6119265450004177,1.6119265450004177
26,pauli,10,mean,1,9000,-6.271749999999999,-1.2996140450004177,1.2996140450004177
26,pauli,10,mean,1,10000,-6.35535,-1.3832140450004182,1.3832140450004182
26,clifford,10,mean,1,10,-51.249999999999886,-46.27786404500031,46.27786404500031
26,clifford,10,mean,1,30,-17.083333333333297,-12.111197378333715,12.111197378333715
26,clifford,10,mean,1,100,-15.374999999999954,-10.402864045000372,10.402864045000372
26,clifford,10,mean,1,300,-8.541666666666641,-3.56953071166706,3.56953071166706
26,clifford,10,mean,1,1000,-8.968749999999977,-3.9966140450003955,3.9966140450003955
26,clifford,10,mean,1,2000,-5.893749999999984,-0.9216140450004024,0.9216140450004024
26,clifford,10,mean,1,3000,-4.697916666666655,0.27421928833292597,0.27421928833292597
26,clifford,10,mean,1,4000,-4.292187499999991,0.6799484549995904,0.6799484549995904
26,clifford,10,mean,1,5000,-4.304999999999993,0.6671359549995888,0.6671359549995888
26,clifford,10,mean,1,6000,-4.484374999999994,0.4877609549995876,0.4877609549995876
26,clifford,10,mean,1,7000,-4.539285714285709,0.4328502407138721,0.4328502407138721
26,clifford,10,mean,1,8000,-4.644531249999996,0.3276047049995858,0.3276047049995858
26,clifford,10,mean,1,9000,-4.327777777777774,0.6443581772218074,0.6443581772218074
26,clifford,10,mean,1,10000,-4.535624999999996,0.43651095499958537,0.43651095499958537
26,seeqst_uniform,10,mean,1,10,0.0,4.972135954999581,4.972135954999581
26,seeqst_uniform,10,mean,1,30,0.0,4.972135954999581,4.972135954999581
26,seeqst_uniform,10,mean,1,100,-10.24,-5.267864045000419,5.267864045000419
26,seeqst_uniform,10,mean,1,300,-13.653333333333334,-8.681197378333753,8.681197378333753
26,seeqst_uniform,10,mean,1,1000,-5.12,-0.14786404500041872,0.14786404500041872
26,seeqst_uniform,10,mean,1,2000,-6.656,-1.6838640450004183,1.6838640450004183
26,seeqst_uniform,10,mean,1,3000,-6.485333333333333,-1.5131973783337518,1.5131973783337518
26,seeqst_uniform,10,mean,1,4000,-7.168,-2.1958640450004188,2.1958640450004188
26,seeqst_uniform,10,mean,1,5000,-5.3248,-0.35266404500041837,0.35266404500041837
26,seeqst_uniform,10,mean,1,6000,-4.437333333333333,0.5348026216662483,0.5348026216662483
26,seeqst_uniform,10,mean,1,7000,-5.12,-0.14786404500041872,0.14786404500041872
26,seeqst_uniform,10,mean,1,8000,-4.864,0.10813595499958151,0.10813595499958151
26,seeqst_uniform,10,mean,1,9000,-4.551111111111111,0.4210248438884703,0.4210248438884703
26,seeqst_uniform,10,mean,1,10000,-4.3008,0.6713359549995817,0.6713359549995817
26,seeqst_binomial_q0.09091,10,mean,1,10,0.0,4.972135954999581,4.972135954999581
26,seeqst_binomial_q0.09091,10,mean,1,30,0.0,4.972135954999581,4.972135954999581
26,seeqst_binomial_q0.09091,10,mean,1,100,-10.374969841644992,-5.402833886645411,5.402833886645411
26,seeqst_binomial_q0.09091,10,mean,1,300,-4.322904100685414,0.6492318543141673,0.6492318543141673
26,seeqst_binomial_q0.09091,10,mean,1,1000,-6.4843561510281225,-1.512220196028541,1.512220196028541
26,seeqst_binomial_q0.09091,10,mean,1,2000,-5.83592053592531,-0.8637845809257287,0.8637845809257287
26,seeqst_binomial_q0.09091,10,mean,1,3000,-5.014568756795081,-0.04243280179550002,0.04243280179550002
26,seeqst_binomial_q0.09091,10,mean,1,4000,-4.863267113271086,0.10886884172849509,0.10886884172849509
26,seeqst_binomial_q0.09091,10,mean,1,5000,-5.031860373197811,-0.059724418198229934,0.059724418198229934
26,seeqst_binomial_q0.09091,10,mean,1,6000,-4.539049305719673,0.43308664927990836,0.43308664927990836
26,seeqst_binomial_q0.09091,10,mean,1,7000,-4.48346911013943,0.488666844860151,0.488666844860151
26,seeqst_binomial_q0.09091,10,mean,1,8000,-4.668736428740231,0.3033995262593505,0.3033995262593505
26,seeqst_binomial_q0.09091,10,mean,1,9000,-4.841652592767645,0.1304833622319368,0.1304833622319368
26,seeqst_binomial_q0.09091,10,mean,1,10000,-5.057797797801912,-0.08566184280233102,0.08566184280233102
26,seeqst_binomial_q0.5,10,mean,1,10,0.0,4.972135954999581,4.972135954999581
26,seeqst_binomial_q0.5,10,mean,1,30,0.0,4.972135954999581,4.972135954999581
26,seeqst_binomial_q0.5,10,mean,1,100,0.0,4.972135954999581,4.972135954999581
26,seeqst_binomial_q0.5,10,mean,1,300,-6.826666666666667,-1.8545307116670857,1.8545307116670857
26,seeqst_binomial_q0.5,10,mean,1,1000,-5.12,-0.14786404500041872,0.14786404500041872
26,seeqst_binomial_q0.5,10,mean,1,2000,-7.168,-2.1958640450004188,2.1958640450004188
26,seeqst_binomial_q0.5,10,mean,1,3000,-6.485333333333333,-1.5131973783337518,1.5131973783337518
26,seeqst_binomial_q0.5,10,mean,1,4000,-8.192,-3.219864045000419,3.219864045000419
26,seeqst_binomial_q0.5,10,mean,1,5000,-8.192,-3.219864045000419,3.219864045000419
26,seeqst_binomial_q0.5,10,mean,1,6000,-7.68,-2.7078640450004183,2.7078640450004183
26,seeqst_binomial_q0.5,10,mean,1,7000,-7.168,-2.1958640450004188,2.1958640450004188
26,seeqst_binomial_q0.5,10,mean,1,8000,-7.04,-2.0678640450004186,2.0678640450004186
26,seeqst_binomial_q0.5,10,mean,1,9000,-6.826666666666667,-1.8545307116670857,1.8545307116670857
26,seeqst_binomial_q0.5,10,mean,1,10000,-6.144,-1.1718640450004187,1.1718640450004187
26,seeqst_binomial_tuned,10,mean,1,10,-14.901161193847653,-9.929025238848071,9.929025238848071
26,seeqst_binomial_tuned,10,mean,1,30,-14.901161193847653,-9.929025238848071,9.929025238848071
26,seeqst_binomial_tuned,10,mean,1,100,-2.98023223876953,1.9919037162300515,1.9919037162300515
26,seeqst_binomial_tuned,10,mean,1,300,-2.980232238769531,1.9919037162300506,1.9919037162300506
26,seeqst_binomial_tuned,10,mean,1,1000,-3.576278686523437,1.3958572684761443,1.3958572684761443
26,seeqst_binomial_tuned,10,mean,1,2000,-3.2037496566772456,1.7683862983223357,1.7683862983223357
26,seeqst_binomial_tuned,10,mean,1,3000,-4.3710072835286455,0.6011286714709358,0.6011286714709358
26,seeqst_binomial_tuned,10,mean,1,4000,-4.470348358154296,0.5017875968452854,0.5017875968452854
26,seeqst_binomial_tuned,10,mean,1,5000,-3.993511199951171,0.9786247550484104,0.9786247550484104
26,seeqst_binomial_tuned,10,mean,1,6000,-3.973642985026041,0.9984929699735403,0.9984929699735403
26,seeqst_binomial_tuned,10,mean,1,7000,-4.1297503880092075,0.8423855669903739,0.8423855669903739
26,seeqst_binomial_tuned,10,mean,1,8000,-3.8929283618926998,1.0792075931068816,1.0792075931068816
26,seeqst_binomial_tuned,10,mean,1,9000,-4.337893591986761,0.6342423630128202,0.6342423630128202
26,seeqst_binomial_tuned,10,mean,1,10000,-4.366040229797362,0.606095725202219,0.606095725202219
27,pauli,10,mean,1,10,1.3499999999999996,6.322135954999581,6.322135954999581
27,pauli,10,mean,1,30,-9.074999999999994,-4.102864045000413,4.102864045000413
27,pauli,10,mean,1,100,-8.054999999999996,-3.0828640450004148,3.0828640450004148
27,pauli,10,mean,1,300,-9.157499999999997,-4.185364045000416,4.185364045000416
27,pauli,10,mean,1,1000,-4.7115,0.26063595499958137,0.26063595499958137
27,pauli,10,mean,1,2000,-6.05025,-1.0781140450004187,1.0781140450004187
27,pauli,10,mean,1,3000,-6.120749999999998,-1.148614045000417,1.148614045000417
27,pauli,10,mean,1,4000,-7.0863749999999985,-2.114239045000417,2.114239045000417
27,pauli,10,mean,1,5000,-6.9358499999999985,-1.9637140450004171,1.9637140450004171
27,pauli,10,mean,1,6000,-7.351124999999999,-2.3789890450004174,2.3789890450004174
27,pauli,10,mean,1,7000,-7.227964285714284,-2.255828330714703,2.255828330714703
27,pauli,10,mean,1,8000,-7.173281249999999,-2.2011452950004173,2.2011452950004173
27,pauli,10,mean,1,9000,-6.8397499999999996,-1.8676140450004182,1.8676140450004182
27,pauli,10,mean,1,10000,-6.815924999999998,-1.8437890450004168,1.8437890450004168
27,clifford,10,mean,1,10,-2.2749645599590622e-15,4.972135954999579,4.972135954999579
27,clifford,10,mean,1,30,8.541666666666655,13.513802621666237,13.513802621666237
27,clifford,10,mean,1,100,7.516895554133091e-15,4.9721359549995885,4.9721359549995885
27,clifford,10,mean,1,300,-1.7083333333333295,3.263802621666252,3.263802621666252
27,clifford,10,mean,1,1000,-2.306249999999991,2.6658859549995904,2.6658859549995904
27,clifford,10,mean,1,2000,-2.6906249999999887,2.2815109549995927,2.2815109549995927
27,clifford,10,mean,1,3000,-2.818749999999989,2.1533859549995924,2.1533859549995924
27,clifford,10,mean,1,4000,-3.3953124999999895,1.5768234549995919,1.5768234549995919
27,clifford,10,mean,1,5000,-4.048749999999991,0.9233859549995902,0.9233859549995902
27,clifford,10,mean,1,6000,-3.758333333333326,1.2138026216662552,1.2138026216662552
27,clifford,10,mean,1,7000,-4.026785714285708,0.9453502407138732,0.9453502407138732
27,clifford,10,mean,1,8000,-3.7156249999999944,1.256510954999587,1.256510954999587
27,clifford,10,mean,1,9000,-3.729861111111106,1.2422748438884752,1.2422748438884752
27,clifford,10,mean,1,10000,-3.920624999999996,1.0515109549995856,1.0515109549995856
27,seeqst_uniform,10,mean,1,10,0.0,4.972135954999581,4.972135954999581
27,seeqst_uniform,10,mean,1,30,0.0,4.972135954999581,4.972135954999581
27,seeqst_uniform,10,mean,1,100,-10.24,-5.267864045000419,5.267864045000419
27,seeqst_uniform,10,mean,1,300,-10.24,-5.267864045000419,5.267864045000419
27,seeqst_uniform,10,mean,1,1000,-10.24,-5.267864045000419,5.267864045000419
27,seeqst_uniform,10,mean,1,2000,-7.168,-2.1958640450004188,2.1958640450004188
27,seeqst_uniform,10,mean,1,3000,-5.461333333333333,-0.48919737833375176,0.48919737833375176
27,seeqst_uniform,10,mean,1,4000,-4.864,0.10813595499958151,0.10813595499958151
27,seeqst_uniform,10,mean,1,5000,-4.7104,0.26173595499958147,0.26173595499958147
27,seeqst_uniform,10,mean,1,6000,-3.925333333333333,1.0468026216662483,1.0468026216662483
27,seeqst_uniform,10,mean,1,7000,-3.9497142857142857,1.0224216692852957,1.0224216692852957
27,seeqst_uniform,10,mean,1,8000,-4.096,0.8761359549995813,0.8761359549995813
27,seeqst_uniform,10,mean,1,9000,-5.461333333333333,-0.48919737833375176,0.48919737833375176
27,seeqst_uniform,10,mean,1,10000,-5.632,-0.6598640450004183,0.6598640450004183
27,seeqst_binomial_q0.09091,10,mean,1,10,25.937424604112483,30.909560559112066,30.909560559112066
27,seeqst_binomial_q0.09091,10,mean,1,30,0.0,4.972135954999581,4.972135954999581
27,seeqst_binomial_q0.09091,10,mean,1,100,-2.593742460411248,2.3783934945883334,2.3783934945883334
27,seeqst_binomial_q0.09091,10,mean,1,300,-4.322904100685414,0.6492318543141673,0.6492318543141673
27,seeqst_binomial_q0.09091,10,mean,1,1000,-5.187484920822498,-0.2153489658229164,0.2153489658229164
27,seeqst_binomial_q0.09091,10,mean,1,2000,-5.83592053592531,-0.8637845809257287,0.8637845809257287
27,seeqst_binomial_q0.09091,10,mean,1,3000,-6.397898069014408,-1.4257621140148267,1.4257621140148267
27,seeqst_binomial_q0.09091,10,mean,1,4000,-6.873417520089791,-1.9012815650902093,1.9012815650902093
27,seeqst_binomial_q0.09091,10,mean,1,5000,-7.158729190735022,-2.1865932357354403,2.1865932357354403
27,seeqst_binomial_q0.09091,10,mean,1,6000,-6.527585192034951,-1.5554492370353694,1.5554492370353694
27,seeqst_binomial_q0.09091,10,mean,1,7000,-6.187928441266811,-1.2157924862672296,1.2157924862672296
27,seeqst_binomial_q0.09091,10,mean,1,8000,-6.354669028007531,-1.3825330730079495,1.3825330730079495
27,seeqst_binomial_q0.09091,10,mean,1,9000,-6.224981904986968,-1.2528459499873863,1.2528459499873863
27,seeqst_binomial_q0.09091,10,mean,1,10000,-6.302794178799303,-1.3306582237997215,1.3306582237997215
27,seeqst_binomial_q0.5,10,mean,1,10,0.0,4.972135954999581,4.972135954999581
27,seeqst_binomial_q0.5,10,mean,1,30,0.0,4.972135954999581,4.972135954999581
27,seeqst_binomial_q0.5,10,mean,1,100,-10.24,-5.267864045000419,5.267864045000419
27,seeqst_binomial_q0.5,10,mean,1,300,-10.24,-5.267864045000419,5.267864045000419
27,seeqst_binomial_q0.5,10,mean,1,1000,-8.192,-3.219864045000419,3.219864045000419
27,seeqst_binomial_q0.5,10,mean,1,2000,-5.632,-0.6598640450004183,0.6598640450004183
27,seeqst_binomial_q0.5,10,mean,1,3000,-3.4133333333333336,1.5588026216662478,1.5588026216662478
27,seeqst_binomial_q0.5,10,mean,1,4000,-4.352,0.6201359549995811,0.6201359549995811
27,seeqst_binomial_q0.5,10,mean,1,5000,-5.7344,-0.7622640450004186,0.7622640450004186
27,seeqst_binomial_q0.5,10,mean,1,6000,-4.778666666666667,0.19346928833291432,0.19346928833291432
27,seeqst_binomial_q0.5,10,mean,1,7000,-4.242285714285714,0.7298502407138674,0.7298502407138674
27,seeqst_binomial_q0.5,10,mean,1,8000,-4.608,0.36413595499958173,0.36413595499958173
27,seeqst_binomial_q0.5,10,mean,1,9000,-4.551111111111111,0.4210248438884703,0.4210248438884703
27,seeqst_binomial_q0.5,10,mean,1,10000,-4.3008,0.6713359549995817,0.6713359549995817
27,seeqst_binomial_tuned,10,mean,1,10,-14.901161193847653,-9.929025238848071,9.929025238848071
27,seeqst_binomial_tuned,10,mean,1,30,-4.967053731282551,0.005082223717030487,0.005082223717030487
27,seeqst_binomial_tuned,10,mean,1,100,-5.960464477539062,-0.9883285225394802,0.9883285225394802
27,seeqst_binomial_tuned,10,mean,1,300,-3.973642985026041,0.9984929699735403,0.9984929699735403
27,seeqst_binomial_tuned,10,mean,1,1000,-3.1292438507080074,1.842892104291574,1.842892104291574
27,seeqst_binomial_tuned,10,mean,1,2000,-3.6507844924926753,1.321351462506906,1.321351462506906
27,seeqst_binomial_tuned,10,mean,1,3000,-4.470348358154296,0.5017875968452854,0.5017875968452854
27,seeqst_binomial_tuned,10,mean,1,4000,-4.954636096954345,0.01749985804523657,0.01749985804523657
27,seeqst_binomial_tuned,10,mean,1,5000,-5.275011062622069,-0.30287510762248804,0.30287510762248804
27,seeqst_binomial_tuned,10,mean,1,6000,-4.917383193969726,0.05475276102985571,0.05475276102985571
27,seeqst_binomial_tuned,10,mean,1,7000,-4.768371582031249,0.20376437296833227,0.20376437296833227
27,seeqst_binomial_tuned,10,mean,1,8000,-4.991888999938964,-0.01975304493938257,0.01975304493938257
27,seeqst_binomial_tuned,10,mean,1,9000,-5.0498379601372605,-0.07770200513767911,0.07770200513767911
27,seeqst_binomial_tuned,10,mean,1,10000,-4.842877388000487,0.129258566999094,0.129258566999094
28,pauli,10,mean,1,10,-0.6750000000000004,4.297135954999581,4.297135954999581
28,pauli,10,mean,1,30,-4.424999999999998,0.5471359549995833,0.5471359549995833
28,pauli,10,mean,1,100,-22.92749999999999,-17.955364045000408,17.955364045000408
28,pauli,10,mean,1,300,-7.365,-2.392864045000419,2.392864045000419
28,pauli,10,mean,1,1000,-9.870749999999997,-4.898614045000416,4.898614045000416
28,pauli,10,mean,1,2000,-8.999999999999996,-4.027864045000415,4.027864045000415
28,pauli,10,mean,1,3000,-6.9187499999999975,-1.9466140450004161,1.9466140450004161
28,pauli,10,mean,1,4000,-6.762937499999998,-1.7908015450004164,1.7908015450004164
28,pauli,10,mean,1,5000,-6.0997499999999985,-1.127614045000417,1.127614045000417
28,pauli,10,mean,1,6000,-5.809124999999999,-0.8369890450004176,0.8369890450004176
28,pauli,10,mean,1,7000,-5.981142857142856,-1.009006902143275,1.009006902143275
28,pauli,10,mean,1,8000,-5.637374999999999,-0.6652390450004173,0.6652390450004173
28,pauli,10,mean,1,9000,-5.8927499999999995,-0.9206140450004181,0.9206140450004181
28,pauli,10,mean,1,10000,-5.732099999999999,-0.7599640450004177,0.7599640450004177
28,clifford,10,mean,1,10,-25.624999999999954,-20.65286404500037,20.65286404500037
28,clifford,10,mean,1,30,-1.3263464400855204e-14,4.972135954999568,4.972135954999568
28,clifford,10,mean,1,100,-10.249999999999961,-5.2778640450003795,5.2778640450003795
28,clifford,10,mean,1,300,-5.979166666666648,-1.007030711667067,1.007030711667067
28,clifford,10,mean,1,1000,-7.174999999999982,-2.2028640450004007,2.2028640450004007
28,clifford,10,mean,1,2000,-6.4062499999999885,-1.434114045000407,1.434114045000407
28,clifford,10,mean,1,3000,-4.783333333333326,0.18880262166625528,0.18880262166625528
28,clifford,10,mean,1,4000,-4.740624999999994,0.23151095499958707,0.23151095499958707
28,clifford,10,mean,1,5000,-4.868749999999996,0.10338595499958547,0.10338595499958547
28,clifford,10,mean,1,6000,-4.78333333333333,0.18880262166625172,0.18880262166625172
28,clifford,10,mean,1,7000,-4.7223214285714255,0.24981452642815594,0.24981452642815594
28,clifford,10,mean,1,8000,-4.580468749999997,0.3916672049995844,0.3916672049995844
28,clifford,10,mean,1,9000,-4.697916666666664,0.2742192883329171,0.2742192883329171
28,clifford,10,mean,1,10000,-4.638124999999998,0.33401095499958355,0.33401095499958355
28,seeqst_uniform,10,mean,1,10,0.0,4.972135954999581,4.972135954999581
28,seeqst_uniform,10,mean,1,30,0.0,4.972135954999581,4.972135954999581
28,seeqst_uniform,10,mean,1,100,-20.48,-15.507864045000419,15.507864045000419
28,seeqst_uniform,10,mean,1,300,-6.826666666666667,-1.8545307116670857,1.8545307116670857
28,seeqst_uniform,10,mean,1,1000,-11.264,-6.291864045000418,6.291864045000418
28,seeqst_uniform,10,mean,1,2000,-9.216,-4.243864045000418,4.243864045000418
28,seeqst_uniform,10,mean,1,3000,-8.192,-3.219864045000419,3.219864045000419
28,seeqst_uniform,10,mean,1,4000,-6.912,-1.9398640450004185,1.9398640450004185
28,seeqst_uniform,10,mean,1,5000,-6.5536,-1.581464045000419,1.581464045000419
28,seeqst_uniform,10,mean,1,6000,-5.632,-0.6598640450004183,0.6598640450004183
28,seeqst_uniform,10,mean,1,7000,-5.12,-0.14786404500041872,0.14786404500041872
28,seeqst_uniform,10,mean,1,8000,-4.224,0.7481359549995812,0.7481359549995812
28,seeqst_uniform,10,mean,1,9000,-5.347555555555555,-0.3754196005559738,0.3754196005559738
28,seeqst_uniform,10,mean,1,10000,-4.8128,0.1593359549995812,0.1593359549995812
28,seeqst_binomial_q0.09091,10,mean,1,10,0.0,4.972135954999581,4.972135954999581
28,seeqst_binomial_q0.09091,10,mean,1,30,8.645808201370828,13.61794415637041,13.61794415637041
28,seeqst_binomial_q0.09091,10,mean,1,100,-2.593742460411248,2.3783934945883334,2.3783934945883334
28,seeqst_binomial_q0.09091,10,mean,1,300,-7.781227381233746,-2.809091426234165,2.809091426234165
28,seeqst_binomial_q0.09091,10,mean,1,1000,-8.040601627274873,-3.068465672275291,3.068465672275291
28,seeqst_binomial_q0.09091,10,mean,1,2000,-5.706233412904748,-0.7340974579051665,0.7340974579051665
28,seeqst_binomial_q0.09091,10,mean,1,3000,-5.446859166863623,-0.47472321186404187,0.47472321186404187
28,seeqst_binomial_q0.09091,10,mean,1,4000,-5.317172043843052,-0.3450360888434707,0.3450360888434707
28,seeqst_binomial_q0.09091,10,mean,1,5000,-5.446859166863608,-0.4747232118640268,0.4747232118640268
28,seeqst_binomial_q0.09091,10,mean,1,6000,-5.792691494918436,-0.8205555399188542,0.8205555399188542
28,seeqst_binomial_q0.09091,10,mean,1,7000,-5.891500731505527,-0.9193647765059456,0.9193647765059456
28,seeqst_binomial_q0.09091,10,mean,1,8000,-5.965607658945846,-0.9934717039462644,0.9934717039462644
28,seeqst_binomial_q0.09091,10,mean,1,9000,-5.850330216260901,-0.8781942612613198,0.8781942612613198
28,seeqst_binomial_q0.09091,10,mean,1,10000,-5.70623341290472,-0.7340974579051389,0.7340974579051389
28,seeqst_binomial_q0.5,10,mean,1,10,0.0,4.972135954999581,4.972135954999581
28,seeqst_binomial_q0.5,10,mean,1,30,-34.13333333333333,-29.161197378333753,29.161197378333753
28,seeqst_binomial_q0.5,10,mean,1,100,-20.48,-15.507864045000419,15.507864045000419
28,seeqst_binomial_q0.5,10,mean,1,300,-20.48,-15.507864045000419,15.507864045000419
28,seeqst_binomial_q0.5,10,mean,1,1000,-6.144,-1.1718640450004187,1.1718640450004187
28,seeqst_binomial_q0.5,10,mean,1,2000,-6.656,-1.6838640450004183,1.6838640450004183
28,seeqst_binomial_q0.5,10,mean,1,3000,-6.144,-1.1718640450004187,1.1718640450004187
28,seeqst_binomial_q0.5,10,mean,1,4000,-6.4,-1.427864045000419,1.427864045000419
28,seeqst_binomial_q0.5,10,mean,1,5000,-7.168,-2.1958640450004188,2.1958640450004188
28,seeqst_binomial_q0.5,10,mean,1,6000,-5.973333333333334,-1.0011973783337522,1.0011973783337522
28,seeqst_binomial_q0.5,10,mean,1,7000,-5.266285714285714,-0.29414975928613263,0.29414975928613263
28,seeqst_binomial_q0.5,10,mean,1,8000,-3.584,1.3881359549995813,1.3881359549995813
28,seeqst_binomial_q0.5,10,mean,1,9000,-4.323555555555555,0.6485803994440262,0.6485803994440262
28,seeqst_binomial_q0.5,10,mean,1,10000,-4.608,0.36413595499958173,0.36413595499958173
28,seeqst_binomial_tuned,10,mean,1,10,-14.901161193847653,-9.929025238848071,9.929025238848071
28,seeqst_binomial_tuned,10,mean,1,30,-14.901161193847653,-9.929025238848071,9.929025238848071
28,seeqst_binomial_tuned,10,mean,1,100,-5.960464477539062,-0.9883285225394802,0.9883285225394802
28,seeqst_binomial_tuned,10,mean,1,300,-6.953875223795571,-1.98173926879599,1.98173926879599
28,seeqst_binomial_tuned,10,mean,1,1000,-6.705522537231444,-1.733386582231863,1.733386582231863
28,seeqst_binomial_tuned,10,mean,1,2000,-4.917383193969726,0.05475276102985571,0.05475276102985571
28,seeqst_binomial_tuned,10,mean,1,3000,-4.669030507405599,0.3031054475939827,0.3031054475939827
28,seeqst_binomial_tuned,10,mean,1,4000,-5.252659320831298,-0.28052336583171655,0.28052336583171655
28,seeqst_binomial_tuned,10,mean,1,5000,-5.155801773071288,-0.1836658180717068,0.1836658180717068
28,seeqst_binomial_tuned,10,mean,1,6000,-4.917383193969726,0.05475276102985571,0.05475276102985571
28,seeqst_binomial_tuned,10,mean,1,7000,-5.2366937909807465,-0.2645578359811651,0.2645578359811651
28,seeqst_binomial_tuned,10,mean,1,8000,-4.991888999938964,-0.01975304493938257,0.01975304493938257
28,seeqst_binomial_tuned,10,mean,1,9000,-4.884269502427842,0.0878664525717392,0.0878664525717392
28,seeqst_binomial_tuned,10,mean,1,10000,-4.976987838745116,-0.004851883745534913,0.004851883745534913
29,pauli,10,mean,1,10,-6.524999999999994,-1.5528640450004128,1.5528640450004128
29,pauli,10,mean,1,30,-3.7499999999999973,1.222135954999584,1.222135954999584
29,pauli,10,mean,1,100,1.1474999999999989,6.1196359549995805,6.1196359549995805
29,pauli,10,mean,1,300,-3.03,1.9421359549995816,1.9421359549995816
29,pauli,10,mean,1,1000,-2.2972500000000005,2.674885954999581,2.674885954999581
29,pauli,10,mean,1,2000,-11.026124999999997,-6.0539890450004155,6.0539890450004155
29,pauli,10,mean,1,3000,-9.552749999999998,-4.5806140450004165,4.5806140450004165
29,pauli,10,mean,1,4000,-4.9460625,0.026073454999581358,0.026073454999581358
29,pauli,10,mean,1,5000,-4.24665,0.7254859549995816,0.7254859549995816
29,pauli,10,mean,1,6000,-4.0185,0.953635954999581,0.953635954999581
29,pauli,10,mean,1,7000,-4.681607142857143,0.29052881214243875,0.29052881214243875
29,pauli,10,mean,1,8000,-5.239125,-0.2669890450004182,0.2669890450004182
29,pauli,10,mean,1,9000,-5.10725,-0.13511404500041824,0.13511404500041824
29,pauli,10,mean,1,10000,-5.0976,-0.12546404500041852,0.12546404500041852
29,clifford,10,mean,1,10,-5.064001803515112e-16,4.9721359549995805,4.9721359549995805
29,clifford,10,mean,1,30,-8.541666666666657,-3.569530711667076,3.569530711667076
29,clifford,10,mean,1,100,-5.125000000000003,-0.15286404500042128,0.15286404500042128
29,clifford,10,mean,1,300,-10.249999999999984,-5.277864045000403,5.277864045000403
29,clifford,10,mean,1,1000,-9.993749999999986,-5.021614045000405,5.021614045000405
29,clifford,10,mean,1,2000,-8.84062499999999,-3.868489045000409,3.868489045000409
29,clifford,10,mean,1,3000,-7.51666666666666,-2.544530711667079,2.544530711667079
29,clifford,10,mean,1,4000,-6.342187499999995,-1.3700515450004138,1.3700515450004138
29,clifford,10,mean,1,5000,-6.252499999999996,-1.2803640450004146,1.2803640450004146
29,clifford,10,mean,1,6000,-5.5520833333333295,-0.5799473783337481,0.5799473783337481
29,clifford,10,mean,1,7000,-5.783928571428568,-0.8117926164289866,0.8117926164289866
29,clifford,10,mean,1,8000,-5.381249999999997,-0.4091140450004156,0.4091140450004156
29,clifford,10,mean,1,9000,-5.124999999999997,-0.15286404500041595,0.15286404500041595
29,clifford,10,mean,1,10000,-5.176249999999998,-0.2041140450004164,0.2041140450004164
29,seeqst_uniform,10,mean,1,10,0.0,4.972135954999581,4.972135954999581
29,seeqst_uniform,10,mean,1,30,0.0,4.972135954999581,4.972135954999581
29,seeqst_uniform,10,mean,1,100,0.0,4.972135954999581,4.972135954999581
29,seeqst_uniform,10,mean,1,300,-3.4133333333333336,1.5588026216662478,1.5588026216662478
29,seeqst_uniform,10,mean,1,1000,1.024,5.996135954999581,5.996135954999581
29,seeqst_uniform,10,mean,1,2000,-2.048,2.9241359549995813,2.9241359549995813
29,seeqst_uniform,10,mean,1,3000,-2.7306666666666666,2.241469288332915,2.241469288332915
29,seeqst_uniform,10,mean,1,4000,-1.792,3.1801359549995816,3.1801359549995816
29,seeqst_uniform,10,mean,1,5000,-1.8432,3.1289359549995814,3.1289359549995814
29,seeqst_uniform,10,mean,1,6000,-2.7306666666666666,2.241469288332915,2.241469288332915
29,seeqst_uniform,10,mean,1,7000,-3.3645714285714288,1.6075645264281526,1.6075645264281526
29,seeqst_uniform,10,mean,1,8000,-3.456,1.5161359549995814,1.5161359549995814
29,seeqst_uniform,10,mean,1,9000,-3.527111111111111,1.4450248438884703,1.4450248438884703
29,seeqst_uniform,10,mean,1,10000,-3.9936,0.9785359549995816,0.9785359549995816
29,seeqst_binomial_q0.09091,10,mean,1,10,-25.937424604112483,-20.9652886491129,20.9652886491129
29,seeqst_binomial_q0.09091,10,mean,1,30,-8.645808201370828,-3.673672246371247,3.673672246371247
29,seeqst_binomial_q0.09091,10,mean,1,100,-7.7812273812337445,-2.809091426234163,2.809091426234163
29,seeqst_binomial_q0.09091,10,mean,1,300,-3.458323280548331,1.5138126744512506,1.5138126744512506
29,seeqst_binomial_q0.09091,10,mean,1,1000,-3.6312394445757485,1.3408965104238328,1.3408965104238328
29,seeqst_binomial_q0.09091,10,mean,1,2000,-3.5015523215551863,1.4705836334443951,1.4705836334443951
29,seeqst_binomial_q0.09091,10,mean,1,3000,-4.322904100685415,0.6492318543141664,0.6492318543141664
29,seeqst_binomial_q0.09091,10,mean,1,4000,-4.474205744209402,0.4979302107901793,0.4979302107901793
29,seeqst_binomial_q0.09091,10,mean,1,5000,-4.616861579532014,0.3552743754675678,0.3552743754675678
29,seeqst_binomial_q0.09091,10,mean,1,6000,-4.884881633774504,0.08725432122507737,0.08725432122507737
29,seeqst_binomial_q0.09091,10,mean,1,7000,-5.372752239423281,-0.4006162844237,0.4006162844237
29,seeqst_binomial_q0.09091,10,mean,1,8000,-5.317172043843039,-0.3450360888434574,0.3450360888434574
29,seeqst_binomial_q0.09091,10,mean,1,9000,-5.216304281493711,-0.24416832649412967,0.24416832649412967
29,seeqst_binomial_q0.09091,10,mean,1,10000,-5.135610071614249,-0.16347411661466804,0.16347411661466804
29,seeqst_binomial_q0.5,10,mean,1,10,0.0,4.972135954999581,4.972135954999581
29,seeqst_binomial_q0.5,10,mean,1,30,0.0,4.972135954999581,4.972135954999581
29,seeqst_binomial_q0.5,10,mean,1,100,10.24,15.212135954999582,15.212135954999582
29,seeqst_binomial_q0.5,10,mean,1,300,-10.24,-5.267864045000419,5.267864045000419
29,seeqst_binomial_q0.5,10,mean,1,1000,-12.288,-7.315864045000419,7.315864045000419
29,seeqst_binomial_q0.5,10,mean,1,2000,-9.728,-4.755864045000418,4.755864045000418
29,seeqst_binomial_q0.5,10,mean,1,3000,-8.533333333333333,-3.561197378333752,3.561197378333752
29,seeqst_binomial_q0.5,10,mean,1,4000,-7.168,-2.1958640450004188,2.1958640450004188
29,seeqst_binomial_q0.5,10,mean,1,5000,-6.7584,-1.7862640450004186,1.7862640450004186
29,seeqst_binomial_q0.5,10,mean,1,6000,-5.632,-0.6598640450004183,0.6598640450004183
29,seeqst_binomial_q0.5,10,mean,1,7000,-6.582857142857143,-1.6107211878575614,1.6107211878575614
29,seeqst_binomial_q0.5,10,mean,1,8000,-6.016,-1.0438640450004186,1.0438640450004186
29,seeqst_binomial_q0.5,10,mean,1,9000,-6.144,-1.1718640450004187,1.1718640450004187
29,seeqst_binomial_q0.5,10,mean,1,10000,-6.3488,-1.3766640450004184,1.3766640450004184
29,seeqst_binomial_tuned,10,mean,1,10,0.0,4.972135954999581,4.972135954999581
29,seeqst_binomial_tuned,10,mean,1,30,0.0,4.972135954999581,4.972135954999581
29,seeqst_binomial_tuned,10,mean,1,100,-1.4901161193847654,3.4820198356148158,3.4820198356148158
29,seeqst_binomial_tuned,10,mean,1,300,-3.973642985026041,0.9984929699735403,0.9984929699735403
29,seeqst_binomial_tuned,10,mean,1,1000,-5.364418029785155,-0.392282074785574,0.392282074785574
29,seeqst_binomial_tuned,10,mean,1,2000,-3.2037496566772456,1.7683862983223357,1.7683862983223357
29,seeqst_binomial_tuned,10,mean,1,3000,-3.278255462646484,1.6938804923530975,1.6938804923530975
29,seeqst_binomial_tuned,10,mean,1,4000,-3.576278686523437,1.3958572684761443,1.3958572684761443
29,seeqst_binomial_tuned,10,mean,1,5000,-3.8743019104003897,1.0978340445991916,1.0978340445991916
29,seeqst_binomial_tuned,10,mean,1,6000,-4.271666208902994,0.7004697460965872,0.7004697460965872
29,seeqst_binomial_tuned,10,mean,1,7000,-4.555497850690569,0.4166381043090128,0.4166381043090128
29,seeqst_binomial_tuned,10,mean,1,8000,-4.600733518600463,0.3714024363991184,0.3714024363991184
29,seeqst_binomial_tuned,10,mean,1,9000,-4.967053731282551,0.005082223717030487,0.005082223717030487
29,seeqst_binomial_tuned,10,mean,1,10000,-4.902482032775878,0.06965392222370337,0.06965392222370337
30,pauli,10,mean,1,10,-1.349999999999999,3.6221359549995826,3.6221359549995826
30,pauli,10,mean,1,30,-8.324999999999994,-3.3528640450004126,3.3528640450004126
30,pauli,10,mean,1,100,-7.357499999999998,-2.3853640450004168,2.3853640450004168
30,pauli,10,mean,1,300,0.08999999999999833,5.0621359549995795,5.0621359549995795
30,pauli,10,mean,1,1000,-1.7505000000000006,3.2216359549995808,3.2216359549995808
30,pauli,10,mean,1,2000,-3.837375,1.1347609549995812,1.1347609549995812
30,pauli,10,mean,1,3000,-4.544249999999999,0.4278859549995824,0.4278859549995824
30,pauli,10,mean,1,4000,-2.9795625,1.9925734549995813,1.9925734549995813
30,pauli,10,mean,1,5000,-3.41415,1.5579859549995816,1.5579859549995816
30,pauli,10,mean,1,6000,-3.24075,1.7313859549995816,1.7313859549995816
30,pauli,10,mean,1,7000,-4.176964285714286,0.7951716692852955,0.7951716692852955
30,pauli,10,mean,1,8000,-4.213125,0.7590109549995816,0.7590109549995816
30,pauli,10,mean,1,9000,-4.138,0.8341359549995815,0.8341359549995815
30,pauli,10,mean,1,10000,-4.107825,0.8643109549995813,0.8643109549995813
30,clifford,10,mean,1,10,-25.624999999999954,-20.65286404500037,20.65286404500037
30,clifford,10,mean,1,30,-1.2178341400913487e-15,4.9721359549995805,4.9721359549995805
30,clifford,10,mean,1,100,-5.125,-0.1528640450004186,0.1528640450004186
30,clifford,10,mean,1,300,-10.249999999999975,-5.277864045000394,5.277864045000394
30,clifford,10,mean,1,1000,-5.893749999999986,-0.9216140450004042,0.9216140450004042
30,clifford,10,mean,1,2000,-6.14999999999999,-1.1778640450004083,1.1778640450004083
30,clifford,10,mean,1,3000,-6.149999999999991,-1.1778640450004092,1.1778640450004092
30,clifford,10,mean,1,4000,-6.278124999999993,-1.3059890450004117,1.3059890450004117
30,clifford,10,mean,1,5000,-5.432499999999994,-0.4603640450004125,0.4603640450004125
30,clifford,10,mean,1,6000,-4.612499999999994,0.3596359549995878,0.3596359549995878
30,clifford,10,mean,1,7000,-4.905357142857138,0.0667788121424433,0.0667788121424433
30,clifford,10,mean,1,8000,-4.708593749999995,0.26354220499958636,0.26354220499958636
30,clifford,10,mean,1,9000,-4.498611111111107,0.47352484388847405,0.47352484388847405
30,clifford,10,mean,1,10000,-4.509999999999996,0.46213595499958515,0.46213595499958515
30,seeqst_uniform,10,mean,1,10,0.0,4.972135954999581,4.972135954999581
30,seeqst_uniform,10,mean,1,30,0.0,4.972135954999581,4.972135954999581
30,seeqst_uniform,10,mean,1,100,0.0,4.972135954999581,4.972135954999581
30,seeqst_uniform,10,mean,1,300,-3.4133333333333336,1.5588026216662478,1.5588026216662478
30,seeqst_uniform,10,mean,1,1000,-5.12,-0.14786404500041872,0.14786404500041872
30,seeqst_uniform,10,mean,1,2000,-6.656,-1.6838640450004183,1.6838640450004183
30,seeqst_uniform,10,mean,1,3000,-6.826666666666667,-1.8545307116670857,1.8545307116670857
30,seeqst_uniform,10,mean,1,4000,-6.144,-1.1718640450004187,1.1718640450004187
30,seeqst_uniform,10,mean,1,5000,-5.5296,-0.5574640450004189,0.5574640450004189
30,seeqst_uniform,10,mean,1,6000,-4.949333333333334,0.022802621666247802,0.022802621666247802
30,seeqst_uniform,10,mean,1,7000,-5.266285714285714,-0.29414975928613263,0.29414975928613263
30,seeqst_uniform,10,mean,1,8000,-4.736,0.23613595499958162,0.23613595499958162
30,seeqst_uniform,10,mean,1,9000,-5.347555555555555,-0.3754196005559738,0.3754196005559738
30,seeqst_uniform,10,mean,1,10000,-5.12,-0.14786404500041872,0.14786404500041872
30,seeqst_binomial_q0.09091,10,mean,1,10,0.0,4.972135954999581,4.972135954999581
30,seeqst_binomial_q0.09091,10,mean,1,30,0.0,4.972135954999581,4.972135954999581
30,seeqst_binomial_q0.09091,10,mean,1,100,-2.593742460411248,2.3783934945883334,2.3783934945883334
30,seeqst_binomial_q0.09091,10,mean,1,300,-6.916646561096663,-1.944510606097082,1.944510606097082
30,seeqst_binomial_q0.09091,10,mean,1,1000,-8.299975873315995,-3.327839918316414,3.327839918316414
30,seeqst_binomial_q0.09091,10,mean,1,2000,-8.040601627274873,-3.068465672275291,3.068465672275291
30,seeqst_binomial_q0.09091,10,mean,1,3000,-6.743730397069238,-1.7715944420696568,1.7715944420696568
30,seeqst_binomial_q0.09091,10,mean,1,4000,-6.614043274048668,-1.6419073190490865,1.6419073190490865
30,seeqst_binomial_q0.09091,10,mean,1,5000,-6.795605246277449,-1.8234692912778678,1.8234692912778678
30,seeqst_binomial_q0.09091,10,mean,1,6000,-6.0952947819664125,-1.1231588269668311,1.1231588269668311
30,seeqst_binomial_q0.09091,10,mean,1,7000,-6.11382151382649,-1.141685558826909,1.141685558826909
30,seeqst_binomial_q0.09091,10,mean,1,8000,-5.868342316680425,-0.8962063616808438,0.8962063616808438
30,seeqst_binomial_q0.09091,10,mean,1,9000,-5.187484920822476,-0.2153489658228942,0.2153489658228942
30,seeqst_binomial_q0.09091,10,mean,1,10000,-5.317172043843035,-0.3450360888434538,0.3450360888434538
30,seeqst_binomial_q0.5,10,mean,1,10,102.4,107.37213595499959,107.37213595499959
30,seeqst_binomial_q0.5,10,mean,1,30,34.13333333333333,39.10546928833291,39.10546928833291
30,seeqst_binomial_q0.5,10,mean,1,100,-10.24,-5.267864045000419,5.267864045000419
30,seeqst_binomial_q0.5,10,mean,1,300,3.4133333333333336,8.385469288332915,8.385469288332915
30,seeqst_binomial_q0.5,10,mean,1,1000,-4.096,0.8761359549995813,0.8761359549995813
30,seeqst_binomial_q0.5,10,mean,1,2000,-5.12,-0.14786404500041872,0.14786404500041872
30,seeqst_binomial_q0.5,10,mean,1,3000,-4.437333333333333,0.5348026216662483,0.5348026216662483
30,seeqst_binomial_q0.5,10,mean,1,4000,-4.096,0.8761359549995813,0.8761359549995813
30,seeqst_binomial_q0.5,10,mean,1,5000,-5.3248,-0.35266404500041837,0.35266404500041837
30,seeqst_binomial_q0.5,10,mean,1,6000,-5.290666666666667,-0.31853071166708524,0.31853071166708524
30,seeqst_binomial_q0.5,10,mean,1,7000,-4.6811428571428575,0.2909930978567239,0.2909930978567239
30,seeqst_binomial_q0.5,10,mean,1,8000,-4.224,0.7481359549995812,0.7481359549995812
30,seeqst_binomial_q0.5,10,mean,1,9000,-3.8684444444444446,1.1036915105551368,1.1036915105551368
30,seeqst_binomial_q0.5,10,mean,1,10000,-3.7888,1.1833359549995812,1.1833359549995812
30,seeqst_binomial_tuned,10,mean,1,10,-14.901161193847653,-9.929025238848071,9.929025238848071
30,seeqst_binomial_tuned,10,mean,1,30,-9.934107462565102,-4.96197150756552,4.96197150756552
30,seeqst_binomial_tuned,10,mean,1,100,-7.450580596923827,-2.478444641924246,2.478444641924246
30,seeqst_binomial_tuned,10,mean,1,300,-7.947285970052082,-2.9751500150525008,2.9751500150525008
30,seeqst_binomial_tuned,10,mean,1,1000,-3.4272670745849605,1.544868880414621,1.544868880414621
30,seeqst_binomial_tuned,10,mean,1,2000,-4.991888999938964,-0.01975304493938257,0.01975304493938257
30,seeqst_binomial_tuned,10,mean,1,3000,-5.414088567097981,-0.4419526120983992,0.4419526120983992
30,seeqst_binomial_tuned,10,mean,1,4000,-5.103647708892821,-0.13151175389324,0.13151175389324
30,seeqst_binomial_tuned,10,mean,1,5000,-4.917383193969726,0.05475276102985571,0.05475276102985571
30,seeqst_binomial_tuned,10,mean,1,6000,-4.718701044718424,0.2534349102811575,0.2534349102811575
30,seeqst_binomial_tuned,10,mean,1,7000,-4.512923104422432,0.4592128505771491,0.4592128505771491
30,seeqst_binomial_tuned,10,mean,1,8000,-4.2840838432312,0.6880521117683811,0.6880521117683811
30,seeqst_binomial_tuned,10,mean,1,9000,-4.2551093631320525,0.7170265918675289,0.7170265918675289
30,seeqst_binomial_tuned,10,mean,1,10000,-4.366040229797362,0.606095725202219,0.606095725202219
31,pauli,10,mean,1,10,-6.9749999999999925,-2.002864045000411,2.002864045000411
31,pauli,10,mean,1,30,-4.199999999999997,0.7721359549995848,0.7721359549995848
31,pauli,10,mean,1,100,-3.8249999999999984,1.147135954999583,1.147135954999583
31,pauli,10,mean,1,300,-3.8249999999999984,1.147135954999583,1.147135954999583
31,pauli,10,mean,1,1000,-4.538249999999999,0.4338859549995826,0.4338859549995826
31,pauli,10,mean,1,2000,-2.934,2.0381359549995812,2.0381359549995812
31,pauli,10,mean,1,3000,-4.1835,0.788635954999581,0.788635954999581
31,pauli,10,mean,1,4000,-4.0291875,0.9429484549995815,0.9429484549995815
31,pauli,10,mean,1,5000,-4.9068,0.06533595499958178,0.06533595499958178
31,pauli,10,mean,1,6000,-4.919625,0.05251095499958147,0.05251095499958147
31,pauli,10,mean,1,7000,-5.0814642857142855,-0.10932833071470416,0.10932833071470416
31,pauli,10,mean,1,8000,-4.8954375,0.0766984549995815,0.0766984549995815
31,pauli,10,mean,1,9000,-5.18275,-0.21061404500041903,0.21061404500041903
31,pauli,10,mean,1,10000,-5.112,-0.1398640450004187,0.1398640450004187
31,clifford,10,mean,1,10,-25.624999999999954,-20.65286404500037,20.65286404500037
31,clifford,10,mean,1,30,-17.083333333333304,-12.111197378333722,12.111197378333722
31,clifford,10,mean,1,100,-10.249999999999975,-5.277864045000394,5.277864045000394
31,clifford,10,mean,1,300,-13.66666666666663,-8.69453071166705,8.69453071166705
31,clifford,10,mean,1,1000,-10.24999999999998,-5.277864045000399,5.277864045000399
31,clifford,10,mean,1,2000,-9.60937499999999,-4.637239045000408,4.637239045000408
31,clifford,10,mean,1,3000,-8.28541666666666,-3.313280711667078,3.313280711667078
31,clifford,10,mean,1,4000,-7.559374999999995,-2.5872390450004135,2.5872390450004135
31,clifford,10,mean,1,5000,-7.738749999999996,-2.7666140450004146,2.7666140450004146
31,clifford,10,mean,1,6000,-7.004166666666663,-2.0320307116670815,2.0320307116670815
31,clifford,10,mean,1,7000,-7.174999999999997,-2.2028640450004158,2.2028640450004158
31,clifford,10,mean,1,8000,-6.822656249999997,-1.8505202950004156,1.8505202950004156
31,clifford,10,mean,1,9000,-6.4916666666666645,-1.519530711667083,1.519530711667083
31,clifford,10,mean,1,10000,-5.996249999999998,-1.0241140450004167,1.0241140450004167
31,seeqst_uniform,10,mean,1,10,0.0,4.972135954999581,4.972135954999581
31,seeqst_uniform,10,mean,1,30,0.0,4.972135954999581,4.972135954999581
31,seeqst_uniform,10,mean,1,100,0.0,4.972135954999581,4.972135954999581
31,seeqst_uniform,10,mean,1,300,-10.24,-5.267864045000419,5.267864045000419
31,seeqst_uniform,10,mean,1,1000,-3.072,1.9001359549995813,1.9001359549995813
31,seeqst_uniform,10,mean,1,2000,-4.608,0.36413595499958173,0.36413595499958173
31,seeqst_uniform,10,mean,1,3000,-7.850666666666666,-2.878530711667085,2.878530711667085
31,seeqst_uniform,10,mean,1,4000,-6.4,-1.427864045000419,1.427864045000419
31,seeqst_uniform,10,mean,1,5000,-5.9392,-0.9670640450004182,0.9670640450004182
31,seeqst_uniform,10,mean,1,6000,-6.656,-1.6838640450004183,1.6838640450004183
31,seeqst_uniform,10,mean,1,7000,-6.8754285714285714,-1.90329261642899,1.90329261642899
31,seeqst_uniform,10,mean,1,8000,-6.656,-1.6838640450004183,1.6838640450004183
31,seeqst_uniform,10,mean,1,9000,-6.144,-1.1718640450004187,1.1718640450004187
31,seeqst_uniform,10,mean,1,10000,-5.12,-0.14786404500041872,0.14786404500041872
31,seeqst_binomial_q0.09091,10,mean,1,10,0.0,4.972135954999581,4.972135954999581
31,seeqst_binomial_q0.09091,10,mean,1,30,0.0,4.972135954999581,4.972135954999581
31,seeqst_binomial_q0.09091,10,mean,1,100,2.593742460411248,7.565878415410829,7.565878415410829
31,seeqst_binomial_q0.09091,10,mean,1,300,0.0,4.972135954999581,4.972135954999581
31,seeqst_binomial_q0.09091,10,mean,1,1000,-2.334368214370124,2.6377677406294575,2.6377677406294575
31,seeqst_binomial_q0.09091,10,mean,1,2000,-4.020300813637436,0.9518351413621451,0.9518351413621451
31,seeqst_binomial_q0.09091,10,mean,1,3000,-3.804155608603165,1.1679803463964165,1.1679803463964165
31,seeqst_binomial_q0.09091,10,mean,1,4000,-4.149987936657998,0.8221480183415837,0.8221480183415837
31,seeqst_binomial_q0.09091,10,mean,1,5000,-4.720611277948463,0.25152467705111814,0.25152467705111814
31,seeqst_binomial_q0.09091,10,mean,1,6000,-4.7119654697470885,0.26017048525249287,0.26017048525249287
31,seeqst_binomial_q0.09091,10,mean,1,7000,-5.224538384542639,-0.252402429543058,0.252402429543058
31,seeqst_binomial_q0.09091,10,mean,1,8000,-5.3820156053533195,-0.4098796503537381,0.4098796503537381
31,seeqst_binomial_q0.09091,10,mean,1,9000,-5.129846199480004,-0.15771024448042237,0.15771024448042237
31,seeqst_binomial_q0.09091,10,mean,1,10000,-5.524671440675934,-0.5525354856763522,0.5525354856763522
31,seeqst_binomial_q0.5,10,mean,1,10,0.0,4.972135954999581,4.972135954999581
31,seeqst_binomial_q0.5,10,mean,1,30,0.0,4.972135954999581,4.972135954999581
31,seeqst_binomial_q0.5,10,mean,1,100,0.0,4.972135954999581,4.972135954999581
31,seeqst_binomial_q0.5,10,mean,1,300,-6.826666666666667,-1.8545307116670857,1.8545307116670857
31,seeqst_binomial_q0.5,10,mean,1,1000,-5.12,-0.14786404500041872,0.14786404500041872
31,seeqst_binomial_q0.5,10,mean,1,2000,-7.68,-2.7078640450004183,2.7078640450004183
31,seeqst_binomial_q0.5,10,mean,1,3000,-8.192,-3.219864045000419,3.219864045000419
31,seeqst_binomial_q0.5,10,mean,1,4000,-6.912,-1.9398640450004185,1.9398640450004185
31,seeqst_binomial_q0.5,10,mean,1,5000,-6.7584,-1.7862640450004186,1.7862640450004186
31,seeqst_binomial_q0.5,10,mean,1,6000,-6.144,-1.1718640450004187,1.1718640450004187
31,seeqst_binomial_q0.5,10,mean,1,7000,-5.412571428571429,-0.4404354735718474,0.4404354735718474
31,seeqst_binomial_q0.5,10,mean,1,8000,-5.12,-0.14786404500041872,0.14786404500041872
31,seeqst_binomial_q0.5,10,mean,1,9000,-5.461333333333333,-0.48919737833375176,0.48919737833375176
31,seeqst_binomial_q0.5,10,mean,1,10000,-5.632,-0.6598640450004183,0.6598640450004183
31,seeqst_binomial_tuned,10,mean,1,10,0.0,4.972135954999581,4.972135954999581
31,seeqst_binomial_tuned,10,mean,1,30,0.0,4.972135954999581,4.972135954999581
31,seeqst_binomial_tuned,10,mean,1,100,-2.980232238769531,1.9919037162300506,1.9919037162300506
31,seeqst_binomial_tuned,10,mean,1,300,-5.463759104410807,-0.4916231494112253,0.4916231494112253
31,seeqst_binomial_tuned,10,mean,1,1000,-4.172325134277343,0.7998108207222385,0.7998108207222385
31,seeqst_binomial_tuned,10,mean,1,2000,-4.246830940246581,0.7253050147530002,0.7253050147530002
31,seeqst_binomial_tuned,10,mean,1,3000,-4.768371582031249,0.20376437296833227,0.20376437296833227
31,seeqst_binomial_tuned,10,mean,1,4000,-4.954636096954345,0.01749985804523657,0.01749985804523657
31,seeqst_binomial_tuned,10,mean,1,5000,-5.1856040954589835,-0.2134681404594021,0.2134681404594021
31,seeqst_binomial_tuned,10,mean,1,6000,-5.091230074564615,-0.1190941195650339,0.1190941195650339
31,seeqst_binomial_tuned,10,mean,1,7000,-5.002532686505998,-0.030396731506416863,0.030396731506416863
31,seeqst_binomial_tuned,10,mean,1,8000,-5.494803190231322,-0.522667235231741,0.522667235231741
31,seeqst_binomial_tuned,10,mean,1,9000,-5.447202258639865,-0.47506630364028357,0.47506630364028357
31,seeqst_binomial_tuned,10,mean,1,10000,-5.543231964111327,-0.5710960091117459,0.5710960091117459
32,pauli,10,mean,1,10,-3.8249999999999984,1.147135954999583,1.147135954999583
32,pauli,10,mean,1,30,-2.325,2.647135954999581,2.647135954999581
32,pauli,10,mean,1,100,-3.8924999999999987,1.0796359549995826,1.0796359549995826
32,pauli,10,mean,1,300,-4.927499999999999,0.04463595499958206,0.04463595499958206
32,pauli,10,mean,1,1000,-5.566499999999999,-0.5943640450004173,0.5943640450004173
32,pauli,10,mean,1,2000,-6.307874999999999,-1.3357390450004178,1.3357390450004178
32,pauli,10,mean,1,3000,-5.953499999999999,-0.9813640450004177,0.9813640450004177
32,pauli,10,mean,1,4000,-5.201999999999999,-0.22986404500041768,0.22986404500041768
32,pauli,10,mean,1,5000,-5.278499999999999,-0.3063640450004179,0.3063640450004179
32,pauli,10,mean,1,6000,-4.9781249999999995,-0.005989045000418081,0.005989045000418081
32,pauli,10,mean,1,7000,-5.493214285714284,-0.5210783307147029,0.5210783307147029
32,pauli,10,mean,1,8000,-5.184843749999999,-0.21270779500041748,0.21270779500041748
32,pauli,10,mean,1,9000,-5.120749999999999,-0.14861404500041786,0.14861404500041786
32,pauli,10,mean,1,10000,-5.298074999999999,-0.3259390450004176,0.3259390450004176
32,clifford,10,mean,1,10,-25.62499999999996,-20.652864045000378,20.652864045000378
32,clifford,10,mean,1,30,-17.083333333333297,-12.111197378333715,12.111197378333715
32,clifford,10,mean,1,100,-7.095112592506461e-16,4.9721359549995805,4.9721359549995805
32,clifford,10,mean,1,300,-4.270833333333323,0.7013026216662581,0.7013026216662581
32,clifford,10,mean,1,1000,-1.5374999999999988,3.4346359549995826,3.4346359549995826
32,clifford,10,mean,1,2000,-1.4093749999999974,3.5627609549995842,3.5627609549995842
32,clifford,10,mean,1,3000,-3.75833333333333,1.2138026216662512,1.2138026216662512
32,clifford,10,mean,1,4000,-4.035937499999997,0.9361984549995848,0.9361984549995848
32,clifford,10,mean,1,5000,-4.458749999999997,0.5133859549995847,0.5133859549995847
32,clifford,10,mean,1,6000,-4.5697916666666645,0.4023442883329169,0.4023442883329169
32,clifford,10,mean,1,7000,-4.136607142857141,0.8355288121424405,0.8355288121424405
32,clifford,10,mean,1,8000,-4.132031249999998,0.8401047049995833,0.8401047049995833
32,clifford,10,mean,1,9000,-3.957638888888887,1.0144970661106942,1.0144970661106942
32,clifford,10,mean,1,10000,-4.048749999999998,0.9233859549995831,0.9233859549995831
32,seeqst_uniform,10,mean,1,10,0.0,4.972135954999581,4.972135954999581
32,seeqst_uniform,10,mean,1,30,0.0,4.972135954999581,4.972135954999581
32,seeqst_uniform,10,mean,1,100,0.0,4.972135954999581,4.972135954999581
32,seeqst_uniform,10,mean,1,300,-3.4133333333333336,1.5588026216662478,1.5588026216662478
32,seeqst_uniform,10,mean,1,1000,-2.048,2.9241359549995813,2.9241359549995813
32,seeqst_uniform,10,mean,1,2000,-3.584,1.3881359549995813,1.3881359549995813
32,seeqst_uniform,10,mean,1,3000,-3.7546666666666666,1.2174692883329148,1.2174692883329148
32,seeqst_uniform,10,mean,1,4000,-6.144,-1.1718640450004187,1.1718640450004187
32,seeqst_uniform,10,mean,1,5000,-7.168,-2.1958640450004188,2.1958640450004188
32,seeqst_uniform,10,mean,1,6000,-7.168,-2.1958640450004188,2.1958640450004188
32,seeqst_uniform,10,mean,1,7000,-7.314285714285714,-2.3421497592861327,2.3421497592861327
32,seeqst_uniform,10,mean,1,8000,-7.04,-2.0678640450004186,2.0678640450004186
32,seeqst_uniform,10,mean,1,9000,-7.509333333333333,-2.537197378333752,2.537197378333752
32,seeqst_uniform,10,mean,1,10000,-7.2704,-2.298264045000419,2.298264045000419
32,seeqst_binomial_q0.09091,10,mean,1,10,0.0,4.972135954999581,4.972135954999581
32,seeqst_binomial_q0.09091,10,mean,1,30,-8.645808201370828,-3.673672246371247,3.673672246371247
32,seeqst_binomial_q0.09091,10,mean,1,100,-7.7812273812337445,-2.809091426234163,2.809091426234163
32,seeqst_binomial_q0.09091,10,mean,1,300,-2.593742460411248,2.3783934945883334,2.3783934945883334
32,seeqst_binomial_q0.09091,10,mean,1,1000,-2.853116706452374,2.1190192485472075,2.1190192485472075
32,seeqst_binomial_q0.09091,10,mean,1,2000,-5.706233412904748,-0.7340974579051665,0.7340974579051665
32,seeqst_binomial_q0.09091,10,mean,1,3000,-5.533317248877331,-0.5611812938777492,0.5611812938777492
32,seeqst_binomial_q0.09091,10,mean,1,4000,-5.576546289884175,-0.6044103348845935,0.6044103348845935
32,seeqst_binomial_q0.09091,10,mean,1,5000,-5.654358563696507,-0.6822226086969252,0.6822226086969252
32,seeqst_binomial_q0.09091,10,mean,1,6000,-5.663004371897874,-0.6908684168982928,0.6908684168982928
32,seeqst_binomial_q0.09091,10,mean,1,7000,-5.595073021744244,-0.6229370667446625,0.6229370667446625
32,seeqst_binomial_q0.09091,10,mean,1,8000,-4.992954236291634,-0.020818281292052987,0.020818281292052987
32,seeqst_binomial_q0.09091,10,mean,1,9000,-5.273943002836183,-0.3018070478366015,0.3018070478366015
32,seeqst_binomial_q0.09091,10,mean,1,10000,-5.550608865280046,-0.5784729102804649,0.5784729102804649
32,seeqst_binomial_q0.5,10,mean,1,10,0.0,4.972135954999581,4.972135954999581
32,seeqst_binomial_q0.5,10,mean,1,30,0.0,4.972135954999581,4.972135954999581
32,seeqst_binomial_q0.5,10,mean,1,100,-10.24,-5.267864045000419,5.267864045000419
32,seeqst_binomial_q0.5,10,mean,1,300,-3.4133333333333336,1.5588026216662478,1.5588026216662478
32,seeqst_binomial_q0.5,10,mean,1,1000,-3.072,1.9001359549995813,1.9001359549995813
32,seeqst_binomial_q0.5,10,mean,1,2000,-8.704,-3.7318640450004192,3.7318640450004192
32,seeqst_binomial_q0.5,10,mean,1,3000,-6.826666666666667,-1.8545307116670857,1.8545307116670857
32,seeqst_binomial_q0.5,10,mean,1,4000,-7.168,-2.1958640450004188,2.1958640450004188
32,seeqst_binomial_q0.5,10,mean,1,5000,-8.6016,-3.629464045000418,3.629464045000418
32,seeqst_binomial_q0.5,10,mean,1,6000,-8.192,-3.219864045000419,3.219864045000419
32,seeqst_binomial_q0.5,10,mean,1,7000,-8.045714285714286,-3.073578330714705,3.073578330714705
32,seeqst_binomial_q0.5,10,mean,1,8000,-7.936,-2.9638640450004186,2.9638640450004186
32,seeqst_binomial_q0.5,10,mean,1,9000,-7.964444444444444,-2.992308489444863,2.992308489444863
32,seeqst_binomial_q0.5,10,mean,1,10000,-7.5776,-2.605464045000419,2.605464045000419
32,seeqst_binomial_tuned,10,mean,1,10,-14.901161193847653,-9.929025238848071,9.929025238848071
32,seeqst_binomial_tuned,10,mean,1,30,-4.967053731282551,0.005082223717030487,0.005082223717030487
32,seeqst_binomial_tuned,10,mean,1,100,-4.470348358154296,0.5017875968452854,0.5017875968452854
32,seeqst_binomial_tuned,10,mean,1,300,-5.463759104410807,-0.4916231494112253,0.4916231494112253
32,seeqst_binomial_tuned,10,mean,1,1000,-6.258487701416015,-1.2863517464164334,1.2863517464164334
32,seeqst_binomial_tuned,10,mean,1,2000,-5.364418029785155,-0.392282074785574,0.392282074785574
32,seeqst_binomial_tuned,10,mean,1,3000,-6.357828776041665,-1.3856928210420838,1.3856928210420838
32,seeqst_binomial_tuned,10,mean,1,4000,-5.960464477539062,-0.9883285225394802,0.9883285225394802
32,seeqst_binomial_tuned,10,mean,1,5000,-5.5730342864990225,-0.6008983314994412,0.6008983314994412
32,seeqst_binomial_tuned,10,mean,1,6000,-5.513429641723632,-0.5412936867240505,0.5412936867240505
32,seeqst_binomial_tuned,10,mean,1,7000,-5.449567522321428,-0.47743156732184655,0.47743156732184655
32,seeqst_binomial_tuned,10,mean,1,8000,-5.308538675308227,-0.33640272030864526,0.33640272030864526
32,seeqst_binomial_tuned,10,mean,1,9000,-5.182292726304795,-0.21015677130521393,0.21015677130521393
32,seeqst_binomial_tuned,10,mean,1,10000,-5.215406417846679,-0.2432704628470974,0.2432704628470974
33,pauli,10,mean,1,10,-3.5999999999999988,1.3721359549995826,1.3721359549995826
33,pauli,10,mean,1,30,-2.3999999999999995,2.572135954999582,2.572135954999582
33,pauli,10,mean,1,100,-11.362499999999995,-6.390364045000414,6.390364045000414
33,pauli,10,mean,1,300,-8.287499999999998,-3.3153640450004165,3.3153640450004165
33,pauli,10,mean,1,1000,-4.52025,0.4518859549995815,0.4518859549995815
33,pauli,10,mean,1,2000,-8.575874999999998,-3.6037390450004168,3.6037390450004168
33,pauli,10,mean,1,3000,-12.066749999999995,-7.094614045000414,7.094614045000414
33,pauli,10,mean,1,4000,-8.341874999999996,-3.369739045000415,3.369739045000415
33,pauli,10,mean,1,5000,-6.349049999999997,-1.376914045000416,1.376914045000416
33,pauli,10,mean,1,6000,-5.515874999999998,-0.5437390450004163,0.5437390450004163
33,pauli,10,mean,1,7000,-5.556857142857141,-0.5847211878575598,0.5847211878575598
33,pauli,10,mean,1,8000,-5.520093749999998,-0.5479577950004169,0.5479577950004169
33,pauli,10,mean,1,9000,-4.828499999999998,0.14363595499958315,0.14363595499958315
33,pauli,10,mean,1,10000,-4.907249999999999,0.06488595499958283,0.06488595499958283
33,clifford,10,mean,1,10,-3.979039320256561e-14,4.972135954999541,4.972135954999541
33,clifford,10,mean,1,30,-9.537698940245964e-15,4.972135954999572,4.972135954999572
33,clifford,10,mean,1,100,-5.124999999999991,-0.15286404500040973,0.15286404500040973
33,clifford,10,mean,1,300,3.4166666666666607,8.388802621666242,8.388802621666242
33,clifford,10,mean,1,1000,-3.074999999999995,1.8971359549995865,1.8971359549995865
33,clifford,10,mean,1,2000,-3.8437499999999933,1.128385954999588,1.128385954999588
33,clifford,10,mean,1,3000,-5.124999999999996,-0.15286404500041417,0.15286404500041417
33,clifford,10,mean,1,4000,-5.124999999999996,-0.15286404500041417,0.15286404500041417
33,clifford,10,mean,1,5000,-5.022499999999996,-0.050364045000415025,0.050364045000415025
33,clifford,10,mean,1,6000,-4.954166666666664,0.017969288332917444,0.017969288332917444
33,clifford,10,mean,1,7000,-4.685714285714282,0.286421669285299,0.286421669285299
33,clifford,10,mean,1,8000,-4.099999999999997,0.8721359549995844,0.8721359549995844
33,clifford,10,mean,1,9000,-4.12847222222222,0.8436637327773617,0.8436637327773617
33,clifford,10,mean,1,10000,-4.381874999999998,0.5902609549995832,0.5902609549995832
33,seeqst_uniform,10,mean,1,10,0.0,4.972135954999581,4.972135954999581
33,seeqst_uniform,10,mean,1,30,-68.26666666666667,-63.294530711667086,63.294530711667086
33,seeqst_uniform,10,mean,1,100,-10.24,-5.267864045000419,5.267864045000419
33,seeqst_uniform,10,mean,1,300,-10.24,-5.267864045000419,5.267864045000419
33,seeqst_uniform,10,mean,1,1000,-10.24,-5.267864045000419,5.267864045000419
33,seeqst_uniform,10,mean,1,2000,-11.776,-6.803864045000418,6.803864045000418
33,seeqst_uniform,10,mean,1,3000,-10.24,-5.267864045000419,5.267864045000419
33,seeqst_uniform,10,mean,1,4000,-8.704,-3.7318640450004192,3.7318640450004192
33,seeqst_uniform,10,mean,1,5000,-9.0112,-4.039064045000419,4.039064045000419
33,seeqst_uniform,10,mean,1,6000,-8.533333333333333,-3.561197378333752,3.561197378333752
33,seeqst_uniform,10,mean,1,7000,-8.192,-3.219864045000419,3.219864045000419
33,seeqst_uniform,10,mean,1,8000,-7.936,-2.9638640450004186,2.9638640450004186
33,seeqst_uniform,10,mean,1,9000,-7.964444444444444,-2.992308489444863,2.992308489444863
33,seeqst_uniform,10,mean,1,10000,-8.0896,-3.1174640450004194,3.1174640450004194
33,seeqst_binomial_q0.09091,10,mean,1,10,-51.874849208224965,-46.902713253225386,46.902713253225386
33,seeqst_binomial_q0.09091,10,mean,1,30,-17.291616402741656,-12.319480447742075,12.319480447742075
33,seeqst_binomial_q0.09091,10,mean,1,100,-12.968712302056241,-7.99657634705666,7.99657634705666
33,seeqst_binomial_q0.09091,10,mean,1,300,-6.916646561096663,-1.944510606097082,1.944510606097082
33,seeqst_binomial_q0.09091,10,mean,1,1000,-7.0031046431103725,-2.030968688110791,2.030968688110791
33,seeqst_binomial_q0.09091,10,mean,1,2000,-5.706233412904748,-0.7340974579051665,0.7340974579051665
33,seeqst_binomial_q0.09091,10,mean,1,3000,-4.668736428740249,0.30339952625933275,0.30339952625933275
33,seeqst_binomial_q0.09091,10,mean,1,4000,-4.668736428740244,0.3033995262593372,0.3033995262593372
33,seeqst_binomial_q0.09091,10,mean,1,5000,-4.616861579532014,0.3552743754675678,0.3552743754675678
33,seeqst_binomial_q0.09091,10,mean,1,6000,-4.452591223705966,0.5195447312936157,0.5195447312936157
33,seeqst_binomial_q0.09091,10,mean,1,7000,-4.372308718978949,0.5998272360206327,0.5998272360206327
33,seeqst_binomial_q0.09091,10,mean,1,8000,-4.020300813637422,0.9518351413621593,0.9518351413621593
33,seeqst_binomial_q0.09091,10,mean,1,9000,-4.639917068068993,0.33221888693058865,0.33221888693058865
33,seeqst_binomial_q0.09091,10,mean,1,10000,-4.720611277948453,0.2515246770511288,0.2515246770511288
33,seeqst_binomial_q0.5,10,mean,1,10,0.0,4.972135954999581,4.972135954999581
33,seeqst_binomial_q0.5,10,mean,1,30,0.0,4.972135954999581,4.972135954999581
33,seeqst_binomial_q0.5,10,mean,1,100,-10.24,-5.267864045000419,5.267864045000419
33,seeqst_binomial_q0.5,10,mean,1,300,0.0,4.972135954999581,4.972135954999581
33,seeqst_binomial_q0.5,10,mean,1,1000,0.0,4.972135954999581,4.972135954999581
33,seeqst_binomial_q0.5,10,mean,1,2000,-2.048,2.9241359549995813,2.9241359549995813
33,seeqst_binomial_q0.5,10,mean,1,3000,-4.096,0.8761359549995813,0.8761359549995813
33,seeqst_binomial_q0.5,10,mean,1,4000,-4.864,0.10813595499958151,0.10813595499958151
33,seeqst_binomial_q0.5,10,mean,1,5000,-4.7104,0.26173595499958147,0.26173595499958147
33,seeqst_binomial_q0.5,10,mean,1,6000,-5.632,-0.6598640450004183,0.6598640450004183
33,seeqst_binomial_q0.5,10,mean,1,7000,-6.582857142857143,-1.6107211878575614,1.6107211878575614
33,seeqst_binomial_q0.5,10,mean,1,8000,-6.4,-1.427864045000419,1.427864045000419
33,seeqst_binomial_q0.5,10,mean,1,9000,-6.599111111111111,-1.6269751561115298,1.6269751561115298
33,seeqst_binomial_q0.5,10,mean,1,10000,-6.0416,-1.0694640450004185,1.0694640450004185
33,seeqst_binomial_tuned,10,mean,1,10,-14.901161193847653,-9.929025238848071,9.929025238848071
33,seeqst_binomial_tuned,10,mean,1,30,-9.934107462565102,-4.96197150756552,4.96197150756552
33,seeqst_binomial_tuned,10,mean,1,100,-7.450580596923827,-2.478444641924246,2.478444641924246
33,seeqst_binomial_tuned,10,mean,1,300,-6.4571698506673165,-1.4850338956677351,1.4850338956677351
33,seeqst_binomial_tuned,10,mean,1,1000,-4.768371582031249,0.20376437296833227,0.20376437296833227
33,seeqst_binomial_tuned,10,mean,1,2000,-5.438923835754394,-0.46678788075481226,0.46678788075481226
33,seeqst_binomial_tuned,10,mean,1,3000,-5.31474749247233,-0.34261153747274875,0.34261153747274875
33,seeqst_binomial_tuned,10,mean,1,4000,-5.625188350677489,-0.653052395677908,0.653052395677908
33,seeqst_binomial_tuned,10,mean,1,5000,-5.155801773071288,-0.1836658180717068,0.1836658180717068
33,seeqst_binomial_tuned,10,mean,1,6000,-4.818042119344075,0.15409383565550616,0.15409383565550616
33,seeqst_binomial_tuned,10,mean,1,7000,-4.917383193969726,0.05475276102985571,0.05475276102985571
33,seeqst_binomial_tuned,10,mean,1,8000,-5.0105154514312735,-0.03837949643169214,0.03837949643169214
33,seeqst_binomial_tuned,10,mean,1,9000,-5.165735880533854,-0.1935999255342722,0.1935999255342722
33,seeqst_binomial_tuned,10,mean,1,10000,-5.111098289489745,-0.13896233449016382,0.13896233449016382
34,pauli,10,mean,1,10,-8.099999999999998,-3.1278640450004165,3.1278640450004165
34,pauli,10,mean,1,30,-5.249999999999998,-0.27786404500041684,0.27786404500041684
34,pauli,10,mean,1,100,-1.125,3.8471359549995814,3.8471359549995814
34,pauli,10,mean,1,300,-7.484999999999997,-2.5128640450004154,2.5128640450004154
34,pauli,10,mean,1,1000,-3.7215,1.2506359549995816,1.2506359549995816
34,pauli,10,mean,1,2000,-1.8416250000000012,3.13051095499958,3.13051095499958
34,pauli,10,mean,1,3000,-1.128000000000001,3.8441359549995804,3.8441359549995804
34,pauli,10,mean,1,4000,-2.9233125000000006,2.0488234549995807,2.0488234549995807
34,pauli,10,mean,1,5000,-2.7270000000000003,2.245135954999581,2.245135954999581
34,pauli,10,mean,1,6000,-5.616749999999999,-0.6446140450004174,0.6446140450004174
34,pauli,10,mean,1,7000,-7.181999999999998,-2.2098640450004163,2.2098640450004163
34,pauli,10,mean,1,8000,-6.247687499999998,-1.2755515450004165,1.2755515450004165
34,pauli,10,mean,1,9000,-5.920749999999998,-0.9486140450004168,0.9486140450004168
34,pauli,10,mean,1,10000,-5.368049999999998,-0.39591404500041705,0.39591404500041705
34,clifford,10,mean,1,10,-5.684341886080802e-15,4.972135954999576,4.972135954999576
34,clifford,10,mean,1,30,-2.6870022819600295e-17,4.972135954999581,4.972135954999581
34,clifford,10,mean,1,100,2.5624999999999876,7.534635954999569,7.534635954999569
34,clifford,10,mean,1,300,2.562499999999995,7.534635954999576,7.534635954999576
34,clifford,10,mean,1,1000,-5.637499999999987,-0.6653640450004055,0.6653640450004055
34,clifford,10,mean,1,2000,-5.38124999999999,-0.4091140450004085,0.4091140450004085
34,clifford,10,mean,1,3000,-6.149999999999992,-1.177864045000411,1.177864045000411
34,clifford,10,mean,1,4000,-5.957812499999995,-0.9856765450004135,0.9856765450004135
34,clifford,10,mean,1,5000,-6.252499999999993,-1.280364045000412,1.280364045000412
34,clifford,10,mean,1,6000,-5.936458333333327,-0.9643223783337458,0.9643223783337458
34,clifford,10,mean,1,7000,-6.406249999999995,-1.4341140450004133,1.4341140450004133
34,clifford,10,mean,1,8000,-6.214062499999995,-1.241926545000414,1.241926545000414
34,clifford,10,mean,1,9000,-5.893749999999996,-0.9216140450004149,0.9216140450004149
34,clifford,10,mean,1,10000,-5.893749999999996,-0.9216140450004149,0.9216140450004149
34,seeqst_uniform,10,mean,1,10,0.0,4.972135954999581,4.972135954999581
34,seeqst_uniform,10,mean,1,30,0.0,4.972135954999581,4.972135954999581
34,seeqst_uniform,10,mean,1,100,0.0,4.972135954999581,4.972135954999581
34,seeqst_uniform,10,mean,1,300,0.0,4.972135954999581,4.972135954999581
34,seeqst_uniform,10,mean,1,1000,3.072,8.044135954999582,8.044135954999582
34,seeqst_uniform,10,mean,1,2000,2.048,7.020135954999581,7.020135954999581
34,seeqst_uniform,10,mean,1,3000,-0.3413333333333333,4.630802621666248,4.630802621666248
34,seeqst_uniform,10,mean,1,4000,-0.512,4.460135954999581,4.460135954999581
34,seeqst_uniform,10,mean,1,5000,-2.4576,2.5145359549995816,2.5145359549995816
34,seeqst_uniform,10,mean,1,6000,-3.072,1.9001359549995813,1.9001359549995813
34,seeqst_uniform,10,mean,1,7000,-3.2182857142857144,1.753850240713867,1.753850240713867
34,seeqst_uniform,10,mean,1,8000,-4.224,0.7481359549995812,0.7481359549995812
34,seeqst_uniform,10,mean,1,9000,-4.551111111111111,0.4210248438884703,0.4210248438884703
34,seeqst_uniform,10,mean,1,10000,-4.4032,0.5689359549995814,0.5689359549995814
34,seeqst_binomial_q0.09091,10,mean,1,10,0.0,4.972135954999581,4.972135954999581
34,seeqst_binomial_q0.09091,10,mean,1,30,0.0,4.972135954999581,4.972135954999581
34,seeqst_binomial_q0.09091,10,mean,1,100,5.187484920822496,10.159620875822078,10.159620875822078
34,seeqst_binomial_q0.09091,10,mean,1,300,1.7291616402741654,6.701297595273747,6.701297595273747
34,seeqst_binomial_q0.09091,10,mean,1,1000,-2.074993968328999,2.8971419866705825,2.8971419866705825
34,seeqst_binomial_q0.09091,10,mean,1,2000,-4.149987936657998,0.8221480183415837,0.8221480183415837
34,seeqst_binomial_q0.09091,10,mean,1,3000,-3.8906136906168736,1.0815222643827078,1.0815222643827078
34,seeqst_binomial_q0.09091,10,mean,1,4000,-3.7609265675963113,1.21120938740327,1.21120938740327
34,seeqst_binomial_q0.09091,10,mean,1,5000,-4.357487333490891,0.6146486215086906,0.6146486215086906
34,seeqst_binomial_q0.09091,10,mean,1,6000,-4.106758895651135,0.8653770593484467,0.8653770593484467
34,seeqst_binomial_q0.09091,10,mean,1,7000,-3.6682929082959004,1.303843046703681,1.303843046703681
34,seeqst_binomial_q0.09091,10,mean,1,8000,-3.5663958830654567,1.4057400719341246,1.4057400719341246
34,seeqst_binomial_q0.09091,10,mean,1,9000,-3.89061369061686,1.0815222643827216,1.0815222643827216
34,seeqst_binomial_q0.09091,10,mean,1,10000,-3.9684259644291955,1.003709990570386,1.003709990570386
34,seeqst_binomial_q0.5,10,mean,1,10,0.0,4.972135954999581,4.972135954999581
34,seeqst_binomial_q0.5,10,mean,1,30,0.0,4.972135954999581,4.972135954999581
34,seeqst_binomial_q0.5,10,mean,1,100,-10.24,-5.267864045000419,5.267864045000419
34,seeqst_binomial_q0.5,10,mean,1,300,-10.24,-5.267864045000419,5.267864045000419
34,seeqst_binomial_q0.5,10,mean,1,1000,-9.216,-4.243864045000418,4.243864045000418
34,seeqst_binomial_q0.5,10,mean,1,2000,-7.168,-2.1958640450004188,2.1958640450004188
34,seeqst_binomial_q0.5,10,mean,1,3000,-5.802666666666667,-0.8305307116670857,0.8305307116670857
34,seeqst_binomial_q0.5,10,mean,1,4000,-5.632,-0.6598640450004183,0.6598640450004183
34,seeqst_binomial_q0.5,10,mean,1,5000,-6.144,-1.1718640450004187,1.1718640450004187
34,seeqst_binomial_q0.5,10,mean,1,6000,-5.973333333333334,-1.0011973783337522,1.0011973783337522
34,seeqst_binomial_q0.5,10,mean,1,7000,-6.144,-1.1718640450004187,1.1718640450004187
34,seeqst_binomial_q0.5,10,mean,1,8000,-6.016,-1.0438640450004186,1.0438640450004186
34,seeqst_binomial_q0.5,10,mean,1,9000,-5.006222222222222,-0.03408626722264074,0.03408626722264074
34,seeqst_binomial_q0.5,10,mean,1,10000,-5.2224,-0.250264045000419,0.250264045000419
34,seeqst_binomial_tuned,10,mean,1,10,-14.901161193847653,-9.929025238848071,9.929025238848071
34,seeqst_binomial_tuned,10,mean,1,30,-4.967053731282551,0.005082223717030487,0.005082223717030487
34,seeqst_binomial_tuned,10,mean,1,100,-5.960464477539062,-0.9883285225394802,0.9883285225394802
34,seeqst_binomial_tuned,10,mean,1,300,-7.947285970052082,-2.9751500150525008,2.9751500150525008
34,seeqst_binomial_tuned,10,mean,1,1000,-6.556510925292968,-1.5843749702933865,1.5843749702933865
34,seeqst_binomial_tuned,10,mean,1,2000,-5.066394805908202,-0.09425885090862085,0.09425885090862085
34,seeqst_binomial_tuned,10,mean,1,3000,-5.265076955159505,-0.2929410001599235,0.2929410001599235
34,seeqst_binomial_tuned,10,mean,1,4000,-5.438923835754394,-0.46678788075481226,0.46678788075481226
34,seeqst_binomial_tuned,10,mean,1,5000,-4.738569259643554,0.2335666953560276,0.2335666953560276
34,seeqst_binomial_tuned,10,mean,1,6000,-4.445513089497884,0.5266228655016976,0.5266228655016976
34,seeqst_binomial_tuned,10,mean,1,7000,-4.555497850690569,0.4166381043090128,0.4166381043090128
34,seeqst_binomial_tuned,10,mean,1,8000,-4.786998033523559,0.1851379214760227,0.1851379214760227
34,seeqst_binomial_tuned,10,mean,1,9000,-4.950496885511609,0.02163906948797223,0.02163906948797223
34,seeqst_binomial_tuned,10,mean,1,10000,-4.783272743225097,0.18886321177448462,0.18886321177448462
35,pauli,10,mean,1,10,-13.049999999999994,-8.077864045000412,8.077864045000412
35,pauli,10,mean,1,30,-7.949999999999999,-2.977864045000418,2.977864045000418
35,pauli,10,mean,1,100,-1.1249999999999993,3.8471359549995823,3.8471359549995823
35,pauli,10,mean,1,300,-8.062499999999996,-3.090364045000415,3.090364045000415
35,pauli,10,mean,1,1000,-3.957749999999999,1.0143859549995824,1.0143859549995824
35,pauli,10,mean,1,2000,-3.2625,1.7096359549995812,1.7096359549995812
35,pauli,10,mean,1,3000,-4.19025,0.7818859549995816,0.7818859549995816
35,pauli,10,mean,1,4000,-7.144312499999998,-2.1721765450004167,2.1721765450004167
35,pauli,10,mean,1,5000,-6.561449999999999,-1.5893140450004175,1.5893140450004175
35,pauli,10,mean,1,6000,-6.292874999999999,-1.3207390450004173,1.3207390450004173
35,pauli,10,mean,1,7000,-5.470392857142856,-0.49825690214327434,0.49825690214327434
35,pauli,10,mean,1,8000,-4.969968749999999,0.0021672049995826725,0.0021672049995826725
35,pauli,10,mean,1,9000,-5.143749999999999,-0.17161404500041755,0.17161404500041755
35,pauli,10,mean,1,10000,-5.5764,-0.6042640450004182,0.6042640450004182
35,clifford,10,mean,1,10,25.624999999999925,30.59713595499951,30.59713595499951
35,clifford,10,mean,1,30,8.541666666666638,13.513802621666219,13.513802621666219
35,clifford,10,mean,1,100,-5.124999999999996,-0.15286404500041417,0.15286404500041417
35,clifford,10,mean,1,300,-1.7083333333333333,3.2638026216662483,3.2638026216662483
35,clifford,10,mean,1,1000,-7.943749999999985,-2.971614045000404,2.971614045000404
35,clifford,10,mean,1,2000,-6.662499999999991,-1.6903640450004094,1.6903640450004094
35,clifford,10,mean,1,3000,-5.979166666666662,-1.0070307116670802,1.0070307116670802
35,clifford,10,mean,1,4000,-6.214062499999995,-1.241926545000414,1.241926545000414
35,clifford,10,mean,1,5000,-5.381249999999996,-0.4091140450004147,0.4091140450004147
35,clifford,10,mean,1,6000,-5.381249999999996,-0.4091140450004147,0.4091140450004147
35,clifford,10,mean,1,7000,-5.381249999999997,-0.4091140450004156,0.4091140450004156
35,clifford,10,mean,1,8000,-4.804687499999997,0.16744845499958405,0.16744845499958405
35,clifford,10,mean,1,9000,-4.754861111111109,0.21727484388847262,0.21727484388847262
35,clifford,10,mean,1,10000,-4.586874999999998,0.3852609549995831,0.3852609549995831
35,seeqst_uniform,10,mean,1,10,0.0,4.972135954999581,4.972135954999581
35,seeqst_uniform,10,mean,1,30,-34.13333333333333,-29.161197378333753,29.161197378333753
35,seeqst_uniform,10,mean,1,100,-20.48,-15.507864045000419,15.507864045000419
35,seeqst_uniform,10,mean,1,300,-17.066666666666666,-12.094530711667085,12.094530711667085
35,seeqst_uniform,10,mean,1,1000,-6.144,-1.1718640450004187,1.1718640450004187
35,seeqst_uniform,10,mean,1,2000,-4.096,0.8761359549995813,0.8761359549995813
35,seeqst_uniform,10,mean,1,3000,-4.437333333333333,0.5348026216662483,0.5348026216662483
35,seeqst_uniform,10,mean,1,4000,-5.376,-0.40386404500041895,0.40386404500041895
35,seeqst_uniform,10,mean,1,5000,-6.5536,-1.581464045000419,1.581464045000419
35,seeqst_uniform,10,mean,1,6000,-4.778666666666667,0.19346928833291432,0.19346928833291432
35,seeqst_uniform,10,mean,1,7000,-4.6811428571428575,0.2909930978567239,0.2909930978567239
35,seeqst_uniform,10,mean,1,8000,-4.608,0.36413595499958173,0.36413595499958173
35,seeqst_uniform,10,mean,1,9000,-4.551111111111111,0.4210248438884703,0.4210248438884703
35,seeqst_uniform,10,mean,1,10000,-4.7104,0.26173595499958147,0.26173595499958147
35,seeqst_binomial_q0.09091,10,mean,1,10,0.0,4.972135954999581,4.972135954999581
35,seeqst_binomial_q0.09091,10,mean,1,30,-8.645808201370828,-3.673672246371247,3.673672246371247
35,seeqst_binomial_q0.09091,10,mean,1,100,-5.187484920822496,-0.21534896582291463,0.21534896582291463
35,seeqst_binomial_q0.09091,10,mean,1,300,-5.187484920822497,-0.21534896582291552,0.21534896582291552
35,seeqst_binomial_q0.09091,10,mean,1,1000,-4.668736428740248,0.30339952625933364,0.30339952625933364
35,seeqst_binomial_q0.09091,10,mean,1,2000,-4.668736428740248,0.30339952625933364,0.30339952625933364
35,seeqst_binomial_q0.09091,10,mean,1,3000,-4.755194510753957,0.21694144424562456,0.21694144424562456
35,seeqst_binomial_q0.09091,10,mean,1,4000,-4.928110674781367,0.04402528021821439,0.04402528021821439
35,seeqst_binomial_q0.09091,10,mean,1,5000,-5.1874849208224845,-0.21534896582290308,0.21534896582290308
35,seeqst_binomial_q0.09091,10,mean,1,6000,-5.0577977978019195,-0.08566184280233813,0.08566184280233813
35,seeqst_binomial_q0.09091,10,mean,1,7000,-5.039271065941837,-0.06713511094225577,0.06713511094225577
35,seeqst_binomial_q0.09091,10,mean,1,8000,-5.3820156053533195,-0.4098796503537381,0.4098796503537381
35,seeqst_binomial_q0.09091,10,mean,1,9000,-4.985749396123824,-0.013613441124242343,0.013613441124242343
35,seeqst_binomial_q0.09091,10,mean,1,10000,-4.720611277948453,0.2515246770511288,0.2515246770511288
35,seeqst_binomial_q0.5,10,mean,1,10,0.0,4.972135954999581,4.972135954999581
35,seeqst_binomial_q0.5,10,mean,1,30,0.0,4.972135954999581,4.972135954999581
35,seeqst_binomial_q0.5,10,mean,1,100,-10.24,-5.267864045000419,5.267864045000419
35,seeqst_binomial_q0.5,10,mean,1,300,-10.24,-5.267864045000419,5.267864045000419
35,seeqst_binomial_q0.5,10,mean,1,1000,-10.24,-5.267864045000419,5.267864045000419
35,seeqst_binomial_q0.5,10,mean,1,2000,-8.704,-3.7318640450004192,3.7318640450004192
35,seeqst_binomial_q0.5,10,mean,1,3000,-5.802666666666667,-0.8305307116670857,0.8305307116670857
35,seeqst_binomial_q0.5,10,mean,1,4000,-6.144,-1.1718640450004187,1.1718640450004187
35,seeqst_binomial_q0.5,10,mean,1,5000,-5.7344,-0.7622640450004186,0.7622640450004186
35,seeqst_binomial_q0.5,10,mean,1,6000,-6.826666666666667,-1.8545307116670857,1.8545307116670857
35,seeqst_binomial_q0.5,10,mean,1,7000,-6.8754285714285714,-1.90329261642899,1.90329261642899
35,seeqst_binomial_q0.5,10,mean,1,8000,-6.528,-1.5558640450004182,1.5558640450004182
35,seeqst_binomial_q0.5,10,mean,1,9000,-6.144,-1.1718640450004187,1.1718640450004187
35,seeqst_binomial_q0.5,10,mean,1,10000,-6.144,-1.1718640450004187,1.1718640450004187
35,seeqst_binomial_tuned,10,mean,1,10,-14.901161193847653,-9.929025238848071,9.929025238848071
35,seeqst_binomial_tuned,10,mean,1,30,-14.901161193847653,-9.929025238848071,9.929025238848071
35,seeqst_binomial_tuned,10,mean,1,100,-2.98023223876953,1.9919037162300515,1.9919037162300515
35,seeqst_binomial_tuned,10,mean,1,300,-7.947285970052082,-2.9751500150525008,2.9751500150525008
35,seeqst_binomial_tuned,10,mean,1,1000,-6.556510925292968,-1.5843749702933865,1.5843749702933865
35,seeqst_binomial_tuned,10,mean,1,2000,-6.48200511932373,-1.5098691643241482,1.5098691643241482
35,seeqst_binomial_tuned,10,mean,1,3000,-5.811452865600585,-0.8393169106010037,0.8393169106010037
35,seeqst_binomial_tuned,10,mean,1,4000,-5.17815351486206,-0.20601755986247827,0.20601755986247827
35,seeqst_binomial_tuned,10,mean,1,5000,-5.33461570739746,-0.36247975239787866,0.36247975239787866
35,seeqst_binomial_tuned,10,mean,1,6000,-5.438923835754394,-0.46678788075481226,0.46678788075481226
35,seeqst_binomial_tuned,10,mean,1,7000,-5.619866507393972,-0.6477305523943908,0.6477305523943908
35,seeqst_binomial_tuned,10,mean,1,8000,-5.6624412536621085,-0.6903052986625271,0.6903052986625271
35,seeqst_binomial_tuned,10,mean,1,9000,-5.86112340291341,-0.8889874479138289,0.8889874479138289
35,seeqst_binomial_tuned,10,mean,1,10000,-5.960464477539062,-0.9883285225394802,0.9883285225394802
36,pauli,10,mean,1,10,-10.575,-5.602864045000418,5.602864045000418
36,pauli,10,mean,1,30,-18.52499999999999,-13.55286404500041,13.55286404500041
36,pauli,10,mean,1,100,-15.164999999999996,-10.192864045000414,10.192864045000414
36,pauli,10,mean,1,300,-5.43,-0.45786404500041833,0.45786404500041833
36,pauli,10,mean,1,1000,-6.828749999999999,-1.856614045000418,1.856614045000418
36,pauli,10,mean,1,2000,-7.268624999999999,-2.296489045000418,2.296489045000418
36,pauli,10,mean,1,3000,-7.9957499999999975,-3.023614045000416,3.023614045000416
36,pauli,10,mean,1,4000,-7.557187499999999,-2.5850515450004172,2.5850515450004172
36,pauli,10,mean,1,5000,-6.875999999999999,-1.9038640450004172,1.9038640450004172
36,pauli,10,mean,1,6000,-6.582374999999999,-1.6102390450004176,1.6102390450004176
36,pauli,10,mean,1,7000,-6.716892857142856,-1.7447569021432745,1.7447569021432745
36,pauli,10,mean,1,8000,-6.576187499999999,-1.6040515450004174,1.6040515450004174
36,pauli,10,mean,1,9000,-6.3527499999999995,-1.380614045000418,1.380614045000418
36,pauli,10,mean,1,10000,-5.926949999999999,-0.9548140450004174,0.9548140450004174
36,clifford,10,mean,1,10,4.6948559248663045e-15,4.972135954999586,4.972135954999586
36,clifford,10,mean,1,30,-8.541666666666652,-3.5695307116670705,3.5695307116670705
36,clifford,10,mean,1,100,-7.687499999999946,-2.7153640450003644,2.7153640450003644
36,clifford,10,mean,1,300,-13.666666666666623,-8.694530711667042,8.694530711667042
36,clifford,10,mean,1,1000,-6.149999999999992,-1.177864045000411,1.177864045000411
36,clifford,10,mean,1,2000,-5.253124999999996,-0.2809890450004149,0.2809890450004149
36,clifford,10,mean,1,3000,-4.868749999999997,0.10338595499958458,0.10338595499958458
36,clifford,10,mean,1,4000,-5.253124999999997,-0.28098904500041577,0.28098904500041577
36,clifford,10,mean,1,5000,-5.944999999999998,-0.9728640450004162,0.9728640450004162
36,clifford,10,mean,1,6000,-5.6374999999999975,-0.6653640450004161,0.6653640450004161
36,clifford,10,mean,1,7000,-5.820535714285712,-0.8483997592861305,0.8483997592861305
36,clifford,10,mean,1,8000,-5.349218749999999,-0.3770827950004172,0.3770827950004172
36,clifford,10,mean,1,9000,-5.66597222222222,-0.6938362672226388,0.6938362672226388
36,clifford,10,mean,1,10000,-5.278749999999999,-0.30661404500041733,0.30661404500041733
36,seeqst_uniform,10,mean,1,10,0.0,4.972135954999581,4.972135954999581
36,seeqst_uniform,10,mean,1,30,0.0,4.972135954999581,4.972135954999581
36,seeqst_uniform,10,mean,1,100,10.24,15.212135954999582,15.212135954999582
36,seeqst_uniform,10,mean,1,300,0.0,4.972135954999581,4.972135954999581
36,seeqst_uniform,10,mean,1,1000,-1.024,3.9481359549995814,3.9481359549995814
36,seeqst_uniform,10,mean,1,2000,-1.024,3.9481359549995814,3.9481359549995814
36,seeqst_uniform,10,mean,1,3000,-1.024,3.9481359549995814,3.9481359549995814
36,seeqst_uniform,10,mean,1,4000,-2.304,2.6681359549995816,2.6681359549995816
36,seeqst_uniform,10,mean,1,5000,-3.6864,1.2857359549995815,1.2857359549995815
36,seeqst_uniform,10,mean,1,6000,-3.7546666666666666,1.2174692883329148,1.2174692883329148
36,seeqst_uniform,10,mean,1,7000,-3.3645714285714288,1.6075645264281526,1.6075645264281526
36,seeqst_uniform,10,mean,1,8000,-4.096,0.8761359549995813,0.8761359549995813
36,seeqst_uniform,10,mean,1,9000,-4.323555555555555,0.6485803994440262,0.6485803994440262
36,seeqst_uniform,10,mean,1,10000,-3.9936,0.9785359549995816,0.9785359549995816
36,seeqst_binomial_q0.09091,10,mean,1,10,0.0,4.972135954999581,4.972135954999581
36,seeqst_binomial_q0.09091,10,mean,1,30,-8.645808201370828,-3.673672246371247,3.673672246371247
36,seeqst_binomial_q0.09091,10,mean,1,100,2.593742460411248,7.565878415410829,7.565878415410829
36,seeqst_binomial_q0.09091,10,mean,1,300,-1.7291616402741654,3.2429743147254158,3.2429743147254158
36,seeqst_binomial_q0.09091,10,mean,1,1000,-3.6312394445757485,1.3408965104238328,1.3408965104238328
36,seeqst_binomial_q0.09091,10,mean,1,2000,-4.409362182699123,0.5627737723004582,0.5627737723004582
36,seeqst_binomial_q0.09091,10,mean,1,3000,-5.792691494918454,-0.8205555399188729,0.8205555399188729
36,seeqst_binomial_q0.09091,10,mean,1,4000,-5.641389851394456,-0.6692538963948742,0.6692538963948742
36,seeqst_binomial_q0.09091,10,mean,1,5000,-5.031860373197811,-0.059724418198229934,0.059724418198229934
36,seeqst_binomial_q0.09091,10,mean,1,6000,-4.928110674781358,0.04402528021822327,0.04402528021822327
36,seeqst_binomial_q0.09091,10,mean,1,7000,-4.335255255258788,0.636880699740793,0.636880699740793
36,seeqst_binomial_q0.09091,10,mean,1,8000,-4.5390493057196695,0.4330866492799119,0.4330866492799119
36,seeqst_binomial_q0.09091,10,mean,1,9000,-4.438181543370342,0.5339544116292396,0.5339544116292396
36,seeqst_binomial_q0.09091,10,mean,1,10000,-4.616861579532003,0.35527437546757845,0.35527437546757845
36,seeqst_binomial_q0.5,10,mean,1,10,0.0,4.972135954999581,4.972135954999581
36,seeqst_binomial_q0.5,10,mean,1,30,0.0,4.972135954999581,4.972135954999581
36,seeqst_binomial_q0.5,10,mean,1,100,-10.24,-5.267864045000419,5.267864045000419
36,seeqst_binomial_q0.5,10,mean,1,300,3.4133333333333336,8.385469288332915,8.385469288332915
36,seeqst_binomial_q0.5,10,mean,1,1000,-3.072,1.9001359549995813,1.9001359549995813
36,seeqst_binomial_q0.5,10,mean,1,2000,-4.608,0.36413595499958173,0.36413595499958173
36,seeqst_binomial_q0.5,10,mean,1,3000,-4.096,0.8761359549995813,0.8761359549995813
36,seeqst_binomial_q0.5,10,mean,1,4000,-4.096,0.8761359549995813,0.8761359549995813
36,seeqst_binomial_q0.5,10,mean,1,5000,-4.3008,0.6713359549995817,0.6713359549995817
36,seeqst_binomial_q0.5,10,mean,1,6000,-5.12,-0.14786404500041872,0.14786404500041872
36,seeqst_binomial_q0.5,10,mean,1,7000,-4.973714285714285,-0.0015783307147039238,0.0015783307147039238
36,seeqst_binomial_q0.5,10,mean,1,8000,-4.48,0.49213595499958096,0.49213595499958096
36,seeqst_binomial_q0.5,10,mean,1,9000,-4.551111111111111,0.4210248438884703,0.4210248438884703
36,seeqst_binomial_q0.5,10,mean,1,10000,-4.608,0.36413595499958173,0.36413595499958173
36,seeqst_binomial_tuned,10,mean,1,10,-29.802322387695305,-24.830186432695726,24.830186432695726
36,seeqst_binomial_tuned,10,mean,1,30,-9.9341074625651,-4.961971507565519,4.961971507565519
36,seeqst_binomial_tuned,10,mean,1,100,-4.470348358154296,0.5017875968452854,0.5017875968452854
36,seeqst_binomial_tuned,10,mean,1,300,-4.470348358154296,0.5017875968452854,0.5017875968452854
36,seeqst_binomial_tuned,10,mean,1,1000,-5.6624412536621085,-0.6903052986625271,0.6903052986625271
36,seeqst_binomial_tuned,10,mean,1,2000,-5.6624412536621085,-0.6903052986625271,0.6903052986625271
36,seeqst_binomial_tuned,10,mean,1,3000,-4.768371582031249,0.20376437296833227,0.20376437296833227
36,seeqst_binomial_tuned,10,mean,1,4000,-4.6193599700927725,0.35277598490680884,0.35277598490680884
36,seeqst_binomial_tuned,10,mean,1,5000,-4.440546035766601,0.5315899192329807,0.5315899192329807
36,seeqst_binomial_tuned,10,mean,1,6000,-4.221995671590169,0.7501402834094124,0.7501402834094124
36,seeqst_binomial_tuned,10,mean,1,7000,-4.151037761143275,0.8210981938563062,0.8210981938563062
36,seeqst_binomial_tuned,10,mean,1,8000,-4.228204488754272,0.7439314662453098,0.7439314662453098
36,seeqst_binomial_tuned,10,mean,1,9000,-4.404120975070529,0.5680149799290524,0.5680149799290524
36,seeqst_binomial_tuned,10,mean,1,10000,-4.425644874572753,0.5464910804268284,0.5464910804268284
37,pauli,10,mean,1,10,-3.1499999999999995,1.822135954999582,1.822135954999582
37,pauli,10,mean,1,30,-8.324999999999994,-3.3528640450004126,3.3528640450004126
37,pauli,10,mean,1,100,-14.42249999999999,-9.45036404500041,9.45036404500041
37,pauli,10,mean,1,300,-7.154999999999997,-2.1828640450004153,2.1828640450004153
37,pauli,10,mean,1,1000,-9.200249999999997,-4.2281140450004155,4.2281140450004155
37,pauli,10,mean,1,2000,-4.240124999999999,0.7320109549995824,0.7320109549995824
37,pauli,10,mean,1,3000,-5.208749999999998,-0.23661404500041705,0.23661404500041705
37,pauli,10,mean,1,4000,-4.953937499999999,0.018198454999581948,0.018198454999581948
37,pauli,10,mean,1,5000,-4.9121999999999995,0.05993595499958193,0.05993595499958193
37,pauli,10,mean,1,6000,-4.943624999999999,0.02851095499958234,0.02851095499958234
37,pauli,10,mean,1,7000,-4.956749999999999,0.01538595499958273,0.01538595499958273
37,pauli,10,mean,1,8000,-4.924687499999999,0.04744845499958217,0.04744845499958217
37,pauli,10,mean,1,9000,-4.887,0.08513595499958182,0.08513595499958182
37,pauli,10,mean,1,10000,-4.781249999999999,0.19088595499958227,0.19088595499958227
37,clifford,10,mean,1,10,25.624999999999954,30.597135954999537,30.597135954999537
37,clifford,10,mean,1,30,8.541666666666654,13.513802621666235,13.513802621666235
37,clifford,10,mean,1,100,7.325815139590912e-15,4.9721359549995885,4.9721359549995885
37,clifford,10,mean,1,300,-3.4166666666666514,1.55546928833293,1.55546928833293
37,clifford,10,mean,1,1000,-5.381249999999988,-0.4091140450004067,0.4091140450004067
37,clifford,10,mean,1,2000,-4.356249999999994,0.6158859549995874,0.6158859549995874
37,clifford,10,mean,1,3000,-3.7583333333333293,1.213802621666252,1.213802621666252
37,clifford,10,mean,1,4000,-3.4593749999999965,1.5127609549995849,1.5127609549995849
37,clifford,10,mean,1,5000,-2.9724999999999984,1.999635954999583,1.999635954999583
37,clifford,10,mean,1,6000,-2.7333333333333316,2.2388026216662498,2.2388026216662498
37,clifford,10,mean,1,7000,-2.5624999999999973,2.409635954999584,2.409635954999584
37,clifford,10,mean,1,8000,-3.010937499999998,1.9611984549995833,1.9611984549995833
37,clifford,10,mean,1,9000,-3.3027777777777763,1.6693581772218051,1.6693581772218051
37,clifford,10,mean,1,10000,-3.9206249999999985,1.051510954999583,1.051510954999583
37,seeqst_uniform,10,mean,1,10,0.0,4.972135954999581,4.972135954999581
37,seeqst_uniform,10,mean,1,30,0.0,4.972135954999581,4.972135954999581
37,seeqst_uniform,10,mean,1,100,-20.48,-15.507864045000419,15.507864045000419
37,seeqst_uniform,10,mean,1,300,-17.066666666666666,-12.094530711667085,12.094530711667085
37,seeqst_uniform,10,mean,1,1000,-7.168,-2.1958640450004188,2.1958640450004188
37,seeqst_uniform,10,mean,1,2000,-8.704,-3.7318640450004192,3.7318640450004192
37,seeqst_uniform,10,mean,1,3000,-5.802666666666667,-0.8305307116670857,0.8305307116670857
37,seeqst_uniform,10,mean,1,4000,-7.68,-2.7078640450004183,2.7078640450004183
37,seeqst_uniform,10,mean,1,5000,-7.5776,-2.605464045000419,2.605464045000419
37,seeqst_uniform,10,mean,1,6000,-6.826666666666667,-1.8545307116670857,1.8545307116670857
37,seeqst_uniform,10,mean,1,7000,-7.606857142857143,-2.6347211878575614,2.6347211878575614
37,seeqst_uniform,10,mean,1,8000,-7.296,-2.323864045000419,2.323864045000419
37,seeqst_uniform,10,mean,1,9000,-6.940444444444444,-1.9683084894448628,1.9683084894448628
37,seeqst_uniform,10,mean,1,10000,-6.9632,-1.9910640450004182,1.9910640450004182
37,seeqst_binomial_q0.09091,10,mean,1,10,0.0,4.972135954999581,4.972135954999581
37,seeqst_binomial_q0.09091,10,mean,1,30,8.645808201370828,13.61794415637041,13.61794415637041
37,seeqst_binomial_q0.09091,10,mean,1,100,-7.7812273812337445,-2.809091426234163,2.809091426234163
37,seeqst_binomial_q0.09091,10,mean,1,300,-4.322904100685414,0.6492318543141673,0.6492318543141673
37,seeqst_binomial_q0.09091,10,mean,1,1000,-5.446859166863622,-0.474723211864041,0.474723211864041
37,seeqst_binomial_q0.09091,10,mean,1,2000,-6.224981904986998,-1.2528459499874165,1.2528459499874165
37,seeqst_binomial_q0.09091,10,mean,1,3000,-5.446859166863622,-0.474723211864041,0.474723211864041
37,seeqst_binomial_q0.09091,10,mean,1,4000,-4.733579990250525,0.2385559647490565,0.2385559647490565
37,seeqst_binomial_q0.09091,10,mean,1,5000,-4.876235825573137,0.0959001294264441,0.0959001294264441
37,seeqst_binomial_q0.09091,10,mean,1,6000,-4.625507387733381,0.34662856726620017,0.34662856726620017
37,seeqst_binomial_q0.09091,10,mean,1,7000,-4.48346911013943,0.488666844860151,0.488666844860151
37,seeqst_binomial_q0.09091,10,mean,1,8000,-4.5390493057196695,0.4330866492799119,0.4330866492799119
37,seeqst_binomial_q0.09091,10,mean,1,9000,-4.524639625384049,0.4474963296155323,0.4474963296155323
37,seeqst_binomial_q0.09091,10,mean,1,10000,-4.5649867303237786,0.40714922467580283,0.40714922467580283
37,seeqst_binomial_q0.5,10,mean,1,10,0.0,4.972135954999581,4.972135954999581
37,seeqst_binomial_q0.5,10,mean,1,30,34.13333333333333,39.10546928833291,39.10546928833291
37,seeqst_binomial_q0.5,10,mean,1,100,20.48,25.452135954999584,25.452135954999584
37,seeqst_binomial_q0.5,10,mean,1,300,10.24,15.212135954999582,15.212135954999582
37,seeqst_binomial_q0.5,10,mean,1,1000,-2.048,2.9241359549995813,2.9241359549995813
37,seeqst_binomial_q0.5,10,mean,1,2000,-2.56,2.4121359549995813,2.4121359549995813
37,seeqst_binomial_q0.5,10,mean,1,3000,-2.7306666666666666,2.241469288332915,2.241469288332915
37,seeqst_binomial_q0.5,10,mean,1,4000,-2.56,2.4121359549995813,2.4121359549995813
37,seeqst_binomial_q0.5,10,mean,1,5000,-4.096,0.8761359549995813,0.8761359549995813
37,seeqst_binomial_q0.5,10,mean,1,6000,-3.072,1.9001359549995813,1.9001359549995813
37,seeqst_binomial_q0.5,10,mean,1,7000,-2.7794285714285714,2.19270738357101,2.19270738357101
37,seeqst_binomial_q0.5,10,mean,1,8000,-3.456,1.5161359549995814,1.5161359549995814
37,seeqst_binomial_q0.5,10,mean,1,9000,-3.7546666666666666,1.2174692883329148,1.2174692883329148
37,seeqst_binomial_q0.5,10,mean,1,10000,-3.6864,1.2857359549995815,1.2857359549995815
37,seeqst_binomial_tuned,10,mean,1,10,0.0,4.972135954999581,4.972135954999581
37,seeqst_binomial_tuned,10,mean,1,30,-4.967053731282551,0.005082223717030487,0.005082223717030487
37,seeqst_binomial_tuned,10,mean,1,100,-13.411045074462889,-8.438909119463307,8.438909119463307
37,seeqst_binomial_tuned,10,mean,1,300,-10.430812835693358,-5.458676880693776,5.458676880693776
37,seeqst_binomial_tuned,10,mean,1,1000,-6.854534149169921,-1.8823981941703396,1.8823981941703396
37,seeqst_binomial_tuned,10,mean,1,2000,-5.58793544769287,-0.6157994926932888,0.6157994926932888
37,seeqst_binomial_tuned,10,mean,1,3000,-5.4140885670979815,-0.4419526120984001,0.4419526120984001
37,seeqst_binomial_tuned,10,mean,1,4000,-4.991888999938964,-0.01975304493938257,0.01975304493938257
37,seeqst_binomial_tuned,10,mean,1,5000,-4.768371582031249,0.20376437296833227,0.20376437296833227
37,seeqst_binomial_tuned,10,mean,1,6000,-4.644195238749186,0.3279407162503958,0.3279407162503958
37,seeqst_binomial_tuned,10,mean,1,7000,-4.938670567103793,0.03346538789578801,0.03346538789578801
37,seeqst_binomial_tuned,10,mean,1,8000,-5.234032869338988,-0.261896914339407,0.261896914339407
37,seeqst_binomial_tuned,10,mean,1,9000,-5.215406417846679,-0.2432704628470974,0.2432704628470974
37,seeqst_binomial_tuned,10,mean,1,10000,-5.304813385009765,-0.33267743001018335,0.33267743001018335
38,pauli,10,mean,1,10,2.474999999999999,7.447135954999581,7.447135954999581
38,pauli,10,mean,1,30,-6.3749999999999964,-1.402864045000415,1.402864045000415
38,pauli,10,mean,1,100,-3.1049999999999986,1.8671359549995827,1.8671359549995827
38,pauli,10,mean,1,300,-10.957499999999994,-5.985364045000413,5.985364045000413
38,pauli,10,mean,1,1000,-3.9757499999999992,0.9963859549995822,0.9963859549995822
38,pauli,10,mean,1,2000,-5.0478749999999994,-0.07573904500041806,0.07573904500041806
38,pauli,10,mean,1,3000,-4.310999999999999,0.6611359549995823,0.6611359549995823
38,pauli,10,mean,1,4000,-4.777874999999999,0.1942609549995824,0.1942609549995824
38,pauli,10,mean,1,5000,-4.6732499999999995,0.2988859549995819,0.2988859549995819
38,pauli,10,mean,1,6000,-6.555749999999999,-1.5836140450004175,1.5836140450004175
38,pauli,10,mean,1,7000,-6.4173214285714275,-1.4451854735718461,1.4451854735718461
38,pauli,10,mean,1,8000,-6.018468749999999,-1.046332795000418,1.046332795000418
38,pauli,10,mean,1,9000,-5.701249999999999,-0.7291140450004177,0.7291140450004177
38,pauli,10,mean,1,10000,-6.210449999999999,-1.2383140450004175,1.2383140450004175
38,clifford,10,mean,1,10,2.6025291816201726e-15,4.972135954999584,4.972135954999584
38,clifford,10,mean,1,30,25.624999999999893,30.597135954999473,30.597135954999473
38,clifford,10,mean,1,100,2.562499999999976,7.534635954999557,7.534635954999557
38,clifford,10,mean,1,300,-5.1249999999999964,-0.15286404500041506,0.15286404500041506
38,clifford,10,mean,1,1000,-3.331250000000001,1.6408859549995802,1.6408859549995802
38,clifford,10,mean,1,2000,-4.740624999999991,0.23151095499959062,0.23151095499959062
38,clifford,10,mean,1,3000,-3.9291666666666587,1.0429692883329227,1.0429692883329227
38,clifford,10,mean,1,4000,-4.035937499999993,0.9361984549995883,0.9361984549995883
38,clifford,10,mean,1,5000,-3.741249999999994,1.2308859549995872,1.2308859549995872
38,clifford,10,mean,1,6000,-2.818749999999995,2.153385954999586,2.153385954999586
38,clifford,10,mean,1,7000,-3.6241071428571385,1.3480288121424429,1.3480288121424429
38,clifford,10,mean,1,8000,-3.6835937499999964,1.288542204999585,1.288542204999585
38,clifford,10,mean,1,9000,-4.043055555555552,0.9290803994440298,0.9290803994440298
38,clifford,10,mean,1,10000,-4.561249999999997,0.4108859549995847,0.4108859549995847
38,seeqst_uniform,10,mean,1,10,0.0,4.972135954999581,4.972135954999581
38,seeqst_uniform,10,mean,1,30,0.0,4.972135954999581,4.972135954999581
38,seeqst_uniform,10,mean,1,100,0.0,4.972135954999581,4.972135954999581
38,seeqst_uniform,10,mean,1,300,-3.4133333333333336,1.5588026216662478,1.5588026216662478
38,seeqst_uniform,10,mean,1,1000,-3.072,1.9001359549995813,1.9001359549995813
38,seeqst_uniform,10,mean,1,2000,-1.536,3.4361359549995814,3.4361359549995814
38,seeqst_uniform,10,mean,1,3000,-3.072,1.9001359549995813,1.9001359549995813
38,seeqst_uniform,10,mean,1,4000,-3.84,1.1321359549995815,1.1321359549995815
38,seeqst_uniform,10,mean,1,5000,-3.4816,1.4905359549995816,1.4905359549995816
38,seeqst_uniform,10,mean,1,6000,-3.4133333333333336,1.5588026216662478,1.5588026216662478
38,seeqst_uniform,10,mean,1,7000,-4.6811428571428575,0.2909930978567239,0.2909930978567239
38,seeqst_uniform,10,mean,1,8000,-4.864,0.10813595499958151,0.10813595499958151
38,seeqst_uniform,10,mean,1,9000,-4.209777777777778,0.7623581772218033,0.7623581772218033
38,seeqst_uniform,10,mean,1,10000,-4.608,0.36413595499958173,0.36413595499958173
38,seeqst_binomial_q0.09091,10,mean,1,10,0.0,4.972135954999581,4.972135954999581
38,seeqst_binomial_q0.09091,10,mean,1,30,8.645808201370828,13.61794415637041,13.61794415637041
38,seeqst_binomial_q0.09091,10,mean,1,100,10.374969841644992,15.347105796644573,15.347105796644573
38,seeqst_binomial_q0.09091,10,mean,1,300,-4.322904100685414,0.6492318543141673,0.6492318543141673
38,seeqst_binomial_q0.09091,10,mean,1,1000,-4.149987936657998,0.8221480183415837,0.8221480183415837
38,seeqst_binomial_q0.09091,10,mean,1,2000,-4.79842355176081,0.17371240323877135,0.17371240323877135
38,seeqst_binomial_q0.09091,10,mean,1,3000,-4.5822783467265396,0.38985760827304183,0.38985760827304183
38,seeqst_binomial_q0.09091,10,mean,1,4000,-4.020300813637436,0.9518351413621451,0.9518351413621451
38,seeqst_binomial_q0.09091,10,mean,1,5000,-3.4756148969510723,1.496521058048509,1.496521058048509
38,seeqst_binomial_q0.09091,10,mean,1,6000,-3.198949034507204,1.7731869204923774,1.7731869204923774
38,seeqst_binomial_q0.09091,10,mean,1,7000,-4.001774081777344,0.9703618732222372,0.9703618732222372
38,seeqst_binomial_q0.09091,10,mean,1,8000,-4.020300813637422,0.9518351413621593,0.9518351413621593
38,seeqst_binomial_q0.09091,10,mean,1,9000,-4.265265379342926,0.7068705756566551,0.7068705756566551
38,seeqst_binomial_q0.09091,10,mean,1,10000,-4.668736428740227,0.30339952625935407,0.30339952625935407
38,seeqst_binomial_q0.5,10,mean,1,10,0.0,4.972135954999581,4.972135954999581
38,seeqst_binomial_q0.5,10,mean,1,30,34.13333333333333,39.10546928833291,39.10546928833291
38,seeqst_binomial_q0.5,10,mean,1,100,10.24,15.212135954999582,15.212135954999582
38,seeqst_binomial_q0.5,10,mean,1,300,3.4133333333333336,8.385469288332915,8.385469288332915
38,seeqst_binomial_q0.5,10,mean,1,1000,-4.096,0.8761359549995813,0.8761359549995813
38,seeqst_binomial_q0.5,10,mean,1,2000,-4.096,0.8761359549995813,0.8761359549995813
38,seeqst_binomial_q0.5,10,mean,1,3000,-3.4133333333333336,1.5588026216662478,1.5588026216662478
38,seeqst_binomial_q0.5,10,mean,1,4000,-3.584,1.3881359549995813,1.3881359549995813
38,seeqst_binomial_q0.5,10,mean,1,5000,-3.2768,1.6953359549995812,1.6953359549995812
38,seeqst_binomial_q0.5,10,mean,1,6000,-3.7546666666666666,1.2174692883329148,1.2174692883329148
38,seeqst_binomial_q0.5,10,mean,1,7000,-4.242285714285714,0.7298502407138674,0.7298502407138674
38,seeqst_binomial_q0.5,10,mean,1,8000,-4.608,0.36413595499958173,0.36413595499958173
38,seeqst_binomial_q0.5,10,mean,1,9000,-4.778666666666667,0.19346928833291432,0.19346928833291432
38,seeqst_binomial_q0.5,10,mean,1,10000,-3.9936,0.9785359549995816,0.9785359549995816
38,seeqst_binomial_tuned,10,mean,1,10,0.0,4.972135954999581,4.972135954999581
38,seeqst_binomial_tuned,10,mean,1,30,4.967053731282551,9.939189686282132,9.939189686282132
38,seeqst_binomial_tuned,10,mean,1,100,-1.4901161193847654,3.4820198356148158,3.4820198356148158
38,seeqst_binomial_tuned,10,mean,1,300,-3.973642985026041,0.9984929699735403,0.9984929699735403
38,seeqst_binomial_tuned,10,mean,1,1000,-5.364418029785155,-0.392282074785574,0.392282074785574
38,seeqst_binomial_tuned,10,mean,1,2000,-5.1409006118774405,-0.16876465687785913,0.16876465687785913
38,seeqst_binomial_tuned,10,mean,1,3000,-5.165735880533854,-0.1935999255342722,0.1935999255342722
38,seeqst_binomial_tuned,10,mean,1,4000,-5.848705768585204,-0.8765698135856228,0.8765698135856228
38,seeqst_binomial_tuned,10,mean,1,5000,-5.036592483520507,-0.06445652852092554,0.06445652852092554
38,seeqst_binomial_tuned,10,mean,1,6000,-5.016724268595377,-0.044588313595795626,0.044588313595795626
38,seeqst_binomial_tuned,10,mean,1,7000,-5.045107432774134,-0.07297147777455226,0.07297147777455226
38,seeqst_binomial_tuned,10,mean,1,8000,-4.8801302909851065,0.09200566401447485,0.09200566401447485
38,seeqst_binomial_tuned,10,mean,1,9000,-5.198849572075737,-0.22671361707615567,0.22671361707615567
38,seeqst_binomial_tuned,10,mean,1,10000,-5.155801773071288,-0.1836658180717068,0.1836658180717068
39,pauli,10,mean,1,10,32.17499999999997,37.14713595499955,37.14713595499955
39,pauli,10,mean,1,30,-2.6250000000000044,2.347135954999577,2.347135954999577
39,pauli,10,mean,1,100,3.779999999999993,8.752135954999574,8.752135954999574
39,pauli,10,mean,1,300,-2.1825000000000014,2.78963595499958,2.78963595499958
39,pauli,10,mean,1,1000,-4.695749999999999,0.27638595499958196,0.27638595499958196
39,pauli,10,mean,1,2000,-4.8847499999999995,0.0873859549995819,0.0873859549995819
39,pauli,10,mean,1,3000,-5.437499999999999,-0.4653640450004177,0.4653640450004177
39,pauli,10,mean,1,4000,-5.549624999999999,-0.5774890450004175,0.5774890450004175
39,pauli,10,mean,1,5000,-8.093249999999998,-3.1211140450004162,3.1211140450004162
39,pauli,10,mean,1,6000,-7.822124999999998,-2.8499890450004166,2.8499890450004166
39,pauli,10,mean,1,7000,-7.3362857142857125,-2.364149759286131,2.364149759286131
39,pauli,10,mean,1,8000,-6.950531249999998,-1.9783952950004169,1.9783952950004169
39,pauli,10,mean,1,9000,-6.497999999999998,-1.525864045000417,1.525864045000417
39,pauli,10,mean,1,10000,-6.244649999999998,-1.2725140450004169,1.2725140450004169
39,clifford,10,mean,1,10,8.792412623843091e-16,4.972135954999582,4.972135954999582
39,clifford,10,mean,1,30,8.541666666666648,13.51380262166623,13.51380262166623
39,clifford,10,mean,1,100,-3.829434927474313e-15,4.972135954999578,4.972135954999578
39,clifford,10,mean,1,300,0.8541666666666652,5.826302621666247,5.826302621666247
39,clifford,10,mean,1,1000,-5.63749999999999,-0.665364045000409,0.665364045000409
39,clifford,10,mean,1,2000,-4.484374999999996,0.4877609549995858,0.4877609549995858
39,clifford,10,mean,1,3000,-6.149999999999998,-1.1778640450004163,1.1778640450004163
39,clifford,10,mean,1,4000,-5.573437499999998,-0.6013015450004167,0.6013015450004167
39,clifford,10,mean,1,5000,-5.483749999999999,-0.5116140450004174,0.5116140450004174
39,clifford,10,mean,1,6000,-6.064583333333332,-1.092447378333751,1.092447378333751
39,clifford,10,mean,1,7000,-6.04017857142857,-1.068042616428989,1.068042616428989
39,clifford,10,mean,1,8000,-5.573437499999999,-0.6013015450004175,0.6013015450004175
39,clifford,10,mean,1,9000,-5.2958333333333325,-0.3236973783337511,0.3236973783337511
39,clifford,10,mean,1,10000,-5.406874999999999,-0.43473904500041805,0.43473904500041805
39,seeqst_uniform,10,mean,1,10,0.0,4.972135954999581,4.972135954999581
39,seeqst_uniform,10,mean,1,30,0.0,4.972135954999581,4.972135954999581
39,seeqst_uniform,10,mean,1,100,0.0,4.972135954999581,4.972135954999581
39,seeqst_uniform,10,mean,1,300,-3.4133333333333336,1.5588026216662478,1.5588026216662478
39,seeqst_uniform,10,mean,1,1000,-3.072,1.9001359549995813,1.9001359549995813
39,seeqst_uniform,10,mean,1,2000,-4.096,0.8761359549995813,0.8761359549995813
39,seeqst_uniform,10,mean,1,3000,-5.12,-0.14786404500041872,0.14786404500041872
39,seeqst_uniform,10,mean,1,4000,-6.144,-1.1718640450004187,1.1718640450004187
39,seeqst_uniform,10,mean,1,5000,-5.9392,-0.9670640450004182,0.9670640450004182
39,seeqst_uniform,10,mean,1,6000,-4.949333333333334,0.022802621666247802,0.022802621666247802
39,seeqst_uniform,10,mean,1,7000,-4.242285714285714,0.7298502407138674,0.7298502407138674
39,seeqst_uniform,10,mean,1,8000,-4.224,0.7481359549995812,0.7481359549995812
39,seeqst_uniform,10,mean,1,9000,-4.892444444444444,0.07969151055513723,0.07969151055513723
39,seeqst_uniform,10,mean,1,10000,-5.0176,-0.04546404500041845,0.04546404500041845
39,seeqst_binomial_q0.09091,10,mean,1,10,-25.937424604112483,-20.9652886491129,20.9652886491129
39,seeqst_binomial_q0.09091,10,mean,1,30,-8.645808201370828,-3.673672246371247,3.673672246371247
39,seeqst_binomial_q0.09091,10,mean,1,100,0.0,4.972135954999581,4.972135954999581
39,seeqst_binomial_q0.09091,10,mean,1,300,-5.187484920822497,-0.21534896582291552,0.21534896582291552
39,seeqst_binomial_q0.09091,10,mean,1,1000,-4.409362182699123,0.5627737723004582,0.5627737723004582
39,seeqst_binomial_q0.09091,10,mean,1,2000,-4.149987936657998,0.8221480183415837,0.8221480183415837
39,seeqst_binomial_q0.09091,10,mean,1,3000,-4.06352985464429,0.908606100355291,0.908606100355291
39,seeqst_binomial_q0.09091,10,mean,1,4000,-4.020300813637436,0.9518351413621451,0.9518351413621451
39,seeqst_binomial_q0.09091,10,mean,1,5000,-3.6831142937839707,1.2890216612156107,1.2890216612156107
39,seeqst_binomial_q0.09091,10,mean,1,6000,-3.760926567596304,1.2112093874032772,1.2112093874032772
39,seeqst_binomial_q0.09091,10,mean,1,7000,-4.854003747341035,0.11813220765854648,0.11813220765854648
39,seeqst_binomial_q0.09091,10,mean,1,8000,-5.057797797801915,-0.08566184280233369,0.08566184280233369
39,seeqst_binomial_q0.09091,10,mean,1,9000,-5.187484920822476,-0.2153489658228942,0.2153489658228942
39,seeqst_binomial_q0.09091,10,mean,1,10000,-5.187484920822474,-0.21534896582289242,0.21534896582289242
39,seeqst_binomial_q0.5,10,mean,1,10,0.0,4.972135954999581,4.972135954999581
39,seeqst_binomial_q0.5,10,mean,1,30,-34.13333333333333,-29.161197378333753,29.161197378333753
39,seeqst_binomial_q0.5,10,mean,1,100,-10.24,-5.267864045000419,5.267864045000419
39,seeqst_binomial_q0.5,10,mean,1,300,-13.653333333333334,-8.681197378333753,8.681197378333753
39,seeqst_binomial_q0.5,10,mean,1,1000,-8.192,-3.219864045000419,3.219864045000419
39,seeqst_binomial_q0.5,10,mean,1,2000,-8.704,-3.7318640450004192,3.7318640450004192
39,seeqst_binomial_q0.5,10,mean,1,3000,-7.850666666666666,-2.878530711667085,2.878530711667085
39,seeqst_binomial_q0.5,10,mean,1,4000,-6.656,-1.6838640450004183,1.6838640450004183
39,seeqst_binomial_q0.5,10,mean,1,5000,-6.3488,-1.3766640450004184,1.3766640450004184
39,seeqst_binomial_q0.5,10,mean,1,6000,-5.973333333333334,-1.0011973783337522,1.0011973783337522
39,seeqst_binomial_q0.5,10,mean,1,7000,-5.997714285714285,-1.025578330714704,1.025578330714704
39,seeqst_binomial_q0.5,10,mean,1,8000,-5.76,-0.7878640450004184,0.7878640450004184
39,seeqst_binomial_q0.5,10,mean,1,9000,-6.257777777777778,-1.2856418227781967,1.2856418227781967
39,seeqst_binomial_q0.5,10,mean,1,10000,-6.0416,-1.0694640450004185,1.0694640450004185
39,seeqst_binomial_tuned,10,mean,1,10,-14.901161193847653,-9.929025238848071,9.929025238848071
39,seeqst_binomial_tuned,10,mean,1,30,-14.901161193847653,-9.929025238848071,9.929025238848071
39,seeqst_binomial_tuned,10,mean,1,100,-1.4901161193847647,3.4820198356148166,3.4820198356148166
39,seeqst_binomial_tuned,10,mean,1,300,-5.463759104410807,-0.4916231494112253,0.4916231494112253
39,seeqst_binomial_tuned,10,mean,1,1000,-5.215406417846679,-0.2432704628470974,0.2432704628470974
39,seeqst_binomial_tuned,10,mean,1,2000,-4.917383193969726,0.05475276102985571,0.05475276102985571
39,seeqst_binomial_tuned,10,mean,1,3000,-5.712111790974934,-0.7399758359753523,0.7399758359753523
39,seeqst_binomial_tuned,10,mean,1,4000,-5.066394805908202,-0.09425885090862085,0.09425885090862085
39,seeqst_binomial_tuned,10,mean,1,5000,-4.917383193969726,0.05475276102985571,0.05475276102985571
39,seeqst_binomial_tuned,10,mean,1,6000,-5.1409006118774405,-0.16876465687785913,0.16876465687785913
39,seeqst_binomial_tuned,10,mean,1,7000,-5.428280149187359,-0.45614419418777796,0.45614419418777796
39,seeqst_binomial_tuned,10,mean,1,8000,-5.364418029785155,-0.392282074785574,0.392282074785574
39,seeqst_binomial_tuned,10,mean,1,9000,-5.480315950181748,-0.508179995182167,0.508179995182167
39,seeqst_binomial_tuned,10,mean,1,10000,-5.468726158142089,-0.49659020314250757,0.49659020314250757
40,pauli,10,mean,1,10,-6.299999999999997,-1.3278640450004158,1.3278640450004158
40,pauli,10,mean,1,30,-3.7499999999999973,1.222135954999584,1.222135954999584
40,pauli,10,mean,1,100,-1.8224999999999987,3.1496359549995825,3.1496359549995825
40,pauli,10,mean,1,300,-0.8775000000000004,4.094635954999581,4.094635954999581
40,pauli,10,mean,1,1000,-4.05,0.9221359549995816,0.9221359549995816
40,pauli,10,mean,1,2000,-4.627125,0.345010954999581,0.345010954999581
40,pauli,10,mean,1,3000,-6.209999999999999,-1.2378640450004177,1.2378640450004177
40,pauli,10,mean,1,4000,-7.054874999999999,-2.0827390450004177,2.0827390450004177
40,pauli,10,mean,1,5000,-5.56245,-0.5903140450004187,0.5903140450004187
40,pauli,10,mean,1,6000,-4.930125,0.042010954999581074,0.042010954999581074
40,pauli,10,mean,1,7000,-5.4495,-0.4773640450004182,0.4773640450004182
40,pauli,10,mean,1,8000,-5.69840625,-0.7262702950004183,0.7262702950004183
40,pauli,10,mean,1,9000,-5.93225,-0.9601140450004184,0.9601140450004184
40,pauli,10,mean,1,10000,-6.010425,-1.0382890450004183,1.0382890450004183
40,clifford,10,mean,1,10,-76.87499999999989,-71.9028640450003,71.9028640450003
40,clifford,10,mean,1,30,-34.16666666666662,-29.194530711667042,29.194530711667042
40,clifford,10,mean,1,100,-10.24999999999999,-5.277864045000408,5.277864045000408
40,clifford,10,mean,1,300,-10.249999999999979,-5.277864045000397,5.277864045000397
40,clifford,10,mean,1,1000,-5.893749999999984,-0.9216140450004024,0.9216140450004024
40,clifford,10,mean,1,2000,-2.178124999999997,2.7940109549995844,2.7940109549995844
40,clifford,10,mean,1,3000,-1.622916666666663,3.349219288332918,3.349219288332918
40,clifford,10,mean,1,4000,-2.882812499999995,2.0893234549995863,2.0893234549995863
40,clifford,10,mean,1,5000,-2.6137499999999965,2.358385954999585,2.358385954999585
40,clifford,10,mean,1,6000,-3.587499999999997,1.3846359549995846,1.3846359549995846
40,clifford,10,mean,1,7000,-3.953571428571426,1.0185645264281553,1.0185645264281553
40,clifford,10,mean,1,8000,-4.099999999999998,0.8721359549995835,0.8721359549995835
40,clifford,10,mean,1,9000,-3.815277777777776,1.1568581772218054,1.1568581772218054
40,clifford,10,mean,1,10000,-3.9206249999999985,1.051510954999583,1.051510954999583
40,seeqst_uniform,10,mean,1,10,0.0,4.972135954999581,4.972135954999581
40,seeqst_uniform,10,mean,1,30,-34.13333333333333,-29.161197378333753,29.161197378333753
40,seeqst_uniform,10,mean,1,100,-10.24,-5.267864045000419,5.267864045000419
40,seeqst_uniform,10,mean,1,300,-3.4133333333333336,1.5588026216662478,1.5588026216662478
40,seeqst_uniform,10,mean,1,1000,-3.072,1.9001359549995813,1.9001359549995813
40,seeqst_uniform,10,mean,1,2000,-6.656,-1.6838640450004183,1.6838640450004183
40,seeqst_uniform,10,mean,1,3000,-6.485333333333333,-1.5131973783337518,1.5131973783337518
40,seeqst_uniform,10,mean,1,4000,-5.888,-0.9158640450004185,0.9158640450004185
40,seeqst_uniform,10,mean,1,5000,-6.3488,-1.3766640450004184,1.3766640450004184
40,seeqst_uniform,10,mean,1,6000,-5.973333333333334,-1.0011973783337522,1.0011973783337522
40,seeqst_uniform,10,mean,1,7000,-5.7051428571428575,-0.7330069021432761,0.7330069021432761
40,seeqst_uniform,10,mean,1,8000,-5.888,-0.9158640450004185,0.9158640450004185
40,seeqst_uniform,10,mean,1,9000,-5.575111111111111,-0.6029751561115297,0.6029751561115297
40,seeqst_uniform,10,mean,1,10000,-5.632,-0.6598640450004183,0.6598640450004183
40,seeqst_binomial_q0.09091,10,mean,1,10,-25.937424604112483,-20.9652886491129,20.9652886491129
40,seeqst_binomial_q0.09091,10,mean,1,30,0.0,4.972135954999581,4.972135954999581
40,seeqst_binomial_q0.09091,10,mean,1,100,-2.593742460411248,2.3783934945883334,2.3783934945883334
40,seeqst_binomial_q0.09091,10,mean,1,300,-6.052065740959581,-1.0799297859599992,1.0799297859599992
40,seeqst_binomial_q0.09091,10,mean,1,1000,-6.4843561510281225,-1.512220196028541,1.512220196028541
40,seeqst_binomial_q0.09091,10,mean,1,2000,-6.224981904986998,-1.2528459499874165,1.2528459499874165
40,seeqst_binomial_q0.09091,10,mean,1,3000,-6.138523822973284,-1.166387867973703,1.166387867973703
40,seeqst_binomial_q0.09091,10,mean,1,4000,-6.095294781966421,-1.12315882696684,1.12315882696684
40,seeqst_binomial_q0.09091,10,mean,1,5000,-5.031860373197811,-0.059724418198229934,0.059724418198229934
40,seeqst_binomial_q0.09091,10,mean,1,6000,-5.187484920822481,-0.21534896582289953,0.21534896582289953
40,seeqst_binomial_q0.09091,10,mean,1,7000,-5.187484920822479,-0.21534896582289775,0.21534896582289775
40,seeqst_binomial_q0.09091,10,mean,1,8000,-5.057797797801915,-0.08566184280233369,0.08566184280233369
40,seeqst_binomial_q0.09091,10,mean,1,9000,-4.784013871425173,0.18812208357440863,0.18812208357440863
40,seeqst_binomial_q0.09091,10,mean,1,10000,-5.2134223454265864,-0.24128639042700506,0.24128639042700506
40,seeqst_binomial_q0.5,10,mean,1,10,0.0,4.972135954999581,4.972135954999581
40,seeqst_binomial_q0.5,10,mean,1,30,34.13333333333333,39.10546928833291,39.10546928833291
40,seeqst_binomial_q0.5,10,mean,1,100,10.24,15.212135954999582,15.212135954999582
40,seeqst_binomial_q0.5,10,mean,1,300,-3.4133333333333336,1.5588026216662478,1.5588026216662478
40,seeqst_binomial_q0.5,10,mean,1,1000,-8.192,-3.219864045000419,3.219864045000419
40,seeqst_binomial_q0.5,10,mean,1,2000,-6.656,-1.6838640450004183,1.6838640450004183
40,seeqst_binomial_q0.5,10,mean,1,3000,-5.461333333333333,-0.48919737833375176,0.48919737833375176
40,seeqst_binomial_q0.5,10,mean,1,4000,-5.376,-0.40386404500041895,0.40386404500041895
40,seeqst_binomial_q0.5,10,mean,1,5000,-5.3248,-0.35266404500041837,0.35266404500041837
40,seeqst_binomial_q0.5,10,mean,1,6000,-5.290666666666667,-0.31853071166708524,0.31853071166708524
40,seeqst_binomial_q0.5,10,mean,1,7000,-4.827428571428571,0.14470738357100998,0.14470738357100998
40,seeqst_binomial_q0.5,10,mean,1,8000,-5.376,-0.40386404500041895,0.40386404500041895
40,seeqst_binomial_q0.5,10,mean,1,9000,-5.347555555555555,-0.3754196005559738,0.3754196005559738
40,seeqst_binomial_q0.5,10,mean,1,10000,-4.9152,0.05693595499958182,0.05693595499958182
40,seeqst_binomial_tuned,10,mean,1,10,14.901161193847653,19.873297148847236,19.873297148847236
40,seeqst_binomial_tuned,10,mean,1,30,9.9341074625651,14.906243417564681,14.906243417564681
40,seeqst_binomial_tuned,10,mean,1,100,5.960464477539062,10.932600432538642,10.932600432538642
40,seeqst_binomial_tuned,10,mean,1,300,-1.8947806286936006e-16,4.972135954999581,4.972135954999581
40,seeqst_binomial_tuned,10,mean,1,1000,-2.5331974029541016,2.43893855204548,2.43893855204548
40,seeqst_binomial_tuned,10,mean,1,2000,-3.2782554626464844,1.693880492353097,1.693880492353097
40,seeqst_binomial_tuned,10,mean,1,3000,-4.172325134277344,0.7998108207222376,0.7998108207222376
40,seeqst_binomial_tuned,10,mean,1,4000,-4.433095455169678,0.5390404998299037,0.5390404998299037
40,seeqst_binomial_tuned,10,mean,1,5000,-4.410743713378906,0.5613922416206751,0.5613922416206751
40,seeqst_binomial_tuned,10,mean,1,6000,-4.346172014872233,0.625963940127348,0.625963940127348
40,seeqst_binomial_tuned,10,mean,1,7000,-4.470348358154297,0.5017875968452845,0.5017875968452845
40,seeqst_binomial_tuned,10,mean,1,8000,-4.507601261138916,0.46453469386066537,0.46453469386066537
40,seeqst_binomial_tuned,10,mean,1,9000,-4.652473661634657,0.31966229336492447,0.31966229336492447
40,seeqst_binomial_tuned,10,mean,1,10000,-4.500150680541992,0.4719852744575892,0.4719852744575892
41,pauli,10,mean,1,10,23.849999999999987,28.822135954999567,28.822135954999567
41,pauli,10,mean,1,30,-3.8999999999999972,1.0721359549995841,1.0721359549995841
41,pauli,10,mean,1,100,-5.062499999999997,-0.09036404500041595,0.09036404500041595
41,pauli,10,mean,1,300,-3.4874999999999994,1.484635954999582,1.484635954999582
41,pauli,10,mean,1,1000,-5.541749999999999,-0.5696140450004172,0.5696140450004172
41,pauli,10,mean,1,2000,-5.671124999999998,-0.6989890450004168,0.6989890450004168
41,pauli,10,mean,1,3000,-8.184749999999998,-3.212614045000416,3.212614045000416
41,pauli,10,mean,1,4000,-7.022249999999998,-2.0501140450004165,2.0501140450004165
41,pauli,10,mean,1,5000,-6.349499999999998,-1.3773640450004168,1.3773640450004168
41,pauli,10,mean,1,6000,-5.905874999999999,-0.9337390450004177,0.9337390450004177
41,pauli,10,mean,1,7000,-3.3473571428571427,1.6247788121424387,1.6247788121424387
41,pauli,10,mean,1,8000,-3.522375,1.4497609549995816,1.4497609549995816
41,pauli,10,mean,1,9000,-3.3405,1.6316359549995814,1.6316359549995814
41,pauli,10,mean,1,10000,-2.124450000000001,2.8476859549995805,2.8476859549995805
41,clifford,10,mean,1,10,4.4814001126077065e-15,4.972135954999586,4.972135954999586
41,clifford,10,mean,1,30,-34.16666666666656,-29.194530711666978,29.194530711666978
41,clifford,10,mean,1,100,-7.6874999999999725,-2.715364045000391,2.715364045000391
41,clifford,10,mean,1,300,-6.833333333333324,-1.8611973783337428,1.8611973783337428
41,clifford,10,mean,1,1000,-3.587499999999993,1.3846359549995886,1.3846359549995886
41,clifford,10,mean,1,2000,-5.6374999999999895,-0.6653640450004081,0.6653640450004081
41,clifford,10,mean,1,3000,-4.697916666666659,0.2742192883329224,0.2742192883329224
41,clifford,10,mean,1,4000,-3.7796874999999948,1.1924484549995866,1.1924484549995866
41,clifford,10,mean,1,5000,-4.099999999999995,0.8721359549995862,0.8721359549995862
41,clifford,10,mean,1,6000,-4.2708333333333295,0.7013026216662519,0.7013026216662519
41,clifford,10,mean,1,7000,-4.502678571428568,0.4694573835710134,0.4694573835710134
41,clifford,10,mean,1,8000,-4.1960937499999975,0.7760422049995839,0.7760422049995839
41,clifford,10,mean,1,9000,-3.929166666666664,1.0429692883329174,1.0429692883329174
41,clifford,10,mean,1,10000,-3.6387499999999977,1.3333859549995837,1.3333859549995837
41,seeqst_uniform,10,mean,1,10,0.0,4.972135954999581,4.972135954999581
41,seeqst_uniform,10,mean,1,30,0.0,4.972135954999581,4.972135954999581
41,seeqst_uniform,10,mean,1,100,0.0,4.972135954999581,4.972135954999581
41,seeqst_uniform,10,mean,1,300,0.0,4.972135954999581,4.972135954999581
41,seeqst_uniform,10,mean,1,1000,0.0,4.972135954999581,4.972135954999581
41,seeqst_uniform,10,mean,1,2000,-2.56,2.4121359549995813,2.4121359549995813
41,seeqst_uniform,10,mean,1,3000,-3.4133333333333336,1.5588026216662478,1.5588026216662478
41,seeqst_uniform,10,mean,1,4000,-4.096,0.8761359549995813,0.8761359549995813
41,seeqst_uniform,10,mean,1,5000,-3.4816,1.4905359549995816,1.4905359549995816
41,seeqst_uniform,10,mean,1,6000,-4.266666666666667,0.7054692883329148,0.7054692883329148
41,seeqst_uniform,10,mean,1,7000,-4.973714285714285,-0.0015783307147039238,0.0015783307147039238
41,seeqst_uniform,10,mean,1,8000,-4.736,0.23613595499958162,0.23613595499958162
41,seeqst_uniform,10,mean,1,9000,-4.778666666666667,0.19346928833291432,0.19346928833291432
41,seeqst_uniform,10,mean,1,10000,-3.8912,1.0809359549995814,1.0809359549995814
41,seeqst_binomial_q0.09091,10,mean,1,10,0.0,4.972135954999581,4.972135954999581
41,seeqst_binomial_q0.09091,10,mean,1,30,-8.645808201370828,-3.673672246371247,3.673672246371247
41,seeqst_binomial_q0.09091,10,mean,1,100,-12.968712302056241,-7.99657634705666,7.99657634705666
41,seeqst_binomial_q0.09091,10,mean,1,300,-13.833293122193327,-8.861157167193745,8.861157167193745
41,seeqst_binomial_q0.09091,10,mean,1,1000,-7.262478889151497,-2.2903429341519157,2.2903429341519157
41,seeqst_binomial_q0.09091,10,mean,1,2000,-5.5765462898841855,-0.6044103348846042,0.6044103348846042
41,seeqst_binomial_q0.09091,10,mean,1,3000,-6.138523822973284,-1.166387867973703,1.166387867973703
41,seeqst_binomial_q0.09091,10,mean,1,4000,-5.511702728373894,-0.5395667733743128,0.5395667733743128
41,seeqst_binomial_q0.09091,10,mean,1,5000,-5.4987340160718325,-0.5265980610722512,0.5265980610722512
41,seeqst_binomial_q0.09091,10,mean,1,6000,-4.884881633774504,0.08725432122507737,0.08725432122507737
41,seeqst_binomial_q0.09091,10,mean,1,7000,-5.150431457102319,-0.17829550210273748,0.17829550210273748
41,seeqst_binomial_q0.09091,10,mean,1,8000,-5.1874849208224765,-0.2153489658228951,0.2153489658228951
41,seeqst_binomial_q0.09091,10,mean,1,9000,-4.726375150082701,0.24576080491688046,0.24576080491688046
41,seeqst_binomial_q0.09091,10,mean,1,10000,-4.746548702552564,0.22558725244701705,0.22558725244701705
41,seeqst_binomial_q0.5,10,mean,1,10,0.0,4.972135954999581,4.972135954999581
41,seeqst_binomial_q0.5,10,mean,1,30,0.0,4.972135954999581,4.972135954999581
41,seeqst_binomial_q0.5,10,mean,1,100,-30.72,-25.74786404500042,25.74786404500042
41,seeqst_binomial_q0.5,10,mean,1,300,-10.24,-5.267864045000419,5.267864045000419
41,seeqst_binomial_q0.5,10,mean,1,1000,-9.216,-4.243864045000418,4.243864045000418
41,seeqst_binomial_q0.5,10,mean,1,2000,-9.216,-4.243864045000418,4.243864045000418
41,seeqst_binomial_q0.5,10,mean,1,3000,-8.874666666666666,-3.902530711667085,3.902530711667085
41,seeqst_binomial_q0.5,10,mean,1,4000,-9.216,-4.243864045000418,4.243864045000418
41,seeqst_binomial_q0.5,10,mean,1,5000,-8.192,-3.219864045000419,3.219864045000419
41,seeqst_binomial_q0.5,10,mean,1,6000,-7.68,-2.7078640450004183,2.7078640450004183
41,seeqst_binomial_q0.5,10,mean,1,7000,-7.021714285714285,-2.049578330714704,2.049578330714704
41,seeqst_binomial_q0.5,10,mean,1,8000,-7.296,-2.323864045000419,2.323864045000419
41,seeqst_binomial_q0.5,10,mean,1,9000,-6.940444444444444,-1.9683084894448628,1.9683084894448628
41,seeqst_binomial_q0.5,10,mean,1,10000,-7.0656,-2.0934640450004185,2.0934640450004185
41,seeqst_binomial_tuned,10,mean,1,10,0.0,4.972135954999581,4.972135954999581
41,seeqst_binomial_tuned,10,mean,1,30,-4.967053731282551,0.005082223717030487,0.005082223717030487
41,seeqst_binomial_tuned,10,mean,1,100,-2.980232238769531,1.9919037162300506,1.9919037162300506
41,seeqst_binomial_tuned,10,mean,1,300,-0.99341074625651,3.9787252087430716,3.9787252087430716
41,seeqst_binomial_tuned,10,mean,1,1000,-4.470348358154296,0.5017875968452854,0.5017875968452854
41,seeqst_binomial_tuned,10,mean,1,2000,-4.395842552185058,0.5762934028145237,0.5762934028145237
41,seeqst_binomial_tuned,10,mean,1,3000,-4.420677820841471,0.5514581341581106,0.5514581341581106
41,seeqst_binomial_tuned,10,mean,1,4000,-4.842877388000487,0.129258566999094,0.129258566999094
41,seeqst_binomial_tuned,10,mean,1,5000,-5.066394805908202,-0.09425885090862085,0.09425885090862085
41,seeqst_binomial_tuned,10,mean,1,6000,-5.438923835754394,-0.46678788075481226,0.46678788075481226
41,seeqst_binomial_tuned,10,mean,1,7000,-5.577291761125836,-0.6051558061262545,0.6051558061262545
41,seeqst_binomial_tuned,10,mean,1,8000,-5.60656189918518,-0.6344259441855984,0.6344259441855984
41,seeqst_binomial_tuned,10,mean,1,9000,-5.49687279595269,-0.5247368409531088,0.5247368409531088
41,seeqst_binomial_tuned,10,mean,1,10000,-5.513429641723632,-0.5412936867240505,0.5412936867240505
42,pauli,10,mean,1,10,-2.924999999999998,2.0471359549995833,2.0471359549995833
42,pauli,10,mean,1,30,-4.649999999999998,0.3221359549995837,0.3221359549995837
42,pauli,10,mean,1,100,-8.887499999999996,-3.9153640450004144,3.9153640450004144
42,pauli,10,mean,1,300,-20.977499999999996,-16.005364045000412,16.005364045000412
42,pauli,10,mean,1,1000,-10.388249999999998,-5.416114045000416,5.416114045000416
42,pauli,10,mean,1,2000,-8.21025,-3.238114045000419,3.238114045000419
42,pauli,10,mean,1,3000,-7.34625,-2.374114045000419,2.374114045000419
42,pauli,10,mean,1,4000,-6.54525,-1.5731140450004188,1.5731140450004188
42,pauli,10,mean,1,5000,-5.09895,-0.12681404500041893,0.12681404500041893
42,pauli,10,mean,1,6000,-6.029625,-1.0574890450004188,1.0574890450004188
42,pauli,10,mean,1,7000,-6.1592142857142855,-1.1870783307147041,1.1870783307147041
42,pauli,10,mean,1,8000,-6.1306875,-1.1585515450004182,1.1585515450004182
42,pauli,10,mean,1,9000,-6.12275,-1.1506140450004185,1.1506140450004185
42,pauli,10,mean,1,10000,-6.562125,-1.5899890450004186,1.5899890450004186
42,clifford,10,mean,1,10,3.8775771071383715e-15,4.972135954999585,4.972135954999585
42,clifford,10,mean,1,30,17.08333333333329,22.055469288332873,22.055469288332873
42,clifford,10,mean,1,100,10.249999999999975,15.222135954999557,15.222135954999557
42,clifford,10,mean,1,300,2.5624999999999902,7.534635954999572,7.534635954999572
42,clifford,10,mean,1,1000,-0.5125000000000002,4.459635954999581,4.459635954999581
42,clifford,10,mean,1,2000,-2.4343749999999944,2.537760954999587,2.537760954999587
42,clifford,10,mean,1,3000,-4.9541666666666595,0.017969288332921884,0.017969288332921884
42,clifford,10,mean,1,4000,-4.612499999999994,0.3596359549995878,0.3596359549995878
42,clifford,10,mean,1,5000,-5.022499999999995,-0.05036404500041325,0.05036404500041325
42,clifford,10,mean,1,6000,-5.16770833333333,-0.19557237833374863,0.19557237833374863
42,clifford,10,mean,1,7000,-5.051785714285711,-0.07964975928612983,0.07964975928612983
42,clifford,10,mean,1,8000,-4.8367187499999975,0.13541720499958387,0.13541720499958387
42,clifford,10,mean,1,9000,-4.584027777777775,0.388108177221806,0.388108177221806
42,clifford,10,mean,1,10000,-4.638124999999998,0.33401095499958355,0.33401095499958355
42,seeqst_uniform,10,mean,1,10,0.0,4.972135954999581,4.972135954999581
42,seeqst_uniform,10,mean,1,30,0.0,4.972135954999581,4.972135954999581
42,seeqst_uniform,10,mean,1,100,0.0,4.972135954999581,4.972135954999581
42,seeqst_uniform,10,mean,1,300,0.0,4.972135954999581,4.972135954999581
42,seeqst_uniform,10,mean,1,1000,-3.072,1.9001359549995813,1.9001359549995813
42,seeqst_uniform,10,mean,1,2000,-5.632,-0.6598640450004183,0.6598640450004183
42,seeqst_uniform,10,mean,1,3000,-3.4133333333333336,1.5588026216662478,1.5588026216662478
42,seeqst_uniform,10,mean,1,4000,-5.632,-0.6598640450004183,0.6598640450004183
42,seeqst_uniform,10,mean,1,5000,-5.5296,-0.5574640450004189,0.5574640450004189
42,seeqst_uniform,10,mean,1,6000,-6.144,-1.1718640450004187,1.1718640450004187
42,seeqst_uniform,10,mean,1,7000,-6.144,-1.1718640450004187,1.1718640450004187
42,seeqst_uniform,10,mean,1,8000,-5.888,-0.9158640450004185,0.9158640450004185
42,seeqst_uniform,10,mean,1,9000,-5.802666666666667,-0.8305307116670857,0.8305307116670857
42,seeqst_uniform,10,mean,1,10000,-5.12,-0.14786404500041872,0.14786404500041872
42,seeqst_binomial_q0.09091,10,mean,1,10,0.0,4.972135954999581,4.972135954999581
42,seeqst_binomial_q0.09091,10,mean,1,30,0.0,4.972135954999581,4.972135954999581
42,seeqst_binomial_q0.09091,10,mean,1,100,-5.187484920822496,-0.21534896582291463,0.21534896582291463
42,seeqst_binomial_q0.09091,10,mean,1,300,-3.458323280548331,1.5138126744512506,1.5138126744512506
42,seeqst_binomial_q0.09091,10,mean,1,1000,-3.3718651985346235,1.6002707564649579,1.6002707564649579
42,seeqst_binomial_q0.09091,10,mean,1,2000,-3.7609265675963113,1.21120938740327,1.21120938740327
42,seeqst_binomial_q0.09091,10,mean,1,3000,-3.9770717726305818,0.9950641823689996,0.9950641823689996
42,seeqst_binomial_q0.09091,10,mean,1,4000,-4.149987936657998,0.8221480183415837,0.8221480183415837
42,seeqst_binomial_q0.09091,10,mean,1,5000,-4.357487333490891,0.6146486215086906,0.6146486215086906
42,seeqst_binomial_q0.09091,10,mean,1,6000,-4.409362182699112,0.5627737723004698,0.5627737723004698
42,seeqst_binomial_q0.09091,10,mean,1,7000,-4.224094864098307,0.7480410909012747,0.7480410909012747
42,seeqst_binomial_q0.09091,10,mean,1,8000,-4.182409717413125,0.7897262375864562,0.7897262375864562
42,seeqst_binomial_q0.09091,10,mean,1,9000,-4.495820264712814,0.4763156902867678,0.4763156902867678
42,seeqst_binomial_q0.09091,10,mean,1,10000,-4.5649867303237786,0.40714922467580283,0.40714922467580283
42,seeqst_binomial_q0.5,10,mean,1,10,0.0,4.972135954999581,4.972135954999581
42,seeqst_binomial_q0.5,10,mean,1,30,34.13333333333333,39.10546928833291,39.10546928833291
42,seeqst_binomial_q0.5,10,mean,1,100,10.24,15.212135954999582,15.212135954999582
42,seeqst_binomial_q0.5,10,mean,1,300,-3.4133333333333336,1.5588026216662478,1.5588026216662478
42,seeqst_binomial_q0.5,10,mean,1,1000,-3.072,1.9001359549995813,1.9001359549995813
42,seeqst_binomial_q0.5,10,mean,1,2000,-3.072,1.9001359549995813,1.9001359549995813
42,seeqst_binomial_q0.5,10,mean,1,3000,-4.437333333333333,0.5348026216662483,0.5348026216662483
42,seeqst_binomial_q0.5,10,mean,1,4000,-4.352,0.6201359549995811,0.6201359549995811
42,seeqst_binomial_q0.5,10,mean,1,5000,-4.5056,0.4665359549995811,0.4665359549995811
42,seeqst_binomial_q0.5,10,mean,1,6000,-5.12,-0.14786404500041872,0.14786404500041872
42,seeqst_binomial_q0.5,10,mean,1,7000,-5.12,-0.14786404500041872,0.14786404500041872
42,seeqst_binomial_q0.5,10,mean,1,8000,-4.992,-0.019864045000418606,0.019864045000418606
42,seeqst_binomial_q0.5,10,mean,1,9000,-5.12,-0.14786404500041872,0.14786404500041872
42,seeqst_binomial_q0.5,10,mean,1,10000,-4.8128,0.1593359549995812,0.1593359549995812
42,seeqst_binomial_tuned,10,mean,1,10,0.0,4.972135954999581,4.972135954999581
42,seeqst_binomial_tuned,10,mean,1,30,-4.967053731282551,0.005082223717030487,0.005082223717030487
42,seeqst_binomial_tuned,10,mean,1,100,-5.960464477539062,-0.9883285225394802,0.9883285225394802
42,seeqst_binomial_tuned,10,mean,1,300,-1.4901161193847652,3.482019835614816,3.482019835614816
42,seeqst_binomial_tuned,10,mean,1,1000,-2.235174179077148,2.7369617759224334,2.7369617759224334
42,seeqst_binomial_tuned,10,mean,1,2000,-3.2037496566772456,1.7683862983223357,1.7683862983223357
42,seeqst_binomial_tuned,10,mean,1,3000,-4.520018895467122,0.4521170595324593,0.4521170595324593
42,seeqst_binomial_tuned,10,mean,1,4000,-4.917383193969726,0.05475276102985571,0.05475276102985571
42,seeqst_binomial_tuned,10,mean,1,5000,-4.649162292480468,0.3229736625191135,0.3229736625191135
42,seeqst_binomial_tuned,10,mean,1,6000,-4.59452470143636,0.377611253563221,0.377611253563221
42,seeqst_binomial_tuned,10,mean,1,7000,-4.576785223824637,0.39535073117494424,0.39535073117494424
42,seeqst_binomial_tuned,10,mean,1,8000,-4.2840838432312,0.6880521117683811,0.6880521117683811
42,seeqst_binomial_tuned,10,mean,1,9000,-4.702144198947482,0.26999175605209924,0.26999175605209924
42,seeqst_binomial_tuned,10,mean,1,10000,-4.57465648651123,0.3974794684883518,0.3974794684883518
43,pauli,10,mean,1,10,-1.1250000000000004,3.847135954999581,3.847135954999581
43,pauli,10,mean,1,30,-5.174999999999997,-0.20286404500041577,0.20286404500041577
43,pauli,10,mean,1,100,-11.722499999999995,-6.750364045000413,6.750364045000413
43,pauli,10,mean,1,300,-3.4425,1.5296359549995815,1.5296359549995815
43,pauli,10,mean,1,1000,-9.719999999999999,-4.7478640450004175,4.7478640450004175
43,pauli,10,mean,1,2000,-9.222749999999996,-4.250614045000415,4.250614045000415
43,pauli,10,mean,1,3000,-7.758749999999997,-2.786614045000416,2.786614045000416
43,pauli,10,mean,1,4000,-7.259624999999998,-2.2874890450004166,2.2874890450004166
43,pauli,10,mean,1,5000,-7.301249999999999,-2.3291140450004173,2.3291140450004173
43,pauli,10,mean,1,6000,-6.500999999999999,-1.5288640450004172,1.5288640450004172
43,pauli,10,mean,1,7000,-6.5590714285714276,-1.5869354735718462,1.5869354735718462
43,pauli,10,mean,1,8000,-6.609093749999999,-1.6369577950004173,1.6369577950004173
43,pauli,10,mean,1,9000,-6.391499999999999,-1.4193640450004175,1.4193640450004175
43,pauli,10,mean,1,10000,-6.39,-1.4178640450004183,1.4178640450004183
43,clifford,10,mean,1,10,51.24999999999987,56.22213595499945,56.22213595499945
43,clifford,10,mean,1,30,-1.2568743793764494e-14,4.972135954999569,4.972135954999569
43,clifford,10,mean,1,100,2.5624999999999933,7.534635954999574,7.534635954999574
43,clifford,10,mean,1,300,-6.833333333333317,-1.8611973783337357,1.8611973783337357
43,clifford,10,mean,1,1000,-6.662499999999983,-1.6903640450004014,1.6903640450004014
43,clifford,10,mean,1,2000,-5.6374999999999895,-0.6653640450004081,0.6653640450004081
43,clifford,10,mean,1,3000,-3.8437499999999916,1.1283859549995898,1.1283859549995898
43,clifford,10,mean,1,4000,-3.587499999999991,1.3846359549995904,1.3846359549995904
43,clifford,10,mean,1,5000,-4.304999999999991,0.6671359549995906,0.6671359549995906
43,clifford,10,mean,1,6000,-4.18541666666666,0.7867192883329217,0.7867192883329217
43,clifford,10,mean,1,7000,-4.063392857142851,0.9087430978567301,0.9087430978567301
43,clifford,10,mean,1,8000,-3.9398437499999948,1.0322922049995866,1.0322922049995866
43,clifford,10,mean,1,9000,-4.014583333333328,0.9575526216662533,0.9575526216662533
43,clifford,10,mean,1,10000,-3.869374999999996,1.1027609549995856,1.1027609549995856
43,seeqst_uniform,10,mean,1,10,0.0,4.972135954999581,4.972135954999581
43,seeqst_uniform,10,mean,1,30,0.0,4.972135954999581,4.972135954999581
43,seeqst_uniform,10,mean,1,100,-40.96,-35.98786404500042,35.98786404500042
43,seeqst_uniform,10,mean,1,300,-13.653333333333334,-8.681197378333753,8.681197378333753
43,seeqst_uniform,10,mean,1,1000,-7.168,-2.1958640450004188,2.1958640450004188
43,seeqst_uniform,10,mean,1,2000,-5.632,-0.6598640450004183,0.6598640450004183
43,seeqst_uniform,10,mean,1,3000,-5.12,-0.14786404500041872,0.14786404500041872
43,seeqst_uniform,10,mean,1,4000,-4.608,0.36413595499958173,0.36413595499958173
43,seeqst_uniform,10,mean,1,5000,-5.12,-0.14786404500041872,0.14786404500041872
43,seeqst_uniform,10,mean,1,6000,-4.949333333333334,0.022802621666247802,0.022802621666247802
43,seeqst_uniform,10,mean,1,7000,-5.558857142857143,-0.5867211878575613,0.5867211878575613
43,seeqst_uniform,10,mean,1,8000,-5.376,-0.40386404500041895,0.40386404500041895
43,seeqst_uniform,10,mean,1,9000,-5.347555555555555,-0.3754196005559738,0.3754196005559738
43,seeqst_uniform,10,mean,1,10000,-4.9152,0.05693595499958182,0.05693595499958182
43,seeqst_binomial_q0.09091,10,mean,1,10,0.0,4.972135954999581,4.972135954999581
43,seeqst_binomial_q0.09091,10,mean,1,30,0.0,4.972135954999581,4.972135954999581
43,seeqst_binomial_q0.09091,10,mean,1,100,-2.593742460411248,2.3783934945883334,2.3783934945883334
43,seeqst_binomial_q0.09091,10,mean,1,300,3.458323280548331,8.430459235547913,8.430459235547913
43,seeqst_binomial_q0.09091,10,mean,1,1000,-2.853116706452374,2.1190192485472075,2.1190192485472075
43,seeqst_binomial_q0.09091,10,mean,1,2000,-4.149987936657998,0.8221480183415837,0.8221480183415837
43,seeqst_binomial_q0.09091,10,mean,1,3000,-4.236446018671707,0.7356899363278746,0.7356899363278746
43,seeqst_binomial_q0.09091,10,mean,1,4000,-5.12264135931221,-0.1505054043126286,0.1505054043126286
43,seeqst_binomial_q0.09091,10,mean,1,5000,-4.928110674781362,0.04402528021821972,0.04402528021821972
43,seeqst_binomial_q0.09091,10,mean,1,6000,-4.539049305719673,0.43308664927990836,0.43308664927990836
43,seeqst_binomial_q0.09091,10,mean,1,7000,-4.816950283620875,0.15518567137870676,0.15518567137870676
43,seeqst_binomial_q0.09091,10,mean,1,8000,-4.9605324555364945,0.01160349946308692,0.01160349946308692
43,seeqst_binomial_q0.09091,10,mean,1,9000,-4.755194510753936,0.216941444245645,0.216941444245645
43,seeqst_binomial_q0.09091,10,mean,1,10000,-4.642799004136116,0.3293369508634658,0.3293369508634658
43,seeqst_binomial_q0.5,10,mean,1,10,0.0,4.972135954999581,4.972135954999581
43,seeqst_binomial_q0.5,10,mean,1,30,0.0,4.972135954999581,4.972135954999581
43,seeqst_binomial_q0.5,10,mean,1,100,0.0,4.972135954999581,4.972135954999581
43,seeqst_binomial_q0.5,10,mean,1,300,-3.4133333333333336,1.5588026216662478,1.5588026216662478
43,seeqst_binomial_q0.5,10,mean,1,1000,-10.24,-5.267864045000419,5.267864045000419
43,seeqst_binomial_q0.5,10,mean,1,2000,-9.216,-4.243864045000418,4.243864045000418
43,seeqst_binomial_q0.5,10,mean,1,3000,-10.922666666666666,-5.950530711667085,5.950530711667085
43,seeqst_binomial_q0.5,10,mean,1,4000,-9.728,-4.755864045000418,4.755864045000418
43,seeqst_binomial_q0.5,10,mean,1,5000,-8.3968,-3.4246640450004193,3.4246640450004193
43,seeqst_binomial_q0.5,10,mean,1,6000,-7.338666666666667,-2.3665307116670853,2.3665307116670853
43,seeqst_binomial_q0.5,10,mean,1,7000,-6.7291428571428575,-1.7570069021432762,1.7570069021432762
43,seeqst_binomial_q0.5,10,mean,1,8000,-6.528,-1.5558640450004182,1.5558640450004182
43,seeqst_binomial_q0.5,10,mean,1,9000,-6.485333333333333,-1.5131973783337518,1.5131973783337518
43,seeqst_binomial_q0.5,10,mean,1,10000,-5.9392,-0.9670640450004182,0.9670640450004182
43,seeqst_binomial_tuned,10,mean,1,10,-14.901161193847653,-9.929025238848071,9.929025238848071
43,seeqst_binomial_tuned,10,mean,1,30,-4.967053731282551,0.005082223717030487,0.005082223717030487
43,seeqst_binomial_tuned,10,mean,1,100,-4.470348358154296,0.5017875968452854,0.5017875968452854
43,seeqst_binomial_tuned,10,mean,1,300,-8.443991343180336,-3.471855388180755,3.471855388180755
43,seeqst_binomial_tuned,10,mean,1,1000,-3.278255462646484,1.6938804923530975,1.6938804923530975
43,seeqst_binomial_tuned,10,mean,1,2000,-5.438923835754394,-0.46678788075481226,0.46678788075481226
43,seeqst_binomial_tuned,10,mean,1,3000,-4.8677126566569004,0.10442329834268094,0.10442329834268094
43,seeqst_binomial_tuned,10,mean,1,4000,-4.656612873077392,0.3155230819221897,0.3155230819221897
43,seeqst_binomial_tuned,10,mean,1,5000,-4.1425228118896475,0.8296131431099338,0.8296131431099338
43,seeqst_binomial_tuned,10,mean,1,6000,-3.9984782536824537,0.9736577013171277,0.9736577013171277
43,seeqst_binomial_tuned,10,mean,1,7000,-4.044600895472935,0.9275350595266465,0.9275350595266465
43,seeqst_binomial_tuned,10,mean,1,8000,-4.265457391738891,0.7066785632606907,0.7066785632606907
43,seeqst_binomial_tuned,10,mean,1,9000,-4.486905203925238,0.48523075107434366,0.48523075107434366
43,seeqst_binomial_tuned,10,mean,1,10000,-4.336237907409667,0.6358980475899143,0.6358980475899143
44,pauli,10,mean,1,10,-0.44999999999999946,4.522135954999582,4.522135954999582
44,pauli,10,mean,1,30,-2.0999999999999996,2.8721359549995817,2.8721359549995817
44,pauli,10,mean,1,100,-3.555,1.4171359549995812,1.4171359549995812
44,pauli,10,mean,1,300,-3.5925,1.3796359549995816,1.3796359549995816
44,pauli,10,mean,1,1000,-3.001500000000002,1.9706359549995796,1.9706359549995796
44,pauli,10,mean,1,2000,-3.9105,1.0616359549995815,1.0616359549995815
44,pauli,10,mean,1,3000,-6.191249999999998,-1.219114045000417,1.219114045000417
44,pauli,10,mean,1,4000,-5.695312499999999,-0.7231765450004177,0.7231765450004177
44,pauli,10,mean,1,5000,-5.812199999999999,-0.8400640450004175,0.8400640450004175
44,pauli,10,mean,1,6000,-5.184,-0.21186404500041878,0.21186404500041878
44,pauli,10,mean,1,7000,-5.706,-0.733864045000419,0.733864045000419
44,pauli,10,mean,1,8000,-5.5456875,-0.5735515450004183,0.5735515450004183
44,pauli,10,mean,1,9000,-5.73775,-0.7656140450004187,0.7656140450004187
44,pauli,10,mean,1,10000,-5.479875,-0.5077390450004184,0.5077390450004184
44,clifford,10,mean,1,10,2.842170943040401e-14,4.97213595499961,4.97213595499961
44,clifford,10,mean,1,30,8.86092537711674e-15,4.97213595499959,4.97213595499959
44,clifford,10,mean,1,100,-7.687499999999987,-2.7153640450004053,2.7153640450004053
44,clifford,10,mean,1,300,-1.70833333333333,3.2638026216662515,3.2638026216662515
44,clifford,10,mean,1,1000,-5.124999999999996,-0.15286404500041417,0.15286404500041417
44,clifford,10,mean,1,2000,-5.765624999999995,-0.7934890450004133,0.7934890450004133
44,clifford,10,mean,1,3000,-5.1249999999999964,-0.15286404500041506,0.15286404500041506
44,clifford,10,mean,1,4000,-6.726562499999997,-1.754426545000416,1.754426545000416
44,clifford,10,mean,1,5000,-5.893749999999998,-0.9216140450004167,0.9216140450004167
44,clifford,10,mean,1,6000,-5.979166666666664,-1.007030711667083,1.007030711667083
44,clifford,10,mean,1,7000,-5.454464285714284,-0.4823283307147026,0.4823283307147026
44,clifford,10,mean,1,8000,-4.260156249999998,0.7119797049995835,0.7119797049995835
44,clifford,10,mean,1,9000,-4.954166666666665,0.017969288332916555,0.017969288332916555
44,clifford,10,mean,1,10000,-4.6637499999999985,0.3083859549995829,0.3083859549995829
44,seeqst_uniform,10,mean,1,10,0.0,4.972135954999581,4.972135954999581
44,seeqst_uniform,10,mean,1,30,0.0,4.972135954999581,4.972135954999581
44,seeqst_uniform,10,mean,1,100,-10.24,-5.267864045000419,5.267864045000419
44,seeqst_uniform,10,mean,1,300,-6.826666666666667,-1.8545307116670857,1.8545307116670857
44,seeqst_uniform,10,mean,1,1000,-7.168,-2.1958640450004188,2.1958640450004188
44,seeqst_uniform,10,mean,1,2000,-7.168,-2.1958640450004188,2.1958640450004188
44,seeqst_uniform,10,mean,1,3000,-4.778666666666667,0.19346928833291432,0.19346928833291432
44,seeqst_uniform,10,mean,1,4000,-2.56,2.4121359549995813,2.4121359549995813
44,seeqst_uniform,10,mean,1,5000,-3.2768,1.6953359549995812,1.6953359549995812
44,seeqst_uniform,10,mean,1,6000,-3.4133333333333336,1.5588026216662478,1.5588026216662478
44,seeqst_uniform,10,mean,1,7000,-3.072,1.9001359549995813,1.9001359549995813
44,seeqst_uniform,10,mean,1,8000,-3.2,1.7721359549995812,1.7721359549995812
44,seeqst_uniform,10,mean,1,9000,-3.527111111111111,1.4450248438884703,1.4450248438884703
44,seeqst_uniform,10,mean,1,10000,-3.8912,1.0809359549995814,1.0809359549995814
44,seeqst_binomial_q0.09091,10,mean,1,10,0.0,4.972135954999581,4.972135954999581
44,seeqst_binomial_q0.09091,10,mean,1,30,0.0,4.972135954999581,4.972135954999581
44,seeqst_binomial_q0.09091,10,mean,1,100,0.0,4.972135954999581,4.972135954999581
44,seeqst_binomial_q0.09091,10,mean,1,300,-8.64580820137083,-3.6736722463712486,3.6736722463712486
44,seeqst_binomial_q0.09091,10,mean,1,1000,-4.149987936657998,0.8221480183415837,0.8221480183415837
44,seeqst_binomial_q0.09091,10,mean,1,2000,-4.409362182699123,0.5627737723004582,0.5627737723004582
44,seeqst_binomial_q0.09091,10,mean,1,3000,-5.187484920822498,-0.2153489658229164,0.2153489658229164
44,seeqst_binomial_q0.09091,10,mean,1,4000,-5.187484920822491,-0.2153489658229093,0.2153489658229093
44,seeqst_binomial_q0.09091,10,mean,1,5000,-5.394984317655384,-0.4228483626558024,0.4228483626558024
44,seeqst_binomial_q0.09091,10,mean,1,6000,-5.360401084849897,-0.3882651298503159,0.3882651298503159
44,seeqst_binomial_q0.09091,10,mean,1,7000,-6.002661122666009,-1.0305251676664273,1.0305251676664273
44,seeqst_binomial_q0.09091,10,mean,1,8000,-5.933185878190706,-0.9610499231911245,0.9610499231911245
44,seeqst_binomial_q0.09091,10,mean,1,9000,-5.879149576932137,-0.9070136219325553,0.9070136219325553
44,seeqst_binomial_q0.09091,10,mean,1,10000,-5.991545083549956,-1.0194091285503744,1.0194091285503744
44,seeqst_binomial_q0.5,10,mean,1,10,0.0,4.972135954999581,4.972135954999581
44,seeqst_binomial_q0.5,10,mean,1,30,-34.13333333333333,-29.161197378333753,29.161197378333753
44,seeqst_binomial_q0.5,10,mean,1,100,-20.48,-15.507864045000419,15.507864045000419
44,seeqst_binomial_q0.5,10,mean,1,300,-6.826666666666667,-1.8545307116670857,1.8545307116670857
44,seeqst_binomial_q0.5,10,mean,1,1000,-6.144,-1.1718640450004187,1.1718640450004187
44,seeqst_binomial_q0.5,10,mean,1,2000,-3.584,1.3881359549995813,1.3881359549995813
44,seeqst_binomial_q0.5,10,mean,1,3000,-3.7546666666666666,1.2174692883329148,1.2174692883329148
44,seeqst_binomial_q0.5,10,mean,1,4000,-4.608,0.36413595499958173,0.36413595499958173
44,seeqst_binomial_q0.5,10,mean,1,5000,-3.6864,1.2857359549995815,1.2857359549995815
44,seeqst_binomial_q0.5,10,mean,1,6000,-3.4133333333333336,1.5588026216662478,1.5588026216662478
44,seeqst_binomial_q0.5,10,mean,1,7000,-2.9257142857142857,2.0464216692852957,2.0464216692852957
44,seeqst_binomial_q0.5,10,mean,1,8000,-3.712,1.2601359549995812,1.2601359549995812
44,seeqst_binomial_q0.5,10,mean,1,9000,-3.982222222222222,0.9899137327773593,0.9899137327773593
44,seeqst_binomial_q0.5,10,mean,1,10000,-4.3008,0.6713359549995817,0.6713359549995817
44,seeqst_binomial_tuned,10,mean,1,10,0.0,4.972135954999581,4.972135954999581
44,seeqst_binomial_tuned,10,mean,1,30,-4.967053731282551,0.005082223717030487,0.005082223717030487
44,seeqst_binomial_tuned,10,mean,1,100,-7.450580596923827,-2.478444641924246,2.478444641924246
44,seeqst_binomial_tuned,10,mean,1,300,-6.953875223795571,-1.98173926879599,1.98173926879599
44,seeqst_binomial_tuned,10,mean,1,1000,-6.109476089477538,-1.1373401344779568,1.1373401344779568
44,seeqst_binomial_tuned,10,mean,1,2000,-5.885958671569823,-0.9138227165702419,0.9138227165702419
44,seeqst_binomial_tuned,10,mean,1,3000,-5.116065343221028,-0.14392938822144696,0.14392938822144696
44,seeqst_binomial_tuned,10,mean,1,4000,-4.6193599700927725,0.35277598490680884,0.35277598490680884
44,seeqst_binomial_tuned,10,mean,1,5000,-4.649162292480468,0.3229736625191135,0.3229736625191135
44,seeqst_binomial_tuned,10,mean,1,6000,-4.991888999938964,-0.01975304493938257,0.01975304493938257
44,seeqst_binomial_tuned,10,mean,1,7000,-4.959957940237862,0.012178014761719425,0.012178014761719425
44,seeqst_binomial_tuned,10,mean,1,8000,-4.656612873077392,0.3155230819221897,0.3155230819221897
44,seeqst_binomial_tuned,10,mean,1,9000,-4.933940039740667,0.03819591525891397,0.03819591525891397
44,seeqst_binomial_tuned,10,mean,1,10000,-5.1856040954589835,-0.2134681404594021,0.2134681404594021
45,pauli,10,mean,1,10,2.925,7.897135954999581,7.897135954999581
45,pauli,10,mean,1,30,-1.0499999999999985,3.922135954999583,3.922135954999583
45,pauli,10,mean,1,100,-3.172499999999999,1.7996359549995824,1.7996359549995824
45,pauli,10,mean,1,300,-11.392499999999995,-6.420364045000413,6.420364045000413
45,pauli,10,mean,1,1000,-7.456499999999998,-2.484364045000417,2.484364045000417
45,pauli,10,mean,1,2000,-5.082749999999999,-0.1106140450004176,0.1106140450004176
45,pauli,10,mean,1,3000,-4.756499999999999,0.21563595499958232,0.21563595499958232
45,pauli,10,mean,1,4000,-4.7902499999999995,0.18188595499958193,0.18188595499958193
45,pauli,10,mean,1,5000,-4.999499999999999,-0.027364045000418002,0.027364045000418002
45,pauli,10,mean,1,6000,-5.1209999999999996,-0.14886404500041817,0.14886404500041817
45,pauli,10,mean,1,7000,-4.931357142857141,0.040778812142439946,0.040778812142439946
45,pauli,10,mean,1,8000,-4.687593749999999,0.2845422049995827,0.2845422049995827
45,pauli,10,mean,1,9000,-3.979249999999999,0.9928859549995823,0.9928859549995823
45,pauli,10,mean,1,10000,-4.131225,0.8409109549995817,0.8409109549995817
45,clifford,10,mean,1,10,-51.24999999999992,-46.27786404500034,46.27786404500034
45,clifford,10,mean,1,30,-17.083333333333297,-12.111197378333715,12.111197378333715
45,clifford,10,mean,1,100,-10.249999999999975,-5.277864045000394,5.277864045000394
45,clifford,10,mean,1,300,-6.833333333333318,-1.8611973783337366,1.8611973783337366
45,clifford,10,mean,1,1000,-6.662499999999985,-1.690364045000404,1.690364045000404
45,clifford,10,mean,1,2000,-4.228124999999989,0.7440109549995926,0.7440109549995926
45,clifford,10,mean,1,3000,-3.5874999999999915,1.38463595499959,1.38463595499959
45,clifford,10,mean,1,4000,-4.4203124999999925,0.5518234549995888,0.5518234549995888
45,clifford,10,mean,1,5000,-4.151249999999994,0.8208859549995875,0.8208859549995875
45,clifford,10,mean,1,6000,-4.569791666666662,0.4023442883329196,0.4023442883329196
45,clifford,10,mean,1,7000,-4.868749999999996,0.10338595499958547,0.10338595499958547
45,clifford,10,mean,1,8000,-5.092968749999996,-0.12083279500041488,0.12083279500041488
45,clifford,10,mean,1,9000,-4.754861111111108,0.2172748438884735,0.2172748438884735
45,clifford,10,mean,1,10000,-4.868749999999997,0.10338595499958458,0.10338595499958458
45,seeqst_uniform,10,mean,1,10,0.0,4.972135954999581,4.972135954999581
45,seeqst_uniform,10,mean,1,30,0.0,4.972135954999581,4.972135954999581
45,seeqst_uniform,10,mean,1,100,-10.24,-5.267864045000419,5.267864045000419
45,seeqst_uniform,10,mean,1,300,3.4133333333333336,8.385469288332915,8.385469288332915
45,seeqst_uniform,10,mean,1,1000,-1.024,3.9481359549995814,3.9481359549995814
45,seeqst_uniform,10,mean,1,2000,-4.608,0.36413595499958173,0.36413595499958173
45,seeqst_uniform,10,mean,1,3000,-7.168,-2.1958640450004188,2.1958640450004188
45,seeqst_uniform,10,mean,1,4000,-7.68,-2.7078640450004183,2.7078640450004183
45,seeqst_uniform,10,mean,1,5000,-6.144,-1.1718640450004187,1.1718640450004187
45,seeqst_uniform,10,mean,1,6000,-5.973333333333334,-1.0011973783337522,1.0011973783337522
45,seeqst_uniform,10,mean,1,7000,-5.851428571428571,-0.87929261642899,0.87929261642899
45,seeqst_uniform,10,mean,1,8000,-5.888,-0.9158640450004185,0.9158640450004185
45,seeqst_uniform,10,mean,1,9000,-5.233777777777778,-0.2616418227781967,0.2616418227781967
45,seeqst_uniform,10,mean,1,10000,-5.7344,-0.7622640450004186,0.7622640450004186
45,seeqst_binomial_q0.09091,10,mean,1,10,0.0,4.972135954999581,4.972135954999581
45,seeqst_binomial_q0.09091,10,mean,1,30,17.291616402741656,22.26375235774124,22.26375235774124
45,seeqst_binomial_q0.09091,10,mean,1,100,5.187484920822496,10.159620875822078,10.159620875822078
45,seeqst_binomial_q0.09091,10,mean,1,300,-6.052065740959581,-1.0799297859599992,1.0799297859599992
45,seeqst_binomial_q0.09091,10,mean,1,1000,-5.706233412904748,-0.7340974579051665,0.7340974579051665
45,seeqst_binomial_q0.09091,10,mean,1,2000,-6.095294781966435,-1.1231588269668533,1.1231588269668533
45,seeqst_binomial_q0.09091,10,mean,1,3000,-5.965607658945869,-0.9934717039462875,0.9934717039462875
45,seeqst_binomial_q0.09091,10,mean,1,4000,-5.706233412904736,-0.7340974579051549,0.7340974579051549
45,seeqst_binomial_q0.09091,10,mean,1,5000,-5.861857960529405,-0.8897220055298236,0.8897220055298236
45,seeqst_binomial_q0.09091,10,mean,1,6000,-5.83592053592529,-0.8637845809257083,0.8637845809257083
45,seeqst_binomial_q0.09091,10,mean,1,7000,-5.483912630583762,-0.5117766755841808,0.5117766755841808
45,seeqst_binomial_q0.09091,10,mean,1,8000,-5.252328482332758,-0.2801925273331767,0.2801925273331767
45,seeqst_binomial_q0.09091,10,mean,1,9000,-5.043388117466296,-0.07125216246671418,0.07125216246671418
45,seeqst_binomial_q0.09091,10,mean,1,10000,-5.2134223454265864,-0.24128639042700506,0.24128639042700506
45,seeqst_binomial_q0.5,10,mean,1,10,0.0,4.972135954999581,4.972135954999581
45,seeqst_binomial_q0.5,10,mean,1,30,0.0,4.972135954999581,4.972135954999581
45,seeqst_binomial_q0.5,10,mean,1,100,0.0,4.972135954999581,4.972135954999581
45,seeqst_binomial_q0.5,10,mean,1,300,-3.4133333333333336,1.5588026216662478,1.5588026216662478
45,seeqst_binomial_q0.5,10,mean,1,1000,-2.048,2.9241359549995813,2.9241359549995813
45,seeqst_binomial_q0.5,10,mean,1,2000,-3.584,1.3881359549995813,1.3881359549995813
45,seeqst_binomial_q0.5,10,mean,1,3000,-4.437333333333333,0.5348026216662483,0.5348026216662483
45,seeqst_binomial_q0.5,10,mean,1,4000,-4.352,0.6201359549995811,0.6201359549995811
45,seeqst_binomial_q0.5,10,mean,1,5000,-4.5056,0.4665359549995811,0.4665359549995811
45,seeqst_binomial_q0.5,10,mean,1,6000,-4.096,0.8761359549995813,0.8761359549995813
45,seeqst_binomial_q0.5,10,mean,1,7000,-4.534857142857143,0.4372788121424387,0.4372788121424387
45,seeqst_binomial_q0.5,10,mean,1,8000,-3.84,1.1321359549995815,1.1321359549995815
45,seeqst_binomial_q0.5,10,mean,1,9000,-4.096,0.8761359549995813,0.8761359549995813
45,seeqst_binomial_q0.5,10,mean,1,10000,-3.9936,0.9785359549995816,0.9785359549995816
45,seeqst_binomial_tuned,10,mean,1,10,-14.901161193847653,-9.929025238848071,9.929025238848071
45,seeqst_binomial_tuned,10,mean,1,30,-4.967053731282551,0.005082223717030487,0.005082223717030487
45,seeqst_binomial_tuned,10,mean,1,100,-4.470348358154296,0.5017875968452854,0.5017875968452854
45,seeqst_binomial_tuned,10,mean,1,300,-6.4571698506673165,-1.4850338956677351,1.4850338956677351
45,seeqst_binomial_tuned,10,mean,1,1000,-4.172325134277343,0.7998108207222385,0.7998108207222385
45,seeqst_binomial_tuned,10,mean,1,2000,-4.768371582031249,0.20376437296833227,0.20376437296833227
45,seeqst_binomial_tuned,10,mean,1,3000,-5.016724268595377,-0.044588313595795626,0.044588313595795626
45,seeqst_binomial_tuned,10,mean,1,4000,-5.103647708892821,-0.13151175389324,0.13151175389324
45,seeqst_binomial_tuned,10,mean,1,5000,-5.1856040954589835,-0.2134681404594021,0.2134681404594021
45,seeqst_binomial_tuned,10,mean,1,6000,-5.190571149190267,-0.21843519419068524,0.21843519419068524
45,seeqst_binomial_tuned,10,mean,1,7000,-5.19411904471261,-0.22198308971302882,0.22198308971302882
45,seeqst_binomial_tuned,10,mean,1,8000,-5.2712857723236075,-0.2991498173240261,0.2991498173240261
45,seeqst_binomial_tuned,10,mean,1,9000,-5.281633800930447,-0.30949784593086527,0.30949784593086527
45,seeqst_binomial_tuned,10,mean,1,10000,-5.2303075790405265,-0.25817162404094507,0.25817162404094507
46,pauli,10,mean,1,10,-5.625000000000001,-0.6528640450004195,0.6528640450004195
46,pauli,10,mean,1,30,-15.599999999999993,-10.627864045000411,10.627864045000411
46,pauli,10,mean,1,100,-7.447499999999996,-2.475364045000415,2.475364045000415
46,pauli,10,mean,1,300,-5.302499999999998,-0.33036404500041705,0.33036404500041705
46,pauli,10,mean,1,1000,-5.885999999999998,-0.913864045000417,0.913864045000417
46,pauli,10,mean,1,2000,-6.953624999999999,-1.9814890450004174,1.9814890450004174
46,pauli,10,mean,1,3000,-5.849999999999999,-0.8778640450004174,0.8778640450004174
46,pauli,10,mean,1,4000,-5.952937499999999,-0.9808015450004177,0.9808015450004177
46,pauli,10,mean,1,5000,-6.625799999999998,-1.6536640450004167,1.6536640450004167
46,pauli,10,mean,1,6000,-6.4053749999999985,-1.433239045000417,1.433239045000417
46,pauli,10,mean,1,7000,-6.209035714285713,-1.236899759286132,1.236899759286132
46,pauli,10,mean,1,8000,-6.134906249999999,-1.162770295000418,1.162770295000418
46,pauli,10,mean,1,9000,-6.509249999999999,-1.5371140450004175,1.5371140450004175
46,pauli,10,mean,1,10000,-6.349724999999999,-1.377589045000418,1.377589045000418
46,clifford,10,mean,1,10,-51.249999999999844,-46.277864045000264,46.277864045000264
46,clifford,10,mean,1,30,-8.541666666666627,-3.5695307116670456,3.5695307116670456
46,clifford,10,mean,1,100,-10.249999999999968,-5.277864045000387,5.277864045000387
46,clifford,10,mean,1,300,-2.5624999999999867,2.4096359549995947,2.4096359549995947
46,clifford,10,mean,1,1000,-3.843749999999992,1.1283859549995894,1.1283859549995894
46,clifford,10,mean,1,2000,-4.356249999999993,0.6158859549995883,0.6158859549995883
46,clifford,10,mean,1,3000,-5.0395833333333275,-0.06744737833374614,0.06744737833374614
46,clifford,10,mean,1,4000,-4.868749999999997,0.10338595499958458,0.10338595499958458
46,clifford,10,mean,1,5000,-5.073749999999997,-0.10161404500041549,0.10161404500041549
46,clifford,10,mean,1,6000,-5.979166666666664,-1.007030711667083,1.007030711667083
46,clifford,10,mean,1,7000,-5.344642857142855,-0.3725069021432734,0.3725069021432734
46,clifford,10,mean,1,8000,-5.765624999999998,-0.7934890450004168,0.7934890450004168
46,clifford,10,mean,1,9000,-6.235416666666665,-1.2632807116670834,1.2632807116670834
46,clifford,10,mean,1,10000,-5.816874999999999,-0.8447390450004173,0.8447390450004173
46,seeqst_uniform,10,mean,1,10,0.0,4.972135954999581,4.972135954999581
46,seeqst_uniform,10,mean,1,30,0.0,4.972135954999581,4.972135954999581
46,seeqst_uniform,10,mean,1,100,10.24,15.212135954999582,15.212135954999582
46,seeqst_uniform,10,mean,1,300,0.0,4.972135954999581,4.972135954999581
46,seeqst_uniform,10,mean,1,1000,-3.072,1.9001359549995813,1.9001359549995813
46,seeqst_uniform,10,mean,1,2000,-8.704,-3.7318640450004192,3.7318640450004192
46,seeqst_uniform,10,mean,1,3000,-6.144,-1.1718640450004187,1.1718640450004187
46,seeqst_uniform,10,mean,1,4000,-6.4,-1.427864045000419,1.427864045000419
46,seeqst_uniform,10,mean,1,5000,-6.9632,-1.9910640450004182,1.9910640450004182
46,seeqst_uniform,10,mean,1,6000,-6.656,-1.6838640450004183,1.6838640450004183
46,seeqst_uniform,10,mean,1,7000,-6.7291428571428575,-1.7570069021432762,1.7570069021432762
46,seeqst_uniform,10,mean,1,8000,-6.016,-1.0438640450004186,1.0438640450004186
46,seeqst_uniform,10,mean,1,9000,-6.030222222222222,-1.0580862672226408,1.0580862672226408
46,seeqst_uniform,10,mean,1,10000,-6.4512,-1.4790640450004187,1.4790640450004187
46,seeqst_binomial_q0.09091,10,mean,1,10,0.0,4.972135954999581,4.972135954999581
46,seeqst_binomial_q0.09091,10,mean,1,30,-17.291616402741656,-12.319480447742075,12.319480447742075
46,seeqst_binomial_q0.09091,10,mean,1,100,-10.374969841644992,-5.402833886645411,5.402833886645411
46,seeqst_binomial_q0.09091,10,mean,1,300,-9.510389021507912,-4.5382530665083305,4.5382530665083305
46,seeqst_binomial_q0.09091,10,mean,1,1000,-6.743730397069247,-1.7715944420696657,1.7715944420696657
46,seeqst_binomial_q0.09091,10,mean,1,2000,-7.132791766130935,-2.1606558111313534,2.1606558111313534
46,seeqst_binomial_q0.09091,10,mean,1,3000,-6.484356151028115,-1.512220196028534,1.512220196028534
46,seeqst_binomial_q0.09091,10,mean,1,4000,-6.160138343476702,-1.1880023884771207,1.1880023884771207
46,seeqst_binomial_q0.09091,10,mean,1,5000,-5.4987340160718325,-0.5265980610722512,0.5265980610722512
46,seeqst_binomial_q0.09091,10,mean,1,6000,-5.0577977978019195,-0.08566184280233813,0.08566184280233813
46,seeqst_binomial_q0.09091,10,mean,1,7000,-4.372308718978949,0.5998272360206327,0.5998272360206327
46,seeqst_binomial_q0.09091,10,mean,1,8000,-4.441783963454248,0.5303519915453334,0.5303519915453334
46,seeqst_binomial_q0.09091,10,mean,1,9000,-4.726375150082701,0.24576080491688046,0.24576080491688046
46,seeqst_binomial_q0.09091,10,mean,1,10000,-4.876235825573127,0.09590012942645476,0.09590012942645476
46,seeqst_binomial_q0.5,10,mean,1,10,-102.4,-97.42786404500042,97.42786404500042
46,seeqst_binomial_q0.5,10,mean,1,30,-34.13333333333333,-29.161197378333753,29.161197378333753
46,seeqst_binomial_q0.5,10,mean,1,100,-30.72,-25.74786404500042,25.74786404500042
46,seeqst_binomial_q0.5,10,mean,1,300,-13.653333333333334,-8.681197378333753,8.681197378333753
46,seeqst_binomial_q0.5,10,mean,1,1000,-6.144,-1.1718640450004187,1.1718640450004187
46,seeqst_binomial_q0.5,10,mean,1,2000,-5.632,-0.6598640450004183,0.6598640450004183
46,seeqst_binomial_q0.5,10,mean,1,3000,-5.461333333333333,-0.48919737833375176,0.48919737833375176
46,seeqst_binomial_q0.5,10,mean,1,4000,-5.888,-0.9158640450004185,0.9158640450004185
46,seeqst_binomial_q0.5,10,mean,1,5000,-7.3728,-2.4006640450004184,2.4006640450004184
46,seeqst_binomial_q0.5,10,mean,1,6000,-6.826666666666667,-1.8545307116670857,1.8545307116670857
46,seeqst_binomial_q0.5,10,mean,1,7000,-6.290285714285714,-1.3181497592861326,1.3181497592861326
46,seeqst_binomial_q0.5,10,mean,1,8000,-5.888,-0.9158640450004185,0.9158640450004185
46,seeqst_binomial_q0.5,10,mean,1,9000,-5.575111111111111,-0.6029751561115297,0.6029751561115297
46,seeqst_binomial_q0.5,10,mean,1,10000,-5.12,-0.14786404500041872,0.14786404500041872
46,seeqst_binomial_tuned,10,mean,1,10,-14.901161193847653,-9.929025238848071,9.929025238848071
46,seeqst_binomial_tuned,10,mean,1,30,-4.967053731282551,0.005082223717030487,0.005082223717030487
46,seeqst_binomial_tuned,10,mean,1,100,-5.960464477539062,-0.9883285225394802,0.9883285225394802
46,seeqst_binomial_tuned,10,mean,1,300,-2.4835268656412754,2.488609089358306,2.488609089358306
46,seeqst_binomial_tuned,10,mean,1,1000,-2.533197402954101,2.4389385520454803,2.4389385520454803
46,seeqst_binomial_tuned,10,mean,1,2000,-4.023313522338866,0.9488224326607151,0.9488224326607151
46,seeqst_binomial_tuned,10,mean,1,3000,-4.122654596964518,0.8494813580350637,0.8494813580350637
46,seeqst_binomial_tuned,10,mean,1,4000,-4.544854164123534,0.4272817908760471,0.4272817908760471
46,seeqst_binomial_tuned,10,mean,1,5000,-4.857778549194335,0.11435740580524634,0.11435740580524634
46,seeqst_binomial_tuned,10,mean,1,6000,-5.066394805908202,-0.09425885090862085,0.09425885090862085
46,seeqst_binomial_tuned,10,mean,1,7000,-5.279268537248883,-0.3071325822493014,0.3071325822493014
46,seeqst_binomial_tuned,10,mean,1,8000,-4.954636096954345,0.01749985804523657,0.01749985804523657
46,seeqst_binomial_tuned,10,mean,1,9000,-4.801485273573133,0.1706506814264488,0.1706506814264488
46,seeqst_binomial_tuned,10,mean,1,10000,-4.798173904418944,0.17396205058063696,0.17396205058063696
47,pauli,10,mean,1,10,10.12499999999999,15.09713595499957,15.09713595499957
47,pauli,10,mean,1,30,-0.15000000000000352,4.8221359549995775,4.8221359549995775
47,pauli,10,mean,1,100,-3.2625,1.7096359549995812,1.7096359549995812
47,pauli,10,mean,1,300,-2.445,2.5271359549995815,2.5271359549995815
47,pauli,10,mean,1,1000,-16.692749999999993,-11.720614045000412,11.720614045000412
47,pauli,10,mean,1,2000,-9.938249999999996,-4.966114045000415,4.966114045000415
47,pauli,10,mean,1,3000,-8.443499999999998,-3.471364045000417,3.471364045000417
47,pauli,10,mean,1,4000,-6.797812499999998,-1.8256765450004169,1.8256765450004169
47,pauli,10,mean,1,5000,-7.347599999999998,-2.3754640450004167,2.3754640450004167
47,pauli,10,mean,1,6000,-7.194374999999999,-2.2222390450004177,2.2222390450004177
47,pauli,10,mean,1,7000,-8.858249999999998,-3.886114045000417,3.886114045000417
47,pauli,10,mean,1,8000,-7.774031249999998,-2.801895295000417,2.801895295000417
47,pauli,10,mean,1,9000,-8.655249999999997,-3.6831140450004156,3.6831140450004156
47,pauli,10,mean,1,10000,-8.349974999999997,-3.3778390450004157,3.3778390450004157
47,clifford,10,mean,1,10,-25.624999999999925,-20.652864045000342,20.652864045000342
47,clifford,10,mean,1,30,-8.541666666666629,-3.5695307116670474,3.5695307116670474
47,clifford,10,mean,1,100,-23.062499999999947,-18.090364045000364,18.090364045000364
47,clifford,10,mean,1,300,-15.374999999999964,-10.402864045000383,10.402864045000383
47,clifford,10,mean,1,1000,-10.249999999999975,-5.277864045000394,5.277864045000394
47,clifford,10,mean,1,2000,-6.278124999999987,-1.3059890450004055,1.3059890450004055
47,clifford,10,mean,1,3000,-5.808333333333325,-0.8361973783337433,0.8361973783337433
47,clifford,10,mean,1,4000,-6.406249999999993,-1.4341140450004115,1.4341140450004115
47,clifford,10,mean,1,5000,-5.483749999999994,-0.511614045000413,0.511614045000413
47,clifford,10,mean,1,6000,-5.423958333333329,-0.4518223783337474,0.4518223783337474
47,clifford,10,mean,1,7000,-5.674107142857139,-0.7019711878575574,0.7019711878575574
47,clifford,10,mean,1,8000,-5.4453124999999964,-0.47317654500041506,0.47317654500041506
47,clifford,10,mean,1,9000,-5.55208333333333,-0.579947378333749,0.579947378333749
47,clifford,10,mean,1,10000,-5.201874999999997,-0.2297390450004153,0.2297390450004153
47,seeqst_uniform,10,mean,1,10,0.0,4.972135954999581,4.972135954999581
47,seeqst_uniform,10,mean,1,30,0.0,4.972135954999581,4.972135954999581
47,seeqst_uniform,10,mean,1,100,-10.24,-5.267864045000419,5.267864045000419
47,seeqst_uniform,10,mean,1,300,-17.066666666666666,-12.094530711667085,12.094530711667085
47,seeqst_uniform,10,mean,1,1000,-6.144,-1.1718640450004187,1.1718640450004187
47,seeqst_uniform,10,mean,1,2000,-2.048,2.9241359549995813,2.9241359549995813
47,seeqst_uniform,10,mean,1,3000,-1.024,3.9481359549995814,3.9481359549995814
47,seeqst_uniform,10,mean,1,4000,-1.024,3.9481359549995814,3.9481359549995814
47,seeqst_uniform,10,mean,1,5000,-2.2528,2.7193359549995813,2.7193359549995813
47,seeqst_uniform,10,mean,1,6000,-3.4133333333333336,1.5588026216662478,1.5588026216662478
47,seeqst_uniform,10,mean,1,7000,-4.242285714285714,0.7298502407138674,0.7298502407138674
47,seeqst_uniform,10,mean,1,8000,-4.224,0.7481359549995812,0.7481359549995812
47,seeqst_uniform,10,mean,1,9000,-4.209777777777778,0.7623581772218033,0.7623581772218033
47,seeqst_uniform,10,mean,1,10000,-3.9936,0.9785359549995816,0.9785359549995816
47,seeqst_binomial_q0.09091,10,mean,1,10,-25.937424604112483,-20.9652886491129,20.9652886491129
47,seeqst_binomial_q0.09091,10,mean,1,30,-17.291616402741656,-12.319480447742075,12.319480447742075
47,seeqst_binomial_q0.09091,10,mean,1,100,-12.968712302056241,-7.99657634705666,7.99657634705666
47,seeqst_binomial_q0.09091,10,mean,1,300,-6.052065740959581,-1.0799297859599992,1.0799297859599992
47,seeqst_binomial_q0.09091,10,mean,1,1000,-5.187484920822498,-0.2153489658229164,0.2153489658229164
47,seeqst_binomial_q0.09091,10,mean,1,2000,-4.409362182699123,0.5627737723004582,0.5627737723004582
47,seeqst_binomial_q0.09091,10,mean,1,3000,-5.273943002836206,-0.3018070478366246,0.3018070478366246
47,seeqst_binomial_q0.09091,10,mean,1,4000,-5.835920535925299,-0.8637845809257172,0.8637845809257172
47,seeqst_binomial_q0.09091,10,mean,1,5000,-5.758108262112955,-0.785972307113374,0.785972307113374
47,seeqst_binomial_q0.09091,10,mean,1,6000,-5.533317248877313,-0.5611812938777314,0.5611812938777314
47,seeqst_binomial_q0.09091,10,mean,1,7000,-5.2615918482628,-0.2894558932632183,0.2894558932632183
47,seeqst_binomial_q0.09091,10,mean,1,8000,-5.1874849208224765,-0.2153489658228951,0.2153489658228951
47,seeqst_binomial_q0.09091,10,mean,1,9000,-5.245123642164947,-0.27298768716536603,0.27298768716536603
47,seeqst_binomial_q0.09091,10,mean,1,10000,-5.083735222406025,-0.11159926740644366,0.11159926740644366
47,seeqst_binomial_q0.5,10,mean,1,10,0.0,4.972135954999581,4.972135954999581
47,seeqst_binomial_q0.5,10,mean,1,30,-34.13333333333333,-29.161197378333753,29.161197378333753
47,seeqst_binomial_q0.5,10,mean,1,100,-10.24,-5.267864045000419,5.267864045000419
47,seeqst_binomial_q0.5,10,mean,1,300,-3.4133333333333336,1.5588026216662478,1.5588026216662478
47,seeqst_binomial_q0.5,10,mean,1,1000,-7.168,-2.1958640450004188,2.1958640450004188
47,seeqst_binomial_q0.5,10,mean,1,2000,-2.56,2.4121359549995813,2.4121359549995813
47,seeqst_binomial_q0.5,10,mean,1,3000,-4.778666666666667,0.19346928833291432,0.19346928833291432
47,seeqst_binomial_q0.5,10,mean,1,4000,-5.12,-0.14786404500041872,0.14786404500041872
47,seeqst_binomial_q0.5,10,mean,1,5000,-4.7104,0.26173595499958147,0.26173595499958147
47,seeqst_binomial_q0.5,10,mean,1,6000,-4.096,0.8761359549995813,0.8761359549995813
47,seeqst_binomial_q0.5,10,mean,1,7000,-3.657142857142857,1.3149930978567244,1.3149930978567244
47,seeqst_binomial_q0.5,10,mean,1,8000,-4.352,0.6201359549995811,0.6201359549995811
47,seeqst_binomial_q0.5,10,mean,1,9000,-3.982222222222222,0.9899137327773593,0.9899137327773593
47,seeqst_binomial_q0.5,10,mean,1,10000,-4.3008,0.6713359549995817,0.6713359549995817
47,seeqst_binomial_tuned,10,mean,1,10,-14.901161193847653,-9.929025238848071,9.929025238848071
47,seeqst_binomial_tuned,10,mean,1,30,4.967053731282551,9.939189686282132,9.939189686282132
47,seeqst_binomial_tuned,10,mean,1,100,4.470348358154296,9.442484313153876,9.442484313153876
47,seeqst_binomial_tuned,10,mean,1,300,-5.9604644775390625,-0.9883285225394811,0.9883285225394811
47,seeqst_binomial_tuned,10,mean,1,1000,-5.364418029785156,-0.39228207478557486,0.39228207478557486
47,seeqst_binomial_tuned,10,mean,1,2000,-5.513429641723633,-0.5412936867240514,0.5412936867240514
47,seeqst_binomial_tuned,10,mean,1,3000,-5.811452865600586,-0.8393169106010046,0.8393169106010046
47,seeqst_binomial_tuned,10,mean,1,4000,-5.923211574554443,-0.951075619554862,0.951075619554862
47,seeqst_binomial_tuned,10,mean,1,5000,-5.871057510375977,-0.8989215553763952,0.8989215553763952
47,seeqst_binomial_tuned,10,mean,1,6000,-5.836288134256999,-0.8641521792574176,0.8641521792574176
47,seeqst_binomial_tuned,10,mean,1,7000,-5.790165492466518,-0.8180295374669369,0.8180295374669369
47,seeqst_binomial_tuned,10,mean,1,8000,-5.62518835067749,-0.6530523956779088,0.6530523956779088
47,seeqst_binomial_tuned,10,mean,1,9000,-5.563100179036458,-0.5909642240368767,0.5909642240368767
47,seeqst_binomial_tuned,10,mean,1,10000,-5.498528480529785,-0.5263925255302038,0.5263925255302038
48,pauli,10,mean,1,10,-1.1249999999999978,3.8471359549995836,3.8471359549995836
48,pauli,10,mean,1,30,3.749999999999996,8.722135954999578,8.722135954999578
48,pauli,10,mean,1,100,0.8549999999999978,5.827135954999579,5.827135954999579
48,pauli,10,mean,1,300,-0.547500000000001,4.42463595499958,4.42463595499958
48,pauli,10,mean,1,1000,2.958749999999997,7.930885954999578,7.930885954999578
48,pauli,10,mean,1,2000,-0.8100000000000016,4.16213595499958,4.16213595499958
48,pauli,10,mean,1,3000,-1.4512500000000013,3.52088595499958,3.52088595499958
48,pauli,10,mean,1,4000,0.6294374999999978,5.6015734549995795,5.6015734549995795
48,pauli,10,mean,1,5000,-0.3289500000000017,4.64318595499958,4.64318595499958
48,pauli,10,mean,1,6000,-0.8508750000000012,4.12126095499958,4.12126095499958
48,pauli,10,mean,1,7000,-1.321392857142858,3.6507430978567235,3.6507430978567235
48,pauli,10,mean,1,8000,-1.7575312500000007,3.214604704999581,3.214604704999581
48,pauli,10,mean,1,9000,-1.3852500000000005,3.586885954999581,3.586885954999581
48,pauli,10,mean,1,10000,-2.4435000000000002,2.528635954999581,2.528635954999581
48,clifford,10,mean,1,10,6.205300625470089e-15,4.972135954999588,4.972135954999588
48,clifford,10,mean,1,30,-34.166666666666586,-29.194530711667007,29.194530711667007
48,clifford,10,mean,1,100,-12.812499999999964,-7.840364045000383,7.840364045000383
48,clifford,10,mean,1,300,-10.249999999999973,-5.277864045000392,5.277864045000392
48,clifford,10,mean,1,1000,-9.224999999999985,-4.252864045000404,4.252864045000404
48,clifford,10,mean,1,2000,-7.046874999999993,-2.0747390450004115,2.0747390450004115
48,clifford,10,mean,1,3000,-6.7479166666666615,-1.77578071166708,1.77578071166708
48,clifford,10,mean,1,4000,-6.7265624999999964,-1.754426545000415,1.754426545000415
48,clifford,10,mean,1,5000,-7.072499999999997,-2.1003640450004157,2.1003640450004157
48,clifford,10,mean,1,6000,-6.790624999999998,-1.8184890450004163,1.8184890450004163
48,clifford,10,mean,1,7000,-6.55267857142857,-1.5805426164289882,1.5805426164289882
48,clifford,10,mean,1,8000,-6.246093749999998,-1.2739577950004168,1.2739577950004168
48,clifford,10,mean,1,9000,-6.292361111111109,-1.320225156111528,1.320225156111528
48,clifford,10,mean,1,10000,-5.765624999999998,-0.7934890450004168,0.7934890450004168
48,seeqst_uniform,10,mean,1,10,0.0,4.972135954999581,4.972135954999581
48,seeqst_uniform,10,mean,1,30,0.0,4.972135954999581,4.972135954999581
48,seeqst_uniform,10,mean,1,100,-20.48,-15.507864045000419,15.507864045000419
48,seeqst_uniform,10,mean,1,300,-10.24,-5.267864045000419,5.267864045000419
48,seeqst_uniform,10,mean,1,1000,-1.024,3.9481359549995814,3.9481359549995814
48,seeqst_uniform,10,mean,1,2000,-5.12,-0.14786404500041872,0.14786404500041872
48,seeqst_uniform,10,mean,1,3000,-3.7546666666666666,1.2174692883329148,1.2174692883329148
48,seeqst_uniform,10,mean,1,4000,-3.584,1.3881359549995813,1.3881359549995813
48,seeqst_uniform,10,mean,1,5000,-5.9392,-0.9670640450004182,0.9670640450004182
48,seeqst_uniform,10,mean,1,6000,-4.778666666666667,0.19346928833291432,0.19346928833291432
48,seeqst_uniform,10,mean,1,7000,-4.534857142857143,0.4372788121424387,0.4372788121424387
48,seeqst_uniform,10,mean,1,8000,-4.352,0.6201359549995811,0.6201359549995811
48,seeqst_uniform,10,mean,1,9000,-4.323555555555555,0.6485803994440262,0.6485803994440262
48,seeqst_uniform,10,mean,1,10000,-4.608,0.36413595499958173,0.36413595499958173
48,seeqst_binomial_q0.09091,10,mean,1,10,0.0,4.972135954999581,4.972135954999581
48,seeqst_binomial_q0.09091,10,mean,1,30,0.0,4.972135954999581,4.972135954999581
48,seeqst_binomial_q0.09091,10,mean,1,100,2.593742460411248,7.565878415410829,7.565878415410829
48,seeqst_binomial_q0.09091,10,mean,1,300,-0.8645808201370827,4.107555134862499,4.107555134862499
48,seeqst_binomial_q0.09091,10,mean,1,1000,-2.334368214370124,2.6377677406294575,2.6377677406294575
48,seeqst_binomial_q0.09091,10,mean,1,2000,-2.4640553373906866,2.508080617608895,2.508080617608895
48,seeqst_binomial_q0.09091,10,mean,1,3000,-3.3718651985346235,1.6002707564649579,1.6002707564649579
48,seeqst_binomial_q0.09091,10,mean,1,4000,-5.12264135931221,-0.1505054043126286,0.1505054043126286
48,seeqst_binomial_q0.09091,10,mean,1,5000,-5.861857960529405,-0.8897220055298236,0.8897220055298236
48,seeqst_binomial_q0.09091,10,mean,1,6000,-5.533317248877313,-0.5611812938777314,0.5611812938777314
48,seeqst_binomial_q0.09091,10,mean,1,7000,-5.113377993382158,-0.14124203838257632,0.14124203838257632
48,seeqst_binomial_q0.09091,10,mean,1,8000,-5.317172043843039,-0.3450360888434574,0.3450360888434574
48,seeqst_binomial_q0.09091,10,mean,1,9000,-5.216304281493711,-0.24416832649412967,0.24416832649412967
48,seeqst_binomial_q0.09091,10,mean,1,10000,-5.265297194634811,-0.29316123963522944,0.29316123963522944
48,seeqst_binomial_q0.5,10,mean,1,10,-102.4,-97.42786404500042,97.42786404500042
48,seeqst_binomial_q0.5,10,mean,1,30,0.0,4.972135954999581,4.972135954999581
48,seeqst_binomial_q0.5,10,mean,1,100,0.0,4.972135954999581,4.972135954999581
48,seeqst_binomial_q0.5,10,mean,1,300,0.0,4.972135954999581,4.972135954999581
48,seeqst_binomial_q0.5,10,mean,1,1000,-2.048,2.9241359549995813,2.9241359549995813
48,seeqst_binomial_q0.5,10,mean,1,2000,-6.656,-1.6838640450004183,1.6838640450004183
48,seeqst_binomial_q0.5,10,mean,1,3000,-6.144,-1.1718640450004187,1.1718640450004187
48,seeqst_binomial_q0.5,10,mean,1,4000,-5.632,-0.6598640450004183,0.6598640450004183
48,seeqst_binomial_q0.5,10,mean,1,5000,-3.8912,1.0809359549995814,1.0809359549995814
48,seeqst_binomial_q0.5,10,mean,1,6000,-4.096,0.8761359549995813,0.8761359549995813
48,seeqst_binomial_q0.5,10,mean,1,7000,-3.5108571428571427,1.4612788121424387,1.4612788121424387
48,seeqst_binomial_q0.5,10,mean,1,8000,-3.456,1.5161359549995814,1.5161359549995814
48,seeqst_binomial_q0.5,10,mean,1,9000,-3.072,1.9001359549995813,1.9001359549995813
48,seeqst_binomial_q0.5,10,mean,1,10000,-2.6624,2.3097359549995815,2.3097359549995815
48,seeqst_binomial_tuned,10,mean,1,10,0.0,4.972135954999581,4.972135954999581
48,seeqst_binomial_tuned,10,mean,1,30,0.0,4.972135954999581,4.972135954999581
48,seeqst_binomial_tuned,10,mean,1,100,0.0,4.972135954999581,4.972135954999581
48,seeqst_binomial_tuned,10,mean,1,300,-3.9736429850260415,0.9984929699735399,0.9984929699735399
48,seeqst_binomial_tuned,10,mean,1,1000,-5.513429641723633,-0.5412936867240514,0.5412936867240514
48,seeqst_binomial_tuned,10,mean,1,2000,-6.258487701416016,-1.2863517464164342,1.2863517464164342
48,seeqst_binomial_tuned,10,mean,1,3000,-5.9604644775390625,-0.9883285225394811,0.9883285225394811
48,seeqst_binomial_tuned,10,mean,1,4000,-5.811452865600586,-0.8393169106010046,0.8393169106010046
48,seeqst_binomial_tuned,10,mean,1,5000,-5.841255187988281,-0.8691192329886999,0.8691192329886999
48,seeqst_binomial_tuned,10,mean,1,6000,-5.587935447692871,-0.6157994926932897,0.6157994926932897
48,seeqst_binomial_tuned,10,mean,1,7000,-5.492142268589565,-0.5200063135899837,0.5200063135899837
48,seeqst_binomial_tuned,10,mean,1,8000,-5.476176738739014,-0.5040407837394323,0.5040407837394323
48,seeqst_binomial_tuned,10,mean,1,9000,-5.513429641723633,-0.5412936867240514,0.5412936867240514
48,seeqst_binomial_tuned,10,mean,1,10000,-5.4389238357543945,-0.46678788075481314,0.46678788075481314
49,pauli,10,mean,1,10,5.849999999999995,10.822135954999577,10.822135954999577
49,pauli,10,mean,1,30,10.424999999999986,15.397135954999568,15.397135954999568
49,pauli,10,mean,1,100,2.587499999999996,7.559635954999577,7.559635954999577
49,pauli,10,mean,1,300,-0.795000000000002,4.17713595499958,4.17713595499958
49,pauli,10,mean,1,1000,-3.3974999999999995,1.5746359549995819,1.5746359549995819
49,pauli,10,mean,1,2000,-4.378499999999999,0.5936359549995824,0.5936359549995824
49,pauli,10,mean,1,3000,-4.09125,0.8808859549995818,0.8808859549995818
49,pauli,10,mean,1,4000,-3.9470624999999995,1.025073454999582,1.025073454999582
49,pauli,10,mean,1,5000,-4.027499999999999,0.9446359549995824,0.9446359549995824
49,pauli,10,mean,1,6000,-4.3916249999999994,0.5805109549995819,0.5805109549995819
49,pauli,10,mean,1,7000,-4.0487142857142855,0.9234216692852959,0.9234216692852959
49,pauli,10,mean,1,8000,-3.9673124999999994,1.004823454999582,1.004823454999582
49,pauli,10,mean,1,9000,-4.251999999999999,0.7201359549995825,0.7201359549995825
49,pauli,10,mean,1,10000,-4.432949999999999,0.5391859549995823,0.5391859549995823
49,clifford,10,mean,1,10,-25.624999999999964,-20.652864045000385,20.652864045000385
49,clifford,10,mean,1,30,1.0548168603042677e-14,4.972135954999592,4.972135954999592
49,clifford,10,mean,1,100,-7.687499999999982,-2.715364045000401,2.715364045000401
49,clifford,10,mean,1,300,-6.8333333333333215,-1.86119737833374,1.86119737833374
49,clifford,10,mean,1,1000,-7.431249999999987,-2.4591140450004056,2.4591140450004056
49,clifford,10,mean,1,2000,-4.740624999999993,0.23151095499958796,0.23151095499958796
49,clifford,10,mean,1,3000,-3.502083333333329,1.4700526216662522,1.4700526216662522
49,clifford,10,mean,1,4000,-4.164062499999996,0.8080734549995858,0.8080734549995858
49,clifford,10,mean,1,5000,-4.356249999999996,0.6158859549995856,0.6158859549995856
49,clifford,10,mean,1,6000,-4.2708333333333295,0.7013026216662519,0.7013026216662519
49,clifford,10,mean,1,7000,-4.429464285714283,0.5426716692852986,0.5426716692852986
49,clifford,10,mean,1,8000,-4.067968749999998,0.9041672049995837,0.9041672049995837
49,clifford,10,mean,1,9000,-4.413194444444442,0.5589415105551394,0.5589415105551394
49,clifford,10,mean,1,10000,-4.330624999999998,0.6415109549995837,0.6415109549995837
49,seeqst_uniform,10,mean,1,10,0.0,4.972135954999581,4.972135954999581
49,seeqst_uniform,10,mean,1,30,34.13333333333333,39.10546928833291,39.10546928833291
49,seeqst_uniform,10,mean,1,100,20.48,25.452135954999584,25.452135954999584
49,seeqst_uniform,10,mean,1,300,13.653333333333334,18.625469288332916,18.625469288332916
49,seeqst_uniform,10,mean,1,1000,1.024,5.996135954999581,5.996135954999581
49,seeqst_uniform,10,mean,1,2000,-2.56,2.4121359549995813,2.4121359549995813
49,seeqst_uniform,10,mean,1,3000,-3.4133333333333336,1.5588026216662478,1.5588026216662478
49,seeqst_uniform,10,mean,1,4000,-3.84,1.1321359549995815,1.1321359549995815
49,seeqst_uniform,10,mean,1,5000,-3.4816,1.4905359549995816,1.4905359549995816
49,seeqst_uniform,10,mean,1,6000,-4.096,0.8761359549995813,0.8761359549995813
49,seeqst_uniform,10,mean,1,7000,-3.9497142857142857,1.0224216692852957,1.0224216692852957
49,seeqst_uniform,10,mean,1,8000,-4.736,0.23613595499958162,0.23613595499958162
49,seeqst_uniform,10,mean,1,9000,-4.437333333333333,0.5348026216662483,0.5348026216662483
49,seeqst_uniform,10,mean,1,10000,-4.4032,0.5689359549995814,0.5689359549995814
49,seeqst_binomial_q0.09091,10,mean,1,10,0.0,4.972135954999581,4.972135954999581
49,seeqst_binomial_q0.09091,10,mean,1,30,0.0,4.972135954999581,4.972135954999581
49,seeqst_binomial_q0.09091,10,mean,1,100,-12.968712302056241,-7.99657634705666,7.99657634705666
49,seeqst_binomial_q0.09091,10,mean,1,300,-10.374969841644996,-5.402833886645414,5.402833886645414
49,seeqst_binomial_q0.09091,10,mean,1,1000,-7.781227381233747,-2.8090914262341657,2.8090914262341657
49,seeqst_binomial_q0.09091,10,mean,1,2000,-6.614043274048685,-1.6419073190491034,1.6419073190491034
49,seeqst_binomial_q0.09091,10,mean,1,3000,-5.619775330891039,-0.6476393758914574,0.6476393758914574
49,seeqst_binomial_q0.09091,10,mean,1,4000,-5.382015605353333,-0.4098796503537514,0.4098796503537514
49,seeqst_binomial_q0.09091,10,mean,1,5000,-4.876235825573137,0.0959001294264441,0.0959001294264441
49,seeqst_binomial_q0.09091,10,mean,1,6000,-5.187484920822481,-0.21534896582289953,0.21534896582289953
49,seeqst_binomial_q0.09091,10,mean,1,7000,-5.6691799491845645,-0.6970439941849831,0.6970439941849831
49,seeqst_binomial_q0.09091,10,mean,1,8000,-5.738655193659864,-0.7665192386602824,0.7665192386602824
49,seeqst_binomial_q0.09091,10,mean,1,9000,-5.821510855589665,-0.8493749005900835,0.8493749005900835
49,seeqst_binomial_q0.09091,10,mean,1,10000,-5.524671440675934,-0.5525354856763522,0.5525354856763522
49,seeqst_binomial_q0.5,10,mean,1,10,0.0,4.972135954999581,4.972135954999581
49,seeqst_binomial_q0.5,10,mean,1,30,0.0,4.972135954999581,4.972135954999581
49,seeqst_binomial_q0.5,10,mean,1,100,-10.24,-5.267864045000419,5.267864045000419
49,seeqst_binomial_q0.5,10,mean,1,300,-6.826666666666667,-1.8545307116670857,1.8545307116670857
49,seeqst_binomial_q0.5,10,mean,1,1000,-9.216,-4.243864045000418,4.243864045000418
49,seeqst_binomial_q0.5,10,mean,1,2000,-5.632,-0.6598640450004183,0.6598640450004183
49,seeqst_binomial_q0.5,10,mean,1,3000,-6.826666666666667,-1.8545307116670857,1.8545307116670857
49,seeqst_binomial_q0.5,10,mean,1,4000,-7.424,-2.451864045000419,2.451864045000419
49,seeqst_binomial_q0.5,10,mean,1,5000,-5.9392,-0.9670640450004182,0.9670640450004182
49,seeqst_binomial_q0.5,10,mean,1,6000,-5.461333333333333,-0.48919737833375176,0.48919737833375176
49,seeqst_binomial_q0.5,10,mean,1,7000,-5.7051428571428575,-0.7330069021432761,0.7330069021432761
49,seeqst_binomial_q0.5,10,mean,1,8000,-5.888,-0.9158640450004185,0.9158640450004185
49,seeqst_binomial_q0.5,10,mean,1,9000,-6.257777777777778,-1.2856418227781967,1.2856418227781967
49,seeqst_binomial_q0.5,10,mean,1,10000,-6.3488,-1.3766640450004184,1.3766640450004184
49,seeqst_binomial_tuned,10,mean,1,10,0.0,4.972135954999581,4.972135954999581
49,seeqst_binomial_tuned,10,mean,1,30,0.0,4.972135954999581,4.972135954999581
49,seeqst_binomial_tuned,10,mean,1,100,-4.470348358154296,0.5017875968452854,0.5017875968452854
49,seeqst_binomial_tuned,10,mean,1,300,-3.973642985026041,0.9984929699735403,0.9984929699735403
49,seeqst_binomial_tuned,10,mean,1,1000,-3.576278686523437,1.3958572684761443,1.3958572684761443
49,seeqst_binomial_tuned,10,mean,1,2000,-4.246830940246581,0.7253050147530002,0.7253050147530002
49,seeqst_binomial_tuned,10,mean,1,3000,-5.116065343221028,-0.14392938822144696,0.14392938822144696
49,seeqst_binomial_tuned,10,mean,1,4000,-5.103647708892821,-0.13151175389324,0.13151175389324
49,seeqst_binomial_tuned,10,mean,1,5000,-4.768371582031249,0.20376437296833227,0.20376437296833227
49,seeqst_binomial_tuned,10,mean,1,6000,-4.967053731282552,0.005082223717029599,0.005082223717029599
49,seeqst_binomial_tuned,10,mean,1,7000,-4.789658955165317,0.18247699983426457,0.18247699983426457
49,seeqst_binomial_tuned,10,mean,1,8000,-4.805624485015868,0.16651146998371313,0.16651146998371313
49,seeqst_binomial_tuned,10,mean,1,9000,-5.099508497450086,-0.12737254245050433,0.12737254245050433
49,seeqst_binomial_tuned,10,mean,1,10000,-5.260109901428222,-0.2879739464286404,0.2879739464286404
