repeat,ensemble,n,estimator,mom_num_groups,n_sample,estimate,error,abs_error
0,pauli,10,median_of_means,6,10,-6.749999999999997,-1.7778640450004204,1.7778640450004204
0,pauli,10,median_of_means,6,30,-4.274999999999994,0.6971359549995828,0.6971359549995828
0,pauli,10,median_of_means,6,100,0.9843750000000002,5.956510954999577,5.956510954999577
0,pauli,10,median_of_means,6,300,-7.829999999999996,-2.8578640450004187,2.8578640450004187
0,pauli,10,median_of_means,6,1000,-5.24548192771084,-0.2733459727112635,0.2733459727112635
0,pauli,10,median_of_means,6,3000,-6.333749999999997,-1.3616140450004197,1.3616140450004197
0,pauli,10,median_of_means,6,5000,-5.277911164465783,-0.30577520946620584,0.30577520946620584
0,pauli,10,median_of_means,6,10000,-6.350915366146454,-1.3787794111468772,1.3787794111468772
0,pauli,10,median_of_means,6,15000,-5.6722499999999965,-0.7001140450004195,0.7001140450004195
0,pauli,10,median_of_means,6,20000,-5.1278127812781245,-0.1556768262785475,0.1556768262785475
0,pauli,10,median_of_means,6,25000,-5.6838694191070545,-0.7117334641074775,0.7117334641074775
0,pauli,10,median_of_means,6,30000,-5.847299999999997,-0.8751640450004201,0.8751640450004201
0,pauli,10,median_of_means,6,35000,-5.251992971026913,-0.2798570160273357,0.2798570160273357
0,pauli,10,median_of_means,6,40000,-5.600697569756972,-0.6285616147573947,0.6285616147573947
0,pauli,10,median_of_means,6,45000,-4.628849999999997,0.3432859549995797,0.3432859549995797
0,pauli,10,median_of_means,6,50000,-5.464073562942514,-0.49193760794293695,0.49193760794293695
0,clifford,10,median_of_means,6,10,-1.5946416783655817e-15,4.972135954999575,4.972135954999575
0,clifford,10,median_of_means,6,30,1.0774515751513e-15,4.972135954999578,4.972135954999578
0,clifford,10,median_of_means,6,100,8.007812499999952,12.97994845499953,12.97994845499953
0,clifford,10,median_of_means,6,300,-5.124999999999983,-0.15286404500040618,0.15286404500040618
0,clifford,10,median_of_means,6,1000,-4.631024096385524,0.34111185861405335,0.34111185861405335
0,clifford,10,median_of_means,6,3000,-3.8437499999999853,1.1283859549995916,1.1283859549995916
0,clifford,10,median_of_means,6,5000,-4.306722689075612,0.6654132659239647,0.6654132659239647
0,clifford,10,median_of_means,6,10000,-4.076005402160849,0.896130552838728,0.896130552838728
0,clifford,10,median_of_means,6,15000,-4.202499999999983,0.7696359549995941,0.7696359549995941
0,clifford,10,median_of_means,6,20000,-4.074782478247809,0.8973534767517677,0.8973534767517677
0,clifford,10,median_of_means,6,25000,-3.9058749399903845,1.0662610150091925,1.0662610150091925
0,clifford,10,median_of_means,6,30000,-4.279374999999984,0.692760954999593,0.692760954999593
0,clifford,10,median_of_means,6,35000,-4.656694668266743,0.3154412867328338,0.3154412867328338
0,clifford,10,median_of_means,6,40000,-4.8820507050704895,0.0900852499290874,0.0900852499290874
0,clifford,10,median_of_means,6,45000,-4.6466666666666505,0.32546928833292643,0.32546928833292643
0,clifford,10,median_of_means,6,50000,-4.997074882995301,-0.02493892799572439,0.02493892799572439
0,seeqst_uniform,10,median_of_means,6,10,0.0,4.972135954999577,4.972135954999577
0,seeqst_uniform,10,median_of_means,6,30,0.0,4.972135954999577,4.972135954999577
0,seeqst_uniform,10,median_of_means,6,100,0.0,4.972135954999577,4.972135954999577
0,seeqst_uniform,10,median_of_means,6,300,0.0,4.972135954999577,4.972135954999577
0,seeqst_uniform,10,median_of_means,6,1000,-6.168674698795181,-1.196538743795604,1.196538743795604
0,seeqst_uniform,10,median_of_means,6,3000,-4.096,0.8761359549995769,0.8761359549995769
0,seeqst_uniform,10,median_of_means,6,5000,-2.458583433373349,2.5135525216262278,2.5135525216262278
0,seeqst_uniform,10,median_of_means,6,10000,-6.453781512605042,-1.4816455576054652,1.4816455576054652
0,seeqst_uniform,10,median_of_means,6,15000,-5.5296,-0.5574640450004233,0.5574640450004233
0,seeqst_uniform,10,median_of_means,6,20000,-5.222922292229223,-0.2507863372296457,0.2507863372296457
0,seeqst_uniform,10,median_of_means,6,25000,-5.28468554968795,-0.31254959468837296,0.31254959468837296
0,seeqst_uniform,10,median_of_means,6,30000,-5.3248,-0.3526640450004228,0.3526640450004228
0,seeqst_uniform,10,median_of_means,6,35000,-5.178810217726728,-0.20667426272715073,0.20667426272715073
0,seeqst_uniform,10,median_of_means,6,40000,-4.762076207620762,0.21005974737881505,0.21005974737881505
0,seeqst_uniform,10,median_of_means,6,45000,-5.2565333333333335,-0.28439737833375656,0.28439737833375656
0,seeqst_uniform,10,median_of_means,6,50000,-5.3454938197527895,-0.37335786475321253,0.37335786475321253
0,seeqst_binomial_q0.09091,10,median_of_means,6,10,0.0,4.972135954999577,4.972135954999577
0,seeqst_binomial_q0.09091,10,median_of_means,6,30,0.0,4.972135954999577,4.972135954999577
0,seeqst_binomial_q0.09091,10,median_of_means,6,100,0.0,4.972135954999577,4.972135954999577
0,seeqst_binomial_q0.09091,10,median_of_means,6,300,5.187484920822496,10.159620875822073,10.159620875822073
0,seeqst_binomial_q0.09091,10,median_of_means,6,1000,-3.12499091615813,1.8471450388414468,1.8471450388414468
0,seeqst_binomial_q0.09091,10,median_of_means,6,3000,-3.112490952493498,1.859645002506079,1.859645002506079
0,seeqst_binomial_q0.09091,10,median_of_means,6,5000,-3.8921705588404087,1.0799653961591682,1.0799653961591682
0,seeqst_binomial_q0.09091,10,median_of_means,6,10000,-4.6706046706084905,0.30153128439108645,0.30153128439108645
0,seeqst_binomial_q0.09091,10,median_of_means,6,15000,-4.357487333490897,0.6146486215086799,0.6146486215086799
0,seeqst_binomial_q0.09091,10,median_of_means,6,20000,-3.813182735078043,1.1589532199215338,1.1589532199215338
0,seeqst_binomial_q0.09091,10,median_of_means,6,25000,-4.233665081804245,0.7384708731953316,0.7384708731953316
0,seeqst_binomial_q0.09091,10,median_of_means,6,30000,-4.305612484282672,0.6665234707169052,0.6665234707169052
0,seeqst_binomial_q0.09091,10,median_of_means,6,35000,-4.291036300868943,0.6810996541306338,0.6810996541306338
0,seeqst_binomial_q0.09091,10,median_of_means,6,40000,-4.416288167666917,0.5558477873326604,0.5558477873326604
0,seeqst_binomial_q0.09091,10,median_of_means,6,45000,-4.392070566296381,0.5800653887031961,0.5800653887031961
0,seeqst_binomial_q0.09091,10,median_of_means,6,50000,-4.451040103669849,0.5210958513297284,0.5210958513297284
0,seeqst_binomial_q0.5,10,median_of_means,6,10,0.0,4.972135954999577,4.972135954999577
0,seeqst_binomial_q0.5,10,median_of_means,6,30,0.0,4.972135954999577,4.972135954999577
0,seeqst_binomial_q0.5,10,median_of_means,6,100,0.0,4.972135954999577,4.972135954999577
0,seeqst_binomial_q0.5,10,median_of_means,6,300,0.0,4.972135954999577,4.972135954999577
0,seeqst_binomial_q0.5,10,median_of_means,6,1000,0.0,4.972135954999577,4.972135954999577
0,seeqst_binomial_q0.5,10,median_of_means,6,3000,-7.168,-2.195864045000423,2.195864045000423
0,seeqst_binomial_q0.5,10,median_of_means,6,5000,-5.531812725090036,-0.5596767700904595,0.5596767700904595
0,seeqst_binomial_q0.5,10,median_of_means,6,10000,-4.609843937575031,0.3622920174245463,0.3622920174245463
0,seeqst_binomial_q0.5,10,median_of_means,6,15000,-6.144,-1.1718640450004232,1.1718640450004232
0,seeqst_binomial_q0.5,10,median_of_means,6,20000,-6.298229822982298,-1.3260938679827214,1.3260938679827214
0,seeqst_binomial_q0.5,10,median_of_means,6,25000,-5.899183869419107,-0.9270479144195303,0.9270479144195303
0,seeqst_binomial_q0.5,10,median_of_means,6,30000,-5.9392,-0.9670640450004226,0.9670640450004226
0,seeqst_binomial_q0.5,10,median_of_means,6,35000,-5.266586662094977,-0.29445070709540033,0.29445070709540033
0,seeqst_binomial_q0.5,10,median_of_means,6,40000,-5.606960696069606,-0.6348247410700294,0.6348247410700294
0,seeqst_binomial_q0.5,10,median_of_means,6,45000,-4.7104,0.261735954999577,0.261735954999577
0,seeqst_binomial_q0.5,10,median_of_means,6,50000,-5.775591023640946,-0.8034550686413686,0.8034550686413686
0,seeqst_binomial_tuned,10,median_of_means,6,10,0.0,4.972135954999577,4.972135954999577
0,seeqst_binomial_tuned,10,median_of_means,6,30,0.0,4.972135954999577,4.972135954999577
0,seeqst_binomial_tuned,10,median_of_means,6,100,0.0,4.972135954999577,4.972135954999577
0,seeqst_binomial_tuned,10,median_of_means,6,300,-7.450580596923826,-2.4784446419242494,2.4784446419242494
0,seeqst_binomial_tuned,10,median_of_means,6,1000,-6.283622190176722,-1.3114862351771448,1.3114862351771448
0,seeqst_binomial_tuned,10,median_of_means,6,3000,-5.215406417846678,-0.24327046284710097,0.24327046284710097
0,seeqst_binomial_tuned,10,median_of_means,6,5000,-4.919350934343463,0.052785020656114234,0.052785020656114234
0,seeqst_binomial_tuned,10,median_of_means,6,10000,-4.472137213039511,0.49999874196006555,0.49999874196006555
0,seeqst_binomial_tuned,10,median_of_means,6,15000,-4.857778549194334,0.11435740580524278,0.11435740580524278
0,seeqst_binomial_tuned,10,median_of_means,6,20000,-4.962582935844852,0.009553019154725284,0.009553019154725284
0,seeqst_binomial_tuned,10,median_of_means,6,25000,-5.061244140493141,-0.08910818549356403,0.08910818549356403
0,seeqst_binomial_tuned,10,median_of_means,6,30000,-5.051493644714354,-0.07935768971477675,0.07935768971477675
0,seeqst_binomial_tuned,10,median_of_means,6,35000,-5.00707627977737,-0.03494032477779285,0.03494032477779285
0,seeqst_binomial_tuned,10,median_of_means,6,40000,-5.197299696324,-0.2251637413244234,0.2251637413244234
0,seeqst_binomial_tuned,10,median_of_means,6,45000,-4.94718551635742,0.024950438642156847,0.024950438642156847
0,seeqst_binomial_tuned,10,median_of_means,6,50000,-5.150047310486167,-0.17791135548659032,0.17791135548659032
1,pauli,10,median_of_means,6,10,1.1249999999999991,6.097135954999576,6.097135954999576
1,pauli,10,median_of_means,6,30,-3.824999999999998,1.147135954999579,1.147135954999579
1,pauli,10,median_of_means,6,100,-2.6015624999999973,2.3705734549995796,2.3705734549995796
1,pauli,10,median_of_means,6,300,-3.014999999999998,1.957135954999579,1.957135954999579
1,pauli,10,median_of_means,6,1000,-3.4495481927710827,1.5225877622284942,1.5225877622284942
1,pauli,10,median_of_means,6,3000,-1.286999999999999,3.685135954999578,3.685135954999578
1,pauli,10,median_of_means,6,5000,-2.471488595438174,2.500647359561403,2.500647359561403
1,pauli,10,median_of_means,6,10000,-4.025285114045616,0.9468508409539611,0.9468508409539611
1,pauli,10,median_of_means,6,15000,-3.110849999999998,1.861285954999579,1.861285954999579
1,pauli,10,median_of_means,6,20000,-3.9029027902790254,1.0692331647205515,1.0692331647205515
1,pauli,10,median_of_means,6,25000,-4.587493999039843,0.38464195595973383,0.38464195595973383
1,pauli,10,median_of_means,6,30000,-4.602374999999998,0.3697609549995793,0.3697609549995793
1,pauli,10,median_of_means,6,35000,-4.734913423624205,0.2372225313753722,0.2372225313753722
1,pauli,10,median_of_means,6,40000,-4.298323582358233,0.6738123726413443,0.6738123726413443
1,pauli,10,median_of_means,6,45000,-4.326899999999997,0.6452359549995803,0.6452359549995803
1,pauli,10,median_of_means,6,50000,-4.01587063482539,0.9562653201741869,0.9562653201741869
1,clifford,10,median_of_means,6,10,2.222614453595284e-16,4.972135954999577,4.972135954999577
1,clifford,10,median_of_means,6,30,51.24999999999977,56.22213595499935,56.22213595499935
1,clifford,10,median_of_means,6,100,8.007812499999948,12.979948454999526,12.979948454999526
1,clifford,10,median_of_means,6,300,-5.124999999999977,-0.15286404500039996,0.15286404500039996
1,clifford,10,median_of_means,6,1000,-4.631024096385522,0.34111185861405513,0.34111185861405513
1,clifford,10,median_of_means,6,3000,-5.381249999999978,-0.4091140450004014,0.4091140450004014
1,clifford,10,median_of_means,6,5000,-4.460534213685456,0.511601741314121,0.511601741314121
1,clifford,10,median_of_means,6,10000,-4.998874549819907,-0.02673859482032981,0.02673859482032981
1,clifford,10,median_of_means,6,15000,-4.766249999999983,0.2058859549995944,0.2058859549995944
1,clifford,10,median_of_means,6,20000,-4.612961296129596,0.3591746588699811,0.3591746588699811
1,clifford,10,median_of_means,6,25000,-4.920787325972136,0.05134862902744075,0.05134862902744075
1,clifford,10,median_of_means,6,30000,-4.894374999999982,0.07776095499959457,0.07776095499959457
1,clifford,10,median_of_means,6,35000,-4.1954183096176765,0.7767176453819005,0.7767176453819005
1,clifford,10,median_of_means,6,40000,-4.689843984398422,0.28229197060115485,0.28229197060115485
1,clifford,10,median_of_means,6,45000,-4.475833333333317,0.4963026216662598,0.4963026216662598
1,clifford,10,median_of_means,6,50000,-4.30517220688826,0.6669637481113169,0.6669637481113169
1,seeqst_uniform,10,median_of_means,6,10,0.0,4.972135954999577,4.972135954999577
1,seeqst_uniform,10,median_of_means,6,30,0.0,4.972135954999577,4.972135954999577
1,seeqst_uniform,10,median_of_means,6,100,0.0,4.972135954999577,4.972135954999577
1,seeqst_uniform,10,median_of_means,6,300,0.0,4.972135954999577,4.972135954999577
1,seeqst_uniform,10,median_of_means,6,1000,-3.0843373493975905,1.8877986056019864,1.8877986056019864
1,seeqst_uniform,10,median_of_means,6,3000,-5.12,-0.14786404500042316,0.14786404500042316
1,seeqst_uniform,10,median_of_means,6,5000,-6.761104441776711,-1.7889684867771338,1.7889684867771338
1,seeqst_uniform,10,median_of_means,6,10000,-6.761104441776711,-1.7889684867771338,1.7889684867771338
1,seeqst_uniform,10,median_of_means,6,15000,-5.119999999999999,-0.14786404500042227,0.14786404500042227
1,seeqst_uniform,10,median_of_means,6,20000,-5.683768376837683,-0.7116324218381065,0.7116324218381065
1,seeqst_uniform,10,median_of_means,6,25000,-5.530484877580413,-0.5583489225808362,0.5583489225808362
1,seeqst_uniform,10,median_of_means,6,30000,-5.9392,-0.9670640450004226,0.9670640450004226
1,seeqst_uniform,10,median_of_means,6,35000,-5.266586662094977,-0.29445070709540033,0.29445070709540033
1,seeqst_uniform,10,median_of_means,6,40000,-5.222922292229223,-0.2507863372296457,0.2507863372296457
1,seeqst_uniform,10,median_of_means,6,45000,-4.846933333333333,0.12520262166624363,0.12520262166624363
1,seeqst_uniform,10,median_of_means,6,50000,-5.591263650546022,-0.6191276955464451,0.6191276955464451
1,seeqst_binomial_q0.09091,10,median_of_means,6,10,0.0,4.972135954999577,4.972135954999577
1,seeqst_binomial_q0.09091,10,median_of_means,6,30,0.0,4.972135954999577,4.972135954999577
1,seeqst_binomial_q0.09091,10,median_of_means,6,100,-8.10544518878515,-3.1333092337855737,3.1333092337855737
1,seeqst_binomial_q0.09091,10,median_of_means,6,300,-2.593742460411248,2.378393494588329,2.378393494588329
1,seeqst_binomial_q0.09091,10,median_of_means,6,1000,-3.12499091615813,1.8471450388414468,1.8471450388414468
1,seeqst_binomial_q0.09091,10,median_of_means,6,3000,-4.149987936657997,0.8221480183415801,0.8221480183415801
1,seeqst_binomial_q0.09091,10,median_of_means,6,5000,-4.514917848254874,0.457218106744703,0.457218106744703
1,seeqst_binomial_q0.09091,10,median_of_means,6,10000,-5.682569015906996,-0.7104330609074188,0.7104330609074188
1,seeqst_binomial_q0.09091,10,median_of_means,6,15000,-5.654358563696521,-0.6822226086969438,0.6822226086969438
1,seeqst_binomial_q0.09091,10,median_of_means,6,20000,-5.175033711891629,-0.20289775689205225,0.20289775689205225
1,seeqst_binomial_q0.09091,10,median_of_means,6,25000,-4.576093875185472,0.3960420798141051,0.3960420798141051
1,seeqst_binomial_q0.09091,10,median_of_means,6,30000,-4.798423551760809,0.1737124032387678,0.1737124032387678
1,seeqst_binomial_q0.09091,10,median_of_means,6,35000,-4.646769880215592,0.32536607478398505,0.32536607478398505
1,seeqst_binomial_q0.09091,10,median_of_means,6,40000,-4.708113376984114,0.2640225780154628,0.2640225780154628
1,seeqst_binomial_q0.09091,10,median_of_means,6,45000,-4.997277140392338,-0.025141185392761223,0.025141185392761223
1,seeqst_binomial_q0.09091,10,median_of_means,6,50000,-4.886806267665499,0.08532968733407831,0.08532968733407831
1,seeqst_binomial_q0.5,10,median_of_means,6,10,0.0,4.972135954999577,4.972135954999577
1,seeqst_binomial_q0.5,10,median_of_means,6,30,0.0,4.972135954999577,4.972135954999577
1,seeqst_binomial_q0.5,10,median_of_means,6,100,0.0,4.972135954999577,4.972135954999577
1,seeqst_binomial_q0.5,10,median_of_means,6,300,0.0,4.972135954999577,4.972135954999577
1,seeqst_binomial_q0.5,10,median_of_means,6,1000,-6.168674698795181,-1.196538743795604,1.196538743795604
1,seeqst_binomial_q0.5,10,median_of_means,6,3000,-4.096,0.8761359549995769,0.8761359549995769
1,seeqst_binomial_q0.5,10,median_of_means,6,5000,-4.917166866746698,0.054969088252878606,0.054969088252878606
1,seeqst_binomial_q0.5,10,median_of_means,6,10000,-7.068427370948379,-2.0962914159488024,2.0962914159488024
1,seeqst_binomial_q0.5,10,median_of_means,6,15000,-6.348800000000001,-1.3766640450004237,1.3766640450004237
1,seeqst_binomial_q0.5,10,median_of_means,6,20000,-5.53015301530153,-0.5580170603019532,0.5580170603019532
1,seeqst_binomial_q0.5,10,median_of_means,6,25000,-6.267882861257801,-1.2957469062582243,1.2957469062582243
1,seeqst_binomial_q0.5,10,median_of_means,6,30000,-5.3248,-0.3526640450004228,0.3526640450004228
1,seeqst_binomial_q0.5,10,median_of_means,6,35000,-5.705468883936225,-0.7333329289366484,0.7333329289366484
1,seeqst_binomial_q0.5,10,median_of_means,6,40000,-4.992499249924993,-0.02036329492541622,0.02036329492541622
1,seeqst_binomial_q0.5,10,median_of_means,6,45000,-5.666133333333333,-0.6939973783337559,0.6939973783337559
1,seeqst_binomial_q0.5,10,median_of_means,6,50000,-5.222608904356174,-0.25047294935659714,0.25047294935659714
1,seeqst_binomial_tuned,10,median_of_means,6,10,0.0,4.972135954999577,4.972135954999577
1,seeqst_binomial_tuned,10,median_of_means,6,30,0.0,4.972135954999577,4.972135954999577
1,seeqst_binomial_tuned,10,median_of_means,6,100,0.0,4.972135954999577,4.972135954999577
1,seeqst_binomial_tuned,10,median_of_means,6,300,-4.470348358154296,0.501787596845281,0.501787596845281
1,seeqst_binomial_tuned,10,median_of_means,6,1000,-6.732452346617915,-1.7603163916183382,1.7603163916183382
1,seeqst_binomial_tuned,10,median_of_means,6,3000,-5.3644180297851545,-0.39228207478557753,0.39228207478557753
1,seeqst_binomial_tuned,10,median_of_means,6,5000,-5.277121911386624,-0.3049859563870472,0.3049859563870472
1,seeqst_binomial_tuned,10,median_of_means,6,10000,-5.366564655647413,-0.3944287006478362,0.3944287006478362
1,seeqst_binomial_tuned,10,median_of_means,6,15000,-5.066394805908201,-0.0942588509086244,0.0942588509086244
1,seeqst_binomial_tuned,10,median_of_means,6,20000,-4.940228958656362,0.031906996343215255,0.031906996343215255
1,seeqst_binomial_tuned,10,median_of_means,6,25000,-4.757211806965285,0.21492414803429227,0.21492414803429227
1,seeqst_binomial_tuned,10,median_of_means,6,30000,-4.857778549194334,0.11435740580524278,0.11435740580524278
1,seeqst_binomial_tuned,10,median_of_means,6,35000,-4.9432105109026585,0.02892544409691844,0.02892544409691844
1,seeqst_binomial_tuned,10,median_of_means,6,40000,-5.119060776164284,-0.14692482116470718,0.14692482116470718
1,seeqst_binomial_tuned,10,median_of_means,6,45000,-5.0465265909830705,-0.0743906359834936,0.0743906359834936
1,seeqst_binomial_tuned,10,median_of_means,6,50000,-4.989108332033474,-0.016972377033897423,0.016972377033897423
2,pauli,10,median_of_means,6,10,-6.749999999999993,-1.777864045000416,1.777864045000416
2,pauli,10,median_of_means,6,30,18.44999999999999,23.422135954999565,23.422135954999565
2,pauli,10,median_of_means,6,100,-4.078124999999996,0.8940109549995814,0.8940109549995814
2,pauli,10,median_of_means,6,300,-2.722499999999999,2.249635954999578,2.249635954999578
2,pauli,10,median_of_means,6,1000,-3.781626506024095,1.1905094489754822,1.1905094489754822
2,pauli,10,median_of_means,6,3000,-3.660749999999999,1.311385954999578,1.311385954999578
2,pauli,10,median_of_means,6,5000,-3.661314525810323,1.3108214291892542,1.3108214291892542
2,pauli,10,median_of_means,6,10000,-4.803871548619444,0.16826440638013285,0.16826440638013285
2,pauli,10,median_of_means,6,15000,-5.103899999999998,-0.13176404500042072,0.13176404500042072
2,pauli,10,median_of_means,6,20000,-5.7296354635463524,-0.7574995085467755,0.7574995085467755
2,pauli,10,median_of_means,6,25000,-5.88694191070571,-0.9148059557061332,0.9148059557061332
2,pauli,10,median_of_means,6,30000,-5.377499999999998,-0.4053640450004208,0.4053640450004208
2,pauli,10,median_of_means,6,35000,-5.430781758957652,-0.45864580395807497,0.45864580395807497
2,pauli,10,median_of_means,6,40000,-5.197513501350132,-0.22537754635055496,0.22537754635055496
2,pauli,10,median_of_means,6,45000,-5.210099999999997,-0.23796404500042012,0.23796404500042012
2,pauli,10,median_of_means,6,50000,-4.769065762630502,0.20307019236907475,0.20307019236907475
2,clifford,10,median_of_means,6,10,1.5623728835875833e-15,4.972135954999579,4.972135954999579
2,clifford,10,median_of_means,6,30,1.193487035741647e-15,4.972135954999578,4.972135954999578
2,clifford,10,median_of_means,6,100,2.186122128657425e-15,4.972135954999579,4.972135954999579
2,clifford,10,median_of_means,6,300,-4.561669622274723e-15,4.9721359549995725,4.9721359549995725
2,clifford,10,median_of_means,6,1000,-5.995204332975845e-15,4.972135954999571,4.972135954999571
2,clifford,10,median_of_means,6,3000,-6.6624999999999766,-1.6903640450003996,1.6903640450003996
2,clifford,10,median_of_means,6,5000,-6.460084033613422,-1.4879480786138455,1.4879480786138455
2,clifford,10,median_of_means,6,10000,-3.768382352941164,1.2037536020584128,1.2037536020584128
2,clifford,10,median_of_means,6,15000,-4.253749999999987,0.7183859549995901,0.7183859549995901
2,clifford,10,median_of_means,6,20000,-4.2285478547854645,0.7435881002141125,0.7435881002141125
2,clifford,10,median_of_means,6,25000,-3.9673847815650354,1.0047511734345416,1.0047511734345416
2,clifford,10,median_of_means,6,30000,-4.176874999999983,0.7952609549995939,0.7952609549995939
2,clifford,10,median_of_means,6,35000,-4.788487913595045,0.18364804140453206,0.18364804140453206
2,clifford,10,median_of_means,6,40000,-4.978154065406521,-0.0060181104069441105,0.0060181104069441105
2,clifford,10,median_of_means,6,45000,-4.578333333333315,0.39380262166626157,0.39380262166626157
2,clifford,10,median_of_means,6,50000,-4.397425897035864,0.5747100579637126,0.5747100579637126
2,seeqst_uniform,10,median_of_means,6,10,0.0,4.972135954999577,4.972135954999577
2,seeqst_uniform,10,median_of_means,6,30,0.0,4.972135954999577,4.972135954999577
2,seeqst_uniform,10,median_of_means,6,100,0.0,4.972135954999577,4.972135954999577
2,seeqst_uniform,10,median_of_means,6,300,-10.24,-5.267864045000423,5.267864045000423
2,seeqst_uniform,10,median_of_means,6,1000,-6.168674698795181,-1.196538743795604,1.196538743795604
2,seeqst_uniform,10,median_of_means,6,3000,-4.096,0.8761359549995769,0.8761359549995769
2,seeqst_uniform,10,median_of_means,6,5000,-5.531812725090036,-0.5596767700904595,0.5596767700904595
2,seeqst_uniform,10,median_of_means,6,10000,-5.531812725090036,-0.5596767700904595,0.5596767700904595
2,seeqst_uniform,10,median_of_means,6,15000,-4.505599999999999,0.46653595499957756,0.46653595499957756
2,seeqst_uniform,10,median_of_means,6,20000,-4.147614761476148,0.8245211935234291,0.8245211935234291
2,seeqst_uniform,10,median_of_means,6,25000,-5.28468554968795,-0.31254959468837296,0.31254959468837296
2,seeqst_uniform,10,median_of_means,6,30000,-4.4032,0.5689359549995769,0.5689359549995769
2,seeqst_uniform,10,median_of_means,6,35000,-4.301045774044232,0.6710901809553453,0.6710901809553453
2,seeqst_uniform,10,median_of_means,6,40000,-4.224422442244224,0.7477135127553529,0.7477135127553529
2,seeqst_uniform,10,median_of_means,6,45000,-4.027733333333334,0.9444026216662431,0.9444026216662431
2,seeqst_uniform,10,median_of_means,6,50000,-4.055202208088323,0.916933746911254,0.916933746911254
2,seeqst_binomial_q0.09091,10,median_of_means,6,10,0.0,4.972135954999577,4.972135954999577
2,seeqst_binomial_q0.09091,10,median_of_means,6,30,-25.937424604112483,-20.965288649112907,20.965288649112907
2,seeqst_binomial_q0.09091,10,median_of_means,6,100,0.0,4.972135954999577,4.972135954999577
2,seeqst_binomial_q0.09091,10,median_of_means,6,300,-5.187484920822496,-0.21534896582291907,0.21534896582291907
2,seeqst_binomial_q0.09091,10,median_of_means,6,1000,-7.031229561355794,-2.0590936063562166,2.0590936063562166
2,seeqst_binomial_q0.09091,10,median_of_means,6,3000,-6.224981904986996,-1.2528459499874192,1.2528459499874192
2,seeqst_binomial_q0.09091,10,median_of_means,6,5000,-5.293351960022956,-0.32121600502337877,0.32121600502337877
2,seeqst_binomial_q0.09091,10,median_of_means,6,10000,-5.449038782376572,-0.4769028273769953,0.4769028273769953
2,seeqst_binomial_q0.09091,10,median_of_means,6,15000,-5.031860373197822,-0.05972441819824503,0.05972441819824503
2,seeqst_binomial_q0.09091,10,median_of_means,6,20000,-5.097213656073709,-0.12507770107413219,0.12507770107413219
2,seeqst_binomial_q0.09091,10,median_of_means,6,25000,-5.0741721201036185,-0.10203616510404157,0.10203616510404157
2,seeqst_binomial_q0.09091,10,median_of_means,6,30000,-5.317172043843059,-0.34503608884348225,0.34503608884348225
2,seeqst_binomial_q0.09091,10,median_of_means,6,35000,-4.713469926343088,0.2586660286564886,0.2586660286564886
2,seeqst_binomial_q0.09091,10,median_of_means,6,40000,-4.883208502574432,0.08892745242514533,0.08892745242514533
2,seeqst_binomial_q0.09091,10,median_of_means,6,45000,-5.22206815362798,-0.24993219862840288,0.24993219862840288
2,seeqst_binomial_q0.09091,10,median_of_means,6,50000,-5.244757045233353,-0.272621090233776,0.272621090233776
2,seeqst_binomial_q0.5,10,median_of_means,6,10,0.0,4.972135954999577,4.972135954999577
2,seeqst_binomial_q0.5,10,median_of_means,6,30,0.0,4.972135954999577,4.972135954999577
2,seeqst_binomial_q0.5,10,median_of_means,6,100,0.0,4.972135954999577,4.972135954999577
2,seeqst_binomial_q0.5,10,median_of_means,6,300,0.0,4.972135954999577,4.972135954999577
2,seeqst_binomial_q0.5,10,median_of_means,6,1000,-6.168674698795181,-1.196538743795604,1.196538743795604
2,seeqst_binomial_q0.5,10,median_of_means,6,3000,-8.192,-3.2198640450004232,3.2198640450004232
2,seeqst_binomial_q0.5,10,median_of_means,6,5000,-7.990396158463385,-3.018260203463808,3.018260203463808
2,seeqst_binomial_q0.5,10,median_of_means,6,10000,-7.990396158463385,-3.018260203463808,3.018260203463808
2,seeqst_binomial_q0.5,10,median_of_means,6,15000,-6.553599999999999,-1.5814640450004225,1.5814640450004225
2,seeqst_binomial_q0.5,10,median_of_means,6,20000,-6.759075907590759,-1.7869399525911822,1.7869399525911822
2,seeqst_binomial_q0.5,10,median_of_means,6,25000,-5.899183869419107,-0.9270479144195303,0.9270479144195303
2,seeqst_binomial_q0.5,10,median_of_means,6,30000,-6.9632000000000005,-1.9910640450004236,1.9910640450004236
2,seeqst_binomial_q0.5,10,median_of_means,6,35000,-5.091033773358478,-0.11889781835890112,0.11889781835890112
2,seeqst_binomial_q0.5,10,median_of_means,6,40000,-5.222922292229223,-0.2507863372296457,0.2507863372296457
2,seeqst_binomial_q0.5,10,median_of_means,6,45000,-4.983466666666667,-0.011330711667089766,0.011330711667089766
2,seeqst_binomial_q0.5,10,median_of_means,6,50000,-4.976839073562942,-0.0047031185633654715,0.0047031185633654715
2,seeqst_binomial_tuned,10,median_of_means,6,10,0.0,4.972135954999577,4.972135954999577
2,seeqst_binomial_tuned,10,median_of_means,6,30,0.0,4.972135954999577,4.972135954999577
2,seeqst_binomial_tuned,10,median_of_means,6,100,-4.656612873077392,0.31552308192218526,0.31552308192218526
2,seeqst_binomial_tuned,10,median_of_means,6,300,-4.470348358154296,0.501787596845281,0.501787596845281
2,seeqst_binomial_tuned,10,median_of_means,6,1000,-3.141811095088361,1.830324859911216,1.830324859911216
2,seeqst_binomial_tuned,10,median_of_means,6,3000,-4.917383193969726,0.05475276102985127,0.05475276102985127
2,seeqst_binomial_tuned,10,median_of_means,6,5000,-5.634892888429784,-0.6627569334302068,0.6627569334302068
2,seeqst_binomial_tuned,10,median_of_means,6,10000,-4.829908190082672,0.14222776491690503,0.14222776491690503
2,seeqst_binomial_tuned,10,median_of_means,6,15000,-5.096197128295897,-0.12406117329631972,0.12406117329631972
2,seeqst_binomial_tuned,10,median_of_means,6,20000,-4.9849369130333425,-0.012800958033765575,0.012800958033765575
2,seeqst_binomial_tuned,10,median_of_means,6,25000,-4.900285846272512,0.0718501087270651,0.0718501087270651
2,seeqst_binomial_tuned,10,median_of_means,6,30000,-4.962086677551268,0.01004927744830919,0.01004927744830919
2,seeqst_binomial_tuned,10,median_of_means,6,35000,-5.1859004326265605,-0.21376447762698358,0.21376447762698358
2,seeqst_binomial_tuned,10,median_of_means,6,40000,-5.074352821787304,-0.10221686678772723,0.10221686678772723
2,seeqst_binomial_tuned,10,median_of_means,6,45000,-5.036592483520506,-0.06445652852092909,0.06445652852092909
2,seeqst_binomial_tuned,10,median_of_means,6,50000,-4.926520951524094,0.04561500347548275,0.04561500347548275
3,pauli,10,median_of_means,6,10,-6.75,-1.777864045000423,1.777864045000423
3,pauli,10,median_of_means,6,30,-5.174999999999999,-0.202864045000422,0.202864045000422
3,pauli,10,median_of_means,6,100,-4.3593749999999964,0.6127609549995805,0.6127609549995805
3,pauli,10,median_of_means,6,300,-3.7349999999999977,1.2371359549995793,1.2371359549995793
3,pauli,10,median_of_means,6,1000,-1.721385542168674,3.250750412830903,3.250750412830903
3,pauli,10,median_of_means,6,3000,-4.826249999999996,0.14588595499958057,0.14588595499958057
3,pauli,10,median_of_means,6,5000,-4.100240096038413,0.8718958589611638,0.8718958589611638
3,pauli,10,median_of_means,6,10000,-4.916641656662662,0.05549429833691466,0.05549429833691466
3,pauli,10,median_of_means,6,15000,-8.103149999999996,-3.131014045000419,3.131014045000419
3,pauli,10,median_of_means,6,20000,-8.494374437443742,-3.5222384824441653,3.5222384824441653
3,pauli,10,median_of_means,6,25000,-7.95358257321171,-2.981446618212133,2.981446618212133
3,pauli,10,median_of_means,6,30000,-8.670149999999996,-3.698014045000419,3.698014045000419
3,pauli,10,median_of_means,6,35000,-6.877871592662434,-1.9057356376628567,1.9057356376628567
3,pauli,10,median_of_means,6,40000,-7.268283078307827,-2.29614712330825,2.29614712330825
3,pauli,10,median_of_means,6,45000,-7.637999999999996,-2.6658640450004194,2.6658640450004194
3,pauli,10,median_of_means,6,50000,-6.891215648625941,-1.9190796936263643,1.9190796936263643
3,clifford,10,median_of_means,6,10,1.3335686721571705e-15,4.972135954999579,4.972135954999579
3,clifford,10,median_of_means,6,30,-4.34138987545822e-15,4.9721359549995725,4.9721359549995725
3,clifford,10,median_of_means,6,100,-3.008661584082206e-15,4.972135954999574,4.972135954999574
3,clifford,10,median_of_means,6,300,-10.249999999999957,-5.27786404500038,5.27786404500038
3,clifford,10,median_of_means,6,1000,-3.0873493975903465,1.8847865574092304,1.8847865574092304
3,clifford,10,median_of_means,6,3000,-5.637499999999981,-0.6653640450004037,0.6653640450004037
3,clifford,10,median_of_means,6,5000,-3.9990996398559284,0.9730363151436485,0.9730363151436485
3,clifford,10,median_of_means,6,10000,-6.4600840336134215,-1.4879480786138446,1.4879480786138446
3,clifford,10,median_of_means,6,15000,-5.996249999999979,-1.0241140450004025,1.0241140450004025
3,clifford,10,median_of_means,6,20000,-5.804642964296409,-0.8325070092968323,0.8325070092968323
3,clifford,10,median_of_means,6,25000,-5.628150504080631,-0.6560145490810543,0.6560145490810543
3,clifford,10,median_of_means,6,30000,-5.483749999999981,-0.5116140450004041,0.5116140450004041
3,clifford,10,median_of_means,6,35000,-5.27172981313216,-0.29959385813258343,0.29959385813258343
3,clifford,10,median_of_means,6,40000,-5.535553555355515,-0.5634176003559377,0.5634176003559377
3,clifford,10,median_of_means,6,45000,-5.552083333333314,-0.5799473783337374,0.5799473783337374
3,clifford,10,median_of_means,6,50000,-5.458343333733328,-0.4862073787337513,0.4862073787337513
3,seeqst_uniform,10,median_of_means,6,10,0.0,4.972135954999577,4.972135954999577
3,seeqst_uniform,10,median_of_means,6,30,0.0,4.972135954999577,4.972135954999577
3,seeqst_uniform,10,median_of_means,6,100,0.0,4.972135954999577,4.972135954999577
3,seeqst_uniform,10,median_of_means,6,300,0.0,4.972135954999577,4.972135954999577
3,seeqst_uniform,10,median_of_means,6,1000,0.0,4.972135954999577,4.972135954999577
3,seeqst_uniform,10,median_of_means,6,3000,-2.048,2.924135954999577,2.924135954999577
3,seeqst_uniform,10,median_of_means,6,5000,-4.917166866746699,0.05496908825287772,0.05496908825287772
3,seeqst_uniform,10,median_of_means,6,10000,-4.302521008403361,0.6696149465962158,0.6696149465962158
3,seeqst_uniform,10,median_of_means,6,15000,-4.300800000000001,0.6713359549995763,0.6713359549995763
3,seeqst_uniform,10,median_of_means,6,20000,-5.222922292229223,-0.2507863372296457,0.2507863372296457
3,seeqst_uniform,10,median_of_means,6,25000,-5.4075852136341815,-0.4354492586346046,0.4354492586346046
3,seeqst_uniform,10,median_of_means,6,30000,-5.5296,-0.5574640450004233,0.5574640450004233
3,seeqst_uniform,10,median_of_means,6,35000,-5.617692439567976,-0.6455564845683988,0.6455564845683988
3,seeqst_uniform,10,median_of_means,6,40000,-5.7605760576057605,-0.7884401026061836,0.7884401026061836
3,seeqst_uniform,10,median_of_means,6,45000,-5.461333333333333,-0.4891973783337562,0.4891973783337562
3,seeqst_uniform,10,median_of_means,6,50000,-5.406936277451098,-0.43480032245152067,0.43480032245152067
3,seeqst_binomial_q0.09091,10,median_of_means,6,10,0.0,4.972135954999577,4.972135954999577
3,seeqst_binomial_q0.09091,10,median_of_means,6,30,0.0,4.972135954999577,4.972135954999577
3,seeqst_binomial_q0.09091,10,median_of_means,6,100,-8.10544518878515,-3.1333092337855737,3.1333092337855737
3,seeqst_binomial_q0.09091,10,median_of_means,6,300,-12.96871230205624,-7.996576347056663,7.996576347056663
3,seeqst_binomial_q0.09091,10,median_of_means,6,1000,-11.71871593559299,-6.746579980593412,6.746579980593412
3,seeqst_binomial_q0.09091,10,median_of_means,6,3000,-7.262478889151495,-2.2903429341519184,2.2903429341519184
3,seeqst_binomial_q0.09091,10,median_of_means,6,5000,-5.604725604730188,-0.6325896497306109,0.6325896497306109
3,seeqst_binomial_q0.09091,10,median_of_means,6,10000,-4.904134904138914,0.06800105086066299,0.06800105086066299
3,seeqst_binomial_q0.09091,10,median_of_means,6,15000,-4.564986730323797,0.40714922467577974,0.40714922467577974
3,seeqst_binomial_q0.09091,10,median_of_means,6,20000,-5.019393600255791,-0.0472576452562139,0.0472576452562139
3,seeqst_binomial_q0.09091,10,median_of_means,6,25000,-4.544963984878088,0.42717197012148933,0.42717197012148933
3,seeqst_binomial_q0.09091,10,median_of_means,6,30000,-5.083735222406047,-0.1115992674064703,0.1115992674064703
3,seeqst_binomial_q0.09091,10,median_of_means,6,35000,-4.6690032289247565,0.30313272607482045,0.30313272607482045
3,seeqst_binomial_q0.09091,10,median_of_means,6,40000,-5.233398753755069,-0.2612627987554923,0.2612627987554923
3,seeqst_binomial_q0.09091,10,median_of_means,6,45000,-5.308526235641689,-0.33639028064211196,0.33639028064211196
3,seeqst_binomial_q0.09091,10,median_of_means,6,50000,-5.5871447455156495,-0.6150087905160726,0.6150087905160726
3,seeqst_binomial_q0.5,10,median_of_means,6,10,0.0,4.972135954999577,4.972135954999577
3,seeqst_binomial_q0.5,10,median_of_means,6,30,0.0,4.972135954999577,4.972135954999577
3,seeqst_binomial_q0.5,10,median_of_means,6,100,0.0,4.972135954999577,4.972135954999577
3,seeqst_binomial_q0.5,10,median_of_means,6,300,0.0,4.972135954999577,4.972135954999577
3,seeqst_binomial_q0.5,10,median_of_means,6,1000,-6.168674698795181,-1.196538743795604,1.196538743795604
3,seeqst_binomial_q0.5,10,median_of_means,6,3000,-6.144,-1.1718640450004232,1.1718640450004232
3,seeqst_binomial_q0.5,10,median_of_means,6,5000,-5.531812725090036,-0.5596767700904595,0.5596767700904595
3,seeqst_binomial_q0.5,10,median_of_means,6,10000,-5.224489795918368,-0.2523538409187909,0.2523538409187909
3,seeqst_binomial_q0.5,10,median_of_means,6,15000,-5.7344,-0.762264045000423,0.762264045000423
3,seeqst_binomial_q0.5,10,median_of_means,6,20000,-5.990999099909991,-1.018863144910414,1.018863144910414
3,seeqst_binomial_q0.5,10,median_of_means,6,25000,-5.776284205472876,-0.8041482504732986,0.8041482504732986
3,seeqst_binomial_q0.5,10,median_of_means,6,30000,-6.0416,-1.069464045000423,1.069464045000423
3,seeqst_binomial_q0.5,10,median_of_means,6,35000,-6.319903994513973,-1.3477680395143956,1.3477680395143956
3,seeqst_binomial_q0.5,10,median_of_means,6,40000,-5.7605760576057605,-0.7884401026061836,0.7884401026061836
3,seeqst_binomial_q0.5,10,median_of_means,6,45000,-6.007466666666667,-1.0353307116670898,1.0353307116670898
3,seeqst_binomial_q0.5,10,median_of_means,6,50000,-5.529821192847714,-0.557685237848137,0.557685237848137
3,seeqst_binomial_tuned,10,median_of_means,6,10,0.0,4.972135954999577,4.972135954999577
3,seeqst_binomial_tuned,10,median_of_means,6,30,0.0,4.972135954999577,4.972135954999577
3,seeqst_binomial_tuned,10,median_of_means,6,100,0.0,4.972135954999577,4.972135954999577
3,seeqst_binomial_tuned,10,median_of_means,6,300,0.0,4.972135954999577,4.972135954999577
3,seeqst_binomial_tuned,10,median_of_means,6,1000,-2.692980938647166,2.279155016352411,2.279155016352411
3,seeqst_binomial_tuned,10,median_of_means,6,3000,-3.725290298461913,1.2468456565376638,1.2468456565376638
3,seeqst_binomial_tuned,10,median_of_means,6,5000,-4.651022701561091,0.32111325343848574,0.32111325343848574
3,seeqst_binomial_tuned,10,median_of_means,6,10000,-4.606301329430696,0.3658346255688807,0.3658346255688807
3,seeqst_binomial_tuned,10,median_of_means,6,15000,-4.559755325317381,0.4123806296821959,0.4123806296821959
3,seeqst_binomial_tuned,10,median_of_means,6,20000,-4.671981232394478,0.30015472260509934,0.30015472260509934
3,seeqst_binomial_tuned,10,median_of_means,6,25000,-4.775096061878688,0.19703989312088854,0.19703989312088854
3,seeqst_binomial_tuned,10,median_of_means,6,30000,-4.544854164123533,0.42728179087604357,0.42728179087604357
3,seeqst_binomial_tuned,10,median_of_means,6,35000,-4.560015897654391,0.4121200573451862,0.4121200573451862
3,seeqst_binomial_tuned,10,median_of_means,6,40000,-4.45961844910382,0.5125175058957572,0.5125175058957572
3,seeqst_binomial_tuned,10,median_of_means,6,45000,-4.6590963999430315,0.31303955505654546,0.31303955505654546
3,seeqst_binomial_tuned,10,median_of_means,6,50000,-4.72981775563747,0.2423181993621073,0.2423181993621073
4,pauli,10,median_of_means,6,10,-3.3749999999999987,1.5971359549995783,1.5971359549995783
4,pauli,10,median_of_means,6,30,-5.624999999999999,-0.6528640450004222,0.6528640450004222
4,pauli,10,median_of_means,6,100,-8.718749999999993,-3.746614045000416,3.746614045000416
4,pauli,10,median_of_means,6,300,-3.9149999999999987,1.0571359549995782,1.0571359549995782
4,pauli,10,median_of_means,6,1000,-6.851656626506021,-1.8795206715064436,1.8795206715064436
4,pauli,10,median_of_means,6,3000,-4.832999999999997,0.1391359549995803,0.1391359549995803
4,pauli,10,median_of_means,6,5000,-4.190726290516204,0.7814096644833732,0.7814096644833732
4,pauli,10,median_of_means,6,10000,-4.770108043217284,0.2020279117822925,0.2020279117822925
4,pauli,10,median_of_means,6,15000,-4.193099999999998,0.7790359549995793,0.7790359549995793
4,pauli,10,median_of_means,6,20000,-5.058280828082806,-0.08614487308322882,0.08614487308322882
4,pauli,10,median_of_means,6,25000,-4.642582813250117,0.32955314174945993,0.32955314174945993
4,pauli,10,median_of_means,6,30000,-5.320124999999997,-0.3479890450004204,0.3479890450004204
4,pauli,10,median_of_means,6,35000,-3.968455340305159,1.0036806146944182,1.0036806146944182
4,pauli,10,median_of_means,6,40000,-4.413928892889286,0.5582070621102906,0.5582070621102906
4,pauli,10,median_of_means,6,45000,-4.4671499999999975,0.5049859549995794,0.5049859549995794
4,pauli,10,median_of_means,6,50000,-4.6335203408136305,0.33861561418594643,0.33861561418594643
4,clifford,10,median_of_means,6,10,2.222614453595296e-16,4.972135954999577,4.972135954999577
4,clifford,10,median_of_means,6,30,4.23933799595913e-15,4.972135954999581,4.972135954999581
4,clifford,10,median_of_means,6,100,2.0347531291378855e-15,4.972135954999579,4.972135954999579
4,clifford,10,median_of_means,6,300,-1.2288148952864704e-15,4.972135954999576,4.972135954999576
4,clifford,10,median_of_means,6,1000,1.6209256159527285e-14,4.972135954999593,4.972135954999593
4,clifford,10,median_of_means,6,3000,-4.099999999999984,0.8721359549995933,0.8721359549995933
4,clifford,10,median_of_means,6,5000,-4.306722689075613,0.6654132659239638,0.6654132659239638
4,clifford,10,median_of_means,6,10000,-3.999099639855928,0.973036315143649,0.973036315143649
4,clifford,10,median_of_means,6,15000,-4.3562499999999815,0.6158859549995954,0.6158859549995954
4,clifford,10,median_of_means,6,20000,-4.4207545754575275,0.5513813795420495,0.5513813795420495
4,clifford,10,median_of_means,6,25000,-4.705502880460857,0.26663307453871976,0.26663307453871976
4,clifford,10,median_of_means,6,30000,-4.714999999999984,0.2571359549995931,0.2571359549995931
4,clifford,10,median_of_means,6,35000,-4.7445568318189455,0.22757912318063145,0.22757912318063145
4,clifford,10,median_of_means,6,40000,-4.574519951995183,0.39761600300439426,0.39761600300439426
4,clifford,10,median_of_means,6,45000,-4.834583333333316,0.13755262166626103,0.13755262166626103
4,clifford,10,median_of_means,6,50000,-4.751065042601686,0.22107091239789067,0.22107091239789067
4,seeqst_uniform,10,median_of_means,6,10,0.0,4.972135954999577,4.972135954999577
4,seeqst_uniform,10,median_of_means,6,30,0.0,4.972135954999577,4.972135954999577
4,seeqst_uniform,10,median_of_means,6,100,0.0,4.972135954999577,4.972135954999577
4,seeqst_uniform,10,median_of_means,6,300,0.0,4.972135954999577,4.972135954999577
4,seeqst_uniform,10,median_of_means,6,1000,-3.0843373493975905,1.8877986056019864,1.8877986056019864
4,seeqst_uniform,10,median_of_means,6,3000,-6.144,-1.1718640450004232,1.1718640450004232
4,seeqst_uniform,10,median_of_means,6,5000,-3.687875150060024,1.284260804939553,1.284260804939553
4,seeqst_uniform,10,median_of_means,6,10000,-4.917166866746698,0.054969088252878606,0.054969088252878606
4,seeqst_uniform,10,median_of_means,6,15000,-2.8672,2.104935954999577,2.104935954999577
4,seeqst_uniform,10,median_of_means,6,20000,-3.993999399939994,0.9781365550595829,0.9781365550595829
4,seeqst_uniform,10,median_of_means,6,25000,-3.1953912626020164,1.7767446923975605,1.7767446923975605
4,seeqst_uniform,10,median_of_means,6,30000,-3.5839999999999996,1.3881359549995773,1.3881359549995773
4,seeqst_uniform,10,median_of_means,6,35000,-3.423281330361735,1.5488546246378418,1.5488546246378418
4,seeqst_uniform,10,median_of_means,6,40000,-3.9171917191719174,1.0549442358276595,1.0549442358276595
4,seeqst_uniform,10,median_of_means,6,45000,-3.2768,1.6953359549995768,1.6953359549995768
4,seeqst_uniform,10,median_of_means,6,50000,-4.423856954278171,0.548279000721406,0.548279000721406
4,seeqst_binomial_q0.09091,10,median_of_means,6,10,0.0,4.972135954999577,4.972135954999577
4,seeqst_binomial_q0.09091,10,median_of_means,6,30,0.0,4.972135954999577,4.972135954999577
4,seeqst_binomial_q0.09091,10,median_of_means,6,100,0.0,4.972135954999577,4.972135954999577
4,seeqst_binomial_q0.09091,10,median_of_means,6,300,-2.593742460411248,2.378393494588329,2.378393494588329
4,seeqst_binomial_q0.09091,10,median_of_means,6,1000,-6.24998183231626,-1.2778458773166834,1.2778458773166834
4,seeqst_binomial_q0.09091,10,median_of_means,6,3000,-7.52185313519262,-2.549717180193043,2.549717180193043
4,seeqst_binomial_q0.09091,10,median_of_means,6,5000,-6.227472894144654,-1.255336939145077,1.255336939145077
4,seeqst_binomial_q0.09091,10,median_of_means,6,10000,-5.52688219355338,-0.5547462385538031,0.5547462385538031
4,seeqst_binomial_q0.09091,10,median_of_means,6,15000,-5.498734016071846,-0.5265980610722689,0.5265980610722689
4,seeqst_binomial_q0.09091,10,median_of_means,6,20000,-5.17503371189163,-0.20289775689205314,0.20289775689205314
4,seeqst_binomial_q0.09091,10,median_of_means,6,25000,-4.856262887951929,0.11587306704764799,0.11587306704764799
4,seeqst_binomial_q0.09091,10,median_of_means,6,30000,-4.902173250177259,0.06996270482231814,0.06996270482231814
4,seeqst_binomial_q0.09091,10,median_of_means,6,35000,-4.869103367307246,0.10303258769233103,0.10303258769233103
4,seeqst_binomial_q0.09091,10,median_of_means,6,40000,-4.941573544437873,0.03056241056170439,0.03056241056170439
4,seeqst_binomial_q0.09091,10,median_of_means,6,45000,-4.530403497518314,0.44173245748126266,0.44173245748126266
4,seeqst_binomial_q0.09091,10,median_of_means,6,50000,-4.684486262953232,0.2876496920463447,0.2876496920463447
4,seeqst_binomial_q0.5,10,median_of_means,6,10,0.0,4.972135954999577,4.972135954999577
4,seeqst_binomial_q0.5,10,median_of_means,6,30,0.0,4.972135954999577,4.972135954999577
4,seeqst_binomial_q0.5,10,median_of_means,6,100,0.0,4.972135954999577,4.972135954999577
4,seeqst_binomial_q0.5,10,median_of_means,6,300,0.0,4.972135954999577,4.972135954999577
4,seeqst_binomial_q0.5,10,median_of_means,6,1000,-3.0843373493975905,1.8877986056019864,1.8877986056019864
4,seeqst_binomial_q0.5,10,median_of_means,6,3000,-3.072,1.9001359549995769,1.9001359549995769
4,seeqst_binomial_q0.5,10,median_of_means,6,5000,-1.843937575030012,3.128198379969565,3.128198379969565
4,seeqst_binomial_q0.5,10,median_of_means,6,10000,-4.302521008403361,0.6696149465962158,0.6696149465962158
4,seeqst_binomial_q0.5,10,median_of_means,6,15000,-4.7104,0.261735954999577,0.261735954999577
4,seeqst_binomial_q0.5,10,median_of_means,6,20000,-3.3795379537953796,1.5925980012041974,1.5925980012041974
4,seeqst_binomial_q0.5,10,median_of_means,6,25000,-4.055688910225636,0.9164470447739408,0.9164470447739408
4,seeqst_binomial_q0.5,10,median_of_means,6,30000,-3.4816000000000003,1.4905359549995767,1.4905359549995767
4,seeqst_binomial_q0.5,10,median_of_means,6,35000,-3.862163552202983,1.1099724027965938,1.1099724027965938
4,seeqst_binomial_q0.5,10,median_of_means,6,40000,-3.686768676867687,1.28536727813189,1.28536727813189
4,seeqst_binomial_q0.5,10,median_of_means,6,45000,-3.8912,1.080935954999577,1.080935954999577
4,seeqst_binomial_q0.5,10,median_of_means,6,50000,-4.239529581183247,0.7326063738163295,0.7326063738163295
4,seeqst_binomial_tuned,10,median_of_means,6,10,0.0,4.972135954999577,4.972135954999577
4,seeqst_binomial_tuned,10,median_of_means,6,30,0.0,4.972135954999577,4.972135954999577
4,seeqst_binomial_tuned,10,median_of_means,6,100,-4.656612873077392,0.31552308192218526,0.31552308192218526
4,seeqst_binomial_tuned,10,median_of_means,6,300,-4.470348358154296,0.501787596845281,0.501787596845281
4,seeqst_binomial_tuned,10,median_of_means,6,1000,-4.937131720853138,0.03500423414643894,0.03500423414643894
4,seeqst_binomial_tuned,10,median_of_means,6,3000,-6.556510925292967,-1.58437497029339,1.58437497029339
4,seeqst_binomial_tuned,10,median_of_means,6,5000,-5.366564655647412,-0.3944287006478353,0.3944287006478353
4,seeqst_binomial_tuned,10,median_of_means,6,10000,-5.411286027777808,-0.43915007277823115,0.43915007277823115
4,seeqst_binomial_tuned,10,median_of_means,6,15000,-5.036592483520506,-0.06445652852092909,0.06445652852092909
4,seeqst_binomial_tuned,10,median_of_means,6,20000,-5.387308502426168,-0.41517254742659127,0.41517254742659127
4,seeqst_binomial_tuned,10,median_of_means,6,25000,-5.132781160146754,-0.16064520514717717,0.16064520514717717
4,seeqst_binomial_tuned,10,median_of_means,6,30000,-5.125999450683592,-0.15386349568401503,0.15386349568401503
4,seeqst_binomial_tuned,10,median_of_means,6,35000,-4.930437357127716,0.0416985978718607,0.0416985978718607
4,seeqst_binomial_tuned,10,median_of_means,6,40000,-5.1302377647585296,-0.1581018097589526,0.1581018097589526
4,seeqst_binomial_tuned,10,median_of_means,6,45000,-5.056460698445636,-0.084324743446059,0.084324743446059
4,seeqst_binomial_tuned,10,median_of_means,6,50000,-4.899697788448645,0.07243816655093216,0.07243816655093216
5,pauli,10,median_of_means,6,10,2.249999999999998,7.222135954999574,7.222135954999574
5,pauli,10,median_of_means,6,30,-2.2499999999999996,2.7221359549995774,2.7221359549995774
5,pauli,10,median_of_means,6,100,-6.890624999999996,-1.9184890450004186,1.9184890450004186
5,pauli,10,median_of_means,6,300,-3.6224999999999996,1.3496359549995773,1.3496359549995773
5,pauli,10,median_of_means,6,1000,-10.870481927710838,-5.898345972711261,5.898345972711261
5,pauli,10,median_of_means,6,3000,-4.8307499999999965,0.1413859549995804,0.1413859549995804
5,pauli,10,median_of_means,6,5000,-4.239345738295316,0.7327902167042613,0.7327902167042613
5,pauli,10,median_of_means,6,10000,-4.342662064825928,0.6294738901736485,0.6294738901736485
5,pauli,10,median_of_means,6,15000,-4.605749999999997,0.36638595499958004,0.36638595499958004
5,pauli,10,median_of_means,6,20000,-3.9383438343834367,1.0337921206161402,1.0337921206161402
5,pauli,10,median_of_means,6,25000,-3.7803348535765693,1.1918011014230077,1.1918011014230077
5,pauli,10,median_of_means,6,30000,-4.348574999999997,0.6235609549995802,0.6235609549995802
5,pauli,10,median_of_means,6,35000,-3.8319046802674417,1.1402312747321353,1.1402312747321353
5,pauli,10,median_of_means,6,40000,-3.1729860486048587,1.7991499063947183,1.7991499063947183
5,pauli,10,median_of_means,6,45000,-3.856049999999998,1.116085954999579,1.116085954999579
5,pauli,10,median_of_means,6,50000,-3.6392055682227262,1.3329303867768507,1.3329303867768507
5,clifford,10,median_of_means,6,10,6.168994353115365e-32,4.972135954999577,4.972135954999577
5,clifford,10,median_of_means,6,30,4.826695134644162e-15,4.972135954999581,4.972135954999581
5,clifford,10,median_of_means,6,100,3.134328901547401e-18,4.972135954999577,4.972135954999577
5,clifford,10,median_of_means,6,300,-5.124999999999984,-0.15286404500040707,0.15286404500040707
5,clifford,10,median_of_means,6,1000,-3.0873493975903514,1.8847865574092255,1.8847865574092255
5,clifford,10,median_of_means,6,3000,-4.099999999999984,0.8721359549995933,0.8721359549995933
5,clifford,10,median_of_means,6,5000,-5.229591836734675,-0.2574558817350985,0.2574558817350985
5,clifford,10,median_of_means,6,10000,-6.460084033613423,-1.4879480786138464,1.4879480786138464
5,clifford,10,median_of_means,6,15000,-5.22749999999998,-0.25536404500040266,0.25536404500040266
5,clifford,10,median_of_means,6,20000,-4.5745199519951845,0.3976160030043925,0.3976160030043925
5,clifford,10,median_of_means,6,25000,-4.4902184349495755,0.48191752005000144,0.48191752005000144
5,clifford,10,median_of_means,6,30000,-4.689374999999984,0.28276095499959286,0.28276095499959286
5,clifford,10,median_of_means,6,35000,-5.293695354020212,-0.3215593990206349,0.3215593990206349
5,clifford,10,median_of_means,6,40000,-5.304905490549036,-0.3327695355494589,0.3327695355494589
5,clifford,10,median_of_means,6,45000,-5.415416666666648,-0.4432807116670707,0.4432807116670707
5,clifford,10,median_of_means,6,50000,-5.504470178807134,-0.532334223807557,0.532334223807557
5,seeqst_uniform,10,median_of_means,6,10,0.0,4.972135954999577,4.972135954999577
5,seeqst_uniform,10,median_of_means,6,30,0.0,4.972135954999577,4.972135954999577
5,seeqst_uniform,10,median_of_means,6,100,0.0,4.972135954999577,4.972135954999577
5,seeqst_uniform,10,median_of_means,6,300,-10.24,-5.267864045000423,5.267864045000423
5,seeqst_uniform,10,median_of_means,6,1000,-6.168674698795181,-1.196538743795604,1.196538743795604
5,seeqst_uniform,10,median_of_means,6,3000,-8.192,-3.2198640450004232,3.2198640450004232
5,seeqst_uniform,10,median_of_means,6,5000,-5.531812725090036,-0.5596767700904595,0.5596767700904595
5,seeqst_uniform,10,median_of_means,6,10000,-3.3805522208883554,1.5915837341112216,1.5915837341112216
5,seeqst_uniform,10,median_of_means,6,15000,-4.096,0.8761359549995769,0.8761359549995769
5,seeqst_uniform,10,median_of_means,6,20000,-3.8403840384038403,1.1317519165957366,1.1317519165957366
5,seeqst_uniform,10,median_of_means,6,25000,-3.686989918386942,1.2851460366126348,1.2851460366126348
5,seeqst_uniform,10,median_of_means,6,30000,-3.6864,1.285735954999577,1.285735954999577
5,seeqst_uniform,10,median_of_means,6,35000,-4.037716440939482,0.934419514060095,0.934419514060095
5,seeqst_uniform,10,median_of_means,6,40000,-3.60996099609961,1.362174958899967,1.362174958899967
5,seeqst_uniform,10,median_of_means,6,45000,-3.9594666666666667,1.0126692883329103,1.0126692883329103
5,seeqst_uniform,10,median_of_means,6,50000,-3.9937597503900157,0.9783762046095612,0.9783762046095612
5,seeqst_binomial_q0.09091,10,median_of_means,6,10,0.0,4.972135954999577,4.972135954999577
5,seeqst_binomial_q0.09091,10,median_of_means,6,30,0.0,4.972135954999577,4.972135954999577
5,seeqst_binomial_q0.09091,10,median_of_means,6,100,0.0,4.972135954999577,4.972135954999577
5,seeqst_binomial_q0.09091,10,median_of_means,6,300,-5.187484920822496,-0.21534896582291907,0.21534896582291907
5,seeqst_binomial_q0.09091,10,median_of_means,6,1000,-4.687486374237196,0.2846495807623812,0.2846495807623812
5,seeqst_binomial_q0.09091,10,median_of_means,6,3000,-4.668736428740246,0.303399526259331,0.303399526259331
5,seeqst_binomial_q0.09091,10,median_of_means,6,5000,-4.826291492962106,0.1458444620374708,0.1458444620374708
5,seeqst_binomial_q0.09091,10,median_of_means,6,10000,-5.059821726492531,-0.08768577149295442,0.08768577149295442
5,seeqst_binomial_q0.09091,10,median_of_means,6,15000,-5.135610071614272,-0.1634741166146947,0.1634741166146947
5,seeqst_binomial_q0.09091,10,median_of_means,6,20000,-5.097213656073711,-0.12507770107413396,0.12507770107413396
5,seeqst_binomial_q0.09091,10,median_of_means,6,25000,-5.0741721201036185,-0.10203616510404157,0.10203616510404157
5,seeqst_binomial_q0.09091,10,median_of_means,6,30000,-4.876235825573147,0.09590012942642989,0.09590012942642989
5,seeqst_binomial_q0.09091,10,median_of_means,6,35000,-4.980270110853074,-0.008134155853497305,0.008134155853497305
5,seeqst_binomial_q0.09091,10,median_of_means,6,40000,-4.766478418847553,0.20565753615202365,0.20565753615202365
5,seeqst_binomial_q0.09091,10,median_of_means,6,45000,-5.083735222406046,-0.11159926740646942,0.11159926740646942
5,seeqst_binomial_q0.09091,10,median_of_means,6,50000,-5.011310885949969,-0.03917493095039237,0.03917493095039237
5,seeqst_binomial_q0.5,10,median_of_means,6,10,0.0,4.972135954999577,4.972135954999577
5,seeqst_binomial_q0.5,10,median_of_means,6,30,0.0,4.972135954999577,4.972135954999577
5,seeqst_binomial_q0.5,10,median_of_means,6,100,0.0,4.972135954999577,4.972135954999577
5,seeqst_binomial_q0.5,10,median_of_means,6,300,0.0,4.972135954999577,4.972135954999577
5,seeqst_binomial_q0.5,10,median_of_means,6,1000,-6.168674698795181,-1.196538743795604,1.196538743795604
5,seeqst_binomial_q0.5,10,median_of_means,6,3000,-7.168,-2.195864045000423,2.195864045000423
5,seeqst_binomial_q0.5,10,median_of_means,6,5000,-8.605042016806722,-3.6329060618071454,3.6329060618071454
5,seeqst_binomial_q0.5,10,median_of_means,6,10000,-5.531812725090036,-0.5596767700904595,0.5596767700904595
5,seeqst_binomial_q0.5,10,median_of_means,6,15000,-5.12,-0.14786404500042316,0.14786404500042316
5,seeqst_binomial_q0.5,10,median_of_means,6,20000,-6.144614461446144,-1.1724785064465673,1.1724785064465673
5,seeqst_binomial_q0.5,10,median_of_means,6,25000,-5.4075852136341815,-0.4354492586346046,0.4354492586346046
5,seeqst_binomial_q0.5,10,median_of_means,6,30000,-5.2224,-0.25026404500042343,0.25026404500042343
5,seeqst_binomial_q0.5,10,median_of_means,6,35000,-5.178810217726728,-0.20667426272715073,0.20667426272715073
5,seeqst_binomial_q0.5,10,median_of_means,6,40000,-5.222922292229223,-0.2507863372296457,0.2507863372296457
5,seeqst_binomial_q0.5,10,median_of_means,6,45000,-5.12,-0.14786404500042316,0.14786404500042316
5,seeqst_binomial_q0.5,10,median_of_means,6,50000,-5.284051362054482,-0.3119154070549053,0.3119154070549053
5,seeqst_binomial_tuned,10,median_of_means,6,10,0.0,4.972135954999577,4.972135954999577
5,seeqst_binomial_tuned,10,median_of_means,6,30,0.0,4.972135954999577,4.972135954999577
5,seeqst_binomial_tuned,10,median_of_means,6,100,-13.969838619232174,-8.997702664232598,8.997702664232598
5,seeqst_binomial_tuned,10,median_of_means,6,300,-4.470348358154296,0.501787596845281,0.501787596845281
5,seeqst_binomial_tuned,10,median_of_means,6,1000,-4.488301564411944,0.4838343905876332,0.4838343905876332
5,seeqst_binomial_tuned,10,median_of_means,6,3000,-4.023313522338865,0.9488224326607115,0.9488224326607115
5,seeqst_binomial_tuned,10,median_of_means,6,5000,-4.740465445821881,0.23167050917769583,0.23167050917769583
5,seeqst_binomial_tuned,10,median_of_means,6,10000,-4.561579957300301,0.41055599769927564,0.41055599769927564
5,seeqst_binomial_tuned,10,median_of_means,6,15000,-4.470348358154295,0.5017875968452818,0.5017875968452818
5,seeqst_binomial_tuned,10,median_of_means,6,20000,-4.403733506132594,0.5684024488669825,0.5684024488669825
5,seeqst_binomial_tuned,10,median_of_means,6,25000,-4.721443297138478,0.25069265786109884,0.25069265786109884
5,seeqst_binomial_tuned,10,median_of_means,6,30000,-4.604458808898924,0.36767714610065294,0.36767714610065294
5,seeqst_binomial_tuned,10,median_of_means,6,35000,-4.521696436329563,0.45043951867001386,0.45043951867001386
5,seeqst_binomial_tuned,10,median_of_means,6,40000,-4.549034357857781,0.4231015971417955,0.4231015971417955
5,seeqst_binomial_tuned,10,median_of_means,6,45000,-4.46041425069173,0.5117217043078472,0.5117217043078472
5,seeqst_binomial_tuned,10,median_of_means,6,50000,-4.533114559750845,0.43902139524873185,0.43902139524873185
6,pauli,10,median_of_means,6,10,-4.499999999999997,0.4721359549995796,0.4721359549995796
6,pauli,10,median_of_means,6,30,-8.099999999999994,-3.1278640450004174,3.1278640450004174
6,pauli,10,median_of_means,6,100,-5.484374999999996,-0.5122390450004186,0.5122390450004186
6,pauli,10,median_of_means,6,300,-3.3749999999999982,1.5971359549995787,1.5971359549995787
6,pauli,10,median_of_means,6,1000,-3.442771084337347,1.52936487066223,1.52936487066223
6,pauli,10,median_of_means,6,3000,-5.325749999999997,-0.3536140450004197,0.3536140450004197
6,pauli,10,median_of_means,6,5000,-3.4600840336134433,1.5120519213861336,1.5120519213861336
6,pauli,10,median_of_means,6,10000,-4.969312725090033,0.0028232299095440894,0.0028232299095440894
6,pauli,10,median_of_means,6,15000,-5.197949999999997,-0.22581404500042002,0.22581404500042002
6,pauli,10,median_of_means,6,20000,-5.239198919891987,-0.26706296489240966,0.26706296489240966
6,pauli,10,median_of_means,6,25000,-3.410645703312528,1.561490251687049,1.561490251687049
6,pauli,10,median_of_means,6,30000,-4.326299999999997,0.6458359549995798,0.6458359549995798
6,pauli,10,median_of_means,6,35000,-3.810110577747297,1.16202537725228,1.16202537725228
6,pauli,10,median_of_means,6,40000,-4.4944306930693045,0.4777052619302724,0.4777052619302724
6,pauli,10,median_of_means,6,45000,-3.174599999999998,1.7975359549995789,1.7975359549995789
6,pauli,10,median_of_means,6,50000,-4.211088443537738,0.7610475114618387,0.7610475114618387
6,clifford,10,median_of_means,6,10,-4.858244312236736e-16,4.972135954999576,4.972135954999576
6,clifford,10,median_of_means,6,30,6.4743468371349595e-16,4.972135954999578,4.972135954999578
6,clifford,10,median_of_means,6,100,-8.007812499999947,-3.0356765450003698,3.0356765450003698
6,clifford,10,median_of_means,6,300,-10.249999999999972,-5.277864045000395,5.277864045000395
6,clifford,10,median_of_means,6,1000,-6.174698795180697,-1.2025628401811197,1.2025628401811197
6,clifford,10,median_of_means,6,3000,-4.868749999999981,0.10338595499959613,0.10338595499959613
6,clifford,10,median_of_means,6,5000,-4.921968787514988,0.05016716748458894,0.05016716748458894
6,clifford,10,median_of_means,6,10000,-5.306497599039592,-0.33436164404001545,0.33436164404001545
6,clifford,10,median_of_means,6,15000,-4.971249999999982,0.0008859549995952065,0.0008859549995952065
6,clifford,10,median_of_means,6,20000,-5.38178817881786,-0.40965222381828337,0.40965222381828337
6,clifford,10,median_of_means,6,25000,-4.705502880460858,0.2666330745387189,0.2666330745387189
6,clifford,10,median_of_means,6,30000,-5.227499999999981,-0.25536404500040444,0.25536404500040444
6,clifford,10,median_of_means,6,35000,-4.854384536259198,0.11775141874037853,0.11775141874037853
6,clifford,10,median_of_means,6,40000,-4.862830033003281,0.10930592199629618,0.10930592199629618
6,clifford,10,median_of_means,6,45000,-4.91999999999998,0.05213595499959656,0.05213595499959656
6,clifford,10,median_of_means,6,50000,-5.212333493339714,-0.24019753834013713,0.24019753834013713
6,seeqst_uniform,10,median_of_means,6,10,0.0,4.972135954999577,4.972135954999577
6,seeqst_uniform,10,median_of_means,6,30,0.0,4.972135954999577,4.972135954999577
6,seeqst_uniform,10,median_of_means,6,100,0.0,4.972135954999577,4.972135954999577
6,seeqst_uniform,10,median_of_means,6,300,-20.48,-15.507864045000424,15.507864045000424
6,seeqst_uniform,10,median_of_means,6,1000,-6.168674698795181,-1.196538743795604,1.196538743795604
6,seeqst_uniform,10,median_of_means,6,3000,-6.144,-1.1718640450004232,1.1718640450004232
6,seeqst_uniform,10,median_of_means,6,5000,-3.073229291716687,1.8989066632828902,1.8989066632828902
6,seeqst_uniform,10,median_of_means,6,10000,-5.839135654261705,-0.866999699262128,0.866999699262128
6,seeqst_uniform,10,median_of_means,6,15000,-5.5296,-0.5574640450004233,0.5574640450004233
6,seeqst_uniform,10,median_of_means,6,20000,-4.915691569156916,0.05644438584266087,0.05644438584266087
6,seeqst_uniform,10,median_of_means,6,25000,-5.161785885741718,-0.18964993074214131,0.18964993074214131
6,seeqst_uniform,10,median_of_means,6,30000,-5.2224,-0.25026404500042343,0.25026404500042343
6,seeqst_uniform,10,median_of_means,6,35000,-5.529915995199726,-0.5577800402001492,0.5577800402001492
6,seeqst_uniform,10,median_of_means,6,40000,-5.453345334533454,-0.481209379533877,0.481209379533877
6,seeqst_uniform,10,median_of_means,6,45000,-5.5296,-0.5574640450004233,0.5574640450004233
6,seeqst_uniform,10,median_of_means,6,50000,-5.222608904356174,-0.25047294935659714,0.25047294935659714
6,seeqst_binomial_q0.09091,10,median_of_means,6,10,0.0,4.972135954999577,4.972135954999577
6,seeqst_binomial_q0.09091,10,median_of_means,6,30,0.0,4.972135954999577,4.972135954999577
6,seeqst_binomial_q0.09091,10,median_of_means,6,100,-8.10544518878515,-3.1333092337855737,3.1333092337855737
6,seeqst_binomial_q0.09091,10,median_of_means,6,300,-5.187484920822496,-0.21534896582291907,0.21534896582291907
6,seeqst_binomial_q0.09091,10,median_of_means,6,1000,-1.562495458079065,3.409640496920512,3.409640496920512
6,seeqst_binomial_q0.09091,10,median_of_means,6,3000,-2.853116706452373,2.119019248547204,2.119019248547204
6,seeqst_binomial_q0.09091,10,median_of_means,6,5000,-3.736483736486792,1.2356522185127847,1.2356522185127847
6,seeqst_binomial_q0.09091,10,median_of_means,6,10000,-4.6706046706084905,0.30153128439108645,0.30153128439108645
6,seeqst_binomial_q0.09091,10,median_of_means,6,15000,-4.720611277948473,0.25152467705110393,0.25152467705110393
6,seeqst_binomial_q0.09091,10,median_of_means,6,20000,-4.785933432802033,0.18620252219754363,0.18620252219754363
6,seeqst_binomial_q0.09091,10,median_of_means,6,25000,-4.700613436415008,0.2715225185845691,0.2715225185845691
6,seeqst_binomial_q0.09091,10,median_of_means,6,30000,-4.7724861271566965,0.19964982784288043,0.19964982784288043
6,seeqst_binomial_q0.09091,10,median_of_means,6,35000,-4.7579366237614185,0.21419933123815849,0.21419933123815849
6,seeqst_binomial_q0.09091,10,median_of_means,6,40000,-4.649748335120675,0.32238761987890197,0.32238761987890197
6,seeqst_binomial_q0.09091,10,median_of_means,6,45000,-4.59956996312928,0.3725659918702968,0.3725659918702968
6,seeqst_binomial_q0.09091,10,median_of_means,6,50000,-4.762301649381027,0.20983430561854988,0.20983430561854988
6,seeqst_binomial_q0.5,10,median_of_means,6,10,0.0,4.972135954999577,4.972135954999577
6,seeqst_binomial_q0.5,10,median_of_means,6,30,0.0,4.972135954999577,4.972135954999577
6,seeqst_binomial_q0.5,10,median_of_means,6,100,0.0,4.972135954999577,4.972135954999577
6,seeqst_binomial_q0.5,10,median_of_means,6,300,0.0,4.972135954999577,4.972135954999577
6,seeqst_binomial_q0.5,10,median_of_means,6,1000,-12.337349397590362,-7.365213442590785,7.365213442590785
6,seeqst_binomial_q0.5,10,median_of_means,6,3000,-4.096,0.8761359549995769,0.8761359549995769
6,seeqst_binomial_q0.5,10,median_of_means,6,5000,-4.302521008403361,0.6696149465962158,0.6696149465962158
6,seeqst_binomial_q0.5,10,median_of_means,6,10000,-5.224489795918368,-0.2523538409187909,0.2523538409187909
6,seeqst_binomial_q0.5,10,median_of_means,6,15000,-5.5296,-0.5574640450004233,0.5574640450004233
6,seeqst_binomial_q0.5,10,median_of_means,6,20000,-5.222922292229223,-0.2507863372296457,0.2507863372296457
6,seeqst_binomial_q0.5,10,median_of_means,6,25000,-4.42438790206433,0.5477480529352468,0.5477480529352468
6,seeqst_binomial_q0.5,10,median_of_means,6,30000,-4.7104,0.261735954999577,0.261735954999577
6,seeqst_binomial_q0.5,10,median_of_means,6,35000,-4.213269329675981,0.7588666253235958,0.7588666253235958
6,seeqst_binomial_q0.5,10,median_of_means,6,40000,-4.915691569156916,0.05644438584266087,0.05644438584266087
6,seeqst_binomial_q0.5,10,median_of_means,6,45000,-4.642133333333334,0.3300026216662433,0.3300026216662433
6,seeqst_binomial_q0.5,10,median_of_means,6,50000,-4.423856954278172,0.5482790007214051,0.5482790007214051
6,seeqst_binomial_tuned,10,median_of_means,6,10,0.0,4.972135954999577,4.972135954999577
6,seeqst_binomial_tuned,10,median_of_means,6,30,0.0,4.972135954999577,4.972135954999577
6,seeqst_binomial_tuned,10,median_of_means,6,100,0.0,4.972135954999577,4.972135954999577
6,seeqst_binomial_tuned,10,median_of_means,6,300,-5.960464477539062,-0.9883285225394847,0.9883285225394847
6,seeqst_binomial_tuned,10,median_of_means,6,1000,-6.732452346617915,-1.7603163916183382,1.7603163916183382
6,seeqst_binomial_tuned,10,median_of_means,6,3000,-4.768371582031248,0.20376437296832872,0.20376437296832872
6,seeqst_binomial_tuned,10,median_of_means,6,5000,-5.187679167125832,-0.2155432121262555,0.2155432121262555
6,seeqst_binomial_tuned,10,median_of_means,6,10000,-5.1429577949954375,-0.17082183999586054,0.17082183999586054
6,seeqst_binomial_tuned,10,median_of_means,6,15000,-4.827976226806639,0.1441597281929381,0.1441597281929381
6,seeqst_binomial_tuned,10,median_of_means,6,20000,-4.78375111833693,0.18838483666264683,0.18838483666264683
6,seeqst_binomial_tuned,10,median_of_means,6,25000,-4.578369257831252,0.39376669716832513,0.39376669716832513
6,seeqst_binomial_tuned,10,median_of_means,6,30000,-4.485249519348143,0.4868864356514342,0.4868864356514342
6,seeqst_binomial_tuned,10,median_of_means,6,35000,-4.5983353589792175,0.3738005960203594,0.3738005960203594
6,seeqst_binomial_tuned,10,median_of_means,6,40000,-4.537857369263536,0.43427858573604095,0.43427858573604095
6,seeqst_binomial_tuned,10,median_of_means,6,45000,-4.361073176066078,0.6110627789334986,0.6110627789334986
6,seeqst_binomial_tuned,10,median_of_means,6,50000,-4.255941874637874,0.7161940803617028,0.7161940803617028
7,pauli,10,median_of_means,6,10,1.1250000000000007,6.097135954999578,6.097135954999578
7,pauli,10,median_of_means,6,30,2.924999999999998,7.897135954999575,7.897135954999575
7,pauli,10,median_of_means,6,100,-0.4218749999999989,4.550260954999578,4.550260954999578
7,pauli,10,median_of_means,6,300,-2.4299999999999993,2.5421359549995777,2.5421359549995777
7,pauli,10,median_of_means,6,1000,-1.1453313253012047,3.826804629698372,3.826804629698372
7,pauli,10,median_of_means,6,3000,-3.712499999999998,1.2596359549995788,1.2596359549995788
7,pauli,10,median_of_means,6,5000,-3.6451080432172853,1.3270279117822916,1.3270279117822916
7,pauli,10,median_of_means,6,10000,-4.530387154861942,0.44174880013763484,0.44174880013763484
7,pauli,10,median_of_means,6,15000,-5.872499999999997,-0.90036404500042,0.90036404500042
7,pauli,10,median_of_means,6,20000,-4.882425742574254,0.08971021242532284,0.08971021242532284
7,pauli,10,median_of_means,6,25000,-5.9393302928468525,-0.9671943378472756,0.9671943378472756
7,pauli,10,median_of_means,6,30000,-5.8124249999999975,-0.8402890450004206,0.8402890450004206
7,pauli,10,median_of_means,6,35000,-5.48459197668438,-0.5124560216848026,0.5124560216848026
7,pauli,10,median_of_means,6,40000,-5.795454545454542,-0.8233185904549654,0.8233185904549654
7,pauli,10,median_of_means,6,45000,-5.074199999999998,-0.10206404500042066,0.10206404500042066
7,pauli,10,median_of_means,6,50000,-5.3290681627265055,-0.3569322077269286,0.3569322077269286
7,clifford,10,median_of_means,6,10,-1.7547103790019352e-15,4.972135954999575,4.972135954999575
7,clifford,10,median_of_means,6,30,1.9936939971478757e-16,4.972135954999577,4.972135954999577
7,clifford,10,median_of_means,6,100,-9.85754814239827e-16,4.972135954999576,4.972135954999576
7,clifford,10,median_of_means,6,300,7.687499999999968,12.659635954999544,12.659635954999544
7,clifford,10,median_of_means,6,1000,9.162343757941044e-16,4.972135954999578,4.972135954999578
7,clifford,10,median_of_means,6,3000,-2.049999999999994,2.922135954999583,2.922135954999583
7,clifford,10,median_of_means,6,5000,-4.4605342136854595,0.5116017413141174,0.5116017413141174
7,clifford,10,median_of_means,6,10000,-3.6145708283313223,1.3575651266682547,1.3575651266682547
7,clifford,10,median_of_means,6,15000,-4.253749999999984,0.7183859549995928,0.7183859549995928
7,clifford,10,median_of_means,6,20000,-4.151665166516636,0.8204707884829405,0.8204707884829405
7,clifford,10,median_of_means,6,25000,-4.15191430628899,0.8202216487105867,0.8202216487105867
7,clifford,10,median_of_means,6,30000,-4.279374999999985,0.6927609549995921,0.6927609549995921
7,clifford,10,median_of_means,6,35000,-4.459004800274284,0.5131311547252926,0.5131311547252926
7,clifford,10,median_of_means,6,40000,-4.286209870987083,0.6859260840124941,0.6859260840124941
7,clifford,10,median_of_means,6,45000,-4.082916666666652,0.8892192883329253,0.8892192883329253
7,clifford,10,median_of_means,6,50000,-4.28979659186366,0.6823393631359167,0.6823393631359167
7,seeqst_uniform,10,median_of_means,6,10,0.0,4.972135954999577,4.972135954999577
7,seeqst_uniform,10,median_of_means,6,30,0.0,4.972135954999577,4.972135954999577
7,seeqst_uniform,10,median_of_means,6,100,0.0,4.972135954999577,4.972135954999577
7,seeqst_uniform,10,median_of_means,6,300,0.0,4.972135954999577,4.972135954999577
7,seeqst_uniform,10,median_of_means,6,1000,-6.168674698795181,-1.196538743795604,1.196538743795604
7,seeqst_uniform,10,median_of_means,6,3000,-9.216000000000001,-4.243864045000424,4.243864045000424
7,seeqst_uniform,10,median_of_means,6,5000,-8.605042016806722,-3.6329060618071454,3.6329060618071454
7,seeqst_uniform,10,median_of_means,6,10000,-7.375750300120048,-2.403614345120471,2.403614345120471
7,seeqst_uniform,10,median_of_means,6,15000,-6.7584,-1.786264045000423,1.786264045000423
7,seeqst_uniform,10,median_of_means,6,20000,-6.451845184518452,-1.4797092295188747,1.4797092295188747
7,seeqst_uniform,10,median_of_means,6,25000,-6.882381180988959,-1.9102452259893816,1.9102452259893816
7,seeqst_uniform,10,median_of_means,6,30000,-6.4512,-1.479064045000423,1.479064045000423
7,seeqst_uniform,10,median_of_means,6,35000,-6.144351105777473,-1.1722151507778964,1.1722151507778964
7,seeqst_uniform,10,median_of_means,6,40000,-5.7605760576057605,-0.7884401026061836,0.7884401026061836
7,seeqst_uniform,10,median_of_means,6,45000,-5.666133333333333,-0.6939973783337559,0.6939973783337559
7,seeqst_uniform,10,median_of_means,6,50000,-5.222608904356174,-0.25047294935659714,0.25047294935659714
7,seeqst_binomial_q0.09091,10,median_of_means,6,10,0.0,4.972135954999577,4.972135954999577
7,seeqst_binomial_q0.09091,10,median_of_means,6,30,-25.937424604112483,-20.965288649112907,20.965288649112907
7,seeqst_binomial_q0.09091,10,median_of_means,6,100,0.0,4.972135954999577,4.972135954999577
7,seeqst_binomial_q0.09091,10,median_of_means,6,300,-7.7812273812337445,-2.8090914262341675,2.8090914262341675
7,seeqst_binomial_q0.09091,10,median_of_means,6,1000,-6.249981832316261,-1.2778458773166843,1.2778458773166843
7,seeqst_binomial_q0.09091,10,median_of_means,6,3000,-5.4468591668636215,-0.47472321186404454,0.47472321186404454
7,seeqst_binomial_q0.09091,10,median_of_means,6,5000,-4.9819783153157235,-0.009842360316146603,0.009842360316146603
7,seeqst_binomial_q0.09091,10,median_of_means,6,10000,-5.3711953711997635,-0.3990594162001866,0.3990594162001866
7,seeqst_binomial_q0.09091,10,median_of_means,6,15000,-5.550608865280071,-0.5784729102804942,0.5784729102804942
7,seeqst_binomial_q0.09091,10,median_of_means,6,20000,-5.2917637956185075,-0.31962784061893057,0.31962784061893057
7,seeqst_binomial_q0.09091,10,median_of_means,6,25000,-5.105302010411002,-0.1331660554114249,0.1331660554114249
7,seeqst_binomial_q0.09091,10,median_of_means,6,30000,-4.616861579532022,0.35527437546755536,0.35527437546755536
7,seeqst_binomial_q0.09091,10,median_of_means,6,35000,-4.246569603450612,0.7255663515489648,0.7255663515489648
7,seeqst_binomial_q0.09091,10,median_of_means,6,40000,-4.241193042076598,0.7309429129229787,0.7309429129229787
7,seeqst_binomial_q0.09091,10,median_of_means,6,45000,-4.513111881115572,0.459024073884005,0.459024073884005
7,seeqst_binomial_q0.09091,10,median_of_means,6,50000,-4.497729335526525,0.4744066194730516,0.4744066194730516
7,seeqst_binomial_q0.5,10,median_of_means,6,10,0.0,4.972135954999577,4.972135954999577
7,seeqst_binomial_q0.5,10,median_of_means,6,30,0.0,4.972135954999577,4.972135954999577
7,seeqst_binomial_q0.5,10,median_of_means,6,100,0.0,4.972135954999577,4.972135954999577
7,seeqst_binomial_q0.5,10,median_of_means,6,300,0.0,4.972135954999577,4.972135954999577
7,seeqst_binomial_q0.5,10,median_of_means,6,1000,-3.0843373493975905,1.8877986056019864,1.8877986056019864
7,seeqst_binomial_q0.5,10,median_of_means,6,3000,0.0,4.972135954999577,4.972135954999577
7,seeqst_binomial_q0.5,10,median_of_means,6,5000,-3.687875150060024,1.284260804939553,1.284260804939553
7,seeqst_binomial_q0.5,10,median_of_means,6,10000,-2.765906362545018,2.2062295924545587,2.2062295924545587
7,seeqst_binomial_q0.5,10,median_of_means,6,15000,-2.8672,2.104935954999577,2.104935954999577
7,seeqst_binomial_q0.5,10,median_of_means,6,20000,-3.3795379537953796,1.5925980012041974,1.5925980012041974
7,seeqst_binomial_q0.5,10,median_of_means,6,25000,-3.318290926548248,1.6538450284513289,1.6538450284513289
7,seeqst_binomial_q0.5,10,median_of_means,6,30000,-3.6864,1.285735954999577,1.285735954999577
7,seeqst_binomial_q0.5,10,median_of_means,6,35000,-3.686610663466484,1.285525291533093,1.285525291533093
7,seeqst_binomial_q0.5,10,median_of_means,6,40000,-4.685268526852685,0.28686742814689214,0.28686742814689214
7,seeqst_binomial_q0.5,10,median_of_means,6,45000,-4.642133333333334,0.3300026216662433,0.3300026216662433
7,seeqst_binomial_q0.5,10,median_of_means,6,50000,-4.3009720388815555,0.6711639161180214,0.6711639161180214
7,seeqst_binomial_tuned,10,median_of_means,6,10,0.0,4.972135954999577,4.972135954999577
7,seeqst_binomial_tuned,10,median_of_means,6,30,0.0,4.972135954999577,4.972135954999577
7,seeqst_binomial_tuned,10,median_of_means,6,100,-13.969838619232174,-8.997702664232598,8.997702664232598
7,seeqst_binomial_tuned,10,median_of_means,6,300,-8.940696716308592,-3.968560761309015,3.968560761309015
7,seeqst_binomial_tuned,10,median_of_means,6,1000,-7.630112659500305,-2.6579767045007276,2.6579767045007276
7,seeqst_binomial_tuned,10,median_of_means,6,3000,-4.172325134277342,0.799810820722235,0.799810820722235
7,seeqst_binomial_tuned,10,median_of_means,6,5000,-5.366564655647413,-0.3944287006478362,0.3944287006478362
7,seeqst_binomial_tuned,10,median_of_means,6,10000,-4.829908190082672,0.14222776491690503,0.14222776491690503
7,seeqst_binomial_tuned,10,median_of_means,6,15000,-4.857778549194334,0.11435740580524278,0.11435740580524278
7,seeqst_binomial_tuned,10,median_of_means,6,20000,-4.359025551755614,0.6131104032439634,0.6131104032439634
7,seeqst_binomial_tuned,10,median_of_means,6,25000,-4.542600748004444,0.4295352069951326,0.4295352069951326
7,seeqst_binomial_tuned,10,median_of_means,6,30000,-4.723668098449705,0.2484678565498717,0.2484678565498717
7,seeqst_binomial_tuned,10,median_of_means,6,35000,-4.3939648985801405,0.5781710564194364,0.5781710564194364
7,seeqst_binomial_tuned,10,median_of_means,6,40000,-4.560211346452027,0.4119246085475501,0.4119246085475501
7,seeqst_binomial_tuned,10,median_of_means,6,45000,-4.579623540242511,0.392512414757066,0.392512414757066
7,seeqst_binomial_tuned,10,median_of_means,6,50000,-4.676171429486573,0.29596452551300434,0.29596452551300434
8,pauli,10,median_of_means,6,10,-5.6249999999999964,-0.6528640450004195,0.6528640450004195
8,pauli,10,median_of_means,6,30,-6.974999999999994,-2.0028640450004174,2.0028640450004174
8,pauli,10,median_of_means,6,100,-3.445312499999997,1.52682345499958,1.52682345499958
8,pauli,10,median_of_means,6,300,1.304999999999999,6.277135954999576,6.277135954999576
8,pauli,10,median_of_means,6,1000,-4.621987951807227,0.3501480031923503,0.3501480031923503
8,pauli,10,median_of_means,6,3000,-4.821749999999996,0.15038595499958074,0.15038595499958074
8,pauli,10,median_of_means,6,5000,-5.299519807923167,-0.32738385292358974,0.32738385292358974
8,pauli,10,median_of_means,6,10000,-5.4190426170468164,-0.4469066620472395,0.4469066620472395
8,pauli,10,median_of_means,6,15000,-4.933349999999997,0.03878595499957971,0.03878595499957971
8,pauli,10,median_of_means,6,20000,-4.884113411341131,0.08802254365844586,0.08802254365844586
8,pauli,10,median_of_means,6,25000,-5.061419827172346,-0.08928387217276867,0.08928387217276867
8,pauli,10,median_of_means,6,30000,-5.269499999999997,-0.29736404500042024,0.29736404500042024
8,pauli,10,median_of_means,6,35000,-4.944368249614262,0.027767705385315367,0.027767705385315367
8,pauli,10,median_of_means,6,40000,-4.961914941494147,0.010221013505430143,0.010221013505430143
8,pauli,10,median_of_means,6,45000,-5.405099999999997,-0.4329640450004204,0.4329640450004204
8,pauli,10,median_of_means,6,50000,-5.035161406456256,-0.06302545145667882,0.06302545145667882
8,clifford,10,median_of_means,6,10,2.2226144535952836e-16,4.972135954999577,4.972135954999577
8,clifford,10,median_of_means,6,30,-5.2522865128661035e-15,4.972135954999572,4.972135954999572
8,clifford,10,median_of_means,6,100,-3.5354942170418562e-15,4.972135954999573,4.972135954999573
8,clifford,10,median_of_means,6,300,-12.812499999999952,-7.840364045000375,7.840364045000375
8,clifford,10,median_of_means,6,1000,-3.859186746987935,1.112949208011642,1.112949208011642
8,clifford,10,median_of_means,6,3000,-5.381249999999975,-0.40911404500039783,0.40911404500039783
8,clifford,10,median_of_means,6,5000,-4.768157262905145,0.20397869209443176,0.20397869209443176
8,clifford,10,median_of_means,6,10000,-5.306497599039597,-0.3343616440400199,0.3343616440400199
8,clifford,10,median_of_means,6,15000,-5.329999999999982,-0.35786404500040536,0.35786404500040536
8,clifford,10,median_of_means,6,20000,-5.266464146414622,-0.29432819141504485,0.29432819141504485
8,clifford,10,median_of_means,6,25000,-4.9515422467594625,0.020593708240114417,0.020593708240114417
8,clifford,10,median_of_means,6,30000,-4.766249999999982,0.20588595499959528,0.20588595499959528
8,clifford,10,median_of_means,6,35000,-4.832418995371146,0.1397169596284309,0.1397169596284309
8,clifford,10,median_of_means,6,40000,-4.747506000600043,0.22462995439953382,0.22462995439953382
8,clifford,10,median_of_means,6,45000,-4.919999999999981,0.05213595499959567,0.05213595499959567
8,clifford,10,median_of_means,6,50000,-4.781816272650888,0.19031968234868923,0.19031968234868923
8,seeqst_uniform,10,median_of_means,6,10,0.0,4.972135954999577,4.972135954999577
8,seeqst_uniform,10,median_of_means,6,30,0.0,4.972135954999577,4.972135954999577
8,seeqst_uniform,10,median_of_means,6,100,0.0,4.972135954999577,4.972135954999577
8,seeqst_uniform,10,median_of_means,6,300,0.0,4.972135954999577,4.972135954999577
8,seeqst_uniform,10,median_of_means,6,1000,-3.0843373493975905,1.8877986056019864,1.8877986056019864
8,seeqst_uniform,10,median_of_means,6,3000,-3.072,1.9001359549995769,1.9001359549995769
8,seeqst_uniform,10,median_of_means,6,5000,-4.302521008403361,0.6696149465962158,0.6696149465962158
8,seeqst_uniform,10,median_of_means,6,10000,-3.9951980792316926,0.9769378757678844,0.9769378757678844
8,seeqst_uniform,10,median_of_means,6,15000,-4.300800000000001,0.6713359549995763,0.6713359549995763
8,seeqst_uniform,10,median_of_means,6,20000,-5.837383738373838,-0.8652477833742607,0.8652477833742607
8,seeqst_uniform,10,median_of_means,6,25000,-6.5136821891502645,-1.5415462341506876,1.5415462341506876
8,seeqst_uniform,10,median_of_means,6,30000,-5.7344,-0.762264045000423,0.762264045000423
8,seeqst_uniform,10,median_of_means,6,35000,-6.056574661409224,-1.0844387064096468,1.0844387064096468
8,seeqst_uniform,10,median_of_means,6,40000,-5.837383738373838,-0.8652477833742607,0.8652477833742607
8,seeqst_uniform,10,median_of_means,6,45000,-5.461333333333333,-0.4891973783337562,0.4891973783337562
8,seeqst_uniform,10,median_of_means,6,50000,-5.099723988959559,-0.12758803395998175,0.12758803395998175
8,seeqst_binomial_q0.09091,10,median_of_means,6,10,0.0,4.972135954999577,4.972135954999577
8,seeqst_binomial_q0.09091,10,median_of_means,6,30,0.0,4.972135954999577,4.972135954999577
8,seeqst_binomial_q0.09091,10,median_of_means,6,100,0.0,4.972135954999577,4.972135954999577
8,seeqst_binomial_q0.09091,10,median_of_means,6,300,-2.593742460411248,2.378393494588329,2.378393494588329
8,seeqst_binomial_q0.09091,10,median_of_means,6,1000,-7.812477290395327,-2.84034133539575,2.84034133539575
8,seeqst_binomial_q0.09091,10,median_of_means,6,3000,-3.371865198534623,1.6002707564649539,1.6002707564649539
8,seeqst_binomial_q0.09091,10,median_of_means,6,5000,-3.580796914133176,1.3913390408664008,1.3913390408664008
8,seeqst_binomial_q0.09091,10,median_of_means,6,10000,-4.28138761472445,0.6907483402751273,0.6907483402751273
8,seeqst_binomial_q0.09091,10,median_of_means,6,15000,-4.357487333490897,0.6146486215086799,0.6146486215086799
8,seeqst_binomial_q0.09091,10,median_of_means,6,20000,-4.747023404893074,0.22511255010650277,0.22511255010650277
8,seeqst_binomial_q0.09091,10,median_of_means,6,25000,-4.63835365580024,0.33378229919933666,0.33378229919933666
8,seeqst_binomial_q0.09091,10,median_of_means,6,30000,-4.6946738533443595,0.27746210165521745,0.27746210165521745
8,seeqst_binomial_q0.09091,10,median_of_means,6,35000,-4.958036762143909,0.014099192855668186,0.014099192855668186
8,seeqst_binomial_q0.09091,10,median_of_means,6,40000,-4.8832085025744325,0.08892745242514444,0.08892745242514444
8,seeqst_binomial_q0.09091,10,median_of_means,6,45000,-5.01456875679508,-0.042432801795502684,0.042432801795502684
8,seeqst_binomial_q0.09091,10,median_of_means,6,50000,-5.198067813376676,-0.22593185837709928,0.22593185837709928
8,seeqst_binomial_q0.5,10,median_of_means,6,10,0.0,4.972135954999577,4.972135954999577
8,seeqst_binomial_q0.5,10,median_of_means,6,30,0.0,4.972135954999577,4.972135954999577
8,seeqst_binomial_q0.5,10,median_of_means,6,100,0.0,4.972135954999577,4.972135954999577
8,seeqst_binomial_q0.5,10,median_of_means,6,300,0.0,4.972135954999577,4.972135954999577
8,seeqst_binomial_q0.5,10,median_of_means,6,1000,-3.0843373493975905,1.8877986056019864,1.8877986056019864
8,seeqst_binomial_q0.5,10,median_of_means,6,3000,-7.168,-2.195864045000423,2.195864045000423
8,seeqst_binomial_q0.5,10,median_of_means,6,5000,-6.146458583433374,-1.1743226284337966,1.1743226284337966
8,seeqst_binomial_q0.5,10,median_of_means,6,10000,-6.146458583433374,-1.1743226284337966,1.1743226284337966
8,seeqst_binomial_q0.5,10,median_of_means,6,15000,-6.144,-1.1718640450004232,1.1718640450004232
8,seeqst_binomial_q0.5,10,median_of_means,6,20000,-5.222922292229223,-0.2507863372296457,0.2507863372296457
8,seeqst_binomial_q0.5,10,median_of_means,6,25000,-4.547287566010562,0.4248483889890151,0.4248483889890151
8,seeqst_binomial_q0.5,10,median_of_means,6,30000,-5.3248,-0.3526640450004228,0.3526640450004228
8,seeqst_binomial_q0.5,10,median_of_means,6,35000,-5.266586662094976,-0.29445070709539944,0.29445070709539944
8,seeqst_binomial_q0.5,10,median_of_means,6,40000,-5.53015301530153,-0.5580170603019532,0.5580170603019532
8,seeqst_binomial_q0.5,10,median_of_means,6,45000,-4.5738666666666665,0.3982692883329104,0.3982692883329104
8,seeqst_binomial_q0.5,10,median_of_means,6,50000,-4.731069242769711,0.2410667122298662,0.2410667122298662
8,seeqst_binomial_tuned,10,median_of_means,6,10,0.0,4.972135954999577,4.972135954999577
8,seeqst_binomial_tuned,10,median_of_means,6,30,0.0,4.972135954999577,4.972135954999577
8,seeqst_binomial_tuned,10,median_of_means,6,100,0.0,4.972135954999577,4.972135954999577
8,seeqst_binomial_tuned,10,median_of_means,6,300,-1.4901161193847654,3.4820198356148113,3.4820198356148113
8,seeqst_binomial_tuned,10,median_of_means,6,1000,-2.244150782205972,2.727985172793605,2.727985172793605
8,seeqst_binomial_tuned,10,median_of_means,6,3000,-4.917383193969725,0.05475276102985216,0.05475276102985216
8,seeqst_binomial_tuned,10,median_of_means,6,5000,-5.187679167125833,-0.21554321212625638,0.21554321212625638
8,seeqst_binomial_tuned,10,median_of_means,6,10000,-4.919350934343463,0.052785020656114234,0.052785020656114234
8,seeqst_binomial_tuned,10,median_of_means,6,15000,-4.857778549194334,0.11435740580524278,0.11435740580524278
8,seeqst_binomial_tuned,10,median_of_means,6,20000,-4.604919300829007,0.36721665417057014,0.36721665417057014
8,seeqst_binomial_tuned,10,median_of_means,6,25000,-4.578369257831251,0.393766697168326,0.393766697168326
8,seeqst_binomial_tuned,10,median_of_means,6,30000,-4.827976226806639,0.1441597281929381,0.1441597281929381
8,seeqst_binomial_tuned,10,median_of_means,6,35000,-4.764386358053467,0.20774959694611006,0.20774959694611006
8,seeqst_binomial_tuned,10,median_of_means,6,40000,-4.82845907271391,0.14367688228566688,0.14367688228566688
8,seeqst_binomial_tuned,10,median_of_means,6,45000,-4.877646764119464,0.09448919088011287,0.09448919088011287
8,seeqst_binomial_tuned,10,median_of_means,6,50000,-4.792405136146851,0.17973081885272624,0.17973081885272624
9,pauli,10,median_of_means,6,10,1.1249999999999984,6.097135954999575,6.097135954999575
9,pauli,10,median_of_means,6,30,-2.25,2.722135954999577,2.722135954999577
9,pauli,10,median_of_means,6,100,3.3749999999999973,8.347135954999574,8.347135954999574
9,pauli,10,median_of_means,6,300,0.5624999999999983,5.534635954999575,5.534635954999575
9,pauli,10,median_of_means,6,1000,-4.269578313253009,0.7025576417465675,0.7025576417465675
9,pauli,10,median_of_means,6,3000,-2.2544999999999993,2.7176359549995777,2.7176359549995777
9,pauli,10,median_of_means,6,5000,-5.195528211284511,-0.2233922562849342,0.2233922562849342
9,pauli,10,median_of_means,6,10000,-4.081332533013203,0.8908034219863739,0.8908034219863739
9,pauli,10,median_of_means,6,15000,-4.665149999999997,0.3069859549995799,0.3069859549995799
9,pauli,10,median_of_means,6,20000,-5.070432043204317,-0.0982960882047399,0.0982960882047399
9,pauli,10,median_of_means,6,25000,-4.246159385501677,0.7259765694978997,0.7259765694978997
9,pauli,10,median_of_means,6,30000,-4.785299999999997,0.18683595499958017,0.18683595499958017
9,pauli,10,median_of_means,6,35000,-4.597205554603117,0.37493040039646,0.37493040039646
9,pauli,10,median_of_means,6,40000,-4.512488748874885,0.4596472061246919,0.4596472061246919
9,pauli,10,median_of_means,6,45000,-4.869299999999997,0.10283595499957965,0.10283595499957965
9,pauli,10,median_of_means,6,50000,-4.433307332293289,0.538828622706288,0.538828622706288
9,clifford,10,median_of_means,6,10,4.038840051709917e-15,4.972135954999581,4.972135954999581
9,clifford,10,median_of_means,6,30,4.702271286113588e-15,4.972135954999581,4.972135954999581
9,clifford,10,median_of_means,6,100,1.5582484020955853e-15,4.972135954999579,4.972135954999579
9,clifford,10,median_of_means,6,300,7.390168078542934e-16,4.972135954999578,4.972135954999578
9,clifford,10,median_of_means,6,1000,-6.174698795180702,-1.202562840181125,1.202562840181125
9,clifford,10,median_of_means,6,3000,-4.356249999999989,0.6158859549995883,0.6158859549995883
9,clifford,10,median_of_means,6,5000,-4.152911164465773,0.8192247905338039,0.8192247905338039
9,clifford,10,median_of_means,6,10000,-3.6145708283313214,1.3575651266682556,1.3575651266682556
9,clifford,10,median_of_means,6,15000,-3.9462499999999885,1.0258859549995885,1.0258859549995885
9,clifford,10,median_of_means,6,20000,-4.805168016801662,0.16696793819791456,0.16696793819791456
9,clifford,10,median_of_means,6,25000,-4.397953672587597,0.5741822824119795,0.5741822824119795
9,clifford,10,median_of_means,6,30000,-4.484374999999982,0.4877609549995947,0.4877609549995947
9,clifford,10,median_of_means,6,35000,-4.766522372706994,0.20561358229258264,0.20561358229258264
9,clifford,10,median_of_means,6,40000,-4.805168016801664,0.16696793819791278,0.16696793819791278
9,clifford,10,median_of_means,6,45000,-4.783333333333316,0.1888026216662606,0.1888026216662606
9,clifford,10,median_of_means,6,50000,-4.920196807872298,0.051939147127279206,0.051939147127279206
9,seeqst_uniform,10,median_of_means,6,10,0.0,4.972135954999577,4.972135954999577
9,seeqst_uniform,10,median_of_means,6,30,0.0,4.972135954999577,4.972135954999577
9,seeqst_uniform,10,median_of_means,6,100,0.0,4.972135954999577,4.972135954999577
9,seeqst_uniform,10,median_of_means,6,300,0.0,4.972135954999577,4.972135954999577
9,seeqst_uniform,10,median_of_means,6,1000,-9.253012048192772,-4.2808760931931955,4.2808760931931955
9,seeqst_uniform,10,median_of_means,6,3000,-8.192,-3.2198640450004232,3.2198640450004232
9,seeqst_uniform,10,median_of_means,6,5000,-7.990396158463385,-3.018260203463808,3.018260203463808
9,seeqst_uniform,10,median_of_means,6,10000,-8.297719087635054,-3.325583132635477,3.325583132635477
9,seeqst_uniform,10,median_of_means,6,15000,-5.5296,-0.5574640450004233,0.5574640450004233
9,seeqst_uniform,10,median_of_means,6,20000,-5.376537653765377,-0.4044016987657999,0.4044016987657999
9,seeqst_uniform,10,median_of_means,6,25000,-5.653384541526645,-0.6812485865270679,0.6812485865270679
9,seeqst_uniform,10,median_of_means,6,30000,-4.9152,0.056935954999577376,0.056935954999577376
9,seeqst_uniform,10,median_of_means,6,35000,-5.091033773358478,-0.11889781835890112,0.11889781835890112
9,seeqst_uniform,10,median_of_means,6,40000,-4.992499249924992,-0.02036329492541533,0.02036329492541533
9,seeqst_uniform,10,median_of_means,6,45000,-6.007466666666666,-1.035330711667089,1.035330711667089
9,seeqst_uniform,10,median_of_means,6,50000,-6.021360854434177,-1.0492248994346003,1.0492248994346003
9,seeqst_binomial_q0.09091,10,median_of_means,6,10,0.0,4.972135954999577,4.972135954999577
9,seeqst_binomial_q0.09091,10,median_of_means,6,30,0.0,4.972135954999577,4.972135954999577
9,seeqst_binomial_q0.09091,10,median_of_means,6,100,0.0,4.972135954999577,4.972135954999577
9,seeqst_binomial_q0.09091,10,median_of_means,6,300,-5.187484920822496,-0.21534896582291907,0.21534896582291907
9,seeqst_binomial_q0.09091,10,median_of_means,6,1000,-7.031229561355794,-2.0590936063562166,2.0590936063562166
9,seeqst_binomial_q0.09091,10,median_of_means,6,3000,-7.7812273812337445,-2.8090914262341675,2.8090914262341675
9,seeqst_binomial_q0.09091,10,median_of_means,6,5000,-7.784341117680817,-2.8122051626812397,2.8122051626812397
9,seeqst_binomial_q0.09091,10,median_of_means,6,10000,-6.772376772382312,-1.8002408173827353,1.8002408173827353
9,seeqst_binomial_q0.09091,10,median_of_means,6,15000,-6.069357357362321,-1.0972214023627442,1.0972214023627442
9,seeqst_binomial_q0.09091,10,median_of_means,6,20000,-5.875414214252903,-0.9032782592533257,0.9032782592533257
9,seeqst_binomial_q0.09091,10,median_of_means,6,25000,-6.101458500247296,-1.1293225452477191,1.1293225452477191
9,seeqst_binomial_q0.09091,10,median_of_means,6,30000,-5.835920535925308,-0.8637845809257314,0.8637845809257314
9,seeqst_binomial_q0.09091,10,median_of_means,6,35000,-5.802904013092197,-0.8307680580926204,0.8307680580926204
9,seeqst_binomial_q0.09091,10,median_of_means,6,40000,-5.7781391444805035,-0.8060031894809265,0.8060031894809265
9,seeqst_binomial_q0.09091,10,median_of_means,6,45000,-5.758108262112971,-0.7859723071133944,0.7859723071133944
9,seeqst_binomial_q0.09091,10,median_of_means,6,50000,-5.836153982084593,-0.8640180270850157,0.8640180270850157
9,seeqst_binomial_q0.5,10,median_of_means,6,10,0.0,4.972135954999577,4.972135954999577
9,seeqst_binomial_q0.5,10,median_of_means,6,30,0.0,4.972135954999577,4.972135954999577
9,seeqst_binomial_q0.5,10,median_of_means,6,100,0.0,4.972135954999577,4.972135954999577
9,seeqst_binomial_q0.5,10,median_of_means,6,300,0.0,4.972135954999577,4.972135954999577
9,seeqst_binomial_q0.5,10,median_of_means,6,1000,-6.168674698795181,-1.196538743795604,1.196538743795604
9,seeqst_binomial_q0.5,10,median_of_means,6,3000,-4.096,0.8761359549995769,0.8761359549995769
9,seeqst_binomial_q0.5,10,median_of_means,6,5000,-4.302521008403361,0.6696149465962158,0.6696149465962158
9,seeqst_binomial_q0.5,10,median_of_means,6,10000,-4.917166866746698,0.054969088252878606,0.054969088252878606
9,seeqst_binomial_q0.5,10,median_of_means,6,15000,-4.7104,0.261735954999577,0.261735954999577
9,seeqst_binomial_q0.5,10,median_of_means,6,20000,-4.915691569156916,0.05644438584266087,0.05644438584266087
9,seeqst_binomial_q0.5,10,median_of_means,6,25000,-4.3014882381180986,0.6706477168814784,0.6706477168814784
9,seeqst_binomial_q0.5,10,median_of_means,6,30000,-5.0176,-0.04546404500042289,0.04546404500042289
9,seeqst_binomial_q0.5,10,median_of_means,6,35000,-4.65215155151723,0.3199844034823469,0.3199844034823469
9,seeqst_binomial_q0.5,10,median_of_means,6,40000,-5.53015301530153,-0.5580170603019532,0.5580170603019532
9,seeqst_binomial_q0.5,10,median_of_means,6,45000,-5.5296,-0.5574640450004233,0.5574640450004233
9,seeqst_binomial_q0.5,10,median_of_means,6,50000,-4.976839073562942,-0.0047031185633654715,0.0047031185633654715
9,seeqst_binomial_tuned,10,median_of_means,6,10,0.0,4.972135954999577,4.972135954999577
9,seeqst_binomial_tuned,10,median_of_means,6,30,0.0,4.972135954999577,4.972135954999577
9,seeqst_binomial_tuned,10,median_of_means,6,100,-9.313225746154783,-4.341089791155206,4.341089791155206
9,seeqst_binomial_tuned,10,median_of_means,6,300,-4.470348358154296,0.501787596845281,0.501787596845281
9,seeqst_binomial_tuned,10,median_of_means,6,1000,-4.488301564411944,0.4838343905876332,0.4838343905876332
9,seeqst_binomial_tuned,10,median_of_means,6,3000,-5.3644180297851545,-0.39228207478557753,0.39228207478557753
9,seeqst_binomial_tuned,10,median_of_means,6,5000,-5.456007399908204,-0.483871444908627,0.483871444908627
9,seeqst_binomial_tuned,10,median_of_means,6,10000,-5.008793678604253,-0.036657723604675674,0.036657723604675674
9,seeqst_binomial_tuned,10,median_of_means,6,15000,-5.006790161132811,-0.03465420613323378,0.03465420613323378
9,seeqst_binomial_tuned,10,median_of_means,6,20000,-5.297892593672207,-0.3257566386726305,0.3257566386726305
9,seeqst_binomial_tuned,10,median_of_means,6,25000,-5.097012650319948,-0.12487669532037149,0.12487669532037149
9,seeqst_binomial_tuned,10,median_of_means,6,30000,-5.111098289489744,-0.13896233449016737,0.13896233449016737
9,seeqst_binomial_tuned,10,median_of_means,6,35000,-5.262539355276215,-0.290403400276638,0.290403400276638
9,seeqst_binomial_tuned,10,median_of_means,6,40000,-4.8619900384966455,0.11014591650293148,0.11014591650293148
9,seeqst_binomial_tuned,10,median_of_means,6,45000,-4.996856053670245,-0.024720098670668378,0.024720098670668378
9,seeqst_binomial_tuned,10,median_of_means,6,50000,-5.132165201769202,-0.16002924676962493,0.16002924676962493
10,pauli,10,median_of_means,6,10,-8.999999999999996,-4.0278640450004195,4.0278640450004195
10,pauli,10,median_of_means,6,30,-6.749999999999998,-1.7778640450004213,1.7778640450004213
10,pauli,10,median_of_means,6,100,-3.093749999999999,1.8783859549995778,1.8783859549995778
10,pauli,10,median_of_means,6,300,-2.6324999999999976,2.3396359549995793,2.3396359549995793
10,pauli,10,median_of_means,6,1000,-5.503012048192767,-0.5308760931931902,0.5308760931931902
10,pauli,10,median_of_means,6,3000,-5.145749999999996,-0.1736140450004191,0.1736140450004191
10,pauli,10,median_of_means,6,5000,-5.300870348139253,-0.32873439313967623,0.32873439313967623
10,pauli,10,median_of_means,6,10000,-5.4845438175270065,-0.5124078625274295,0.5124078625274295
10,pauli,10,median_of_means,6,15000,-4.833449999999997,0.13868595499957959,0.13868595499957959
10,pauli,10,median_of_means,6,20000,-4.6701170117011666,0.3020189432984104,0.3020189432984104
10,pauli,10,median_of_means,6,25000,-5.394113058089291,-0.4219771030897137,0.4219771030897137
10,pauli,10,median_of_means,6,30000,-5.477624999999997,-0.5054890450004201,0.5054890450004201
10,pauli,10,median_of_means,6,35000,-5.1279787416423765,-0.1558427866427996,0.1558427866427996
10,pauli,10,median_of_means,6,40000,-4.91972322232223,0.052412732677346696,0.052412732677346696
10,pauli,10,median_of_means,6,45000,-4.636049999999997,0.3360859549995796,0.3360859549995796
10,pauli,10,median_of_means,6,50000,-4.813212528501136,0.1589234264984407,0.1589234264984407
10,clifford,10,median_of_means,6,10,-7.287124579617525e-32,4.972135954999577,4.972135954999577
10,clifford,10,median_of_means,6,30,-2.8420583839294067e-15,4.972135954999574,4.972135954999574
10,clifford,10,median_of_means,6,100,1.624662769120167e-16,4.972135954999577,4.972135954999577
10,clifford,10,median_of_means,6,300,-5.1249999999999725,-0.15286404500039552,0.15286404500039552
10,clifford,10,median_of_means,6,1000,-4.63102409638552,0.3411118586140569,0.3411118586140569
10,clifford,10,median_of_means,6,3000,-6.406249999999977,-1.4341140450004,1.4341140450004
10,clifford,10,median_of_means,6,5000,-4.306722689075615,0.665413265923962,0.665413265923962
10,clifford,10,median_of_means,6,10000,-5.92174369747897,-0.949607742479393,0.949607742479393
10,clifford,10,median_of_means,6,15000,-5.381249999999981,-0.40911404500040405,0.40911404500040405
10,clifford,10,median_of_means,6,20000,-4.536078607860771,0.4360573471388056,0.4360573471388056
10,clifford,10,median_of_means,6,25000,-4.982297167546791,-0.010161212547213694,0.010161212547213694
10,clifford,10,median_of_means,6,30000,-5.253124999999981,-0.2809890450004042,0.2809890450004042
10,clifford,10,median_of_means,6,35000,-5.293695354020211,-0.321559399020634,0.321559399020634
10,clifford,10,median_of_means,6,40000,-5.40100885088507,-0.42887289588549304,0.42887289588549304
10,clifford,10,median_of_means,6,45000,-4.680833333333315,0.29130262166626153,0.29130262166626153
10,clifford,10,median_of_means,6,50000,-4.566557662306476,0.4055782926931011,0.4055782926931011
10,seeqst_uniform,10,median_of_means,6,10,0.0,4.972135954999577,4.972135954999577
10,seeqst_uniform,10,median_of_means,6,30,0.0,4.972135954999577,4.972135954999577
10,seeqst_uniform,10,median_of_means,6,100,0.0,4.972135954999577,4.972135954999577
10,seeqst_uniform,10,median_of_means,6,300,0.0,4.972135954999577,4.972135954999577
10,seeqst_uniform,10,median_of_means,6,1000,-3.0843373493975905,1.8877986056019864,1.8877986056019864
10,seeqst_uniform,10,median_of_means,6,3000,-2.048,2.924135954999577,2.924135954999577
10,seeqst_uniform,10,median_of_means,6,5000,-4.917166866746699,0.05496908825287772,0.05496908825287772
10,seeqst_uniform,10,median_of_means,6,10000,-4.60984393757503,0.3622920174245472,0.3622920174245472
10,seeqst_uniform,10,median_of_means,6,15000,-4.505599999999999,0.46653595499957756,0.46653595499957756
10,seeqst_uniform,10,median_of_means,6,20000,-4.762076207620762,0.21005974737881505,0.21005974737881505
10,seeqst_uniform,10,median_of_means,6,25000,-5.4075852136341815,-0.4354492586346046,0.4354492586346046
10,seeqst_uniform,10,median_of_means,6,30000,-4.812799999999999,0.15933595499957764,0.15933595499957764
10,seeqst_uniform,10,median_of_means,6,35000,-5.0032573289902285,-0.031121373990651513,0.031121373990651513
10,seeqst_uniform,10,median_of_means,6,40000,-5.069306930693069,-0.09717097569349242,0.09717097569349242
10,seeqst_uniform,10,median_of_means,6,45000,-4.9152000000000005,0.05693595499957649,0.05693595499957649
10,seeqst_uniform,10,median_of_means,6,50000,-4.792511700468019,0.17962425453155806,0.17962425453155806
10,seeqst_binomial_q0.09091,10,median_of_means,6,10,0.0,4.972135954999577,4.972135954999577
10,seeqst_binomial_q0.09091,10,median_of_means,6,30,0.0,4.972135954999577,4.972135954999577
10,seeqst_binomial_q0.09091,10,median_of_means,6,100,0.0,4.972135954999577,4.972135954999577
10,seeqst_binomial_q0.09091,10,median_of_means,6,300,0.0,4.972135954999577,4.972135954999577
10,seeqst_binomial_q0.09091,10,median_of_means,6,1000,-3.906238645197663,1.065897309801914,1.065897309801914
10,seeqst_binomial_q0.09091,10,median_of_means,6,3000,-4.149987936657997,0.8221480183415801,0.8221480183415801
10,seeqst_binomial_q0.09091,10,median_of_means,6,5000,-4.6706046706084905,0.30153128439108645,0.30153128439108645
10,seeqst_binomial_q0.09091,10,median_of_means,6,10000,-4.6706046706084905,0.30153128439108645,0.30153128439108645
10,seeqst_binomial_q0.09091,10,median_of_means,6,15000,-4.720611277948472,0.2515246770511048,0.2515246770511048
10,seeqst_binomial_q0.09091,10,median_of_means,6,20000,-4.941573544437873,0.03056241056170439,0.03056241056170439
10,seeqst_binomial_q0.09091,10,median_of_means,6,25000,-4.85626288795193,0.1158730670476471,0.1158730670476471
10,seeqst_binomial_q0.09091,10,median_of_means,6,30000,-5.0059229485937085,-0.03378699359413151,0.03378699359413151
10,seeqst_binomial_q0.09091,10,median_of_means,6,35000,-5.024736808271405,-0.052600853271828285,0.052600853271828285
10,seeqst_binomial_q0.09091,10,median_of_means,6,40000,-5.019393600255791,-0.0472576452562139,0.0472576452562139
10,seeqst_binomial_q0.09091,10,median_of_means,6,45000,-5.01456875679508,-0.042432801795502684,0.042432801795502684
10,seeqst_binomial_q0.09091,10,median_of_means,6,50000,-5.026873963235529,-0.054738008235951874,0.054738008235951874
10,seeqst_binomial_q0.5,10,median_of_means,6,10,0.0,4.972135954999577,4.972135954999577
10,seeqst_binomial_q0.5,10,median_of_means,6,30,0.0,4.972135954999577,4.972135954999577
10,seeqst_binomial_q0.5,10,median_of_means,6,100,0.0,4.972135954999577,4.972135954999577
10,seeqst_binomial_q0.5,10,median_of_means,6,300,0.0,4.972135954999577,4.972135954999577
10,seeqst_binomial_q0.5,10,median_of_means,6,1000,-9.253012048192772,-4.2808760931931955,4.2808760931931955
10,seeqst_binomial_q0.5,10,median_of_means,6,3000,-6.144,-1.1718640450004232,1.1718640450004232
10,seeqst_binomial_q0.5,10,median_of_means,6,5000,-6.146458583433374,-1.1743226284337966,1.1743226284337966
10,seeqst_binomial_q0.5,10,median_of_means,6,10000,-5.531812725090036,-0.5596767700904595,0.5596767700904595
10,seeqst_binomial_q0.5,10,median_of_means,6,15000,-4.7104,0.261735954999577,0.261735954999577
10,seeqst_binomial_q0.5,10,median_of_means,6,20000,-6.298229822982298,-1.3260938679827214,1.3260938679827214
10,seeqst_binomial_q0.5,10,median_of_means,6,25000,-5.530484877580413,-0.5583489225808362,0.5583489225808362
10,seeqst_binomial_q0.5,10,median_of_means,6,30000,-5.7344,-0.762264045000423,0.762264045000423
10,seeqst_binomial_q0.5,10,median_of_means,6,35000,-5.266586662094977,-0.29445070709540033,0.29445070709540033
10,seeqst_binomial_q0.5,10,median_of_means,6,40000,-5.606960696069606,-0.6348247410700294,0.6348247410700294
10,seeqst_binomial_q0.5,10,median_of_means,6,45000,-5.5296,-0.5574640450004233,0.5574640450004233
10,seeqst_binomial_q0.5,10,median_of_means,6,50000,-5.3454938197527895,-0.37335786475321253,0.37335786475321253
10,seeqst_binomial_tuned,10,median_of_means,6,10,0.0,4.972135954999577,4.972135954999577
10,seeqst_binomial_tuned,10,median_of_means,6,30,0.0,4.972135954999577,4.972135954999577
10,seeqst_binomial_tuned,10,median_of_means,6,100,-4.656612873077392,0.31552308192218526,0.31552308192218526
10,seeqst_binomial_tuned,10,median_of_means,6,300,-2.98023223876953,1.991903716230047,1.991903716230047
10,seeqst_binomial_tuned,10,median_of_means,6,1000,-4.039471407970749,0.9326645470288275,0.9326645470288275
10,seeqst_binomial_tuned,10,median_of_means,6,3000,-3.2782554626464835,1.6938804923530935,1.6938804923530935
10,seeqst_binomial_tuned,10,median_of_means,6,5000,-4.3826944687787215,0.5894414862208555,0.5894414862208555
10,seeqst_binomial_tuned,10,median_of_means,6,10000,-4.740465445821882,0.23167050917769494,0.23167050917769494
10,seeqst_binomial_tuned,10,median_of_means,6,15000,-4.976987838745115,-0.004851883745538466,0.004851883745538466
10,seeqst_binomial_tuned,10,median_of_means,6,20000,-4.716689186771459,0.2554467682281176,0.2554467682281176
10,seeqst_binomial_tuned,10,median_of_means,6,25000,-4.918170101185915,0.05396585381366226,0.05396585381366226
10,seeqst_binomial_tuned,10,median_of_means,6,30000,-4.917383193969725,0.05475276102985216,0.05475276102985216
10,seeqst_binomial_tuned,10,median_of_means,6,35000,-5.070942048652081,-0.09880609365250415,0.09880609365250415
10,seeqst_binomial_tuned,10,median_of_means,6,40000,-5.007290890221833,-0.035154935222256434,0.035154935222256434
10,seeqst_binomial_tuned,10,median_of_means,6,45000,-5.096197128295897,-0.12406117329631972,0.12406117329631972
10,seeqst_binomial_tuned,10,median_of_means,6,50000,-5.158988364844651,-0.18685240984507434,0.18685240984507434
11,pauli,10,median_of_means,6,10,-2.2499999999999982,2.7221359549995787,2.7221359549995787
11,pauli,10,median_of_means,6,30,2.4749999999999974,7.447135954999574,7.447135954999574
11,pauli,10,median_of_means,6,100,-1.968749999999998,3.0033859549995787,3.0033859549995787
11,pauli,10,median_of_means,6,300,-4.589999999999996,0.38213595499958064,0.38213595499958064
11,pauli,10,median_of_means,6,1000,-6.045180722891562,-1.073044767891985,1.073044767891985
11,pauli,10,median_of_means,6,3000,-5.177249999999997,-0.2051140450004203,0.2051140450004203
11,pauli,10,median_of_means,6,5000,-3.7355942376950755,1.2365417173045015,1.2365417173045015
11,pauli,10,median_of_means,6,10000,-6.063250300120044,-1.0911143451204675,1.0911143451204675
11,pauli,10,median_of_means,6,15000,-3.6148499999999983,1.3572859549995786,1.3572859549995786
11,pauli,10,median_of_means,6,20000,-3.155265526552653,1.816870428446924,1.816870428446924
11,pauli,10,median_of_means,6,25000,-4.180268843014879,0.7918671119846978,0.7918671119846978
11,pauli,10,median_of_means,6,30000,-4.239674999999997,0.7324609549995795,0.7324609549995795
11,pauli,10,median_of_means,6,35000,-4.205683181896106,0.7664527731034712,0.7664527731034712
11,pauli,10,median_of_means,6,40000,-4.222378487848783,0.7497574671507943,0.7497574671507943
11,pauli,10,median_of_means,6,45000,-4.571249999999997,0.4008859549995796,0.4008859549995796
11,pauli,10,median_of_means,6,50000,-4.671591863674545,0.30054409132503235,0.30054409132503235
11,clifford,10,median_of_means,6,10,1.2036980701617494e-14,4.972135954999589,4.972135954999589
11,clifford,10,median_of_means,6,30,-1.519929922343761e-15,4.972135954999575,4.972135954999575
11,clifford,10,median_of_means,6,100,-1.5239929229891452e-15,4.972135954999575,4.972135954999575
11,clifford,10,median_of_means,6,300,-10.249999999999957,-5.27786404500038,5.27786404500038
11,clifford,10,median_of_means,6,1000,-12.349397590361402,-7.377261635361825,7.377261635361825
11,clifford,10,median_of_means,6,3000,-10.249999999999964,-5.2778640450003875,5.2778640450003875
11,clifford,10,median_of_means,6,5000,-8.459633853541382,-3.487497898541805,3.487497898541805
11,clifford,10,median_of_means,6,10000,-6.229366746698659,-1.2572307916990821,1.2572307916990821
11,clifford,10,median_of_means,6,15000,-4.458749999999981,0.5133859549995963,0.5133859549995963
11,clifford,10,median_of_means,6,20000,-4.689843984398421,0.28229197060115574,0.28229197060115574
11,clifford,10,median_of_means,6,25000,-4.182669227076316,0.7894667279232612,0.7894667279232612
11,clifford,10,median_of_means,6,30000,-4.509999999999984,0.46213595499959315,0.46213595499959315
11,clifford,10,median_of_means,6,35000,-4.371142636722084,0.6009933182774931,0.6009933182774931
11,clifford,10,median_of_means,6,40000,-4.382313231323116,0.5898227236764608,0.5898227236764608
11,clifford,10,median_of_means,6,45000,-4.424583333333317,0.5475526216662603,0.5475526216662603
11,clifford,10,median_of_means,6,50000,-4.320547821912861,0.6515881330867161,0.6515881330867161
11,seeqst_uniform,10,median_of_means,6,10,0.0,4.972135954999577,4.972135954999577
11,seeqst_uniform,10,median_of_means,6,30,0.0,4.972135954999577,4.972135954999577
11,seeqst_uniform,10,median_of_means,6,100,0.0,4.972135954999577,4.972135954999577
11,seeqst_uniform,10,median_of_means,6,300,0.0,4.972135954999577,4.972135954999577
11,seeqst_uniform,10,median_of_means,6,1000,-9.253012048192772,-4.2808760931931955,4.2808760931931955
11,seeqst_uniform,10,median_of_means,6,3000,-4.096,0.8761359549995769,0.8761359549995769
11,seeqst_uniform,10,median_of_means,6,5000,-3.687875150060024,1.284260804939553,1.284260804939553
11,seeqst_uniform,10,median_of_means,6,10000,-3.687875150060024,1.284260804939553,1.284260804939553
11,seeqst_uniform,10,median_of_means,6,15000,-4.096,0.8761359549995769,0.8761359549995769
11,seeqst_uniform,10,median_of_means,6,20000,-3.9939993999399936,0.9781365550595833,0.9781365550595833
11,seeqst_uniform,10,median_of_means,6,25000,-4.3014882381180986,0.6706477168814784,0.6706477168814784
11,seeqst_uniform,10,median_of_means,6,30000,-5.0176,-0.04546404500042289,0.04546404500042289
11,seeqst_uniform,10,median_of_means,6,35000,-4.915480884621978,0.05665507037759898,0.05665507037759898
11,seeqst_uniform,10,median_of_means,6,40000,-4.224422442244224,0.7477135127553529,0.7477135127553529
11,seeqst_uniform,10,median_of_means,6,45000,-5.5296,-0.5574640450004233,0.5574640450004233
11,seeqst_uniform,10,median_of_means,6,50000,-5.468378735149406,-0.4962427801498288,0.4962427801498288
11,seeqst_binomial_q0.09091,10,median_of_means,6,10,0.0,4.972135954999577,4.972135954999577
11,seeqst_binomial_q0.09091,10,median_of_means,6,30,0.0,4.972135954999577,4.972135954999577
11,seeqst_binomial_q0.09091,10,median_of_means,6,100,0.0,4.972135954999577,4.972135954999577
11,seeqst_binomial_q0.09091,10,median_of_means,6,300,-7.7812273812337445,-2.8090914262341675,2.8090914262341675
11,seeqst_binomial_q0.09091,10,median_of_means,6,1000,-7.031229561355794,-2.0590936063562166,2.0590936063562166
11,seeqst_binomial_q0.09091,10,median_of_means,6,3000,-4.928110674781371,0.04402528021820551,0.04402528021820551
11,seeqst_binomial_q0.09091,10,median_of_means,6,5000,-5.604725604730188,-0.6325896497306109,0.6325896497306109
11,seeqst_binomial_q0.09091,10,median_of_means,6,10000,-6.227472894144654,-1.255336939145077,1.255336939145077
11,seeqst_binomial_q0.09091,10,median_of_means,6,15000,-5.394984317655396,-0.42284836265581927,0.42284836265581927
11,seeqst_binomial_q0.09091,10,median_of_means,6,20000,-4.630293321166194,0.34184263383338287,0.34184263383338287
11,seeqst_binomial_q0.09091,10,median_of_means,6,25000,-4.825132997644546,0.14700295735503133,0.14700295735503133
11,seeqst_binomial_q0.09091,10,median_of_means,6,30000,-5.031860373197821,-0.059724418198244145,0.059724418198244145
11,seeqst_binomial_q0.09091,10,median_of_means,6,35000,-4.891336716016412,0.08079923898316466,0.08079923898316466
11,seeqst_binomial_q0.09091,10,median_of_means,6,40000,-4.883208502574432,0.08892745242514533,0.08892745242514533
11,seeqst_binomial_q0.09091,10,median_of_means,6,45000,-4.997277140392338,-0.025141185392761223,0.025141185392761223
11,seeqst_binomial_q0.09091,10,median_of_means,6,50000,-4.886806267665499,0.08532968733407831,0.08532968733407831
11,seeqst_binomial_q0.5,10,median_of_means,6,10,0.0,4.972135954999577,4.972135954999577
11,seeqst_binomial_q0.5,10,median_of_means,6,30,0.0,4.972135954999577,4.972135954999577
11,seeqst_binomial_q0.5,10,median_of_means,6,100,0.0,4.972135954999577,4.972135954999577
11,seeqst_binomial_q0.5,10,median_of_means,6,300,-10.24,-5.267864045000423,5.267864045000423
11,seeqst_binomial_q0.5,10,median_of_means,6,1000,-6.168674698795181,-1.196538743795604,1.196538743795604
11,seeqst_binomial_q0.5,10,median_of_means,6,3000,-5.12,-0.14786404500042316,0.14786404500042316
11,seeqst_binomial_q0.5,10,median_of_means,6,5000,-4.917166866746699,0.05496908825287772,0.05496908825287772
11,seeqst_binomial_q0.5,10,median_of_means,6,10000,-4.609843937575031,0.3622920174245463,0.3622920174245463
11,seeqst_binomial_q0.5,10,median_of_means,6,15000,-4.3008,0.6713359549995772,0.6713359549995772
11,seeqst_binomial_q0.5,10,median_of_means,6,20000,-5.53015301530153,-0.5580170603019532,0.5580170603019532
11,seeqst_binomial_q0.5,10,median_of_means,6,25000,-4.547287566010562,0.4248483889890151,0.4248483889890151
11,seeqst_binomial_q0.5,10,median_of_means,6,30000,-4.9152000000000005,0.05693595499957649,0.05693595499957649
11,seeqst_binomial_q0.5,10,median_of_means,6,35000,-5.529915995199726,-0.5577800402001492,0.5577800402001492
11,seeqst_binomial_q0.5,10,median_of_means,6,40000,-5.146114611461146,-0.17397865646156863,0.17397865646156863
11,seeqst_binomial_q0.5,10,median_of_means,6,45000,-4.642133333333334,0.3300026216662433,0.3300026216662433
11,seeqst_binomial_q0.5,10,median_of_means,6,50000,-5.099723988959559,-0.12758803395998175,0.12758803395998175
11,seeqst_binomial_tuned,10,median_of_means,6,10,0.0,4.972135954999577,4.972135954999577
11,seeqst_binomial_tuned,10,median_of_means,6,30,-14.901161193847653,-9.929025238848077,9.929025238848077
11,seeqst_binomial_tuned,10,median_of_means,6,100,0.0,4.972135954999577,4.972135954999577
11,seeqst_binomial_tuned,10,median_of_means,6,300,0.0,4.972135954999577,4.972135954999577
11,seeqst_binomial_tuned,10,median_of_means,6,1000,-2.692980938647166,2.279155016352411,2.279155016352411
11,seeqst_binomial_tuned,10,median_of_means,6,3000,-2.9802322387695304,1.9919037162300466,1.9919037162300466
11,seeqst_binomial_tuned,10,median_of_means,6,5000,-4.3826944687787215,0.5894414862208555,0.5894414862208555
11,seeqst_binomial_tuned,10,median_of_means,6,10000,-4.337973096648326,0.6341628583512513,0.6341628583512513
11,seeqst_binomial_tuned,10,median_of_means,6,15000,-5.155801773071287,-0.18366581807171034,0.18366581807171034
11,seeqst_binomial_tuned,10,median_of_means,6,20000,-5.342600548049187,-0.37046459304961044,0.37046459304961044
11,seeqst_binomial_tuned,10,median_of_means,6,25000,-4.775096061878688,0.19703989312088854,0.19703989312088854
11,seeqst_binomial_tuned,10,median_of_means,6,30000,-4.932284355163572,0.0398515998360045,0.0398515998360045
11,seeqst_binomial_tuned,10,median_of_means,6,35000,-4.892117895802889,0.08001805919668836,0.08001805919668836
11,seeqst_binomial_tuned,10,median_of_means,6,40000,-5.107883787570039,-0.13574783257046175,0.13574783257046175
11,seeqst_binomial_tuned,10,median_of_means,6,45000,-5.036592483520506,-0.06445652852092909,0.06445652852092909
11,seeqst_binomial_tuned,10,median_of_means,6,50000,-4.935462005882577,0.036673949116999616,0.036673949116999616
12,pauli,10,median_of_means,6,10,-11.249999999999995,-6.277864045000418,6.277864045000418
12,pauli,10,median_of_means,6,30,-2.474999999999999,2.4971359549995777,2.4971359549995777
12,pauli,10,median_of_means,6,100,-1.1249999999999991,3.847135954999578,3.847135954999578
12,pauli,10,median_of_means,6,300,-2.407499999999998,2.564635954999579,2.564635954999579
12,pauli,10,median_of_means,6,1000,-3.984939759036143,0.9871961959634339,0.9871961959634339
12,pauli,10,median_of_means,6,3000,-2.562749999999999,2.409385954999578,2.409385954999578
12,pauli,10,median_of_means,6,5000,-5.6844237695078,-0.7122878145082234,0.7122878145082234
12,pauli,10,median_of_means,6,10000,-5.507503001200476,-0.535367046200899,0.535367046200899
12,pauli,10,median_of_means,6,15000,-5.327099999999996,-0.3549640450004192,0.3549640450004192
12,pauli,10,median_of_means,6,20000,-5.896039603960393,-0.9239036489608159,0.9239036489608159
12,pauli,10,median_of_means,6,25000,-5.784865578492555,-0.8127296234929782,0.8127296234929782
12,pauli,10,median_of_means,6,30000,-5.771024999999996,-0.7988890450004194,0.7988890450004194
12,pauli,10,median_of_means,6,35000,-5.165202297274127,-0.19306634227455,0.19306634227455
12,pauli,10,median_of_means,6,40000,-5.316494149414939,-0.34435819441536175,0.34435819441536175
12,pauli,10,median_of_means,6,45000,-4.279199999999998,0.6929359549995793,0.6929359549995793
12,pauli,10,median_of_means,6,50000,-4.659036361454456,0.31309959354512085,0.31309959354512085
12,clifford,10,median_of_means,6,10,2.3337451762750487e-15,4.97213595499958,4.97213595499958
12,clifford,10,median_of_means,6,30,6.6620671274407304e-15,4.972135954999584,4.972135954999584
12,clifford,10,median_of_means,6,100,-8.00781249999998,-3.0356765450004035,3.0356765450004035
12,clifford,10,median_of_means,6,300,-7.687499999999984,-2.715364045000407,2.715364045000407
12,clifford,10,median_of_means,6,1000,-5.4028614457831186,-0.4307254907835416,0.4307254907835416
12,clifford,10,median_of_means,6,3000,-5.124999999999982,-0.1528640450004053,0.1528640450004053
12,clifford,10,median_of_means,6,5000,-5.075780312124831,-0.10364435712525388,0.10364435712525388
12,clifford,10,median_of_means,6,10000,-5.460309123649438,-0.48817316864986093,0.48817316864986093
12,clifford,10,median_of_means,6,15000,-4.5612499999999825,0.41088595499959446,0.41088595499959446
12,clifford,10,median_of_means,6,20000,-4.728285328532835,0.24385062646674172,0.24385062646674172
12,clifford,10,median_of_means,6,25000,-5.074561929908766,-0.10242597490918914,0.10242597490918914
12,clifford,10,median_of_means,6,30000,-5.201874999999981,-0.22973904500040376,0.22973904500040376
12,clifford,10,median_of_means,6,35000,-4.898315618035298,0.07382033696427914,0.07382033696427914
12,clifford,10,median_of_means,6,40000,-5.2088021302130025,-0.2366661752134256,0.2366661752134256
12,clifford,10,median_of_means,6,45000,-5.295833333333315,-0.3236973783337378,0.3236973783337378
12,clifford,10,median_of_means,6,50000,-5.196957878315114,-0.2248219233155373,0.2248219233155373
12,seeqst_uniform,10,median_of_means,6,10,0.0,4.972135954999577,4.972135954999577
12,seeqst_uniform,10,median_of_means,6,30,0.0,4.972135954999577,4.972135954999577
12,seeqst_uniform,10,median_of_means,6,100,0.0,4.972135954999577,4.972135954999577
12,seeqst_uniform,10,median_of_means,6,300,0.0,4.972135954999577,4.972135954999577
12,seeqst_uniform,10,median_of_means,6,1000,0.0,4.972135954999577,4.972135954999577
12,seeqst_uniform,10,median_of_means,6,3000,-4.096,0.8761359549995769,0.8761359549995769
12,seeqst_uniform,10,median_of_means,6,5000,-4.917166866746699,0.05496908825287772,0.05496908825287772
12,seeqst_uniform,10,median_of_means,6,10000,-4.302521008403361,0.6696149465962158,0.6696149465962158
12,seeqst_uniform,10,median_of_means,6,15000,-3.6864,1.285735954999577,1.285735954999577
12,seeqst_uniform,10,median_of_means,6,20000,-4.147614761476148,0.8245211935234291,0.8245211935234291
12,seeqst_uniform,10,median_of_means,6,25000,-5.161785885741718,-0.18964993074214131,0.18964993074214131
12,seeqst_uniform,10,median_of_means,6,30000,-4.4032,0.5689359549995769,0.5689359549995769
12,seeqst_uniform,10,median_of_means,6,35000,-4.301045774044231,0.6710901809553462,0.6710901809553462
12,seeqst_uniform,10,median_of_means,6,40000,-4.454845484548455,0.5172904704511216,0.5172904704511216
12,seeqst_uniform,10,median_of_means,6,45000,-4.9152000000000005,0.05693595499957649,0.05693595499957649
12,seeqst_uniform,10,median_of_means,6,50000,-4.915396615864635,0.05673933913494178,0.05673933913494178
12,seeqst_binomial_q0.09091,10,median_of_means,6,10,0.0,4.972135954999577,4.972135954999577
12,seeqst_binomial_q0.09091,10,median_of_means,6,30,0.0,4.972135954999577,4.972135954999577
12,seeqst_binomial_q0.09091,10,median_of_means,6,100,0.0,4.972135954999577,4.972135954999577
12,seeqst_binomial_q0.09091,10,median_of_means,6,300,-7.7812273812337445,-2.8090914262341675,2.8090914262341675
12,seeqst_binomial_q0.09091,10,median_of_means,6,1000,-7.812477290395327,-2.84034133539575,2.84034133539575
12,seeqst_binomial_q0.09091,10,median_of_means,6,3000,-3.8906136906168722,1.0815222643827047,1.0815222643827047
12,seeqst_binomial_q0.09091,10,median_of_means,6,5000,-4.514917848254873,0.45721810674470387,0.45721810674470387
12,seeqst_binomial_q0.09091,10,median_of_means,6,10000,-5.137665137669339,-0.16552918266976224,0.16552918266976224
12,seeqst_binomial_q0.09091,10,median_of_means,6,15000,-4.720611277948471,0.2515246770511057,0.2515246770511057
12,seeqst_binomial_q0.09091,10,median_of_means,6,20000,-4.163372986258679,0.8087629687408979,0.8087629687408979
12,seeqst_binomial_q0.09091,10,median_of_means,6,25000,-4.576093875185472,0.3960420798141051,0.3960420798141051
12,seeqst_binomial_q0.09091,10,median_of_means,6,30000,-4.642799004136134,0.3293369508634427,0.3293369508634427
12,seeqst_binomial_q0.09091,10,median_of_means,6,35000,-4.446669741833102,0.5254662131664753,0.5254662131664753
12,seeqst_binomial_q0.09091,10,median_of_means,6,40000,-4.824843460710993,0.1472924942885836,0.1472924942885836
12,seeqst_binomial_q0.09091,10,median_of_means,6,45000,-4.841652592767664,0.13048336223191281,0.13048336223191281
12,seeqst_binomial_q0.09091,10,median_of_means,6,50000,-4.7467385720954685,0.2253973829041085,0.2253973829041085
12,seeqst_binomial_q0.5,10,median_of_means,6,10,0.0,4.972135954999577,4.972135954999577
12,seeqst_binomial_q0.5,10,median_of_means,6,30,0.0,4.972135954999577,4.972135954999577
12,seeqst_binomial_q0.5,10,median_of_means,6,100,0.0,4.972135954999577,4.972135954999577
12,seeqst_binomial_q0.5,10,median_of_means,6,300,0.0,4.972135954999577,4.972135954999577
12,seeqst_binomial_q0.5,10,median_of_means,6,1000,0.0,4.972135954999577,4.972135954999577
12,seeqst_binomial_q0.5,10,median_of_means,6,3000,-4.096,0.8761359549995769,0.8761359549995769
12,seeqst_binomial_q0.5,10,median_of_means,6,5000,-6.146458583433374,-1.1743226284337966,1.1743226284337966
12,seeqst_binomial_q0.5,10,median_of_means,6,10000,-5.531812725090036,-0.5596767700904595,0.5596767700904595
12,seeqst_binomial_q0.5,10,median_of_means,6,15000,-5.3248,-0.3526640450004228,0.3526640450004228
12,seeqst_binomial_q0.5,10,median_of_means,6,20000,-5.376537653765377,-0.4044016987657999,0.4044016987657999
12,seeqst_binomial_q0.5,10,median_of_means,6,25000,-4.547287566010562,0.4248483889890151,0.4248483889890151
12,seeqst_binomial_q0.5,10,median_of_means,6,30000,-4.7104,0.261735954999577,0.261735954999577
12,seeqst_binomial_q0.5,10,median_of_means,6,35000,-5.793245328304475,-0.821109373304898,0.821109373304898
12,seeqst_binomial_q0.5,10,median_of_means,6,40000,-5.2997299729973,-0.3275940179977228,0.3275940179977228
12,seeqst_binomial_q0.5,10,median_of_means,6,45000,-4.300800000000001,0.6713359549995763,0.6713359549995763
12,seeqst_binomial_q0.5,10,median_of_means,6,50000,-4.915396615864634,0.05673933913494267,0.05673933913494267
12,seeqst_binomial_tuned,10,median_of_means,6,10,0.0,4.972135954999577,4.972135954999577
12,seeqst_binomial_tuned,10,median_of_means,6,30,0.0,4.972135954999577,4.972135954999577
12,seeqst_binomial_tuned,10,median_of_means,6,100,0.0,4.972135954999577,4.972135954999577
12,seeqst_binomial_tuned,10,median_of_means,6,300,-4.470348358154296,0.501787596845281,0.501787596845281
12,seeqst_binomial_tuned,10,median_of_means,6,1000,-5.385961877294333,-0.41382592229475623,0.41382592229475623
12,seeqst_binomial_tuned,10,median_of_means,6,3000,-5.215406417846678,-0.24327046284710097,0.24327046284710097
12,seeqst_binomial_tuned,10,median_of_means,6,5000,-5.545450144168994,-0.5733141891694169,0.5733141891694169
12,seeqst_binomial_tuned,10,median_of_means,6,10000,-5.232400539256227,-0.26026458425665044,0.26026458425665044
12,seeqst_binomial_tuned,10,median_of_means,6,15000,-5.483627319335936,-0.5114913643363588,0.5114913643363588
12,seeqst_binomial_tuned,10,median_of_means,6,20000,-5.364954525237678,-0.3928185702381013,0.3928185702381013
12,seeqst_binomial_tuned,10,median_of_means,6,25000,-5.150665415060158,-0.1785294600605809,0.1785294600605809
12,seeqst_binomial_tuned,10,median_of_means,6,30000,-4.932284355163572,0.0398515998360045,0.0398515998360045
12,seeqst_binomial_tuned,10,median_of_means,6,35000,-5.134807817526792,-0.16267186252721544,0.16267186252721544
12,seeqst_binomial_tuned,10,median_of_means,6,40000,-4.9849369130333425,-0.012800958033765575,0.012800958033765575
12,seeqst_binomial_tuned,10,median_of_means,6,45000,-4.837910334269204,0.1342256207303727,0.1342256207303727
12,seeqst_binomial_tuned,10,median_of_means,6,50000,-4.774523027429884,0.1976129275696925,0.1976129275696925
13,pauli,10,median_of_means,6,10,2.249999999999997,7.222135954999574,7.222135954999574
13,pauli,10,median_of_means,6,30,1.3499999999999985,6.322135954999576,6.322135954999576
13,pauli,10,median_of_means,6,100,-4.359374999999999,0.6127609549995778,0.6127609549995778
13,pauli,10,median_of_means,6,300,-5.489999999999996,-0.5178640450004188,0.5178640450004188
13,pauli,10,median_of_means,6,1000,-5.225150602409636,-0.2530146474100592,0.2530146474100592
13,pauli,10,median_of_means,6,3000,-4.916249999999998,0.055885954999578935,0.055885954999578935
13,pauli,10,median_of_means,6,5000,-4.0502701080432155,0.9218658469563614,0.9218658469563614
13,pauli,10,median_of_means,6,10000,-4.801170468187273,0.17096548681230406,0.17096548681230406
13,pauli,10,median_of_means,6,15000,-3.8380499999999977,1.1340859549995792,1.1340859549995792
13,pauli,10,median_of_means,6,20000,-3.9076282628262806,1.0645076921732963,1.0645076921732963
13,pauli,10,median_of_means,6,25000,-4.1465134421507415,0.8256225128488355,0.8256225128488355
13,pauli,10,median_of_means,6,30000,-4.087349999999997,0.8847859549995798,0.8847859549995798
13,pauli,10,median_of_means,6,35000,-3.879928853077317,1.0922071019222601,1.0922071019222601
13,pauli,10,median_of_means,6,40000,-4.6395702070207,0.33256574797887684,0.33256574797887684
13,pauli,10,median_of_means,6,45000,-5.115749999999997,-0.14361404500041974,0.14361404500041974
13,pauli,10,median_of_means,6,50000,-4.580193207728307,0.39194274727127,0.39194274727127
13,clifford,10,median_of_means,6,10,-1.3335686721571707e-15,4.972135954999575,4.972135954999575
13,clifford,10,median_of_means,6,30,-3.973957716001081e-15,4.972135954999573,4.972135954999573
13,clifford,10,median_of_means,6,100,8.007812499999952,12.97994845499953,12.97994845499953
13,clifford,10,median_of_means,6,300,-7.68749999999997,-2.715364045000393,2.715364045000393
13,clifford,10,median_of_means,6,1000,-6.1746987951806975,-1.2025628401811206,1.2025628401811206
13,clifford,10,median_of_means,6,3000,-5.893749999999978,-0.9216140450004007,0.9216140450004007
13,clifford,10,median_of_means,6,5000,-4.460534213685458,0.5116017413141192,0.5116017413141192
13,clifford,10,median_of_means,6,10000,-3.768382352941162,1.203753602058415,1.203753602058415
13,clifford,10,median_of_means,6,15000,-4.612499999999983,0.359635954999594,0.359635954999594
13,clifford,10,median_of_means,6,20000,-4.5745199519951845,0.3976160030043925,0.3976160030043925
13,clifford,10,median_of_means,6,25000,-4.613238118098879,0.3588978369006979,0.3588978369006979
13,clifford,10,median_of_means,6,30000,-4.458749999999984,0.5133859549995927,0.5133859549995927
13,clifford,10,median_of_means,6,35000,-3.9977284416252217,0.9744075133743553,0.9744075133743553
13,clifford,10,median_of_means,6,40000,-4.209327182718257,0.7628087722813204,0.7628087722813204
13,clifford,10,median_of_means,6,45000,-4.458749999999984,0.5133859549995927,0.5133859549995927
13,clifford,10,median_of_means,6,50000,-4.412801512060468,0.5593344429391092,0.5593344429391092
13,seeqst_uniform,10,median_of_means,6,10,0.0,4.972135954999577,4.972135954999577
13,seeqst_uniform,10,median_of_means,6,30,0.0,4.972135954999577,4.972135954999577
13,seeqst_uniform,10,median_of_means,6,100,-32.0,-27.027864045000424,27.027864045000424
13,seeqst_uniform,10,median_of_means,6,300,-20.48,-15.507864045000424,15.507864045000424
13,seeqst_uniform,10,median_of_means,6,1000,-3.0843373493975905,1.8877986056019864,1.8877986056019864
13,seeqst_uniform,10,median_of_means,6,3000,-8.192,-3.2198640450004232,3.2198640450004232
13,seeqst_uniform,10,median_of_means,6,5000,-6.146458583433374,-1.1743226284337966,1.1743226284337966
13,seeqst_uniform,10,median_of_means,6,10000,-6.453781512605042,-1.4816455576054652,1.4816455576054652
13,seeqst_uniform,10,median_of_means,6,15000,-6.9632,-1.9910640450004227,1.9910640450004227
13,seeqst_uniform,10,median_of_means,6,20000,-5.069306930693069,-0.09717097569349242,0.09717097569349242
13,seeqst_uniform,10,median_of_means,6,25000,-5.038886221795487,-0.06675026679590967,0.06675026679590967
13,seeqst_uniform,10,median_of_means,6,30000,-5.632,-0.6598640450004227,0.6598640450004227
13,seeqst_uniform,10,median_of_means,6,35000,-5.091033773358477,-0.11889781835890023,0.11889781835890023
13,seeqst_uniform,10,median_of_means,6,40000,-4.454845484548455,0.5172904704511216,0.5172904704511216
13,seeqst_uniform,10,median_of_means,6,45000,-4.369066666666667,0.6030692883329101,0.6030692883329101
13,seeqst_uniform,10,median_of_means,6,50000,-4.792511700468019,0.17962425453155806,0.17962425453155806
13,seeqst_binomial_q0.09091,10,median_of_means,6,10,0.0,4.972135954999577,4.972135954999577
13,seeqst_binomial_q0.09091,10,median_of_means,6,30,0.0,4.972135954999577,4.972135954999577
13,seeqst_binomial_q0.09091,10,median_of_means,6,100,8.10544518878515,13.077581143784727,13.077581143784727
13,seeqst_binomial_q0.09091,10,median_of_means,6,300,2.593742460411248,7.565878415410825,7.565878415410825
13,seeqst_binomial_q0.09091,10,median_of_means,6,1000,-3.12499091615813,1.8471450388414468,1.8471450388414468
13,seeqst_binomial_q0.09091,10,median_of_means,6,3000,-3.371865198534623,1.6002707564649539,1.6002707564649539
13,seeqst_binomial_q0.09091,10,median_of_means,6,5000,-3.8921705588404087,1.0799653961591682,1.0799653961591682
13,seeqst_binomial_q0.09091,10,median_of_means,6,10000,-4.826291492962107,0.14584446203746992,0.14584446203746992
13,seeqst_binomial_q0.09091,10,median_of_means,6,15000,-4.928110674781372,0.04402528021820462,0.04402528021820462
13,seeqst_binomial_q0.09091,10,median_of_means,6,20000,-4.941573544437873,0.03056241056170439,0.03056241056170439
13,seeqst_binomial_q0.09091,10,median_of_means,6,25000,-5.16756179102577,-0.19542583602619334,0.19542583602619334
13,seeqst_binomial_q0.09091,10,median_of_means,6,30000,-4.772486127156697,0.19964982784287955,0.19964982784287955
13,seeqst_binomial_q0.09091,10,median_of_means,6,35000,-4.802403321179749,0.1697326338198275,0.1697326338198275
13,seeqst_binomial_q0.09091,10,median_of_means,6,40000,-4.8637534886199525,0.10838246637962445,0.10838246637962445
13,seeqst_binomial_q0.09091,10,median_of_means,6,45000,-4.928110674781371,0.04402528021820551,0.04402528021820551
13,seeqst_binomial_q0.09091,10,median_of_means,6,50000,-5.089126272377764,-0.11699031737818721,0.11699031737818721
13,seeqst_binomial_q0.5,10,median_of_means,6,10,0.0,4.972135954999577,4.972135954999577
13,seeqst_binomial_q0.5,10,median_of_means,6,30,0.0,4.972135954999577,4.972135954999577
13,seeqst_binomial_q0.5,10,median_of_means,6,100,0.0,4.972135954999577,4.972135954999577
13,seeqst_binomial_q0.5,10,median_of_means,6,300,0.0,4.972135954999577,4.972135954999577
13,seeqst_binomial_q0.5,10,median_of_means,6,1000,-3.0843373493975905,1.8877986056019864,1.8877986056019864
13,seeqst_binomial_q0.5,10,median_of_means,6,3000,-5.12,-0.14786404500042316,0.14786404500042316
13,seeqst_binomial_q0.5,10,median_of_means,6,5000,-5.531812725090036,-0.5596767700904595,0.5596767700904595
13,seeqst_binomial_q0.5,10,median_of_means,6,10000,-4.60984393757503,0.3622920174245472,0.3622920174245472
13,seeqst_binomial_q0.5,10,median_of_means,6,15000,-4.3008,0.6713359549995772,0.6713359549995772
13,seeqst_binomial_q0.5,10,median_of_means,6,20000,-4.915691569156916,0.05644438584266087,0.05644438584266087
13,seeqst_binomial_q0.5,10,median_of_means,6,25000,-4.547287566010562,0.4248483889890151,0.4248483889890151
13,seeqst_binomial_q0.5,10,median_of_means,6,30000,-4.6080000000000005,0.3641359549995764,0.3641359549995764
13,seeqst_binomial_q0.5,10,median_of_means,6,35000,-4.5643751071489795,0.4077608478505974,0.4077608478505974
13,seeqst_binomial_q0.5,10,median_of_means,6,40000,-4.608460846084608,0.36367510891496924,0.36367510891496924
13,seeqst_binomial_q0.5,10,median_of_means,6,45000,-4.573866666666667,0.39826928833290953,0.39826928833290953
13,seeqst_binomial_q0.5,10,median_of_means,6,50000,-4.423856954278171,0.548279000721406,0.548279000721406
13,seeqst_binomial_tuned,10,median_of_means,6,10,0.0,4.972135954999577,4.972135954999577
13,seeqst_binomial_tuned,10,median_of_means,6,30,14.901161193847653,19.87329714884723,19.87329714884723
13,seeqst_binomial_tuned,10,median_of_means,6,100,4.656612873077392,9.628748828076969,9.628748828076969
13,seeqst_binomial_tuned,10,median_of_means,6,300,-8.940696716308592,-3.968560761309015,3.968560761309015
13,seeqst_binomial_tuned,10,median_of_means,6,1000,-5.385961877294332,-0.41382592229475534,0.41382592229475534
13,seeqst_binomial_tuned,10,median_of_means,6,3000,-5.960464477539061,-0.9883285225394838,0.9883285225394838
13,seeqst_binomial_tuned,10,median_of_means,6,5000,-5.366564655647414,-0.3944287006478371,0.3944287006478371
13,seeqst_binomial_tuned,10,median_of_means,6,10000,-6.3951562146465015,-1.4230202596469246,1.4230202596469246
13,seeqst_binomial_tuned,10,median_of_means,6,15000,-5.096197128295897,-0.12406117329631972,0.12406117329631972
13,seeqst_binomial_tuned,10,median_of_means,6,20000,-5.275538616483717,-0.30340266148413964,0.30340266148413964
13,seeqst_binomial_tuned,10,median_of_means,6,25000,-5.114896905233351,-0.14276095023377433,0.14276095023377433
13,seeqst_binomial_tuned,10,median_of_means,6,30000,-5.692243576049803,-0.720107621050226,0.720107621050226
13,seeqst_binomial_tuned,10,median_of_means,6,35000,-5.530775584550002,-0.5586396295504255,0.5586396295504255
13,seeqst_binomial_tuned,10,median_of_means,6,40000,-5.510255376962865,-0.5381194219632883,0.5381194219632883
13,seeqst_binomial_tuned,10,median_of_means,6,45000,-5.106131235758461,-0.13399528075888423,0.13399528075888423
13,seeqst_binomial_tuned,10,median_of_means,6,50000,-5.141106256127685,-0.16897030112810807,0.16897030112810807
14,pauli,10,median_of_means,6,10,4.499999999999998,9.472135954999576,9.472135954999576
14,pauli,10,median_of_means,6,30,-2.699999999999998,2.272135954999579,2.272135954999579
14,pauli,10,median_of_means,6,100,-0.5625000000000004,4.409635954999576,4.409635954999576
14,pauli,10,median_of_means,6,300,-1.6424999999999996,3.3296359549995773,3.3296359549995773
14,pauli,10,median_of_means,6,1000,-2.338102409638553,2.634033545361024,2.634033545361024
14,pauli,10,median_of_means,6,3000,-3.372749999999998,1.5993859549995788,1.5993859549995788
14,pauli,10,median_of_means,6,5000,-2.5498199279711873,2.4223160270283897,2.4223160270283897
14,pauli,10,median_of_means,6,10000,-3.639705882352939,1.332430072646638,1.332430072646638
14,pauli,10,median_of_means,6,15000,-3.8506499999999977,1.1214859549995793,1.1214859549995793
14,pauli,10,median_of_means,6,20000,-4.667079207920789,0.3050567470787877,0.3050567470787877
14,pauli,10,median_of_means,6,25000,-3.291826692270762,1.680309262728815,1.680309262728815
14,pauli,10,median_of_means,6,30000,-3.3713999999999986,1.6007359549995783,1.6007359549995783
14,pauli,10,median_of_means,6,35000,-4.408194753985939,0.5639412010136375,0.5639412010136375
14,pauli,10,median_of_means,6,40000,-3.707301980198017,1.2648339748015598,1.2648339748015598
14,pauli,10,median_of_means,6,45000,-3.863999999999998,1.1081359549995788,1.1081359549995788
14,pauli,10,median_of_means,6,50000,-4.026536061442455,0.9455998935571222,0.9455998935571222
14,clifford,10,median_of_means,6,10,-4.445228907190571e-16,4.972135954999576,4.972135954999576
14,clifford,10,median_of_means,6,30,-1.1756627653247182e-14,4.972135954999565,4.972135954999565
14,clifford,10,median_of_means,6,100,-8.007812499999961,-3.035676545000384,3.035676545000384
14,clifford,10,median_of_means,6,300,-7.68749999999997,-2.715364045000393,2.715364045000393
14,clifford,10,median_of_means,6,1000,-6.174698795180703,-1.202562840181126,1.202562840181126
14,clifford,10,median_of_means,6,3000,-5.124999999999979,-0.15286404500040174,0.15286404500040174
14,clifford,10,median_of_means,6,5000,-5.3834033613445165,-0.4112674063449395,0.4112674063449395
14,clifford,10,median_of_means,6,10000,-4.69125150060022,0.2808844543993567,0.2808844543993567
14,clifford,10,median_of_means,6,15000,-4.304999999999982,0.667135954999595,0.667135954999595
14,clifford,10,median_of_means,6,20000,-4.843609360936075,0.1285265940635023,0.1285265940635023
14,clifford,10,median_of_means,6,25000,-4.551728276524228,0.42040767847534877,0.42040767847534877
14,clifford,10,median_of_means,6,30000,-4.535624999999984,0.43651095499959336,0.43651095499959336
14,clifford,10,median_of_means,6,35000,-4.568832504714539,0.4033034502850379,0.4033034502850379
14,clifford,10,median_of_means,6,40000,-4.824388688868869,0.14774726613070754,0.14774726613070754
14,clifford,10,median_of_means,6,45000,-4.680833333333316,0.29130262166626064,0.29130262166626064
14,clifford,10,median_of_means,6,50000,-4.720313812552485,0.2518221424470921,0.2518221424470921
14,seeqst_uniform,10,median_of_means,6,10,0.0,4.972135954999577,4.972135954999577
14,seeqst_uniform,10,median_of_means,6,30,0.0,4.972135954999577,4.972135954999577
14,seeqst_uniform,10,median_of_means,6,100,0.0,4.972135954999577,4.972135954999577
14,seeqst_uniform,10,median_of_means,6,300,0.0,4.972135954999577,4.972135954999577
14,seeqst_uniform,10,median_of_means,6,1000,-3.0843373493975905,1.8877986056019864,1.8877986056019864
14,seeqst_uniform,10,median_of_means,6,3000,-3.072,1.9001359549995769,1.9001359549995769
14,seeqst_uniform,10,median_of_means,6,5000,-2.458583433373349,2.5135525216262278,2.5135525216262278
14,seeqst_uniform,10,median_of_means,6,10000,-3.9951980792316926,0.9769378757678844,0.9769378757678844
14,seeqst_uniform,10,median_of_means,6,15000,-4.9152000000000005,0.05693595499957649,0.05693595499957649
14,seeqst_uniform,10,median_of_means,6,20000,-4.147614761476148,0.8245211935234291,0.8245211935234291
14,seeqst_uniform,10,median_of_means,6,25000,-4.42438790206433,0.5477480529352468,0.5477480529352468
14,seeqst_uniform,10,median_of_means,6,30000,-4.7104,0.261735954999577,0.261735954999577
14,seeqst_uniform,10,median_of_means,6,35000,-4.652151551517229,0.3199844034823478,0.3199844034823478
14,seeqst_uniform,10,median_of_means,6,40000,-4.531653165316532,0.44048278968304455,0.44048278968304455
14,seeqst_uniform,10,median_of_means,6,45000,-4.7104,0.261735954999577,0.261735954999577
14,seeqst_uniform,10,median_of_means,6,50000,-4.608184327373095,0.3639516276264816,0.3639516276264816
14,seeqst_binomial_q0.09091,10,median_of_means,6,10,0.0,4.972135954999577,4.972135954999577
14,seeqst_binomial_q0.09091,10,median_of_means,6,30,0.0,4.972135954999577,4.972135954999577
14,seeqst_binomial_q0.09091,10,median_of_means,6,100,0.0,4.972135954999577,4.972135954999577
14,seeqst_binomial_q0.09091,10,median_of_means,6,300,-2.593742460411248,2.378393494588329,2.378393494588329
14,seeqst_binomial_q0.09091,10,median_of_means,6,1000,-3.906238645197663,1.065897309801914,1.065897309801914
14,seeqst_binomial_q0.09091,10,median_of_means,6,3000,-3.631239444575747,1.3408965104238297,1.3408965104238297
14,seeqst_binomial_q0.09091,10,median_of_means,6,5000,-3.5807969141331757,1.3913390408664013,1.3913390408664013
14,seeqst_binomial_q0.09091,10,median_of_means,6,10000,-3.8921705588404087,1.0799653961591682,1.0799653961591682
14,seeqst_binomial_q0.09091,10,median_of_means,6,15000,-5.031860373197821,-0.059724418198244145,0.059724418198244145
14,seeqst_binomial_q0.09091,10,median_of_means,6,20000,-4.980483572346832,-0.008347617347254754,0.008347617347254754
14,seeqst_binomial_q0.09091,10,median_of_means,6,25000,-5.260951461947923,-0.288815506948346,0.288815506948346
14,seeqst_binomial_q0.09091,10,median_of_means,6,30000,-5.394984317655396,-0.42284836265581927,0.42284836265581927
14,seeqst_binomial_q0.09091,10,median_of_means,6,35000,-5.202603597944729,-0.2304676429451522,0.2304676429451522
14,seeqst_binomial_q0.09091,10,median_of_means,6,40000,-5.311218809572988,-0.3390828545734115,0.3390828545734115
14,seeqst_binomial_q0.09091,10,median_of_means,6,45000,-5.239359770030722,-0.26722381503114523,0.26722381503114523
14,seeqst_binomial_q0.09091,10,median_of_means,6,50000,-5.198067813376676,-0.22593185837709928,0.22593185837709928
14,seeqst_binomial_q0.5,10,median_of_means,6,10,0.0,4.972135954999577,4.972135954999577
14,seeqst_binomial_q0.5,10,median_of_means,6,30,0.0,4.972135954999577,4.972135954999577
14,seeqst_binomial_q0.5,10,median_of_means,6,100,0.0,4.972135954999577,4.972135954999577
14,seeqst_binomial_q0.5,10,median_of_means,6,300,0.0,4.972135954999577,4.972135954999577
14,seeqst_binomial_q0.5,10,median_of_means,6,1000,-3.0843373493975905,1.8877986056019864,1.8877986056019864
14,seeqst_binomial_q0.5,10,median_of_means,6,3000,-5.12,-0.14786404500042316,0.14786404500042316
14,seeqst_binomial_q0.5,10,median_of_means,6,5000,-3.687875150060024,1.284260804939553,1.284260804939553
14,seeqst_binomial_q0.5,10,median_of_means,6,10000,-3.9951980792316926,0.9769378757678844,0.9769378757678844
14,seeqst_binomial_q0.5,10,median_of_means,6,15000,-4.5056,0.4665359549995767,0.4665359549995767
14,seeqst_binomial_q0.5,10,median_of_means,6,20000,-4.454845484548455,0.5172904704511216,0.5172904704511216
14,seeqst_binomial_q0.5,10,median_of_means,6,25000,-4.42438790206433,0.5477480529352468,0.5477480529352468
14,seeqst_binomial_q0.5,10,median_of_means,6,30000,-5.12,-0.14786404500042316,0.14786404500042316
14,seeqst_binomial_q0.5,10,median_of_means,6,35000,-4.65215155151723,0.3199844034823469,0.3199844034823469
14,seeqst_binomial_q0.5,10,median_of_means,6,40000,-5.2997299729973,-0.3275940179977228,0.3275940179977228
14,seeqst_binomial_q0.5,10,median_of_means,6,45000,-4.9152000000000005,0.05693595499957649,0.05693595499957649
14,seeqst_binomial_q0.5,10,median_of_means,6,50000,-5.222608904356174,-0.25047294935659714,0.25047294935659714
14,seeqst_binomial_tuned,10,median_of_means,6,10,0.0,4.972135954999577,4.972135954999577
14,seeqst_binomial_tuned,10,median_of_means,6,30,0.0,4.972135954999577,4.972135954999577
14,seeqst_binomial_tuned,10,median_of_means,6,100,-4.656612873077392,0.31552308192218526,0.31552308192218526
14,seeqst_binomial_tuned,10,median_of_means,6,300,0.0,4.972135954999577,4.972135954999577
14,seeqst_binomial_tuned,10,median_of_means,6,1000,-3.5906412515295547,1.3814947034700222,1.3814947034700222
14,seeqst_binomial_tuned,10,median_of_means,6,3000,-3.42726707458496,1.544868880414617,1.544868880414617
14,seeqst_binomial_tuned,10,median_of_means,6,5000,-3.7565952589531895,1.2155406960463875,1.2155406960463875
14,seeqst_binomial_tuned,10,median_of_means,6,10000,-5.411286027777809,-0.43915007277823204,0.43915007277823204
14,seeqst_binomial_tuned,10,median_of_means,6,15000,-5.066394805908201,-0.0942588509086244,0.0942588509086244
14,seeqst_binomial_tuned,10,median_of_means,6,20000,-4.962582935844852,0.009553019154725284,0.009553019154725284
14,seeqst_binomial_tuned,10,median_of_means,6,25000,-4.542600748004444,0.4295352069951326,0.4295352069951326
14,seeqst_binomial_tuned,10,median_of_means,6,30000,-4.8428773880004865,0.12925856699909044,0.12925856699909044
14,seeqst_binomial_tuned,10,median_of_means,6,35000,-4.802705819378294,0.16943013562128328,0.16943013562128328
14,seeqst_binomial_tuned,10,median_of_means,6,40000,-4.895521004279381,0.07661495072019608,0.07661495072019608
14,seeqst_binomial_tuned,10,median_of_means,6,45000,-4.8875808715820295,0.08455508341754747,0.08455508341754747
14,seeqst_binomial_tuned,10,median_of_means,6,50000,-5.078518875618304,-0.106382920618727,0.106382920618727
15,pauli,10,median_of_means,6,10,-4.2934406030425976e-16,4.972135954999577,4.972135954999577
15,pauli,10,median_of_means,6,30,-0.6749999999999996,4.297135954999577,4.297135954999577
15,pauli,10,median_of_means,6,100,-7.453124999999996,-2.4809890450004186,2.4809890450004186
15,pauli,10,median_of_means,6,300,-0.8325000000000002,4.1396359549995765,4.1396359549995765
15,pauli,10,median_of_means,6,1000,-2.948042168674697,2.02409378632488,2.02409378632488
15,pauli,10,median_of_means,6,3000,-2.965499999999999,2.006635954999578,2.006635954999578
15,pauli,10,median_of_means,6,5000,-3.8909063625450155,1.0812295924545614,1.0812295924545614
15,pauli,10,median_of_means,6,10000,-3.110969387755101,1.8611665672444762,1.8611665672444762
15,pauli,10,median_of_means,6,15000,-3.0599999999999983,1.9121359549995787,1.9121359549995787
15,pauli,10,median_of_means,6,20000,-2.972997299729971,1.999138655269606,1.999138655269606
15,pauli,10,median_of_means,6,25000,-3.7379380700912126,1.2341978849083644,1.2341978849083644
15,pauli,10,median_of_means,6,30000,-3.1290749999999976,1.8430609549995793,1.8430609549995793
15,pauli,10,median_of_means,6,35000,-3.569603977370133,1.4025319776294438,1.4025319776294438
15,pauli,10,median_of_means,6,40000,-4.026608910891087,0.9455270441084895,0.9455270441084895
15,pauli,10,median_of_means,6,45000,-3.8246999999999978,1.1474359549995792,1.1474359549995792
15,pauli,10,median_of_means,6,50000,-3.9201518060722407,1.0519841489273363,1.0519841489273363
15,clifford,10,median_of_means,6,10,-2.692923206496927e-15,4.972135954999574,4.972135954999574
15,clifford,10,median_of_means,6,30,-2.2306396614055316e-15,4.972135954999574,4.972135954999574
15,clifford,10,median_of_means,6,100,-5.821059397025269e-16,4.972135954999576,4.972135954999576
15,clifford,10,median_of_means,6,300,-7.687499999999977,-2.7153640450004,2.7153640450004
15,clifford,10,median_of_means,6,1000,-4.6310240963855325,0.34111185861404447,0.34111185861404447
15,clifford,10,median_of_means,6,3000,-6.662499999999975,-1.6903640450003978,1.6903640450003978
15,clifford,10,median_of_means,6,5000,-5.537214885954362,-0.565078930954785,0.565078930954785
15,clifford,10,median_of_means,6,10000,-4.229816926770693,0.7423190282288843,0.7423190282288843
15,clifford,10,median_of_means,6,15000,-4.304999999999983,0.6671359549995941,0.6671359549995941
15,clifford,10,median_of_means,6,20000,-4.459195919591943,0.5129400354076337,0.5129400354076337
15,clifford,10,median_of_means,6,25000,-4.428708593374925,0.5434273616246523,0.5434273616246523
15,clifford,10,median_of_means,6,30000,-4.381874999999985,0.5902609549995921,0.5902609549995921
15,clifford,10,median_of_means,6,35000,-4.898315618035298,0.07382033696427914,0.07382033696427914
15,clifford,10,median_of_means,6,40000,-4.401533903390325,0.570602051609252,0.570602051609252
15,clifford,10,median_of_means,6,45000,-5.142083333333313,-0.1699473783337364,0.1699473783337364
15,clifford,10,median_of_means,6,50000,-4.766440657626288,0.20569529737328907,0.20569529737328907
15,seeqst_uniform,10,median_of_means,6,10,0.0,4.972135954999577,4.972135954999577
15,seeqst_uniform,10,median_of_means,6,30,0.0,4.972135954999577,4.972135954999577
15,seeqst_uniform,10,median_of_means,6,100,0.0,4.972135954999577,4.972135954999577
15,seeqst_uniform,10,median_of_means,6,300,-10.24,-5.267864045000423,5.267864045000423
15,seeqst_uniform,10,median_of_means,6,1000,-9.253012048192772,-4.2808760931931955,4.2808760931931955
15,seeqst_uniform,10,median_of_means,6,3000,-6.144,-1.1718640450004232,1.1718640450004232
15,seeqst_uniform,10,median_of_means,6,5000,-6.761104441776711,-1.7889684867771338,1.7889684867771338
15,seeqst_uniform,10,median_of_means,6,10000,-5.224489795918368,-0.2523538409187909,0.2523538409187909
15,seeqst_uniform,10,median_of_means,6,15000,-7.3728,-2.400664045000423,2.400664045000423
15,seeqst_uniform,10,median_of_means,6,20000,-6.144614461446144,-1.1724785064465673,1.1724785064465673
15,seeqst_uniform,10,median_of_means,6,25000,-6.14498319731157,-1.1728472423119927,1.1728472423119927
15,seeqst_uniform,10,median_of_means,6,30000,-5.427199999999999,-0.4550640450004222,0.4550640450004222
15,seeqst_uniform,10,median_of_means,6,35000,-5.793245328304475,-0.821109373304898,0.821109373304898
15,seeqst_uniform,10,median_of_means,6,40000,-5.7605760576057605,-0.7884401026061836,0.7884401026061836
15,seeqst_uniform,10,median_of_means,6,45000,-5.802666666666667,-0.8305307116670901,0.8305307116670901
15,seeqst_uniform,10,median_of_means,6,50000,-5.529821192847714,-0.557685237848137,0.557685237848137
15,seeqst_binomial_q0.09091,10,median_of_means,6,10,0.0,4.972135954999577,4.972135954999577
15,seeqst_binomial_q0.09091,10,median_of_means,6,30,0.0,4.972135954999577,4.972135954999577
15,seeqst_binomial_q0.09091,10,median_of_means,6,100,-16.2108903775703,-11.238754422570725,11.238754422570725
15,seeqst_binomial_q0.09091,10,median_of_means,6,300,-10.374969841644992,-5.402833886645415,5.402833886645415
15,seeqst_binomial_q0.09091,10,median_of_means,6,1000,-4.687486374237196,0.2846495807623812,0.2846495807623812
15,seeqst_binomial_q0.09091,10,median_of_means,6,3000,-4.149987936657997,0.8221480183415801,0.8221480183415801
15,seeqst_binomial_q0.09091,10,median_of_means,6,5000,-5.293351960022956,-0.32121600502337877,0.32121600502337877
15,seeqst_binomial_q0.09091,10,median_of_means,6,10000,-5.604725604730189,-0.6325896497306118,0.6325896497306118
15,seeqst_binomial_q0.09091,10,median_of_means,6,15000,-5.4468591668636215,-0.47472321186404454,0.47472321186404454
15,seeqst_binomial_q0.09091,10,median_of_means,6,20000,-5.252853767709549,-0.2807178127099723,0.2807178127099723
15,seeqst_binomial_q0.09091,10,median_of_means,6,25000,-5.0741721201036185,-0.10203616510404157,0.10203616510404157
15,seeqst_binomial_q0.09091,10,median_of_means,6,30000,-4.798423551760809,0.1737124032387678,0.1737124032387678
15,seeqst_binomial_q0.09091,10,median_of_means,6,35000,-4.6690032289247565,0.30313272607482045,0.30313272607482045
15,seeqst_binomial_q0.09091,10,median_of_means,6,40000,-4.9026635165289125,0.06947243847066442,0.06947243847066442
15,seeqst_binomial_q0.09091,10,median_of_means,6,45000,-4.789777743559439,0.18235821144013808,0.18235821144013808
15,seeqst_binomial_q0.09091,10,median_of_means,6,50000,-4.73117549480991,0.2409604601896671,0.2409604601896671
15,seeqst_binomial_q0.5,10,median_of_means,6,10,0.0,4.972135954999577,4.972135954999577
15,seeqst_binomial_q0.5,10,median_of_means,6,30,0.0,4.972135954999577,4.972135954999577
15,seeqst_binomial_q0.5,10,median_of_means,6,100,0.0,4.972135954999577,4.972135954999577
15,seeqst_binomial_q0.5,10,median_of_means,6,300,0.0,4.972135954999577,4.972135954999577
15,seeqst_binomial_q0.5,10,median_of_means,6,1000,-6.168674698795181,-1.196538743795604,1.196538743795604
15,seeqst_binomial_q0.5,10,median_of_means,6,3000,-4.096,0.8761359549995769,0.8761359549995769
15,seeqst_binomial_q0.5,10,median_of_means,6,5000,-5.531812725090036,-0.5596767700904595,0.5596767700904595
15,seeqst_binomial_q0.5,10,median_of_means,6,10000,-5.531812725090036,-0.5596767700904595,0.5596767700904595
15,seeqst_binomial_q0.5,10,median_of_means,6,15000,-4.5056,0.4665359549995767,0.4665359549995767
15,seeqst_binomial_q0.5,10,median_of_means,6,20000,-4.915691569156916,0.05644438584266087,0.05644438584266087
15,seeqst_binomial_q0.5,10,median_of_means,6,25000,-3.8098895823331738,1.1622463726664032,1.1622463726664032
15,seeqst_binomial_q0.5,10,median_of_means,6,30000,-3.4816000000000003,1.4905359549995767,1.4905359549995767
15,seeqst_binomial_q0.5,10,median_of_means,6,35000,-3.949939996571233,1.0221959584283438,1.0221959584283438
15,seeqst_binomial_q0.5,10,median_of_means,6,40000,-4.070807080708071,0.9013288742915062,0.9013288742915062
15,seeqst_binomial_q0.5,10,median_of_means,6,45000,-4.096,0.8761359549995769,0.8761359549995769
15,seeqst_binomial_q0.5,10,median_of_means,6,50000,-4.116644665786631,0.8554912892129458,0.8554912892129458
15,seeqst_binomial_tuned,10,median_of_means,6,10,0.0,4.972135954999577,4.972135954999577
15,seeqst_binomial_tuned,10,median_of_means,6,30,0.0,4.972135954999577,4.972135954999577
15,seeqst_binomial_tuned,10,median_of_means,6,100,0.0,4.972135954999577,4.972135954999577
15,seeqst_binomial_tuned,10,median_of_means,6,300,-2.980232238769531,1.9919037162300461,1.9919037162300461
15,seeqst_binomial_tuned,10,median_of_means,6,1000,-2.2441507822059714,2.7279851727936055,2.7279851727936055
15,seeqst_binomial_tuned,10,median_of_means,6,3000,-5.066394805908201,-0.0942588509086244,0.0942588509086244
15,seeqst_binomial_tuned,10,median_of_means,6,5000,-5.187679167125833,-0.21554321212625638,0.21554321212625638
15,seeqst_binomial_tuned,10,median_of_means,6,10000,-4.740465445821881,0.23167050917769583,0.23167050917769583
15,seeqst_binomial_tuned,10,median_of_means,6,15000,-4.857778549194334,0.11435740580524278,0.11435740580524278
15,seeqst_binomial_tuned,10,median_of_means,6,20000,-4.6719812323944785,0.30015472260509846,0.30015472260509846
15,seeqst_binomial_tuned,10,median_of_means,6,25000,-4.721443297138478,0.25069265786109884,0.25069265786109884
15,seeqst_binomial_tuned,10,median_of_means,6,30000,-5.230307579040526,-0.2581716240409486,0.2581716240409486
15,seeqst_binomial_tuned,10,median_of_means,6,35000,-5.109261509976907,-0.13712555497733003,0.13712555497733003
15,seeqst_binomial_tuned,10,median_of_means,6,40000,-5.1302377647585296,-0.1581018097589526,0.1581018097589526
15,seeqst_binomial_tuned,10,median_of_means,6,45000,-5.165735880533852,-0.19359992553427485,0.19359992553427485
15,seeqst_binomial_tuned,10,median_of_means,6,50000,-5.239457854070997,-0.2673218990714199,0.2673218990714199
16,pauli,10,median_of_means,6,10,-4.499999999999991,0.4721359549995858,0.4721359549995858
16,pauli,10,median_of_means,6,30,-2.9249999999999994,2.0471359549995776,2.0471359549995776
16,pauli,10,median_of_means,6,100,-3.5859374999999964,1.3861984549995805,1.3861984549995805
16,pauli,10,median_of_means,6,300,-3.622499999999998,1.3496359549995791,1.3496359549995791
16,pauli,10,median_of_means,6,1000,-5.516566265060238,-0.5444303100606609,0.5444303100606609
16,pauli,10,median_of_means,6,3000,-5.411249999999997,-0.4391140450004203,0.4391140450004203
16,pauli,10,median_of_means,6,5000,-5.689825930372146,-0.7176899753725694,0.7176899753725694
16,pauli,10,median_of_means,6,10000,-5.369747899159661,-0.39761194416008383,0.39761194416008383
16,pauli,10,median_of_means,6,15000,-5.595749999999997,-0.6236140450004202,0.6236140450004202
16,pauli,10,median_of_means,6,20000,-6.124212421242121,-1.1520764662425442,1.1520764662425442
16,pauli,10,median_of_means,6,25000,-4.975276044167064,-0.0031400891674868703,0.0031400891674868703
16,pauli,10,median_of_means,6,30000,-5.901524999999998,-0.9293890450004207,0.9293890450004207
16,pauli,10,median_of_means,6,35000,-5.385457740442308,-0.4133217854427311,0.4133217854427311
16,pauli,10,median_of_means,6,40000,-5.165279027902788,-0.19314307290321064,0.19314307290321064
16,pauli,10,median_of_means,6,45000,-4.997699999999998,-0.02556404500042131,0.02556404500042131
16,pauli,10,median_of_means,6,50000,-5.074177967118683,-0.10204201211910569,0.10204201211910569
16,clifford,10,median_of_means,6,10,4.445228907190574e-16,4.972135954999578,4.972135954999578
16,clifford,10,median_of_means,6,30,-1.5688296962911075e-14,4.972135954999561,4.972135954999561
16,clifford,10,median_of_means,6,100,-16.01562499999995,-11.043489045000374,11.043489045000374
16,clifford,10,median_of_means,6,300,-10.249999999999954,-5.277864045000377,5.277864045000377
16,clifford,10,median_of_means,6,1000,-10.805722891566226,-5.8335869365666495,5.8335869365666495
16,clifford,10,median_of_means,6,3000,-6.662499999999978,-1.6903640450004014,1.6903640450004014
16,clifford,10,median_of_means,6,5000,-4.306722689075611,0.6654132659239655,0.6654132659239655
16,clifford,10,median_of_means,6,10000,-4.768157262905144,0.20397869209443265,0.20397869209443265
16,clifford,10,median_of_means,6,15000,-3.7924999999999853,1.1796359549995916,1.1796359549995916
16,clifford,10,median_of_means,6,20000,-4.843609360936076,0.12852659406350053,0.12852659406350053
16,clifford,10,median_of_means,6,25000,-4.30568891022562,0.6664470447739568,0.6664470447739568
16,clifford,10,median_of_means,6,30000,-4.791874999999983,0.18026095499959371,0.18026095499959371
16,clifford,10,median_of_means,6,35000,-4.854384536259197,0.11775141874038031,0.11775141874038031
16,clifford,10,median_of_means,6,40000,-4.901271377137695,0.07086457786188216,0.07086457786188216
16,clifford,10,median_of_means,6,45000,-4.270833333333318,0.701302621666259,0.701302621666259
16,clifford,10,median_of_means,6,50000,-4.935572422896897,0.03656353210268026,0.03656353210268026
16,seeqst_uniform,10,median_of_means,6,10,0.0,4.972135954999577,4.972135954999577
16,seeqst_uniform,10,median_of_means,6,30,0.0,4.972135954999577,4.972135954999577
16,seeqst_uniform,10,median_of_means,6,100,0.0,4.972135954999577,4.972135954999577
16,seeqst_uniform,10,median_of_means,6,300,0.0,4.972135954999577,4.972135954999577
16,seeqst_uniform,10,median_of_means,6,1000,-6.168674698795181,-1.196538743795604,1.196538743795604
16,seeqst_uniform,10,median_of_means,6,3000,-6.144,-1.1718640450004232,1.1718640450004232
16,seeqst_uniform,10,median_of_means,6,5000,-6.761104441776711,-1.7889684867771338,1.7889684867771338
16,seeqst_uniform,10,median_of_means,6,10000,-6.761104441776711,-1.7889684867771338,1.7889684867771338
16,seeqst_uniform,10,median_of_means,6,15000,-5.3248,-0.3526640450004228,0.3526640450004228
16,seeqst_uniform,10,median_of_means,6,20000,-5.837383738373838,-0.8652477833742607,0.8652477833742607
16,seeqst_uniform,10,median_of_means,6,25000,-4.6701872299567935,0.3019487250427835,0.3019487250427835
16,seeqst_uniform,10,median_of_means,6,30000,-4.6080000000000005,0.3641359549995764,0.3641359549995764
16,seeqst_uniform,10,median_of_means,6,35000,-4.915480884621978,0.05665507037759898,0.05665507037759898
16,seeqst_uniform,10,median_of_means,6,40000,-3.993999399939994,0.9781365550595829,0.9781365550595829
16,seeqst_uniform,10,median_of_means,6,45000,-4.437333333333333,0.5348026216662438,0.5348026216662438
16,seeqst_uniform,10,median_of_means,6,50000,-4.423856954278171,0.548279000721406,0.548279000721406
16,seeqst_binomial_q0.09091,10,median_of_means,6,10,0.0,4.972135954999577,4.972135954999577
16,seeqst_binomial_q0.09091,10,median_of_means,6,30,0.0,4.972135954999577,4.972135954999577
16,seeqst_binomial_q0.09091,10,median_of_means,6,100,0.0,4.972135954999577,4.972135954999577
16,seeqst_binomial_q0.09091,10,median_of_means,6,300,2.593742460411248,7.565878415410825,7.565878415410825
16,seeqst_binomial_q0.09091,10,median_of_means,6,1000,-3.9062386451976634,1.0658973098019136,1.0658973098019136
16,seeqst_binomial_q0.09091,10,median_of_means,6,3000,-4.149987936657997,0.8221480183415801,0.8221480183415801
16,seeqst_binomial_q0.09091,10,median_of_means,6,5000,-4.359231025901257,0.6129049290983195,0.6129049290983195
16,seeqst_binomial_q0.09091,10,median_of_means,6,10000,-5.059821726492531,-0.08768577149295442,0.08768577149295442
16,seeqst_binomial_q0.09091,10,median_of_means,6,15000,-5.239359770030722,-0.26722381503114523,0.26722381503114523
16,seeqst_binomial_q0.09091,10,median_of_means,6,20000,-5.291763795618509,-0.31962784061893235,0.31962784061893235
16,seeqst_binomial_q0.09091,10,median_of_means,6,25000,-5.105302010411003,-0.1331660554114258,0.1331660554114258
16,seeqst_binomial_q0.09091,10,median_of_means,6,30000,-5.369046893051285,-0.3969109380517084,0.3969109380517084
16,seeqst_binomial_q0.09091,10,median_of_means,6,35000,-5.158136900526398,-0.18600094552682123,0.18600094552682123
16,seeqst_binomial_q0.09091,10,median_of_means,6,40000,-5.09721365607371,-0.12507770107413307,0.12507770107413307
16,seeqst_binomial_q0.09091,10,median_of_means,6,45000,-5.152901688017013,-0.18076573301743615,0.18076573301743615
16,seeqst_binomial_q0.09091,10,median_of_means,6,50000,-5.104689349663323,-0.13255339466374583,0.13255339466374583
16,seeqst_binomial_q0.5,10,median_of_means,6,10,0.0,4.972135954999577,4.972135954999577
16,seeqst_binomial_q0.5,10,median_of_means,6,30,0.0,4.972135954999577,4.972135954999577
16,seeqst_binomial_q0.5,10,median_of_means,6,100,0.0,4.972135954999577,4.972135954999577
16,seeqst_binomial_q0.5,10,median_of_means,6,300,0.0,4.972135954999577,4.972135954999577
16,seeqst_binomial_q0.5,10,median_of_means,6,1000,-6.168674698795181,-1.196538743795604,1.196538743795604
16,seeqst_binomial_q0.5,10,median_of_means,6,3000,-5.12,-0.14786404500042316,0.14786404500042316
16,seeqst_binomial_q0.5,10,median_of_means,6,5000,-4.917166866746698,0.054969088252878606,0.054969088252878606
16,seeqst_binomial_q0.5,10,median_of_means,6,10000,-6.453781512605042,-1.4816455576054652,1.4816455576054652
16,seeqst_binomial_q0.5,10,median_of_means,6,15000,-5.9392,-0.9670640450004226,0.9670640450004226
16,seeqst_binomial_q0.5,10,median_of_means,6,20000,-6.144614461446144,-1.1724785064465673,1.1724785064465673
16,seeqst_binomial_q0.5,10,median_of_means,6,25000,-6.022083533365338,-1.049947578365761,1.049947578365761
16,seeqst_binomial_q0.5,10,median_of_means,6,30000,-5.9392,-0.9670640450004226,0.9670640450004226
16,seeqst_binomial_q0.5,10,median_of_means,6,35000,-5.705468883936225,-0.7333329289366484,0.7333329289366484
16,seeqst_binomial_q0.5,10,median_of_means,6,40000,-5.222922292229223,-0.2507863372296457,0.2507863372296457
16,seeqst_binomial_q0.5,10,median_of_means,6,45000,-5.802666666666667,-0.8305307116670901,0.8305307116670901
16,seeqst_binomial_q0.5,10,median_of_means,6,50000,-5.284051362054482,-0.3119154070549053,0.3119154070549053
16,seeqst_binomial_tuned,10,median_of_means,6,10,0.0,4.972135954999577,4.972135954999577
16,seeqst_binomial_tuned,10,median_of_means,6,30,0.0,4.972135954999577,4.972135954999577
16,seeqst_binomial_tuned,10,median_of_means,6,100,0.0,4.972135954999577,4.972135954999577
16,seeqst_binomial_tuned,10,median_of_means,6,300,-2.980232238769531,1.9919037162300461,1.9919037162300461
16,seeqst_binomial_tuned,10,median_of_means,6,1000,-5.834792033735527,-0.8626560787359496,0.8626560787359496
16,seeqst_binomial_tuned,10,median_of_means,6,3000,-4.917383193969725,0.05475276102985216,0.05475276102985216
16,seeqst_binomial_tuned,10,median_of_means,6,5000,-5.0982364228650425,-0.12610046786546558,0.12610046786546558
16,seeqst_binomial_tuned,10,median_of_means,6,10000,-5.411286027777808,-0.43915007277823115,0.43915007277823115
16,seeqst_binomial_tuned,10,median_of_means,6,15000,-4.678964614868162,0.29317134013141466,0.29317134013141466
16,seeqst_binomial_tuned,10,median_of_means,6,20000,-4.9849369130333425,-0.012800958033765575,0.012800958033765575
16,seeqst_binomial_tuned,10,median_of_means,6,25000,-4.775096061878688,0.19703989312088854,0.19703989312088854
16,seeqst_binomial_tuned,10,median_of_means,6,30000,-5.021691322326658,-0.049555367327081434,0.049555367327081434
16,seeqst_binomial_tuned,10,median_of_means,6,35000,-5.032622587327253,-0.06048663232767648,0.06048663232767648
16,seeqst_binomial_tuned,10,median_of_means,6,40000,-5.085529810381549,-0.11339385538197178,0.11339385538197178
16,seeqst_binomial_tuned,10,median_of_means,6,45000,-4.8875808715820295,0.08455508341754747,0.08455508341754747
16,seeqst_binomial_tuned,10,median_of_means,6,50000,-4.953344114599544,0.018791840400033344,0.018791840400033344
17,pauli,10,median_of_means,6,10,2.249999999999999,7.222135954999576,7.222135954999576
17,pauli,10,median_of_means,6,30,-0.9000000000000001,4.072135954999577,4.072135954999577
17,pauli,10,median_of_means,6,100,-1.5468749999999993,3.425260954999578,3.425260954999578
17,pauli,10,median_of_means,6,300,-5.174999999999998,-0.2028640450004211,0.2028640450004211
17,pauli,10,median_of_means,6,1000,-5.746987951807226,-0.7748519968076488,0.7748519968076488
17,pauli,10,median_of_means,6,3000,-3.858749999999998,1.113385954999579,1.113385954999579
17,pauli,10,median_of_means,6,5000,-4.7593037214885925,0.21283223351098446,0.21283223351098446
17,pauli,10,median_of_means,6,10000,-5.849864945978387,-0.8777289909788104,0.8777289909788104
17,pauli,10,median_of_means,6,15000,-5.039999999999997,-0.06786404500042043,0.06786404500042043
17,pauli,10,median_of_means,6,20000,-5.0947344734473425,-0.12259851844776559,0.12259851844776559
17,pauli,10,median_of_means,6,25000,-5.006871099375898,-0.03473514437632108,0.03473514437632108
17,pauli,10,median_of_means,6,30000,-5.329124999999998,-0.3569890450004207,0.3569890450004207
17,pauli,10,median_of_means,6,35000,-5.541102348705636,-0.5689663937060594,0.5689663937060594
17,pauli,10,median_of_means,6,40000,-5.551248874887486,-0.5791129198879092,0.5791129198879092
17,pauli,10,median_of_means,6,45000,-6.134849999999997,-1.1627140450004196,1.1627140450004196
17,pauli,10,median_of_means,6,50000,-5.575048001920074,-0.6029120469204967,0.6029120469204967
17,clifford,10,median_of_means,6,10,-2.9019230412221833e-15,4.972135954999574,4.972135954999574
17,clifford,10,median_of_means,6,30,-2.5942698315200276e-15,4.972135954999574,4.972135954999574
17,clifford,10,median_of_means,6,100,-8.007812499999998,-3.0356765450004213,3.0356765450004213
17,clifford,10,median_of_means,6,300,-10.249999999999966,-5.277864045000389,5.277864045000389
17,clifford,10,median_of_means,6,1000,-8.490210843373474,-3.5180748883738966,3.5180748883738966
17,clifford,10,median_of_means,6,3000,-3.5874999999999857,1.3846359549995912,1.3846359549995912
17,clifford,10,median_of_means,6,5000,-4.306722689075614,0.6654132659239629,0.6654132659239629
17,clifford,10,median_of_means,6,10000,-5.229591836734673,-0.2574558817350958,0.2574558817350958
17,clifford,10,median_of_means,6,15000,-4.561249999999983,0.4108859549995936,0.4108859549995936
17,clifford,10,median_of_means,6,20000,-3.8825757575757436,1.0895601974238334,1.0895601974238334
17,clifford,10,median_of_means,6,25000,-3.5368158905424742,1.4353200644571027,1.4353200644571027
17,clifford,10,median_of_means,6,30000,-4.330624999999985,0.6415109549995917,0.6415109549995917
17,clifford,10,median_of_means,6,35000,-4.524901422938436,0.44723453206114083,0.44723453206114083
17,clifford,10,median_of_means,6,40000,-4.670623312331216,0.301512642668361,0.301512642668361
17,clifford,10,median_of_means,6,45000,-5.124999999999981,-0.1528640450004044,0.1528640450004044
17,clifford,10,median_of_means,6,50000,-5.073952958118308,-0.10181700311873065,0.10181700311873065
17,seeqst_uniform,10,median_of_means,6,10,0.0,4.972135954999577,4.972135954999577
17,seeqst_uniform,10,median_of_means,6,30,0.0,4.972135954999577,4.972135954999577
17,seeqst_uniform,10,median_of_means,6,100,0.0,4.972135954999577,4.972135954999577
17,seeqst_uniform,10,median_of_means,6,300,0.0,4.972135954999577,4.972135954999577
17,seeqst_uniform,10,median_of_means,6,1000,-6.168674698795181,-1.196538743795604,1.196538743795604
17,seeqst_uniform,10,median_of_means,6,3000,-7.168,-2.195864045000423,2.195864045000423
17,seeqst_uniform,10,median_of_means,6,5000,-6.146458583433374,-1.1743226284337966,1.1743226284337966
17,seeqst_uniform,10,median_of_means,6,10000,-5.839135654261705,-0.866999699262128,0.866999699262128
17,seeqst_uniform,10,median_of_means,6,15000,-6.348800000000001,-1.3766640450004237,1.3766640450004237
17,seeqst_uniform,10,median_of_means,6,20000,-5.069306930693069,-0.09717097569349242,0.09717097569349242
17,seeqst_uniform,10,median_of_means,6,25000,-4.547287566010562,0.4248483889890151,0.4248483889890151
17,seeqst_uniform,10,median_of_means,6,30000,-5.3248,-0.3526640450004228,0.3526640450004228
17,seeqst_uniform,10,median_of_means,6,35000,-4.915480884621978,0.05665507037759898,0.05665507037759898
17,seeqst_uniform,10,median_of_means,6,40000,-5.453345334533454,-0.481209379533877,0.481209379533877
17,seeqst_uniform,10,median_of_means,6,45000,-5.393066666666666,-0.42093071166708906,0.42093071166708906
17,seeqst_uniform,10,median_of_means,6,50000,-5.4069362774510985,-0.43480032245152156,0.43480032245152156
17,seeqst_binomial_q0.09091,10,median_of_means,6,10,0.0,4.972135954999577,4.972135954999577
17,seeqst_binomial_q0.09091,10,median_of_means,6,30,0.0,4.972135954999577,4.972135954999577
17,seeqst_binomial_q0.09091,10,median_of_means,6,100,-16.2108903775703,-11.238754422570725,11.238754422570725
17,seeqst_binomial_q0.09091,10,median_of_means,6,300,-7.7812273812337445,-2.8090914262341675,2.8090914262341675
17,seeqst_binomial_q0.09091,10,median_of_means,6,1000,-4.687486374237196,0.2846495807623812,0.2846495807623812
17,seeqst_binomial_q0.09091,10,median_of_means,6,3000,-5.706233412904746,-0.7340974579051691,0.7340974579051691
17,seeqst_binomial_q0.09091,10,median_of_means,6,5000,-4.981978315315723,-0.009842360316145715,0.009842360316145715
17,seeqst_binomial_q0.09091,10,median_of_means,6,10000,-5.293351960022955,-0.3212160050233779,0.3212160050233779
17,seeqst_binomial_q0.09091,10,median_of_means,6,15000,-4.564986730323797,0.40714922467577974,0.40714922467577974
17,seeqst_binomial_q0.09091,10,median_of_means,6,20000,-4.8248434607109925,0.14729249428858449,0.14729249428858449
17,seeqst_binomial_q0.09091,10,median_of_means,6,25000,-4.856262887951929,0.11587306704764799,0.11587306704764799
17,seeqst_binomial_q0.09091,10,median_of_means,6,30000,-4.979985523989597,-0.007849568990019762,0.007849568990019762
17,seeqst_binomial_q0.09091,10,median_of_means,6,35000,-4.735703275052254,0.2364326799473231,0.2364326799473231
17,seeqst_binomial_q0.09091,10,median_of_means,6,40000,-4.941573544437871,0.030562410561706166,0.030562410561706166
17,seeqst_binomial_q0.09091,10,median_of_means,6,45000,-4.686028045142988,0.2861079098565886,0.2861079098565886
17,seeqst_binomial_q0.09091,10,median_of_means,6,50000,-4.87124319037994,0.10089276461963692,0.10089276461963692
17,seeqst_binomial_q0.5,10,median_of_means,6,10,0.0,4.972135954999577,4.972135954999577
17,seeqst_binomial_q0.5,10,median_of_means,6,30,0.0,4.972135954999577,4.972135954999577
17,seeqst_binomial_q0.5,10,median_of_means,6,100,0.0,4.972135954999577,4.972135954999577
17,seeqst_binomial_q0.5,10,median_of_means,6,300,0.0,4.972135954999577,4.972135954999577
17,seeqst_binomial_q0.5,10,median_of_means,6,1000,0.0,4.972135954999577,4.972135954999577
17,seeqst_binomial_q0.5,10,median_of_means,6,3000,-4.096,0.8761359549995769,0.8761359549995769
17,seeqst_binomial_q0.5,10,median_of_means,6,5000,-3.687875150060024,1.284260804939553,1.284260804939553
17,seeqst_binomial_q0.5,10,median_of_means,6,10000,-3.073229291716687,1.8989066632828902,1.8989066632828902
17,seeqst_binomial_q0.5,10,median_of_means,6,15000,-3.6864,1.285735954999577,1.285735954999577
17,seeqst_binomial_q0.5,10,median_of_means,6,20000,-4.608460846084609,0.36367510891496835,0.36367510891496835
17,seeqst_binomial_q0.5,10,median_of_means,6,25000,-4.793086893903025,0.17904906109655183,0.17904906109655183
17,seeqst_binomial_q0.5,10,median_of_means,6,30000,-4.812799999999999,0.15933595499957764,0.15933595499957764
17,seeqst_binomial_q0.5,10,median_of_means,6,35000,-4.5643751071489795,0.4077608478505974,0.4077608478505974
17,seeqst_binomial_q0.5,10,median_of_means,6,40000,-4.915691569156916,0.05644438584266087,0.05644438584266087
17,seeqst_binomial_q0.5,10,median_of_means,6,45000,-4.369066666666667,0.6030692883329101,0.6030692883329101
17,seeqst_binomial_q0.5,10,median_of_means,6,50000,-4.423856954278172,0.5482790007214051,0.5482790007214051
17,seeqst_binomial_tuned,10,median_of_means,6,10,0.0,4.972135954999577,4.972135954999577
17,seeqst_binomial_tuned,10,median_of_means,6,30,0.0,4.972135954999577,4.972135954999577
17,seeqst_binomial_tuned,10,median_of_means,6,100,-9.313225746154783,-4.341089791155206,4.341089791155206
17,seeqst_binomial_tuned,10,median_of_means,6,300,-4.470348358154295,0.5017875968452818,0.5017875968452818
17,seeqst_binomial_tuned,10,median_of_means,6,1000,-6.283622190176721,-1.311486235177144,1.311486235177144
17,seeqst_binomial_tuned,10,median_of_means,6,3000,-4.768371582031248,0.20376437296832872,0.20376437296832872
17,seeqst_binomial_tuned,10,median_of_means,6,5000,-5.0982364228650425,-0.12610046786546558,0.12610046786546558
17,seeqst_binomial_tuned,10,median_of_means,6,10000,-4.561579957300301,0.41055599769927564,0.41055599769927564
17,seeqst_binomial_tuned,10,median_of_means,6,15000,-4.7981739044189435,0.1739620505806334,0.1739620505806334
17,seeqst_binomial_tuned,10,median_of_means,6,20000,-4.6943352095829685,0.2778007454166085,0.2778007454166085
17,seeqst_binomial_tuned,10,median_of_means,6,25000,-4.989707120839528,-0.017571165839950886,0.017571165839950886
17,seeqst_binomial_tuned,10,median_of_means,6,30000,-4.8428773880004865,0.12925856699909044,0.12925856699909044
17,seeqst_binomial_tuned,10,median_of_means,6,35000,-4.955983664677601,0.01615229032197618,0.01615229032197618
17,seeqst_binomial_tuned,10,median_of_means,6,40000,-5.119060776164284,-0.14692482116470718,0.14692482116470718
17,seeqst_binomial_tuned,10,median_of_means,6,45000,-4.996856053670245,-0.024720098670668378,0.024720098670668378
17,seeqst_binomial_tuned,10,median_of_means,6,50000,-5.212634690995548,-0.24049873599597138,0.24049873599597138
18,pauli,10,median_of_means,6,10,-2.2499999999999987,2.7221359549995783,2.7221359549995783
18,pauli,10,median_of_means,6,30,-6.299999999999994,-1.3278640450004167,1.3278640450004167
18,pauli,10,median_of_means,6,100,-3.1640624999999973,1.8080734549995796,1.8080734549995796
18,pauli,10,median_of_means,6,300,-4.634999999999997,0.3371359549995798,0.3371359549995798
18,pauli,10,median_of_means,6,1000,-4.703313253012046,0.26882270198753133,0.26882270198753133
18,pauli,10,median_of_means,6,3000,-4.751999999999997,0.22013595499957983,0.22013595499957983
18,pauli,10,median_of_means,6,5000,-5.951830732292914,-0.9796947772933366,0.9796947772933366
18,pauli,10,median_of_means,6,10000,-3.566101440576228,1.4060345144233488,1.4060345144233488
18,pauli,10,median_of_means,6,15000,-3.218849999999998,1.753285954999579,1.753285954999579
18,pauli,10,median_of_means,6,20000,-4.226597659765974,0.7455382952336027,0.7455382952336027
18,pauli,10,median_of_means,6,25000,-4.12382981277004,0.8483061422295366,0.8483061422295366
18,pauli,10,median_of_means,6,30000,-4.566149999999997,0.4059859549995801,0.4059859549995801
18,pauli,10,median_of_means,6,35000,-4.224005657466138,0.7481302975334385,0.7481302975334385
18,pauli,10,median_of_means,6,40000,-4.3361273627362715,0.6360085922633054,0.6360085922633054
18,pauli,10,median_of_means,6,45000,-4.303949999999998,0.6681859549995792,0.6681859549995792
18,pauli,10,median_of_means,6,50000,-4.810107404296169,0.1620285507034076,0.1620285507034076
18,clifford,10,median_of_means,6,10,-6.66784336078585e-16,4.972135954999576,4.972135954999576
18,clifford,10,median_of_means,6,30,-8.827928247524891e-15,4.972135954999568,4.972135954999568
18,clifford,10,median_of_means,6,100,-2.2839117408538663e-15,4.972135954999574,4.972135954999574
18,clifford,10,median_of_means,6,300,-10.249999999999982,-5.277864045000405,5.277864045000405
18,clifford,10,median_of_means,6,1000,-9.26204819277105,-4.289912237771474,4.289912237771474
18,clifford,10,median_of_means,6,3000,-7.431249999999968,-2.4591140450003914,2.4591140450003914
18,clifford,10,median_of_means,6,5000,-7.229141656662637,-2.2570057016630605,2.2570057016630605
18,clifford,10,median_of_means,6,10000,-5.075780312124831,-0.10364435712525388,0.10364435712525388
18,clifford,10,median_of_means,6,15000,-4.817499999999982,0.15463595499959482,0.15463595499959482
18,clifford,10,median_of_means,6,20000,-4.65140264026401,0.3207333147355671,0.3207333147355671
18,clifford,10,median_of_means,6,25000,-5.474375900144006,-0.5022399451444288,0.5022399451444288
18,clifford,10,median_of_means,6,30000,-4.945624999999982,0.026510954999594993,0.026510954999594993
18,clifford,10,median_of_means,6,35000,-5.074039945139705,-0.10190399014012819,0.10190399014012819
18,clifford,10,median_of_means,6,40000,-5.035816081608143,-0.06368012660856603,0.06368012660856603
18,clifford,10,median_of_means,6,45000,-5.17624999999998,-0.2041140450004031,0.2041140450004031
18,clifford,10,median_of_means,6,50000,-5.4429677187087275,-0.4708317637091506,0.4708317637091506
18,seeqst_uniform,10,median_of_means,6,10,0.0,4.972135954999577,4.972135954999577
18,seeqst_uniform,10,median_of_means,6,30,0.0,4.972135954999577,4.972135954999577
18,seeqst_uniform,10,median_of_means,6,100,0.0,4.972135954999577,4.972135954999577
18,seeqst_uniform,10,median_of_means,6,300,0.0,4.972135954999577,4.972135954999577
18,seeqst_uniform,10,median_of_means,6,1000,-9.253012048192772,-4.2808760931931955,4.2808760931931955
18,seeqst_uniform,10,median_of_means,6,3000,-9.216000000000001,-4.243864045000424,4.243864045000424
18,seeqst_uniform,10,median_of_means,6,5000,-6.761104441776711,-1.7889684867771338,1.7889684867771338
18,seeqst_uniform,10,median_of_means,6,10000,-5.839135654261705,-0.866999699262128,0.866999699262128
18,seeqst_uniform,10,median_of_means,6,15000,-5.3248,-0.3526640450004228,0.3526640450004228
18,seeqst_uniform,10,median_of_means,6,20000,-4.915691569156916,0.05644438584266087,0.05644438584266087
18,seeqst_uniform,10,median_of_means,6,25000,-5.038886221795487,-0.06675026679590967,0.06675026679590967
18,seeqst_uniform,10,median_of_means,6,30000,-5.427199999999999,-0.4550640450004222,0.4550640450004222
18,seeqst_uniform,10,median_of_means,6,35000,-5.354363106463227,-0.38222715146364994,0.38222715146364994
18,seeqst_uniform,10,median_of_means,6,40000,-4.608460846084608,0.36367510891496924,0.36367510891496924
18,seeqst_uniform,10,median_of_means,6,45000,-4.983466666666667,-0.011330711667089766,0.011330711667089766
18,seeqst_uniform,10,median_of_means,6,50000,-4.423856954278172,0.5482790007214051,0.5482790007214051
18,seeqst_binomial_q0.09091,10,median_of_means,6,10,0.0,4.972135954999577,4.972135954999577
18,seeqst_binomial_q0.09091,10,median_of_means,6,30,0.0,4.972135954999577,4.972135954999577
18,seeqst_binomial_q0.09091,10,median_of_means,6,100,-8.10544518878515,-3.1333092337855737,3.1333092337855737
18,seeqst_binomial_q0.09091,10,median_of_means,6,300,-5.187484920822496,-0.21534896582291907,0.21534896582291907
18,seeqst_binomial_q0.09091,10,median_of_means,6,1000,-7.031229561355794,-2.0590936063562166,2.0590936063562166
18,seeqst_binomial_q0.09091,10,median_of_means,6,3000,-6.224981904986997,-1.25284594998742,1.25284594998742
18,seeqst_binomial_q0.09091,10,median_of_means,6,5000,-4.826291492962107,0.14584446203746992,0.14584446203746992
18,seeqst_binomial_q0.09091,10,median_of_means,6,10000,-3.3472666806027513,1.6248692743968256,1.6248692743968256
18,seeqst_binomial_q0.09091,10,median_of_means,6,15000,-4.149987936657998,0.8221480183415792,0.8221480183415792
18,seeqst_binomial_q0.09091,10,median_of_means,6,20000,-4.241193042076598,0.7309429129229787,0.7309429129229787
18,seeqst_binomial_q0.09091,10,median_of_means,6,25000,-4.63835365580024,0.33378229919933666,0.33378229919933666
18,seeqst_binomial_q0.09091,10,median_of_means,6,30000,-4.876235825573147,0.09590012942642989,0.09590012942642989
18,seeqst_binomial_q0.09091,10,median_of_means,6,35000,-4.691236577633923,0.28089937736565407,0.28089937736565407
18,seeqst_binomial_q0.09091,10,median_of_means,6,40000,-4.688658363029635,0.28347759196994193,0.28347759196994193
18,seeqst_binomial_q0.09091,10,median_of_means,6,45000,-4.634153195934764,0.337982759064813,0.337982759064813
18,seeqst_binomial_q0.09091,10,median_of_means,6,50000,-4.933495499522175,0.03864045547740158,0.03864045547740158
18,seeqst_binomial_q0.5,10,median_of_means,6,10,0.0,4.972135954999577,4.972135954999577
18,seeqst_binomial_q0.5,10,median_of_means,6,30,0.0,4.972135954999577,4.972135954999577
18,seeqst_binomial_q0.5,10,median_of_means,6,100,0.0,4.972135954999577,4.972135954999577
18,seeqst_binomial_q0.5,10,median_of_means,6,300,0.0,4.972135954999577,4.972135954999577
18,seeqst_binomial_q0.5,10,median_of_means,6,1000,-6.168674698795181,-1.196538743795604,1.196538743795604
18,seeqst_binomial_q0.5,10,median_of_means,6,3000,-5.12,-0.14786404500042316,0.14786404500042316
18,seeqst_binomial_q0.5,10,median_of_means,6,5000,-8.605042016806722,-3.6329060618071454,3.6329060618071454
18,seeqst_binomial_q0.5,10,median_of_means,6,10000,-4.609843937575031,0.3622920174245463,0.3622920174245463
18,seeqst_binomial_q0.5,10,median_of_means,6,15000,-4.096,0.8761359549995769,0.8761359549995769
18,seeqst_binomial_q0.5,10,median_of_means,6,20000,-4.762076207620762,0.21005974737881505,0.21005974737881505
18,seeqst_binomial_q0.5,10,median_of_means,6,25000,-4.793086893903025,0.17904906109655183,0.17904906109655183
18,seeqst_binomial_q0.5,10,median_of_means,6,30000,-4.6080000000000005,0.3641359549995764,0.3641359549995764
18,seeqst_binomial_q0.5,10,median_of_means,6,35000,-4.47659866278073,0.495537292218847,0.495537292218847
18,seeqst_binomial_q0.5,10,median_of_means,6,40000,-4.378037803780378,0.5940981512191987,0.5940981512191987
18,seeqst_binomial_q0.5,10,median_of_means,6,45000,-4.778666666666666,0.19346928833291077,0.19346928833291077
18,seeqst_binomial_q0.5,10,median_of_means,6,50000,-4.669626785071403,0.30250916992817434,0.30250916992817434
18,seeqst_binomial_tuned,10,median_of_means,6,10,0.0,4.972135954999577,4.972135954999577
18,seeqst_binomial_tuned,10,median_of_means,6,30,0.0,4.972135954999577,4.972135954999577
18,seeqst_binomial_tuned,10,median_of_means,6,100,0.0,4.972135954999577,4.972135954999577
18,seeqst_binomial_tuned,10,median_of_means,6,300,0.0,4.972135954999577,4.972135954999577
18,seeqst_binomial_tuned,10,median_of_means,6,1000,-1.7953206257647776,3.1768153292347994,3.1768153292347994
18,seeqst_binomial_tuned,10,median_of_means,6,3000,-5.3644180297851545,-0.39228207478557753,0.39228207478557753
18,seeqst_binomial_tuned,10,median_of_means,6,5000,-5.545450144168994,-0.5733141891694169,0.5733141891694169
18,seeqst_binomial_tuned,10,median_of_means,6,10000,-5.0982364228650425,-0.12610046786546558,0.12610046786546558
18,seeqst_binomial_tuned,10,median_of_means,6,15000,-4.976987838745115,-0.004851883745538466,0.004851883745538466
18,seeqst_binomial_tuned,10,median_of_means,6,20000,-4.671981232394478,0.30015472260509934,0.30015472260509934
18,seeqst_binomial_tuned,10,median_of_means,6,25000,-4.882401591359108,0.08973436364046883,0.08973436364046883
18,seeqst_binomial_tuned,10,median_of_means,6,30000,-5.066394805908201,-0.0942588509086244,0.0942588509086244
18,seeqst_binomial_tuned,10,median_of_means,6,35000,-4.8921178958028895,0.08001805919668747,0.08001805919668747
18,seeqst_binomial_tuned,10,median_of_means,6,40000,-4.929051970062117,0.043083984937459796,0.043083984937459796
18,seeqst_binomial_tuned,10,median_of_means,6,45000,-5.066394805908201,-0.0942588509086244,0.0942588509086244
18,seeqst_binomial_tuned,10,median_of_means,6,50000,-5.051695712542855,-0.07955975754327849,0.07955975754327849
19,pauli,10,median_of_means,6,10,-6.749999999999995,-1.7778640450004177,1.7778640450004177
19,pauli,10,median_of_means,6,30,-6.299999999999997,-1.3278640450004202,1.3278640450004202
19,pauli,10,median_of_means,6,100,-14.48437499999999,-9.512239045000413,9.512239045000413
19,pauli,10,median_of_means,6,300,-12.757499999999991,-7.7853640450004145,7.7853640450004145
19,pauli,10,median_of_means,6,1000,-7.671686746987946,-2.6995507919883694,2.6995507919883694
19,pauli,10,median_of_means,6,3000,-9.049499999999997,-4.07736404500042,4.07736404500042
19,pauli,10,median_of_means,6,5000,-8.836584633853537,-3.86444867885396,3.86444867885396
19,pauli,10,median_of_means,6,10000,-5.157037815126047,-0.18490186012647047,0.18490186012647047
19,pauli,10,median_of_means,6,15000,-5.0048999999999975,-0.032764045000420516,0.032764045000420516
19,pauli,10,median_of_means,6,20000,-4.549279927992798,0.4228560270067794,0.4228560270067794
19,pauli,10,median_of_means,6,25000,-4.598295727316367,0.37384022768320957,0.37384022768320957
19,pauli,10,median_of_means,6,30000,-3.8432249999999977,1.1289109549995793,1.1289109549995793
19,pauli,10,median_of_means,6,35000,-4.689975141436651,0.28216081356292566,0.28216081356292566
19,pauli,10,median_of_means,6,40000,-4.743193069306928,0.22894288569264898,0.22894288569264898
19,pauli,10,median_of_means,6,45000,-4.636499999999998,0.3356359549995789,0.3356359549995789
19,pauli,10,median_of_means,6,50000,-4.19785791431657,0.774278040683007,0.774278040683007
19,clifford,10,median_of_means,6,10,1.233798870623073e-32,4.972135954999577,4.972135954999577
19,clifford,10,median_of_means,6,30,-25.624999999999844,-20.652864045000268,20.652864045000268
19,clifford,10,median_of_means,6,100,-16.01562499999995,-11.043489045000374,11.043489045000374
19,clifford,10,median_of_means,6,300,-7.687499999999968,-2.715364045000391,2.715364045000391
19,clifford,10,median_of_means,6,1000,-10.03388554216864,-5.061749587169063,5.061749587169063
19,clifford,10,median_of_means,6,3000,-5.124999999999979,-0.15286404500040174,0.15286404500040174
19,clifford,10,median_of_means,6,5000,-5.383403361344515,-0.41126740634493775,0.41126740634493775
19,clifford,10,median_of_means,6,10000,-6.152460984393735,-1.180325029394158,1.180325029394158
19,clifford,10,median_of_means,6,15000,-4.971249999999983,0.0008859549995943183,0.0008859549995943183
19,clifford,10,median_of_means,6,20000,-4.151665166516636,0.8204707884829405,0.8204707884829405
19,clifford,10,median_of_means,6,25000,-4.828522563610159,0.14361339138941798,0.14361339138941798
19,clifford,10,median_of_means,6,30000,-5.304374999999979,-0.332239045000402,0.332239045000402
19,clifford,10,median_of_means,6,35000,-5.315660894908261,-0.3435249399086837,0.3435249399086837
19,clifford,10,median_of_means,6,40000,-5.343346834683448,-0.3712108796838711,0.3712108796838711
19,clifford,10,median_of_means,6,45000,-4.817499999999981,0.1546359549995957,0.1546359549995957
19,clifford,10,median_of_means,6,50000,-5.227709108364316,-0.25557315336473874,0.25557315336473874
19,seeqst_uniform,10,median_of_means,6,10,0.0,4.972135954999577,4.972135954999577
19,seeqst_uniform,10,median_of_means,6,30,0.0,4.972135954999577,4.972135954999577
19,seeqst_uniform,10,median_of_means,6,100,0.0,4.972135954999577,4.972135954999577
19,seeqst_uniform,10,median_of_means,6,300,-10.24,-5.267864045000423,5.267864045000423
19,seeqst_uniform,10,median_of_means,6,1000,-6.168674698795181,-1.196538743795604,1.196538743795604
19,seeqst_uniform,10,median_of_means,6,3000,-3.072,1.9001359549995769,1.9001359549995769
19,seeqst_uniform,10,median_of_means,6,5000,-4.917166866746699,0.05496908825287772,0.05496908825287772
19,seeqst_uniform,10,median_of_means,6,10000,-5.531812725090036,-0.5596767700904595,0.5596767700904595
19,seeqst_uniform,10,median_of_means,6,15000,-4.3008,0.6713359549995772,0.6713359549995772
19,seeqst_uniform,10,median_of_means,6,20000,-4.454845484548454,0.5172904704511225,0.5172904704511225
19,seeqst_uniform,10,median_of_means,6,25000,-4.6701872299567935,0.3019487250427835,0.3019487250427835
19,seeqst_uniform,10,median_of_means,6,30000,-4.7104,0.261735954999577,0.261735954999577
19,seeqst_uniform,10,median_of_means,6,35000,-4.1254928853077315,0.8466430696918454,0.8466430696918454
19,seeqst_uniform,10,median_of_means,6,40000,-4.454845484548454,0.5172904704511225,0.5172904704511225
19,seeqst_uniform,10,median_of_means,6,45000,-4.369066666666667,0.6030692883329101,0.6030692883329101
19,seeqst_uniform,10,median_of_means,6,50000,-4.3009720388815555,0.6711639161180214,0.6711639161180214
19,seeqst_binomial_q0.09091,10,median_of_means,6,10,0.0,4.972135954999577,4.972135954999577
19,seeqst_binomial_q0.09091,10,median_of_means,6,30,0.0,4.972135954999577,4.972135954999577
19,seeqst_binomial_q0.09091,10,median_of_means,6,100,-16.2108903775703,-11.238754422570725,11.238754422570725
19,seeqst_binomial_q0.09091,10,median_of_means,6,300,-10.374969841644992,-5.402833886645415,5.402833886645415
19,seeqst_binomial_q0.09091,10,median_of_means,6,1000,-6.24998183231626,-1.2778458773166834,1.2778458773166834
19,seeqst_binomial_q0.09091,10,median_of_means,6,3000,-6.484356151028121,-1.5122201960285437,1.5122201960285437
19,seeqst_binomial_q0.09091,10,median_of_means,6,5000,-6.694533361205504,-1.7223974062059266,1.7223974062059266
19,seeqst_binomial_q0.09091,10,median_of_means,6,10000,-5.604725604730188,-0.6325896497306109,0.6325896497306109
19,seeqst_binomial_q0.09091,10,median_of_means,6,15000,-5.498734016071847,-0.5265980610722698,0.5265980610722698
19,seeqst_binomial_q0.09091,10,median_of_means,6,20000,-5.758684130526024,-0.7865481755264474,0.7865481755264474
19,seeqst_binomial_q0.09091,10,median_of_means,6,25000,-5.6033802553291485,-0.6312443003295716,0.6312443003295716
19,seeqst_binomial_q0.09091,10,median_of_means,6,30000,-5.031860373197822,-0.05972441819824503,0.05972441819824503
19,seeqst_binomial_q0.09091,10,median_of_means,6,35000,-4.869103367307247,0.10303258769233015,0.10303258769233015
19,seeqst_binomial_q0.09091,10,median_of_means,6,40000,-5.11666867002819,-0.1445327150286131,0.1445327150286131
19,seeqst_binomial_q0.09091,10,median_of_means,6,45000,-5.049151989600563,-0.0770160346009865,0.0770160346009865
19,seeqst_binomial_q0.09091,10,median_of_means,6,50000,-4.85568011309438,0.11645584190519731,0.11645584190519731
19,seeqst_binomial_q0.5,10,median_of_means,6,10,0.0,4.972135954999577,4.972135954999577
19,seeqst_binomial_q0.5,10,median_of_means,6,30,0.0,4.972135954999577,4.972135954999577
19,seeqst_binomial_q0.5,10,median_of_means,6,100,0.0,4.972135954999577,4.972135954999577
19,seeqst_binomial_q0.5,10,median_of_means,6,300,-10.24,-5.267864045000423,5.267864045000423
19,seeqst_binomial_q0.5,10,median_of_means,6,1000,-12.337349397590362,-7.365213442590785,7.365213442590785
19,seeqst_binomial_q0.5,10,median_of_means,6,3000,-9.216000000000001,-4.243864045000424,4.243864045000424
19,seeqst_binomial_q0.5,10,median_of_means,6,5000,-5.531812725090036,-0.5596767700904595,0.5596767700904595
19,seeqst_binomial_q0.5,10,median_of_means,6,10000,-5.839135654261705,-0.866999699262128,0.866999699262128
19,seeqst_binomial_q0.5,10,median_of_means,6,15000,-5.7344,-0.762264045000423,0.762264045000423
19,seeqst_binomial_q0.5,10,median_of_means,6,20000,-5.683768376837683,-0.7116324218381065,0.7116324218381065
19,seeqst_binomial_q0.5,10,median_of_means,6,25000,-5.4075852136341815,-0.4354492586346046,0.4354492586346046
19,seeqst_binomial_q0.5,10,median_of_means,6,30000,-5.5296,-0.5574640450004233,0.5574640450004233
19,seeqst_binomial_q0.5,10,median_of_means,6,35000,-5.705468883936225,-0.7333329289366484,0.7333329289366484
19,seeqst_binomial_q0.5,10,median_of_means,6,40000,-5.7605760576057605,-0.7884401026061836,0.7884401026061836
19,seeqst_binomial_q0.5,10,median_of_means,6,45000,-5.461333333333333,-0.4891973783337562,0.4891973783337562
19,seeqst_binomial_q0.5,10,median_of_means,6,50000,-5.222608904356175,-0.25047294935659803,0.25047294935659803
19,seeqst_binomial_tuned,10,median_of_means,6,10,0.0,4.972135954999577,4.972135954999577
19,seeqst_binomial_tuned,10,median_of_means,6,30,0.0,4.972135954999577,4.972135954999577
19,seeqst_binomial_tuned,10,median_of_means,6,100,-9.313225746154783,-4.341089791155206,4.341089791155206
19,seeqst_binomial_tuned,10,median_of_means,6,300,-7.450580596923826,-2.4784446419242494,2.4784446419242494
19,seeqst_binomial_tuned,10,median_of_means,6,1000,-6.283622190176721,-1.311486235177144,1.311486235177144
19,seeqst_binomial_tuned,10,median_of_means,6,3000,-5.513429641723631,-0.5412936867240541,0.5412936867240541
19,seeqst_binomial_tuned,10,median_of_means,6,5000,-4.561579957300301,0.41055599769927564,0.41055599769927564
19,seeqst_binomial_tuned,10,median_of_means,6,10000,-4.427415840909116,0.5447201140904605,0.5447201140904605
19,seeqst_binomial_tuned,10,median_of_means,6,15000,-4.649162292480467,0.32297366251910997,0.32297366251910997
19,seeqst_binomial_tuned,10,median_of_means,6,20000,-4.604919300829007,0.36721665417057014,0.36721665417057014
19,seeqst_binomial_tuned,10,median_of_means,6,25000,-4.7750960618786875,0.19703989312088943,0.19703989312088943
19,seeqst_binomial_tuned,10,median_of_means,6,30000,-4.783272743225096,0.18886321177448107,0.18886321177448107
19,seeqst_binomial_tuned,10,median_of_means,6,35000,-4.892117895802889,0.08001805919668836,0.08001805919668836
19,seeqst_binomial_tuned,10,median_of_means,6,40000,-4.716689186771458,0.2554467682281185,0.2554467682281185
19,seeqst_binomial_tuned,10,median_of_means,6,45000,-5.006790161132811,-0.03465420613323378,0.03465420613323378
19,seeqst_binomial_tuned,10,median_of_means,6,50000,-4.899697788448646,0.07243816655093127,0.07243816655093127
20,pauli,10,median_of_means,6,10,-7.874999999999993,-2.902864045000416,2.902864045000416
20,pauli,10,median_of_means,6,30,-3.3749999999999982,1.5971359549995787,1.5971359549995787
20,pauli,10,median_of_means,6,100,-8.226562499999995,-3.2544265450004177,3.2544265450004177
20,pauli,10,median_of_means,6,300,-6.8849999999999945,-1.9128640450004175,1.9128640450004175
20,pauli,10,median_of_means,6,1000,-5.035391566265057,-0.06325561126547985,0.06325561126547985
20,pauli,10,median_of_means,6,3000,-3.8452499999999983,1.1268859549995787,1.1268859549995787
20,pauli,10,median_of_means,6,5000,-5.283313325330129,-0.3111773703305518,0.3111773703305518
20,pauli,10,median_of_means,6,10000,-4.996998799519805,-0.02486284452022769,0.02486284452022769
20,pauli,10,median_of_means,6,15000,-5.030549999999997,-0.058414045000420245,0.058414045000420245
20,pauli,10,median_of_means,6,20000,-5.6060981098109774,-0.6339621548114005,0.6339621548114005
20,pauli,10,median_of_means,6,25000,-5.123259721555447,-0.15112376655587045,0.15112376655587045
20,pauli,10,median_of_means,6,30000,-4.5758249999999965,0.39631095499958047,0.39631095499958047
20,pauli,10,median_of_means,6,35000,-4.926045774044228,0.04609018095534889,0.04609018095534889
20,pauli,10,median_of_means,6,40000,-5.181311881188115,-0.20917592618853842,0.20917592618853842
20,pauli,10,median_of_means,6,45000,-4.693799999999997,0.2783359549995801,0.2783359549995801
20,pauli,10,median_of_means,6,50000,-4.756375255010198,0.21576069998937886,0.21576069998937886
20,clifford,10,median_of_means,6,10,-2.222614453595284e-16,4.972135954999577,4.972135954999577
20,clifford,10,median_of_means,6,30,-4.542042927127963e-15,4.9721359549995725,4.9721359549995725
20,clifford,10,median_of_means,6,100,-2.2479001120426812e-15,4.972135954999574,4.972135954999574
20,clifford,10,median_of_means,6,300,-5.125000000000001,-0.15286404500042394,0.15286404500042394
20,clifford,10,median_of_means,6,1000,-6.174698795180708,-1.2025628401811312,1.2025628401811312
20,clifford,10,median_of_means,6,3000,-5.89374999999998,-0.9216140450004033,0.9216140450004033
20,clifford,10,median_of_means,6,5000,-6.921518607442952,-1.9493826524433748,1.9493826524433748
20,clifford,10,median_of_means,6,10000,-5.075780312124833,-0.10364435712525566,0.10364435712525566
20,clifford,10,median_of_means,6,15000,-4.509999999999986,0.46213595499959137,0.46213595499959137
20,clifford,10,median_of_means,6,20000,-4.343871887188706,0.6282640678108713,0.6282640678108713
20,clifford,10,median_of_means,6,25000,-4.797767642822837,0.17436831217673987,0.17436831217673987
20,clifford,10,median_of_means,6,30000,-5.304374999999981,-0.3322390450004038,0.3322390450004038
20,clifford,10,median_of_means,6,35000,-4.590798045602588,0.3813379093969891,0.3813379093969891
20,clifford,10,median_of_means,6,40000,-4.670623312331217,0.3015126426683601,0.3015126426683601
20,clifford,10,median_of_means,6,45000,-4.373333333333315,0.5988026216662616,0.5988026216662616
20,clifford,10,median_of_means,6,50000,-4.47430397215887,0.4978319828407072,0.4978319828407072
20,seeqst_uniform,10,median_of_means,6,10,0.0,4.972135954999577,4.972135954999577
20,seeqst_uniform,10,median_of_means,6,30,0.0,4.972135954999577,4.972135954999577
20,seeqst_uniform,10,median_of_means,6,100,0.0,4.972135954999577,4.972135954999577
20,seeqst_uniform,10,median_of_means,6,300,0.0,4.972135954999577,4.972135954999577
20,seeqst_uniform,10,median_of_means,6,1000,-6.168674698795181,-1.196538743795604,1.196538743795604
20,seeqst_uniform,10,median_of_means,6,3000,-8.192,-3.2198640450004232,3.2198640450004232
20,seeqst_uniform,10,median_of_means,6,5000,-3.687875150060024,1.284260804939553,1.284260804939553
20,seeqst_uniform,10,median_of_means,6,10000,-3.9951980792316926,0.9769378757678844,0.9769378757678844
20,seeqst_uniform,10,median_of_means,6,15000,-3.4816000000000003,1.4905359549995767,1.4905359549995767
20,seeqst_uniform,10,median_of_means,6,20000,-4.762076207620762,0.21005974737881505,0.21005974737881505
20,seeqst_uniform,10,median_of_means,6,25000,-4.055688910225636,0.9164470447739408,0.9164470447739408
20,seeqst_uniform,10,median_of_means,6,30000,-4.7104,0.261735954999577,0.261735954999577
20,seeqst_uniform,10,median_of_means,6,35000,-4.915480884621978,0.05665507037759898,0.05665507037759898
20,seeqst_uniform,10,median_of_means,6,40000,-4.685268526852685,0.28686742814689214,0.28686742814689214
20,seeqst_uniform,10,median_of_means,6,45000,-4.846933333333333,0.12520262166624363,0.12520262166624363
20,seeqst_uniform,10,median_of_means,6,50000,-4.608184327373095,0.3639516276264816,0.3639516276264816
20,seeqst_binomial_q0.09091,10,median_of_means,6,10,0.0,4.972135954999577,4.972135954999577
20,seeqst_binomial_q0.09091,10,median_of_means,6,30,0.0,4.972135954999577,4.972135954999577
20,seeqst_binomial_q0.09091,10,median_of_means,6,100,0.0,4.972135954999577,4.972135954999577
20,seeqst_binomial_q0.09091,10,median_of_means,6,300,-5.187484920822496,-0.21534896582291907,0.21534896582291907
20,seeqst_binomial_q0.09091,10,median_of_means,6,1000,-3.12499091615813,1.8471450388414468,1.8471450388414468
20,seeqst_binomial_q0.09091,10,median_of_means,6,3000,-3.8906136906168722,1.0815222643827047,1.0815222643827047
20,seeqst_binomial_q0.09091,10,median_of_means,6,5000,-4.203544203547641,0.768591751451936,0.768591751451936
20,seeqst_binomial_q0.09091,10,median_of_means,6,10000,-4.125700792370833,0.8464351626287439,0.8464351626287439
20,seeqst_binomial_q0.09091,10,median_of_means,6,15000,-3.8906136906168722,1.0815222643827047,1.0815222643827047
20,seeqst_binomial_q0.09091,10,median_of_means,6,20000,-3.8910027908959623,1.0811331641036146,1.0811331641036146
20,seeqst_binomial_q0.09091,10,median_of_means,6,25000,-4.26479497211163,0.7073409828879473,0.7073409828879473
20,seeqst_binomial_q0.09091,10,median_of_means,6,30000,-4.305612484282672,0.6665234707169052,0.6665234707169052
20,seeqst_binomial_q0.09091,10,median_of_means,6,35000,-4.513369787960599,0.458766167038978,0.458766167038978
20,seeqst_binomial_q0.09091,10,median_of_means,6,40000,-4.280103069985558,0.6920328850140187,0.6920328850140187
20,seeqst_binomial_q0.09091,10,median_of_means,6,45000,-4.3747789498936385,0.5973570051059385,0.5973570051059385
20,seeqst_binomial_q0.09091,10,median_of_means,6,50000,-4.373224717242055,0.5989112377575223,0.5989112377575223
20,seeqst_binomial_q0.5,10,median_of_means,6,10,0.0,4.972135954999577,4.972135954999577
20,seeqst_binomial_q0.5,10,median_of_means,6,30,0.0,4.972135954999577,4.972135954999577
20,seeqst_binomial_q0.5,10,median_of_means,6,100,0.0,4.972135954999577,4.972135954999577
20,seeqst_binomial_q0.5,10,median_of_means,6,300,20.48,25.452135954999576,25.452135954999576
20,seeqst_binomial_q0.5,10,median_of_means,6,1000,0.0,4.972135954999577,4.972135954999577
20,seeqst_binomial_q0.5,10,median_of_means,6,3000,-7.168,-2.195864045000423,2.195864045000423
20,seeqst_binomial_q0.5,10,median_of_means,6,5000,-4.917166866746698,0.054969088252878606,0.054969088252878606
20,seeqst_binomial_q0.5,10,median_of_means,6,10000,-3.9951980792316926,0.9769378757678844,0.9769378757678844
20,seeqst_binomial_q0.5,10,median_of_means,6,15000,-4.3008,0.6713359549995772,0.6713359549995772
20,seeqst_binomial_q0.5,10,median_of_means,6,20000,-4.454845484548455,0.5172904704511216,0.5172904704511216
20,seeqst_binomial_q0.5,10,median_of_means,6,25000,-4.793086893903025,0.17904906109655183,0.17904906109655183
20,seeqst_binomial_q0.5,10,median_of_means,6,30000,-4.505599999999999,0.46653595499957756,0.46653595499957756
20,seeqst_binomial_q0.5,10,median_of_means,6,35000,-4.739927995885479,0.2322079591140982,0.2322079591140982
20,seeqst_binomial_q0.5,10,median_of_means,6,40000,-5.069306930693069,-0.09717097569349242,0.09717097569349242
20,seeqst_binomial_q0.5,10,median_of_means,6,45000,-4.9152,0.056935954999577376,0.056935954999577376
20,seeqst_binomial_q0.5,10,median_of_means,6,50000,-5.099723988959559,-0.12758803395998175,0.12758803395998175
20,seeqst_binomial_tuned,10,median_of_means,6,10,0.0,4.972135954999577,4.972135954999577
20,seeqst_binomial_tuned,10,median_of_means,6,30,0.0,4.972135954999577,4.972135954999577
20,seeqst_binomial_tuned,10,median_of_means,6,100,-9.313225746154783,-4.341089791155206,4.341089791155206
20,seeqst_binomial_tuned,10,median_of_means,6,300,-5.960464477539061,-0.9883285225394838,0.9883285225394838
20,seeqst_binomial_tuned,10,median_of_means,6,1000,-4.039471407970749,0.9326645470288275,0.9326645470288275
20,seeqst_binomial_tuned,10,median_of_means,6,3000,-5.811452865600584,-0.8393169106010072,0.8393169106010072
20,seeqst_binomial_tuned,10,median_of_means,6,5000,-5.277121911386624,-0.3049859563870472,0.3049859563870472
20,seeqst_binomial_tuned,10,median_of_means,6,10000,-4.740465445821883,0.23167050917769405,0.23167050917769405
20,seeqst_binomial_tuned,10,median_of_means,6,15000,-5.066394805908201,-0.0942588509086244,0.0942588509086244
20,seeqst_binomial_tuned,10,median_of_means,6,20000,-4.917874981467872,0.054260973531705226,0.054260973531705226
20,seeqst_binomial_tuned,10,median_of_means,6,25000,-4.953938611012721,0.018197343986855685,0.018197343986855685
20,seeqst_binomial_tuned,10,median_of_means,6,30000,-4.813075065612791,0.15906088938678575,0.15906088938678575
20,seeqst_binomial_tuned,10,median_of_means,6,35000,-4.5472427438794485,0.42489321112012846,0.42489321112012846
20,seeqst_binomial_tuned,10,median_of_means,6,40000,-4.314317597378633,0.6578183576209442,0.6578183576209442
20,seeqst_binomial_tuned,10,median_of_means,6,45000,-4.669030507405597,0.30310544759398006,0.30310544759398006
20,seeqst_binomial_tuned,10,median_of_means,6,50000,-4.568878777184777,0.4032571778148002,0.4032571778148002
21,pauli,10,median_of_means,6,10,-1.1249999999999991,3.847135954999578,3.847135954999578
21,pauli,10,median_of_means,6,30,-4.4999999999999964,0.4721359549995805,0.4721359549995805
21,pauli,10,median_of_means,6,100,-2.1093750000000004,2.8627609549995765,2.8627609549995765
21,pauli,10,median_of_means,6,300,-1.1474999999999997,3.824635954999577,3.824635954999577
21,pauli,10,median_of_means,6,1000,-5.652108433734937,-0.67997247873536,0.67997247873536
21,pauli,10,median_of_means,6,3000,-5.141249999999998,-0.1691140450004207,0.1691140450004207
21,pauli,10,median_of_means,6,5000,-5.175270108043215,-0.2031341530436377,0.2031341530436377
21,pauli,10,median_of_means,6,10000,-5.313700480192074,-0.34156452519249747,0.34156452519249747
21,pauli,10,median_of_means,6,15000,-5.121899999999997,-0.14976404500041962,0.14976404500041962
21,pauli,10,median_of_means,6,20000,-5.188568856885686,-0.21643290188610909,0.21643290188610909
21,pauli,10,median_of_means,6,25000,-5.517252760441668,-0.545116805442091,0.545116805442091
21,pauli,10,median_of_means,6,30000,-5.176124999999997,-0.20398904500042025,0.20398904500042025
21,pauli,10,median_of_means,6,35000,-4.893258186182065,0.07887776881751218,0.07887776881751218
21,pauli,10,median_of_means,6,40000,-4.988580108010799,-0.016444153011222262,0.016444153011222262
21,pauli,10,median_of_means,6,45000,-4.5544499999999974,0.4176859549995795,0.4176859549995795
21,pauli,10,median_of_means,6,50000,-4.049621984879392,0.9225139701201845,0.9225139701201845
21,clifford,10,median_of_means,6,10,-1.0112895763858543e-14,4.972135954999567,4.972135954999567
21,clifford,10,median_of_means,6,30,-25.624999999999932,-20.652864045000356,20.652864045000356
21,clifford,10,median_of_means,6,100,-8.00781249999998,-3.0356765450004035,3.0356765450004035
21,clifford,10,median_of_means,6,300,-15.374999999999936,-10.40286404500036,10.40286404500036
21,clifford,10,median_of_means,6,1000,-6.946536144578291,-1.9744001895787138,1.9744001895787138
21,clifford,10,median_of_means,6,3000,-4.356249999999987,0.6158859549995901,0.6158859549995901
21,clifford,10,median_of_means,6,5000,-4.152911164465767,0.8192247905338101,0.8192247905338101
21,clifford,10,median_of_means,6,10000,-5.152686074429752,-0.1805501194301753,0.1805501194301753
21,clifford,10,median_of_means,6,15000,-5.893749999999978,-0.9216140450004007,0.9216140450004007
21,clifford,10,median_of_means,6,20000,-5.1895814581457955,-0.21744550314621858,0.21744550314621858
21,clifford,10,median_of_means,6,25000,-4.859277484397484,0.11285847060209253,0.11285847060209253
21,clifford,10,median_of_means,6,30000,-5.048124999999981,-0.07598904500040415,0.07598904500040415
21,clifford,10,median_of_means,6,35000,-4.634729127378689,0.3374068276208879,0.3374068276208879
21,clifford,10,median_of_means,6,40000,-4.420754575457529,0.5513813795420477,0.5513813795420477
21,clifford,10,median_of_means,6,45000,-4.527083333333318,0.44505262166625936,0.44505262166625936
21,clifford,10,median_of_means,6,50000,-4.535806432257273,0.4363295227423043,0.4363295227423043
21,seeqst_uniform,10,median_of_means,6,10,0.0,4.972135954999577,4.972135954999577
21,seeqst_uniform,10,median_of_means,6,30,0.0,4.972135954999577,4.972135954999577
21,seeqst_uniform,10,median_of_means,6,100,0.0,4.972135954999577,4.972135954999577
21,seeqst_uniform,10,median_of_means,6,300,-10.24,-5.267864045000423,5.267864045000423
21,seeqst_uniform,10,median_of_means,6,1000,-12.337349397590362,-7.365213442590785,7.365213442590785
21,seeqst_uniform,10,median_of_means,6,3000,-9.216000000000001,-4.243864045000424,4.243864045000424
21,seeqst_uniform,10,median_of_means,6,5000,-9.834333733493397,-4.86219777849382,4.86219777849382
21,seeqst_uniform,10,median_of_means,6,10000,-6.761104441776711,-1.7889684867771338,1.7889684867771338
21,seeqst_uniform,10,median_of_means,6,15000,-6.7584,-1.786264045000423,1.786264045000423
21,seeqst_uniform,10,median_of_means,6,20000,-5.683768376837683,-0.7116324218381065,0.7116324218381065
21,seeqst_uniform,10,median_of_means,6,25000,-5.530484877580413,-0.5583489225808362,0.5583489225808362
21,seeqst_uniform,10,median_of_means,6,30000,-4.9152000000000005,0.05693595499957649,0.05693595499957649
21,seeqst_uniform,10,median_of_means,6,35000,-5.617692439567976,-0.6455564845683988,0.6455564845683988
21,seeqst_uniform,10,median_of_means,6,40000,-6.298229822982298,-1.3260938679827214,1.3260938679827214
21,seeqst_uniform,10,median_of_means,6,45000,-5.3248,-0.3526640450004228,0.3526640450004228
21,seeqst_uniform,10,median_of_means,6,50000,-5.591263650546022,-0.6191276955464451,0.6191276955464451
21,seeqst_binomial_q0.09091,10,median_of_means,6,10,0.0,4.972135954999577,4.972135954999577
21,seeqst_binomial_q0.09091,10,median_of_means,6,30,0.0,4.972135954999577,4.972135954999577
21,seeqst_binomial_q0.09091,10,median_of_means,6,100,-16.2108903775703,-11.238754422570725,11.238754422570725
21,seeqst_binomial_q0.09091,10,median_of_means,6,300,-5.187484920822496,-0.21534896582291907,0.21534896582291907
21,seeqst_binomial_q0.09091,10,median_of_means,6,1000,-1.562495458079065,3.409640496920512,3.409640496920512
21,seeqst_binomial_q0.09091,10,median_of_means,6,3000,-3.3718651985346226,1.6002707564649543,1.6002707564649543
21,seeqst_binomial_q0.09091,10,median_of_means,6,5000,-3.736483736486792,1.2356522185127847,1.2356522185127847
21,seeqst_binomial_q0.09091,10,median_of_means,6,10000,-4.281387614724449,0.6907483402751282,0.6907483402751282
21,seeqst_binomial_q0.09091,10,median_of_means,6,15000,-3.9424885398250975,1.0296474151744794,1.0296474151744794
21,seeqst_binomial_q0.09091,10,median_of_means,6,20000,-4.630293321166195,0.341842633833382,0.341842633833382
21,seeqst_binomial_q0.09091,10,median_of_means,6,25000,-4.949652558874082,0.022483396125495325,0.022483396125495325
21,seeqst_binomial_q0.09091,10,median_of_means,6,30000,-4.824360976364922,0.14777497863465516,0.14777497863465516
21,seeqst_binomial_q0.09091,10,median_of_means,6,35000,-4.7134699263430875,0.25866602865648947,0.25866602865648947
21,seeqst_binomial_q0.09091,10,median_of_means,6,40000,-4.474653209530357,0.49748274546922033,0.49748274546922033
21,seeqst_binomial_q0.09091,10,median_of_means,6,45000,-4.70331966154573,0.26881629345384717,0.26881629345384717
21,seeqst_binomial_q0.09091,10,median_of_means,6,50000,-4.840117035808822,0.13201891919075504,0.13201891919075504
21,seeqst_binomial_q0.5,10,median_of_means,6,10,0.0,4.972135954999577,4.972135954999577
21,seeqst_binomial_q0.5,10,median_of_means,6,30,0.0,4.972135954999577,4.972135954999577
21,seeqst_binomial_q0.5,10,median_of_means,6,100,0.0,4.972135954999577,4.972135954999577
21,seeqst_binomial_q0.5,10,median_of_means,6,300,0.0,4.972135954999577,4.972135954999577
21,seeqst_binomial_q0.5,10,median_of_means,6,1000,-6.168674698795181,-1.196538743795604,1.196538743795604
21,seeqst_binomial_q0.5,10,median_of_means,6,3000,-5.12,-0.14786404500042316,0.14786404500042316
21,seeqst_binomial_q0.5,10,median_of_means,6,5000,-6.146458583433374,-1.1743226284337966,1.1743226284337966
21,seeqst_binomial_q0.5,10,median_of_means,6,10000,-4.917166866746698,0.054969088252878606,0.054969088252878606
21,seeqst_binomial_q0.5,10,median_of_means,6,15000,-4.7104,0.261735954999577,0.261735954999577
21,seeqst_binomial_q0.5,10,median_of_means,6,20000,-5.069306930693069,-0.09717097569349242,0.09717097569349242
21,seeqst_binomial_q0.5,10,median_of_means,6,25000,-4.42438790206433,0.5477480529352468,0.5477480529352468
21,seeqst_binomial_q0.5,10,median_of_means,6,30000,-4.1983999999999995,0.7737359549995775,0.7737359549995775
21,seeqst_binomial_q0.5,10,median_of_means,6,35000,-3.335504885993485,1.636631069006092,1.636631069006092
21,seeqst_binomial_q0.5,10,median_of_means,6,40000,-3.60996099609961,1.362174958899967,1.362174958899967
21,seeqst_binomial_q0.5,10,median_of_means,6,45000,-4.027733333333334,0.9444026216662431,0.9444026216662431
21,seeqst_binomial_q0.5,10,median_of_means,6,50000,-4.178087123484939,0.7940488315146377,0.7940488315146377
21,seeqst_binomial_tuned,10,median_of_means,6,10,0.0,4.972135954999577,4.972135954999577
21,seeqst_binomial_tuned,10,median_of_means,6,30,0.0,4.972135954999577,4.972135954999577
21,seeqst_binomial_tuned,10,median_of_means,6,100,0.0,4.972135954999577,4.972135954999577
21,seeqst_binomial_tuned,10,median_of_means,6,300,-5.960464477539062,-0.9883285225394847,0.9883285225394847
21,seeqst_binomial_tuned,10,median_of_means,6,1000,-4.488301564411945,0.48383439058763233,0.48383439058763233
21,seeqst_binomial_tuned,10,median_of_means,6,3000,-5.513429641723631,-0.5412936867240541,0.5412936867240541
21,seeqst_binomial_tuned,10,median_of_means,6,5000,-5.545450144168994,-0.5733141891694169,0.5733141891694169
21,seeqst_binomial_tuned,10,median_of_means,6,10000,-4.695744073691487,0.2763918813080899,0.2763918813080899
21,seeqst_binomial_tuned,10,median_of_means,6,15000,-4.917383193969725,0.05475276102985216,0.05475276102985216
21,seeqst_binomial_tuned,10,median_of_means,6,20000,-4.6943352095829685,0.2778007454166085,0.2778007454166085
21,seeqst_binomial_tuned,10,median_of_means,6,25000,-4.632022022571461,0.3401139324281157,0.3401139324281157
21,seeqst_binomial_tuned,10,median_of_means,6,30000,-4.932284355163572,0.0398515998360045,0.0398515998360045
21,seeqst_binomial_tuned,10,median_of_means,6,35000,-4.955983664677601,0.01615229032197618,0.01615229032197618
21,seeqst_binomial_tuned,10,median_of_means,6,40000,-4.794928106931175,0.17720784806840228,0.17720784806840228
21,seeqst_binomial_tuned,10,median_of_means,6,45000,-5.016724268595375,-0.04458831359579829,0.04458831359579829
21,seeqst_binomial_tuned,10,median_of_means,6,50000,-4.899697788448646,0.07243816655093127,0.07243816655093127
22,pauli,10,median_of_means,6,10,-3.375,1.597135954999577,1.597135954999577
22,pauli,10,median_of_means,6,30,0.22499999999999953,5.197135954999577,5.197135954999577
22,pauli,10,median_of_means,6,100,1.2656250000000004,6.237760954999578,6.237760954999578
22,pauli,10,median_of_means,6,300,-2.924999999999998,2.047135954999579,2.047135954999579
22,pauli,10,median_of_means,6,1000,-7.692018072289152,-2.7198821172895746,2.7198821172895746
22,pauli,10,median_of_means,6,3000,-2.5559999999999974,2.4161359549995796,2.4161359549995796
22,pauli,10,median_of_means,6,5000,-4.408163265306119,0.5639726896934576,0.5639726896934576
22,pauli,10,median_of_means,6,10000,-3.603241296518605,1.368894658480972,1.368894658480972
22,pauli,10,median_of_means,6,15000,-3.7484999999999973,1.2236359549995797,1.2236359549995797
22,pauli,10,median_of_means,6,20000,-3.1755175517551737,1.7966184032444033,1.7966184032444033
22,pauli,10,median_of_means,6,25000,-4.080622899663943,0.8915130553356336,0.8915130553356336
22,pauli,10,median_of_means,6,30000,-3.941099999999998,1.0310359549995791,1.0310359549995791
22,pauli,10,median_of_means,6,35000,-3.796995542602432,1.1751404123971447,1.1751404123971447
22,pauli,10,median_of_means,6,40000,-4.296804680468044,0.6753312745315325,0.6753312745315325
22,pauli,10,median_of_means,6,45000,-3.934049999999998,1.0380859549995791,1.0380859549995791
22,pauli,10,median_of_means,6,50000,-4.212573502940115,0.7595624520594617,0.7595624520594617
22,clifford,10,median_of_means,6,10,-4.445228907190567e-16,4.972135954999576,4.972135954999576
22,clifford,10,median_of_means,6,30,-8.196363330274111e-16,4.972135954999576,4.972135954999576
22,clifford,10,median_of_means,6,100,16.01562499999992,20.987760954999494,20.987760954999494
22,clifford,10,median_of_means,6,300,-7.687499999999968,-2.715364045000391,2.715364045000391
22,clifford,10,median_of_means,6,1000,-6.17469879518069,-1.2025628401811135,1.2025628401811135
22,clifford,10,median_of_means,6,3000,-5.893749999999972,-0.9216140450003953,0.9216140450003953
22,clifford,10,median_of_means,6,5000,-4.921968787514986,0.05016716748459071,0.05016716748459071
22,clifford,10,median_of_means,6,10000,-6.536989795918344,-1.564853840918767,1.564853840918767
22,clifford,10,median_of_means,6,15000,-6.406249999999979,-1.4341140450004017,1.4341140450004017
22,clifford,10,median_of_means,6,20000,-5.189581458145795,-0.2174455031462177,0.2174455031462177
22,clifford,10,median_of_means,6,25000,-4.982297167546789,-0.010161212547211917,0.010161212547211917
22,clifford,10,median_of_means,6,30000,-5.329999999999979,-0.3578640450004018,0.3578640450004018
22,clifford,10,median_of_means,6,35000,-5.359591976684362,-0.3874560216847849,0.3874560216847849
22,clifford,10,median_of_means,6,40000,-5.45867086708669,-0.4865349120871132,0.4865349120871132
22,clifford,10,median_of_means,6,45000,-5.603333333333312,-0.6311973783337352,0.6311973783337352
22,clifford,10,median_of_means,6,50000,-5.4890945637825315,-0.5169586087829545,0.5169586087829545
22,seeqst_uniform,10,median_of_means,6,10,0.0,4.972135954999577,4.972135954999577
22,seeqst_uniform,10,median_of_means,6,30,0.0,4.972135954999577,4.972135954999577
22,seeqst_uniform,10,median_of_means,6,100,0.0,4.972135954999577,4.972135954999577
22,seeqst_uniform,10,median_of_means,6,300,0.0,4.972135954999577,4.972135954999577
22,seeqst_uniform,10,median_of_means,6,1000,-9.253012048192772,-4.2808760931931955,4.2808760931931955
22,seeqst_uniform,10,median_of_means,6,3000,-5.12,-0.14786404500042316,0.14786404500042316
22,seeqst_uniform,10,median_of_means,6,5000,-4.917166866746699,0.05496908825287772,0.05496908825287772
22,seeqst_uniform,10,median_of_means,6,10000,-3.3805522208883554,1.5915837341112216,1.5915837341112216
22,seeqst_uniform,10,median_of_means,6,15000,-5.3248,-0.3526640450004228,0.3526640450004228
22,seeqst_uniform,10,median_of_means,6,20000,-3.993999399939994,0.9781365550595829,0.9781365550595829
22,seeqst_uniform,10,median_of_means,6,25000,-4.915986557849256,0.05614939715032108,0.05614939715032108
22,seeqst_uniform,10,median_of_means,6,30000,-4.6080000000000005,0.3641359549995764,0.3641359549995764
22,seeqst_uniform,10,median_of_means,6,35000,-4.915480884621978,0.05665507037759898,0.05665507037759898
22,seeqst_uniform,10,median_of_means,6,40000,-4.454845484548455,0.5172904704511216,0.5172904704511216
22,seeqst_uniform,10,median_of_means,6,45000,-4.369066666666667,0.6030692883329101,0.6030692883329101
22,seeqst_uniform,10,median_of_means,6,50000,-4.853954158166326,0.11818179683325081,0.11818179683325081
22,seeqst_binomial_q0.09091,10,median_of_means,6,10,0.0,4.972135954999577,4.972135954999577
22,seeqst_binomial_q0.09091,10,median_of_means,6,30,0.0,4.972135954999577,4.972135954999577
22,seeqst_binomial_q0.09091,10,median_of_means,6,100,0.0,4.972135954999577,4.972135954999577
22,seeqst_binomial_q0.09091,10,median_of_means,6,300,2.593742460411248,7.565878415410825,7.565878415410825
22,seeqst_binomial_q0.09091,10,median_of_means,6,1000,-3.12499091615813,1.8471450388414468,1.8471450388414468
22,seeqst_binomial_q0.09091,10,median_of_means,6,3000,-4.668736428740247,0.3033995262593301,0.3033995262593301
22,seeqst_binomial_q0.09091,10,median_of_means,6,5000,-5.449038782376572,-0.4769028273769953,0.4769028273769953
22,seeqst_binomial_q0.09091,10,median_of_means,6,10000,-5.137665137669339,-0.16552918266976224,0.16552918266976224
22,seeqst_binomial_q0.09091,10,median_of_means,6,15000,-5.031860373197821,-0.059724418198244145,0.059724418198244145
22,seeqst_binomial_q0.09091,10,median_of_means,6,20000,-4.708113376984114,0.2640225780154628,0.2640225780154628
22,seeqst_binomial_q0.09091,10,median_of_means,6,25000,-5.385471023177459,-0.413335068177882,0.413335068177882
22,seeqst_binomial_q0.09091,10,median_of_means,6,30000,-5.291234619238946,-0.3190986642393687,0.3190986642393687
22,seeqst_binomial_q0.09091,10,median_of_means,6,35000,-5.469403782454715,-0.4972678274551381,0.4972678274551381
22,seeqst_binomial_q0.09091,10,median_of_means,6,40000,-5.447403907254347,-0.4752679522547698,0.4752679522547698
22,seeqst_binomial_q0.09091,10,median_of_means,6,45000,-5.3258178520444295,-0.35368189704485253,0.35368189704485253
22,seeqst_binomial_q0.09091,10,median_of_means,6,50000,-5.13581550423444,-0.16367954923486305,0.16367954923486305
22,seeqst_binomial_q0.5,10,median_of_means,6,10,0.0,4.972135954999577,4.972135954999577
22,seeqst_binomial_q0.5,10,median_of_means,6,30,0.0,4.972135954999577,4.972135954999577
22,seeqst_binomial_q0.5,10,median_of_means,6,100,0.0,4.972135954999577,4.972135954999577
22,seeqst_binomial_q0.5,10,median_of_means,6,300,0.0,4.972135954999577,4.972135954999577
22,seeqst_binomial_q0.5,10,median_of_means,6,1000,-3.0843373493975905,1.8877986056019864,1.8877986056019864
22,seeqst_binomial_q0.5,10,median_of_means,6,3000,-4.096,0.8761359549995769,0.8761359549995769
22,seeqst_binomial_q0.5,10,median_of_means,6,5000,-4.302521008403361,0.6696149465962158,0.6696149465962158
22,seeqst_binomial_q0.5,10,median_of_means,6,10000,-5.224489795918368,-0.2523538409187909,0.2523538409187909
22,seeqst_binomial_q0.5,10,median_of_means,6,15000,-5.5296,-0.5574640450004233,0.5574640450004233
22,seeqst_binomial_q0.5,10,median_of_means,6,20000,-5.069306930693069,-0.09717097569349242,0.09717097569349242
22,seeqst_binomial_q0.5,10,median_of_means,6,25000,-4.915986557849256,0.05614939715032108,0.05614939715032108
22,seeqst_binomial_q0.5,10,median_of_means,6,30000,-4.4032,0.5689359549995769,0.5689359549995769
22,seeqst_binomial_q0.5,10,median_of_means,6,35000,-4.652151551517229,0.3199844034823478,0.3199844034823478
22,seeqst_binomial_q0.5,10,median_of_means,6,40000,-4.454845484548455,0.5172904704511216,0.5172904704511216
22,seeqst_binomial_q0.5,10,median_of_means,6,45000,-4.5056,0.4665359549995767,0.4665359549995767
22,seeqst_binomial_q0.5,10,median_of_means,6,50000,-4.485299411976479,0.48683654302309787,0.48683654302309787
22,seeqst_binomial_tuned,10,median_of_means,6,10,0.0,4.972135954999577,4.972135954999577
22,seeqst_binomial_tuned,10,median_of_means,6,30,0.0,4.972135954999577,4.972135954999577
22,seeqst_binomial_tuned,10,median_of_means,6,100,-4.656612873077392,0.31552308192218526,0.31552308192218526
22,seeqst_binomial_tuned,10,median_of_means,6,300,-8.940696716308592,-3.968560761309015,3.968560761309015
22,seeqst_binomial_tuned,10,median_of_means,6,1000,-4.039471407970749,0.9326645470288275,0.9326645470288275
22,seeqst_binomial_tuned,10,median_of_means,6,3000,-5.066394805908201,-0.0942588509086244,0.0942588509086244
22,seeqst_binomial_tuned,10,median_of_means,6,5000,-4.651022701561092,0.32111325343848485,0.32111325343848485
22,seeqst_binomial_tuned,10,median_of_means,6,10000,-5.277121911386622,-0.3049859563870454,0.3049859563870454
22,seeqst_binomial_tuned,10,median_of_means,6,15000,-4.857778549194334,0.11435740580524278,0.11435740580524278
22,seeqst_binomial_tuned,10,median_of_means,6,20000,-5.163768730541265,-0.191632775541688,0.191632775541688
22,seeqst_binomial_tuned,10,median_of_means,6,25000,-5.007591375752931,-0.03545542075335373,0.03545542075335373
22,seeqst_binomial_tuned,10,median_of_means,6,30000,-5.3644180297851545,-0.39228207478557753,0.39228207478557753
22,seeqst_binomial_tuned,10,median_of_means,6,35000,-4.930437357127716,0.0416985978718607,0.0416985978718607
22,seeqst_binomial_tuned,10,median_of_means,6,40000,-5.1525917419470195,-0.18045578694744258,0.18045578694744258
22,seeqst_binomial_tuned,10,median_of_means,6,45000,-4.857778549194334,0.11435740580524278,0.11435740580524278
22,seeqst_binomial_tuned,10,median_of_means,6,50000,-5.006990440750441,-0.034854485750863695,0.034854485750863695
23,pauli,10,median_of_means,6,10,-11.24999999999999,-6.277864045000412,6.277864045000412
23,pauli,10,median_of_means,6,30,-2.699999999999999,2.272135954999578,2.272135954999578
23,pauli,10,median_of_means,6,100,-8.367187499999995,-3.3950515450004177,3.3950515450004177
23,pauli,10,median_of_means,6,300,-3.3299999999999987,1.6421359549995782,1.6421359549995782
23,pauli,10,median_of_means,6,1000,-1.016566265060241,3.955569689939336,3.955569689939336
23,pauli,10,median_of_means,6,3000,-2.618999999999999,2.353135954999578,2.353135954999578
23,pauli,10,median_of_means,6,5000,-2.1662665066026396,2.8058694483969373,2.8058694483969373
23,pauli,10,median_of_means,6,10000,-2.9644357743097225,2.0077001806898545,2.0077001806898545
23,pauli,10,median_of_means,6,15000,-3.8821499999999975,1.0899859549995794,1.0899859549995794
23,pauli,10,median_of_means,6,20000,-4.239761476147613,0.7323744788519644,0.7323744788519644
23,pauli,10,median_of_means,6,25000,-4.154344695151222,0.817791259848355,0.817791259848355
23,pauli,10,median_of_means,6,30000,-4.602374999999997,0.36976095499958017,0.36976095499958017
23,pauli,10,median_of_means,6,35000,-4.2878450197154105,0.6842909352841664,0.6842909352841664
23,pauli,10,median_of_means,6,40000,-4.1503150315031485,0.8218209234964284,0.8218209234964284
23,pauli,10,median_of_means,6,45000,-4.322849999999999,0.649285954999578,0.649285954999578
23,pauli,10,median_of_means,6,50000,-4.253615144605782,0.7185208103937946,0.7185208103937946
23,clifford,10,median_of_means,6,10,5.254173954522957e-16,4.972135954999578,4.972135954999578
23,clifford,10,median_of_means,6,30,-25.624999999999925,-20.65286404500035,20.65286404500035
23,clifford,10,median_of_means,6,100,-8.007812499999947,-3.0356765450003698,3.0356765450003698
23,clifford,10,median_of_means,6,300,-5.124999999999998,-0.15286404500042128,0.15286404500042128
23,clifford,10,median_of_means,6,1000,-3.8591867469879357,1.1129492080116412,1.1129492080116412
23,clifford,10,median_of_means,6,3000,-6.149999999999977,-1.1778640450004003,1.1778640450004003
23,clifford,10,median_of_means,6,5000,-3.0762304921968644,1.8959054628027125,1.8959054628027125
23,clifford,10,median_of_means,6,10000,-5.075780312124834,-0.10364435712525744,0.10364435712525744
23,clifford,10,median_of_means,6,15000,-4.868749999999983,0.10338595499959435,0.10338595499959435
23,clifford,10,median_of_means,6,20000,-4.612961296129595,0.359174658869982,0.359174658869982
23,clifford,10,median_of_means,6,25000,-4.520973355736901,0.451162599262676,0.451162599262676
23,clifford,10,median_of_means,6,30000,-4.843124999999983,0.12901095499959414,0.12901095499959414
23,clifford,10,median_of_means,6,35000,-4.612763586490641,0.35937236850893584,0.35937236850893584
23,clifford,10,median_of_means,6,40000,-4.651402640264008,0.3207333147355689,0.3207333147355689
23,clifford,10,median_of_means,6,45000,-4.868749999999981,0.10338595499959613,0.10338595499959613
23,clifford,10,median_of_means,6,50000,-4.704938197527884,0.26719775747169283,0.26719775747169283
23,seeqst_uniform,10,median_of_means,6,10,0.0,4.972135954999577,4.972135954999577
23,seeqst_uniform,10,median_of_means,6,30,0.0,4.972135954999577,4.972135954999577
23,seeqst_uniform,10,median_of_means,6,100,0.0,4.972135954999577,4.972135954999577
23,seeqst_uniform,10,median_of_means,6,300,0.0,4.972135954999577,4.972135954999577
23,seeqst_uniform,10,median_of_means,6,1000,-3.0843373493975905,1.8877986056019864,1.8877986056019864
23,seeqst_uniform,10,median_of_means,6,3000,-5.12,-0.14786404500042316,0.14786404500042316
23,seeqst_uniform,10,median_of_means,6,5000,-6.146458583433374,-1.1743226284337966,1.1743226284337966
23,seeqst_uniform,10,median_of_means,6,10000,-5.839135654261705,-0.866999699262128,0.866999699262128
23,seeqst_uniform,10,median_of_means,6,15000,-4.096,0.8761359549995769,0.8761359549995769
23,seeqst_uniform,10,median_of_means,6,20000,-5.069306930693069,-0.09717097569349242,0.09717097569349242
23,seeqst_uniform,10,median_of_means,6,25000,-4.42438790206433,0.5477480529352468,0.5477480529352468
23,seeqst_uniform,10,median_of_means,6,30000,-4.7104,0.261735954999577,0.261735954999577
23,seeqst_uniform,10,median_of_means,6,35000,-5.617692439567976,-0.6455564845683988,0.6455564845683988
23,seeqst_uniform,10,median_of_means,6,40000,-5.069306930693069,-0.09717097569349242,0.09717097569349242
23,seeqst_uniform,10,median_of_means,6,45000,-4.369066666666667,0.6030692883329101,0.6030692883329101
23,seeqst_uniform,10,median_of_means,6,50000,-4.976839073562942,-0.0047031185633654715,0.0047031185633654715
23,seeqst_binomial_q0.09091,10,median_of_means,6,10,0.0,4.972135954999577,4.972135954999577
23,seeqst_binomial_q0.09091,10,median_of_means,6,30,0.0,4.972135954999577,4.972135954999577
23,seeqst_binomial_q0.09091,10,median_of_means,6,100,-8.10544518878515,-3.1333092337855737,3.1333092337855737
23,seeqst_binomial_q0.09091,10,median_of_means,6,300,-10.374969841644992,-5.402833886645415,5.402833886645415
23,seeqst_binomial_q0.09091,10,median_of_means,6,1000,-4.687486374237196,0.2846495807623812,0.2846495807623812
23,seeqst_binomial_q0.09091,10,median_of_means,6,3000,-5.187484920822497,-0.21534896582291996,0.21534896582291996
23,seeqst_binomial_q0.09091,10,median_of_means,6,5000,-5.760412427083805,-0.7882764720842284,0.7882764720842284
23,seeqst_binomial_q0.09091,10,median_of_means,6,10000,-5.449038782376572,-0.4769028273769953,0.4769028273769953
23,seeqst_binomial_q0.09091,10,median_of_means,6,15000,-4.979985523989596,-0.007849568990018874,0.007849568990018874
23,seeqst_binomial_q0.09091,10,median_of_means,6,20000,-5.09721365607371,-0.12507770107413307,0.12507770107413307
23,seeqst_binomial_q0.09091,10,median_of_means,6,25000,-4.918522668566697,0.05361328643287955,0.05361328643287955
23,seeqst_binomial_q0.09091,10,median_of_means,6,30000,-5.031860373197822,-0.05972441819824503,0.05972441819824503
23,seeqst_binomial_q0.09091,10,median_of_means,6,35000,-5.269303644072226,-0.2971676890726487,0.2971676890726487
23,seeqst_binomial_q0.09091,10,median_of_means,6,40000,-5.311218809572988,-0.3390828545734115,0.3390828545734115
23,seeqst_binomial_q0.09091,10,median_of_means,6,45000,-5.308526235641688,-0.3363902806421111,0.3363902806421111
23,seeqst_binomial_q0.09091,10,median_of_means,6,50000,-5.415950895374501,-0.4438149403749243,0.4438149403749243
23,seeqst_binomial_q0.5,10,median_of_means,6,10,0.0,4.972135954999577,4.972135954999577
23,seeqst_binomial_q0.5,10,median_of_means,6,30,0.0,4.972135954999577,4.972135954999577
23,seeqst_binomial_q0.5,10,median_of_means,6,100,0.0,4.972135954999577,4.972135954999577
23,seeqst_binomial_q0.5,10,median_of_means,6,300,0.0,4.972135954999577,4.972135954999577
23,seeqst_binomial_q0.5,10,median_of_means,6,1000,0.0,4.972135954999577,4.972135954999577
23,seeqst_binomial_q0.5,10,median_of_means,6,3000,-3.072,1.9001359549995769,1.9001359549995769
23,seeqst_binomial_q0.5,10,median_of_means,6,5000,-2.458583433373349,2.5135525216262278,2.5135525216262278
23,seeqst_binomial_q0.5,10,median_of_means,6,10000,-4.60984393757503,0.3622920174245472,0.3622920174245472
23,seeqst_binomial_q0.5,10,median_of_means,6,15000,-4.505599999999999,0.46653595499957756,0.46653595499957756
23,seeqst_binomial_q0.5,10,median_of_means,6,20000,-5.222922292229223,-0.2507863372296457,0.2507863372296457
23,seeqst_binomial_q0.5,10,median_of_means,6,25000,-5.776284205472876,-0.8041482504732986,0.8041482504732986
23,seeqst_binomial_q0.5,10,median_of_means,6,30000,-5.2224,-0.25026404500042343,0.25026404500042343
23,seeqst_binomial_q0.5,10,median_of_means,6,35000,-4.037716440939482,0.934419514060095,0.934419514060095
23,seeqst_binomial_q0.5,10,median_of_means,6,40000,-4.070807080708071,0.9013288742915062,0.9013288742915062
23,seeqst_binomial_q0.5,10,median_of_means,6,45000,-3.6864,1.285735954999577,1.285735954999577
23,seeqst_binomial_q0.5,10,median_of_means,6,50000,-3.809432377295092,1.1627035777044847,1.1627035777044847
23,seeqst_binomial_tuned,10,median_of_means,6,10,0.0,4.972135954999577,4.972135954999577
23,seeqst_binomial_tuned,10,median_of_means,6,30,0.0,4.972135954999577,4.972135954999577
23,seeqst_binomial_tuned,10,median_of_means,6,100,0.0,4.972135954999577,4.972135954999577
23,seeqst_binomial_tuned,10,median_of_means,6,300,-4.470348358154295,0.5017875968452818,0.5017875968452818
23,seeqst_binomial_tuned,10,median_of_means,6,1000,-4.488301564411944,0.4838343905876332,0.4838343905876332
23,seeqst_binomial_tuned,10,median_of_means,6,3000,-4.470348358154295,0.5017875968452818,0.5017875968452818
23,seeqst_binomial_tuned,10,median_of_means,6,5000,-4.203808980257141,0.7683269747424362,0.7683269747424362
23,seeqst_binomial_tuned,10,median_of_means,6,10000,-4.651022701561091,0.32111325343848574,0.32111325343848574
23,seeqst_binomial_tuned,10,median_of_means,6,15000,-4.917383193969725,0.05475276102985216,0.05475276102985216
23,seeqst_binomial_tuned,10,median_of_means,6,20000,-4.6496272552059885,0.3225086997935884,0.3225086997935884
23,seeqst_binomial_tuned,10,median_of_means,6,25000,-4.989707120839528,-0.017571165839950886,0.017571165839950886
23,seeqst_binomial_tuned,10,median_of_means,6,30000,-4.649162292480467,0.32297366251910997,0.32297366251910997
23,seeqst_binomial_tuned,10,median_of_means,6,35000,-4.6877474354038124,0.2843885195957645,0.2843885195957645
23,seeqst_binomial_tuned,10,median_of_means,6,40000,-4.582565323640516,0.389570631359061,0.389570631359061
23,seeqst_binomial_tuned,10,median_of_means,6,45000,-4.669030507405597,0.30310544759398006,0.30310544759398006
23,seeqst_binomial_tuned,10,median_of_means,6,50000,-4.854992516656231,0.11714343834334606,0.11714343834334606
24,pauli,10,median_of_means,6,10,-10.125,-5.152864045000423,5.152864045000423
24,pauli,10,median_of_means,6,30,-3.149999999999998,1.8221359549995788,1.8221359549995788
24,pauli,10,median_of_means,6,100,-3.093749999999999,1.8783859549995778,1.8783859549995778
24,pauli,10,median_of_means,6,300,-3.3074999999999974,1.6646359549995795,1.6646359549995795
24,pauli,10,median_of_means,6,1000,-3.469879518072288,1.502256436927289,1.502256436927289
24,pauli,10,median_of_means,6,3000,-2.9902499999999987,1.9818859549995782,1.9818859549995782
24,pauli,10,median_of_means,6,5000,-3.1427070828331316,1.8294288721664453,1.8294288721664453
24,pauli,10,median_of_means,6,10000,-3.7558523409363724,1.2162836140632045,1.2162836140632045
24,pauli,10,median_of_means,6,15000,-3.4019999999999975,1.5701359549995795,1.5701359549995795
24,pauli,10,median_of_means,6,20000,-3.719284428442842,1.2528515265567348,1.2528515265567348
24,pauli,10,median_of_means,6,25000,-4.4227676428228495,0.5493683121767274,0.5493683121767274
24,pauli,10,median_of_means,6,30000,-3.760199999999997,1.2119359549995798,1.2119359549995798
24,pauli,10,median_of_means,6,35000,-3.9007586147779856,1.0713773402215914,1.0713773402215914
24,pauli,10,median_of_means,6,40000,-3.8814693969396914,1.0906665580598855,1.0906665580598855
24,pauli,10,median_of_means,6,45000,-4.075499999999997,0.8966359549995797,0.8966359549995797
24,pauli,10,median_of_means,6,50000,-4.631900276011038,0.340235678988539,0.340235678988539
24,clifford,10,median_of_means,6,10,4.44522890719057e-16,4.972135954999578,4.972135954999578
24,clifford,10,median_of_means,6,30,2.3502792795549165e-15,4.97213595499958,4.97213595499958
24,clifford,10,median_of_means,6,100,-4.539042881999959e-15,4.9721359549995725,4.9721359549995725
24,clifford,10,median_of_means,6,300,-2.5624999999999862,2.4096359549995907,2.4096359549995907
24,clifford,10,median_of_means,6,1000,-3.8591867469879344,1.1129492080116425,1.1129492080116425
24,clifford,10,median_of_means,6,3000,-4.868749999999981,0.10338595499959613,0.10338595499959613
24,clifford,10,median_of_means,6,5000,-5.075780312124833,-0.10364435712525566,0.10364435712525566
24,clifford,10,median_of_means,6,10000,-5.614120648259284,-0.6419846932597073,0.6419846932597073
24,clifford,10,median_of_means,6,15000,-5.022499999999982,-0.050364045000405255,0.050364045000405255
24,clifford,10,median_of_means,6,20000,-5.420229522952278,-0.44809356795270094,0.44809356795270094
24,clifford,10,median_of_means,6,25000,-5.013052088334116,-0.04091613333453914,0.04091613333453914
24,clifford,10,median_of_means,6,30000,-5.253124999999981,-0.2809890450004042,0.2809890450004042
24,clifford,10,median_of_means,6,35000,-5.161902108691905,-0.18976615369232785,0.18976615369232785
24,clifford,10,median_of_means,6,40000,-5.28568481848183,-0.31354886348225275,0.31354886348225275
24,clifford,10,median_of_means,6,45000,-4.69791666666665,0.27421928833292686,0.27421928833292686
24,clifford,10,median_of_means,6,50000,-4.551182047281875,0.4209539077177018,0.4209539077177018
24,seeqst_uniform,10,median_of_means,6,10,0.0,4.972135954999577,4.972135954999577
24,seeqst_uniform,10,median_of_means,6,30,0.0,4.972135954999577,4.972135954999577
24,seeqst_uniform,10,median_of_means,6,100,0.0,4.972135954999577,4.972135954999577
24,seeqst_uniform,10,median_of_means,6,300,0.0,4.972135954999577,4.972135954999577
24,seeqst_uniform,10,median_of_means,6,1000,0.0,4.972135954999577,4.972135954999577
24,seeqst_uniform,10,median_of_means,6,3000,-5.12,-0.14786404500042316,0.14786404500042316
24,seeqst_uniform,10,median_of_means,6,5000,-3.687875150060024,1.284260804939553,1.284260804939553
24,seeqst_uniform,10,median_of_means,6,10000,-5.531812725090036,-0.5596767700904595,0.5596767700904595
24,seeqst_uniform,10,median_of_means,6,15000,-6.144,-1.1718640450004232,1.1718640450004232
24,seeqst_uniform,10,median_of_means,6,20000,-5.376537653765377,-0.4044016987657999,0.4044016987657999
24,seeqst_uniform,10,median_of_means,6,25000,-6.022083533365338,-1.049947578365761,1.049947578365761
24,seeqst_uniform,10,median_of_means,6,30000,-5.12,-0.14786404500042316,0.14786404500042316
24,seeqst_uniform,10,median_of_means,6,35000,-5.442139550831476,-0.47000359583189866,0.47000359583189866
24,seeqst_uniform,10,median_of_means,6,40000,-5.069306930693069,-0.09717097569349242,0.09717097569349242
24,seeqst_uniform,10,median_of_means,6,45000,-5.2565333333333335,-0.28439737833375656,0.28439737833375656
24,seeqst_uniform,10,median_of_means,6,50000,-4.669626785071403,0.30250916992817434,0.30250916992817434
24,seeqst_binomial_q0.09091,10,median_of_means,6,10,0.0,4.972135954999577,4.972135954999577
24,seeqst_binomial_q0.09091,10,median_of_means,6,30,0.0,4.972135954999577,4.972135954999577
24,seeqst_binomial_q0.09091,10,median_of_means,6,100,0.0,4.972135954999577,4.972135954999577
24,seeqst_binomial_q0.09091,10,median_of_means,6,300,-7.7812273812337445,-2.8090914262341675,2.8090914262341675
24,seeqst_binomial_q0.09091,10,median_of_means,6,1000,-3.12499091615813,1.8471450388414468,1.8471450388414468
24,seeqst_binomial_q0.09091,10,median_of_means,6,3000,-3.8906136906168722,1.0815222643827047,1.0815222643827047
24,seeqst_binomial_q0.09091,10,median_of_means,6,5000,-3.5807969141331757,1.3913390408664013,1.3913390408664013
24,seeqst_binomial_q0.09091,10,median_of_means,6,10000,-3.6586403253099844,1.3134956296895925,1.3134956296895925
24,seeqst_binomial_q0.09091,10,median_of_means,6,15000,-4.409362182699121,0.5627737723004556,0.5627737723004556
24,seeqst_binomial_q0.09091,10,median_of_means,6,20000,-4.591383293257234,0.3807526617423429,0.3807526617423429
24,seeqst_binomial_q0.09091,10,median_of_means,6,25000,-4.980782449181465,-0.00864649418188801,0.00864649418188801
24,seeqst_binomial_q0.09091,10,median_of_means,6,30000,-4.564986730323797,0.40714922467577974,0.40714922467577974
24,seeqst_binomial_q0.09091,10,median_of_means,6,35000,-4.491136439251433,0.48099951574814437,0.48099951574814437
24,seeqst_binomial_q0.09091,10,median_of_means,6,40000,-4.3773781397579565,0.5947578152416204,0.5947578152416204
24,seeqst_binomial_q0.09091,10,median_of_means,6,45000,-4.720611277948471,0.2515246770511057,0.2515246770511057
24,seeqst_binomial_q0.09091,10,median_of_means,6,50000,-4.6377970310965555,0.33433892390302145,0.33433892390302145
24,seeqst_binomial_q0.5,10,median_of_means,6,10,0.0,4.972135954999577,4.972135954999577
24,seeqst_binomial_q0.5,10,median_of_means,6,30,0.0,4.972135954999577,4.972135954999577
24,seeqst_binomial_q0.5,10,median_of_means,6,100,-32.0,-27.027864045000424,27.027864045000424
24,seeqst_binomial_q0.5,10,median_of_means,6,300,-20.48,-15.507864045000424,15.507864045000424
24,seeqst_binomial_q0.5,10,median_of_means,6,1000,-9.253012048192772,-4.2808760931931955,4.2808760931931955
24,seeqst_binomial_q0.5,10,median_of_means,6,3000,-6.144,-1.1718640450004232,1.1718640450004232
24,seeqst_binomial_q0.5,10,median_of_means,6,5000,-5.531812725090036,-0.5596767700904595,0.5596767700904595
24,seeqst_binomial_q0.5,10,median_of_means,6,10000,-6.146458583433374,-1.1743226284337966,1.1743226284337966
24,seeqst_binomial_q0.5,10,median_of_means,6,15000,-5.3248,-0.3526640450004228,0.3526640450004228
24,seeqst_binomial_q0.5,10,median_of_means,6,20000,-5.222922292229223,-0.2507863372296457,0.2507863372296457
24,seeqst_binomial_q0.5,10,median_of_means,6,25000,-4.547287566010562,0.4248483889890151,0.4248483889890151
24,seeqst_binomial_q0.5,10,median_of_means,6,30000,-4.812799999999999,0.15933595499957764,0.15933595499957764
24,seeqst_binomial_q0.5,10,median_of_means,6,35000,-5.266586662094976,-0.29445070709539944,0.29445070709539944
24,seeqst_binomial_q0.5,10,median_of_means,6,40000,-5.53015301530153,-0.5580170603019532,0.5580170603019532
24,seeqst_binomial_q0.5,10,median_of_means,6,45000,-4.573866666666667,0.39826928833290953,0.39826928833290953
24,seeqst_binomial_q0.5,10,median_of_means,6,50000,-4.731069242769711,0.2410667122298662,0.2410667122298662
24,seeqst_binomial_tuned,10,median_of_means,6,10,0.0,4.972135954999577,4.972135954999577
24,seeqst_binomial_tuned,10,median_of_means,6,30,0.0,4.972135954999577,4.972135954999577
24,seeqst_binomial_tuned,10,median_of_means,6,100,-9.313225746154783,-4.341089791155206,4.341089791155206
24,seeqst_binomial_tuned,10,median_of_means,6,300,-4.470348358154296,0.501787596845281,0.501787596845281
24,seeqst_binomial_tuned,10,median_of_means,6,1000,-6.732452346617915,-1.7603163916183382,1.7603163916183382
24,seeqst_binomial_tuned,10,median_of_means,6,3000,-6.40749931335449,-1.4353633583549135,1.4353633583549135
24,seeqst_binomial_tuned,10,median_of_means,6,5000,-5.813778376951365,-0.8416424219517884,0.8416424219517884
24,seeqst_binomial_tuned,10,median_of_means,6,10000,-5.366564655647413,-0.3944287006478362,0.3944287006478362
24,seeqst_binomial_tuned,10,median_of_means,6,15000,-5.096197128295897,-0.12406117329631972,0.12406117329631972
24,seeqst_binomial_tuned,10,median_of_means,6,20000,-5.275538616483717,-0.30340266148413964,0.30340266148413964
24,seeqst_binomial_tuned,10,median_of_means,6,25000,-5.329507964194191,-0.35737200919461376,0.35737200919461376
24,seeqst_binomial_tuned,10,median_of_means,6,30000,-5.155801773071287,-0.18366581807171034,0.18366581807171034
24,seeqst_binomial_tuned,10,median_of_means,6,35000,-5.288085662826099,-0.31594970782652165,0.31594970782652165
24,seeqst_binomial_tuned,10,median_of_means,6,40000,-5.376131513831924,-0.4039955588323467,0.4039955588323467
24,seeqst_binomial_tuned,10,median_of_means,6,45000,-5.2750110626220685,-0.3028751076224916,0.3028751076224916
24,seeqst_binomial_tuned,10,median_of_means,6,50000,-5.1679294192031335,-0.1957934642035566,0.1957934642035566
25,pauli,10,median_of_means,6,10,-3.375,1.597135954999577,1.597135954999577
25,pauli,10,median_of_means,6,30,-4.274999999999997,0.6971359549995801,0.6971359549995801
25,pauli,10,median_of_means,6,100,-4.148437499999997,0.8236984549995796,0.8236984549995796
25,pauli,10,median_of_means,6,300,-2.767499999999998,2.204635954999579,2.204635954999579
25,pauli,10,median_of_means,6,1000,-3.1378012048192763,1.8343347501803007,1.8343347501803007
25,pauli,10,median_of_means,6,3000,-4.772249999999996,0.19988595499958084,0.19988595499958084
25,pauli,10,median_of_means,6,5000,-4.784963985594235,0.18717196940534198,0.18717196940534198
25,pauli,10,median_of_means,6,10000,-4.773484393757501,0.19865156124207584,0.19865156124207584
25,pauli,10,median_of_means,6,15000,-5.721299999999997,-0.7491640450004198,0.7491640450004198
25,pauli,10,median_of_means,6,20000,-4.695094509450943,0.2770414455486341,0.2770414455486341
25,pauli,10,median_of_means,6,25000,-4.9990398463754175,-0.026903891375840594,0.026903891375840594
25,pauli,10,median_of_means,6,30000,-5.108399999999997,-0.13626404500042,0.13626404500042
25,pauli,10,median_of_means,6,35000,-5.0595105434596235,-0.08737458846004653,0.08737458846004653
25,pauli,10,median_of_means,6,40000,-4.8540729072907265,0.11806304770885045,0.11806304770885045
25,pauli,10,median_of_means,6,45000,-5.174549999999996,-0.20241404500041948,0.20241404500041948
25,pauli,10,median_of_means,6,50000,-4.924186967478696,0.04794898752088095,0.04794898752088095
25,clifford,10,median_of_means,6,10,-3.2070352121133946e-17,4.972135954999577,4.972135954999577
25,clifford,10,median_of_means,6,30,-2.6598421484030803e-15,4.972135954999574,4.972135954999574
25,clifford,10,median_of_means,6,100,-2.3014073167240517e-15,4.972135954999574,4.972135954999574
25,clifford,10,median_of_means,6,300,-2.5624999999999987,2.4096359549995783,2.4096359549995783
25,clifford,10,median_of_means,6,1000,-10.033885542168646,-5.061749587169069,5.061749587169069
25,clifford,10,median_of_means,6,3000,-6.406249999999978,-1.4341140450004008,1.4341140450004008
25,clifford,10,median_of_means,6,5000,-5.9986494597838895,-1.0265135047843126,1.0265135047843126
25,clifford,10,median_of_means,6,10000,-6.46008403361342,-1.4879480786138428,1.4879480786138428
25,clifford,10,median_of_means,6,15000,-5.2274999999999805,-0.25536404500040355,0.25536404500040355
25,clifford,10,median_of_means,6,20000,-5.266464146414623,-0.29432819141504574,0.29432819141504574
25,clifford,10,median_of_means,6,25000,-5.1053168506960915,-0.1331808956965146,0.1331808956965146
25,clifford,10,median_of_means,6,30000,-4.868749999999983,0.10338595499959435,0.10338595499959435
25,clifford,10,median_of_means,6,35000,-5.030108863363601,-0.057972908364024356,0.057972908364024356
25,clifford,10,median_of_means,6,40000,-4.882050705070488,0.09008524992908917,0.09008524992908917
25,clifford,10,median_of_means,6,45000,-5.227499999999981,-0.25536404500040444,0.25536404500040444
25,clifford,10,median_of_means,6,50000,-5.304587183487319,-0.33245122848774233,0.33245122848774233
25,seeqst_uniform,10,median_of_means,6,10,0.0,4.972135954999577,4.972135954999577
25,seeqst_uniform,10,median_of_means,6,30,0.0,4.972135954999577,4.972135954999577
25,seeqst_uniform,10,median_of_means,6,100,0.0,4.972135954999577,4.972135954999577
25,seeqst_uniform,10,median_of_means,6,300,-10.24,-5.267864045000423,5.267864045000423
25,seeqst_uniform,10,median_of_means,6,1000,-6.168674698795181,-1.196538743795604,1.196538743795604
25,seeqst_uniform,10,median_of_means,6,3000,-7.168,-2.195864045000423,2.195864045000423
25,seeqst_uniform,10,median_of_means,6,5000,-4.917166866746698,0.054969088252878606,0.054969088252878606
25,seeqst_uniform,10,median_of_means,6,10000,-5.531812725090036,-0.5596767700904595,0.5596767700904595
25,seeqst_uniform,10,median_of_means,6,15000,-4.7104,0.261735954999577,0.261735954999577
25,seeqst_uniform,10,median_of_means,6,20000,-5.069306930693069,-0.09717097569349242,0.09717097569349242
25,seeqst_uniform,10,median_of_means,6,25000,-5.4075852136341815,-0.4354492586346046,0.4354492586346046
25,seeqst_uniform,10,median_of_means,6,30000,-5.12,-0.14786404500042316,0.14786404500042316
25,seeqst_uniform,10,median_of_means,6,35000,-4.915480884621978,0.05665507037759898,0.05665507037759898
25,seeqst_uniform,10,median_of_means,6,40000,-5.606960696069606,-0.6348247410700294,0.6348247410700294
25,seeqst_uniform,10,median_of_means,6,45000,-6.007466666666667,-1.0353307116670898,1.0353307116670898
25,seeqst_uniform,10,median_of_means,6,50000,-6.205688227529102,-1.2335522725295247,1.2335522725295247
25,seeqst_binomial_q0.09091,10,median_of_means,6,10,0.0,4.972135954999577,4.972135954999577
25,seeqst_binomial_q0.09091,10,median_of_means,6,30,0.0,4.972135954999577,4.972135954999577
25,seeqst_binomial_q0.09091,10,median_of_means,6,100,-16.2108903775703,-11.238754422570725,11.238754422570725
25,seeqst_binomial_q0.09091,10,median_of_means,6,300,0.0,4.972135954999577,4.972135954999577
25,seeqst_binomial_q0.09091,10,median_of_means,6,1000,-5.468734103276728,-0.4965981482771511,0.4965981482771511
25,seeqst_binomial_q0.09091,10,median_of_means,6,3000,-4.409362182699121,0.5627737723004556,0.5627737723004556
25,seeqst_binomial_q0.09091,10,median_of_means,6,5000,-4.826291492962106,0.1458444620374708,0.1458444620374708
25,seeqst_binomial_q0.09091,10,median_of_means,6,10000,-4.981978315315723,-0.009842360316145715,0.009842360316145715
25,seeqst_binomial_q0.09091,10,median_of_means,6,15000,-4.979985523989596,-0.007849568990018874,0.007849568990018874
25,seeqst_binomial_q0.09091,10,median_of_means,6,20000,-4.785933432802033,0.18620252219754363,0.18620252219754363
25,seeqst_binomial_q0.09091,10,median_of_means,6,25000,-4.887392778259313,0.08474317674026377,0.08474317674026377
25,seeqst_binomial_q0.09091,10,median_of_means,6,30000,-4.928110674781372,0.04402528021820462,0.04402528021820462
25,seeqst_binomial_q0.09091,10,median_of_means,6,35000,-4.7579366237614185,0.21419933123815849,0.21419933123815849
25,seeqst_binomial_q0.09091,10,median_of_means,6,40000,-4.669203349075154,0.30293260592442284,0.30293260592442284
25,seeqst_binomial_q0.09091,10,median_of_means,6,45000,-4.651444812337505,0.32069114266207155,0.32069114266207155
25,seeqst_binomial_q0.09091,10,median_of_means,6,50000,-4.824553958523262,0.14758199647631454,0.14758199647631454
25,seeqst_binomial_q0.5,10,median_of_means,6,10,0.0,4.972135954999577,4.972135954999577
25,seeqst_binomial_q0.5,10,median_of_means,6,30,0.0,4.972135954999577,4.972135954999577
25,seeqst_binomial_q0.5,10,median_of_means,6,100,0.0,4.972135954999577,4.972135954999577
25,seeqst_binomial_q0.5,10,median_of_means,6,300,0.0,4.972135954999577,4.972135954999577
25,seeqst_binomial_q0.5,10,median_of_means,6,1000,-6.168674698795181,-1.196538743795604,1.196538743795604
25,seeqst_binomial_q0.5,10,median_of_means,6,3000,-6.144,-1.1718640450004232,1.1718640450004232
25,seeqst_binomial_q0.5,10,median_of_means,6,5000,-4.917166866746698,0.054969088252878606,0.054969088252878606
25,seeqst_binomial_q0.5,10,median_of_means,6,10000,-7.990396158463385,-3.018260203463808,3.018260203463808
25,seeqst_binomial_q0.5,10,median_of_means,6,15000,-7.5776,-2.6054640450004234,2.6054640450004234
25,seeqst_binomial_q0.5,10,median_of_means,6,20000,-4.454845484548454,0.5172904704511225,0.5172904704511225
25,seeqst_binomial_q0.5,10,median_of_means,6,25000,-5.161785885741718,-0.18964993074214131,0.18964993074214131
25,seeqst_binomial_q0.5,10,median_of_means,6,30000,-4.5056,0.4665359549995767,0.4665359549995767
25,seeqst_binomial_q0.5,10,median_of_means,6,35000,-4.915480884621978,0.05665507037759898,0.05665507037759898
25,seeqst_binomial_q0.5,10,median_of_means,6,40000,-5.376537653765377,-0.4044016987657999,0.4044016987657999
25,seeqst_binomial_q0.5,10,median_of_means,6,45000,-5.3248,-0.3526640450004228,0.3526640450004228
25,seeqst_binomial_q0.5,10,median_of_means,6,50000,-5.099723988959559,-0.12758803395998175,0.12758803395998175
25,seeqst_binomial_tuned,10,median_of_means,6,10,0.0,4.972135954999577,4.972135954999577
25,seeqst_binomial_tuned,10,median_of_means,6,30,0.0,4.972135954999577,4.972135954999577
25,seeqst_binomial_tuned,10,median_of_means,6,100,-4.656612873077392,0.31552308192218526,0.31552308192218526
25,seeqst_binomial_tuned,10,median_of_means,6,300,-2.980232238769531,1.9919037162300461,1.9919037162300461
25,seeqst_binomial_tuned,10,median_of_means,6,1000,-5.834792033735527,-0.8626560787359496,0.8626560787359496
25,seeqst_binomial_tuned,10,median_of_means,6,3000,-7.30156898498535,-2.329433029985773,2.329433029985773
25,seeqst_binomial_tuned,10,median_of_means,6,5000,-5.813778376951364,-0.8416424219517866,0.8416424219517866
25,seeqst_binomial_tuned,10,median_of_means,6,10000,-5.903221121212155,-0.9310851662125783,0.9310851662125783
25,seeqst_binomial_tuned,10,median_of_means,6,15000,-5.215406417846678,-0.24327046284710097,0.24327046284710097
25,seeqst_binomial_tuned,10,median_of_means,6,20000,-5.364954525237678,-0.3928185702381013,0.3928185702381013
25,seeqst_binomial_tuned,10,median_of_means,6,25000,-5.383160728934401,-0.41102477393482406,0.41102477393482406
25,seeqst_binomial_tuned,10,median_of_means,6,30000,-5.14090061187744,-0.16876465687786268,0.16876465687786268
25,seeqst_binomial_tuned,10,median_of_means,6,35000,-4.777159511828408,0.1949764431711687,0.1949764431711687
25,seeqst_binomial_tuned,10,median_of_means,6,40000,-4.996113901627588,-0.023977946628011004,0.023977946628011004
25,seeqst_binomial_tuned,10,median_of_means,6,45000,-5.2054723103841125,-0.23333635538453557,0.23333635538453557
25,seeqst_binomial_tuned,10,median_of_means,6,50000,-5.462984213033071,-0.49084825803349386,0.49084825803349386
26,pauli,10,median_of_means,6,10,-1.1249999999999913,3.847135954999586,3.847135954999586
26,pauli,10,median_of_means,6,30,-7.199999999999995,-2.227864045000418,2.227864045000418
26,pauli,10,median_of_means,6,100,-3.5859374999999982,1.3861984549995787,1.3861984549995787
26,pauli,10,median_of_means,6,300,-4.4324999999999966,0.5396359549995804,0.5396359549995804
26,pauli,10,median_of_means,6,1000,-4.16114457831325,0.810991376686327,0.810991376686327
26,pauli,10,median_of_means,6,3000,-4.702499999999998,0.26963595499957904,0.26963595499957904
26,pauli,10,median_of_means,6,5000,-3.708583433373347,1.26355252162623,1.26355252162623
26,pauli,10,median_of_means,6,10000,-4.163040216086432,0.809095738913145,0.809095738913145
26,pauli,10,median_of_means,6,15000,-5.139899999999997,-0.1677640450004203,0.1677640450004203
26,pauli,10,median_of_means,6,20000,-4.996849684968494,-0.02471372996891663,0.02471372996891663
26,pauli,10,median_of_means,6,25000,-4.3622779644743135,0.6098579905252635,0.6098579905252635
26,pauli,10,median_of_means,6,30000,-5.0087249999999965,-0.036589045000419596,0.036589045000419596
26,pauli,10,median_of_means,6,35000,-4.268943939653692,0.703192015345885,0.703192015345885
26,pauli,10,median_of_means,6,40000,-4.491730423042302,0.48040553195727487,0.48040553195727487
26,pauli,10,median_of_means,6,45000,-4.0109999999999975,0.9611359549995795,0.9611359549995795
26,pauli,10,median_of_means,6,50000,-4.525516020640824,0.44661993435875313,0.44661993435875313
26,clifford,10,median_of_means,6,10,1.6034415335053535e-14,4.972135954999593,4.972135954999593
26,clifford,10,median_of_means,6,30,-76.87499999999957,-71.902864045,71.902864045
26,clifford,10,median_of_means,6,100,-8.007812499999982,-3.0356765450004053,3.0356765450004053
26,clifford,10,median_of_means,6,300,-2.5624999999999925,2.4096359549995845,2.4096359549995845
26,clifford,10,median_of_means,6,1000,-3.8591867469879384,1.1129492080116385,1.1129492080116385
26,clifford,10,median_of_means,6,3000,-3.5874999999999857,1.3846359549995912,1.3846359549995912
26,clifford,10,median_of_means,6,5000,-3.076230492196867,1.8959054628027099,1.8959054628027099
26,clifford,10,median_of_means,6,10000,-4.460534213685459,0.5116017413141183,0.5116017413141183
26,clifford,10,median_of_means,6,15000,-4.663749999999983,0.30838595499959354,0.30838595499959354
26,clifford,10,median_of_means,6,20000,-4.420754575457529,0.5513813795420477,0.5513813795420477
26,clifford,10,median_of_means,6,25000,-4.121159385501665,0.8509765694979121,0.8509765694979121
26,clifford,10,median_of_means,6,30000,-4.791874999999983,0.18026095499959371,0.18026095499959371
26,clifford,10,median_of_means,6,35000,-4.437039259386236,0.5350966956133414,0.5350966956133414
26,clifford,10,median_of_means,6,40000,-4.343871887188703,0.628264067810874,0.628264067810874
26,clifford,10,median_of_means,6,45000,-4.475833333333318,0.49630262166625894,0.49630262166625894
26,clifford,10,median_of_means,6,50000,-4.458928357134269,0.5132075978653079,0.5132075978653079
26,seeqst_uniform,10,median_of_means,6,10,0.0,4.972135954999577,4.972135954999577
26,seeqst_uniform,10,median_of_means,6,30,0.0,4.972135954999577,4.972135954999577
26,seeqst_uniform,10,median_of_means,6,100,0.0,4.972135954999577,4.972135954999577
26,seeqst_uniform,10,median_of_means,6,300,0.0,4.972135954999577,4.972135954999577
26,seeqst_uniform,10,median_of_means,6,1000,-12.337349397590362,-7.365213442590785,7.365213442590785
26,seeqst_uniform,10,median_of_means,6,3000,-7.168,-2.195864045000423,2.195864045000423
26,seeqst_uniform,10,median_of_means,6,5000,-4.917166866746698,0.054969088252878606,0.054969088252878606
26,seeqst_uniform,10,median_of_means,6,10000,-6.761104441776711,-1.7889684867771338,1.7889684867771338
26,seeqst_uniform,10,median_of_means,6,15000,-6.553599999999999,-1.5814640450004225,1.5814640450004225
26,seeqst_uniform,10,median_of_means,6,20000,-5.683768376837683,-0.7116324218381065,0.7116324218381065
26,seeqst_uniform,10,median_of_means,6,25000,-5.4075852136341815,-0.4354492586346046,0.4354492586346046
26,seeqst_uniform,10,median_of_means,6,30000,-5.119999999999999,-0.14786404500042227,0.14786404500042227
26,seeqst_uniform,10,median_of_means,6,35000,-4.5643751071489795,0.4077608478505974,0.4077608478505974
26,seeqst_uniform,10,median_of_means,6,40000,-4.992499249924992,-0.02036329492541533,0.02036329492541533
26,seeqst_uniform,10,median_of_means,6,45000,-4.983466666666667,-0.011330711667089766,0.011330711667089766
26,seeqst_uniform,10,median_of_means,6,50000,-5.222608904356174,-0.25047294935659714,0.25047294935659714
26,seeqst_binomial_q0.09091,10,median_of_means,6,10,0.0,4.972135954999577,4.972135954999577
26,seeqst_binomial_q0.09091,10,median_of_means,6,30,0.0,4.972135954999577,4.972135954999577
26,seeqst_binomial_q0.09091,10,median_of_means,6,100,-8.10544518878515,-3.1333092337855737,3.1333092337855737
26,seeqst_binomial_q0.09091,10,median_of_means,6,300,-5.187484920822496,-0.21534896582291907,0.21534896582291907
26,seeqst_binomial_q0.09091,10,median_of_means,6,1000,-3.12499091615813,1.8471450388414468,1.8471450388414468
26,seeqst_binomial_q0.09091,10,median_of_means,6,3000,-4.149987936657997,0.8221480183415801,0.8221480183415801
26,seeqst_binomial_q0.09091,10,median_of_means,6,5000,-5.137665137669339,-0.16552918266976224,0.16552918266976224
26,seeqst_binomial_q0.09091,10,median_of_means,6,10000,-4.826291492962106,0.1458444620374708,0.1458444620374708
26,seeqst_binomial_q0.09091,10,median_of_means,6,15000,-4.409362182699122,0.5627737723004547,0.5627737723004547
26,seeqst_binomial_q0.09091,10,median_of_means,6,20000,-4.669203349075154,0.30293260592442284,0.30293260592442284
26,seeqst_binomial_q0.09091,10,median_of_means,6,25000,-5.323211242562691,-0.35107528756311446,0.35107528756311446
26,seeqst_binomial_q0.09091,10,median_of_means,6,30000,-5.550608865280071,-0.5784729102804942,0.5784729102804942
26,seeqst_binomial_q0.09091,10,median_of_means,6,35000,-5.914070756638026,-0.9419348016384488,0.9419348016384488
26,seeqst_binomial_q0.09091,10,median_of_means,6,40000,-5.739229116571543,-0.7670931615719665,0.7670931615719665
26,seeqst_binomial_q0.09091,10,median_of_means,6,45000,-5.602483714488296,-0.6303477594887195,0.6303477594887195
26,seeqst_binomial_q0.09091,10,median_of_means,6,50000,-5.447077049945619,-0.4749410949460424,0.4749410949460424
26,seeqst_binomial_q0.5,10,median_of_means,6,10,0.0,4.972135954999577,4.972135954999577
26,seeqst_binomial_q0.5,10,median_of_means,6,30,0.0,4.972135954999577,4.972135954999577
26,seeqst_binomial_q0.5,10,median_of_means,6,100,0.0,4.972135954999577,4.972135954999577
26,seeqst_binomial_q0.5,10,median_of_means,6,300,0.0,4.972135954999577,4.972135954999577
26,seeqst_binomial_q0.5,10,median_of_means,6,1000,-3.0843373493975905,1.8877986056019864,1.8877986056019864
26,seeqst_binomial_q0.5,10,median_of_means,6,3000,-5.12,-0.14786404500042316,0.14786404500042316
26,seeqst_binomial_q0.5,10,median_of_means,6,5000,-4.302521008403361,0.6696149465962158,0.6696149465962158
26,seeqst_binomial_q0.5,10,median_of_means,6,10000,-3.9951980792316926,0.9769378757678844,0.9769378757678844
26,seeqst_binomial_q0.5,10,median_of_means,6,15000,-3.4816000000000003,1.4905359549995767,1.4905359549995767
26,seeqst_binomial_q0.5,10,median_of_means,6,20000,-4.147614761476148,0.8245211935234291,0.8245211935234291
26,seeqst_binomial_q0.5,10,median_of_means,6,25000,-3.686989918386942,1.2851460366126348,1.2851460366126348
26,seeqst_binomial_q0.5,10,median_of_means,6,30000,-3.8912,1.080935954999577,1.080935954999577
26,seeqst_binomial_q0.5,10,median_of_means,6,35000,-3.423281330361735,1.5488546246378418,1.5488546246378418
26,seeqst_binomial_q0.5,10,median_of_means,6,40000,-4.070807080708071,0.9013288742915062,0.9013288742915062
26,seeqst_binomial_q0.5,10,median_of_means,6,45000,-3.8229333333333333,1.1492026216662437,1.1492026216662437
26,seeqst_binomial_q0.5,10,median_of_means,6,50000,-3.5022200888035524,1.4699158661960245,1.4699158661960245
26,seeqst_binomial_tuned,10,median_of_means,6,10,0.0,4.972135954999577,4.972135954999577
26,seeqst_binomial_tuned,10,median_of_means,6,30,-14.901161193847653,-9.929025238848077,9.929025238848077
26,seeqst_binomial_tuned,10,median_of_means,6,100,-4.656612873077392,0.31552308192218526,0.31552308192218526
26,seeqst_binomial_tuned,10,median_of_means,6,300,-7.450580596923826,-2.4784446419242494,2.4784446419242494
26,seeqst_binomial_tuned,10,median_of_means,6,1000,-6.732452346617915,-1.7603163916183382,1.7603163916183382
26,seeqst_binomial_tuned,10,median_of_means,6,3000,-4.619359970092772,0.3527759849068053,0.3527759849068053
26,seeqst_binomial_tuned,10,median_of_means,6,5000,-5.366564655647413,-0.3944287006478362,0.3944287006478362
26,seeqst_binomial_tuned,10,median_of_means,6,10000,-4.11436623599635,0.857769719003227,0.857769719003227
26,seeqst_binomial_tuned,10,median_of_means,6,15000,-4.976987838745115,-0.004851883745538466,0.004851883745538466
26,seeqst_binomial_tuned,10,median_of_means,6,20000,-4.560211346452027,0.4119246085475501,0.4119246085475501
26,seeqst_binomial_tuned,10,median_of_means,6,25000,-4.5247164930910415,0.44741946190853543,0.44741946190853543
26,seeqst_binomial_tuned,10,median_of_means,6,30000,-4.589557647705076,0.3825783072945006,0.3825783072945006
26,seeqst_binomial_tuned,10,median_of_means,6,35000,-4.700520589178756,0.27161536582082135,0.27161536582082135
26,seeqst_binomial_tuned,10,median_of_means,6,40000,-4.705512198177214,0.26662375682236306,0.26662375682236306
26,seeqst_binomial_tuned,10,median_of_means,6,45000,-4.788239796956378,0.1838961580431988,0.1838961580431988
26,seeqst_binomial_tuned,10,median_of_means,6,50000,-4.846051462297748,0.1260844927018292,0.1260844927018292
27,pauli,10,median_of_means,6,10,-4.499999999999998,0.4721359549995787,0.4721359549995787
27,pauli,10,median_of_means,6,30,-1.1249999999999996,3.8471359549995774,3.8471359549995774
27,pauli,10,median_of_means,6,100,-0.6328124999999989,4.339323454999578,4.339323454999578
27,pauli,10,median_of_means,6,300,-1.8899999999999997,3.0821359549995773,3.0821359549995773
27,pauli,10,median_of_means,6,1000,-5.20481927710843,-0.23268332210885312,0.23268332210885312
27,pauli,10,median_of_means,6,3000,-3.8609999999999975,1.1111359549995794,1.1111359549995794
27,pauli,10,median_of_means,6,5000,-4.466236494597836,0.505899460401741,0.505899460401741
27,pauli,10,median_of_means,6,10000,-4.150885354141654,0.8212506008579226,0.8212506008579226
27,pauli,10,median_of_means,6,15000,-3.788549999999998,1.1835859549995789,1.1835859549995789
27,pauli,10,median_of_means,6,20000,-4.190481548154814,0.7816544068447628,0.7816544068447628
27,pauli,10,median_of_means,6,25000,-4.487848055688907,0.4842878993106696,0.4842878993106696
27,pauli,10,median_of_means,6,30000,-4.4995499999999975,0.47258595499957945,0.47258595499957945
27,pauli,10,median_of_means,6,35000,-4.779080233156177,0.19305572184340036,0.19305572184340036
27,pauli,10,median_of_means,6,40000,-4.523796129612959,0.44833982538661754,0.44833982538661754
27,pauli,10,median_of_means,6,45000,-4.699649999999997,0.2724859549995795,0.2724859549995795
27,pauli,10,median_of_means,6,50000,-4.682257290291609,0.28987866470796764,0.28987866470796764
27,clifford,10,median_of_means,6,10,4.152492768082142e-31,4.972135954999577,4.972135954999577
27,clifford,10,median_of_means,6,30,1.1649722119165349e-15,4.972135954999578,4.972135954999578
27,clifford,10,median_of_means,6,100,-2.404967810434636e-15,4.972135954999574,4.972135954999574
27,clifford,10,median_of_means,6,300,-2.562499999999988,2.409635954999589,2.409635954999589
27,clifford,10,median_of_means,6,1000,-3.8591867469879357,1.1129492080116412,1.1129492080116412
27,clifford,10,median_of_means,6,3000,-5.124999999999984,-0.15286404500040707,0.15286404500040707
27,clifford,10,median_of_means,6,5000,-4.306722689075614,0.6654132659239629,0.6654132659239629
27,clifford,10,median_of_means,6,10000,-4.229816926770691,0.7423190282288861,0.7423190282288861
27,clifford,10,median_of_means,6,15000,-4.253749999999986,0.718385954999591,0.718385954999591
27,clifford,10,median_of_means,6,20000,-4.420754575457531,0.5513813795420459,0.5513813795420459
27,clifford,10,median_of_means,6,25000,-4.674747959673531,0.2973879953260461,0.2973879953260461
27,clifford,10,median_of_means,6,30000,-4.407499999999983,0.5646359549995941,0.5646359549995941
27,clifford,10,median_of_means,6,35000,-4.7006257500428426,0.2715102049567344,0.2715102049567344
27,clifford,10,median_of_means,6,40000,-4.459195919591943,0.5129400354076337,0.5129400354076337
27,clifford,10,median_of_means,6,45000,-4.390416666666651,0.5817192883329261,0.5817192883329261
27,clifford,10,median_of_means,6,50000,-4.566557662306476,0.4055782926931011,0.4055782926931011
27,seeqst_uniform,10,median_of_means,6,10,0.0,4.972135954999577,4.972135954999577
27,seeqst_uniform,10,median_of_means,6,30,0.0,4.972135954999577,4.972135954999577
27,seeqst_uniform,10,median_of_means,6,100,0.0,4.972135954999577,4.972135954999577
27,seeqst_uniform,10,median_of_means,6,300,0.0,4.972135954999577,4.972135954999577
27,seeqst_uniform,10,median_of_means,6,1000,-3.0843373493975905,1.8877986056019864,1.8877986056019864
27,seeqst_uniform,10,median_of_means,6,3000,-2.048,2.924135954999577,2.924135954999577
27,seeqst_uniform,10,median_of_means,6,5000,-3.073229291716687,1.8989066632828902,1.8989066632828902
27,seeqst_uniform,10,median_of_means,6,10000,-4.917166866746698,0.054969088252878606,0.054969088252878606
27,seeqst_uniform,10,median_of_means,6,15000,-5.12,-0.14786404500042316,0.14786404500042316
27,seeqst_uniform,10,median_of_means,6,20000,-3.993999399939994,0.9781365550595829,0.9781365550595829
27,seeqst_uniform,10,median_of_means,6,25000,-3.4411905904944793,1.5309453645050977,1.5309453645050977
27,seeqst_uniform,10,median_of_means,6,30000,-3.6864,1.285735954999577,1.285735954999577
27,seeqst_uniform,10,median_of_means,6,35000,-4.652151551517229,0.3199844034823478,0.3199844034823478
27,seeqst_uniform,10,median_of_means,6,40000,-4.070807080708071,0.9013288742915062,0.9013288742915062
27,seeqst_uniform,10,median_of_means,6,45000,-4.5738666666666665,0.3982692883329104,0.3982692883329104
27,seeqst_uniform,10,median_of_means,6,50000,-4.116644665786632,0.8554912892129449,0.8554912892129449
27,seeqst_binomial_q0.09091,10,median_of_means,6,10,0.0,4.972135954999577,4.972135954999577
27,seeqst_binomial_q0.09091,10,median_of_means,6,30,0.0,4.972135954999577,4.972135954999577
27,seeqst_binomial_q0.09091,10,median_of_means,6,100,0.0,4.972135954999577,4.972135954999577
27,seeqst_binomial_q0.09091,10,median_of_means,6,300,-2.593742460411248,2.378393494588329,2.378393494588329
27,seeqst_binomial_q0.09091,10,median_of_means,6,1000,-7.031229561355794,-2.0590936063562166,2.0590936063562166
27,seeqst_binomial_q0.09091,10,median_of_means,6,3000,-7.003104643110371,-2.030968688110794,2.030968688110794
27,seeqst_binomial_q0.09091,10,median_of_means,6,5000,-4.9819783153157235,-0.009842360316146603,0.009842360316146603
27,seeqst_binomial_q0.09091,10,median_of_means,6,10000,-5.760412427083805,-0.7882764720842284,0.7882764720842284
27,seeqst_binomial_q0.09091,10,median_of_means,6,15000,-5.706233412904746,-0.7340974579051691,0.7340974579051691
27,seeqst_binomial_q0.09091,10,median_of_means,6,20000,-5.836504186343943,-0.8643682313443657,0.8643682313443657
27,seeqst_binomial_q0.09091,10,median_of_means,6,25000,-5.852419377788221,-0.8802834227886445,0.8802834227886445
27,seeqst_binomial_q0.09091,10,median_of_means,6,30000,-5.498734016071847,-0.5265980610722698,0.5265980610722698
27,seeqst_binomial_q0.09091,10,median_of_means,6,35000,-5.469403782454715,-0.4972678274551381,0.4972678274551381
27,seeqst_binomial_q0.09091,10,median_of_means,6,40000,-5.408493879345387,-0.4363579243458098,0.4363579243458098
27,seeqst_binomial_q0.09091,10,median_of_means,6,45000,-5.550608865280071,-0.5784729102804942,0.5784729102804942
27,seeqst_binomial_q0.09091,10,median_of_means,6,50000,-5.1825047360911185,-0.21036878109154156,0.21036878109154156
27,seeqst_binomial_q0.5,10,median_of_means,6,10,0.0,4.972135954999577,4.972135954999577
27,seeqst_binomial_q0.5,10,median_of_means,6,30,0.0,4.972135954999577,4.972135954999577
27,seeqst_binomial_q0.5,10,median_of_means,6,100,0.0,4.972135954999577,4.972135954999577
27,seeqst_binomial_q0.5,10,median_of_means,6,300,0.0,4.972135954999577,4.972135954999577
27,seeqst_binomial_q0.5,10,median_of_means,6,1000,-6.168674698795181,-1.196538743795604,1.196538743795604
27,seeqst_binomial_q0.5,10,median_of_means,6,3000,-10.24,-5.267864045000423,5.267864045000423
27,seeqst_binomial_q0.5,10,median_of_means,6,5000,-7.375750300120048,-2.403614345120471,2.403614345120471
27,seeqst_binomial_q0.5,10,median_of_means,6,10000,-3.687875150060024,1.284260804939553,1.284260804939553
27,seeqst_binomial_q0.5,10,median_of_means,6,15000,-4.9152000000000005,0.05693595499957649,0.05693595499957649
27,seeqst_binomial_q0.5,10,median_of_means,6,20000,-4.454845484548455,0.5172904704511216,0.5172904704511216
27,seeqst_binomial_q0.5,10,median_of_means,6,25000,-4.547287566010562,0.4248483889890151,0.4248483889890151
27,seeqst_binomial_q0.5,10,median_of_means,6,30000,-4.9152,0.056935954999577376,0.056935954999577376
27,seeqst_binomial_q0.5,10,median_of_means,6,35000,-4.915480884621978,0.05665507037759898,0.05665507037759898
27,seeqst_binomial_q0.5,10,median_of_means,6,40000,-4.685268526852685,0.28686742814689214,0.28686742814689214
27,seeqst_binomial_q0.5,10,median_of_means,6,45000,-4.9152000000000005,0.05693595499957649,0.05693595499957649
27,seeqst_binomial_q0.5,10,median_of_means,6,50000,-4.731069242769711,0.2410667122298662,0.2410667122298662
27,seeqst_binomial_tuned,10,median_of_means,6,10,0.0,4.972135954999577,4.972135954999577
27,seeqst_binomial_tuned,10,median_of_means,6,30,0.0,4.972135954999577,4.972135954999577
27,seeqst_binomial_tuned,10,median_of_means,6,100,-13.969838619232174,-8.997702664232598,8.997702664232598
27,seeqst_binomial_tuned,10,median_of_means,6,300,-8.940696716308592,-3.968560761309015,3.968560761309015
27,seeqst_binomial_tuned,10,median_of_means,6,1000,-8.078942815941497,-3.10680686094192,3.10680686094192
27,seeqst_binomial_tuned,10,median_of_means,6,3000,-7.450580596923826,-2.4784446419242494,2.4784446419242494
27,seeqst_binomial_tuned,10,median_of_means,6,5000,-5.634892888429784,-0.6627569334302068,0.6627569334302068
27,seeqst_binomial_tuned,10,median_of_means,6,10000,-5.634892888429784,-0.6627569334302068,0.6627569334302068
27,seeqst_binomial_tuned,10,median_of_means,6,15000,-5.45382499694824,-0.48168904194866347,0.48168904194866347
27,seeqst_binomial_tuned,10,median_of_means,6,20000,-5.074352821787304,-0.10221686678772723,0.10221686678772723
27,seeqst_binomial_tuned,10,median_of_means,6,25000,-4.864517336445704,0.10761861855387256,0.10761861855387256
27,seeqst_binomial_tuned,10,median_of_means,6,30000,-4.902482032775877,0.06965392222369982,0.06965392222369982
27,seeqst_binomial_tuned,10,median_of_means,6,35000,-4.8921178958028895,0.08001805919668747,0.08001805919668747
27,seeqst_binomial_tuned,10,median_of_means,6,40000,-5.096706798975793,-0.12457084397621632,0.12457084397621632
27,seeqst_binomial_tuned,10,median_of_means,6,45000,-4.94718551635742,0.024950438642156847,0.024950438642156847
27,seeqst_binomial_tuned,10,median_of_means,6,50000,-4.917579897165611,0.05455605783396589,0.05455605783396589
28,pauli,10,median_of_means,6,10,-3.374999999999999,1.5971359549995778,1.5971359549995778
28,pauli,10,median_of_means,6,30,-2.4749999999999983,2.4971359549995786,2.4971359549995786
28,pauli,10,median_of_means,6,100,-3.585937499999999,1.3861984549995778,1.3861984549995778
28,pauli,10,median_of_means,6,300,-2.542499999999999,2.429635954999578,2.429635954999578
28,pauli,10,median_of_means,6,1000,-0.21009036144578397,4.762045593553793,4.762045593553793
28,pauli,10,median_of_means,6,3000,-3.788999999999998,1.183135954999579,1.183135954999579
28,pauli,10,median_of_means,6,5000,-5.090186074429769,-0.11805011943019217,0.11805011943019217
28,pauli,10,median_of_means,6,10000,-4.702581032412962,0.2695549225866145,0.2695549225866145
28,pauli,10,median_of_means,6,15000,-4.360949999999997,0.6111859549995797,0.6111859549995797
28,pauli,10,median_of_means,6,20000,-4.5779702970297,0.3941656579698769,0.3941656579698769
28,pauli,10,median_of_means,6,25000,-4.900474075852133,0.07166187914744437,0.07166187914744437
28,pauli,10,median_of_means,6,30000,-4.671899999999997,0.30023595499957967,0.30023595499957967
28,pauli,10,median_of_means,6,35000,-4.563646494085374,0.40848946091420313,0.40848946091420313
28,pauli,10,median_of_means,6,40000,-4.163816381638162,0.8083195733614152,0.8083195733614152
28,pauli,10,median_of_means,6,45000,-4.355549999999997,0.6165859549995796,0.6165859549995796
28,pauli,10,median_of_means,6,50000,-4.23741449657986,0.7347214584197168,0.7347214584197168
28,clifford,10,median_of_means,6,10,4.208294388434074e-17,4.972135954999577,4.972135954999577
28,clifford,10,median_of_means,6,30,2.043620624713876e-15,4.972135954999579,4.972135954999579
28,clifford,10,median_of_means,6,100,2.8635217229525392e-16,4.972135954999577,4.972135954999577
28,clifford,10,median_of_means,6,300,-2.5624999999999925,2.4096359549995845,2.4096359549995845
28,clifford,10,median_of_means,6,1000,-2.315512048192761,2.656623906806816,2.656623906806816
28,clifford,10,median_of_means,6,3000,-5.1249999999999805,-0.15286404500040351,0.15286404500040351
28,clifford,10,median_of_means,6,5000,-5.537214885954363,-0.5650789309547859,0.5650789309547859
28,clifford,10,median_of_means,6,10000,-4.845063025210068,0.12707292978950857,0.12707292978950857
28,clifford,10,median_of_means,6,15000,-4.356249999999983,0.6158859549995936,0.6158859549995936
28,clifford,10,median_of_means,6,20000,-4.958933393339317,0.013202561660260237,0.013202561660260237
28,clifford,10,median_of_means,6,25000,-5.136071771483419,-0.1639358164838418,0.1639358164838418
28,clifford,10,median_of_means,6,30000,-5.278749999999981,-0.306614045000404,0.306614045000404
28,clifford,10,median_of_means,6,35000,-4.788487913595047,0.18364804140453028,0.18364804140453028
28,clifford,10,median_of_means,6,40000,-5.016595409540937,-0.04445945454135991,0.04445945454135991
28,clifford,10,median_of_means,6,45000,-5.039583333333318,-0.06744737833374082,0.06744737833374082
28,clifford,10,median_of_means,6,50000,-4.889445577823095,0.08269037717648153,0.08269037717648153
28,seeqst_uniform,10,median_of_means,6,10,0.0,4.972135954999577,4.972135954999577
28,seeqst_uniform,10,median_of_means,6,30,0.0,4.972135954999577,4.972135954999577
28,seeqst_uniform,10,median_of_means,6,100,0.0,4.972135954999577,4.972135954999577
28,seeqst_uniform,10,median_of_means,6,300,0.0,4.972135954999577,4.972135954999577
28,seeqst_uniform,10,median_of_means,6,1000,-3.0843373493975905,1.8877986056019864,1.8877986056019864
28,seeqst_uniform,10,median_of_means,6,3000,-4.096,0.8761359549995769,0.8761359549995769
28,seeqst_uniform,10,median_of_means,6,5000,-3.687875150060024,1.284260804939553,1.284260804939553
28,seeqst_uniform,10,median_of_means,6,10000,-3.9951980792316926,0.9769378757678844,0.9769378757678844
28,seeqst_uniform,10,median_of_means,6,15000,-4.7104,0.261735954999577,0.261735954999577
28,seeqst_uniform,10,median_of_means,6,20000,-5.53015301530153,-0.5580170603019532,0.5580170603019532
28,seeqst_uniform,10,median_of_means,6,25000,-5.899183869419106,-0.9270479144195294,0.9270479144195294
28,seeqst_uniform,10,median_of_means,6,30000,-6.0416,-1.069464045000423,1.069464045000423
28,seeqst_uniform,10,median_of_means,6,35000,-5.8810217726727245,-0.9088858176731476,0.9088858176731476
28,seeqst_uniform,10,median_of_means,6,40000,-5.7605760576057605,-0.7884401026061836,0.7884401026061836
28,seeqst_uniform,10,median_of_means,6,45000,-5.802666666666667,-0.8305307116670901,0.8305307116670901
28,seeqst_uniform,10,median_of_means,6,50000,-5.959918396735869,-0.9877824417362921,0.9877824417362921
28,seeqst_binomial_q0.09091,10,median_of_means,6,10,0.0,4.972135954999577,4.972135954999577
28,seeqst_binomial_q0.09091,10,median_of_means,6,30,0.0,4.972135954999577,4.972135954999577
28,seeqst_binomial_q0.09091,10,median_of_means,6,100,0.0,4.972135954999577,4.972135954999577
28,seeqst_binomial_q0.09091,10,median_of_means,6,300,2.593742460411248,7.565878415410825,7.565878415410825
28,seeqst_binomial_q0.09091,10,median_of_means,6,1000,-2.343743187118598,2.628392767880979,2.628392767880979
28,seeqst_binomial_q0.09091,10,median_of_means,6,3000,-3.6312394445757477,1.3408965104238293,1.3408965104238293
28,seeqst_binomial_q0.09091,10,median_of_means,6,5000,-4.981978315315723,-0.009842360316145715,0.009842360316145715
28,seeqst_binomial_q0.09091,10,median_of_means,6,10000,-4.904134904138915,0.0680010508606621,0.0680010508606621
28,seeqst_binomial_q0.09091,10,median_of_means,6,15000,-4.564986730323797,0.40714922467577974,0.40714922467577974
28,seeqst_binomial_q0.09091,10,median_of_means,6,20000,-4.591383293257235,0.380752661742342,0.380752661742342
28,seeqst_binomial_q0.09091,10,median_of_means,6,25000,-5.105302010411002,-0.1331660554114249,0.1331660554114249
28,seeqst_binomial_q0.09091,10,median_of_means,6,30000,-4.954048099385484,0.018087855614092874,0.018087855614092874
28,seeqst_binomial_q0.09091,10,median_of_means,6,35000,-5.269303644072226,-0.2971676890726487,0.2971676890726487
28,seeqst_binomial_q0.09091,10,median_of_means,6,40000,-5.155578697937148,-0.18344274293757135,0.18344274293757135
28,seeqst_binomial_q0.09091,10,median_of_means,6,45000,-5.22206815362798,-0.24993219862840288,0.24993219862840288
28,seeqst_binomial_q0.09091,10,median_of_means,6,50000,-5.198067813376676,-0.22593185837709928,0.22593185837709928
28,seeqst_binomial_q0.5,10,median_of_means,6,10,0.0,4.972135954999577,4.972135954999577
28,seeqst_binomial_q0.5,10,median_of_means,6,30,0.0,4.972135954999577,4.972135954999577
28,seeqst_binomial_q0.5,10,median_of_means,6,100,0.0,4.972135954999577,4.972135954999577
28,seeqst_binomial_q0.5,10,median_of_means,6,300,0.0,4.972135954999577,4.972135954999577
28,seeqst_binomial_q0.5,10,median_of_means,6,1000,-6.168674698795181,-1.196538743795604,1.196538743795604
28,seeqst_binomial_q0.5,10,median_of_means,6,3000,-8.192,-3.2198640450004232,3.2198640450004232
28,seeqst_binomial_q0.5,10,median_of_means,6,5000,-2.458583433373349,2.5135525216262278,2.5135525216262278
28,seeqst_binomial_q0.5,10,median_of_means,6,10000,-5.839135654261705,-0.866999699262128,0.866999699262128
28,seeqst_binomial_q0.5,10,median_of_means,6,15000,-4.9152000000000005,0.05693595499957649,0.05693595499957649
28,seeqst_binomial_q0.5,10,median_of_means,6,20000,-6.298229822982298,-1.3260938679827214,1.3260938679827214
28,seeqst_binomial_q0.5,10,median_of_means,6,25000,-5.4075852136341815,-0.4354492586346046,0.4354492586346046
28,seeqst_binomial_q0.5,10,median_of_means,6,30000,-4.812799999999999,0.15933595499957764,0.15933595499957764
28,seeqst_binomial_q0.5,10,median_of_means,6,35000,-5.0032573289902285,-0.031121373990651513,0.031121373990651513
28,seeqst_binomial_q0.5,10,median_of_means,6,40000,-4.838883888388839,0.13325206661073796,0.13325206661073796
28,seeqst_binomial_q0.5,10,median_of_means,6,45000,-4.7104,0.261735954999577,0.261735954999577
28,seeqst_binomial_q0.5,10,median_of_means,6,50000,-4.976839073562942,-0.0047031185633654715,0.0047031185633654715
28,seeqst_binomial_tuned,10,median_of_means,6,10,0.0,4.972135954999577,4.972135954999577
28,seeqst_binomial_tuned,10,median_of_means,6,30,0.0,4.972135954999577,4.972135954999577
28,seeqst_binomial_tuned,10,median_of_means,6,100,-4.656612873077392,0.31552308192218526,0.31552308192218526
28,seeqst_binomial_tuned,10,median_of_means,6,300,-2.980232238769531,1.9919037162300461,1.9919037162300461
28,seeqst_binomial_tuned,10,median_of_means,6,1000,-4.039471407970749,0.9326645470288275,0.9326645470288275
28,seeqst_binomial_tuned,10,median_of_means,6,3000,-3.8743019104003893,1.0978340445991877,1.0978340445991877
28,seeqst_binomial_tuned,10,median_of_means,6,5000,-4.11436623599635,0.857769719003227,0.857769719003227
28,seeqst_binomial_tuned,10,median_of_means,6,10000,-3.84603800321398,1.1260979517855971,1.1260979517855971
28,seeqst_binomial_tuned,10,median_of_means,6,15000,-4.291534423828123,0.6806015311714537,0.6806015311714537
28,seeqst_binomial_tuned,10,median_of_means,6,20000,-4.180193734247691,0.7919422207518858,0.7919422207518858
28,seeqst_binomial_tuned,10,median_of_means,6,25000,-4.256452669389992,0.7156832856095852,0.7156832856095852
28,seeqst_binomial_tuned,10,median_of_means,6,30000,-4.529953002929686,0.4421829520698912,0.4421829520698912
28,seeqst_binomial_tuned,10,median_of_means,6,35000,-4.674974281628871,0.29716167337070587,0.29716167337070587
28,seeqst_binomial_tuned,10,median_of_means,6,40000,-4.716689186771458,0.2554467682281185,0.2554467682281185
28,seeqst_binomial_tuned,10,median_of_means,6,45000,-4.748503367106117,0.22363258789345952,0.22363258789345952
28,seeqst_binomial_tuned,10,median_of_means,6,50000,-4.667230375128089,0.30490557987148836,0.30490557987148836
29,pauli,10,median_of_means,6,10,-3.3749999999999973,1.5971359549995796,1.5971359549995796
29,pauli,10,median_of_means,6,30,-6.299999999999995,-1.3278640450004184,1.3278640450004184
29,pauli,10,median_of_means,6,100,-6.3281249999999964,-1.3559890450004195,1.3559890450004195
29,pauli,10,median_of_means,6,300,-6.412499999999996,-1.4403640450004191,1.4403640450004191
29,pauli,10,median_of_means,6,1000,-3.4969879518072267,1.4751480031923503,1.4751480031923503
29,pauli,10,median_of_means,6,3000,-3.993749999999998,0.9783859549995788,0.9783859549995788
29,pauli,10,median_of_means,6,5000,-3.5316626650660248,1.4404732899335522,1.4404732899335522
29,pauli,10,median_of_means,6,10000,-4.282563025210082,0.6895729297894952,0.6895729297894952
29,pauli,10,median_of_means,6,15000,-4.487849999999997,0.4842859549995797,0.4842859549995797
29,pauli,10,median_of_means,6,20000,-4.474347434743472,0.49778852025610476,0.49778852025610476
29,pauli,10,median_of_means,6,25000,-4.685249639942388,0.2868863150571892,0.2868863150571892
29,pauli,10,median_of_means,6,30000,-4.9115249999999975,0.06061095499957947,0.06061095499957947
29,pauli,10,median_of_means,6,35000,-5.353634493399621,-0.3814985384000442,0.3814985384000442
29,pauli,10,median_of_means,6,40000,-4.883269576957693,0.08886637804188435,0.08886637804188435
29,pauli,10,median_of_means,6,45000,-5.001749999999998,-0.029614045000420752,0.029614045000420752
29,pauli,10,median_of_means,6,50000,-5.108469338773547,-0.13633338377397042,0.13633338377397042
29,clifford,10,median_of_means,6,10,-2.556006621634577e-15,4.972135954999574,4.972135954999574
29,clifford,10,median_of_means,6,30,1.178200542590357e-15,4.972135954999578,4.972135954999578
29,clifford,10,median_of_means,6,100,-1.7498217002682096e-14,4.972135954999559,4.972135954999559
29,clifford,10,median_of_means,6,300,-5.124999999999975,-0.15286404500039819,0.15286404500039819
29,clifford,10,median_of_means,6,1000,-4.631024096385526,0.3411118586140507,0.3411118586140507
29,clifford,10,median_of_means,6,3000,-4.356249999999985,0.6158859549995919,0.6158859549995919
29,clifford,10,median_of_means,6,5000,-5.229591836734674,-0.2574558817350967,0.2574558817350967
29,clifford,10,median_of_means,6,10000,-4.152911164465772,0.8192247905338048,0.8192247905338048
29,clifford,10,median_of_means,6,15000,-4.356249999999985,0.6158859549995919,0.6158859549995919
29,clifford,10,median_of_means,6,20000,-4.382313231323119,0.5898227236764582,0.5898227236764582
29,clifford,10,median_of_means,6,25000,-4.828522563610159,0.14361339138941798,0.14361339138941798
29,clifford,10,median_of_means,6,30000,-4.919999999999984,0.052135954999593004,0.052135954999593004
29,clifford,10,median_of_means,6,35000,-5.139936567803855,-0.16780061280427816,0.16780061280427816
29,clifford,10,median_of_means,6,40000,-5.131919441944175,-0.15978348694459843,0.15978348694459843
29,clifford,10,median_of_means,6,45000,-5.176249999999981,-0.20411404500040398,0.20411404500040398
29,clifford,10,median_of_means,6,50000,-5.243084723388916,-0.27094876838933946,0.27094876838933946
29,seeqst_uniform,10,median_of_means,6,10,0.0,4.972135954999577,4.972135954999577
29,seeqst_uniform,10,median_of_means,6,30,0.0,4.972135954999577,4.972135954999577
29,seeqst_uniform,10,median_of_means,6,100,0.0,4.972135954999577,4.972135954999577
29,seeqst_uniform,10,median_of_means,6,300,0.0,4.972135954999577,4.972135954999577
29,seeqst_uniform,10,median_of_means,6,1000,-6.168674698795181,-1.196538743795604,1.196538743795604
29,seeqst_uniform,10,median_of_means,6,3000,-4.096,0.8761359549995769,0.8761359549995769
29,seeqst_uniform,10,median_of_means,6,5000,-6.761104441776711,-1.7889684867771338,1.7889684867771338
29,seeqst_uniform,10,median_of_means,6,10000,-5.531812725090036,-0.5596767700904595,0.5596767700904595
29,seeqst_uniform,10,median_of_means,6,15000,-6.5536,-1.5814640450004234,1.5814640450004234
29,seeqst_uniform,10,median_of_means,6,20000,-5.837383738373838,-0.8652477833742607,0.8652477833742607
29,seeqst_uniform,10,median_of_means,6,25000,-6.14498319731157,-1.1728472423119927,1.1728472423119927
29,seeqst_uniform,10,median_of_means,6,30000,-5.2224,-0.25026404500042343,0.25026404500042343
29,seeqst_uniform,10,median_of_means,6,35000,-5.793245328304475,-0.821109373304898,0.821109373304898
29,seeqst_uniform,10,median_of_means,6,40000,-5.53015301530153,-0.5580170603019532,0.5580170603019532
29,seeqst_uniform,10,median_of_means,6,45000,-6.144,-1.1718640450004232,1.1718640450004232
29,seeqst_uniform,10,median_of_means,6,50000,-5.837033481339254,-0.8648975263396768,0.8648975263396768
29,seeqst_binomial_q0.09091,10,median_of_means,6,10,0.0,4.972135954999577,4.972135954999577
29,seeqst_binomial_q0.09091,10,median_of_means,6,30,0.0,4.972135954999577,4.972135954999577
29,seeqst_binomial_q0.09091,10,median_of_means,6,100,-8.10544518878515,-3.1333092337855737,3.1333092337855737
29,seeqst_binomial_q0.09091,10,median_of_means,6,300,-7.7812273812337445,-2.8090914262341675,2.8090914262341675
29,seeqst_binomial_q0.09091,10,median_of_means,6,1000,-7.812477290395326,-2.840341335395749,2.840341335395749
29,seeqst_binomial_q0.09091,10,median_of_means,6,3000,-6.224981904986996,-1.2528459499874192,1.2528459499874192
29,seeqst_binomial_q0.09091,10,median_of_means,6,5000,-5.137665137669339,-0.16552918266976224,0.16552918266976224
29,seeqst_binomial_q0.09091,10,median_of_means,6,10000,-4.28138761472445,0.6907483402751273,0.6907483402751273
29,seeqst_binomial_q0.09091,10,median_of_means,6,15000,-4.979985523989598,-0.00784956899002065,0.00784956899002065
29,seeqst_binomial_q0.09091,10,median_of_means,6,20000,-5.058303628164751,-0.08616767316517393,0.08616767316517393
29,seeqst_binomial_q0.09091,10,median_of_means,6,25000,-4.918522668566697,0.05361328643287955,0.05361328643287955
29,seeqst_binomial_q0.09091,10,median_of_means,6,30000,-5.109672647010159,-0.13753669201058205,0.13753669201058205
29,seeqst_binomial_q0.09091,10,median_of_means,6,35000,-4.913570064725578,0.058565890273999166,0.058565890273999166
29,seeqst_binomial_q0.09091,10,median_of_means,6,40000,-4.980483572346831,-0.008347617347253866,0.008347617347253866
29,seeqst_binomial_q0.09091,10,median_of_means,6,45000,-4.91081905837863,0.06131689662094697,0.06131689662094697
29,seeqst_binomial_q0.09091,10,median_of_means,6,50000,-4.840117035808822,0.13201891919075504,0.13201891919075504
29,seeqst_binomial_q0.5,10,median_of_means,6,10,0.0,4.972135954999577,4.972135954999577
29,seeqst_binomial_q0.5,10,median_of_means,6,30,0.0,4.972135954999577,4.972135954999577
29,seeqst_binomial_q0.5,10,median_of_means,6,100,0.0,4.972135954999577,4.972135954999577
29,seeqst_binomial_q0.5,10,median_of_means,6,300,0.0,4.972135954999577,4.972135954999577
29,seeqst_binomial_q0.5,10,median_of_means,6,1000,-6.168674698795181,-1.196538743795604,1.196538743795604
29,seeqst_binomial_q0.5,10,median_of_means,6,3000,-5.12,-0.14786404500042316,0.14786404500042316
29,seeqst_binomial_q0.5,10,median_of_means,6,5000,-4.917166866746698,0.054969088252878606,0.054969088252878606
29,seeqst_binomial_q0.5,10,median_of_means,6,10000,-5.839135654261705,-0.866999699262128,0.866999699262128
29,seeqst_binomial_q0.5,10,median_of_means,6,15000,-6.144,-1.1718640450004232,1.1718640450004232
29,seeqst_binomial_q0.5,10,median_of_means,6,20000,-4.915691569156916,0.05644438584266087,0.05644438584266087
29,seeqst_binomial_q0.5,10,median_of_means,6,25000,-5.4075852136341815,-0.4354492586346046,0.4354492586346046
29,seeqst_binomial_q0.5,10,median_of_means,6,30000,-5.0176,-0.04546404500042289,0.04546404500042289
29,seeqst_binomial_q0.5,10,median_of_means,6,35000,-5.266586662094977,-0.29445070709540033,0.29445070709540033
29,seeqst_binomial_q0.5,10,median_of_means,6,40000,-5.2997299729973,-0.3275940179977228,0.3275940179977228
29,seeqst_binomial_q0.5,10,median_of_means,6,45000,-5.5296,-0.5574640450004233,0.5574640450004233
29,seeqst_binomial_q0.5,10,median_of_means,6,50000,-5.284051362054482,-0.3119154070549053,0.3119154070549053
29,seeqst_binomial_tuned,10,median_of_means,6,10,0.0,4.972135954999577,4.972135954999577
29,seeqst_binomial_tuned,10,median_of_means,6,30,-14.901161193847653,-9.929025238848077,9.929025238848077
29,seeqst_binomial_tuned,10,median_of_means,6,100,-4.656612873077392,0.31552308192218526,0.31552308192218526
29,seeqst_binomial_tuned,10,median_of_means,6,300,-4.470348358154295,0.5017875968452818,0.5017875968452818
29,seeqst_binomial_tuned,10,median_of_means,6,1000,-4.937131720853138,0.03500423414643894,0.03500423414643894
29,seeqst_binomial_tuned,10,median_of_means,6,3000,-5.662441253662108,-0.6903052986625307,0.6903052986625307
29,seeqst_binomial_tuned,10,median_of_means,6,5000,-5.634892888429784,-0.6627569334302068,0.6627569334302068
29,seeqst_binomial_tuned,10,median_of_means,6,10000,-5.1429577949954375,-0.17082183999586054,0.17082183999586054
29,seeqst_binomial_tuned,10,median_of_means,6,15000,-4.94718551635742,0.024950438642156847,0.024950438642156847
29,seeqst_binomial_tuned,10,median_of_means,6,20000,-4.87316702709089,0.09896892790868694,0.09896892790868694
29,seeqst_binomial_tuned,10,median_of_means,6,25000,-4.900285846272512,0.0718501087270651,0.0718501087270651
29,seeqst_binomial_tuned,10,median_of_means,6,30000,-4.8875808715820295,0.08455508341754747,0.08455508341754747
29,seeqst_binomial_tuned,10,median_of_means,6,35000,-4.764386358053467,0.20774959694611006,0.20774959694611006
29,seeqst_binomial_tuned,10,median_of_means,6,40000,-5.040821856004568,-0.06868590100499095,0.06868590100499095
29,seeqst_binomial_tuned,10,median_of_means,6,45000,-4.867712656656899,0.10442329834267827,0.10442329834267827
29,seeqst_binomial_tuned,10,median_of_means,6,50000,-4.926520951524095,0.04561500347548186,0.04561500347548186
30,pauli,10,median_of_means,6,10,6.548581121812447e-16,4.972135954999578,4.972135954999578
30,pauli,10,median_of_means,6,30,4.499999999999996,9.472135954999573,9.472135954999573
30,pauli,10,median_of_means,6,100,2.4609374999999982,7.433073454999575,7.433073454999575
30,pauli,10,median_of_means,6,300,-2.857499999999998,2.114635954999579,2.114635954999579
30,pauli,10,median_of_means,6,1000,-3.476656626506022,1.495479328493555,1.495479328493555
30,pauli,10,median_of_means,6,3000,-1.732499999999999,3.239635954999578,3.239635954999578
30,pauli,10,median_of_means,6,5000,-3.9422268907563005,1.0299090642432764,1.0299090642432764
30,pauli,10,median_of_means,6,10000,-3.0488445378151248,1.9232914171844522,1.9232914171844522
30,pauli,10,median_of_means,6,15000,-3.730499999999998,1.241635954999579,1.241635954999579
30,pauli,10,median_of_means,6,20000,-4.1935193519351905,0.7786166030643864,0.7786166030643864
30,pauli,10,median_of_means,6,25000,-4.293146903504558,0.6789890514950185,0.6789890514950185
30,pauli,10,median_of_means,6,30000,-3.9725999999999977,0.9995359549995793,0.9995359549995793
30,pauli,10,median_of_means,6,35000,-4.647544145379733,0.3245918096198439,0.3245918096198439
30,pauli,10,median_of_means,6,40000,-4.560756075607558,0.4113798793920189,0.4113798793920189
30,pauli,10,median_of_means,6,45000,-4.2937499999999975,0.6783859549995794,0.6783859549995794
30,pauli,10,median_of_means,6,50000,-4.445727829113162,0.5264081258864151,0.5264081258864151
30,clifford,10,median_of_means,6,10,1.3864375500059433e-14,4.972135954999591,4.972135954999591
30,clifford,10,median_of_means,6,30,-25.62499999999983,-20.652864045000253,20.652864045000253
30,clifford,10,median_of_means,6,100,1.1903632338624619e-14,4.9721359549995885,4.9721359549995885
30,clifford,10,median_of_means,6,300,-5.124999999999975,-0.15286404500039819,0.15286404500039819
30,clifford,10,median_of_means,6,1000,-3.087349397590344,1.884786557409233,1.884786557409233
30,clifford,10,median_of_means,6,3000,-6.149999999999977,-1.1778640450004003,1.1778640450004003
30,clifford,10,median_of_means,6,5000,-4.4605342136854595,0.5116017413141174,0.5116017413141174
30,clifford,10,median_of_means,6,10000,-4.768157262905147,0.20397869209442998,0.20397869209442998
30,clifford,10,median_of_means,6,15000,-4.509999999999982,0.4621359549995949,0.4621359549995949
30,clifford,10,median_of_means,6,20000,-4.88205070507049,0.09008524992908651,0.09008524992908651
30,clifford,10,median_of_means,6,25000,-5.535885741718653,-0.5637497867190762,0.5637497867190762
30,clifford,10,median_of_means,6,30000,-4.996874999999981,-0.024739045000403692,0.024739045000403692
30,clifford,10,median_of_means,6,35000,-5.096005486027753,-0.1238695310281761,0.1238695310281761
30,clifford,10,median_of_means,6,40000,-4.747506000600042,0.2246299543995347,0.2246299543995347
30,clifford,10,median_of_means,6,45000,-5.039583333333315,-0.06744737833373815,0.06744737833373815
30,clifford,10,median_of_means,6,50000,-4.428177127085068,0.5439588279145093,0.5439588279145093
30,seeqst_uniform,10,median_of_means,6,10,0.0,4.972135954999577,4.972135954999577
30,seeqst_uniform,10,median_of_means,6,30,0.0,4.972135954999577,4.972135954999577
30,seeqst_uniform,10,median_of_means,6,100,0.0,4.972135954999577,4.972135954999577
30,seeqst_uniform,10,median_of_means,6,300,0.0,4.972135954999577,4.972135954999577
30,seeqst_uniform,10,median_of_means,6,1000,-6.168674698795181,-1.196538743795604,1.196538743795604
30,seeqst_uniform,10,median_of_means,6,3000,-4.096,0.8761359549995769,0.8761359549995769
30,seeqst_uniform,10,median_of_means,6,5000,-4.302521008403361,0.6696149465962158,0.6696149465962158
30,seeqst_uniform,10,median_of_means,6,10000,-4.302521008403361,0.6696149465962158,0.6696149465962158
30,seeqst_uniform,10,median_of_means,6,15000,-5.119999999999999,-0.14786404500042227,0.14786404500042227
30,seeqst_uniform,10,median_of_means,6,20000,-5.069306930693069,-0.09717097569349242,0.09717097569349242
30,seeqst_uniform,10,median_of_means,6,25000,-4.42438790206433,0.5477480529352468,0.5477480529352468
30,seeqst_uniform,10,median_of_means,6,30000,-4.5056,0.4665359549995767,0.4665359549995767
30,seeqst_uniform,10,median_of_means,6,35000,-5.091033773358477,-0.11889781835890023,0.11889781835890023
30,seeqst_uniform,10,median_of_means,6,40000,-4.301230123012301,0.6709058319872758,0.6709058319872758
30,seeqst_uniform,10,median_of_means,6,45000,-5.051733333333333,-0.07959737833375602,0.07959737833375602
30,seeqst_uniform,10,median_of_means,6,50000,-4.915396615864635,0.05673933913494178,0.05673933913494178
30,seeqst_binomial_q0.09091,10,median_of_means,6,10,0.0,4.972135954999577,4.972135954999577
30,seeqst_binomial_q0.09091,10,median_of_means,6,30,0.0,4.972135954999577,4.972135954999577
30,seeqst_binomial_q0.09091,10,median_of_means,6,100,0.0,4.972135954999577,4.972135954999577
30,seeqst_binomial_q0.09091,10,median_of_means,6,300,-2.593742460411248,2.378393494588329,2.378393494588329
30,seeqst_binomial_q0.09091,10,median_of_means,6,1000,-7.031229561355794,-2.0590936063562166,2.0590936063562166
30,seeqst_binomial_q0.09091,10,median_of_means,6,3000,-5.706233412904746,-0.7340974579051691,0.7340974579051691
30,seeqst_binomial_q0.09091,10,median_of_means,6,5000,-4.203544203547642,0.7685917514519351,0.7685917514519351
30,seeqst_binomial_q0.09091,10,median_of_means,6,10000,-4.592761259431682,0.37937469556789516,0.37937469556789516
30,seeqst_binomial_q0.09091,10,median_of_means,6,15000,-4.824360976364922,0.14777497863465516,0.14777497863465516
30,seeqst_binomial_q0.09091,10,median_of_means,6,20000,-4.630293321166194,0.34184263383338287,0.34184263383338287
30,seeqst_binomial_q0.09091,10,median_of_means,6,25000,-4.700613436415009,0.2715225185845682,0.2715225185845682
30,seeqst_binomial_q0.09091,10,median_of_means,6,30000,-5.057797797801934,-0.08566184280235678,0.08566184280235678
30,seeqst_binomial_q0.09091,10,median_of_means,6,35000,-5.091436854398902,-0.11930089939932476,0.11930089939932476
30,seeqst_binomial_q0.09091,10,median_of_means,6,40000,-5.019393600255791,-0.0472576452562139,0.0472576452562139
30,seeqst_binomial_q0.09091,10,median_of_means,6,45000,-5.0491519896005626,-0.0770160346009856,0.0770160346009856
30,seeqst_binomial_q0.09091,10,median_of_means,6,50000,-4.949058576807734,0.023077378191842968,0.023077378191842968
30,seeqst_binomial_q0.5,10,median_of_means,6,10,0.0,4.972135954999577,4.972135954999577
30,seeqst_binomial_q0.5,10,median_of_means,6,30,0.0,4.972135954999577,4.972135954999577
30,seeqst_binomial_q0.5,10,median_of_means,6,100,0.0,4.972135954999577,4.972135954999577
30,seeqst_binomial_q0.5,10,median_of_means,6,300,0.0,4.972135954999577,4.972135954999577
30,seeqst_binomial_q0.5,10,median_of_means,6,1000,-9.253012048192772,-4.2808760931931955,4.2808760931931955
30,seeqst_binomial_q0.5,10,median_of_means,6,3000,-5.12,-0.14786404500042316,0.14786404500042316
30,seeqst_binomial_q0.5,10,median_of_means,6,5000,-6.146458583433374,-1.1743226284337966,1.1743226284337966
30,seeqst_binomial_q0.5,10,median_of_means,6,10000,-5.531812725090036,-0.5596767700904595,0.5596767700904595
30,seeqst_binomial_q0.5,10,median_of_means,6,15000,-3.8912,1.080935954999577,1.080935954999577
30,seeqst_binomial_q0.5,10,median_of_means,6,20000,-4.147614761476148,0.8245211935234291,0.8245211935234291
30,seeqst_binomial_q0.5,10,median_of_means,6,25000,-5.28468554968795,-0.31254959468837296,0.31254959468837296
30,seeqst_binomial_q0.5,10,median_of_means,6,30000,-5.5296,-0.5574640450004233,0.5574640450004233
30,seeqst_binomial_q0.5,10,median_of_means,6,35000,-5.091033773358477,-0.11889781835890023,0.11889781835890023
30,seeqst_binomial_q0.5,10,median_of_means,6,40000,-4.685268526852685,0.28686742814689214,0.28686742814689214
30,seeqst_binomial_q0.5,10,median_of_means,6,45000,-5.5296,-0.5574640450004233,0.5574640450004233
30,seeqst_binomial_q0.5,10,median_of_means,6,50000,-5.837033481339254,-0.8648975263396768,0.8648975263396768
30,seeqst_binomial_tuned,10,median_of_means,6,10,0.0,4.972135954999577,4.972135954999577
30,seeqst_binomial_tuned,10,median_of_means,6,30,0.0,4.972135954999577,4.972135954999577
30,seeqst_binomial_tuned,10,median_of_means,6,100,4.656612873077392,9.628748828076969,9.628748828076969
30,seeqst_binomial_tuned,10,median_of_means,6,300,-5.960464477539062,-0.9883285225394847,0.9883285225394847
30,seeqst_binomial_tuned,10,median_of_means,6,1000,-5.834792033735527,-0.8626560787359496,0.8626560787359496
30,seeqst_binomial_tuned,10,median_of_means,6,3000,-5.662441253662108,-0.6903052986625307,0.6903052986625307
30,seeqst_binomial_tuned,10,median_of_means,6,5000,-5.724335632690574,-0.7521996776909967,0.7521996776909967
30,seeqst_binomial_tuned,10,median_of_means,6,10000,-5.1429577949954375,-0.17082183999586054,0.17082183999586054
30,seeqst_binomial_tuned,10,median_of_means,6,15000,-5.245208740234373,-0.2730727852347963,0.2730727852347963
30,seeqst_binomial_tuned,10,median_of_means,6,20000,-5.119060776164284,-0.14692482116470718,0.14692482116470718
30,seeqst_binomial_tuned,10,median_of_means,6,25000,-5.365276474020998,-0.3931405190214212,0.3931405190214212
30,seeqst_binomial_tuned,10,median_of_means,6,30000,-5.051493644714354,-0.07935768971477675,0.07935768971477675
30,seeqst_binomial_tuned,10,median_of_means,6,35000,-5.032622587327253,-0.06048663232767648,0.06048663232767648
30,seeqst_binomial_tuned,10,median_of_means,6,40000,-4.9849369130333425,-0.012800958033765575,0.012800958033765575
30,seeqst_binomial_tuned,10,median_of_means,6,45000,-4.996856053670245,-0.024720098670668378,0.024720098670668378
30,seeqst_binomial_tuned,10,median_of_means,6,50000,-4.854992516656231,0.11714343834334606,0.11714343834334606
31,pauli,10,median_of_means,6,10,-3.625572064791527e-16,4.972135954999577,4.972135954999577
31,pauli,10,median_of_means,6,30,-1.6653345369377348e-16,4.972135954999577,4.972135954999577
31,pauli,10,median_of_means,6,100,-1.4765624999999987,3.4955734549995783,3.4955734549995783
31,pauli,10,median_of_means,6,300,-5.782499999999997,-0.8103640450004201,0.8103640450004201
31,pauli,10,median_of_means,6,1000,-5.177710843373491,-0.20557488837391436,0.20557488837391436
31,pauli,10,median_of_means,6,3000,-5.773499999999996,-0.8013640450004189,0.8013640450004189
31,pauli,10,median_of_means,6,5000,-4.583733493397356,0.3884024616022206,0.3884024616022206
31,pauli,10,median_of_means,6,10000,-3.656587635054019,1.3155483199455578,1.3155483199455578
31,pauli,10,median_of_means,6,15000,-3.7363499999999976,1.2357859549995793,1.2357859549995793
31,pauli,10,median_of_means,6,20000,-4.068969396939692,0.9031665580598851,0.9031665580598851
31,pauli,10,median_of_means,6,25000,-3.8556769083053264,1.1164590466942506,1.1164590466942506
31,pauli,10,median_of_means,6,30000,-4.1606999999999985,0.8114359549995784,0.8114359549995784
31,pauli,10,median_of_means,6,35000,-4.460847762729296,0.511288192270281,0.511288192270281
31,pauli,10,median_of_means,6,40000,-4.379162916291627,0.5929730387079504,0.5929730387079504
31,pauli,10,median_of_means,6,45000,-4.378649999999998,0.5934859549995792,0.5934859549995792
31,pauli,10,median_of_means,6,50000,-4.887195487819509,0.08494046718006754,0.08494046718006754
31,clifford,10,median_of_means,6,10,-1.901746537104306e-15,4.972135954999575,4.972135954999575
31,clifford,10,median_of_means,6,30,-1.3362361336178361e-15,4.972135954999575,4.972135954999575
31,clifford,10,median_of_means,6,100,1.343576277797428e-15,4.972135954999579,4.972135954999579
31,clifford,10,median_of_means,6,300,-2.5624999999999805,2.4096359549995965,2.4096359549995965
31,clifford,10,median_of_means,6,1000,-4.631024096385524,0.34111185861405335,0.34111185861405335
31,clifford,10,median_of_means,6,3000,-3.8437499999999862,1.1283859549995907,1.1283859549995907
31,clifford,10,median_of_means,6,5000,-5.075780312124831,-0.10364435712525388,0.10364435712525388
31,clifford,10,median_of_means,6,10000,-5.537214885954362,-0.565078930954785,0.565078930954785
31,clifford,10,median_of_means,6,15000,-5.48374999999998,-0.5116140450004032,0.5116140450004032
31,clifford,10,median_of_means,6,20000,-5.304905490549035,-0.332769535549458,0.332769535549458
31,clifford,10,median_of_means,6,25000,-5.320601296207373,-0.34846534120779626,0.34846534120779626
31,clifford,10,median_of_means,6,30000,-5.40687499999998,-0.43473904500040295,0.43473904500040295
31,clifford,10,median_of_means,6,35000,-5.183867649579957,-0.21173169458038021,0.21173169458038021
31,clifford,10,median_of_means,6,40000,-5.381788178817862,-0.40965222381828514,0.40965222381828514
31,clifford,10,median_of_means,6,45000,-5.124999999999982,-0.1528640450004053,0.1528640450004053
31,clifford,10,median_of_means,6,50000,-5.1815822632905135,-0.20944630829093658,0.20944630829093658
31,seeqst_uniform,10,median_of_means,6,10,0.0,4.972135954999577,4.972135954999577
31,seeqst_uniform,10,median_of_means,6,30,0.0,4.972135954999577,4.972135954999577
31,seeqst_uniform,10,median_of_means,6,100,0.0,4.972135954999577,4.972135954999577
31,seeqst_uniform,10,median_of_means,6,300,0.0,4.972135954999577,4.972135954999577
31,seeqst_uniform,10,median_of_means,6,1000,-9.253012048192772,-4.2808760931931955,4.2808760931931955
31,seeqst_uniform,10,median_of_means,6,3000,-4.096,0.8761359549995769,0.8761359549995769
31,seeqst_uniform,10,median_of_means,6,5000,-3.073229291716687,1.8989066632828902,1.8989066632828902
31,seeqst_uniform,10,median_of_means,6,10000,-3.3805522208883554,1.5915837341112216,1.5915837341112216
31,seeqst_uniform,10,median_of_means,6,15000,-4.300800000000001,0.6713359549995763,0.6713359549995763
31,seeqst_uniform,10,median_of_means,6,20000,-4.301230123012301,0.6709058319872758,0.6709058319872758
31,seeqst_uniform,10,median_of_means,6,25000,-5.0388862217954875,-0.06675026679591056,0.06675026679591056
31,seeqst_uniform,10,median_of_means,6,30000,-4.812799999999999,0.15933595499957764,0.15933595499957764
31,seeqst_uniform,10,median_of_means,6,35000,-5.178810217726728,-0.20667426272715073,0.20667426272715073
31,seeqst_uniform,10,median_of_means,6,40000,-5.0693069306930685,-0.09717097569349153,0.09717097569349153
31,seeqst_uniform,10,median_of_means,6,45000,-4.437333333333333,0.5348026216662438,0.5348026216662438
31,seeqst_uniform,10,median_of_means,6,50000,-5.284051362054482,-0.3119154070549053,0.3119154070549053
31,seeqst_binomial_q0.09091,10,median_of_means,6,10,0.0,4.972135954999577,4.972135954999577
31,seeqst_binomial_q0.09091,10,median_of_means,6,30,0.0,4.972135954999577,4.972135954999577
31,seeqst_binomial_q0.09091,10,median_of_means,6,100,0.0,4.972135954999577,4.972135954999577
31,seeqst_binomial_q0.09091,10,median_of_means,6,300,0.0,4.972135954999577,4.972135954999577
31,seeqst_binomial_q0.09091,10,median_of_means,6,1000,-3.906238645197663,1.065897309801914,1.065897309801914
31,seeqst_binomial_q0.09091,10,median_of_means,6,3000,-4.149987936657997,0.8221480183415801,0.8221480183415801
31,seeqst_binomial_q0.09091,10,median_of_means,6,5000,-5.449038782376572,-0.4769028273769953,0.4769028273769953
31,seeqst_binomial_q0.09091,10,median_of_means,6,10000,-4.748448081785298,0.22368787321427863,0.22368787321427863
31,seeqst_binomial_q0.09091,10,median_of_means,6,15000,-4.720611277948472,0.2515246770511048,0.2515246770511048
31,seeqst_binomial_q0.09091,10,median_of_means,6,20000,-4.747023404893073,0.22511255010650366,0.22511255010650366
31,seeqst_binomial_q0.09091,10,median_of_means,6,25000,-4.980782449181466,-0.008646494181888897,0.008646494181888897
31,seeqst_binomial_q0.09091,10,median_of_means,6,30000,-5.083735222406046,-0.11159926740646942,0.11159926740646942
31,seeqst_binomial_q0.09091,10,median_of_means,6,35000,-5.046970156980571,-0.07483420198099378,0.07483420198099378
31,seeqst_binomial_q0.09091,10,median_of_means,6,40000,-5.466858921208827,-0.4947229662092498,0.4947229662092498
31,seeqst_binomial_q0.09091,10,median_of_means,6,45000,-4.962693907586855,0.009442047412721699,0.009442047412721699
31,seeqst_binomial_q0.09091,10,median_of_means,6,50000,-5.011310885949969,-0.03917493095039237,0.03917493095039237
31,seeqst_binomial_q0.5,10,median_of_means,6,10,0.0,4.972135954999577,4.972135954999577
31,seeqst_binomial_q0.5,10,median_of_means,6,30,0.0,4.972135954999577,4.972135954999577
31,seeqst_binomial_q0.5,10,median_of_means,6,100,0.0,4.972135954999577,4.972135954999577
31,seeqst_binomial_q0.5,10,median_of_means,6,300,-10.24,-5.267864045000423,5.267864045000423
31,seeqst_binomial_q0.5,10,median_of_means,6,1000,-15.421686746987952,-10.449550791988376,10.449550791988376
31,seeqst_binomial_q0.5,10,median_of_means,6,3000,-8.192,-3.2198640450004232,3.2198640450004232
31,seeqst_binomial_q0.5,10,median_of_means,6,5000,-7.990396158463385,-3.018260203463808,3.018260203463808
31,seeqst_binomial_q0.5,10,median_of_means,6,10000,-6.453781512605042,-1.4816455576054652,1.4816455576054652
31,seeqst_binomial_q0.5,10,median_of_means,6,15000,-5.7344,-0.762264045000423,0.762264045000423
31,seeqst_binomial_q0.5,10,median_of_means,6,20000,-4.454845484548455,0.5172904704511216,0.5172904704511216
31,seeqst_binomial_q0.5,10,median_of_means,6,25000,-4.42438790206433,0.5477480529352468,0.5477480529352468
31,seeqst_binomial_q0.5,10,median_of_means,6,30000,-4.9152000000000005,0.05693595499957649,0.05693595499957649
31,seeqst_binomial_q0.5,10,median_of_means,6,35000,-4.915480884621978,0.05665507037759898,0.05665507037759898
31,seeqst_binomial_q0.5,10,median_of_means,6,40000,-4.762076207620762,0.21005974737881505,0.21005974737881505
31,seeqst_binomial_q0.5,10,median_of_means,6,45000,-5.12,-0.14786404500042316,0.14786404500042316
31,seeqst_binomial_q0.5,10,median_of_means,6,50000,-5.222608904356174,-0.25047294935659714,0.25047294935659714
31,seeqst_binomial_tuned,10,median_of_means,6,10,0.0,4.972135954999577,4.972135954999577
31,seeqst_binomial_tuned,10,median_of_means,6,30,0.0,4.972135954999577,4.972135954999577
31,seeqst_binomial_tuned,10,median_of_means,6,100,0.0,4.972135954999577,4.972135954999577
31,seeqst_binomial_tuned,10,median_of_means,6,300,-7.450580596923827,-2.4784446419242503,2.4784446419242503
31,seeqst_binomial_tuned,10,median_of_means,6,1000,-6.283622190176721,-1.311486235177144,1.311486235177144
31,seeqst_binomial_tuned,10,median_of_means,6,3000,-5.662441253662108,-0.6903052986625307,0.6903052986625307
31,seeqst_binomial_tuned,10,median_of_means,6,5000,-5.187679167125833,-0.21554321212625638,0.21554321212625638
31,seeqst_binomial_tuned,10,median_of_means,6,10000,-5.500728772038599,-0.528592817039022,0.528592817039022
31,seeqst_binomial_tuned,10,median_of_means,6,15000,-4.827976226806639,0.1441597281929381,0.1441597281929381
31,seeqst_binomial_tuned,10,median_of_means,6,20000,-5.119060776164284,-0.14692482116470718,0.14692482116470718
31,seeqst_binomial_tuned,10,median_of_means,6,25000,-5.222202434713772,-0.25006647971419493,0.25006647971419493
31,seeqst_binomial_tuned,10,median_of_means,6,30000,-5.20050525665283,-0.2283693016532533,0.2283693016532533
31,seeqst_binomial_tuned,10,median_of_means,6,35000,-5.134807817526792,-0.16267186252721544,0.16267186252721544
31,seeqst_binomial_tuned,10,median_of_means,6,40000,-5.074352821787304,-0.10221686678772723,0.10221686678772723
31,seeqst_binomial_tuned,10,median_of_means,6,45000,-5.086263020833331,-0.11412706583375432,0.11412706583375432
31,seeqst_binomial_tuned,10,median_of_means,6,50000,-4.926520951524094,0.04561500347548275,0.04561500347548275
32,pauli,10,median_of_means,6,10,-7.874999999999989,-2.9028640450004124,2.9028640450004124
32,pauli,10,median_of_means,6,30,-6.074999999999997,-1.1028640450004197,1.1028640450004197
32,pauli,10,median_of_means,6,100,-5.9062499999999964,-0.9341140450004195,0.9341140450004195
32,pauli,10,median_of_means,6,300,-5.489999999999996,-0.5178640450004188,0.5178640450004188
32,pauli,10,median_of_means,6,1000,-3.476656626506023,1.4954793284935541,1.4954793284935541
32,pauli,10,median_of_means,6,3000,-2.7922499999999992,2.1798859549995777,2.1798859549995777
32,pauli,10,median_of_means,6,5000,-2.775360144057621,2.196775810941956,2.196775810941956
32,pauli,10,median_of_means,6,10000,-4.164390756302518,0.8077451986970585,0.8077451986970585
32,pauli,10,median_of_means,6,15000,-5.2987499999999965,-0.3266140450004196,0.3266140450004196
32,pauli,10,median_of_means,6,20000,-5.601035103510347,-0.6288991485107704,0.6288991485107704
32,pauli,10,median_of_means,6,25000,-5.715194431108975,-0.7430584761093977,0.7430584761093977
32,pauli,10,median_of_means,6,30000,-5.1927749999999975,-0.22063904500042053,0.22063904500042053
32,pauli,10,median_of_means,6,35000,-4.609934853420192,0.3622011015793847,0.3622011015793847
32,pauli,10,median_of_means,6,40000,-4.884113411341131,0.08802254365844586,0.08802254365844586
32,pauli,10,median_of_means,6,45000,-4.571099999999998,0.4010359549995792,0.4010359549995792
32,pauli,10,median_of_means,6,50000,-4.969278771150844,0.0028571838487332357,0.0028571838487332357
32,clifford,10,median_of_means,6,10,9.860761315262648e-32,4.972135954999577,4.972135954999577
32,clifford,10,median_of_means,6,30,-3.5401299581342542e-15,4.972135954999573,4.972135954999573
32,clifford,10,median_of_means,6,100,-8.007812499999947,-3.0356765450003698,3.0356765450003698
32,clifford,10,median_of_means,6,300,-2.2037069877624595e-14,4.972135954999555,4.972135954999555
32,clifford,10,median_of_means,6,1000,-3.8591867469879366,1.1129492080116403,1.1129492080116403
32,clifford,10,median_of_means,6,3000,-4.612499999999986,0.35963595499959133,0.35963595499959133
32,clifford,10,median_of_means,6,5000,-6.1524609843937395,-1.1803250293941625,1.1803250293941625
32,clifford,10,median_of_means,6,10000,-5.46030912364944,-0.4881731686498627,0.4881731686498627
32,clifford,10,median_of_means,6,15000,-3.5362499999999857,1.4358859549995913,1.4358859549995913
32,clifford,10,median_of_means,6,20000,-4.113223822382222,0.8589121326173546,0.8589121326173546
32,clifford,10,median_of_means,6,25000,-4.367198751800272,0.604937203199305,0.604937203199305
32,clifford,10,median_of_means,6,30000,-4.6637499999999825,0.3083859549995944,0.3083859549995944
32,clifford,10,median_of_means,6,35000,-4.239349391393777,0.7327865636058002,0.7327865636058002
32,clifford,10,median_of_means,6,40000,-4.324651215121496,0.647484739878081,0.647484739878081
32,clifford,10,median_of_means,6,45000,-4.304999999999984,0.6671359549995932,0.6671359549995932
32,clifford,10,median_of_means,6,50000,-4.4435527421096666,0.5285832128899104,0.5285832128899104
32,seeqst_uniform,10,median_of_means,6,10,0.0,4.972135954999577,4.972135954999577
32,seeqst_uniform,10,median_of_means,6,30,0.0,4.972135954999577,4.972135954999577
32,seeqst_uniform,10,median_of_means,6,100,0.0,4.972135954999577,4.972135954999577
32,seeqst_uniform,10,median_of_means,6,300,0.0,4.972135954999577,4.972135954999577
32,seeqst_uniform,10,median_of_means,6,1000,-6.168674698795181,-1.196538743795604,1.196538743795604
32,seeqst_uniform,10,median_of_means,6,3000,-7.168,-2.195864045000423,2.195864045000423
32,seeqst_uniform,10,median_of_means,6,5000,-4.917166866746698,0.054969088252878606,0.054969088252878606
32,seeqst_uniform,10,median_of_means,6,10000,-4.917166866746699,0.05496908825287772,0.05496908825287772
32,seeqst_uniform,10,median_of_means,6,15000,-5.5296,-0.5574640450004233,0.5574640450004233
32,seeqst_uniform,10,median_of_means,6,20000,-3.9939993999399936,0.9781365550595833,0.9781365550595833
32,seeqst_uniform,10,median_of_means,6,25000,-5.161785885741718,-0.18964993074214131,0.18964993074214131
32,seeqst_uniform,10,median_of_means,6,30000,-5.7344,-0.762264045000423,0.762264045000423
32,seeqst_uniform,10,median_of_means,6,35000,-4.213269329675981,0.7588666253235958,0.7588666253235958
32,seeqst_uniform,10,median_of_means,6,40000,-4.301230123012301,0.6709058319872758,0.6709058319872758
32,seeqst_uniform,10,median_of_means,6,45000,-4.505599999999999,0.46653595499957756,0.46653595499957756
32,seeqst_uniform,10,median_of_means,6,50000,-5.591263650546022,-0.6191276955464451,0.6191276955464451
32,seeqst_binomial_q0.09091,10,median_of_means,6,10,0.0,4.972135954999577,4.972135954999577
32,seeqst_binomial_q0.09091,10,median_of_means,6,30,0.0,4.972135954999577,4.972135954999577
32,seeqst_binomial_q0.09091,10,median_of_means,6,100,-8.10544518878515,-3.1333092337855737,3.1333092337855737
32,seeqst_binomial_q0.09091,10,median_of_means,6,300,-7.7812273812337445,-2.8090914262341675,2.8090914262341675
32,seeqst_binomial_q0.09091,10,median_of_means,6,1000,-4.687486374237196,0.2846495807623812,0.2846495807623812
32,seeqst_binomial_q0.09091,10,median_of_means,6,3000,-4.928110674781372,0.04402528021820462,0.04402528021820462
32,seeqst_binomial_q0.09091,10,median_of_means,6,5000,-4.826291492962106,0.1458444620374708,0.1458444620374708
32,seeqst_binomial_q0.09091,10,median_of_means,6,10000,-5.059821726492531,-0.08768577149295442,0.08768577149295442
32,seeqst_binomial_q0.09091,10,median_of_means,6,15000,-5.239359770030722,-0.26722381503114523,0.26722381503114523
32,seeqst_binomial_q0.09091,10,median_of_means,6,20000,-4.435743181621396,0.5363927733781813,0.5363927733781813
32,seeqst_binomial_q0.09091,10,median_of_means,6,25000,-4.638353655800239,0.33378229919933755,0.33378229919933755
32,seeqst_binomial_q0.09091,10,median_of_means,6,30000,-4.954048099385484,0.018087855614092874,0.018087855614092874
32,seeqst_binomial_q0.09091,10,median_of_means,6,35000,-4.55783648537893,0.414299469620647,0.414299469620647
32,seeqst_binomial_q0.09091,10,median_of_means,6,40000,-4.669203349075154,0.30293260592442284,0.30293260592442284
32,seeqst_binomial_q0.09091,10,median_of_means,6,45000,-4.564986730323797,0.40714922467577974,0.40714922467577974
32,seeqst_binomial_q0.09091,10,median_of_means,6,50000,-4.591107799239879,0.3810281557596982,0.3810281557596982
32,seeqst_binomial_q0.5,10,median_of_means,6,10,0.0,4.972135954999577,4.972135954999577
32,seeqst_binomial_q0.5,10,median_of_means,6,30,0.0,4.972135954999577,4.972135954999577
32,seeqst_binomial_q0.5,10,median_of_means,6,100,0.0,4.972135954999577,4.972135954999577
32,seeqst_binomial_q0.5,10,median_of_means,6,300,0.0,4.972135954999577,4.972135954999577
32,seeqst_binomial_q0.5,10,median_of_means,6,1000,-6.168674698795181,-1.196538743795604,1.196538743795604
32,seeqst_binomial_q0.5,10,median_of_means,6,3000,-3.072,1.9001359549995769,1.9001359549995769
32,seeqst_binomial_q0.5,10,median_of_means,6,5000,-4.917166866746698,0.054969088252878606,0.054969088252878606
32,seeqst_binomial_q0.5,10,median_of_means,6,10000,-3.687875150060024,1.284260804939553,1.284260804939553
32,seeqst_binomial_q0.5,10,median_of_means,6,15000,-2.6624,2.309735954999577,2.309735954999577
32,seeqst_binomial_q0.5,10,median_of_means,6,20000,-3.8403840384038403,1.1317519165957366,1.1317519165957366
32,seeqst_binomial_q0.5,10,median_of_means,6,25000,-3.686989918386942,1.2851460366126348,1.2851460366126348
32,seeqst_binomial_q0.5,10,median_of_means,6,30000,-4.505599999999999,0.46653595499957756,0.46653595499957756
32,seeqst_binomial_q0.5,10,median_of_means,6,35000,-5.091033773358477,-0.11889781835890023,0.11889781835890023
32,seeqst_binomial_q0.5,10,median_of_means,6,40000,-4.685268526852685,0.28686742814689214,0.28686742814689214
32,seeqst_binomial_q0.5,10,median_of_means,6,45000,-5.2565333333333335,-0.28439737833375656,0.28439737833375656
32,seeqst_binomial_q0.5,10,median_of_means,6,50000,-4.423856954278172,0.5482790007214051,0.5482790007214051
32,seeqst_binomial_tuned,10,median_of_means,6,10,0.0,4.972135954999577,4.972135954999577
32,seeqst_binomial_tuned,10,median_of_means,6,30,0.0,4.972135954999577,4.972135954999577
32,seeqst_binomial_tuned,10,median_of_means,6,100,-4.656612873077392,0.31552308192218526,0.31552308192218526
32,seeqst_binomial_tuned,10,median_of_means,6,300,-5.960464477539062,-0.9883285225394847,0.9883285225394847
32,seeqst_binomial_tuned,10,median_of_means,6,1000,-5.834792033735527,-0.8626560787359496,0.8626560787359496
32,seeqst_binomial_tuned,10,median_of_means,6,3000,-6.109476089477537,-1.1373401344779603,1.1373401344779603
32,seeqst_binomial_tuned,10,median_of_means,6,5000,-4.740465445821882,0.23167050917769494,0.23167050917769494
32,seeqst_binomial_tuned,10,median_of_means,6,10000,-6.082106609733735,-1.1099706547341581,1.1099706547341581
32,seeqst_binomial_tuned,10,median_of_means,6,15000,-5.811452865600584,-0.8393169106010072,0.8393169106010072
32,seeqst_binomial_tuned,10,median_of_means,6,20000,-5.655556228688052,-0.6834202736884754,0.6834202736884754
32,seeqst_binomial_tuned,10,median_of_means,6,25000,-5.740845827202468,-0.7687098722028907,0.7687098722028907
32,seeqst_binomial_tuned,10,median_of_means,6,30000,-5.558133125305174,-0.5859971703055971,0.5859971703055971
32,seeqst_binomial_tuned,10,median_of_means,6,35000,-5.428590354350463,-0.4564543993508865,0.4564543993508865
32,seeqst_binomial_tuned,10,median_of_means,6,40000,-5.331423559454942,-0.359287604455365,0.359287604455365
32,seeqst_binomial_tuned,10,median_of_means,6,45000,-5.41408856709798,-0.44195261209840275,0.44195261209840275
32,seeqst_binomial_tuned,10,median_of_means,6,50000,-5.293104180221895,-0.3209682252223178,0.3209682252223178
33,pauli,10,median_of_means,6,10,-4.499999999999997,0.4721359549995796,0.4721359549995796
33,pauli,10,median_of_means,6,30,-1.3499999999999999,3.6221359549995773,3.6221359549995773
33,pauli,10,median_of_means,6,100,-4.1484374999999964,0.8236984549995805,0.8236984549995805
33,pauli,10,median_of_means,6,300,-3.419999999999997,1.5521359549995801,1.5521359549995801
33,pauli,10,median_of_means,6,1000,-3.9917168674698766,0.9804190875297003,0.9804190875297003
33,pauli,10,median_of_means,6,3000,-4.045499999999998,0.9266359549995791,0.9266359549995791
33,pauli,10,median_of_means,6,5000,-6.020708283313322,-1.0485723283137451,1.0485723283137451
33,pauli,10,median_of_means,6,10000,-5.519657863145254,-0.5475219081456775,0.5475219081456775
33,pauli,10,median_of_means,6,15000,-5.529149999999996,-0.5570140450004191,0.5570140450004191
33,pauli,10,median_of_means,6,20000,-5.180130513051302,-0.20799455805172506,0.20799455805172506
33,pauli,10,median_of_means,6,25000,-5.490248439750358,-0.5181124847507812,0.5181124847507812
33,pauli,10,median_of_means,6,30000,-6.914249999999996,-1.9421140450004186,1.9421140450004186
33,pauli,10,median_of_means,6,35000,-6.160594891136633,-1.1884589361370557,1.1884589361370557
33,pauli,10,median_of_means,6,40000,-6.115436543654362,-1.1433005886547853,1.1433005886547853
33,pauli,10,median_of_means,6,45000,-5.9344499999999965,-0.9623140450004195,0.9623140450004195
33,pauli,10,median_of_means,6,50000,-5.739619584783388,-0.7674836297838112,0.7674836297838112
33,clifford,10,median_of_means,6,10,6.667843360785852e-16,4.972135954999578,4.972135954999578
33,clifford,10,median_of_means,6,30,-8.307655276524421e-17,4.972135954999577,4.972135954999577
33,clifford,10,median_of_means,6,100,5.329070518200751e-15,4.972135954999582,4.972135954999582
33,clifford,10,median_of_means,6,300,7.687499999999979,12.659635954999555,12.659635954999555
33,clifford,10,median_of_means,6,1000,-4.631024096385534,0.3411118586140427,0.3411118586140427
33,clifford,10,median_of_means,6,3000,-2.0499999999999883,2.9221359549995887,2.9221359549995887
33,clifford,10,median_of_means,6,5000,-2.460984393757494,2.511151561242083,2.511151561242083
33,clifford,10,median_of_means,6,10000,-3.460759303721476,1.511376651278101,1.511376651278101
33,clifford,10,median_of_means,6,15000,-3.7412499999999875,1.2308859549995894,1.2308859549995894
33,clifford,10,median_of_means,6,20000,-4.266989198919877,0.7051467560797002,0.7051467560797002
33,clifford,10,median_of_means,6,25000,-3.967384781565035,1.004751173434542,1.004751173434542
33,clifford,10,median_of_means,6,30000,-4.561249999999983,0.4108859549995936,0.4108859549995936
33,clifford,10,median_of_means,6,35000,-4.415073718498184,0.5570622365013929,0.5570622365013929
33,clifford,10,median_of_means,6,40000,-4.70906465646563,0.26307129853394695,0.26307129853394695
33,clifford,10,median_of_means,6,45000,-4.527083333333318,0.44505262166625936,0.44505262166625936
33,clifford,10,median_of_means,6,50000,-4.428177127085068,0.5439588279145093,0.5439588279145093
33,seeqst_uniform,10,median_of_means,6,10,0.0,4.972135954999577,4.972135954999577
33,seeqst_uniform,10,median_of_means,6,30,0.0,4.972135954999577,4.972135954999577
33,seeqst_uniform,10,median_of_means,6,100,0.0,4.972135954999577,4.972135954999577
33,seeqst_uniform,10,median_of_means,6,300,0.0,4.972135954999577,4.972135954999577
33,seeqst_uniform,10,median_of_means,6,1000,-3.0843373493975905,1.8877986056019864,1.8877986056019864
33,seeqst_uniform,10,median_of_means,6,3000,-8.192,-3.2198640450004232,3.2198640450004232
33,seeqst_uniform,10,median_of_means,6,5000,-6.146458583433374,-1.1743226284337966,1.1743226284337966
33,seeqst_uniform,10,median_of_means,6,10000,-4.302521008403361,0.6696149465962158,0.6696149465962158
33,seeqst_uniform,10,median_of_means,6,15000,-3.2767999999999997,1.6953359549995772,1.6953359549995772
33,seeqst_uniform,10,median_of_means,6,20000,-3.072307230723072,1.8998287242765048,1.8998287242765048
33,seeqst_uniform,10,median_of_means,6,25000,-3.318290926548248,1.6538450284513289,1.6538450284513289
33,seeqst_uniform,10,median_of_means,6,30000,-3.6864,1.285735954999577,1.285735954999577
33,seeqst_uniform,10,median_of_means,6,35000,-3.5988342190982343,1.3733017359013426,1.3733017359013426
33,seeqst_uniform,10,median_of_means,6,40000,-4.070807080708071,0.9013288742915062,0.9013288742915062
33,seeqst_uniform,10,median_of_means,6,45000,-4.300800000000001,0.6713359549995763,0.6713359549995763
33,seeqst_uniform,10,median_of_means,6,50000,-3.747989919596784,1.2241460354027929,1.2241460354027929
33,seeqst_binomial_q0.09091,10,median_of_means,6,10,0.0,4.972135954999577,4.972135954999577
33,seeqst_binomial_q0.09091,10,median_of_means,6,30,0.0,4.972135954999577,4.972135954999577
33,seeqst_binomial_q0.09091,10,median_of_means,6,100,-16.2108903775703,-11.238754422570725,11.238754422570725
33,seeqst_binomial_q0.09091,10,median_of_means,6,300,-7.7812273812337445,-2.8090914262341675,2.8090914262341675
33,seeqst_binomial_q0.09091,10,median_of_means,6,1000,-3.124990916158131,1.8471450388414459,1.8471450388414459
33,seeqst_binomial_q0.09091,10,median_of_means,6,3000,-4.409362182699121,0.5627737723004556,0.5627737723004556
33,seeqst_binomial_q0.09091,10,median_of_means,6,5000,-4.047857381194024,0.9242785738055526,0.9242785738055526
33,seeqst_binomial_q0.09091,10,median_of_means,6,10000,-4.203544203547642,0.7685917514519351,0.7685917514519351
33,seeqst_binomial_q0.09091,10,median_of_means,6,15000,-4.720611277948471,0.2515246770511057,0.2515246770511057
33,seeqst_binomial_q0.09091,10,median_of_means,6,20000,-4.8637534886199525,0.10838246637962445,0.10838246637962445
33,seeqst_binomial_q0.09091,10,median_of_means,6,25000,-5.043042229796233,-0.07090627479665645,0.07090627479665645
33,seeqst_binomial_q0.09091,10,median_of_means,6,30000,-4.746548702552585,0.22558725244699218,0.22558725244699218
33,seeqst_binomial_q0.09091,10,median_of_means,6,35000,-5.113670203108067,-0.14153424810849025,0.14153424810849025
33,seeqst_binomial_q0.09091,10,median_of_means,6,40000,-4.941573544437872,0.030562410561705278,0.030562410561705278
33,seeqst_binomial_q0.09091,10,median_of_means,6,45000,-5.031860373197822,-0.05972441819824503,0.05972441819824503
33,seeqst_binomial_q0.09091,10,median_of_means,6,50000,-5.011310885949969,-0.03917493095039237,0.03917493095039237
33,seeqst_binomial_q0.5,10,median_of_means,6,10,0.0,4.972135954999577,4.972135954999577
33,seeqst_binomial_q0.5,10,median_of_means,6,30,0.0,4.972135954999577,4.972135954999577
33,seeqst_binomial_q0.5,10,median_of_means,6,100,0.0,4.972135954999577,4.972135954999577
33,seeqst_binomial_q0.5,10,median_of_means,6,300,0.0,4.972135954999577,4.972135954999577
33,seeqst_binomial_q0.5,10,median_of_means,6,1000,-9.253012048192772,-4.2808760931931955,4.2808760931931955
33,seeqst_binomial_q0.5,10,median_of_means,6,3000,-3.072,1.9001359549995769,1.9001359549995769
33,seeqst_binomial_q0.5,10,median_of_means,6,5000,-6.146458583433374,-1.1743226284337966,1.1743226284337966
33,seeqst_binomial_q0.5,10,median_of_means,6,10000,-4.60984393757503,0.3622920174245472,0.3622920174245472
33,seeqst_binomial_q0.5,10,median_of_means,6,15000,-4.9152000000000005,0.05693595499957649,0.05693595499957649
33,seeqst_binomial_q0.5,10,median_of_means,6,20000,-3.993999399939994,0.9781365550595829,0.9781365550595829
33,seeqst_binomial_q0.5,10,median_of_means,6,25000,-4.178588574171868,0.7935473808277091,0.7935473808277091
33,seeqst_binomial_q0.5,10,median_of_means,6,30000,-3.8912000000000004,1.0809359549995765,1.0809359549995765
33,seeqst_binomial_q0.5,10,median_of_means,6,35000,-4.301045774044232,0.6710901809553453,0.6710901809553453
33,seeqst_binomial_q0.5,10,median_of_means,6,40000,-4.915691569156916,0.05644438584266087,0.05644438584266087
33,seeqst_binomial_q0.5,10,median_of_means,6,45000,-5.461333333333334,-0.4891973783337571,0.4891973783337571
33,seeqst_binomial_q0.5,10,median_of_means,6,50000,-4.731069242769711,0.2410667122298662,0.2410667122298662
33,seeqst_binomial_tuned,10,median_of_means,6,10,0.0,4.972135954999577,4.972135954999577
33,seeqst_binomial_tuned,10,median_of_means,6,30,0.0,4.972135954999577,4.972135954999577
33,seeqst_binomial_tuned,10,median_of_means,6,100,-4.656612873077392,0.31552308192218526,0.31552308192218526
33,seeqst_binomial_tuned,10,median_of_means,6,300,-5.960464477539062,-0.9883285225394847,0.9883285225394847
33,seeqst_binomial_tuned,10,median_of_means,6,1000,-6.732452346617915,-1.7603163916183382,1.7603163916183382
33,seeqst_binomial_tuned,10,median_of_means,6,3000,-4.917383193969725,0.05475276102985216,0.05475276102985216
33,seeqst_binomial_tuned,10,median_of_means,6,5000,-5.724335632690574,-0.7521996776909967,0.7521996776909967
33,seeqst_binomial_tuned,10,median_of_means,6,10000,-5.1429577949954375,-0.17082183999586054,0.17082183999586054
33,seeqst_binomial_tuned,10,median_of_means,6,15000,-5.424022674560545,-0.45188671956096815,0.45188671956096815
33,seeqst_binomial_tuned,10,median_of_means,6,20000,-5.364954525237678,-0.3928185702381013,0.3928185702381013
33,seeqst_binomial_tuned,10,median_of_means,6,25000,-5.454697748588014,-0.4825617935884372,0.4825617935884372
33,seeqst_binomial_tuned,10,median_of_means,6,30000,-5.409121513366697,-0.4369855583671205,0.4369855583671205
33,seeqst_binomial_tuned,10,median_of_means,6,35000,-5.428590354350463,-0.4564543993508865,0.4564543993508865
33,seeqst_binomial_tuned,10,median_of_means,6,40000,-5.1525917419470195,-0.18045578694744258,0.18045578694744258
33,seeqst_binomial_tuned,10,median_of_means,6,45000,-5.374352137247719,-0.40221618224814204,0.40221618224814204
33,seeqst_binomial_tuned,10,median_of_means,6,50000,-5.266281017146445,-0.2941450621468684,0.2941450621468684
34,pauli,10,median_of_means,6,10,-5.6249999999999964,-0.6528640450004195,0.6528640450004195
34,pauli,10,median_of_means,6,30,-4.274999999999997,0.6971359549995801,0.6971359549995801
34,pauli,10,median_of_means,6,100,-5.273437499999995,-0.3013015450004177,0.3013015450004177
34,pauli,10,median_of_means,6,300,-3.1274999999999977,1.8446359549995792,1.8446359549995792
34,pauli,10,median_of_means,6,1000,-2.541415662650601,2.430720292348976,2.430720292348976
34,pauli,10,median_of_means,6,3000,-3.6134999999999975,1.3586359549995795,1.3586359549995795
34,pauli,10,median_of_means,6,5000,-5.200930372148856,-0.22879441714927928,0.22879441714927928
34,pauli,10,median_of_means,6,10000,-4.907187875150058,0.06494807984951922,0.06494807984951922
34,pauli,10,median_of_means,6,15000,-4.375799999999997,0.5963359549995797,0.5963359549995797
34,pauli,10,median_of_means,6,20000,-7.245837083708368,-2.273701128708791,2.273701128708791
34,pauli,10,median_of_means,6,25000,-6.9727856457033095,-2.0006496907037326,2.0006496907037326
34,pauli,10,median_of_means,6,30000,-6.931124999999996,-1.9589890450004193,1.9589890450004193
34,pauli,10,median_of_means,6,35000,-6.168502485856331,-1.1963665308567544,1.1963665308567544
34,pauli,10,median_of_means,6,40000,-6.080333033303328,-1.1081970783037507,1.1081970783037507
34,pauli,10,median_of_means,6,45000,-6.3371999999999975,-1.3650640450004206,1.3650640450004206
34,pauli,10,median_of_means,6,50000,-5.367274690987637,-0.39513873598806004,0.39513873598806004
34,clifford,10,median_of_means,6,10,-2.2226144535952836e-16,4.972135954999577,4.972135954999577
34,clifford,10,median_of_means,6,30,1.2896231878751555e-15,4.972135954999578,4.972135954999578
34,clifford,10,median_of_means,6,100,-16.015624999999922,-11.043489045000346,11.043489045000346
34,clifford,10,median_of_means,6,300,-7.687499999999976,-2.715364045000399,2.715364045000399
34,clifford,10,median_of_means,6,1000,-9.262048192771047,-4.28991223777147,4.28991223777147
34,clifford,10,median_of_means,6,3000,-5.637499999999983,-0.6653640450004064,0.6653640450004064
34,clifford,10,median_of_means,6,5000,-4.4605342136854595,0.5116017413141174,0.5116017413141174
34,clifford,10,median_of_means,6,10000,-4.768157262905143,0.20397869209443353,0.20397869209443353
34,clifford,10,median_of_means,6,15000,-5.63749999999998,-0.6653640450004028,0.6653640450004028
34,clifford,10,median_of_means,6,20000,-6.073732373237302,-1.1015964182377251,1.1015964182377251
34,clifford,10,median_of_means,6,25000,-5.997209553528544,-1.0250735985289667,1.0250735985289667
34,clifford,10,median_of_means,6,30000,-5.61187499999998,-0.639739045000403,0.639739045000403
34,clifford,10,median_of_means,6,35000,-5.667109549117072,-0.6949735941174948,0.6949735941174948
34,clifford,10,median_of_means,6,40000,-5.2280228022802095,-0.2558868472806326,0.2558868472806326
34,clifford,10,median_of_means,6,45000,-5.449583333333315,-0.4774473783337383,0.4774473783337383
34,clifford,10,median_of_means,6,50000,-4.997074882995302,-0.02493892799572528,0.02493892799572528
34,seeqst_uniform,10,median_of_means,6,10,0.0,4.972135954999577,4.972135954999577
34,seeqst_uniform,10,median_of_means,6,30,0.0,4.972135954999577,4.972135954999577
34,seeqst_uniform,10,median_of_means,6,100,0.0,4.972135954999577,4.972135954999577
34,seeqst_uniform,10,median_of_means,6,300,0.0,4.972135954999577,4.972135954999577
34,seeqst_uniform,10,median_of_means,6,1000,0.0,4.972135954999577,4.972135954999577
34,seeqst_uniform,10,median_of_means,6,3000,-1.024,3.948135954999577,3.948135954999577
34,seeqst_uniform,10,median_of_means,6,5000,-0.6146458583433373,4.35749009665624,4.35749009665624
34,seeqst_uniform,10,median_of_means,6,10000,-1.843937575030012,3.128198379969565,3.128198379969565
34,seeqst_uniform,10,median_of_means,6,15000,-5.5296,-0.5574640450004233,0.5574640450004233
34,seeqst_uniform,10,median_of_means,6,20000,-5.683768376837683,-0.7116324218381065,0.7116324218381065
34,seeqst_uniform,10,median_of_means,6,25000,-5.530484877580413,-0.5583489225808362,0.5583489225808362
34,seeqst_uniform,10,median_of_means,6,30000,-4.300800000000001,0.6713359549995763,0.6713359549995763
34,seeqst_uniform,10,median_of_means,6,35000,-4.213269329675981,0.7588666253235958,0.7588666253235958
34,seeqst_uniform,10,median_of_means,6,40000,-4.147614761476147,0.82452119352343,0.82452119352343
34,seeqst_uniform,10,median_of_means,6,45000,-3.6864,1.285735954999577,1.285735954999577
34,seeqst_uniform,10,median_of_means,6,50000,-4.485299411976479,0.48683654302309787,0.48683654302309787
34,seeqst_binomial_q0.09091,10,median_of_means,6,10,0.0,4.972135954999577,4.972135954999577
34,seeqst_binomial_q0.09091,10,median_of_means,6,30,0.0,4.972135954999577,4.972135954999577
34,seeqst_binomial_q0.09091,10,median_of_means,6,100,-16.2108903775703,-11.238754422570725,11.238754422570725
34,seeqst_binomial_q0.09091,10,median_of_means,6,300,-2.593742460411248,2.378393494588329,2.378393494588329
34,seeqst_binomial_q0.09091,10,median_of_means,6,1000,-3.906238645197663,1.065897309801914,1.065897309801914
34,seeqst_binomial_q0.09091,10,median_of_means,6,3000,-4.668736428740247,0.3033995262593301,0.3033995262593301
34,seeqst_binomial_q0.09091,10,median_of_means,6,5000,-4.67060467060849,0.30153128439108734,0.30153128439108734
34,seeqst_binomial_q0.09091,10,median_of_means,6,10000,-5.137665137669339,-0.16552918266976224,0.16552918266976224
34,seeqst_binomial_q0.09091,10,median_of_means,6,15000,-4.668736428740246,0.303399526259331,0.303399526259331
34,seeqst_binomial_q0.09091,10,median_of_means,6,20000,-4.474653209530356,0.4974827454692212,0.4974827454692212
34,seeqst_binomial_q0.09091,10,median_of_means,6,25000,-4.7940031073371605,0.17813284766241644,0.17813284766241644
34,seeqst_binomial_q0.09091,10,median_of_means,6,30000,-4.668736428740247,0.3033995262593301,0.3033995262593301
34,seeqst_binomial_q0.09091,10,median_of_means,6,35000,-4.735703275052254,0.2364326799473231,0.2364326799473231
34,seeqst_binomial_q0.09091,10,median_of_means,6,40000,-4.708113376984114,0.2640225780154628,0.2640225780154628
34,seeqst_binomial_q0.09091,10,median_of_means,6,45000,-4.80706935996218,0.16506659503739662,0.16506659503739662
34,seeqst_binomial_q0.09091,10,median_of_means,6,50000,-4.7156124175243495,0.2565235374752275,0.2565235374752275
34,seeqst_binomial_q0.5,10,median_of_means,6,10,0.0,4.972135954999577,4.972135954999577
34,seeqst_binomial_q0.5,10,median_of_means,6,30,0.0,4.972135954999577,4.972135954999577
34,seeqst_binomial_q0.5,10,median_of_means,6,100,0.0,4.972135954999577,4.972135954999577
34,seeqst_binomial_q0.5,10,median_of_means,6,300,0.0,4.972135954999577,4.972135954999577
34,seeqst_binomial_q0.5,10,median_of_means,6,1000,-3.0843373493975905,1.8877986056019864,1.8877986056019864
34,seeqst_binomial_q0.5,10,median_of_means,6,3000,-4.096,0.8761359549995769,0.8761359549995769
34,seeqst_binomial_q0.5,10,median_of_means,6,5000,-6.761104441776711,-1.7889684867771338,1.7889684867771338
34,seeqst_binomial_q0.5,10,median_of_means,6,10000,-5.531812725090036,-0.5596767700904595,0.5596767700904595
34,seeqst_binomial_q0.5,10,median_of_means,6,15000,-4.3008,0.6713359549995772,0.6713359549995772
34,seeqst_binomial_q0.5,10,median_of_means,6,20000,-5.53015301530153,-0.5580170603019532,0.5580170603019532
34,seeqst_binomial_q0.5,10,median_of_means,6,25000,-5.653384541526644,-0.681248586527067,0.681248586527067
34,seeqst_binomial_q0.5,10,median_of_means,6,30000,-5.5296,-0.5574640450004233,0.5574640450004233
34,seeqst_binomial_q0.5,10,median_of_means,6,35000,-5.4421395508314765,-0.47000359583189955,0.47000359583189955
34,seeqst_binomial_q0.5,10,median_of_means,6,40000,-5.606960696069606,-0.6348247410700294,0.6348247410700294
34,seeqst_binomial_q0.5,10,median_of_means,6,45000,-5.393066666666666,-0.42093071166708906,0.42093071166708906
34,seeqst_binomial_q0.5,10,median_of_means,6,50000,-5.4069362774510985,-0.43480032245152156,0.43480032245152156
34,seeqst_binomial_tuned,10,median_of_means,6,10,0.0,4.972135954999577,4.972135954999577
34,seeqst_binomial_tuned,10,median_of_means,6,30,0.0,4.972135954999577,4.972135954999577
34,seeqst_binomial_tuned,10,median_of_means,6,100,0.0,4.972135954999577,4.972135954999577
34,seeqst_binomial_tuned,10,median_of_means,6,300,-2.980232238769531,1.9919037162300461,1.9919037162300461
34,seeqst_binomial_tuned,10,median_of_means,6,1000,-6.28362219017672,-1.311486235177143,1.311486235177143
34,seeqst_binomial_tuned,10,median_of_means,6,3000,-4.172325134277343,0.7998108207222341,0.7998108207222341
34,seeqst_binomial_tuned,10,median_of_means,6,5000,-5.903221121212154,-0.9310851662125774,0.9310851662125774
34,seeqst_binomial_tuned,10,median_of_means,6,10000,-5.232400539256228,-0.26026458425665133,0.26026458425665133
34,seeqst_binomial_tuned,10,median_of_means,6,15000,-5.39422035217285,-0.42208439717327284,0.42208439717327284
34,seeqst_binomial_tuned,10,median_of_means,6,20000,-5.141414753352775,-0.16927879835319803,0.16927879835319803
34,seeqst_binomial_tuned,10,median_of_means,6,25000,-4.953938611012721,0.018197343986855685,0.018197343986855685
34,seeqst_binomial_tuned,10,median_of_means,6,30000,-5.081295967102049,-0.10916001210247206,0.10916001210247206
34,seeqst_binomial_tuned,10,median_of_means,6,35000,-5.224219893951388,-0.25208393895181125,0.25208393895181125
34,seeqst_binomial_tuned,10,median_of_means,6,40000,-5.163768730541264,-0.19163277554168712,0.19163277554168712
34,seeqst_binomial_tuned,10,median_of_means,6,45000,-5.2054723103841125,-0.23333635538453557,0.23333635538453557
34,seeqst_binomial_tuned,10,median_of_means,6,50000,-5.069577821259822,-0.09744186626024476,0.09744186626024476
35,pauli,10,median_of_means,6,10,-4.499999999999995,0.4721359549995823,0.4721359549995823
35,pauli,10,median_of_means,6,30,-6.974999999999993,-2.0028640450004165,2.0028640450004165
35,pauli,10,median_of_means,6,100,0.28125,5.253385954999577,5.253385954999577
35,pauli,10,median_of_means,6,300,-2.9699999999999984,2.0021359549995785,2.0021359549995785
35,pauli,10,median_of_means,6,1000,-3.117469879518071,1.8546660754815059,1.8546660754815059
35,pauli,10,median_of_means,6,3000,-6.9592499999999955,-1.9871140450004185,1.9871140450004185
35,pauli,10,median_of_means,6,5000,-7.145708283313322,-2.173572328313745,2.173572328313745
35,pauli,10,median_of_means,6,10000,-4.598589435774307,0.37354651922527005,0.37354651922527005
35,pauli,10,median_of_means,6,15000,-4.337099999999996,0.635035954999581,0.635035954999581
35,pauli,10,median_of_means,6,20000,-5.164603960396038,-0.19246800539646092,0.19246800539646092
35,pauli,10,median_of_means,6,25000,-4.6936209793566945,0.2785149756428824,0.2785149756428824
35,pauli,10,median_of_means,6,30000,-5.184899999999997,-0.21276404500042023,0.21276404500042023
35,pauli,10,median_of_means,6,35000,-4.0766543802502975,0.8954815747492795,0.8954815747492795
35,pauli,10,median_of_means,6,40000,-4.8851260126012575,0.0870099423983195,0.0870099423983195
35,pauli,10,median_of_means,6,45000,-5.393549999999996,-0.4214140450004189,0.4214140450004189
35,pauli,10,median_of_means,6,50000,-5.163011520460816,-0.19087556546123885,0.19087556546123885
35,clifford,10,median_of_means,6,10,1.0477660750574184e-31,4.972135954999577,4.972135954999577
35,clifford,10,median_of_means,6,30,1.7041051355999913e-15,4.972135954999579,4.972135954999579
35,clifford,10,median_of_means,6,100,8.007812499999972,12.979948454999548,12.979948454999548
35,clifford,10,median_of_means,6,300,-5.124999999999988,-0.15286404500041062,0.15286404500041062
35,clifford,10,median_of_means,6,1000,-2.3155120481927622,2.6566239068068147,2.6566239068068147
35,clifford,10,median_of_means,6,3000,-0.25624999999999615,4.715885954999581,4.715885954999581
35,clifford,10,median_of_means,6,5000,-3.076230492196866,1.8959054628027108,1.8959054628027108
35,clifford,10,median_of_means,6,10000,-4.22981692677069,0.742319028228887,0.742319028228887
35,clifford,10,median_of_means,6,15000,-4.202499999999985,0.7696359549995924,0.7696359549995924
35,clifford,10,median_of_means,6,20000,-4.113223822382222,0.8589121326173546,0.8589121326173546
35,clifford,10,median_of_means,6,25000,-3.8751200192030577,1.0970159357965192,1.0970159357965192
35,clifford,10,median_of_means,6,30000,-4.304999999999984,0.6671359549995932,0.6671359549995932
35,clifford,10,median_of_means,6,35000,-4.085590605177423,0.8865453498221543,0.8865453498221543
35,clifford,10,median_of_means,6,40000,-4.1708858385838425,0.8012501164157344,0.8012501164157344
35,clifford,10,median_of_means,6,45000,-4.868749999999981,0.10338595499959613,0.10338595499959613
35,clifford,10,median_of_means,6,50000,-4.305172206888258,0.6669637481113186,0.6669637481113186
35,seeqst_uniform,10,median_of_means,6,10,0.0,4.972135954999577,4.972135954999577
35,seeqst_uniform,10,median_of_means,6,30,0.0,4.972135954999577,4.972135954999577
35,seeqst_uniform,10,median_of_means,6,100,0.0,4.972135954999577,4.972135954999577
35,seeqst_uniform,10,median_of_means,6,300,0.0,4.972135954999577,4.972135954999577
35,seeqst_uniform,10,median_of_means,6,1000,-3.0843373493975905,1.8877986056019864,1.8877986056019864
35,seeqst_uniform,10,median_of_means,6,3000,-8.192,-3.2198640450004232,3.2198640450004232
35,seeqst_uniform,10,median_of_means,6,5000,-5.531812725090036,-0.5596767700904595,0.5596767700904595
35,seeqst_uniform,10,median_of_means,6,10000,-5.531812725090036,-0.5596767700904595,0.5596767700904595
35,seeqst_uniform,10,median_of_means,6,15000,-5.3248,-0.3526640450004228,0.3526640450004228
35,seeqst_uniform,10,median_of_means,6,20000,-4.915691569156916,0.05644438584266087,0.05644438584266087
35,seeqst_uniform,10,median_of_means,6,25000,-4.915986557849256,0.05614939715032108,0.05614939715032108
35,seeqst_uniform,10,median_of_means,6,30000,-4.1983999999999995,0.7737359549995775,0.7737359549995775
35,seeqst_uniform,10,median_of_means,6,35000,-5.0032573289902285,-0.031121373990651513,0.031121373990651513
35,seeqst_uniform,10,median_of_means,6,40000,-4.915691569156916,0.05644438584266087,0.05644438584266087
35,seeqst_uniform,10,median_of_means,6,45000,-4.983466666666667,-0.011330711667089766,0.011330711667089766
35,seeqst_uniform,10,median_of_means,6,50000,-4.731069242769711,0.2410667122298662,0.2410667122298662
35,seeqst_binomial_q0.09091,10,median_of_means,6,10,0.0,4.972135954999577,4.972135954999577
35,seeqst_binomial_q0.09091,10,median_of_means,6,30,0.0,4.972135954999577,4.972135954999577
35,seeqst_binomial_q0.09091,10,median_of_means,6,100,0.0,4.972135954999577,4.972135954999577
35,seeqst_binomial_q0.09091,10,median_of_means,6,300,0.0,4.972135954999577,4.972135954999577
35,seeqst_binomial_q0.09091,10,median_of_means,6,1000,-7.031229561355794,-2.0590936063562166,2.0590936063562166
35,seeqst_binomial_q0.09091,10,median_of_means,6,3000,-5.706233412904747,-0.73409745790517,0.73409745790517
35,seeqst_binomial_q0.09091,10,median_of_means,6,5000,-4.826291492962107,0.14584446203746992,0.14584446203746992
35,seeqst_binomial_q0.09091,10,median_of_means,6,10000,-4.748448081785298,0.22368787321427863,0.22368787321427863
35,seeqst_binomial_q0.09091,10,median_of_means,6,15000,-5.239359770030722,-0.26722381503114523,0.26722381503114523
35,seeqst_binomial_q0.09091,10,median_of_means,6,20000,-4.980483572346832,-0.008347617347254754,0.008347617347254754
35,seeqst_binomial_q0.09091,10,median_of_means,6,25000,-5.1986916813331545,-0.22655572633357757,0.22655572633357757
35,seeqst_binomial_q0.09091,10,median_of_means,6,30000,-4.928110674781372,0.04402528021820462,0.04402528021820462
35,seeqst_binomial_q0.09091,10,median_of_means,6,35000,-4.869103367307247,0.10303258769233015,0.10303258769233015
35,seeqst_binomial_q0.09091,10,median_of_means,6,40000,-4.708113376984114,0.2640225780154628,0.2640225780154628
35,seeqst_binomial_q0.09091,10,median_of_means,6,45000,-4.634153195934764,0.337982759064813,0.337982759064813
35,seeqst_binomial_q0.09091,10,median_of_means,6,50000,-4.7467385720954685,0.2253973829041085,0.2253973829041085
35,seeqst_binomial_q0.5,10,median_of_means,6,10,0.0,4.972135954999577,4.972135954999577
35,seeqst_binomial_q0.5,10,median_of_means,6,30,0.0,4.972135954999577,4.972135954999577
35,seeqst_binomial_q0.5,10,median_of_means,6,100,0.0,4.972135954999577,4.972135954999577
35,seeqst_binomial_q0.5,10,median_of_means,6,300,0.0,4.972135954999577,4.972135954999577
35,seeqst_binomial_q0.5,10,median_of_means,6,1000,0.0,4.972135954999577,4.972135954999577
35,seeqst_binomial_q0.5,10,median_of_means,6,3000,-4.096,0.8761359549995769,0.8761359549995769
35,seeqst_binomial_q0.5,10,median_of_means,6,5000,-3.687875150060024,1.284260804939553,1.284260804939553
35,seeqst_binomial_q0.5,10,median_of_means,6,10000,-4.917166866746699,0.05496908825287772,0.05496908825287772
35,seeqst_binomial_q0.5,10,median_of_means,6,15000,-4.300800000000001,0.6713359549995763,0.6713359549995763
35,seeqst_binomial_q0.5,10,median_of_means,6,20000,-3.993999399939994,0.9781365550595829,0.9781365550595829
35,seeqst_binomial_q0.5,10,median_of_means,6,25000,-4.178588574171868,0.7935473808277091,0.7935473808277091
35,seeqst_binomial_q0.5,10,median_of_means,6,30000,-4.505599999999999,0.46653595499957756,0.46653595499957756
35,seeqst_binomial_q0.5,10,median_of_means,6,35000,-4.915480884621978,0.05665507037759898,0.05665507037759898
35,seeqst_binomial_q0.5,10,median_of_means,6,40000,-4.915691569156916,0.05644438584266087,0.05644438584266087
35,seeqst_binomial_q0.5,10,median_of_means,6,45000,-4.7104,0.261735954999577,0.261735954999577
35,seeqst_binomial_q0.5,10,median_of_means,6,50000,-4.669626785071403,0.30250916992817434,0.30250916992817434
35,seeqst_binomial_tuned,10,median_of_means,6,10,0.0,4.972135954999577,4.972135954999577
35,seeqst_binomial_tuned,10,median_of_means,6,30,0.0,4.972135954999577,4.972135954999577
35,seeqst_binomial_tuned,10,median_of_means,6,100,0.0,4.972135954999577,4.972135954999577
35,seeqst_binomial_tuned,10,median_of_means,6,300,-4.470348358154296,0.501787596845281,0.501787596845281
35,seeqst_binomial_tuned,10,median_of_means,6,1000,-2.244150782205972,2.727985172793605,2.727985172793605
35,seeqst_binomial_tuned,10,median_of_means,6,3000,-3.42726707458496,1.544868880414617,1.544868880414617
35,seeqst_binomial_tuned,10,median_of_means,6,5000,-4.651022701561092,0.32111325343848485,0.32111325343848485
35,seeqst_binomial_tuned,10,median_of_means,6,10000,-4.248530352387536,0.7236056026120412,0.7236056026120412
35,seeqst_binomial_tuned,10,median_of_means,6,15000,-5.006790161132811,-0.03465420613323378,0.03465420613323378
35,seeqst_binomial_tuned,10,median_of_means,6,20000,-5.096706798975794,-0.1245708439762172,0.1245708439762172
35,seeqst_binomial_tuned,10,median_of_means,6,25000,-4.864517336445704,0.10761861855387256,0.10761861855387256
35,seeqst_binomial_tuned,10,median_of_means,6,30000,-4.976987838745115,-0.004851883745538466,0.004851883745538466
35,seeqst_binomial_tuned,10,median_of_means,6,35000,-5.032622587327254,-0.06048663232767737,0.06048663232767737
35,seeqst_binomial_tuned,10,median_of_means,6,40000,-5.230830662106736,-0.2586947071071588,0.2586947071071588
35,seeqst_binomial_tuned,10,median_of_means,6,45000,-5.165735880533852,-0.19359992553427485,0.19359992553427485
35,seeqst_binomial_tuned,10,median_of_means,6,50000,-5.1858115279201,-0.21367557292052286,0.21367557292052286
36,pauli,10,median_of_means,6,10,-5.624999999999997,-0.6528640450004204,0.6528640450004204
36,pauli,10,median_of_means,6,30,-11.699999999999987,-6.72786404500041,6.72786404500041
36,pauli,10,median_of_means,6,100,-7.312499999999995,-2.3403640450004177,2.3403640450004177
36,pauli,10,median_of_means,6,300,-6.929999999999996,-1.9578640450004192,1.9578640450004192
36,pauli,10,median_of_means,6,1000,-4.06626506024096,0.9058708947586167,0.9058708947586167
36,pauli,10,median_of_means,6,3000,-4.911749999999998,0.060385954999579106,0.060385954999579106
36,pauli,10,median_of_means,6,5000,-4.58238295318127,0.3897530018183071,0.3897530018183071
36,pauli,10,median_of_means,6,10000,-4.243397358943575,0.7287385960560018,0.7287385960560018
36,pauli,10,median_of_means,6,15000,-5.454899999999998,-0.4827640450004207,0.4827640450004207
36,pauli,10,median_of_means,6,20000,-5.688793879387935,-0.7166579243883584,0.7166579243883584
36,pauli,10,median_of_means,6,25000,-4.972035525684107,0.00010042931547005196,0.00010042931547005196
36,pauli,10,median_of_means,6,30000,-5.355449999999998,-0.38331404500042066,0.38331404500042066
36,pauli,10,median_of_means,6,35000,-5.284009086233497,-0.31187313123392,0.31187313123392
36,pauli,10,median_of_means,6,40000,-5.803386588658862,-0.8312506336592849,0.8312506336592849
36,pauli,10,median_of_means,6,45000,-5.008649999999997,-0.03651404500041977,0.03651404500041977
36,pauli,10,median_of_means,6,50000,-5.485674426977075,-0.5135384719774985,0.5135384719774985
36,clifford,10,median_of_means,6,10,-6.0101134505632525e-15,4.972135954999571,4.972135954999571
36,clifford,10,median_of_means,6,30,-6.064275400098998e-15,4.972135954999571,4.972135954999571
36,clifford,10,median_of_means,6,100,-1.6718036007976798e-15,4.972135954999575,4.972135954999575
36,clifford,10,median_of_means,6,300,6.8434358657318284e-15,4.972135954999584,4.972135954999584
36,clifford,10,median_of_means,6,1000,-6.174698795180699,-1.2025628401811224,1.2025628401811224
36,clifford,10,median_of_means,6,3000,-2.0499999999999936,2.9221359549995833,2.9221359549995833
36,clifford,10,median_of_means,6,5000,-3.383853541416552,1.5882824135830251,1.5882824135830251
36,clifford,10,median_of_means,6,10000,-5.229591836734674,-0.2574558817350967,0.2574558817350967
36,clifford,10,median_of_means,6,15000,-4.3049999999999855,0.6671359549995914,0.6671359549995914
36,clifford,10,median_of_means,6,20000,-4.228547854785464,0.7435881002141134,0.7435881002141134
36,clifford,10,median_of_means,6,25000,-4.2441790686509675,0.7279568863486094,0.7279568863486094
36,clifford,10,median_of_means,6,30000,-4.4587499999999824,0.5133859549995945,0.5133859549995945
36,clifford,10,median_of_means,6,35000,-4.9202811589233475,0.05185479607622945,0.05185479607622945
36,clifford,10,median_of_means,6,40000,-5.477891539153896,-0.5057555841543193,0.5057555841543193
36,clifford,10,median_of_means,6,45000,-5.432499999999981,-0.4603640450004036,0.4603640450004036
36,clifford,10,median_of_means,6,50000,-4.920196807872296,0.05193914712728098,0.05193914712728098
36,seeqst_uniform,10,median_of_means,6,10,0.0,4.972135954999577,4.972135954999577
36,seeqst_uniform,10,median_of_means,6,30,0.0,4.972135954999577,4.972135954999577
36,seeqst_uniform,10,median_of_means,6,100,0.0,4.972135954999577,4.972135954999577
36,seeqst_uniform,10,median_of_means,6,300,0.0,4.972135954999577,4.972135954999577
36,seeqst_uniform,10,median_of_means,6,1000,-3.0843373493975905,1.8877986056019864,1.8877986056019864
36,seeqst_uniform,10,median_of_means,6,3000,-1.024,3.948135954999577,3.948135954999577
36,seeqst_uniform,10,median_of_means,6,5000,-3.073229291716687,1.8989066632828902,1.8989066632828902
36,seeqst_uniform,10,median_of_means,6,10000,-3.687875150060024,1.284260804939553,1.284260804939553
36,seeqst_uniform,10,median_of_means,6,15000,-3.6864,1.285735954999577,1.285735954999577
36,seeqst_uniform,10,median_of_means,6,20000,-4.762076207620762,0.21005974737881505,0.21005974737881505
36,seeqst_uniform,10,median_of_means,6,25000,-4.793086893903024,0.17904906109655272,0.17904906109655272
36,seeqst_uniform,10,median_of_means,6,30000,-4.7104,0.261735954999577,0.261735954999577
36,seeqst_uniform,10,median_of_means,6,35000,-5.178810217726728,-0.20667426272715073,0.20667426272715073
36,seeqst_uniform,10,median_of_means,6,40000,-4.915691569156916,0.05644438584266087,0.05644438584266087
36,seeqst_uniform,10,median_of_means,6,45000,-5.2565333333333335,-0.28439737833375656,0.28439737833375656
36,seeqst_uniform,10,median_of_means,6,50000,-4.853954158166326,0.11818179683325081,0.11818179683325081
36,seeqst_binomial_q0.09091,10,median_of_means,6,10,0.0,4.972135954999577,4.972135954999577
36,seeqst_binomial_q0.09091,10,median_of_means,6,30,0.0,4.972135954999577,4.972135954999577
36,seeqst_binomial_q0.09091,10,median_of_means,6,100,0.0,4.972135954999577,4.972135954999577
36,seeqst_binomial_q0.09091,10,median_of_means,6,300,0.0,4.972135954999577,4.972135954999577
36,seeqst_binomial_q0.09091,10,median_of_means,6,1000,-5.468734103276728,-0.4965981482771511,0.4965981482771511
36,seeqst_binomial_q0.09091,10,median_of_means,6,3000,-4.409362182699121,0.5627737723004556,0.5627737723004556
36,seeqst_binomial_q0.09091,10,median_of_means,6,5000,-4.6706046706084905,0.30153128439108645,0.30153128439108645
36,seeqst_binomial_q0.09091,10,median_of_means,6,10000,-5.215508548846147,-0.24337259384657006,0.24337259384657006
36,seeqst_binomial_q0.09091,10,median_of_means,6,15000,-5.187484920822497,-0.21534896582291996,0.21534896582291996
36,seeqst_binomial_q0.09091,10,median_of_means,6,20000,-5.058303628164751,-0.08616767316517393,0.08616767316517393
36,seeqst_binomial_q0.09091,10,median_of_means,6,25000,-5.01191233948885,-0.03977638448927312,0.03977638448927312
36,seeqst_binomial_q0.09091,10,median_of_means,6,30000,-5.109672647010159,-0.13753669201058205,0.13753669201058205
36,seeqst_binomial_q0.09091,10,median_of_means,6,35000,-5.202603597944729,-0.2304676429451522,0.2304676429451522
36,seeqst_binomial_q0.09091,10,median_of_means,6,40000,-5.077758642119232,-0.10562268711965483,0.10562268711965483
36,seeqst_binomial_q0.09091,10,median_of_means,6,45000,-5.22206815362798,-0.24993219862840288,0.24993219862840288
36,seeqst_binomial_q0.09091,10,median_of_means,6,50000,-5.011310885949969,-0.03917493095039237,0.03917493095039237
36,seeqst_binomial_q0.5,10,median_of_means,6,10,0.0,4.972135954999577,4.972135954999577
36,seeqst_binomial_q0.5,10,median_of_means,6,30,0.0,4.972135954999577,4.972135954999577
36,seeqst_binomial_q0.5,10,median_of_means,6,100,0.0,4.972135954999577,4.972135954999577
36,seeqst_binomial_q0.5,10,median_of_means,6,300,0.0,4.972135954999577,4.972135954999577
36,seeqst_binomial_q0.5,10,median_of_means,6,1000,-9.253012048192772,-4.2808760931931955,4.2808760931931955
36,seeqst_binomial_q0.5,10,median_of_means,6,3000,-7.168,-2.195864045000423,2.195864045000423
36,seeqst_binomial_q0.5,10,median_of_means,6,5000,-5.531812725090036,-0.5596767700904595,0.5596767700904595
36,seeqst_binomial_q0.5,10,median_of_means,6,10000,-4.302521008403361,0.6696149465962158,0.6696149465962158
36,seeqst_binomial_q0.5,10,median_of_means,6,15000,-4.505599999999999,0.46653595499957756,0.46653595499957756
36,seeqst_binomial_q0.5,10,median_of_means,6,20000,-5.376537653765377,-0.4044016987657999,0.4044016987657999
36,seeqst_binomial_q0.5,10,median_of_means,6,25000,-4.42438790206433,0.5477480529352468,0.5477480529352468
36,seeqst_binomial_q0.5,10,median_of_means,6,30000,-5.0176,-0.04546404500042289,0.04546404500042289
36,seeqst_binomial_q0.5,10,median_of_means,6,35000,-5.0032573289902285,-0.031121373990651513,0.031121373990651513
36,seeqst_binomial_q0.5,10,median_of_means,6,40000,-4.992499249924993,-0.02036329492541622,0.02036329492541622
36,seeqst_binomial_q0.5,10,median_of_means,6,45000,-6.007466666666667,-1.0353307116670898,1.0353307116670898
36,seeqst_binomial_q0.5,10,median_of_means,6,50000,-5.284051362054482,-0.3119154070549053,0.3119154070549053
36,seeqst_binomial_tuned,10,median_of_means,6,10,0.0,4.972135954999577,4.972135954999577
36,seeqst_binomial_tuned,10,median_of_means,6,30,0.0,4.972135954999577,4.972135954999577
36,seeqst_binomial_tuned,10,median_of_means,6,100,-18.626451492309567,-13.65431553730999,13.65431553730999
36,seeqst_binomial_tuned,10,median_of_means,6,300,-5.960464477539062,-0.9883285225394847,0.9883285225394847
36,seeqst_binomial_tuned,10,median_of_means,6,1000,-5.834792033735527,-0.8626560787359496,0.8626560787359496
36,seeqst_binomial_tuned,10,median_of_means,6,3000,-5.215406417846678,-0.24327046284710097,0.24327046284710097
36,seeqst_binomial_tuned,10,median_of_means,6,5000,-5.277121911386622,-0.3049859563870454,0.3049859563870454
36,seeqst_binomial_tuned,10,median_of_means,6,10000,-5.321843283517017,-0.34970732851744035,0.34970732851744035
36,seeqst_binomial_tuned,10,median_of_means,6,15000,-5.304813385009764,-0.3326774300101869,0.3326774300101869
36,seeqst_binomial_tuned,10,median_of_means,6,20000,-5.253184639295226,-0.2810486842956488,0.2810486842956488
36,seeqst_binomial_tuned,10,median_of_means,6,25000,-5.59777178789524,-0.6256358328956635,0.6256358328956635
36,seeqst_binomial_tuned,10,median_of_means,6,30000,-5.289912223815916,-0.31777626881633925,0.31777626881633925
36,seeqst_binomial_tuned,10,median_of_means,6,35000,-5.326405124150925,-0.35426916915134843,0.35426916915134843
36,seeqst_binomial_tuned,10,median_of_means,6,40000,-5.320246570860697,-0.34811061586112046,0.34811061586112046
36,seeqst_binomial_tuned,10,median_of_means,6,45000,-5.3644180297851545,-0.39228207478557753,0.39228207478557753
36,seeqst_binomial_tuned,10,median_of_means,6,50000,-5.257339962787963,-0.28520400778838617,0.28520400778838617
37,pauli,10,median_of_means,6,10,-8.999999999999998,-4.027864045000421,4.027864045000421
37,pauli,10,median_of_means,6,30,-7.199999999999996,-2.227864045000419,2.227864045000419
37,pauli,10,median_of_means,6,100,-6.960937499999995,-1.9888015450004177,1.9888015450004177
37,pauli,10,median_of_means,6,300,-5.624999999999998,-0.6528640450004213,0.6528640450004213
37,pauli,10,median_of_means,6,1000,-5.042168674698793,-0.0700327196992161,0.0700327196992161
37,pauli,10,median_of_means,6,3000,-5.341499999999996,-0.3693640450004194,0.3693640450004194
37,pauli,10,median_of_means,6,5000,-5.695228091236491,-0.7230921362369145,0.7230921362369145
37,pauli,10,median_of_means,6,10000,-6.600090036014402,-1.627954081014825,1.627954081014825
37,pauli,10,median_of_means,6,15000,-5.925149999999997,-0.9530140450004199,0.9530140450004199
37,pauli,10,median_of_means,6,20000,-4.872299729972994,0.09983622502658296,0.09983622502658296
37,pauli,10,median_of_means,6,25000,-5.669827172347573,-0.6976912173479963,0.6976912173479963
37,pauli,10,median_of_means,6,30000,-4.725449999999998,0.24668595499957924,0.24668595499957924
37,pauli,10,median_of_means,6,35000,-4.92990313732213,0.04223281767744691,0.04223281767744691
37,pauli,10,median_of_means,6,40000,-4.8540729072907265,0.11806304770885045,0.11806304770885045
37,pauli,10,median_of_means,6,45000,-4.787399999999998,0.18473595499957884,0.18473595499957884
37,pauli,10,median_of_means,6,50000,-4.5864034561382425,0.3857324988613344,0.3857324988613344
37,clifford,10,median_of_means,6,10,1.5300442553341129e-15,4.972135954999579,4.972135954999579
37,clifford,10,median_of_means,6,30,-1.933163917746642e-15,4.972135954999575,4.972135954999575
37,clifford,10,median_of_means,6,100,-16.015624999999943,-11.043489045000367,11.043489045000367
37,clifford,10,median_of_means,6,300,-7.687499999999973,-2.7153640450003964,2.7153640450003964
37,clifford,10,median_of_means,6,1000,1.9984014443252818e-15,4.972135954999579,4.972135954999579
37,clifford,10,median_of_means,6,3000,-4.099999999999988,0.8721359549995888,0.8721359549995888
37,clifford,10,median_of_means,6,5000,-5.229591836734675,-0.2574558817350985,0.2574558817350985
37,clifford,10,median_of_means,6,10000,-4.306722689075615,0.665413265923962,0.665413265923962
37,clifford,10,median_of_means,6,15000,-4.458749999999986,0.5133859549995909,0.5133859549995909
37,clifford,10,median_of_means,6,20000,-4.5360786078607696,0.4360573471388074,0.4360573471388074
37,clifford,10,median_of_means,6,25000,-4.3364438310129465,0.6356921239866304,0.6356921239866304
37,clifford,10,median_of_means,6,30000,-4.458749999999985,0.5133859549995918,0.5133859549995918
37,clifford,10,median_of_means,6,35000,-4.678660209154793,0.2934757458447841,0.2934757458447841
37,clifford,10,median_of_means,6,40000,-4.343871887188705,0.6282640678108722,0.6282640678108722
37,clifford,10,median_of_means,6,45000,-4.544166666666651,0.4279692883329256,0.4279692883329256
37,clifford,10,median_of_means,6,50000,-4.566557662306476,0.4055782926931011,0.4055782926931011
37,seeqst_uniform,10,median_of_means,6,10,0.0,4.972135954999577,4.972135954999577
37,seeqst_uniform,10,median_of_means,6,30,0.0,4.972135954999577,4.972135954999577
37,seeqst_uniform,10,median_of_means,6,100,0.0,4.972135954999577,4.972135954999577
37,seeqst_uniform,10,median_of_means,6,300,0.0,4.972135954999577,4.972135954999577
37,seeqst_uniform,10,median_of_means,6,1000,0.0,4.972135954999577,4.972135954999577
37,seeqst_uniform,10,median_of_means,6,3000,-5.12,-0.14786404500042316,0.14786404500042316
37,seeqst_uniform,10,median_of_means,6,5000,-3.073229291716687,1.8989066632828902,1.8989066632828902
37,seeqst_uniform,10,median_of_means,6,10000,-4.917166866746699,0.05496908825287772,0.05496908825287772
37,seeqst_uniform,10,median_of_means,6,15000,-5.119999999999999,-0.14786404500042227,0.14786404500042227
37,seeqst_uniform,10,median_of_means,6,20000,-4.608460846084609,0.36367510891496835,0.36367510891496835
37,seeqst_uniform,10,median_of_means,6,25000,-4.793086893903025,0.17904906109655183,0.17904906109655183
37,seeqst_uniform,10,median_of_means,6,30000,-4.9152000000000005,0.05693595499957649,0.05693595499957649
37,seeqst_uniform,10,median_of_means,6,35000,-5.0032573289902285,-0.031121373990651513,0.031121373990651513
37,seeqst_uniform,10,median_of_means,6,40000,-4.685268526852685,0.28686742814689214,0.28686742814689214
37,seeqst_uniform,10,median_of_means,6,45000,-5.051733333333333,-0.07959737833375602,0.07959737833375602
37,seeqst_uniform,10,median_of_means,6,50000,-5.161166446657866,-0.189030491658289,0.189030491658289
37,seeqst_binomial_q0.09091,10,median_of_means,6,10,0.0,4.972135954999577,4.972135954999577
37,seeqst_binomial_q0.09091,10,median_of_means,6,30,0.0,4.972135954999577,4.972135954999577
37,seeqst_binomial_q0.09091,10,median_of_means,6,100,-8.10544518878515,-3.1333092337855737,3.1333092337855737
37,seeqst_binomial_q0.09091,10,median_of_means,6,300,-2.593742460411248,2.378393494588329,2.378393494588329
37,seeqst_binomial_q0.09091,10,median_of_means,6,1000,-5.468734103276728,-0.4965981482771511,0.4965981482771511
37,seeqst_binomial_q0.09091,10,median_of_means,6,3000,-7.7812273812337445,-2.8090914262341675,2.8090914262341675
37,seeqst_binomial_q0.09091,10,median_of_means,6,5000,-7.7843411176808175,-2.8122051626812405,2.8122051626812405
37,seeqst_binomial_q0.09091,10,median_of_means,6,10000,-5.6825690159069975,-0.7104330609074205,0.7104330609074205
37,seeqst_binomial_q0.09091,10,median_of_means,6,15000,-5.654358563696521,-0.6822226086969438,0.6822226086969438
37,seeqst_binomial_q0.09091,10,median_of_means,6,20000,-5.564133990981226,-0.591998035981649,0.591998035981649
37,seeqst_binomial_q0.09091,10,median_of_means,6,25000,-5.16756179102577,-0.19542583602619334,0.19542583602619334
37,seeqst_binomial_q0.09091,10,median_of_means,6,30000,-4.59092415492791,0.3812118000716671,0.3812118000716671
37,seeqst_binomial_q0.09091,10,median_of_means,6,35000,-4.6690032289247565,0.30313272607482045,0.30313272607482045
37,seeqst_binomial_q0.09091,10,median_of_means,6,40000,-4.649748335120675,0.32238761987890197,0.32238761987890197
37,seeqst_binomial_q0.09091,10,median_of_means,6,45000,-4.564986730323797,0.40714922467577974,0.40714922467577974
37,seeqst_binomial_q0.09091,10,median_of_means,6,50000,-4.840117035808822,0.13201891919075504,0.13201891919075504
37,seeqst_binomial_q0.5,10,median_of_means,6,10,0.0,4.972135954999577,4.972135954999577
37,seeqst_binomial_q0.5,10,median_of_means,6,30,0.0,4.972135954999577,4.972135954999577
37,seeqst_binomial_q0.5,10,median_of_means,6,100,0.0,4.972135954999577,4.972135954999577
37,seeqst_binomial_q0.5,10,median_of_means,6,300,-10.24,-5.267864045000423,5.267864045000423
37,seeqst_binomial_q0.5,10,median_of_means,6,1000,-9.253012048192772,-4.2808760931931955,4.2808760931931955
37,seeqst_binomial_q0.5,10,median_of_means,6,3000,-9.216000000000001,-4.243864045000424,4.243864045000424
37,seeqst_binomial_q0.5,10,median_of_means,6,5000,-7.375750300120048,-2.403614345120471,2.403614345120471
37,seeqst_binomial_q0.5,10,median_of_means,6,10000,-5.224489795918368,-0.2523538409187909,0.2523538409187909
37,seeqst_binomial_q0.5,10,median_of_means,6,15000,-5.7344,-0.762264045000423,0.762264045000423
37,seeqst_binomial_q0.5,10,median_of_means,6,20000,-3.6867686768676866,1.2853672781318903,1.2853672781318903
37,seeqst_binomial_q0.5,10,median_of_means,6,25000,-4.6701872299567935,0.3019487250427835,0.3019487250427835
37,seeqst_binomial_q0.5,10,median_of_means,6,30000,-4.812799999999999,0.15933595499957764,0.15933595499957764
37,seeqst_binomial_q0.5,10,median_of_means,6,35000,-5.091033773358478,-0.11889781835890112,0.11889781835890112
37,seeqst_binomial_q0.5,10,median_of_means,6,40000,-5.222922292229223,-0.2507863372296457,0.2507863372296457
37,seeqst_binomial_q0.5,10,median_of_means,6,45000,-4.5056,0.4665359549995767,0.4665359549995767
37,seeqst_binomial_q0.5,10,median_of_means,6,50000,-4.608184327373095,0.3639516276264816,0.3639516276264816
37,seeqst_binomial_tuned,10,median_of_means,6,10,0.0,4.972135954999577,4.972135954999577
37,seeqst_binomial_tuned,10,median_of_means,6,30,0.0,4.972135954999577,4.972135954999577
37,seeqst_binomial_tuned,10,median_of_means,6,100,-9.313225746154783,-4.341089791155206,4.341089791155206
37,seeqst_binomial_tuned,10,median_of_means,6,300,-4.470348358154296,0.501787596845281,0.501787596845281
37,seeqst_binomial_tuned,10,median_of_means,6,1000,-5.834792033735527,-0.8626560787359496,0.8626560787359496
37,seeqst_binomial_tuned,10,median_of_means,6,3000,-6.85453414916992,-1.8823981941703432,1.8823981941703432
37,seeqst_binomial_tuned,10,median_of_means,6,5000,-6.618763075298476,-1.6466271202988993,1.6466271202988993
37,seeqst_binomial_tuned,10,median_of_means,6,10000,-5.992663865472945,-1.0205279104733682,1.0205279104733682
37,seeqst_binomial_tuned,10,median_of_means,6,15000,-5.573034286499022,-0.6008983314994447,0.6008983314994447
37,seeqst_binomial_tuned,10,median_of_means,6,20000,-5.454370433991639,-0.48223447899206207,0.48223447899206207
37,seeqst_binomial_tuned,10,median_of_means,6,25000,-4.918170101185915,0.05396585381366226,0.05396585381366226
37,seeqst_binomial_tuned,10,median_of_means,6,30000,-5.379319190979002,-0.4071832359794252,0.4071832359794252
37,seeqst_binomial_tuned,10,median_of_means,6,35000,-5.160354125076676,-0.18821817007709907,0.18821817007709907
37,seeqst_binomial_tuned,10,median_of_means,6,40000,-5.208476684918246,-0.23634072991866883,0.23634072991866883
37,seeqst_binomial_tuned,10,median_of_means,6,45000,-5.2054723103841125,-0.23333635538453557,0.23333635538453557
37,seeqst_binomial_tuned,10,median_of_means,6,50000,-5.132165201769202,-0.16002924676962493,0.16002924676962493
38,pauli,10,median_of_means,6,10,-2.2499999999999996,2.7221359549995774,2.7221359549995774
38,pauli,10,median_of_means,6,30,-8.324999999999996,-3.352864045000419,3.352864045000419
38,pauli,10,median_of_means,6,100,-5.8359374999999964,-0.8638015450004195,0.8638015450004195
38,pauli,10,median_of_means,6,300,-7.4249999999999945,-2.4528640450004175,2.4528640450004175
38,pauli,10,median_of_means,6,1000,-3.368222891566263,1.603913063433314,1.603913063433314
38,pauli,10,median_of_means,6,3000,-7.024499999999996,-2.0523640450004192,2.0523640450004192
38,pauli,10,median_of_means,6,5000,-5.18472388955582,-0.21258793455624314,0.21258793455624314
38,pauli,10,median_of_means,6,10000,-4.3750750300120025,0.5970609249875745,0.5970609249875745
38,pauli,10,median_of_means,6,15000,-4.712399999999997,0.2597359549995799,0.2597359549995799
38,pauli,10,median_of_means,6,20000,-4.424392439243922,0.5477435157556547,0.5477435157556547
38,pauli,10,median_of_means,6,25000,-5.0041706673067665,-0.03203471230718957,0.03203471230718957
38,pauli,10,median_of_means,6,30000,-5.099849999999997,-0.12771404500042038,0.12771404500042038
38,pauli,10,median_of_means,6,35000,-5.243121035487739,-0.2709850804881624,0.2709850804881624
38,pauli,10,median_of_means,6,40000,-5.113467596759673,-0.14133164176009583,0.14133164176009583
38,pauli,10,median_of_means,6,45000,-5.040899999999997,-0.0687640450004201,0.0687640450004201
38,pauli,10,median_of_means,6,50000,-5.041641665666624,-0.06950571066704736,0.06950571066704736
38,clifford,10,median_of_means,6,10,8.789435674209078e-32,4.972135954999577,4.972135954999577
38,clifford,10,median_of_means,6,30,1.1800695259512388e-16,4.972135954999577,4.972135954999577
38,clifford,10,median_of_means,6,100,-8.007812499999956,-3.0356765450003786,3.0356765450003786
38,clifford,10,median_of_means,6,300,-10.249999999999968,-5.277864045000391,5.277864045000391
38,clifford,10,median_of_means,6,1000,-0.7718373493975917,4.2002986056019855,4.2002986056019855
38,clifford,10,median_of_means,6,3000,-2.8187499999999917,2.1533859549995853,2.1533859549995853
38,clifford,10,median_of_means,6,5000,-3.9990996398559284,0.9730363151436485,0.9730363151436485
38,clifford,10,median_of_means,6,10000,-3.614570828331319,1.3575651266682578,1.3575651266682578
38,clifford,10,median_of_means,6,15000,-4.151249999999987,0.8208859549995902,0.8208859549995902
38,clifford,10,median_of_means,6,20000,-4.5360786078607696,0.4360573471388074,0.4360573471388074
38,clifford,10,median_of_means,6,25000,-4.397953672587597,0.5741822824119795,0.5741822824119795
38,clifford,10,median_of_means,6,30000,-4.868749999999983,0.10338595499959435,0.10338595499959435
38,clifford,10,median_of_means,6,35000,-4.8104534544830955,0.16168250051648148,0.16168250051648148
38,clifford,10,median_of_means,6,40000,-4.843609360936076,0.12852659406350053,0.12852659406350053
38,clifford,10,median_of_means,6,45000,-4.919999999999982,0.05213595499959478,0.05213595499959478
38,clifford,10,median_of_means,6,50000,-4.812567502700089,0.1595684522994878,0.1595684522994878
38,seeqst_uniform,10,median_of_means,6,10,0.0,4.972135954999577,4.972135954999577
38,seeqst_uniform,10,median_of_means,6,30,0.0,4.972135954999577,4.972135954999577
38,seeqst_uniform,10,median_of_means,6,100,0.0,4.972135954999577,4.972135954999577
38,seeqst_uniform,10,median_of_means,6,300,-20.48,-15.507864045000424,15.507864045000424
38,seeqst_uniform,10,median_of_means,6,1000,-3.0843373493975905,1.8877986056019864,1.8877986056019864
38,seeqst_uniform,10,median_of_means,6,3000,-9.216000000000001,-4.243864045000424,4.243864045000424
38,seeqst_uniform,10,median_of_means,6,5000,-6.761104441776711,-1.7889684867771338,1.7889684867771338
38,seeqst_uniform,10,median_of_means,6,10000,-6.761104441776711,-1.7889684867771338,1.7889684867771338
38,seeqst_uniform,10,median_of_means,6,15000,-3.2767999999999997,1.6953359549995772,1.6953359549995772
38,seeqst_uniform,10,median_of_means,6,20000,-4.147614761476148,0.8245211935234291,0.8245211935234291
38,seeqst_uniform,10,median_of_means,6,25000,-4.42438790206433,0.5477480529352468,0.5477480529352468
38,seeqst_uniform,10,median_of_means,6,30000,-4.7104,0.261735954999577,0.261735954999577
38,seeqst_uniform,10,median_of_means,6,35000,-4.1254928853077315,0.8466430696918454,0.8466430696918454
38,seeqst_uniform,10,median_of_means,6,40000,-4.915691569156916,0.05644438584266087,0.05644438584266087
38,seeqst_uniform,10,median_of_means,6,45000,-4.983466666666667,-0.011330711667089766,0.011330711667089766
38,seeqst_uniform,10,median_of_means,6,50000,-5.529821192847714,-0.557685237848137,0.557685237848137
38,seeqst_binomial_q0.09091,10,median_of_means,6,10,0.0,4.972135954999577,4.972135954999577
38,seeqst_binomial_q0.09091,10,median_of_means,6,30,0.0,4.972135954999577,4.972135954999577
38,seeqst_binomial_q0.09091,10,median_of_means,6,100,8.10544518878515,13.077581143784727,13.077581143784727
38,seeqst_binomial_q0.09091,10,median_of_means,6,300,5.187484920822496,10.159620875822073,10.159620875822073
38,seeqst_binomial_q0.09091,10,median_of_means,6,1000,0.0,4.972135954999577,4.972135954999577
38,seeqst_binomial_q0.09091,10,median_of_means,6,3000,-4.409362182699121,0.5627737723004556,0.5627737723004556
38,seeqst_binomial_q0.09091,10,median_of_means,6,5000,-3.42511009177956,1.547025863220017,1.547025863220017
38,seeqst_binomial_q0.09091,10,median_of_means,6,10000,-4.592761259431683,0.37937469556789427,0.37937469556789427
38,seeqst_binomial_q0.09091,10,median_of_means,6,15000,-4.876235825573147,0.09590012942642989,0.09590012942642989
38,seeqst_binomial_q0.09091,10,median_of_means,6,20000,-4.8637534886199525,0.10838246637962445,0.10838246637962445
38,seeqst_binomial_q0.09091,10,median_of_means,6,25000,-4.918522668566698,0.05361328643287866,0.05361328643287866
38,seeqst_binomial_q0.09091,10,median_of_means,6,30000,-5.005922948593709,-0.0337869935941324,0.0337869935941324
38,seeqst_binomial_q0.09091,10,median_of_means,6,35000,-5.224836946653895,-0.2527009916543177,0.2527009916543177
38,seeqst_binomial_q0.09091,10,median_of_means,6,40000,-4.999938586301312,-0.02780263130173477,0.02780263130173477
38,seeqst_binomial_q0.09091,10,median_of_means,6,45000,-4.997277140392338,-0.025141185392761223,0.025141185392761223
38,seeqst_binomial_q0.09091,10,median_of_means,6,50000,-4.886806267665499,0.08532968733407831,0.08532968733407831
38,seeqst_binomial_q0.5,10,median_of_means,6,10,0.0,4.972135954999577,4.972135954999577
38,seeqst_binomial_q0.5,10,median_of_means,6,30,0.0,4.972135954999577,4.972135954999577
38,seeqst_binomial_q0.5,10,median_of_means,6,100,0.0,4.972135954999577,4.972135954999577
38,seeqst_binomial_q0.5,10,median_of_means,6,300,-10.24,-5.267864045000423,5.267864045000423
38,seeqst_binomial_q0.5,10,median_of_means,6,1000,-9.253012048192772,-4.2808760931931955,4.2808760931931955
38,seeqst_binomial_q0.5,10,median_of_means,6,3000,-3.072,1.9001359549995769,1.9001359549995769
38,seeqst_binomial_q0.5,10,median_of_means,6,5000,-4.302521008403361,0.6696149465962158,0.6696149465962158
38,seeqst_binomial_q0.5,10,median_of_means,6,10000,-3.9951980792316926,0.9769378757678844,0.9769378757678844
38,seeqst_binomial_q0.5,10,median_of_means,6,15000,-4.9152,0.056935954999577376,0.056935954999577376
38,seeqst_binomial_q0.5,10,median_of_means,6,20000,-5.069306930693069,-0.09717097569349242,0.09717097569349242
38,seeqst_binomial_q0.5,10,median_of_means,6,25000,-5.038886221795487,-0.06675026679590967,0.06675026679590967
38,seeqst_binomial_q0.5,10,median_of_means,6,30000,-5.3248,-0.3526640450004228,0.3526640450004228
38,seeqst_binomial_q0.5,10,median_of_means,6,35000,-4.739927995885479,0.2322079591140982,0.2322079591140982
38,seeqst_binomial_q0.5,10,median_of_means,6,40000,-4.992499249924993,-0.02036329492541622,0.02036329492541622
38,seeqst_binomial_q0.5,10,median_of_means,6,45000,-4.846933333333333,0.12520262166624363,0.12520262166624363
38,seeqst_binomial_q0.5,10,median_of_means,6,50000,-5.161166446657866,-0.189030491658289,0.189030491658289
38,seeqst_binomial_tuned,10,median_of_means,6,10,0.0,4.972135954999577,4.972135954999577
38,seeqst_binomial_tuned,10,median_of_means,6,30,0.0,4.972135954999577,4.972135954999577
38,seeqst_binomial_tuned,10,median_of_means,6,100,-4.656612873077392,0.31552308192218526,0.31552308192218526
38,seeqst_binomial_tuned,10,median_of_means,6,300,-5.960464477539062,-0.9883285225394847,0.9883285225394847
38,seeqst_binomial_tuned,10,median_of_means,6,1000,-5.385961877294332,-0.41382592229475534,0.41382592229475534
38,seeqst_binomial_tuned,10,median_of_means,6,3000,-4.3213367462158185,0.6507992087837584,0.6507992087837584
38,seeqst_binomial_tuned,10,median_of_means,6,5000,-4.651022701561091,0.32111325343848574,0.32111325343848574
38,seeqst_binomial_tuned,10,median_of_means,6,10000,-4.785186817952276,0.18694913704730087,0.18694913704730087
38,seeqst_binomial_tuned,10,median_of_means,6,15000,-4.976987838745115,-0.004851883745538466,0.004851883745538466
38,seeqst_binomial_tuned,10,median_of_means,6,20000,-4.739043163959948,0.23309279103962854,0.23309279103962854
38,seeqst_binomial_tuned,10,median_of_means,6,25000,-4.971822865926125,0.00031308907345195536,0.00031308907345195536
38,seeqst_binomial_tuned,10,median_of_means,6,30000,-4.708766937255858,0.26336901774371935,0.26336901774371935
38,seeqst_binomial_tuned,10,median_of_means,6,35000,-4.9943031260024275,-0.022167171002850594,0.022167171002850594
38,seeqst_binomial_tuned,10,median_of_means,6,40000,-4.783751118336929,0.18838483666264771,0.18838483666264771
38,seeqst_binomial_tuned,10,median_of_means,6,45000,-4.996856053670245,-0.024720098670668378,0.024720098670668378
38,seeqst_binomial_tuned,10,median_of_means,6,50000,-4.926520951524095,0.04561500347548186,0.04561500347548186
39,pauli,10,median_of_means,6,10,-2.249999999999999,2.722135954999578,2.722135954999578
39,pauli,10,median_of_means,6,30,-5.849999999999998,-0.8778640450004209,0.8778640450004209
39,pauli,10,median_of_means,6,100,-2.9531249999999973,2.0190109549995796,2.0190109549995796
39,pauli,10,median_of_means,6,300,-5.984999999999996,-1.012864045000419,1.012864045000419
39,pauli,10,median_of_means,6,1000,-6.140060240963852,-1.1679242859642747,1.1679242859642747
39,pauli,10,median_of_means,6,3000,-6.266249999999996,-1.294114045000419,1.294114045000419
39,pauli,10,median_of_means,6,5000,-5.549369747899156,-0.5772337928995794,0.5772337928995794
39,pauli,10,median_of_means,6,10000,-5.772884153661461,-0.8007481986618838,0.8007481986618838
39,pauli,10,median_of_means,6,15000,-5.936849999999996,-0.9647140450004192,0.9647140450004192
39,pauli,10,median_of_means,6,20000,-5.71815931593159,-0.7460233609320133,0.7460233609320133
39,pauli,10,median_of_means,6,25000,-5.814030244839171,-0.841894289839594,0.841894289839594
39,pauli,10,median_of_means,6,30000,-5.786999999999997,-0.8148640450004203,0.8148640450004203
39,pauli,10,median_of_means,6,35000,-5.183717641008054,-0.21158168600847738,0.21158168600847738
39,pauli,10,median_of_means,6,40000,-5.7880288028802855,-0.8158928478807086,0.8158928478807086
39,pauli,10,median_of_means,6,45000,-5.9896499999999975,-1.0175140450004205,1.0175140450004205
39,pauli,10,median_of_means,6,50000,-6.261955478219125,-1.2898195232195482,1.2898195232195482
39,clifford,10,median_of_means,6,10,-2.8685823741986447e-31,4.972135954999577,4.972135954999577
39,clifford,10,median_of_means,6,30,-25.62499999999993,-20.652864045000353,20.652864045000353
39,clifford,10,median_of_means,6,100,-8.007812499999972,-3.0356765450003946,3.0356765450003946
39,clifford,10,median_of_means,6,300,-4.440892098500626e-16,4.972135954999576,4.972135954999576
39,clifford,10,median_of_means,6,1000,-4.631024096385528,0.3411118586140489,0.3411118586140489
39,clifford,10,median_of_means,6,3000,-6.9187499999999735,-1.9466140450003966,1.9466140450003966
39,clifford,10,median_of_means,6,5000,-5.38340336134452,-0.4112674063449431,0.4112674063449431
39,clifford,10,median_of_means,6,10000,-4.845063025210067,0.12707292978951035,0.12707292978951035
39,clifford,10,median_of_means,6,15000,-5.073749999999983,-0.10161404500040572,0.10161404500040572
39,clifford,10,median_of_means,6,20000,-5.766201620161995,-0.7940656651624183,0.7940656651624183
39,clifford,10,median_of_means,6,25000,-5.320601296207374,-0.34846534120779715,0.34846534120779715
39,clifford,10,median_of_means,6,30000,-5.304374999999981,-0.3322390450004038,0.3322390450004038
39,clifford,10,median_of_means,6,35000,-5.359591976684364,-0.38745602168478666,0.38745602168478666
39,clifford,10,median_of_means,6,40000,-5.266464146414624,-0.2943281914150466,0.2943281914150466
39,clifford,10,median_of_means,6,45000,-5.517916666666647,-0.5457807116670699,0.5457807116670699
39,clifford,10,median_of_means,6,50000,-5.61209948397934,-0.6399635289797629,0.6399635289797629
39,seeqst_uniform,10,median_of_means,6,10,0.0,4.972135954999577,4.972135954999577
39,seeqst_uniform,10,median_of_means,6,30,0.0,4.972135954999577,4.972135954999577
39,seeqst_uniform,10,median_of_means,6,100,0.0,4.972135954999577,4.972135954999577
39,seeqst_uniform,10,median_of_means,6,300,0.0,4.972135954999577,4.972135954999577
39,seeqst_uniform,10,median_of_means,6,1000,0.0,4.972135954999577,4.972135954999577
39,seeqst_uniform,10,median_of_means,6,3000,-3.072,1.9001359549995769,1.9001359549995769
39,seeqst_uniform,10,median_of_means,6,5000,-3.0732292917166864,1.8989066632828906,1.8989066632828906
39,seeqst_uniform,10,median_of_means,6,10000,-6.146458583433374,-1.1743226284337966,1.1743226284337966
39,seeqst_uniform,10,median_of_means,6,15000,-5.9392,-0.9670640450004226,0.9670640450004226
39,seeqst_uniform,10,median_of_means,6,20000,-6.298229822982298,-1.3260938679827214,1.3260938679827214
39,seeqst_uniform,10,median_of_means,6,25000,-6.636581853096496,-1.6644458980969192,1.6644458980969192
39,seeqst_uniform,10,median_of_means,6,30000,-6.144,-1.1718640450004232,1.1718640450004232
39,seeqst_uniform,10,median_of_means,6,35000,-6.144351105777473,-1.1722151507778964,1.1722151507778964
39,seeqst_uniform,10,median_of_means,6,40000,-6.3750375037503755,-1.4029015487507985,1.4029015487507985
39,seeqst_uniform,10,median_of_means,6,45000,-6.212266666666666,-1.2401307116670894,1.2401307116670894
39,seeqst_uniform,10,median_of_means,6,50000,-6.021360854434177,-1.0492248994346003,1.0492248994346003
39,seeqst_binomial_q0.09091,10,median_of_means,6,10,0.0,4.972135954999577,4.972135954999577
39,seeqst_binomial_q0.09091,10,median_of_means,6,30,0.0,4.972135954999577,4.972135954999577
39,seeqst_binomial_q0.09091,10,median_of_means,6,100,0.0,4.972135954999577,4.972135954999577
39,seeqst_binomial_q0.09091,10,median_of_means,6,300,-7.7812273812337445,-2.8090914262341675,2.8090914262341675
39,seeqst_binomial_q0.09091,10,median_of_means,6,1000,-4.687486374237196,0.2846495807623812,0.2846495807623812
39,seeqst_binomial_q0.09091,10,median_of_means,6,3000,-4.928110674781371,0.04402528021820551,0.04402528021820551
39,seeqst_binomial_q0.09091,10,median_of_means,6,5000,-4.826291492962107,0.14584446203746992,0.14584446203746992
39,seeqst_binomial_q0.09091,10,median_of_means,6,10000,-5.52688219355338,-0.5547462385538031,0.5547462385538031
39,seeqst_binomial_q0.09091,10,median_of_means,6,15000,-4.824360976364922,0.14777497863465516,0.14777497863465516
39,seeqst_binomial_q0.09091,10,median_of_means,6,20000,-5.252853767709548,-0.2807178127099714,0.2807178127099714
39,seeqst_binomial_q0.09091,10,median_of_means,6,25000,-5.105302010411002,-0.1331660554114249,0.1331660554114249
39,seeqst_binomial_q0.09091,10,median_of_means,6,30000,-5.2134223454266095,-0.2412863904270326,0.2412863904270326
39,seeqst_binomial_q0.09091,10,median_of_means,6,35000,-5.158136900526397,-0.18600094552682034,0.18600094552682034
39,seeqst_binomial_q0.09091,10,median_of_means,6,40000,-5.311218809572988,-0.3390828545734115,0.3390828545734115
39,seeqst_binomial_q0.09091,10,median_of_means,6,45000,-4.91081905837863,0.06131689662094697,0.06131689662094697
39,seeqst_binomial_q0.09091,10,median_of_means,6,50000,-5.120252426948882,-0.14811647194930533,0.14811647194930533
39,seeqst_binomial_q0.5,10,median_of_means,6,10,0.0,4.972135954999577,4.972135954999577
39,seeqst_binomial_q0.5,10,median_of_means,6,30,0.0,4.972135954999577,4.972135954999577
39,seeqst_binomial_q0.5,10,median_of_means,6,100,0.0,4.972135954999577,4.972135954999577
39,seeqst_binomial_q0.5,10,median_of_means,6,300,0.0,4.972135954999577,4.972135954999577
39,seeqst_binomial_q0.5,10,median_of_means,6,1000,-6.168674698795181,-1.196538743795604,1.196538743795604
39,seeqst_binomial_q0.5,10,median_of_means,6,3000,-5.12,-0.14786404500042316,0.14786404500042316
39,seeqst_binomial_q0.5,10,median_of_means,6,5000,-4.302521008403361,0.6696149465962158,0.6696149465962158
39,seeqst_binomial_q0.5,10,median_of_means,6,10000,-8.297719087635054,-3.325583132635477,3.325583132635477
39,seeqst_binomial_q0.5,10,median_of_means,6,15000,-6.144,-1.1718640450004232,1.1718640450004232
39,seeqst_binomial_q0.5,10,median_of_means,6,20000,-5.53015301530153,-0.5580170603019532,0.5580170603019532
39,seeqst_binomial_q0.5,10,median_of_means,6,25000,-5.28468554968795,-0.31254959468837296,0.31254959468837296
39,seeqst_binomial_q0.5,10,median_of_means,6,30000,-5.12,-0.14786404500042316,0.14786404500042316
39,seeqst_binomial_q0.5,10,median_of_means,6,35000,-4.915480884621978,0.05665507037759898,0.05665507037759898
39,seeqst_binomial_q0.5,10,median_of_means,6,40000,-5.069306930693069,-0.09717097569349242,0.09717097569349242
39,seeqst_binomial_q0.5,10,median_of_means,6,45000,-5.188266666666666,-0.21613071166708941,0.21613071166708941
39,seeqst_binomial_q0.5,10,median_of_means,6,50000,-5.038281531261251,-0.06614557626167361,0.06614557626167361
39,seeqst_binomial_tuned,10,median_of_means,6,10,0.0,4.972135954999577,4.972135954999577
39,seeqst_binomial_tuned,10,median_of_means,6,30,0.0,4.972135954999577,4.972135954999577
39,seeqst_binomial_tuned,10,median_of_means,6,100,0.0,4.972135954999577,4.972135954999577
39,seeqst_binomial_tuned,10,median_of_means,6,300,1.4901161193847654,6.462252074384343,6.462252074384343
39,seeqst_binomial_tuned,10,median_of_means,6,1000,-2.244150782205972,2.727985172793605,2.727985172793605
39,seeqst_binomial_tuned,10,median_of_means,6,3000,-3.42726707458496,1.544868880414617,1.544868880414617
39,seeqst_binomial_tuned,10,median_of_means,6,5000,-4.561579957300301,0.41055599769927564,0.41055599769927564
39,seeqst_binomial_tuned,10,median_of_means,6,10000,-5.053515050734648,-0.08137909573507063,0.08137909573507063
39,seeqst_binomial_tuned,10,median_of_means,6,15000,-4.559755325317381,0.4123806296821959,0.4123806296821959
39,seeqst_binomial_tuned,10,median_of_means,6,20000,-5.230830662106736,-0.2586947071071588,0.2586947071071588
39,seeqst_binomial_tuned,10,median_of_means,6,25000,-5.043359885579738,-0.07122393058016119,0.07122393058016119
39,seeqst_binomial_tuned,10,median_of_means,6,30000,-5.424022674560545,-0.45188671956096815,0.45188671956096815
39,seeqst_binomial_tuned,10,median_of_means,6,35000,-4.917664203352774,0.05447175164680296,0.05447175164680296
39,seeqst_binomial_tuned,10,median_of_means,6,40000,-5.007290890221833,-0.035154935222256434,0.035154935222256434
39,seeqst_binomial_tuned,10,median_of_means,6,45000,-4.837910334269203,0.13422562073037358,0.13422562073037358
39,seeqst_binomial_tuned,10,median_of_means,6,50000,-4.64040721205264,0.3317287429469369,0.3317287429469369
40,pauli,10,median_of_means,6,10,-5.6249999999999964,-0.6528640450004195,0.6528640450004195
40,pauli,10,median_of_means,6,30,-11.02499999999999,-6.052864045000413,6.052864045000413
40,pauli,10,median_of_means,6,100,-6.890624999999995,-1.9184890450004177,1.9184890450004177
40,pauli,10,median_of_means,6,300,-3.7799999999999976,1.1921359549995794,1.1921359549995794
40,pauli,10,median_of_means,6,1000,-4.337349397590359,0.6347865574092175,0.6347865574092175
40,pauli,10,median_of_means,6,3000,-5.933249999999997,-0.9611140450004196,0.9611140450004196
40,pauli,10,median_of_means,6,5000,-4.255552220888354,0.7165837341112233,0.7165837341112233
40,pauli,10,median_of_means,6,10000,-3.735594237695077,1.2365417173045001,1.2365417173045001
40,pauli,10,median_of_means,6,15000,-4.604399999999997,0.36773595499957956,0.36773595499957956
40,pauli,10,median_of_means,6,20000,-5.1723672367236695,-0.20023128172409255,0.20023128172409255
40,pauli,10,median_of_means,6,25000,-4.7967774843975,0.17535847060207654,0.17535847060207654
40,pauli,10,median_of_means,6,30000,-4.545224999999997,0.4269109549995802,0.4269109549995802
40,pauli,10,median_of_means,6,35000,-5.02672295559746,-0.05458700059788324,0.05458700059788324
40,pauli,10,median_of_means,6,40000,-4.746062106210619,0.22607384878895775,0.22607384878895775
40,pauli,10,median_of_means,6,45000,-4.635299999999997,0.33683595499957963,0.33683595499957963
40,pauli,10,median_of_means,6,50000,-5.052172086883472,-0.08003613188389469,0.08003613188389469
40,clifford,10,median_of_means,6,10,-5.55653613398821e-15,4.972135954999572,4.972135954999572
40,clifford,10,median_of_means,6,30,-25.624999999999833,-20.652864045000257,20.652864045000257
40,clifford,10,median_of_means,6,100,-16.0156249999999,-11.043489045000324,11.043489045000324
40,clifford,10,median_of_means,6,300,-2.5625000000000147,2.4096359549995623,2.4096359549995623
40,clifford,10,median_of_means,6,1000,-7.7183734939758715,-2.7462375389762945,2.7462375389762945
40,clifford,10,median_of_means,6,3000,-5.893749999999979,-0.9216140450004024,0.9216140450004024
40,clifford,10,median_of_means,6,5000,-7.075330132052795,-2.1031941770532177,2.1031941770532177
40,clifford,10,median_of_means,6,10000,-6.76770708283311,-1.795571127833533,1.795571127833533
40,clifford,10,median_of_means,6,15000,-6.662499999999975,-1.6903640450003978,1.6903640450003978
40,clifford,10,median_of_means,6,20000,-6.419704470447019,-1.4475685154474425,1.4475685154474425
40,clifford,10,median_of_means,6,25000,-5.9664546327412165,-0.9943186777416395,0.9943186777416395
40,clifford,10,median_of_means,6,30000,-6.354999999999977,-1.3828640450004004,1.3828640450004004
40,clifford,10,median_of_means,6,35000,-5.3815575175724115,-0.4094215625728346,0.4094215625728346
40,clifford,10,median_of_means,6,40000,-5.497112211221102,-0.5249762562215254,0.5249762562215254
40,clifford,10,median_of_means,6,45000,-4.834583333333315,0.13755262166626192,0.13755262166626192
40,clifford,10,median_of_means,6,50000,-4.858694347773893,0.11344160722568386,0.11344160722568386
40,seeqst_uniform,10,median_of_means,6,10,0.0,4.972135954999577,4.972135954999577
40,seeqst_uniform,10,median_of_means,6,30,0.0,4.972135954999577,4.972135954999577
40,seeqst_uniform,10,median_of_means,6,100,0.0,4.972135954999577,4.972135954999577
40,seeqst_uniform,10,median_of_means,6,300,-10.24,-5.267864045000423,5.267864045000423
40,seeqst_uniform,10,median_of_means,6,1000,-12.337349397590362,-7.365213442590785,7.365213442590785
40,seeqst_uniform,10,median_of_means,6,3000,-9.216000000000001,-4.243864045000424,4.243864045000424
40,seeqst_uniform,10,median_of_means,6,5000,-8.605042016806722,-3.6329060618071454,3.6329060618071454
40,seeqst_uniform,10,median_of_means,6,10000,-6.146458583433374,-1.1743226284337966,1.1743226284337966
40,seeqst_uniform,10,median_of_means,6,15000,-4.7104,0.261735954999577,0.261735954999577
40,seeqst_uniform,10,median_of_means,6,20000,-4.762076207620762,0.21005974737881505,0.21005974737881505
40,seeqst_uniform,10,median_of_means,6,25000,-4.915986557849256,0.05614939715032108,0.05614939715032108
40,seeqst_uniform,10,median_of_means,6,30000,-4.3008,0.6713359549995772,0.6713359549995772
40,seeqst_uniform,10,median_of_means,6,35000,-4.38882221841248,0.5833137365870966,0.5833137365870966
40,seeqst_uniform,10,median_of_means,6,40000,-4.838883888388839,0.13325206661073796,0.13325206661073796
40,seeqst_uniform,10,median_of_means,6,45000,-4.7104,0.261735954999577,0.261735954999577
40,seeqst_uniform,10,median_of_means,6,50000,-4.3009720388815555,0.6711639161180214,0.6711639161180214
40,seeqst_binomial_q0.09091,10,median_of_means,6,10,0.0,4.972135954999577,4.972135954999577
40,seeqst_binomial_q0.09091,10,median_of_means,6,30,0.0,4.972135954999577,4.972135954999577
40,seeqst_binomial_q0.09091,10,median_of_means,6,100,0.0,4.972135954999577,4.972135954999577
40,seeqst_binomial_q0.09091,10,median_of_means,6,300,-5.187484920822496,-0.21534896582291907,0.21534896582291907
40,seeqst_binomial_q0.09091,10,median_of_means,6,1000,-5.468734103276728,-0.4965981482771511,0.4965981482771511
40,seeqst_binomial_q0.09091,10,median_of_means,6,3000,-4.668736428740247,0.3033995262593301,0.3033995262593301
40,seeqst_binomial_q0.09091,10,median_of_means,6,5000,-4.6706046706084905,0.30153128439108645,0.30153128439108645
40,seeqst_binomial_q0.09091,10,median_of_means,6,10000,-4.592761259431682,0.37937469556789516,0.37937469556789516
40,seeqst_binomial_q0.09091,10,median_of_means,6,15000,-4.7724861271566965,0.19964982784288043,0.19964982784288043
40,seeqst_binomial_q0.09091,10,median_of_means,6,20000,-4.163372986258679,0.8087629687408979,0.8087629687408979
40,seeqst_binomial_q0.09091,10,median_of_means,6,25000,-4.576093875185471,0.396042079814106,0.396042079814106
40,seeqst_binomial_q0.09091,10,median_of_means,6,30000,-4.513111881115572,0.459024073884005,0.459024073884005
40,seeqst_binomial_q0.09091,10,median_of_means,6,35000,-4.602303182797261,0.36983277220231603,0.36983277220231603
40,seeqst_binomial_q0.09091,10,median_of_means,6,40000,-4.669203349075154,0.30293260592442284,0.30293260592442284
40,seeqst_binomial_q0.09091,10,median_of_means,6,45000,-4.582278346726539,0.3898576082730383,0.3898576082730383
40,seeqst_binomial_q0.09091,10,median_of_means,6,50000,-4.513292412812085,0.4588435421874921,0.4588435421874921
40,seeqst_binomial_q0.5,10,median_of_means,6,10,0.0,4.972135954999577,4.972135954999577
40,seeqst_binomial_q0.5,10,median_of_means,6,30,0.0,4.972135954999577,4.972135954999577
40,seeqst_binomial_q0.5,10,median_of_means,6,100,0.0,4.972135954999577,4.972135954999577
40,seeqst_binomial_q0.5,10,median_of_means,6,300,0.0,4.972135954999577,4.972135954999577
40,seeqst_binomial_q0.5,10,median_of_means,6,1000,0.0,4.972135954999577,4.972135954999577
40,seeqst_binomial_q0.5,10,median_of_means,6,3000,-5.12,-0.14786404500042316,0.14786404500042316
40,seeqst_binomial_q0.5,10,median_of_means,6,5000,-3.073229291716687,1.8989066632828902,1.8989066632828902
40,seeqst_binomial_q0.5,10,median_of_means,6,10000,-5.531812725090036,-0.5596767700904595,0.5596767700904595
40,seeqst_binomial_q0.5,10,median_of_means,6,15000,-4.5056,0.4665359549995767,0.4665359549995767
40,seeqst_binomial_q0.5,10,median_of_means,6,20000,-4.915691569156916,0.05644438584266087,0.05644438584266087
40,seeqst_binomial_q0.5,10,median_of_means,6,25000,-5.28468554968795,-0.31254959468837296,0.31254959468837296
40,seeqst_binomial_q0.5,10,median_of_means,6,30000,-5.632,-0.6598640450004227,0.6598640450004227
40,seeqst_binomial_q0.5,10,median_of_means,6,35000,-5.354363106463227,-0.38222715146364994,0.38222715146364994
40,seeqst_binomial_q0.5,10,median_of_means,6,40000,-4.992499249924993,-0.02036329492541622,0.02036329492541622
40,seeqst_binomial_q0.5,10,median_of_means,6,45000,-5.188266666666666,-0.21613071166708941,0.21613071166708941
40,seeqst_binomial_q0.5,10,median_of_means,6,50000,-5.4069362774510985,-0.43480032245152156,0.43480032245152156
40,seeqst_binomial_tuned,10,median_of_means,6,10,0.0,4.972135954999577,4.972135954999577
40,seeqst_binomial_tuned,10,median_of_means,6,30,0.0,4.972135954999577,4.972135954999577
40,seeqst_binomial_tuned,10,median_of_means,6,100,-9.313225746154783,-4.341089791155206,4.341089791155206
40,seeqst_binomial_tuned,10,median_of_means,6,300,-4.470348358154295,0.5017875968452818,0.5017875968452818
40,seeqst_binomial_tuned,10,median_of_means,6,1000,-4.937131720853138,0.03500423414643894,0.03500423414643894
40,seeqst_binomial_tuned,10,median_of_means,6,3000,-4.768371582031248,0.20376437296832872,0.20376437296832872
40,seeqst_binomial_tuned,10,median_of_means,6,5000,-4.02492349173556,0.9472124632640169,0.9472124632640169
40,seeqst_binomial_tuned,10,median_of_means,6,10000,-4.651022701561091,0.32111325343848574,0.32111325343848574
40,seeqst_binomial_tuned,10,median_of_means,6,15000,-4.50015068054199,0.47198527445758653,0.47198527445758653
40,seeqst_binomial_tuned,10,median_of_means,6,20000,-4.470795437698065,0.5013405173015117,0.5013405173015117
40,seeqst_binomial_tuned,10,median_of_means,6,25000,-4.3637581988704115,0.6083777561291654,0.6083777561291654
40,seeqst_binomial_tuned,10,median_of_means,6,30000,-4.604458808898924,0.36767714610065294,0.36767714610065294
40,seeqst_binomial_tuned,10,median_of_means,6,35000,-4.4450575136799095,0.5270784413196674,0.5270784413196674
40,seeqst_binomial_tuned,10,median_of_means,6,40000,-4.392556517538349,0.579579437461228,0.579579437461228
40,seeqst_binomial_tuned,10,median_of_means,6,45000,-4.510084788004555,0.462051166995022,0.462051166995022
40,seeqst_binomial_tuned,10,median_of_means,6,50000,-4.506291396675397,0.46584455832418037,0.46584455832418037
41,pauli,10,median_of_means,6,10,-1.3322676295501878e-15,4.972135954999576,4.972135954999576
41,pauli,10,median_of_means,6,30,-3.599999999999998,1.372135954999579,1.372135954999579
41,pauli,10,median_of_means,6,100,-4.921874999999997,0.05026095499957961,0.05026095499957961
41,pauli,10,median_of_means,6,300,-4.702499999999997,0.26963595499957993,0.26963595499957993
41,pauli,10,median_of_means,6,1000,-4.2221385542168655,0.7499974007827115,0.7499974007827115
41,pauli,10,median_of_means,6,3000,-5.291999999999996,-0.3198640450004193,0.3198640450004193
41,pauli,10,median_of_means,6,5000,-4.9240696278511376,0.04806632714843939,0.04806632714843939
41,pauli,10,median_of_means,6,10000,-4.778211284513803,0.19392467048577355,0.19392467048577355
41,pauli,10,median_of_means,6,15000,-4.887449999999998,0.08468595499957932,0.08468595499957932
41,pauli,10,median_of_means,6,20000,-4.117574257425741,0.8545616975738364,0.8545616975738364
41,pauli,10,median_of_means,6,25000,-4.795967354776762,0.1761686002228151,0.1761686002228151
41,pauli,10,median_of_means,6,30000,-4.818599999999997,0.15353595499957962,0.15353595499957962
41,pauli,10,median_of_means,6,35000,-4.675510029144519,0.2966259258550581,0.2966259258550581
41,pauli,10,median_of_means,6,40000,-4.472828532853282,0.49930742214629475,0.49930742214629475
41,pauli,10,median_of_means,6,45000,-4.506299999999998,0.4658359549995792,0.4658359549995792
41,pauli,10,median_of_means,6,50000,-4.8267130685227375,0.14542288647683943,0.14542288647683943
41,clifford,10,median_of_means,6,10,8.890457814381136e-16,4.972135954999578,4.972135954999578
41,clifford,10,median_of_means,6,30,25.62499999999993,30.597135954999505,30.597135954999505
41,clifford,10,median_of_means,6,100,2.352653750144541e-15,4.97213595499958,4.97213595499958
41,clifford,10,median_of_means,6,300,-5.12499999999998,-0.15286404500040263,0.15286404500040263
41,clifford,10,median_of_means,6,1000,-5.402861445783117,-0.43072549078353983,0.43072549078353983
41,clifford,10,median_of_means,6,3000,-4.099999999999984,0.8721359549995933,0.8721359549995933
41,clifford,10,median_of_means,6,5000,-5.3834033613445165,-0.4112674063449395,0.4112674063449395
41,clifford,10,median_of_means,6,10000,-4.921968787514988,0.05016716748458894,0.05016716748458894
41,clifford,10,median_of_means,6,15000,-4.76624999999998,0.20588595499959705,0.20588595499959705
41,clifford,10,median_of_means,6,20000,-5.074257425742557,-0.10212147074298006,0.10212147074298006
41,clifford,10,median_of_means,6,25000,-4.55172827652423,0.420407678475347,0.420407678475347
41,clifford,10,median_of_means,6,30000,-4.843124999999983,0.12901095499959414,0.12901095499959414
41,clifford,10,median_of_means,6,35000,-5.2717298131321595,-0.29959385813258255,0.29959385813258255
41,clifford,10,median_of_means,6,40000,-5.266464146414623,-0.29432819141504574,0.29432819141504574
41,clifford,10,median_of_means,6,45000,-5.312916666666647,-0.3407807116670698,0.3407807116670698
41,clifford,10,median_of_means,6,50000,-5.089328573142907,-0.11719261814333048,0.11719261814333048
41,seeqst_uniform,10,median_of_means,6,10,0.0,4.972135954999577,4.972135954999577
41,seeqst_uniform,10,median_of_means,6,30,0.0,4.972135954999577,4.972135954999577
41,seeqst_uniform,10,median_of_means,6,100,0.0,4.972135954999577,4.972135954999577
41,seeqst_uniform,10,median_of_means,6,300,0.0,4.972135954999577,4.972135954999577
41,seeqst_uniform,10,median_of_means,6,1000,-6.168674698795181,-1.196538743795604,1.196538743795604
41,seeqst_uniform,10,median_of_means,6,3000,-7.168,-2.195864045000423,2.195864045000423
41,seeqst_uniform,10,median_of_means,6,5000,-8.605042016806724,-3.632906061807147,3.632906061807147
41,seeqst_uniform,10,median_of_means,6,10000,-7.6830732292917165,-2.7109372742921396,2.7109372742921396
41,seeqst_uniform,10,median_of_means,6,15000,-4.505599999999999,0.46653595499957756,0.46653595499957756
41,seeqst_uniform,10,median_of_means,6,20000,-4.454845484548455,0.5172904704511216,0.5172904704511216
41,seeqst_uniform,10,median_of_means,6,25000,-5.4075852136341815,-0.4354492586346046,0.4354492586346046
41,seeqst_uniform,10,median_of_means,6,30000,-4.505599999999999,0.46653595499957756,0.46653595499957756
41,seeqst_uniform,10,median_of_means,6,35000,-4.47659866278073,0.495537292218847,0.495537292218847
41,seeqst_uniform,10,median_of_means,6,40000,-4.685268526852685,0.28686742814689214,0.28686742814689214
41,seeqst_uniform,10,median_of_means,6,45000,-4.5056,0.4665359549995767,0.4665359549995767
41,seeqst_uniform,10,median_of_means,6,50000,-4.792511700468019,0.17962425453155806,0.17962425453155806
41,seeqst_binomial_q0.09091,10,median_of_means,6,10,0.0,4.972135954999577,4.972135954999577
41,seeqst_binomial_q0.09091,10,median_of_means,6,30,0.0,4.972135954999577,4.972135954999577
41,seeqst_binomial_q0.09091,10,median_of_means,6,100,0.0,4.972135954999577,4.972135954999577
41,seeqst_binomial_q0.09091,10,median_of_means,6,300,-5.187484920822496,-0.21534896582291907,0.21534896582291907
41,seeqst_binomial_q0.09091,10,median_of_means,6,1000,-7.031229561355794,-2.0590936063562166,2.0590936063562166
41,seeqst_binomial_q0.09091,10,median_of_means,6,3000,-5.706233412904746,-0.7340974579051691,0.7340974579051691
41,seeqst_binomial_q0.09091,10,median_of_means,6,5000,-6.3831597164982705,-1.4110237614986936,1.4110237614986936
41,seeqst_binomial_q0.09091,10,median_of_means,6,10000,-6.305316305321463,-1.3331803503218858,1.3331803503218858
41,seeqst_binomial_q0.09091,10,median_of_means,6,15000,-5.706233412904746,-0.7340974579051691,0.7340974579051691
41,seeqst_binomial_q0.09091,10,median_of_means,6,20000,-4.8637534886199525,0.10838246637962445,0.10838246637962445
41,seeqst_binomial_q0.09091,10,median_of_means,6,25000,-4.731743326722393,0.240392628277184,0.240392628277184
41,seeqst_binomial_q0.09091,10,median_of_means,6,30000,-5.369046893051284,-0.39691093805170663,0.39691093805170663
41,seeqst_binomial_q0.09091,10,median_of_means,6,35000,-5.158136900526398,-0.18600094552682123,0.18600094552682123
41,seeqst_binomial_q0.09091,10,median_of_means,6,40000,-4.805388446756513,0.1667475082430636,0.1667475082430636
41,seeqst_binomial_q0.09091,10,median_of_means,6,45000,-4.4612370319073475,0.5108989230922294,0.5108989230922294
41,seeqst_binomial_q0.09091,10,median_of_means,6,50000,-4.622233953810997,0.34990200118858006,0.34990200118858006
41,seeqst_binomial_q0.5,10,median_of_means,6,10,0.0,4.972135954999577,4.972135954999577
41,seeqst_binomial_q0.5,10,median_of_means,6,30,0.0,4.972135954999577,4.972135954999577
41,seeqst_binomial_q0.5,10,median_of_means,6,100,0.0,4.972135954999577,4.972135954999577
41,seeqst_binomial_q0.5,10,median_of_means,6,300,0.0,4.972135954999577,4.972135954999577
41,seeqst_binomial_q0.5,10,median_of_means,6,1000,-3.0843373493975905,1.8877986056019864,1.8877986056019864
41,seeqst_binomial_q0.5,10,median_of_means,6,3000,-2.048,2.924135954999577,2.924135954999577
41,seeqst_binomial_q0.5,10,median_of_means,6,5000,-2.458583433373349,2.5135525216262278,2.5135525216262278
41,seeqst_binomial_q0.5,10,median_of_means,6,10000,-3.073229291716687,1.8989066632828902,1.8989066632828902
41,seeqst_binomial_q0.5,10,median_of_means,6,15000,-3.4816000000000003,1.4905359549995767,1.4905359549995767
41,seeqst_binomial_q0.5,10,median_of_means,6,20000,-3.2259225922592263,1.7462133627403507,1.7462133627403507
41,seeqst_binomial_q0.5,10,median_of_means,6,25000,-4.547287566010562,0.4248483889890151,0.4248483889890151
41,seeqst_binomial_q0.5,10,median_of_means,6,30000,-4.505599999999999,0.46653595499957756,0.46653595499957756
41,seeqst_binomial_q0.5,10,median_of_means,6,35000,-4.301045774044232,0.6710901809553453,0.6710901809553453
41,seeqst_binomial_q0.5,10,median_of_means,6,40000,-4.762076207620762,0.21005974737881505,0.21005974737881505
41,seeqst_binomial_q0.5,10,median_of_means,6,45000,-4.027733333333334,0.9444026216662431,0.9444026216662431
41,seeqst_binomial_q0.5,10,median_of_means,6,50000,-4.423856954278171,0.548279000721406,0.548279000721406
41,seeqst_binomial_tuned,10,median_of_means,6,10,0.0,4.972135954999577,4.972135954999577
41,seeqst_binomial_tuned,10,median_of_means,6,30,0.0,4.972135954999577,4.972135954999577
41,seeqst_binomial_tuned,10,median_of_means,6,100,-4.656612873077392,0.31552308192218526,0.31552308192218526
41,seeqst_binomial_tuned,10,median_of_means,6,300,1.4901161193847654,6.462252074384343,6.462252074384343
41,seeqst_binomial_tuned,10,median_of_means,6,1000,-2.2441507822059714,2.7279851727936055,2.7279851727936055
41,seeqst_binomial_tuned,10,median_of_means,6,3000,-5.215406417846678,-0.24327046284710097,0.24327046284710097
41,seeqst_binomial_tuned,10,median_of_means,6,5000,-4.829908190082672,0.14222776491690503,0.14222776491690503
41,seeqst_binomial_tuned,10,median_of_means,6,10000,-5.0982364228650425,-0.12610046786546558,0.12610046786546558
41,seeqst_binomial_tuned,10,median_of_means,6,15000,-4.827976226806639,0.1441597281929381,0.1441597281929381
41,seeqst_binomial_tuned,10,median_of_means,6,20000,-4.716689186771459,0.2554467682281176,0.2554467682281176
41,seeqst_binomial_tuned,10,median_of_means,6,25000,-4.900285846272512,0.0718501087270651,0.0718501087270651
41,seeqst_binomial_tuned,10,median_of_means,6,30000,-4.94718551635742,0.024950438642156847,0.024950438642156847
41,seeqst_binomial_tuned,10,median_of_means,6,35000,-5.288085662826099,-0.31594970782652165,0.31594970782652165
41,seeqst_binomial_tuned,10,median_of_means,6,40000,-5.0072908902218325,-0.035154935222255546,0.035154935222255546
41,seeqst_binomial_tuned,10,median_of_means,6,45000,-5.116065343221027,-0.14392938822144963,0.14392938822144963
41,seeqst_binomial_tuned,10,median_of_means,6,50000,-5.024872549467407,-0.05273659446782997,0.05273659446782997
42,pauli,10,median_of_means,6,10,-2.250000000000001,2.722135954999576,2.722135954999576
42,pauli,10,median_of_means,6,30,-6.524999999999997,-1.5528640450004199,1.5528640450004199
42,pauli,10,median_of_means,6,100,-8.156249999999996,-3.1841140450004195,3.1841140450004195
42,pauli,10,median_of_means,6,300,-7.019999999999996,-2.047864045000419,2.047864045000419
42,pauli,10,median_of_means,6,1000,-1.2740963855421683,3.698039569457409,3.698039569457409
42,pauli,10,median_of_means,6,3000,-1.9574999999999982,3.0146359549995787,3.0146359549995787
42,pauli,10,median_of_means,6,5000,-2.826680672268906,2.145455282730671,2.145455282730671
42,pauli,10,median_of_means,6,10000,-3.385129051620646,1.587006903378931,1.587006903378931
42,pauli,10,median_of_means,6,15000,-4.342499999999998,0.6296359549995794,0.6296359549995794
42,pauli,10,median_of_means,6,20000,-4.037916291629161,0.9342196633704161,0.9342196633704161
42,pauli,10,median_of_means,6,25000,-4.305838934229474,0.6662970207701031,0.6662970207701031
42,pauli,10,median_of_means,6,30000,-4.699124999999997,0.27301095499958006,0.27301095499958006
42,pauli,10,median_of_means,6,35000,-3.64732984741985,1.324806107579727,1.324806107579727
42,pauli,10,median_of_means,6,40000,-4.492574257425741,0.4795616975738364,0.4795616975738364
42,pauli,10,median_of_means,6,45000,-3.813299999999998,1.1588359549995788,1.1588359549995788
42,pauli,10,median_of_means,6,50000,-4.250510020400814,0.7216259345987632,0.7216259345987632
42,clifford,10,median_of_means,6,10,4.445228907190568e-16,4.972135954999578,4.972135954999578
42,clifford,10,median_of_means,6,30,-5.466661286435091e-15,4.972135954999572,4.972135954999572
42,clifford,10,median_of_means,6,100,-4.3249417913227695e-14,4.972135954999533,4.972135954999533
42,clifford,10,median_of_means,6,300,2.5624999999999813,7.534635954999558,7.534635954999558
42,clifford,10,median_of_means,6,1000,-0.7718373493975889,4.200298605601988,4.200298605601988
42,clifford,10,median_of_means,6,3000,-5.381249999999984,-0.4091140450004067,0.4091140450004067
42,clifford,10,median_of_means,6,5000,-5.229591836734676,-0.25745588173509937,0.25745588173509937
42,clifford,10,median_of_means,6,10000,-5.3064975990395995,-0.33436164404002255,0.33436164404002255
42,clifford,10,median_of_means,6,15000,-5.227499999999983,-0.2553640450004062,0.2553640450004062
42,clifford,10,median_of_means,6,20000,-5.035816081608141,-0.06368012660856426,0.06368012660856426
42,clifford,10,median_of_means,6,25000,-5.228336533845395,-0.25620057884581815,0.25620057884581815
42,clifford,10,median_of_means,6,30000,-5.4324999999999815,-0.4603640450004045,0.4603640450004045
42,clifford,10,median_of_means,6,35000,-5.183867649579957,-0.21173169458038021,0.21173169458038021
42,clifford,10,median_of_means,6,40000,-5.17036078607859,-0.19822483107901334,0.19822483107901334
42,clifford,10,median_of_means,6,45000,-5.159166666666648,-0.18703071166707108,0.18703071166707108
42,clifford,10,median_of_means,6,50000,-5.304587183487321,-0.3324512284877441,0.3324512284877441
42,seeqst_uniform,10,median_of_means,6,10,0.0,4.972135954999577,4.972135954999577
42,seeqst_uniform,10,median_of_means,6,30,0.0,4.972135954999577,4.972135954999577
42,seeqst_uniform,10,median_of_means,6,100,0.0,4.972135954999577,4.972135954999577
42,seeqst_uniform,10,median_of_means,6,300,0.0,4.972135954999577,4.972135954999577
42,seeqst_uniform,10,median_of_means,6,1000,0.0,4.972135954999577,4.972135954999577
42,seeqst_uniform,10,median_of_means,6,3000,-2.048,2.924135954999577,2.924135954999577
42,seeqst_uniform,10,median_of_means,6,5000,-4.302521008403361,0.6696149465962158,0.6696149465962158
42,seeqst_uniform,10,median_of_means,6,10000,-4.60984393757503,0.3622920174245472,0.3622920174245472
42,seeqst_uniform,10,median_of_means,6,15000,-4.300800000000001,0.6713359549995763,0.6713359549995763
42,seeqst_uniform,10,median_of_means,6,20000,-4.915691569156916,0.05644438584266087,0.05644438584266087
42,seeqst_uniform,10,median_of_means,6,25000,-4.915986557849256,0.05614939715032108,0.05614939715032108
42,seeqst_uniform,10,median_of_means,6,30000,-4.6080000000000005,0.3641359549995764,0.3641359549995764
42,seeqst_uniform,10,median_of_means,6,35000,-4.652151551517229,0.3199844034823478,0.3199844034823478
42,seeqst_uniform,10,median_of_means,6,40000,-4.915691569156916,0.05644438584266087,0.05644438584266087
42,seeqst_uniform,10,median_of_means,6,45000,-4.778666666666666,0.19346928833291077,0.19346928833291077
42,seeqst_uniform,10,median_of_means,6,50000,-5.3454938197527895,-0.37335786475321253,0.37335786475321253
42,seeqst_binomial_q0.09091,10,median_of_means,6,10,0.0,4.972135954999577,4.972135954999577
42,seeqst_binomial_q0.09091,10,median_of_means,6,30,0.0,4.972135954999577,4.972135954999577
42,seeqst_binomial_q0.09091,10,median_of_means,6,100,-8.10544518878515,-3.1333092337855737,3.1333092337855737
42,seeqst_binomial_q0.09091,10,median_of_means,6,300,-5.187484920822496,-0.21534896582291907,0.21534896582291907
42,seeqst_binomial_q0.09091,10,median_of_means,6,1000,-5.468734103276729,-0.496598148277152,0.496598148277152
42,seeqst_binomial_q0.09091,10,median_of_means,6,3000,-5.187484920822497,-0.21534896582291996,0.21534896582291996
42,seeqst_binomial_q0.09091,10,median_of_means,6,5000,-4.203544203547641,0.768591751451936,0.768591751451936
42,seeqst_binomial_q0.09091,10,median_of_means,6,10000,-4.437074437078065,0.5350615179215117,0.5350615179215117
42,seeqst_binomial_q0.09091,10,median_of_means,6,15000,-4.461237031907347,0.5108989230922303,0.5108989230922303
42,seeqst_binomial_q0.09091,10,median_of_means,6,20000,-4.513563237439316,0.4585727175602612,0.4585727175602612
42,seeqst_binomial_q0.09091,10,median_of_means,6,25000,-4.513834094570703,0.45830186042887355,0.45830186042887355
42,seeqst_binomial_q0.09091,10,median_of_means,6,30000,-4.409362182699121,0.5627737723004556,0.5627737723004556
42,seeqst_binomial_q0.09091,10,median_of_means,6,35000,-4.6245365315064255,0.3475994234931514,0.3475994234931514
42,seeqst_binomial_q0.09091,10,median_of_means,6,40000,-4.669203349075154,0.30293260592442284,0.30293260592442284
42,seeqst_binomial_q0.09091,10,median_of_means,6,45000,-4.547695113921055,0.4244408410785221,0.4244408410785221
42,seeqst_binomial_q0.09091,10,median_of_means,6,50000,-4.5599816446687615,0.4121543103308154,0.4121543103308154
42,seeqst_binomial_q0.5,10,median_of_means,6,10,0.0,4.972135954999577,4.972135954999577
42,seeqst_binomial_q0.5,10,median_of_means,6,30,0.0,4.972135954999577,4.972135954999577
42,seeqst_binomial_q0.5,10,median_of_means,6,100,0.0,4.972135954999577,4.972135954999577
42,seeqst_binomial_q0.5,10,median_of_means,6,300,0.0,4.972135954999577,4.972135954999577
42,seeqst_binomial_q0.5,10,median_of_means,6,1000,-6.168674698795181,-1.196538743795604,1.196538743795604
42,seeqst_binomial_q0.5,10,median_of_means,6,3000,-6.144,-1.1718640450004232,1.1718640450004232
42,seeqst_binomial_q0.5,10,median_of_means,6,5000,-4.302521008403361,0.6696149465962158,0.6696149465962158
42,seeqst_binomial_q0.5,10,median_of_means,6,10000,-5.224489795918368,-0.2523538409187909,0.2523538409187909
42,seeqst_binomial_q0.5,10,median_of_means,6,15000,-5.119999999999999,-0.14786404500042227,0.14786404500042227
42,seeqst_binomial_q0.5,10,median_of_means,6,20000,-5.069306930693069,-0.09717097569349242,0.09717097569349242
42,seeqst_binomial_q0.5,10,median_of_means,6,25000,-4.915986557849256,0.05614939715032108,0.05614939715032108
42,seeqst_binomial_q0.5,10,median_of_means,6,30000,-4.9152,0.056935954999577376,0.056935954999577376
42,seeqst_binomial_q0.5,10,median_of_means,6,35000,-5.617692439567976,-0.6455564845683988,0.6455564845683988
42,seeqst_binomial_q0.5,10,median_of_means,6,40000,-5.53015301530153,-0.5580170603019532,0.5580170603019532
42,seeqst_binomial_q0.5,10,median_of_means,6,45000,-4.983466666666667,-0.011330711667089766,0.011330711667089766
42,seeqst_binomial_q0.5,10,median_of_means,6,50000,-5.03828153126125,-0.06614557626167272,0.06614557626167272
42,seeqst_binomial_tuned,10,median_of_means,6,10,0.0,4.972135954999577,4.972135954999577
42,seeqst_binomial_tuned,10,median_of_means,6,30,0.0,4.972135954999577,4.972135954999577
42,seeqst_binomial_tuned,10,median_of_means,6,100,-9.313225746154783,-4.341089791155206,4.341089791155206
42,seeqst_binomial_tuned,10,median_of_means,6,300,-8.940696716308592,-3.968560761309015,3.968560761309015
42,seeqst_binomial_tuned,10,median_of_means,6,1000,-8.527772972382692,-3.5556370173831153,3.5556370173831153
42,seeqst_binomial_tuned,10,median_of_means,6,3000,-5.811452865600584,-0.8393169106010072,0.8393169106010072
42,seeqst_binomial_tuned,10,median_of_means,6,5000,-4.651022701561091,0.32111325343848574,0.32111325343848574
42,seeqst_binomial_tuned,10,median_of_means,6,10000,-4.829908190082671,0.14222776491690592,0.14222776491690592
42,seeqst_binomial_tuned,10,median_of_means,6,15000,-5.573034286499022,-0.6008983314994447,0.6008983314994447
42,seeqst_binomial_tuned,10,median_of_means,6,20000,-5.119060776164284,-0.14692482116470718,0.14692482116470718
42,seeqst_binomial_tuned,10,median_of_means,6,25000,-5.562003278068435,-0.5898673230688578,0.5898673230688578
42,seeqst_binomial_tuned,10,median_of_means,6,30000,-4.976987838745115,-0.004851883745538466,0.004851883745538466
42,seeqst_binomial_tuned,10,median_of_means,6,35000,-5.045395741102197,-0.07325978610261963,0.07325978610261963
42,seeqst_binomial_tuned,10,median_of_means,6,40000,-5.0072908902218325,-0.035154935222255546,0.035154935222255546
42,seeqst_binomial_tuned,10,median_of_means,6,45000,-5.006790161132811,-0.03465420613323378,0.03465420613323378
42,seeqst_binomial_tuned,10,median_of_means,6,50000,-4.926520951524095,0.04561500347548186,0.04561500347548186
43,pauli,10,median_of_means,6,10,-2.2499999999999982,2.7221359549995787,2.7221359549995787
43,pauli,10,median_of_means,6,30,1.1249999999999987,6.097135954999576,6.097135954999576
43,pauli,10,median_of_means,6,100,-3.8671874999999964,1.1049484549995805,1.1049484549995805
43,pauli,10,median_of_means,6,300,-4.094999999999998,0.877135954999579,0.877135954999579
43,pauli,10,median_of_means,6,1000,-4.757530120481924,0.21460583451765292,0.21460583451765292
43,pauli,10,median_of_means,6,3000,-6.403499999999996,-1.4313640450004188,1.4313640450004188
43,pauli,10,median_of_means,6,5000,-6.242196878751497,-1.2700609237519203,1.2700609237519203
43,pauli,10,median_of_means,6,10000,-6.59131152460984,-1.6191755696102632,1.6191755696102632
43,pauli,10,median_of_means,6,15000,-6.5929499999999965,-1.6208140450004196,1.6208140450004196
43,pauli,10,median_of_means,6,20000,-6.903577857785775,-1.9314419027861982,1.9314419027861982
43,pauli,10,median_of_means,6,25000,-6.601206192990875,-1.6290702379912982,1.6290702379912982
43,pauli,10,median_of_means,6,30000,-5.907374999999997,-0.9352390450004204,0.9352390450004204
43,pauli,10,median_of_means,6,35000,-5.293652494428251,-0.3215165394286741,0.3215165394286741
43,pauli,10,median_of_means,6,40000,-5.1345634563456315,-0.16242750134605455,0.16242750134605455
43,pauli,10,median_of_means,6,45000,-5.096849999999996,-0.12471404500041938,0.12471404500041938
43,pauli,10,median_of_means,6,50000,-4.546846873874952,0.4252890811246246,0.4252890811246246
43,clifford,10,median_of_means,6,10,-3.755997502684261e-15,4.972135954999573,4.972135954999573
43,clifford,10,median_of_means,6,30,-1.6617595063956828e-15,4.972135954999575,4.972135954999575
43,clifford,10,median_of_means,6,100,8.007812499999973,12.979948454999551,12.979948454999551
43,clifford,10,median_of_means,6,300,-1.7172717587113993e-15,4.972135954999575,4.972135954999575
43,clifford,10,median_of_means,6,1000,-8.490210843373461,-3.518074888373884,3.518074888373884
43,clifford,10,median_of_means,6,3000,-5.6374999999999815,-0.6653640450004046,0.6653640450004046
43,clifford,10,median_of_means,6,5000,-4.460534213685456,0.511601741314121,0.511601741314121
43,clifford,10,median_of_means,6,10000,-5.3834033613445165,-0.4112674063449395,0.4112674063449395
43,clifford,10,median_of_means,6,15000,-6.149999999999977,-1.1778640450004003,1.1778640450004003
43,clifford,10,median_of_means,6,20000,-5.650877587758754,-0.6787416327591771,0.6787416327591771
43,clifford,10,median_of_means,6,25000,-5.628150504080631,-0.6560145490810543,0.6560145490810543
43,clifford,10,median_of_means,6,30000,-6.201249999999977,-1.2291140450004,1.2291140450004
43,clifford,10,median_of_means,6,35000,-5.820868335333426,-0.8487323803338489,0.8487323803338489
43,clifford,10,median_of_means,6,40000,-6.342821782178195,-1.370685827178618,1.370685827178618
43,clifford,10,median_of_means,6,45000,-5.398333333333314,-0.42619737833373694,0.42619737833373694
43,clifford,10,median_of_means,6,50000,-5.30458718348732,-0.3324512284877432,0.3324512284877432
43,seeqst_uniform,10,median_of_means,6,10,0.0,4.972135954999577,4.972135954999577
43,seeqst_uniform,10,median_of_means,6,30,0.0,4.972135954999577,4.972135954999577
43,seeqst_uniform,10,median_of_means,6,100,0.0,4.972135954999577,4.972135954999577
43,seeqst_uniform,10,median_of_means,6,300,0.0,4.972135954999577,4.972135954999577
43,seeqst_uniform,10,median_of_means,6,1000,-3.0843373493975905,1.8877986056019864,1.8877986056019864
43,seeqst_uniform,10,median_of_means,6,3000,-1.024,3.948135954999577,3.948135954999577
43,seeqst_uniform,10,median_of_means,6,5000,-0.6146458583433373,4.35749009665624,4.35749009665624
43,seeqst_uniform,10,median_of_means,6,10000,-3.3805522208883554,1.5915837341112216,1.5915837341112216
43,seeqst_uniform,10,median_of_means,6,15000,-5.5296,-0.5574640450004233,0.5574640450004233
43,seeqst_uniform,10,median_of_means,6,20000,-5.222922292229223,-0.2507863372296457,0.2507863372296457
43,seeqst_uniform,10,median_of_means,6,25000,-4.6701872299567935,0.3019487250427835,0.3019487250427835
43,seeqst_uniform,10,median_of_means,6,30000,-6.3488,-1.3766640450004228,1.3766640450004228
43,seeqst_uniform,10,median_of_means,6,35000,-5.178810217726728,-0.20667426272715073,0.20667426272715073
43,seeqst_uniform,10,median_of_means,6,40000,-5.069306930693069,-0.09717097569349242,0.09717097569349242
43,seeqst_uniform,10,median_of_means,6,45000,-5.802666666666667,-0.8305307116670901,0.8305307116670901
43,seeqst_uniform,10,median_of_means,6,50000,-5.468378735149406,-0.4962427801498288,0.4962427801498288
43,seeqst_binomial_q0.09091,10,median_of_means,6,10,0.0,4.972135954999577,4.972135954999577
43,seeqst_binomial_q0.09091,10,median_of_means,6,30,0.0,4.972135954999577,4.972135954999577
43,seeqst_binomial_q0.09091,10,median_of_means,6,100,-8.10544518878515,-3.1333092337855737,3.1333092337855737
43,seeqst_binomial_q0.09091,10,median_of_means,6,300,-2.593742460411248,2.378393494588329,2.378393494588329
43,seeqst_binomial_q0.09091,10,median_of_means,6,1000,-4.687486374237196,0.2846495807623812,0.2846495807623812
43,seeqst_binomial_q0.09091,10,median_of_means,6,3000,-4.409362182699122,0.5627737723004547,0.5627737723004547
43,seeqst_binomial_q0.09091,10,median_of_means,6,5000,-4.981978315315723,-0.009842360316145715,0.009842360316145715
43,seeqst_binomial_q0.09091,10,median_of_means,6,10000,-4.748448081785298,0.22368787321427863,0.22368787321427863
43,seeqst_binomial_q0.09091,10,median_of_means,6,15000,-5.135610071614272,-0.1634741166146947,0.1634741166146947
43,seeqst_binomial_q0.09091,10,median_of_means,6,20000,-4.747023404893074,0.22511255010650277,0.22511255010650277
43,seeqst_binomial_q0.09091,10,median_of_means,6,25000,-5.043042229796234,-0.07090627479665734,0.07090627479665734
43,seeqst_binomial_q0.09091,10,median_of_means,6,30000,-4.979985523989596,-0.007849568990018874,0.007849568990018874
43,seeqst_binomial_q0.09091,10,median_of_means,6,35000,-4.824636669888916,0.14749928511066113,0.14749928511066113
43,seeqst_binomial_q0.09091,10,median_of_means,6,40000,-4.708113376984114,0.2640225780154628,0.2640225780154628
43,seeqst_binomial_q0.09091,10,median_of_means,6,45000,-5.0491519896005626,-0.0770160346009856,0.0770160346009856
43,seeqst_binomial_q0.09091,10,median_of_means,6,50000,-5.042437040521087,-0.07030108552151049,0.07030108552151049
43,seeqst_binomial_q0.5,10,median_of_means,6,10,0.0,4.972135954999577,4.972135954999577
43,seeqst_binomial_q0.5,10,median_of_means,6,30,0.0,4.972135954999577,4.972135954999577
43,seeqst_binomial_q0.5,10,median_of_means,6,100,0.0,4.972135954999577,4.972135954999577
43,seeqst_binomial_q0.5,10,median_of_means,6,300,0.0,4.972135954999577,4.972135954999577
43,seeqst_binomial_q0.5,10,median_of_means,6,1000,-6.168674698795181,-1.196538743795604,1.196538743795604
43,seeqst_binomial_q0.5,10,median_of_means,6,3000,-8.192,-3.2198640450004232,3.2198640450004232
43,seeqst_binomial_q0.5,10,median_of_means,6,5000,-5.531812725090036,-0.5596767700904595,0.5596767700904595
43,seeqst_binomial_q0.5,10,median_of_means,6,10000,-5.531812725090036,-0.5596767700904595,0.5596767700904595
43,seeqst_binomial_q0.5,10,median_of_means,6,15000,-4.9152,0.056935954999577376,0.056935954999577376
43,seeqst_binomial_q0.5,10,median_of_means,6,20000,-4.454845484548455,0.5172904704511216,0.5172904704511216
43,seeqst_binomial_q0.5,10,median_of_means,6,25000,-4.42438790206433,0.5477480529352468,0.5477480529352468
43,seeqst_binomial_q0.5,10,median_of_means,6,30000,-3.7888,1.1833359549995768,1.1833359549995768
43,seeqst_binomial_q0.5,10,median_of_means,6,35000,-4.1254928853077315,0.8466430696918454,0.8466430696918454
43,seeqst_binomial_q0.5,10,median_of_means,6,40000,-4.301230123012301,0.6709058319872758,0.6709058319872758
43,seeqst_binomial_q0.5,10,median_of_means,6,45000,-4.369066666666667,0.6030692883329101,0.6030692883329101
43,seeqst_binomial_q0.5,10,median_of_means,6,50000,-3.9937597503900157,0.9783762046095612,0.9783762046095612
43,seeqst_binomial_tuned,10,median_of_means,6,10,0.0,4.972135954999577,4.972135954999577
43,seeqst_binomial_tuned,10,median_of_means,6,30,0.0,4.972135954999577,4.972135954999577
43,seeqst_binomial_tuned,10,median_of_means,6,100,-13.969838619232174,-8.997702664232598,8.997702664232598
43,seeqst_binomial_tuned,10,median_of_means,6,300,-5.960464477539062,-0.9883285225394847,0.9883285225394847
43,seeqst_binomial_tuned,10,median_of_means,6,1000,-5.834792033735527,-0.8626560787359496,0.8626560787359496
43,seeqst_binomial_tuned,10,median_of_means,6,3000,-4.470348358154295,0.5017875968452818,0.5017875968452818
43,seeqst_binomial_tuned,10,median_of_means,6,5000,-5.456007399908203,-0.4838714449086261,0.4838714449086261
43,seeqst_binomial_tuned,10,median_of_means,6,10000,-5.321843283517017,-0.34970732851744035,0.34970732851744035
43,seeqst_binomial_tuned,10,median_of_means,6,15000,-4.857778549194334,0.11435740580524278,0.11435740580524278
43,seeqst_binomial_tuned,10,median_of_means,6,20000,-4.850813049902401,0.12132290509717603,0.12132290509717603
43,seeqst_binomial_tuned,10,median_of_means,6,25000,-4.989707120839528,-0.017571165839950886,0.017571165839950886
43,seeqst_binomial_tuned,10,median_of_means,6,30000,-5.066394805908201,-0.0942588509086244,0.0942588509086244
43,seeqst_binomial_tuned,10,median_of_means,6,35000,-5.160354125076676,-0.18821817007709907,0.18821817007709907
43,seeqst_binomial_tuned,10,median_of_means,6,40000,-5.4431934453973945,-0.4710574903978175,0.4710574903978175
43,seeqst_binomial_tuned,10,median_of_means,6,45000,-5.3644180297851545,-0.39228207478557753,0.39228207478557753
43,seeqst_binomial_tuned,10,median_of_means,6,50000,-5.132165201769201,-0.16002924676962405,0.16002924676962405
44,pauli,10,median_of_means,6,10,-4.499999999999999,0.47213595499957783,0.47213595499957783
44,pauli,10,median_of_means,6,30,-4.499999999999998,0.4721359549995787,0.4721359549995787
44,pauli,10,median_of_means,6,100,-3.3046874999999982,1.6674484549995787,1.6674484549995787
44,pauli,10,median_of_means,6,300,-1.9124999999999985,3.059635954999578,3.059635954999578
44,pauli,10,median_of_means,6,1000,-7.6106927710843335,-2.6385568160847566,2.6385568160847566
44,pauli,10,median_of_means,6,3000,-5.881499999999997,-0.9093640450004203,0.9093640450004203
44,pauli,10,median_of_means,6,5000,-5.893757503001197,-0.9216215480016201,0.9216215480016201
44,pauli,10,median_of_means,6,10000,-5.7492496998799485,-0.7771137448803715,0.7771137448803715
44,pauli,10,median_of_means,6,15000,-4.911299999999997,0.06083595499957983,0.06083595499957983
44,pauli,10,median_of_means,6,20000,-4.679567956795677,0.2925679982039,0.2925679982039
44,pauli,10,median_of_means,6,25000,-4.742498799807967,0.2296371551916101,0.2296371551916101
44,pauli,10,median_of_means,6,30000,-4.654349999999997,0.3177859549995796,0.3177859549995796
44,pauli,10,median_of_means,6,35000,-5.244471112635005,-0.27233515763542826,0.27233515763542826
44,pauli,10,median_of_means,6,40000,-4.9349122412241195,0.03722371377545741,0.03722371377545741
44,pauli,10,median_of_means,6,45000,-4.948349999999998,0.02378595499957914,0.02378595499957914
44,pauli,10,median_of_means,6,50000,-5.815627625105002,-0.8434916701054247,0.8434916701054247
44,clifford,10,median_of_means,6,10,1.3335686721571685e-15,4.972135954999579,4.972135954999579
44,clifford,10,median_of_means,6,30,1.97823430479223e-15,4.972135954999579,4.972135954999579
44,clifford,10,median_of_means,6,100,-2.164979739971249e-14,4.972135954999556,4.972135954999556
44,clifford,10,median_of_means,6,300,-12.812499999999954,-7.840364045000377,7.840364045000377
44,clifford,10,median_of_means,6,1000,-7.718373493975873,-2.7462375389762963,2.7462375389762963
44,clifford,10,median_of_means,6,3000,-4.099999999999991,0.8721359549995862,0.8721359549995862
44,clifford,10,median_of_means,6,5000,-4.921968787514992,0.050167167484585384,0.050167167484585384
44,clifford,10,median_of_means,6,10000,-5.614120648259283,-0.6419846932597064,0.6419846932597064
44,clifford,10,median_of_means,6,15000,-5.739999999999979,-0.767864045000402,0.767864045000402
44,clifford,10,median_of_means,6,20000,-4.651402640264011,0.3207333147355662,0.3207333147355662
44,clifford,10,median_of_means,6,25000,-4.736257801248184,0.23587815375139254,0.23587815375139254
44,clifford,10,median_of_means,6,30000,-5.150624999999982,-0.17848904500040508,0.17848904500040508
44,clifford,10,median_of_means,6,35000,-4.415073718498185,0.557062236501392,0.557062236501392
44,clifford,10,median_of_means,6,40000,-4.516857935793565,0.45527801920601174,0.45527801920601174
44,clifford,10,median_of_means,6,45000,-4.9712499999999835,0.0008859549995934302,0.0008859549995934302
44,clifford,10,median_of_means,6,50000,-5.012450498019902,-0.04031454302032511,0.04031454302032511
44,seeqst_uniform,10,median_of_means,6,10,0.0,4.972135954999577,4.972135954999577
44,seeqst_uniform,10,median_of_means,6,30,0.0,4.972135954999577,4.972135954999577
44,seeqst_uniform,10,median_of_means,6,100,0.0,4.972135954999577,4.972135954999577
44,seeqst_uniform,10,median_of_means,6,300,0.0,4.972135954999577,4.972135954999577
44,seeqst_uniform,10,median_of_means,6,1000,-6.168674698795181,-1.196538743795604,1.196538743795604
44,seeqst_uniform,10,median_of_means,6,3000,-1.024,3.948135954999577,3.948135954999577
44,seeqst_uniform,10,median_of_means,6,5000,-5.531812725090036,-0.5596767700904595,0.5596767700904595
44,seeqst_uniform,10,median_of_means,6,10000,-3.9951980792316926,0.9769378757678844,0.9769378757678844
44,seeqst_uniform,10,median_of_means,6,15000,-2.4576,2.514535954999577,2.514535954999577
44,seeqst_uniform,10,median_of_means,6,20000,-2.3042304230423043,2.6679055319572726,2.6679055319572726
44,seeqst_uniform,10,median_of_means,6,25000,-4.055688910225636,0.9164470447739408,0.9164470447739408
44,seeqst_uniform,10,median_of_means,6,30000,-4.1983999999999995,0.7737359549995775,0.7737359549995775
44,seeqst_uniform,10,median_of_means,6,35000,-3.5110577747299847,1.4610781802695922,1.4610781802695922
44,seeqst_uniform,10,median_of_means,6,40000,-3.993999399939994,0.9781365550595829,0.9781365550595829
44,seeqst_uniform,10,median_of_means,6,45000,-4.642133333333334,0.3300026216662433,0.3300026216662433
44,seeqst_uniform,10,median_of_means,6,50000,-4.423856954278172,0.5482790007214051,0.5482790007214051
44,seeqst_binomial_q0.09091,10,median_of_means,6,10,0.0,4.972135954999577,4.972135954999577
44,seeqst_binomial_q0.09091,10,median_of_means,6,30,0.0,4.972135954999577,4.972135954999577
44,seeqst_binomial_q0.09091,10,median_of_means,6,100,0.0,4.972135954999577,4.972135954999577
44,seeqst_binomial_q0.09091,10,median_of_means,6,300,-5.187484920822496,-0.21534896582291907,0.21534896582291907
44,seeqst_binomial_q0.09091,10,median_of_means,6,1000,-3.12499091615813,1.8471450388414468,1.8471450388414468
44,seeqst_binomial_q0.09091,10,median_of_means,6,3000,-4.409362182699121,0.5627737723004556,0.5627737723004556
44,seeqst_binomial_q0.09091,10,median_of_means,6,5000,-5.760412427083805,-0.7882764720842284,0.7882764720842284
44,seeqst_binomial_q0.09091,10,median_of_means,6,10000,-5.371195371199764,-0.3990594162001875,0.3990594162001875
44,seeqst_binomial_q0.09091,10,median_of_means,6,15000,-4.7724861271566965,0.19964982784288043,0.19964982784288043
44,seeqst_binomial_q0.09091,10,median_of_means,6,20000,-4.552473265348276,0.41966268965130116,0.41966268965130116
44,seeqst_binomial_q0.09091,10,median_of_means,6,25000,-5.416600913484844,-0.4444649584852671,0.4444649584852671
44,seeqst_binomial_q0.09091,10,median_of_means,6,30000,-5.239359770030722,-0.26722381503114523,0.26722381503114523
44,seeqst_binomial_q0.09091,10,median_of_means,6,35000,-5.202603597944729,-0.2304676429451522,0.2304676429451522
44,seeqst_binomial_q0.09091,10,median_of_means,6,40000,-5.525223963072267,-0.5530880080726899,0.5530880080726899
44,seeqst_binomial_q0.09091,10,median_of_means,6,45000,-5.2912346192389474,-0.3190986642393705,0.3190986642393705
44,seeqst_binomial_q0.09091,10,median_of_means,6,50000,-5.0735631950922055,-0.1014272400926286,0.1014272400926286
44,seeqst_binomial_q0.5,10,median_of_means,6,10,0.0,4.972135954999577,4.972135954999577
44,seeqst_binomial_q0.5,10,median_of_means,6,30,0.0,4.972135954999577,4.972135954999577
44,seeqst_binomial_q0.5,10,median_of_means,6,100,0.0,4.972135954999577,4.972135954999577
44,seeqst_binomial_q0.5,10,median_of_means,6,300,0.0,4.972135954999577,4.972135954999577
44,seeqst_binomial_q0.5,10,median_of_means,6,1000,-3.0843373493975905,1.8877986056019864,1.8877986056019864
44,seeqst_binomial_q0.5,10,median_of_means,6,3000,-4.096,0.8761359549995769,0.8761359549995769
44,seeqst_binomial_q0.5,10,median_of_means,6,5000,-4.302521008403361,0.6696149465962158,0.6696149465962158
44,seeqst_binomial_q0.5,10,median_of_means,6,10000,-3.9951980792316926,0.9769378757678844,0.9769378757678844
44,seeqst_binomial_q0.5,10,median_of_means,6,15000,-5.5296,-0.5574640450004233,0.5574640450004233
44,seeqst_binomial_q0.5,10,median_of_means,6,20000,-4.454845484548454,0.5172904704511225,0.5172904704511225
44,seeqst_binomial_q0.5,10,median_of_means,6,25000,-5.28468554968795,-0.31254959468837296,0.31254959468837296
44,seeqst_binomial_q0.5,10,median_of_means,6,30000,-5.4272,-0.4550640450004231,0.4550640450004231
44,seeqst_binomial_q0.5,10,median_of_means,6,35000,-4.213269329675981,0.7588666253235958,0.7588666253235958
44,seeqst_binomial_q0.5,10,median_of_means,6,40000,-3.993999399939994,0.9781365550595829,0.9781365550595829
44,seeqst_binomial_q0.5,10,median_of_means,6,45000,-3.8912,1.080935954999577,1.080935954999577
44,seeqst_binomial_q0.5,10,median_of_means,6,50000,-4.055202208088323,0.916933746911254,0.916933746911254
44,seeqst_binomial_tuned,10,median_of_means,6,10,0.0,4.972135954999577,4.972135954999577
44,seeqst_binomial_tuned,10,median_of_means,6,30,0.0,4.972135954999577,4.972135954999577
44,seeqst_binomial_tuned,10,median_of_means,6,100,0.0,4.972135954999577,4.972135954999577
44,seeqst_binomial_tuned,10,median_of_means,6,300,-2.980232238769531,1.9919037162300461,1.9919037162300461
44,seeqst_binomial_tuned,10,median_of_means,6,1000,-3.14181109508836,1.830324859911217,1.830324859911217
44,seeqst_binomial_tuned,10,median_of_means,6,3000,-4.619359970092772,0.3527759849068053,0.3527759849068053
44,seeqst_binomial_tuned,10,median_of_means,6,5000,-4.203808980257141,0.7683269747424362,0.7683269747424362
44,seeqst_binomial_tuned,10,median_of_means,6,10000,-4.159087608126746,0.8130483468728311,0.8130483468728311
44,seeqst_binomial_tuned,10,median_of_means,6,15000,-4.351139068603514,0.6209968863960631,0.6209968863960631
44,seeqst_binomial_tuned,10,median_of_means,6,20000,-4.537857369263536,0.43427858573604095,0.43427858573604095
44,seeqst_binomial_tuned,10,median_of_means,6,25000,-4.757211806965285,0.21492414803429227,0.21492414803429227
44,seeqst_binomial_tuned,10,median_of_means,6,30000,-4.619359970092772,0.3527759849068053,0.3527759849068053
44,seeqst_binomial_tuned,10,median_of_means,6,35000,-4.483376975004736,0.48875897999484064,0.48875897999484064
44,seeqst_binomial_tuned,10,median_of_means,6,40000,-4.917874981467872,0.054260973531705226,0.054260973531705226
44,seeqst_binomial_tuned,10,median_of_means,6,45000,-4.738569259643553,0.23356669535602403,0.23356669535602403
44,seeqst_binomial_tuned,10,median_of_means,6,50000,-4.962285168958026,0.009850786041551096,0.009850786041551096
45,pauli,10,median_of_means,6,10,-5.624999999999998,-0.6528640450004213,0.6528640450004213
45,pauli,10,median_of_means,6,30,-9.89999999999999,-4.927864045000413,4.927864045000413
45,pauli,10,median_of_means,6,100,-8.718749999999996,-3.7466140450004195,3.7466140450004195
45,pauli,10,median_of_means,6,300,-8.212499999999995,-3.240364045000418,3.240364045000418
45,pauli,10,median_of_means,6,1000,-5.746987951807224,-0.774851996807647,0.774851996807647
45,pauli,10,median_of_means,6,3000,-5.343749999999996,-0.3716140450004186,0.3716140450004186
45,pauli,10,median_of_means,6,5000,-3.932773109243695,1.039362845755882,1.039362845755882
45,pauli,10,median_of_means,6,10000,-4.460834333733491,0.5113016212660861,0.5113016212660861
45,pauli,10,median_of_means,6,15000,-5.6245499999999975,-0.6524140450004206,0.6524140450004206
45,pauli,10,median_of_means,6,20000,-4.703870387038701,0.2682655679608761,0.2682655679608761
45,pauli,10,median_of_means,6,25000,-3.911845895343253,1.060290059656324,1.060290059656324
45,pauli,10,median_of_means,6,30000,-4.338674999999998,0.6334609549995793,0.6334609549995793
45,pauli,10,median_of_means,6,35000,-4.210312017829588,0.7618239371699893,0.7618239371699893
45,pauli,10,median_of_means,6,40000,-4.344059405940592,0.628076549058985,0.628076549058985
45,pauli,10,median_of_means,6,45000,-5.434349999999998,-0.4622140450004206,0.4622140450004206
45,pauli,10,median_of_means,6,50000,-5.318807752310089,-0.34667179731051245,0.34667179731051245
45,clifford,10,median_of_means,6,10,-5.334274688628682e-15,4.972135954999572,4.972135954999572
45,clifford,10,median_of_means,6,30,-4.194827369124043e-15,4.9721359549995725,4.9721359549995725
45,clifford,10,median_of_means,6,100,-5.21902812620964e-15,4.972135954999572,4.972135954999572
45,clifford,10,median_of_means,6,300,-5.124999999999988,-0.15286404500041062,0.15286404500041062
45,clifford,10,median_of_means,6,1000,-4.631024096385526,0.3411118586140507,0.3411118586140507
45,clifford,10,median_of_means,6,3000,-3.074999999999989,1.8971359549995879,1.8971359549995879
45,clifford,10,median_of_means,6,5000,-3.8452881152460843,1.1268478397534927,1.1268478397534927
45,clifford,10,median_of_means,6,10000,-5.229591836734677,-0.25745588173510026,0.25745588173510026
45,clifford,10,median_of_means,6,15000,-5.278749999999978,-0.30661404500040135,0.30661404500040135
45,clifford,10,median_of_means,6,20000,-4.958933393339315,0.013202561660262013,0.013202561660262013
45,clifford,10,median_of_means,6,25000,-4.797767642822835,0.17436831217674165,0.17436831217674165
45,clifford,10,median_of_means,6,30000,-6.175624999999977,-1.2034890450004,1.2034890450004
45,clifford,10,median_of_means,6,35000,-5.5792473855648685,-0.6071114305652916,0.6071114305652916
45,clifford,10,median_of_means,6,40000,-5.055036753675347,-0.08290079867577038,0.08290079867577038
45,clifford,10,median_of_means,6,45000,-5.193333333333314,-0.22119737833373687,0.22119737833373687
45,clifford,10,median_of_means,6,50000,-5.366089643585724,-0.393953688586147,0.393953688586147
45,seeqst_uniform,10,median_of_means,6,10,0.0,4.972135954999577,4.972135954999577
45,seeqst_uniform,10,median_of_means,6,30,0.0,4.972135954999577,4.972135954999577
45,seeqst_uniform,10,median_of_means,6,100,0.0,4.972135954999577,4.972135954999577
45,seeqst_uniform,10,median_of_means,6,300,-10.24,-5.267864045000423,5.267864045000423
45,seeqst_uniform,10,median_of_means,6,1000,-3.0843373493975905,1.8877986056019864,1.8877986056019864
45,seeqst_uniform,10,median_of_means,6,3000,-5.12,-0.14786404500042316,0.14786404500042316
45,seeqst_uniform,10,median_of_means,6,5000,-4.917166866746699,0.05496908825287772,0.05496908825287772
45,seeqst_uniform,10,median_of_means,6,10000,-4.60984393757503,0.3622920174245472,0.3622920174245472
45,seeqst_uniform,10,median_of_means,6,15000,-5.9392,-0.9670640450004226,0.9670640450004226
45,seeqst_uniform,10,median_of_means,6,20000,-4.454845484548455,0.5172904704511216,0.5172904704511216
45,seeqst_uniform,10,median_of_means,6,25000,-5.653384541526645,-0.6812485865270679,0.6812485865270679
45,seeqst_uniform,10,median_of_means,6,30000,-5.2224,-0.25026404500042343,0.25026404500042343
45,seeqst_uniform,10,median_of_means,6,35000,-5.705468883936225,-0.7333329289366484,0.7333329289366484
45,seeqst_uniform,10,median_of_means,6,40000,-5.683768376837683,-0.7116324218381065,0.7116324218381065
45,seeqst_uniform,10,median_of_means,6,45000,-5.666133333333333,-0.6939973783337559,0.6939973783337559
45,seeqst_uniform,10,median_of_means,6,50000,-5.468378735149406,-0.4962427801498288,0.4962427801498288
45,seeqst_binomial_q0.09091,10,median_of_means,6,10,0.0,4.972135954999577,4.972135954999577
45,seeqst_binomial_q0.09091,10,median_of_means,6,30,0.0,4.972135954999577,4.972135954999577
45,seeqst_binomial_q0.09091,10,median_of_means,6,100,-8.10544518878515,-3.1333092337855737,3.1333092337855737
45,seeqst_binomial_q0.09091,10,median_of_means,6,300,-7.7812273812337445,-2.8090914262341675,2.8090914262341675
45,seeqst_binomial_q0.09091,10,median_of_means,6,1000,-10.156220477513923,-5.184084522514346,5.184084522514346
45,seeqst_binomial_q0.09091,10,median_of_means,6,3000,-5.4468591668636215,-0.47472321186404454,0.47472321186404454
45,seeqst_binomial_q0.09091,10,median_of_means,6,5000,-4.6706046706084905,0.30153128439108645,0.30153128439108645
45,seeqst_binomial_q0.09091,10,median_of_means,6,10000,-4.904134904138914,0.06800105086066299,0.06800105086066299
45,seeqst_binomial_q0.09091,10,median_of_means,6,15000,-5.602483714488296,-0.6303477594887195,0.6303477594887195
45,seeqst_binomial_q0.09091,10,median_of_means,6,20000,-5.097213656073709,-0.12507770107413219,0.12507770107413219
45,seeqst_binomial_q0.09091,10,median_of_means,6,25000,-5.043042229796234,-0.07090627479665734,0.07090627479665734
45,seeqst_binomial_q0.09091,10,median_of_means,6,30000,-4.824360976364922,0.14777497863465516,0.14777497863465516
45,seeqst_binomial_q0.09091,10,median_of_means,6,35000,-4.7134699263430875,0.25866602865648947,0.25866602865648947
45,seeqst_binomial_q0.09091,10,median_of_means,6,40000,-4.844298474665473,0.12783748033410358,0.12783748033410358
45,seeqst_binomial_q0.09091,10,median_of_means,6,45000,-4.841652592767663,0.1304833622319137,0.1304833622319137
45,seeqst_binomial_q0.09091,10,median_of_means,6,50000,-5.2291939679477935,-0.2570580129482165,0.2570580129482165
45,seeqst_binomial_q0.5,10,median_of_means,6,10,0.0,4.972135954999577,4.972135954999577
45,seeqst_binomial_q0.5,10,median_of_means,6,30,0.0,4.972135954999577,4.972135954999577
45,seeqst_binomial_q0.5,10,median_of_means,6,100,0.0,4.972135954999577,4.972135954999577
45,seeqst_binomial_q0.5,10,median_of_means,6,300,0.0,4.972135954999577,4.972135954999577
45,seeqst_binomial_q0.5,10,median_of_means,6,1000,-6.168674698795181,-1.196538743795604,1.196538743795604
45,seeqst_binomial_q0.5,10,median_of_means,6,3000,-3.072,1.9001359549995769,1.9001359549995769
45,seeqst_binomial_q0.5,10,median_of_means,6,5000,-4.917166866746698,0.054969088252878606,0.054969088252878606
45,seeqst_binomial_q0.5,10,median_of_means,6,10000,-4.609843937575031,0.3622920174245463,0.3622920174245463
45,seeqst_binomial_q0.5,10,median_of_means,6,15000,-4.096,0.8761359549995769,0.8761359549995769
45,seeqst_binomial_q0.5,10,median_of_means,6,20000,-4.301230123012301,0.6709058319872758,0.6709058319872758
45,seeqst_binomial_q0.5,10,median_of_means,6,25000,-4.178588574171868,0.7935473808277091,0.7935473808277091
45,seeqst_binomial_q0.5,10,median_of_means,6,30000,-4.1983999999999995,0.7737359549995775,0.7737359549995775
45,seeqst_binomial_q0.5,10,median_of_means,6,35000,-5.091033773358478,-0.11889781835890112,0.11889781835890112
45,seeqst_binomial_q0.5,10,median_of_means,6,40000,-4.762076207620762,0.21005974737881505,0.21005974737881505
45,seeqst_binomial_q0.5,10,median_of_means,6,45000,-4.505599999999999,0.46653595499957756,0.46653595499957756
45,seeqst_binomial_q0.5,10,median_of_means,6,50000,-5.222608904356174,-0.25047294935659714,0.25047294935659714
45,seeqst_binomial_tuned,10,median_of_means,6,10,0.0,4.972135954999577,4.972135954999577
45,seeqst_binomial_tuned,10,median_of_means,6,30,0.0,4.972135954999577,4.972135954999577
45,seeqst_binomial_tuned,10,median_of_means,6,100,-4.656612873077392,0.31552308192218526,0.31552308192218526
45,seeqst_binomial_tuned,10,median_of_means,6,300,-4.470348358154295,0.5017875968452818,0.5017875968452818
45,seeqst_binomial_tuned,10,median_of_means,6,1000,-4.039471407970749,0.9326645470288275,0.9326645470288275
45,seeqst_binomial_tuned,10,median_of_means,6,3000,-4.917383193969725,0.05475276102985216,0.05475276102985216
45,seeqst_binomial_tuned,10,median_of_means,6,5000,-5.0982364228650425,-0.12610046786546558,0.12610046786546558
45,seeqst_binomial_tuned,10,median_of_means,6,10000,-4.606301329430697,0.3658346255688798,0.3658346255688798
45,seeqst_binomial_tuned,10,median_of_means,6,15000,-4.649162292480467,0.32297366251910997,0.32297366251910997
45,seeqst_binomial_tuned,10,median_of_means,6,20000,-4.604919300829007,0.36721665417057014,0.36721665417057014
45,seeqst_binomial_tuned,10,median_of_means,6,25000,-4.775096061878688,0.19703989312088854,0.19703989312088854
45,seeqst_binomial_tuned,10,median_of_means,6,30000,-4.872679710388182,0.09945624461139513,0.09945624461139513
45,seeqst_binomial_tuned,10,median_of_means,6,35000,-5.109261509976908,-0.13712555497733092,0.13712555497733092
45,seeqst_binomial_tuned,10,median_of_means,6,40000,-5.018467878816078,-0.046331923816500975,0.046331923816500975
45,seeqst_binomial_tuned,10,median_of_means,6,45000,-5.165735880533852,-0.19359992553427485,0.19359992553427485
45,seeqst_binomial_tuned,10,median_of_means,6,50000,-4.854992516656231,0.11714343834334606,0.11714343834334606
46,pauli,10,median_of_means,6,10,1.124999999999997,6.097135954999574,6.097135954999574
46,pauli,10,median_of_means,6,30,-1.5749999999999993,3.3971359549995777,3.3971359549995777
46,pauli,10,median_of_means,6,100,-5.624999999999997,-0.6528640450004204,0.6528640450004204
46,pauli,10,median_of_means,6,300,-8.684999999999993,-3.7128640450004164,3.7128640450004164
46,pauli,10,median_of_means,6,1000,-3.300451807228914,1.6716841477706628,1.6716841477706628
46,pauli,10,median_of_means,6,3000,-3.370499999999998,1.601635954999579,1.601635954999579
46,pauli,10,median_of_means,6,5000,-3.127851140456181,1.8442848145433959,1.8442848145433959
46,pauli,10,median_of_means,6,10000,-3.202806122448978,1.769329832550599,1.769329832550599
46,pauli,10,median_of_means,6,15000,-4.435649999999997,0.5364859549995797,0.5364859549995797
46,pauli,10,median_of_means,6,20000,-5.287803780378036,-0.3156678253784593,0.3156678253784593
46,pauli,10,median_of_means,6,25000,-6.967114738358134,-1.9949787833585573,1.9949787833585573
46,pauli,10,median_of_means,6,30000,-5.827499999999997,-0.8553640450004201,0.8553640450004201
46,pauli,10,median_of_means,6,35000,-5.292302417280984,-0.3201664622814073,0.3201664622814073
46,pauli,10,median_of_means,6,40000,-6.234079657965793,-1.2619437029662164,1.2619437029662164
46,pauli,10,median_of_means,6,45000,-4.983449999999998,-0.01131404500042077,0.01131404500042077
46,pauli,10,median_of_means,6,50000,-5.039481579263168,-0.06734562426359147,0.06734562426359147
46,clifford,10,median_of_means,6,10,4.445228907190567e-16,4.972135954999578,4.972135954999578
46,clifford,10,median_of_means,6,30,3.3504959512045483e-15,4.9721359549995805,4.9721359549995805
46,clifford,10,median_of_means,6,100,-8.007812499999973,-3.0356765450003964,3.0356765450003964
46,clifford,10,median_of_means,6,300,-2.5624999999999982,2.4096359549995787,2.4096359549995787
46,clifford,10,median_of_means,6,1000,-1.5436746987951804,3.428461256204397,3.428461256204397
46,clifford,10,median_of_means,6,3000,-4.099999999999989,0.872135954999588,0.872135954999588
46,clifford,10,median_of_means,6,5000,-3.8452881152460847,1.1268478397534922,1.1268478397534922
46,clifford,10,median_of_means,6,10000,-3.6145708283313223,1.3575651266682547,1.3575651266682547
46,clifford,10,median_of_means,6,15000,-3.7924999999999898,1.1796359549995872,1.1796359549995872
46,clifford,10,median_of_means,6,20000,-4.382313231323118,0.589822723676459,0.589822723676459
46,clifford,10,median_of_means,6,25000,-3.967384781565038,1.004751173434539,1.004751173434539
46,clifford,10,median_of_means,6,30000,-4.612499999999985,0.3596359549995922,0.3596359549995922
46,clifford,10,median_of_means,6,35000,-4.437039259386236,0.5350966956133414,0.5350966956133414
46,clifford,10,median_of_means,6,40000,-4.343871887188705,0.6282640678108722,0.6282640678108722
46,clifford,10,median_of_means,6,45000,-4.134166666666653,0.837969288332924,0.837969288332924
46,clifford,10,median_of_means,6,50000,-4.520430817232674,0.45170513776690324,0.45170513776690324
46,seeqst_uniform,10,median_of_means,6,10,0.0,4.972135954999577,4.972135954999577
46,seeqst_uniform,10,median_of_means,6,30,0.0,4.972135954999577,4.972135954999577
46,seeqst_uniform,10,median_of_means,6,100,0.0,4.972135954999577,4.972135954999577
46,seeqst_uniform,10,median_of_means,6,300,0.0,4.972135954999577,4.972135954999577
46,seeqst_uniform,10,median_of_means,6,1000,-3.0843373493975905,1.8877986056019864,1.8877986056019864
46,seeqst_uniform,10,median_of_means,6,3000,-3.072,1.9001359549995769,1.9001359549995769
46,seeqst_uniform,10,median_of_means,6,5000,-5.531812725090036,-0.5596767700904595,0.5596767700904595
46,seeqst_uniform,10,median_of_means,6,10000,-4.609843937575031,0.3622920174245463,0.3622920174245463
46,seeqst_uniform,10,median_of_means,6,15000,-4.9152,0.056935954999577376,0.056935954999577376
46,seeqst_uniform,10,median_of_means,6,20000,-5.53015301530153,-0.5580170603019532,0.5580170603019532
46,seeqst_uniform,10,median_of_means,6,25000,-4.793086893903025,0.17904906109655183,0.17904906109655183
46,seeqst_uniform,10,median_of_means,6,30000,-5.0176,-0.04546404500042289,0.04546404500042289
46,seeqst_uniform,10,median_of_means,6,35000,-4.915480884621978,0.05665507037759898,0.05665507037759898
46,seeqst_uniform,10,median_of_means,6,40000,-4.378037803780378,0.5940981512191987,0.5940981512191987
46,seeqst_uniform,10,median_of_means,6,45000,-4.505599999999999,0.46653595499957756,0.46653595499957756
46,seeqst_uniform,10,median_of_means,6,50000,-5.099723988959559,-0.12758803395998175,0.12758803395998175
46,seeqst_binomial_q0.09091,10,median_of_means,6,10,0.0,4.972135954999577,4.972135954999577
46,seeqst_binomial_q0.09091,10,median_of_means,6,30,0.0,4.972135954999577,4.972135954999577
46,seeqst_binomial_q0.09091,10,median_of_means,6,100,0.0,4.972135954999577,4.972135954999577
46,seeqst_binomial_q0.09091,10,median_of_means,6,300,-2.593742460411248,2.378393494588329,2.378393494588329
46,seeqst_binomial_q0.09091,10,median_of_means,6,1000,-3.906238645197663,1.065897309801914,1.065897309801914
46,seeqst_binomial_q0.09091,10,median_of_means,6,3000,-4.668736428740247,0.3033995262593301,0.3033995262593301
46,seeqst_binomial_q0.09091,10,median_of_means,6,5000,-4.826291492962107,0.14584446203746992,0.14584446203746992
46,seeqst_binomial_q0.09091,10,median_of_means,6,10000,-4.514917848254873,0.45721810674470387,0.45721810674470387
46,seeqst_binomial_q0.09091,10,median_of_means,6,15000,-4.7724861271566965,0.19964982784288043,0.19964982784288043
46,seeqst_binomial_q0.09091,10,median_of_means,6,20000,-4.630293321166194,0.34184263383338287,0.34184263383338287
46,seeqst_binomial_q0.09091,10,median_of_means,6,25000,-4.544963984878088,0.42717197012148933,0.42717197012148933
46,seeqst_binomial_q0.09091,10,median_of_means,6,30000,-4.746548702552585,0.22558725244699218,0.22558725244699218
46,seeqst_binomial_q0.09091,10,median_of_means,6,35000,-5.091436854398902,-0.11930089939932476,0.11930089939932476
46,seeqst_binomial_q0.09091,10,median_of_means,6,40000,-4.766478418847553,0.20565753615202365,0.20565753615202365
46,seeqst_binomial_q0.09091,10,median_of_means,6,45000,-4.6168615795320225,0.35527437546755447,0.35527437546755447
46,seeqst_binomial_q0.09091,10,median_of_means,6,50000,-4.684486262953232,0.2876496920463447,0.2876496920463447
46,seeqst_binomial_q0.5,10,median_of_means,6,10,0.0,4.972135954999577,4.972135954999577
46,seeqst_binomial_q0.5,10,median_of_means,6,30,0.0,4.972135954999577,4.972135954999577
46,seeqst_binomial_q0.5,10,median_of_means,6,100,0.0,4.972135954999577,4.972135954999577
46,seeqst_binomial_q0.5,10,median_of_means,6,300,0.0,4.972135954999577,4.972135954999577
46,seeqst_binomial_q0.5,10,median_of_means,6,1000,0.0,4.972135954999577,4.972135954999577
46,seeqst_binomial_q0.5,10,median_of_means,6,3000,-3.072,1.9001359549995769,1.9001359549995769
46,seeqst_binomial_q0.5,10,median_of_means,6,5000,-4.302521008403361,0.6696149465962158,0.6696149465962158
46,seeqst_binomial_q0.5,10,median_of_means,6,10000,-5.839135654261705,-0.866999699262128,0.866999699262128
46,seeqst_binomial_q0.5,10,median_of_means,6,15000,-5.3248,-0.3526640450004228,0.3526640450004228
46,seeqst_binomial_q0.5,10,median_of_means,6,20000,-5.837383738373838,-0.8652477833742607,0.8652477833742607
46,seeqst_binomial_q0.5,10,median_of_means,6,25000,-5.28468554968795,-0.31254959468837296,0.31254959468837296
46,seeqst_binomial_q0.5,10,median_of_means,6,30000,-4.7104,0.261735954999577,0.261735954999577
46,seeqst_binomial_q0.5,10,median_of_means,6,35000,-3.6866106634664835,1.2855252915330935,1.2855252915330935
46,seeqst_binomial_q0.5,10,median_of_means,6,40000,-4.224422442244224,0.7477135127553529,0.7477135127553529
46,seeqst_binomial_q0.5,10,median_of_means,6,45000,-4.983466666666667,-0.011330711667089766,0.011330711667089766
46,seeqst_binomial_q0.5,10,median_of_means,6,50000,-4.792511700468019,0.17962425453155806,0.17962425453155806
46,seeqst_binomial_tuned,10,median_of_means,6,10,0.0,4.972135954999577,4.972135954999577
46,seeqst_binomial_tuned,10,median_of_means,6,30,-14.901161193847653,-9.929025238848077,9.929025238848077
46,seeqst_binomial_tuned,10,median_of_means,6,100,-9.313225746154783,-4.341089791155206,4.341089791155206
46,seeqst_binomial_tuned,10,median_of_means,6,300,-4.470348358154295,0.5017875968452818,0.5017875968452818
46,seeqst_binomial_tuned,10,median_of_means,6,1000,-7.18128250305911,-2.2091465480595334,2.2091465480595334
46,seeqst_binomial_tuned,10,median_of_means,6,3000,-4.470348358154295,0.5017875968452818,0.5017875968452818
46,seeqst_binomial_tuned,10,median_of_means,6,5000,-5.366564655647413,-0.3944287006478362,0.3944287006478362
46,seeqst_binomial_tuned,10,median_of_means,6,10000,-4.606301329430696,0.3658346255688807,0.3658346255688807
46,seeqst_binomial_tuned,10,median_of_means,6,15000,-4.857778549194334,0.11435740580524278,0.11435740580524278
46,seeqst_binomial_tuned,10,median_of_means,6,20000,-4.806105095525419,0.16603085947415774,0.16603085947415774
46,seeqst_binomial_tuned,10,median_of_means,6,25000,-4.9360543560993175,0.036081598900259415,0.036081598900259415
46,seeqst_binomial_tuned,10,median_of_means,6,30000,-5.066394805908201,-0.0942588509086244,0.0942588509086244
46,seeqst_binomial_tuned,10,median_of_means,6,35000,-5.147580971301735,-0.1754450163021577,0.1754450163021577
46,seeqst_binomial_tuned,10,median_of_means,6,40000,-4.850813049902401,0.12132290509717603,0.12132290509717603
46,seeqst_binomial_tuned,10,median_of_means,6,45000,-4.907449086507159,0.06468686849241756,0.06468686849241756
46,seeqst_binomial_tuned,10,median_of_means,6,50000,-4.810287244863816,0.16184871013576085,0.16184871013576085
47,pauli,10,median_of_means,6,10,-6.749999999999995,-1.7778640450004177,1.7778640450004177
47,pauli,10,median_of_means,6,30,-4.949999999999996,0.02213595499958121,0.02213595499958121
47,pauli,10,median_of_means,6,100,-4.078124999999994,0.8940109549995832,0.8940109549995832
47,pauli,10,median_of_means,6,300,-7.402499999999996,-2.4303640450004194,2.4303640450004194
47,pauli,10,median_of_means,6,1000,-4.669427710843371,0.30270824415620634,0.30270824415620634
47,pauli,10,median_of_means,6,3000,-4.567499999999996,0.4046359549995806,0.4046359549995806
47,pauli,10,median_of_means,6,5000,-4.166416566626648,0.8057193883729292,0.8057193883729292
47,pauli,10,median_of_means,6,10000,-2.366821728691475,2.605314226308102,2.605314226308102
47,pauli,10,median_of_means,6,15000,-2.9339999999999984,2.0381359549995786,2.0381359549995786
47,pauli,10,median_of_means,6,20000,-2.750562556255624,2.2215733987439528,2.2215733987439528
47,pauli,10,median_of_means,6,25000,-2.9318590974555914,2.0402768575439856,2.0402768575439856
47,pauli,10,median_of_means,6,30000,-2.9598749999999976,2.0122609549995794,2.0122609549995794
47,pauli,10,median_of_means,6,35000,-2.99234956283216,1.979786392167417,1.979786392167417
47,pauli,10,median_of_means,6,40000,-2.867686768676866,2.104449186322711,2.104449186322711
47,pauli,10,median_of_means,6,45000,-3.513749999999998,1.4583859549995788,1.4583859549995788
47,pauli,10,median_of_means,6,50000,-3.701443057722307,1.2706928972772698,1.2706928972772698
47,clifford,10,median_of_means,6,10,-8.574545122705955e-16,4.972135954999576,4.972135954999576
47,clifford,10,median_of_means,6,30,-25.62499999999992,-20.652864045000342,20.652864045000342
47,clifford,10,median_of_means,6,100,-16.01562499999995,-11.043489045000374,11.043489045000374
47,clifford,10,median_of_means,6,300,-2.5624999999999925,2.4096359549995845,2.4096359549995845
47,clifford,10,median_of_means,6,1000,-2.315512048192761,2.656623906806816,2.656623906806816
47,clifford,10,median_of_means,6,3000,-1.0249999999999972,3.9471359549995797,3.9471359549995797
47,clifford,10,median_of_means,6,5000,-1.845738295318124,3.126397659681453,3.126397659681453
47,clifford,10,median_of_means,6,10000,-4.306722689075615,0.665413265923962,0.665413265923962
47,clifford,10,median_of_means,6,15000,-4.919999999999984,0.052135954999593004,0.052135954999593004
47,clifford,10,median_of_means,6,20000,-4.99737473747373,-0.0252387824741529,0.0252387824741529
47,clifford,10,median_of_means,6,25000,-4.7977676428228335,0.17436831217674342,0.17436831217674342
47,clifford,10,median_of_means,6,30000,-4.868749999999983,0.10338595499959435,0.10338595499959435
47,clifford,10,median_of_means,6,35000,-4.942246699811399,0.029889255188177977,0.029889255188177977
47,clifford,10,median_of_means,6,40000,-4.70906465646563,0.26307129853394695,0.26307129853394695
47,clifford,10,median_of_means,6,45000,-4.91999999999998,0.05213595499959656,0.05213595499959656
47,clifford,10,median_of_means,6,50000,-4.5358064322572735,0.4363295227423034,0.4363295227423034
47,seeqst_uniform,10,median_of_means,6,10,0.0,4.972135954999577,4.972135954999577
47,seeqst_uniform,10,median_of_means,6,30,0.0,4.972135954999577,4.972135954999577
47,seeqst_uniform,10,median_of_means,6,100,0.0,4.972135954999577,4.972135954999577
47,seeqst_uniform,10,median_of_means,6,300,0.0,4.972135954999577,4.972135954999577
47,seeqst_uniform,10,median_of_means,6,1000,-6.168674698795181,-1.196538743795604,1.196538743795604
47,seeqst_uniform,10,median_of_means,6,3000,-5.12,-0.14786404500042316,0.14786404500042316
47,seeqst_uniform,10,median_of_means,6,5000,-6.146458583433374,-1.1743226284337966,1.1743226284337966
47,seeqst_uniform,10,median_of_means,6,10000,-5.224489795918368,-0.2523538409187909,0.2523538409187909
47,seeqst_uniform,10,median_of_means,6,15000,-4.9152000000000005,0.05693595499957649,0.05693595499957649
47,seeqst_uniform,10,median_of_means,6,20000,-5.376537653765377,-0.4044016987657999,0.4044016987657999
47,seeqst_uniform,10,median_of_means,6,25000,-5.530484877580413,-0.5583489225808362,0.5583489225808362
47,seeqst_uniform,10,median_of_means,6,30000,-4.505599999999999,0.46653595499957756,0.46653595499957756
47,seeqst_uniform,10,median_of_means,6,35000,-4.827704440253729,0.1444315147458477,0.1444315147458477
47,seeqst_uniform,10,median_of_means,6,40000,-5.222922292229223,-0.2507863372296457,0.2507863372296457
47,seeqst_uniform,10,median_of_means,6,45000,-5.393066666666666,-0.42093071166708906,0.42093071166708906
47,seeqst_uniform,10,median_of_means,6,50000,-5.038281531261251,-0.06614557626167361,0.06614557626167361
47,seeqst_binomial_q0.09091,10,median_of_means,6,10,0.0,4.972135954999577,4.972135954999577
47,seeqst_binomial_q0.09091,10,median_of_means,6,30,0.0,4.972135954999577,4.972135954999577
47,seeqst_binomial_q0.09091,10,median_of_means,6,100,-16.2108903775703,-11.238754422570725,11.238754422570725
47,seeqst_binomial_q0.09091,10,median_of_means,6,300,-10.374969841644992,-5.402833886645415,5.402833886645415
47,seeqst_binomial_q0.09091,10,median_of_means,6,1000,-6.249981832316261,-1.2778458773166843,1.2778458773166843
47,seeqst_binomial_q0.09091,10,median_of_means,6,3000,-6.743730397069246,-1.7715944420696692,1.7715944420696692
47,seeqst_binomial_q0.09091,10,median_of_means,6,5000,-7.005907005912736,-2.033771050913159,2.033771050913159
47,seeqst_binomial_q0.09091,10,median_of_means,6,10000,-5.604725604730189,-0.6325896497306118,0.6325896497306118
47,seeqst_binomial_q0.09091,10,median_of_means,6,15000,-5.654358563696522,-0.6822226086969447,0.6822226086969447
47,seeqst_binomial_q0.09091,10,median_of_means,6,20000,-4.902663516528912,0.06947243847066531,0.06947243847066531
47,seeqst_binomial_q0.09091,10,median_of_means,6,25000,-5.01191233948885,-0.03977638448927312,0.03977638448927312
47,seeqst_binomial_q0.09091,10,median_of_means,6,30000,-5.732170837508859,-0.7600348825092818,0.7600348825092818
47,seeqst_binomial_q0.09091,10,median_of_means,6,35000,-5.202603597944729,-0.2304676429451522,0.2304676429451522
47,seeqst_binomial_q0.09091,10,median_of_means,6,40000,-5.700319088662585,-0.7281831336630082,0.7281831336630082
47,seeqst_binomial_q0.09091,10,median_of_means,6,45000,-5.464150783266362,-0.4920148282667851,0.4920148282667851
47,seeqst_binomial_q0.09091,10,median_of_means,6,50000,-5.29144627709003,-0.31931032209045274,0.31931032209045274
47,seeqst_binomial_q0.5,10,median_of_means,6,10,0.0,4.972135954999577,4.972135954999577
47,seeqst_binomial_q0.5,10,median_of_means,6,30,0.0,4.972135954999577,4.972135954999577
47,seeqst_binomial_q0.5,10,median_of_means,6,100,0.0,4.972135954999577,4.972135954999577
47,seeqst_binomial_q0.5,10,median_of_means,6,300,-20.48,-15.507864045000424,15.507864045000424
47,seeqst_binomial_q0.5,10,median_of_means,6,1000,-12.337349397590362,-7.365213442590785,7.365213442590785
47,seeqst_binomial_q0.5,10,median_of_means,6,3000,-6.144,-1.1718640450004232,1.1718640450004232
47,seeqst_binomial_q0.5,10,median_of_means,6,5000,-5.5318127250900355,-0.5596767700904586,0.5596767700904586
47,seeqst_binomial_q0.5,10,median_of_means,6,10000,-3.3805522208883554,1.5915837341112216,1.5915837341112216
47,seeqst_binomial_q0.5,10,median_of_means,6,15000,-5.5296,-0.5574640450004233,0.5574640450004233
47,seeqst_binomial_q0.5,10,median_of_means,6,20000,-5.683768376837683,-0.7116324218381065,0.7116324218381065
47,seeqst_binomial_q0.5,10,median_of_means,6,25000,-5.776284205472876,-0.8041482504732986,0.8041482504732986
47,seeqst_binomial_q0.5,10,median_of_means,6,30000,-5.5296,-0.5574640450004233,0.5574640450004233
47,seeqst_binomial_q0.5,10,median_of_means,6,35000,-4.827704440253728,0.1444315147458486,0.1444315147458486
47,seeqst_binomial_q0.5,10,median_of_means,6,40000,-5.376537653765377,-0.4044016987657999,0.4044016987657999
47,seeqst_binomial_q0.5,10,median_of_means,6,45000,-4.983466666666667,-0.011330711667089766,0.011330711667089766
47,seeqst_binomial_q0.5,10,median_of_means,6,50000,-5.591263650546022,-0.6191276955464451,0.6191276955464451
47,seeqst_binomial_tuned,10,median_of_means,6,10,0.0,4.972135954999577,4.972135954999577
47,seeqst_binomial_tuned,10,median_of_means,6,30,0.0,4.972135954999577,4.972135954999577
47,seeqst_binomial_tuned,10,median_of_means,6,100,-9.313225746154783,-4.341089791155206,4.341089791155206
47,seeqst_binomial_tuned,10,median_of_means,6,300,-1.4901161193847654,3.4820198356148113,3.4820198356148113
47,seeqst_binomial_tuned,10,median_of_means,6,1000,-4.937131720853138,0.03500423414643894,0.03500423414643894
47,seeqst_binomial_tuned,10,median_of_means,6,3000,-6.109476089477537,-1.1373401344779603,1.1373401344779603
47,seeqst_binomial_tuned,10,median_of_means,6,5000,-5.0982364228650425,-0.12610046786546558,0.12610046786546558
47,seeqst_binomial_tuned,10,median_of_means,6,10000,-5.008793678604253,-0.036657723604675674,0.036657723604675674
47,seeqst_binomial_tuned,10,median_of_means,6,15000,-5.424022674560545,-0.45188671956096815,0.45188671956096815
47,seeqst_binomial_tuned,10,median_of_means,6,20000,-5.3202465708606965,-0.3481106158611196,0.3481106158611196
47,seeqst_binomial_tuned,10,median_of_means,6,25000,-5.007591375752931,-0.03545542075335373,0.03545542075335373
47,seeqst_binomial_tuned,10,median_of_means,6,30000,-4.8875808715820295,0.08455508341754747,0.08455508341754747
47,seeqst_binomial_tuned,10,median_of_means,6,35000,-4.981529972227484,-0.009394017227907447,0.009394017227907447
47,seeqst_binomial_tuned,10,median_of_means,6,40000,-5.186122707729755,-0.21398675273017798,0.21398675273017798
47,seeqst_binomial_tuned,10,median_of_means,6,45000,-4.877646764119464,0.09448919088011287,0.09448919088011287
47,seeqst_binomial_tuned,10,median_of_means,6,50000,-5.033813603825889,-0.061677648826312215,0.061677648826312215
48,pauli,10,median_of_means,6,10,-5.624999999999997,-0.6528640450004204,0.6528640450004204
48,pauli,10,median_of_means,6,30,-5.174999999999997,-0.2028640450004202,0.2028640450004202
48,pauli,10,median_of_means,6,100,-4.710937499999997,0.2611984549995796,0.2611984549995796
48,pauli,10,median_of_means,6,300,-3.1499999999999986,1.8221359549995784,1.8221359549995784
48,pauli,10,median_of_means,6,1000,-2.8396084337349374,2.1325275212646395,2.1325275212646395
48,pauli,10,median_of_means,6,3000,-3.698999999999998,1.2731359549995789,1.2731359549995789
48,pauli,10,median_of_means,6,5000,-5.045618247298916,-0.07348229229933878,0.07348229229933878
48,pauli,10,median_of_means,6,10000,-2.697704081632652,2.274431873366925,2.274431873366925
48,pauli,10,median_of_means,6,15000,-3.9680999999999975,1.0040359549995794,1.0040359549995794
48,pauli,10,median_of_means,6,20000,-4.711633663366333,0.26050229163324357,0.26050229163324357
48,pauli,10,median_of_means,6,25000,-4.474075852136339,0.49806010286323765,0.49806010286323765
48,pauli,10,median_of_means,6,30000,-4.487624999999997,0.4845109549995801,0.4845109549995801
48,pauli,10,median_of_means,6,35000,-4.104620264015084,0.8675156909844928,0.8675156909844928
48,pauli,10,median_of_means,6,40000,-4.4154477947794755,0.5566881602201015,0.5566881602201015
48,pauli,10,median_of_means,6,45000,-4.375199999999998,0.5969359549995792,0.5969359549995792
48,pauli,10,median_of_means,6,50000,-4.877610104404174,0.09452585059540297,0.09452585059540297
48,clifford,10,median_of_means,6,10,4.952934336244657e-15,4.972135954999582,4.972135954999582
48,clifford,10,median_of_means,6,30,3.1925547397666306e-15,4.9721359549995805,4.9721359549995805
48,clifford,10,median_of_means,6,100,5.976331270819569e-15,4.972135954999583,4.972135954999583
48,clifford,10,median_of_means,6,300,-1.665997824946934e-14,4.97213595499956,4.97213595499956
48,clifford,10,median_of_means,6,1000,-3.08734939759035,1.8847865574092268,1.8847865574092268
48,clifford,10,median_of_means,6,3000,-3.8437499999999845,1.1283859549995925,1.1283859549995925
48,clifford,10,median_of_means,6,5000,-4.768157262905147,0.20397869209442998,0.20397869209442998
48,clifford,10,median_of_means,6,10000,-4.383628451380533,0.5885075036190441,0.5885075036190441
48,clifford,10,median_of_means,6,15000,-4.356249999999987,0.6158859549995901,0.6158859549995901
48,clifford,10,median_of_means,6,20000,-4.689843984398424,0.2822919706011531,0.2822919706011531
48,clifford,10,median_of_means,6,25000,-4.7977676428228335,0.17436831217674342,0.17436831217674342
48,clifford,10,median_of_means,6,30000,-4.843124999999984,0.12901095499959325,0.12901095499959325
48,clifford,10,median_of_means,6,35000,-4.964212240699451,0.007923714300125617,0.007923714300125617
48,clifford,10,median_of_means,6,40000,-4.939712721272111,0.03242323372746636,0.03242323372746636
48,clifford,10,median_of_means,6,45000,-5.295833333333313,-0.323697378333736,0.323697378333736
48,clifford,10,median_of_means,6,50000,-5.150831033241311,-0.17869507824173425,0.17869507824173425
48,seeqst_uniform,10,median_of_means,6,10,0.0,4.972135954999577,4.972135954999577
48,seeqst_uniform,10,median_of_means,6,30,0.0,4.972135954999577,4.972135954999577
48,seeqst_uniform,10,median_of_means,6,100,0.0,4.972135954999577,4.972135954999577
48,seeqst_uniform,10,median_of_means,6,300,0.0,4.972135954999577,4.972135954999577
48,seeqst_uniform,10,median_of_means,6,1000,-3.0843373493975905,1.8877986056019864,1.8877986056019864
48,seeqst_uniform,10,median_of_means,6,3000,1.024,5.996135954999577,5.996135954999577
48,seeqst_uniform,10,median_of_means,6,5000,-4.917166866746699,0.05496908825287772,0.05496908825287772
48,seeqst_uniform,10,median_of_means,6,10000,-5.224489795918368,-0.2523538409187909,0.2523538409187909
48,seeqst_uniform,10,median_of_means,6,15000,-4.096,0.8761359549995769,0.8761359549995769
48,seeqst_uniform,10,median_of_means,6,20000,-4.915691569156916,0.05644438584266087,0.05644438584266087
48,seeqst_uniform,10,median_of_means,6,25000,-5.776284205472876,-0.8041482504732986,0.8041482504732986
48,seeqst_uniform,10,median_of_means,6,30000,-4.6080000000000005,0.3641359549995764,0.3641359549995764
48,seeqst_uniform,10,median_of_means,6,35000,-5.178810217726728,-0.20667426272715073,0.20667426272715073
48,seeqst_uniform,10,median_of_means,6,40000,-4.608460846084609,0.36367510891496835,0.36367510891496835
48,seeqst_uniform,10,median_of_means,6,45000,-4.5056,0.4665359549995767,0.4665359549995767
48,seeqst_uniform,10,median_of_means,6,50000,-4.669626785071403,0.30250916992817434,0.30250916992817434
48,seeqst_binomial_q0.09091,10,median_of_means,6,10,0.0,4.972135954999577,4.972135954999577
48,seeqst_binomial_q0.09091,10,median_of_means,6,30,0.0,4.972135954999577,4.972135954999577
48,seeqst_binomial_q0.09091,10,median_of_means,6,100,0.0,4.972135954999577,4.972135954999577
48,seeqst_binomial_q0.09091,10,median_of_means,6,300,-5.187484920822496,-0.21534896582291907,0.21534896582291907
48,seeqst_binomial_q0.09091,10,median_of_means,6,1000,-7.031229561355794,-2.0590936063562166,2.0590936063562166
48,seeqst_binomial_q0.09091,10,median_of_means,6,3000,-4.668736428740247,0.3033995262593301,0.3033995262593301
48,seeqst_binomial_q0.09091,10,median_of_means,6,5000,-4.514917848254873,0.45721810674470387,0.45721810674470387
48,seeqst_binomial_q0.09091,10,median_of_means,6,10000,-5.6825690159069975,-0.7104330609074205,0.7104330609074205
48,seeqst_binomial_q0.09091,10,median_of_means,6,15000,-5.291234619238947,-0.3190986642393696,0.3190986642393696
48,seeqst_binomial_q0.09091,10,median_of_means,6,20000,-5.525223963072266,-0.553088008072689,0.553088008072689
48,seeqst_binomial_q0.09091,10,median_of_means,6,25000,-5.043042229796234,-0.07090627479665734,0.07090627479665734
48,seeqst_binomial_q0.09091,10,median_of_means,6,30000,-4.90217325017726,0.06996270482231726,0.06996270482231726
48,seeqst_binomial_q0.09091,10,median_of_means,6,35000,-4.7134699263430875,0.25866602865648947,0.25866602865648947
48,seeqst_binomial_q0.09091,10,median_of_means,6,40000,-4.630293321166195,0.341842633833382,0.341842633833382
48,seeqst_binomial_q0.09091,10,median_of_means,6,45000,-4.928110674781371,0.04402528021820551,0.04402528021820551
48,seeqst_binomial_q0.09091,10,median_of_means,6,50000,-4.8556801130943805,0.11645584190519642,0.11645584190519642
48,seeqst_binomial_q0.5,10,median_of_means,6,10,0.0,4.972135954999577,4.972135954999577
48,seeqst_binomial_q0.5,10,median_of_means,6,30,0.0,4.972135954999577,4.972135954999577
48,seeqst_binomial_q0.5,10,median_of_means,6,100,0.0,4.972135954999577,4.972135954999577
48,seeqst_binomial_q0.5,10,median_of_means,6,300,0.0,4.972135954999577,4.972135954999577
48,seeqst_binomial_q0.5,10,median_of_means,6,1000,-3.0843373493975905,1.8877986056019864,1.8877986056019864
48,seeqst_binomial_q0.5,10,median_of_means,6,3000,-4.096,0.8761359549995769,0.8761359549995769
48,seeqst_binomial_q0.5,10,median_of_means,6,5000,-6.146458583433374,-1.1743226284337966,1.1743226284337966
48,seeqst_binomial_q0.5,10,median_of_means,6,10000,-5.531812725090036,-0.5596767700904595,0.5596767700904595
48,seeqst_binomial_q0.5,10,median_of_means,6,15000,-7.168,-2.195864045000423,2.195864045000423
48,seeqst_binomial_q0.5,10,median_of_means,6,20000,-4.762076207620762,0.21005974737881505,0.21005974737881505
48,seeqst_binomial_q0.5,10,median_of_means,6,25000,-5.0388862217954875,-0.06675026679591056,0.06675026679591056
48,seeqst_binomial_q0.5,10,median_of_means,6,30000,-5.7344,-0.762264045000423,0.762264045000423
48,seeqst_binomial_q0.5,10,median_of_means,6,35000,-5.266586662094976,-0.29445070709539944,0.29445070709539944
48,seeqst_binomial_q0.5,10,median_of_means,6,40000,-5.453345334533454,-0.481209379533877,0.481209379533877
48,seeqst_binomial_q0.5,10,median_of_means,6,45000,-5.12,-0.14786404500042316,0.14786404500042316
48,seeqst_binomial_q0.5,10,median_of_means,6,50000,-5.34549381975279,-0.3733578647532134,0.3733578647532134
48,seeqst_binomial_tuned,10,median_of_means,6,10,0.0,4.972135954999577,4.972135954999577
48,seeqst_binomial_tuned,10,median_of_means,6,30,0.0,4.972135954999577,4.972135954999577
48,seeqst_binomial_tuned,10,median_of_means,6,100,0.0,4.972135954999577,4.972135954999577
48,seeqst_binomial_tuned,10,median_of_means,6,300,-2.980232238769531,1.9919037162300461,1.9919037162300461
48,seeqst_binomial_tuned,10,median_of_means,6,1000,-5.385961877294332,-0.41382592229475534,0.41382592229475534
48,seeqst_binomial_tuned,10,median_of_means,6,3000,-4.470348358154295,0.5017875968452818,0.5017875968452818
48,seeqst_binomial_tuned,10,median_of_means,6,5000,-4.3826944687787215,0.5894414862208555,0.5894414862208555
48,seeqst_binomial_tuned,10,median_of_means,6,10000,-4.740465445821882,0.23167050917769494,0.23167050917769494
48,seeqst_binomial_tuned,10,median_of_means,6,15000,-4.470348358154295,0.5017875968452818,0.5017875968452818
48,seeqst_binomial_tuned,10,median_of_means,6,20000,-4.426087483321085,0.5460484716784917,0.5460484716784917
48,seeqst_binomial_tuned,10,median_of_means,6,25000,-4.649906277484865,0.322229677514712,0.322229677514712
48,seeqst_binomial_tuned,10,median_of_means,6,30000,-4.69386577606201,0.278270178937567,0.278270178937567
48,seeqst_binomial_tuned,10,median_of_means,6,35000,-4.84102528070312,0.1311106742964565,0.1311106742964565
48,seeqst_binomial_tuned,10,median_of_means,6,40000,-4.750220152554194,0.22191580244538311,0.22191580244538311
48,seeqst_binomial_tuned,10,median_of_means,6,45000,-4.738569259643553,0.23356669535602403,0.23356669535602403
48,seeqst_binomial_tuned,10,median_of_means,6,50000,-4.72981775563747,0.2423181993621073,0.2423181993621073
49,pauli,10,median_of_means,6,10,-4.499999999999998,0.4721359549995787,0.4721359549995787
49,pauli,10,median_of_means,6,30,-4.049999999999997,0.9221359549995798,0.9221359549995798
49,pauli,10,median_of_means,6,100,-6.468749999999994,-1.4966140450004168,1.4966140450004168
49,pauli,10,median_of_means,6,300,-2.114999999999998,2.857135954999579,2.857135954999579
49,pauli,10,median_of_means,6,1000,-2.5753012048192754,2.3968347501803016,2.3968347501803016
49,pauli,10,median_of_means,6,3000,-5.285249999999997,-0.31311404500041995,0.31311404500041995
49,pauli,10,median_of_means,6,5000,-5.768157262905158,-0.7960213079055807,0.7960213079055807
49,pauli,10,median_of_means,6,10000,-5.758028211284511,-0.7858922562849342,0.7858922562849342
49,pauli,10,median_of_means,6,15000,-4.544999999999996,0.42713595499958057,0.42713595499958057
49,pauli,10,median_of_means,6,20000,-4.182718271827181,0.7894176831723962,0.7894176831723962
49,pauli,10,median_of_means,6,25000,-4.404944791166583,0.5671911638329936,0.5671911638329936
49,pauli,10,median_of_means,6,30000,-4.251599999999996,0.7205359549995807,0.7205359549995807
49,pauli,10,median_of_means,6,35000,-4.522372707011827,0.44976324798775025,0.44976324798775025
49,pauli,10,median_of_means,6,40000,-4.6819306930693045,0.2902052619302724,0.2902052619302724
49,pauli,10,median_of_means,6,45000,-4.632599999999997,0.33953595499957956,0.33953595499957956
49,pauli,10,median_of_means,6,50000,-4.557242289691585,0.414893665307992,0.414893665307992
49,clifford,10,median_of_means,6,10,-9.432560915569891e-16,4.972135954999576,4.972135954999576
49,clifford,10,median_of_means,6,30,-5.863874440761779e-15,4.972135954999571,4.972135954999571
49,clifford,10,median_of_means,6,100,-16.015624999999957,-11.043489045000381,11.043489045000381
49,clifford,10,median_of_means,6,300,-7.6874999999999565,-2.7153640450003795,2.7153640450003795
49,clifford,10,median_of_means,6,1000,-3.8591867469879375,1.1129492080116394,1.1129492080116394
49,clifford,10,median_of_means,6,3000,-4.099999999999986,0.8721359549995906,0.8721359549995906
49,clifford,10,median_of_means,6,5000,-3.9990996398559258,0.9730363151436512,0.9730363151436512
49,clifford,10,median_of_means,6,10000,-4.845063025210068,0.12707292978950857,0.12707292978950857
49,clifford,10,median_of_means,6,15000,-4.356249999999983,0.6158859549995936,0.6158859549995936
49,clifford,10,median_of_means,6,20000,-4.728285328532835,0.24385062646674172,0.24385062646674172
49,clifford,10,median_of_means,6,25000,-4.613238118098877,0.35889783690069965,0.35889783690069965
49,clifford,10,median_of_means,6,30000,-4.94562499999998,0.02651095499959677,0.02651095499959677
49,clifford,10,median_of_means,6,35000,-4.568832504714537,0.40330345028503967,0.40330345028503967
49,clifford,10,median_of_means,6,40000,-4.689843984398422,0.28229197060115485,0.28229197060115485
49,clifford,10,median_of_means,6,45000,-5.261666666666646,-0.28953071166706934,0.28953071166706934
49,clifford,10,median_of_means,6,50000,-5.16620664826591,-0.1940706932663332,0.1940706932663332
49,seeqst_uniform,10,median_of_means,6,10,0.0,4.972135954999577,4.972135954999577
49,seeqst_uniform,10,median_of_means,6,30,0.0,4.972135954999577,4.972135954999577
49,seeqst_uniform,10,median_of_means,6,100,0.0,4.972135954999577,4.972135954999577
49,seeqst_uniform,10,median_of_means,6,300,0.0,4.972135954999577,4.972135954999577
49,seeqst_uniform,10,median_of_means,6,1000,0.0,4.972135954999577,4.972135954999577
49,seeqst_uniform,10,median_of_means,6,3000,-4.096,0.8761359549995769,0.8761359549995769
49,seeqst_uniform,10,median_of_means,6,5000,-7.990396158463385,-3.018260203463808,3.018260203463808
49,seeqst_uniform,10,median_of_means,6,10000,-6.453781512605042,-1.4816455576054652,1.4816455576054652
49,seeqst_uniform,10,median_of_means,6,15000,-5.9392,-0.9670640450004226,0.9670640450004226
49,seeqst_uniform,10,median_of_means,6,20000,-5.069306930693069,-0.09717097569349242,0.09717097569349242
49,seeqst_uniform,10,median_of_means,6,25000,-5.0388862217954875,-0.06675026679591056,0.06675026679591056
49,seeqst_uniform,10,median_of_means,6,30000,-3.072,1.9001359549995769,1.9001359549995769
49,seeqst_uniform,10,median_of_means,6,35000,-4.827704440253729,0.1444315147458477,0.1444315147458477
49,seeqst_uniform,10,median_of_means,6,40000,-5.069306930693069,-0.09717097569349242,0.09717097569349242
49,seeqst_uniform,10,median_of_means,6,45000,-4.164266666666666,0.8078692883329106,0.8078692883329106
49,seeqst_uniform,10,median_of_means,6,50000,-4.485299411976479,0.48683654302309787,0.48683654302309787
49,seeqst_binomial_q0.09091,10,median_of_means,6,10,0.0,4.972135954999577,4.972135954999577
49,seeqst_binomial_q0.09091,10,median_of_means,6,30,0.0,4.972135954999577,4.972135954999577
49,seeqst_binomial_q0.09091,10,median_of_means,6,100,0.0,4.972135954999577,4.972135954999577
49,seeqst_binomial_q0.09091,10,median_of_means,6,300,-5.187484920822496,-0.21534896582291907,0.21534896582291907
49,seeqst_binomial_q0.09091,10,median_of_means,6,1000,-7.812477290395326,-2.840341335395749,2.840341335395749
49,seeqst_binomial_q0.09091,10,median_of_means,6,3000,-5.4468591668636215,-0.47472321186404454,0.47472321186404454
49,seeqst_binomial_q0.09091,10,median_of_means,6,5000,-5.293351960022956,-0.32121600502337877,0.32121600502337877
49,seeqst_binomial_q0.09091,10,median_of_means,6,10000,-5.371195371199764,-0.3990594162001875,0.3990594162001875
49,seeqst_binomial_q0.09091,10,median_of_means,6,15000,-5.083735222406046,-0.11159926740646942,0.11159926740646942
49,seeqst_binomial_q0.09091,10,median_of_means,6,20000,-4.591383293257236,0.3807526617423411,0.3807526617423411
49,seeqst_binomial_q0.09091,10,median_of_means,6,25000,-5.0741721201036185,-0.10203616510404157,0.10203616510404157
49,seeqst_binomial_q0.09091,10,median_of_means,6,30000,-4.642799004136135,0.32933695086344184,0.32933695086344184
49,seeqst_binomial_q0.09091,10,median_of_means,6,35000,-4.268802952159778,0.7033330028397993,0.7033330028397993
49,seeqst_binomial_q0.09091,10,median_of_means,6,40000,-4.708113376984114,0.2640225780154628,0.2640225780154628
49,seeqst_binomial_q0.09091,10,median_of_means,6,45000,-4.668736428740248,0.3033995262593292,0.3033995262593292
49,seeqst_binomial_q0.09091,10,median_of_means,6,50000,-4.840117035808822,0.13201891919075504,0.13201891919075504
49,seeqst_binomial_q0.5,10,median_of_means,6,10,0.0,4.972135954999577,4.972135954999577
49,seeqst_binomial_q0.5,10,median_of_means,6,30,0.0,4.972135954999577,4.972135954999577
49,seeqst_binomial_q0.5,10,median_of_means,6,100,0.0,4.972135954999577,4.972135954999577
49,seeqst_binomial_q0.5,10,median_of_means,6,300,0.0,4.972135954999577,4.972135954999577
49,seeqst_binomial_q0.5,10,median_of_means,6,1000,-3.0843373493975905,1.8877986056019864,1.8877986056019864
49,seeqst_binomial_q0.5,10,median_of_means,6,3000,-2.048,2.924135954999577,2.924135954999577
49,seeqst_binomial_q0.5,10,median_of_means,6,5000,-4.302521008403361,0.6696149465962158,0.6696149465962158
49,seeqst_binomial_q0.5,10,median_of_means,6,10000,-3.9951980792316926,0.9769378757678844,0.9769378757678844
49,seeqst_binomial_q0.5,10,median_of_means,6,15000,-4.300800000000001,0.6713359549995763,0.6713359549995763
49,seeqst_binomial_q0.5,10,median_of_means,6,20000,-6.144614461446144,-1.1724785064465673,1.1724785064465673
49,seeqst_binomial_q0.5,10,median_of_means,6,25000,-5.161785885741718,-0.18964993074214131,0.18964993074214131
49,seeqst_binomial_q0.5,10,median_of_means,6,30000,-5.8368,-0.8646640450004233,0.8646640450004233
49,seeqst_binomial_q0.5,10,median_of_means,6,35000,-5.354363106463227,-0.38222715146364994,0.38222715146364994
49,seeqst_binomial_q0.5,10,median_of_means,6,40000,-5.914191419141915,-0.9420554641423378,0.9420554641423378
49,seeqst_binomial_q0.5,10,median_of_means,6,45000,-5.7344,-0.762264045000423,0.762264045000423
49,seeqst_binomial_q0.5,10,median_of_means,6,50000,-5.652706108244329,-0.6805701532447523,0.6805701532447523
49,seeqst_binomial_tuned,10,median_of_means,6,10,0.0,4.972135954999577,4.972135954999577
49,seeqst_binomial_tuned,10,median_of_means,6,30,0.0,4.972135954999577,4.972135954999577
49,seeqst_binomial_tuned,10,median_of_means,6,100,0.0,4.972135954999577,4.972135954999577
49,seeqst_binomial_tuned,10,median_of_means,6,300,-2.980232238769531,1.9919037162300461,1.9919037162300461
49,seeqst_binomial_tuned,10,median_of_means,6,1000,-3.141811095088361,1.830324859911216,1.830324859911216
49,seeqst_binomial_tuned,10,median_of_means,6,3000,-3.725290298461913,1.2468456565376638,1.2468456565376638
49,seeqst_binomial_tuned,10,median_of_means,6,5000,-4.11436623599635,0.857769719003227,0.857769719003227
49,seeqst_binomial_tuned,10,median_of_means,6,10000,-5.187679167125832,-0.2155432121262555,0.2155432121262555
49,seeqst_binomial_tuned,10,median_of_means,6,15000,-4.827976226806639,0.1441597281929381,0.1441597281929381
49,seeqst_binomial_tuned,10,median_of_means,6,20000,-4.87316702709089,0.09896892790868694,0.09896892790868694
49,seeqst_binomial_tuned,10,median_of_means,6,25000,-4.971822865926125,0.00031308907345195536,0.00031308907345195536
49,seeqst_binomial_tuned,10,median_of_means,6,30000,-4.813075065612791,0.15906088938678575,0.15906088938678575
49,seeqst_binomial_tuned,10,median_of_means,6,35000,-5.07094204865208,-0.09880609365250326,0.09880609365250326
49,seeqst_binomial_tuned,10,median_of_means,6,40000,-5.0072908902218325,-0.035154935222255546,0.035154935222255546
49,seeqst_binomial_tuned,10,median_of_means,6,45000,-4.937251408894855,0.03488454610472225,0.03488454610472225
49,seeqst_binomial_tuned,10,median_of_means,6,50000,-4.917579897165611,0.05455605783396589,0.05455605783396589
