repeat,ensemble,n,estimator,mom_num_groups,n_sample,estimate,error,abs_error
0,pauli,10,mean,1,10,7.199999999999996,12.172135954999572,12.172135954999572
0,pauli,10,mean,1,30,16.649999999999988,21.622135954999564,21.622135954999564
0,pauli,10,mean,1,100,8.414999999999994,13.387135954999572,13.387135954999572
0,pauli,10,mean,1,300,-0.31500000000000095,4.657135954999576,4.657135954999576
0,pauli,10,mean,1,1000,-6.7072499999999975,-1.7351140450004205,1.7351140450004205
0,pauli,10,mean,1,3000,-3.7312499999999993,1.2408859549995777,1.2408859549995777
0,pauli,10,mean,1,5000,-5.668649999999999,-0.6965140450004217,0.6965140450004217
0,pauli,10,mean,1,10000,-5.923799999999999,-0.9516640450004221,0.9516640450004221
0,pauli,10,mean,1,15000,-5.210399999999999,-0.2382640450004221,0.2382640450004221
0,pauli,10,mean,1,20000,-4.569637499999999,0.40249845499957804,0.40249845499957804
0,pauli,10,mean,1,25000,-4.210559999999999,0.7615759549995778,0.7615759549995778
0,pauli,10,mean,1,30000,-4.29885,0.6732859549995771,0.6732859549995771
0,pauli,10,mean,1,35000,-4.329321428571427,0.6428145264281495,0.6428145264281495
0,pauli,10,mean,1,40000,-4.463324999999999,0.5088109549995776,0.5088109549995776
0,pauli,10,mean,1,45000,-4.793099999999999,0.17903595499957792,0.17903595499957792
0,pauli,10,mean,1,50000,-4.384214999999999,0.5879209549995776,0.5879209549995776
0,clifford,10,mean,1,10,-7.596665678455519e-15,4.972135954999569,4.972135954999569
0,clifford,10,mean,1,30,-1.8947806286936005e-15,4.972135954999575,4.972135954999575
0,clifford,10,mean,1,100,-2.5624999999999853,2.4096359549995916,2.4096359549995916
0,clifford,10,mean,1,300,-4.270833333333312,0.7013026216662652,0.7013026216662652
0,clifford,10,mean,1,1000,-3.587499999999987,1.38463595499959,1.38463595499959
0,clifford,10,mean,1,3000,-3.5020833333333186,1.4700526216662584,1.4700526216662584
0,clifford,10,mean,1,5000,-4.6124999999999865,0.35963595499959045,0.35963595499959045
0,clifford,10,mean,1,10000,-4.894374999999993,0.07776095499958391,0.07776095499958391
0,clifford,10,mean,1,15000,-5.0224999999999955,-0.05036404500041858,0.05036404500041858
0,clifford,10,mean,1,20000,-4.522812499999996,0.4493234549995808,0.4493234549995808
0,clifford,10,mean,1,25000,-4.479249999999997,0.4928859549995801,0.4928859549995801
0,clifford,10,mean,1,30000,-4.552708333333331,0.41942762166624625,0.41942762166624625
0,clifford,10,mean,1,35000,-4.627142857142855,0.3449930978567224,0.3449930978567224
0,clifford,10,mean,1,40000,-4.8367187499999975,0.13541720499957943,0.13541720499957943
0,clifford,10,mean,1,45000,-5.016805555555553,-0.04466960055597635,0.04466960055597635
0,clifford,10,mean,1,50000,-4.9148749999999986,0.057260954999578395,0.057260954999578395
0,seeqst_uniform,10,mean,1,10,0.0,4.972135954999577,4.972135954999577
0,seeqst_uniform,10,mean,1,30,0.0,4.972135954999577,4.972135954999577
0,seeqst_uniform,10,mean,1,100,0.0,4.972135954999577,4.972135954999577
0,seeqst_uniform,10,mean,1,300,-3.4133333333333336,1.5588026216662434,1.5588026216662434
0,seeqst_uniform,10,mean,1,1000,-1.024,3.948135954999577,3.948135954999577
0,seeqst_uniform,10,mean,1,3000,-2.7306666666666666,2.2414692883329104,2.2414692883329104
0,seeqst_uniform,10,mean,1,5000,-3.4816,1.4905359549995771,1.4905359549995771
0,seeqst_uniform,10,mean,1,10000,-3.4816,1.4905359549995771,1.4905359549995771
0,seeqst_uniform,10,mean,1,15000,-4.164266666666666,0.8078692883329106,0.8078692883329106
0,seeqst_uniform,10,mean,1,20000,-4.7616,0.21053595499957733,0.21053595499957733
0,seeqst_uniform,10,mean,1,25000,-4.83328,0.1388559549995767,0.1388559549995767
0,seeqst_uniform,10,mean,1,30000,-4.881066666666666,0.0910692883329105,0.0910692883329105
0,seeqst_uniform,10,mean,1,35000,-5.12,-0.14786404500042316,0.14786404500042316
0,seeqst_uniform,10,mean,1,40000,-5.0688,-0.09666404500042347,0.09666404500042347
0,seeqst_uniform,10,mean,1,45000,-5.279288888888889,-0.307152933889312,0.307152933889312
0,seeqst_uniform,10,mean,1,50000,-5.26336,-0.29122404500042265,0.29122404500042265
0,seeqst_binomial_q0.09091,10,mean,1,10,0.0,4.972135954999577,4.972135954999577
0,seeqst_binomial_q0.09091,10,mean,1,30,0.0,4.972135954999577,4.972135954999577
0,seeqst_binomial_q0.09091,10,mean,1,100,-7.7812273812337445,-2.8090914262341675,2.8090914262341675
0,seeqst_binomial_q0.09091,10,mean,1,300,-4.322904100685414,0.6492318543141629,0.6492318543141629
0,seeqst_binomial_q0.09091,10,mean,1,1000,-3.8906136906168736,1.0815222643827034,1.0815222643827034
0,seeqst_binomial_q0.09091,10,mean,1,3000,-5.619775330891039,-0.6476393758914618,0.6476393758914618
0,seeqst_binomial_q0.09091,10,mean,1,5000,-5.1874849208224845,-0.21534896582290752,0.21534896582290752
0,seeqst_binomial_q0.09091,10,mean,1,10000,-4.642799004136116,0.3293369508634614,0.3293369508634614
0,seeqst_binomial_q0.09091,10,mean,1,15000,-4.720611277948459,0.25152467705111814,0.25152467705111814
0,seeqst_binomial_q0.09091,10,mean,1,20000,-4.928110674781392,0.04402528021818508,0.04402528021818508
0,seeqst_binomial_q0.09091,10,mean,1,25000,-4.720611277948504,0.25152467705107284,0.25152467705107284
0,seeqst_binomial_q0.09091,10,mean,1,30000,-4.867590017371795,0.10454593762778153,0.10454593762778153
0,seeqst_binomial_q0.09091,10,mean,1,35000,-4.95775344575749,0.01438250924208706,0.01438250924208706
0,seeqst_binomial_q0.09091,10,mean,1,40000,-4.928110674781342,0.04402528021823482,0.04402528021823482
0,seeqst_binomial_q0.09091,10,mean,1,45000,-4.835888720633374,0.1362472343662029,0.1362472343662029
0,seeqst_binomial_q0.09091,10,mean,1,50000,-4.8399234311273345,0.13221252387224247,0.13221252387224247
0,seeqst_binomial_q0.5,10,mean,1,10,0.0,4.972135954999577,4.972135954999577
0,seeqst_binomial_q0.5,10,mean,1,30,-68.26666666666667,-63.294530711667086,63.294530711667086
0,seeqst_binomial_q0.5,10,mean,1,100,-30.72,-25.747864045000423,25.747864045000423
0,seeqst_binomial_q0.5,10,mean,1,300,-17.066666666666666,-12.09453071166709,12.09453071166709
0,seeqst_binomial_q0.5,10,mean,1,1000,-9.216,-4.243864045000422,4.243864045000422
0,seeqst_binomial_q0.5,10,mean,1,3000,-4.096,0.8761359549995769,0.8761359549995769
0,seeqst_binomial_q0.5,10,mean,1,5000,-4.9152,0.056935954999577376,0.056935954999577376
0,seeqst_binomial_q0.5,10,mean,1,10000,-5.12,-0.14786404500042316,0.14786404500042316
0,seeqst_binomial_q0.5,10,mean,1,15000,-5.5978666666666665,-0.6257307116670896,0.6257307116670896
0,seeqst_binomial_q0.5,10,mean,1,20000,-5.7344,-0.762264045000423,0.762264045000423
0,seeqst_binomial_q0.5,10,mean,1,25000,-5.28384,-0.3117040450004227,0.3117040450004227
0,seeqst_binomial_q0.5,10,mean,1,30000,-4.983466666666667,-0.011330711667089766,0.011330711667089766
0,seeqst_binomial_q0.5,10,mean,1,35000,-4.476342857142857,0.49579309785672,0.49579309785672
0,seeqst_binomial_q0.5,10,mean,1,40000,-4.6336,0.33853595499957656,0.33853595499957656
0,seeqst_binomial_q0.5,10,mean,1,45000,-4.778666666666667,0.19346928833290988,0.19346928833290988
0,seeqst_binomial_q0.5,10,mean,1,50000,-4.79232,0.1798159549995768,0.1798159549995768
0,seeqst_binomial_tuned,10,mean,1,10,0.0,4.972135954999577,4.972135954999577
0,seeqst_binomial_tuned,10,mean,1,30,-4.967053731282551,0.0050822237170260465,0.0050822237170260465
0,seeqst_binomial_tuned,10,mean,1,100,-1.4901161193847654,3.4820198356148113,3.4820198356148113
0,seeqst_binomial_tuned,10,mean,1,300,-5.463759104410807,-0.49162314941122975,0.49162314941122975
0,seeqst_binomial_tuned,10,mean,1,1000,-4.917383193969726,0.05475276102985127,0.05475276102985127
0,seeqst_binomial_tuned,10,mean,1,3000,-5.4140885670979815,-0.44195261209840453,0.44195261209840453
0,seeqst_binomial_tuned,10,mean,1,5000,-4.976987838745116,-0.004851883745539354,0.004851883745539354
0,seeqst_binomial_tuned,10,mean,1,10000,-5.021691322326659,-0.04955536732708232,0.04955536732708232
0,seeqst_binomial_tuned,10,mean,1,15000,-4.986921946207682,-0.014785991208104754,0.014785991208104754
0,seeqst_binomial_tuned,10,mean,1,20000,-4.947185516357421,0.02495043864215596,0.02495043864215596
0,seeqst_binomial_tuned,10,mean,1,25000,-5.012750625610351,-0.04061467061077373,0.04061467061077373
0,seeqst_binomial_tuned,10,mean,1,30000,-4.90744908650716,0.06468686849241667,0.06468686849241667
0,seeqst_binomial_tuned,10,mean,1,35000,-4.951442990984234,0.020692964015342596,0.020692964015342596
0,seeqst_binomial_tuned,10,mean,1,40000,-5.021691322326659,-0.04955536732708232,0.04955536732708232
0,seeqst_binomial_tuned,10,mean,1,45000,-5.1524904039171,-0.18035444891752306,0.18035444891752306
0,seeqst_binomial_tuned,10,mean,1,50000,-5.170702934265136,-0.19856697926555889,0.19856697926555889
1,pauli,10,mean,1,10,-4.724999999999997,0.24713595499957997,0.24713595499957997
1,pauli,10,mean,1,30,-16.04999999999999,-11.077864045000414,11.077864045000414
1,pauli,10,mean,1,100,-4.814999999999999,0.15713595499957833,0.15713595499957833
1,pauli,10,mean,1,300,-4.3575,0.614635954999577,0.614635954999577
1,pauli,10,mean,1,1000,-6.279749999999998,-1.3076140450004212,1.3076140450004212
1,pauli,10,mean,1,3000,-7.883249999999998,-2.9111140450004207,2.9111140450004207
1,pauli,10,mean,1,5000,-6.474149999999999,-1.502014045000422,1.502014045000422
1,pauli,10,mean,1,10000,-5.164649999999999,-0.19251404500042213,0.19251404500042213
1,pauli,10,mean,1,15000,-4.930049999999999,0.042085954999578234,0.042085954999578234
1,pauli,10,mean,1,20000,-4.7167875,0.25534845499957726,0.25534845499957726
1,pauli,10,mean,1,25000,-4.514759999999999,0.45737595499957795,0.45737595499957795
1,pauli,10,mean,1,30000,-4.527974999999999,0.4441609549995782,0.4441609549995782
1,pauli,10,mean,1,35000,-4.593407142857142,0.3787288121424348,0.3787288121424348
1,pauli,10,mean,1,40000,-4.605637499999999,0.36649845499957756,0.36649845499957756
1,pauli,10,mean,1,45000,-4.468699999999999,0.5034359549995777,0.5034359549995777
1,pauli,10,mean,1,50000,-4.589325,0.3828109549995773,0.3828109549995773
1,clifford,10,mean,1,10,51.24999999999979,56.222135954999366,56.222135954999366
1,clifford,10,mean,1,30,-17.0833333333333,-12.111197378333724,12.111197378333724
1,clifford,10,mean,1,100,-5.124999999999991,-0.15286404500041417,0.15286404500041417
1,clifford,10,mean,1,300,-5.124999999999994,-0.15286404500041684,0.15286404500041684
1,clifford,10,mean,1,1000,-7.943749999999969,-2.9716140450003916,2.9716140450003916
1,clifford,10,mean,1,3000,-4.86874999999999,0.10338595499958725,0.10338595499958725
1,clifford,10,mean,1,5000,-5.791249999999993,-0.8191140450004157,0.8191140450004157
1,clifford,10,mean,1,10000,-6.893124999999996,-1.920989045000419,1.920989045000419
1,clifford,10,mean,1,15000,-6.9187499999999975,-1.9466140450004206,1.9466140450004206
1,clifford,10,mean,1,20000,-6.214062499999998,-1.241926545000421,1.241926545000421
1,clifford,10,mean,1,25000,-6.119249999999997,-1.1471140450004205,1.1471140450004205
1,clifford,10,mean,1,30000,-5.816874999999998,-0.8447390450004209,0.8447390450004209
1,clifford,10,mean,1,35000,-5.88642857142857,-0.9142926164289928,0.9142926164289928
1,clifford,10,mean,1,40000,-5.804062499999999,-0.8319265450004218,0.8319265450004218
1,clifford,10,mean,1,45000,-5.922222222222221,-0.9500862672226438,0.9500862672226438
1,clifford,10,mean,1,50000,-5.806624999999999,-0.8344890450004216,0.8344890450004216
1,seeqst_uniform,10,mean,1,10,0.0,4.972135954999577,4.972135954999577
1,seeqst_uniform,10,mean,1,30,0.0,4.972135954999577,4.972135954999577
1,seeqst_uniform,10,mean,1,100,0.0,4.972135954999577,4.972135954999577
1,seeqst_uniform,10,mean,1,300,-3.4133333333333336,1.5588026216662434,1.5588026216662434
1,seeqst_uniform,10,mean,1,1000,-3.072,1.9001359549995769,1.9001359549995769
1,seeqst_uniform,10,mean,1,3000,-5.12,-0.14786404500042316,0.14786404500042316
1,seeqst_uniform,10,mean,1,5000,-6.9632,-1.9910640450004227,1.9910640450004227
1,seeqst_uniform,10,mean,1,10000,-6.7584,-1.786264045000423,1.786264045000423
1,seeqst_uniform,10,mean,1,15000,-5.9392,-0.9670640450004226,0.9670640450004226
1,seeqst_uniform,10,mean,1,20000,-6.5024,-1.5302640450004228,1.5302640450004228
1,seeqst_uniform,10,mean,1,25000,-6.26688,-1.2947440450004226,1.2947440450004226
1,seeqst_uniform,10,mean,1,30000,-5.666133333333334,-0.6939973783337567,0.6939973783337567
1,seeqst_uniform,10,mean,1,35000,-5.763657142857143,-0.7915211878575663,0.7915211878575663
1,seeqst_uniform,10,mean,1,40000,-5.6576,-0.6854640450004235,0.6854640450004235
1,seeqst_uniform,10,mean,1,45000,-5.688888888888889,-0.7167529338893122,0.7167529338893122
1,seeqst_uniform,10,mean,1,50000,-5.4272,-0.4550640450004231,0.4550640450004231
1,seeqst_binomial_q0.09091,10,mean,1,10,0.0,4.972135954999577,4.972135954999577
1,seeqst_binomial_q0.09091,10,mean,1,30,0.0,4.972135954999577,4.972135954999577
1,seeqst_binomial_q0.09091,10,mean,1,100,0.0,4.972135954999577,4.972135954999577
1,seeqst_binomial_q0.09091,10,mean,1,300,0.0,4.972135954999577,4.972135954999577
1,seeqst_binomial_q0.09091,10,mean,1,1000,-1.815619722287874,3.156516232711703,3.156516232711703
1,seeqst_binomial_q0.09091,10,mean,1,3000,-3.8906136906168736,1.0815222643827034,1.0815222643827034
1,seeqst_binomial_q0.09091,10,mean,1,5000,-4.098113087449768,0.874022867549809,0.874022867549809
1,seeqst_binomial_q0.09091,10,mean,1,10000,-4.79842355176079,0.17371240323878734,0.17371240323878734
1,seeqst_binomial_q0.09091,10,mean,1,15000,-5.049151989600557,-0.07701603460098028,0.07701603460098028
1,seeqst_binomial_q0.09091,10,mean,1,20000,-5.096703934708127,-0.12456797970854971,0.12456797970854971
1,seeqst_binomial_q0.09091,10,mean,1,25000,-5.042235343039506,-0.07009938803992899,0.07009938803992899
1,seeqst_binomial_q0.09091,10,mean,1,30000,-5.135610071614281,-0.16347411661470446,0.16347411661470446
1,seeqst_binomial_q0.09091,10,mean,1,35000,-5.135610071614255,-0.1634741166146778,0.1634741166146778
1,seeqst_binomial_q0.09091,10,mean,1,40000,-5.038344729348816,-0.06620877434923944,0.06620877434923944
1,seeqst_binomial_q0.09091,10,mean,1,45000,-5.060679733869008,-0.08854377886943077,0.08854377886943077
1,seeqst_binomial_q0.09091,10,mean,1,50000,-5.094110192247628,-0.12197423724805123,0.12197423724805123
1,seeqst_binomial_q0.5,10,mean,1,10,0.0,4.972135954999577,4.972135954999577
1,seeqst_binomial_q0.5,10,mean,1,30,0.0,4.972135954999577,4.972135954999577
1,seeqst_binomial_q0.5,10,mean,1,100,0.0,4.972135954999577,4.972135954999577
1,seeqst_binomial_q0.5,10,mean,1,300,-6.826666666666667,-1.8545307116670902,1.8545307116670902
1,seeqst_binomial_q0.5,10,mean,1,1000,-8.192,-3.2198640450004232,3.2198640450004232
1,seeqst_binomial_q0.5,10,mean,1,3000,-5.802666666666667,-0.8305307116670901,0.8305307116670901
1,seeqst_binomial_q0.5,10,mean,1,5000,-5.12,-0.14786404500042316,0.14786404500042316
1,seeqst_binomial_q0.5,10,mean,1,10000,-4.3008,0.6713359549995772,0.6713359549995772
1,seeqst_binomial_q0.5,10,mean,1,15000,-4.3008,0.6713359549995772,0.6713359549995772
1,seeqst_binomial_q0.5,10,mean,1,20000,-4.8128,0.15933595499957676,0.15933595499957676
1,seeqst_binomial_q0.5,10,mean,1,25000,-4.99712,-0.02498404500042284,0.02498404500042284
1,seeqst_binomial_q0.5,10,mean,1,30000,-5.0176,-0.04546404500042289,0.04546404500042289
1,seeqst_binomial_q0.5,10,mean,1,35000,-4.7104,0.261735954999577,0.261735954999577
1,seeqst_binomial_q0.5,10,mean,1,40000,-4.7872,0.1849359549995766,0.1849359549995766
1,seeqst_binomial_q0.5,10,mean,1,45000,-5.051733333333333,-0.07959737833375602,0.07959737833375602
1,seeqst_binomial_q0.5,10,mean,1,50000,-5.30432,-0.33218404500042276,0.33218404500042276
1,seeqst_binomial_tuned,10,mean,1,10,-29.802322387695305,-24.83018643269573,24.83018643269573
1,seeqst_binomial_tuned,10,mean,1,30,-4.967053731282551,0.0050822237170260465,0.0050822237170260465
1,seeqst_binomial_tuned,10,mean,1,100,-4.470348358154296,0.501787596845281,0.501787596845281
1,seeqst_binomial_tuned,10,mean,1,300,-5.960464477539061,-0.9883285225394838,0.9883285225394838
1,seeqst_binomial_tuned,10,mean,1,1000,-5.364418029785155,-0.3922820747855784,0.3922820747855784
1,seeqst_binomial_tuned,10,mean,1,3000,-4.768371582031249,0.20376437296832783,0.20376437296832783
1,seeqst_binomial_tuned,10,mean,1,5000,-4.470348358154296,0.501787596845281,0.501787596845281
1,seeqst_binomial_tuned,10,mean,1,10000,-4.63426113128662,0.33787482371295674,0.33787482371295674
1,seeqst_binomial_tuned,10,mean,1,15000,-4.410743713378905,0.5613922416206716,0.5613922416206716
1,seeqst_binomial_tuned,10,mean,1,20000,-4.522502422332763,0.44963353266681416,0.44963353266681416
1,seeqst_binomial_tuned,10,mean,1,25000,-4.732608795166015,0.2395271598335622,0.2395271598335622
1,seeqst_binomial_tuned,10,mean,1,30000,-4.649162292480468,0.3229736625191091,0.3229736625191091
1,seeqst_binomial_tuned,10,mean,1,35000,-4.93441309247698,0.037722862522596934,0.037722862522596934
1,seeqst_binomial_tuned,10,mean,1,40000,-4.909932613372802,0.0622033416267751,0.0622033416267751
1,seeqst_binomial_tuned,10,mean,1,45000,-4.910760455661349,0.06137549933822761,0.06137549933822761
1,seeqst_binomial_tuned,10,mean,1,50000,-4.959106445312499,0.013029509687077834,0.013029509687077834
2,pauli,10,mean,1,10,-24.749999999999982,-19.777864045000406,19.777864045000406
2,pauli,10,mean,1,30,-87.67499999999994,-82.70286404500037,82.70286404500037
2,pauli,10,mean,1,100,-29.092499999999983,-24.120364045000407,24.120364045000407
2,pauli,10,mean,1,300,-12.622499999999993,-7.6503640450004164,7.6503640450004164
2,pauli,10,mean,1,1000,-5.591249999999998,-0.6191140450004209,0.6191140450004209
2,pauli,10,mean,1,3000,-5.4689999999999985,-0.4968640450004216,0.4968640450004216
2,pauli,10,mean,1,5000,-4.656599999999999,0.31553595499957776,0.31553595499957776
2,pauli,10,mean,1,10000,-3.2085000000000004,1.7636359549995766,1.7636359549995766
2,pauli,10,mean,1,15000,-3.57615,1.3959859549995768,1.3959859549995768
2,pauli,10,mean,1,20000,-3.953925,1.018210954999577,1.018210954999577
2,pauli,10,mean,1,25000,-3.51873,1.4534059549995768,1.4534059549995768
2,pauli,10,mean,1,30000,-3.5448,1.427335954999577,1.427335954999577
2,pauli,10,mean,1,35000,-3.5624571428571428,1.4096788121424342,1.4096788121424342
2,pauli,10,mean,1,40000,-3.56653125,1.4056047049995768,1.4056047049995768
2,pauli,10,mean,1,45000,-3.681,1.291135954999577,1.291135954999577
2,pauli,10,mean,1,50000,-3.952395,1.0197409549995768,1.0197409549995768
2,clifford,10,mean,1,10,3.5907859132125375e-15,4.9721359549995805,4.9721359549995805
2,clifford,10,mean,1,30,5.406369294264545e-15,4.972135954999582,4.972135954999582
2,clifford,10,mean,1,100,3.703078082279814e-15,4.9721359549995805,4.9721359549995805
2,clifford,10,mean,1,300,5.124999999999977,10.097135954999555,10.097135954999555
2,clifford,10,mean,1,1000,-3.5874999999999875,1.3846359549995895,1.3846359549995895
2,clifford,10,mean,1,3000,-6.23541666666665,-1.2632807116670728,1.2632807116670728
2,clifford,10,mean,1,5000,-5.688749999999989,-0.7166140450004121,0.7166140450004121
2,clifford,10,mean,1,10000,-5.637499999999994,-0.665364045000417,0.665364045000417
2,clifford,10,mean,1,15000,-5.244583333333329,-0.27244737833375243,0.27244737833375243
2,clifford,10,mean,1,20000,-5.586249999999997,-0.6141140450004201,0.6141140450004201
2,clifford,10,mean,1,25000,-5.7399999999999975,-0.7678640450004206,0.7678640450004206
2,clifford,10,mean,1,30000,-5.6289583333333315,-0.6568223783337546,0.6568223783337546
2,clifford,10,mean,1,35000,-5.710714285714284,-0.7385783307147067,0.7385783307147067
2,clifford,10,mean,1,40000,-5.381249999999999,-0.4091140450004218,0.4091140450004218
2,clifford,10,mean,1,45000,-5.5179166666666655,-0.5457807116670885,0.5457807116670885
2,clifford,10,mean,1,50000,-5.565749999999999,-0.5936140450004217,0.5936140450004217
2,seeqst_uniform,10,mean,1,10,0.0,4.972135954999577,4.972135954999577
2,seeqst_uniform,10,mean,1,30,0.0,4.972135954999577,4.972135954999577
2,seeqst_uniform,10,mean,1,100,-10.24,-5.267864045000423,5.267864045000423
2,seeqst_uniform,10,mean,1,300,-3.4133333333333336,1.5588026216662434,1.5588026216662434
2,seeqst_uniform,10,mean,1,1000,0.0,4.972135954999577,4.972135954999577
2,seeqst_uniform,10,mean,1,3000,-2.3893333333333335,2.5828026216662434,2.5828026216662434
2,seeqst_uniform,10,mean,1,5000,-3.072,1.9001359549995769,1.9001359549995769
2,seeqst_uniform,10,mean,1,10000,-4.5056,0.4665359549995767,0.4665359549995767
2,seeqst_uniform,10,mean,1,15000,-4.983466666666667,-0.011330711667089766,0.011330711667089766
2,seeqst_uniform,10,mean,1,20000,-5.3248,-0.3526640450004228,0.3526640450004228
2,seeqst_uniform,10,mean,1,25000,-6.144,-1.1718640450004232,1.1718640450004232
2,seeqst_uniform,10,mean,1,30000,-6.314666666666667,-1.3425307116670897,1.3425307116670897
2,seeqst_uniform,10,mean,1,35000,-5.675885714285714,-0.7037497592861373,0.7037497592861373
2,seeqst_uniform,10,mean,1,40000,-5.76,-0.7878640450004228,0.7878640450004228
2,seeqst_uniform,10,mean,1,45000,-5.688888888888889,-0.7167529338893122,0.7167529338893122
2,seeqst_uniform,10,mean,1,50000,-5.95968,-0.9875440450004227,0.9875440450004227
2,seeqst_binomial_q0.09091,10,mean,1,10,-25.937424604112483,-20.965288649112907,20.965288649112907
2,seeqst_binomial_q0.09091,10,mean,1,30,-17.291616402741656,-12.31948044774208,12.31948044774208
2,seeqst_binomial_q0.09091,10,mean,1,100,-15.56245476246749,-10.590318807467913,10.590318807467913
2,seeqst_binomial_q0.09091,10,mean,1,300,-9.510389021507912,-4.538253066508335,4.538253066508335
2,seeqst_binomial_q0.09091,10,mean,1,1000,-5.706233412904748,-0.7340974579051709,0.7340974579051709
2,seeqst_binomial_q0.09091,10,mean,1,3000,-5.014568756795081,-0.04243280179550446,0.04243280179550446
2,seeqst_binomial_q0.09091,10,mean,1,5000,-4.720611277948463,0.2515246770511137,0.2515246770511137
2,seeqst_binomial_q0.09091,10,mean,1,10000,-5.758108262112945,-0.7859723071133677,0.7859723071133677
2,seeqst_binomial_q0.09091,10,mean,1,15000,-5.533317248877334,-0.5611812938777572,0.5611812938777572
2,seeqst_binomial_q0.09091,10,mean,1,20000,-5.3431094684472,-0.3709735134476233,0.3709735134476233
2,seeqst_binomial_q0.09091,10,mean,1,25000,-5.166734981139249,-0.19459902613967195,0.19459902613967195
2,seeqst_binomial_q0.09091,10,mean,1,30000,-5.0750894142046885,-0.10295345920511156,0.10295345920511156
2,seeqst_binomial_q0.09091,10,mean,1,35000,-5.1133779933821595,-0.14124203838258254,0.14124203838258254
2,seeqst_binomial_q0.09091,10,mean,1,40000,-5.129125715463207,-0.1569897604636301,0.1569897604636301
2,seeqst_binomial_q0.09091,10,mean,1,45000,-5.187484920822442,-0.2153489658228649,0.2153489658228649
2,seeqst_binomial_q0.09091,10,mean,1,50000,-5.104485162089273,-0.1323492070896961,0.1323492070896961
2,seeqst_binomial_q0.5,10,mean,1,10,0.0,4.972135954999577,4.972135954999577
2,seeqst_binomial_q0.5,10,mean,1,30,0.0,4.972135954999577,4.972135954999577
2,seeqst_binomial_q0.5,10,mean,1,100,0.0,4.972135954999577,4.972135954999577
2,seeqst_binomial_q0.5,10,mean,1,300,-3.4133333333333336,1.5588026216662434,1.5588026216662434
2,seeqst_binomial_q0.5,10,mean,1,1000,-3.072,1.9001359549995769,1.9001359549995769
2,seeqst_binomial_q0.5,10,mean,1,3000,-4.437333333333333,0.5348026216662438,0.5348026216662438
2,seeqst_binomial_q0.5,10,mean,1,5000,-4.5056,0.4665359549995767,0.4665359549995767
2,seeqst_binomial_q0.5,10,mean,1,10000,-5.7344,-0.762264045000423,0.762264045000423
2,seeqst_binomial_q0.5,10,mean,1,15000,-5.2565333333333335,-0.28439737833375656,0.28439737833375656
2,seeqst_binomial_q0.5,10,mean,1,20000,-5.1712,-0.19906404500042285,0.19906404500042285
2,seeqst_binomial_q0.5,10,mean,1,25000,-5.03808,-0.06594404500042295,0.06594404500042295
2,seeqst_binomial_q0.5,10,mean,1,30000,-5.393066666666667,-0.42093071166708995,0.42093071166708995
2,seeqst_binomial_q0.5,10,mean,1,35000,-5.500342857142857,-0.52820690214328,0.52820690214328
2,seeqst_binomial_q0.5,10,mean,1,40000,-5.2224,-0.25026404500042343,0.25026404500042343
2,seeqst_binomial_q0.5,10,mean,1,45000,-5.415822222222222,-0.44368626722264537,0.44368626722264537
2,seeqst_binomial_q0.5,10,mean,1,50000,-5.18144,-0.20930404500042332,0.20930404500042332
2,seeqst_binomial_tuned,10,mean,1,10,-14.901161193847653,-9.929025238848077,9.929025238848077
2,seeqst_binomial_tuned,10,mean,1,30,-14.901161193847653,-9.929025238848077,9.929025238848077
2,seeqst_binomial_tuned,10,mean,1,100,-5.960464477539062,-0.9883285225394847,0.9883285225394847
2,seeqst_binomial_tuned,10,mean,1,300,-3.973642985026041,0.9984929699735359,0.9984929699735359
2,seeqst_binomial_tuned,10,mean,1,1000,-3.4272670745849605,1.5448688804146165,1.5448688804146165
2,seeqst_binomial_tuned,10,mean,1,3000,-4.271666208902994,0.7004697460965827,0.7004697460965827
2,seeqst_binomial_tuned,10,mean,1,5000,-5.0961971282958975,-0.1240611732963206,0.1240611732963206
2,seeqst_binomial_tuned,10,mean,1,10000,-5.006790161132812,-0.034654206133234666,0.034654206133234666
2,seeqst_binomial_tuned,10,mean,1,15000,-4.947185516357421,0.02495043864215596,0.02495043864215596
2,seeqst_binomial_tuned,10,mean,1,20000,-5.08129596710205,-0.10916001210247295,0.10916001210247295
2,seeqst_binomial_tuned,10,mean,1,25000,-4.947185516357421,0.02495043864215596,0.02495043864215596
2,seeqst_binomial_tuned,10,mean,1,30000,-5.135933558146158,-0.16379760314658132,0.16379760314658132
2,seeqst_binomial_tuned,10,mean,1,35000,-5.062137331281389,-0.09000137628181193,0.09000137628181193
2,seeqst_binomial_tuned,10,mean,1,40000,-5.1409006118774405,-0.16876465687786357,0.16876465687786357
2,seeqst_binomial_tuned,10,mean,1,45000,-5.0730175442165795,-0.10088158921700252,0.10088158921700252
2,seeqst_binomial_tuned,10,mean,1,50000,-5.069375038146972,-0.09723908314739482,0.09723908314739482
3,pauli,10,mean,1,10,-4.274999999999994,0.6971359549995828,0.6971359549995828
3,pauli,10,mean,1,30,-3.8999999999999977,1.0721359549995793,1.0721359549995793
3,pauli,10,mean,1,100,4.252499999999995,9.224635954999572,9.224635954999572
3,pauli,10,mean,1,300,-1.9050000000000005,3.0671359549995767,3.0671359549995767
3,pauli,10,mean,1,1000,-1.6875000000000004,3.2846359549995765,3.2846359549995765
3,pauli,10,mean,1,3000,-9.191249999999998,-4.219114045000421,4.219114045000421
3,pauli,10,mean,1,5000,-6.625349999999998,-1.6532140450004214,1.6532140450004214
3,pauli,10,mean,1,10000,-5.689124999999999,-0.7169890450004219,0.7169890450004219
3,pauli,10,mean,1,15000,-5.805899999999999,-0.8337640450004224,0.8337640450004224
3,pauli,10,mean,1,20000,-6.168374999999998,-1.1962390450004214,1.1962390450004214
3,pauli,10,mean,1,25000,-5.841539999999998,-0.8694040450004215,0.8694040450004215
3,pauli,10,mean,1,30000,-5.8218749999999995,-0.8497390450004225,0.8497390450004225
3,pauli,10,mean,1,35000,-5.574857142857142,-0.6027211878575649,0.6027211878575649
3,pauli,10,mean,1,40000,-5.5691999999999995,-0.5970640450004225,0.5970640450004225
3,pauli,10,mean,1,45000,-5.498099999999999,-0.5259640450004222,0.5259640450004222
3,pauli,10,mean,1,50000,-5.336729999999998,-0.3645940450004215,0.3645940450004215
3,clifford,10,mean,1,10,2.411221647349426e-15,4.97213595499958,4.97213595499958
3,clifford,10,mean,1,30,17.083333333333282,22.05546928833286,22.05546928833286
3,clifford,10,mean,1,100,15.374999999999948,20.347135954999526,20.347135954999526
3,clifford,10,mean,1,300,-1.7083333333333253,3.263802621666252,3.263802621666252
3,clifford,10,mean,1,1000,-5.124999999999978,-0.15286404500040085,0.15286404500040085
3,clifford,10,mean,1,3000,-5.893749999999982,-0.9216140450004051,0.9216140450004051
3,clifford,10,mean,1,5000,-6.303749999999988,-1.3316140450004115,1.3316140450004115
3,clifford,10,mean,1,10000,-6.021874999999994,-1.0497390450004174,1.0497390450004174
3,clifford,10,mean,1,15000,-5.705833333333329,-0.7336973783337521,0.7336973783337521
3,clifford,10,mean,1,20000,-5.368437499999997,-0.39630154500042014,0.39630154500042014
3,clifford,10,mean,1,25000,-5.258249999999998,-0.2861140450004207,0.2861140450004207
3,clifford,10,mean,1,30000,-5.107916666666664,-0.1357807116670875,0.1357807116670875
3,clifford,10,mean,1,35000,-4.8980357142857125,0.07410024071386445,0.07410024071386445
3,clifford,10,mean,1,40000,-5.022499999999998,-0.05036404500042124,0.05036404500042124
3,clifford,10,mean,1,45000,-4.85736111111111,0.11477484388846726,0.11477484388846726
3,clifford,10,mean,1,50000,-4.817499999999999,0.15463595499957794,0.15463595499957794
3,seeqst_uniform,10,mean,1,10,0.0,4.972135954999577,4.972135954999577
3,seeqst_uniform,10,mean,1,30,0.0,4.972135954999577,4.972135954999577
3,seeqst_uniform,10,mean,1,100,0.0,4.972135954999577,4.972135954999577
3,seeqst_uniform,10,mean,1,300,-3.4133333333333336,1.5588026216662434,1.5588026216662434
3,seeqst_uniform,10,mean,1,1000,-8.192,-3.2198640450004232,3.2198640450004232
3,seeqst_uniform,10,mean,1,3000,-7.168,-2.195864045000423,2.195864045000423
3,seeqst_uniform,10,mean,1,5000,-7.168,-2.195864045000423,2.195864045000423
3,seeqst_uniform,10,mean,1,10000,-5.5296,-0.5574640450004233,0.5574640450004233
3,seeqst_uniform,10,mean,1,15000,-5.393066666666667,-0.42093071166708995,0.42093071166708995
3,seeqst_uniform,10,mean,1,20000,-5.4272,-0.4550640450004231,0.4550640450004231
3,seeqst_uniform,10,mean,1,25000,-5.03808,-0.06594404500042295,0.06594404500042295
3,seeqst_uniform,10,mean,1,30000,-5.051733333333333,-0.07959737833375602,0.07959737833375602
3,seeqst_uniform,10,mean,1,35000,-4.944457142857143,0.02767881214243406,0.02767881214243406
3,seeqst_uniform,10,mean,1,40000,-4.9664,0.005735954999576798,0.005735954999576798
3,seeqst_uniform,10,mean,1,45000,-4.892444444444444,0.0796915105551328,0.0796915105551328
3,seeqst_uniform,10,mean,1,50000,-4.95616,0.01597595499957727,0.01597595499957727
3,seeqst_binomial_q0.09091,10,mean,1,10,0.0,4.972135954999577,4.972135954999577
3,seeqst_binomial_q0.09091,10,mean,1,30,-8.645808201370828,-3.6736722463712512,3.6736722463712512
3,seeqst_binomial_q0.09091,10,mean,1,100,-7.7812273812337445,-2.8090914262341675,2.8090914262341675
3,seeqst_binomial_q0.09091,10,mean,1,300,-2.593742460411248,2.378393494588329,2.378393494588329
3,seeqst_binomial_q0.09091,10,mean,1,1000,-4.409362182699123,0.5627737723004538,0.5627737723004538
3,seeqst_binomial_q0.09091,10,mean,1,3000,-4.668736428740249,0.3033995262593283,0.3033995262593283
3,seeqst_binomial_q0.09091,10,mean,1,5000,-4.616861579532014,0.35527437546756335,0.35527437546756335
3,seeqst_binomial_q0.09091,10,mean,1,10000,-3.8906136906168585,1.0815222643827185,1.0815222643827185
3,seeqst_binomial_q0.09091,10,mean,1,15000,-4.39207056629636,0.5800653887032166,0.5800653887032166
3,seeqst_binomial_q0.09091,10,mean,1,20000,-4.344518621188848,0.6276173338107291,0.6276173338107291
3,seeqst_binomial_q0.09091,10,mean,1,25000,-4.409362182699148,0.5627737723004289,0.5627737723004289
3,seeqst_binomial_q0.09091,10,mean,1,30000,-4.435299607303269,0.5368363476963083,0.5368363476963083
3,seeqst_binomial_q0.09091,10,mean,1,35000,-4.431594260931226,0.5405416940683505,0.5405416940683505
3,seeqst_binomial_q0.09091,10,mean,1,40000,-4.590924154927891,0.38121180007168576,0.38121180007168576
3,seeqst_binomial_q0.09091,10,mean,1,45000,-4.628389323800482,0.3437466311990951,0.3437466311990951
3,seeqst_binomial_q0.09091,10,mean,1,50000,-4.67392391366102,0.29821204133855694,0.29821204133855694
3,seeqst_binomial_q0.5,10,mean,1,10,0.0,4.972135954999577,4.972135954999577
3,seeqst_binomial_q0.5,10,mean,1,30,34.13333333333333,39.10546928833291,39.10546928833291
3,seeqst_binomial_q0.5,10,mean,1,100,10.24,15.212135954999578,15.212135954999578
3,seeqst_binomial_q0.5,10,mean,1,300,-3.4133333333333336,1.5588026216662434,1.5588026216662434
3,seeqst_binomial_q0.5,10,mean,1,1000,-4.096,0.8761359549995769,0.8761359549995769
3,seeqst_binomial_q0.5,10,mean,1,3000,-3.7546666666666666,1.2174692883329103,1.2174692883329103
3,seeqst_binomial_q0.5,10,mean,1,5000,-4.5056,0.4665359549995767,0.4665359549995767
3,seeqst_binomial_q0.5,10,mean,1,10000,-5.8368,-0.8646640450004233,0.8646640450004233
3,seeqst_binomial_q0.5,10,mean,1,15000,-6.007466666666667,-1.0353307116670898,1.0353307116670898
3,seeqst_binomial_q0.5,10,mean,1,20000,-5.7856,-0.8134640450004227,0.8134640450004227
3,seeqst_binomial_q0.5,10,mean,1,25000,-5.48864,-0.5165040450004232,0.5165040450004232
3,seeqst_binomial_q0.5,10,mean,1,30000,-5.7344,-0.762264045000423,0.762264045000423
3,seeqst_binomial_q0.5,10,mean,1,35000,-6.202514285714286,-1.230378330714709,1.230378330714709
3,seeqst_binomial_q0.5,10,mean,1,40000,-6.016,-1.043864045000423,1.043864045000423
3,seeqst_binomial_q0.5,10,mean,1,45000,-5.757155555555555,-0.7850196005559784,0.7850196005559784
3,seeqst_binomial_q0.5,10,mean,1,50000,-5.95968,-0.9875440450004227,0.9875440450004227
3,seeqst_binomial_tuned,10,mean,1,10,0.0,4.972135954999577,4.972135954999577
3,seeqst_binomial_tuned,10,mean,1,30,0.0,4.972135954999577,4.972135954999577
3,seeqst_binomial_tuned,10,mean,1,100,-2.980232238769531,1.9919037162300461,1.9919037162300461
3,seeqst_binomial_tuned,10,mean,1,300,-3.973642985026041,0.9984929699735359,0.9984929699735359
3,seeqst_binomial_tuned,10,mean,1,1000,-4.023313522338866,0.9488224326607106,0.9488224326607106
3,seeqst_binomial_tuned,10,mean,1,3000,-3.8246313730875645,1.1475045819120124,1.1475045819120124
3,seeqst_binomial_tuned,10,mean,1,5000,-4.470348358154296,0.501787596845281,0.501787596845281
3,seeqst_binomial_tuned,10,mean,1,10000,-4.544854164123534,0.4272817908760427,0.4272817908760427
3,seeqst_binomial_tuned,10,mean,1,15000,-4.688898722330729,0.28323723266884837,0.28323723266884837
3,seeqst_binomial_tuned,10,mean,1,20000,-4.917383193969726,0.05475276102985127,0.05475276102985127
3,seeqst_binomial_tuned,10,mean,1,25000,-5.048513412475585,-0.0763774574760081,0.0763774574760081
3,seeqst_binomial_tuned,10,mean,1,30000,-5.046526590983072,-0.07439063598349538,0.07439063598349538
3,seeqst_binomial_tuned,10,mean,1,35000,-5.002532686505998,-0.030396731506421304,0.030396731506421304
3,seeqst_binomial_tuned,10,mean,1,40000,-5.144625902175902,-0.1724899471763255,0.1724899471763255
3,seeqst_binomial_tuned,10,mean,1,45000,-5.079640282524956,-0.10750432752537886,0.10750432752537886
3,seeqst_binomial_tuned,10,mean,1,50000,-5.093216896057128,-0.12108094105755107,0.12108094105755107
4,pauli,10,mean,1,10,-10.799999999999994,-5.827864045000417,5.827864045000417
4,pauli,10,mean,1,30,-7.799999999999995,-2.8278640450004184,2.8278640450004184
4,pauli,10,mean,1,100,-4.882499999999998,0.08963595499957933,0.08963595499957933
4,pauli,10,mean,1,300,-2.7225000000000006,2.2496359549995764,2.2496359549995764
4,pauli,10,mean,1,1000,-2.46375,2.508385954999577,2.508385954999577
4,pauli,10,mean,1,3000,-4.0515,0.9206359549995771,0.9206359549995771
4,pauli,10,mean,1,5000,-4.0482,0.9239359549995774,0.9239359549995774
4,pauli,10,mean,1,10000,-3.539475,1.432660954999577,1.432660954999577
4,pauli,10,mean,1,15000,-4.716599999999999,0.25553595499957815,0.25553595499957815
4,pauli,10,mean,1,20000,-4.260937499999999,0.711198454999578,0.711198454999578
4,pauli,10,mean,1,25000,-3.56202,1.410115954999577,1.410115954999577
4,pauli,10,mean,1,30000,-3.42855,1.543585954999577,1.543585954999577
4,pauli,10,mean,1,35000,-3.5976857142857144,1.3744502407138626,1.3744502407138626
4,pauli,10,mean,1,40000,-3.726675,1.2454609549995768,1.2454609549995768
4,pauli,10,mean,1,45000,-3.79555,1.176585954999577,1.176585954999577
4,pauli,10,mean,1,50000,-3.87144,1.1006959549995767,1.1006959549995767
4,clifford,10,mean,1,10,-51.249999999999844,-46.277864045000264,46.277864045000264
4,clifford,10,mean,1,30,-17.083333333333282,-12.111197378333706,12.111197378333706
4,clifford,10,mean,1,100,-10.24999999999997,-5.277864045000393,5.277864045000393
4,clifford,10,mean,1,300,-11.104166666666623,-6.1320307116670465,6.1320307116670465
4,clifford,10,mean,1,1000,-4.0999999999999845,0.8721359549995924,0.8721359549995924
4,clifford,10,mean,1,3000,-5.722916666666652,-0.7507807116670753,0.7507807116670753
4,clifford,10,mean,1,5000,-4.868749999999989,0.10338595499958814,0.10338595499958814
4,clifford,10,mean,1,10000,-4.689374999999994,0.2827609549995831,0.2827609549995831
4,clifford,10,mean,1,15000,-5.261666666666661,-0.28953071166708444,0.28953071166708444
4,clifford,10,mean,1,20000,-5.035312499999996,-0.06317654500041936,0.06317654500041936
4,clifford,10,mean,1,25000,-5.196749999999997,-0.22461404500042015,0.22461404500042015
4,clifford,10,mean,1,30000,-4.774791666666664,0.1973442883329133,0.1973442883329133
4,clifford,10,mean,1,35000,-4.414821428571426,0.5573145264281507,0.5573145264281507
4,clifford,10,mean,1,40000,-4.606093749999998,0.3660422049995793,0.3660422049995793
4,clifford,10,mean,1,45000,-4.475833333333331,0.4963026216662456,0.4963026216662456
4,clifford,10,mean,1,50000,-4.576624999999998,0.3955109549995788,0.3955109549995788
4,seeqst_uniform,10,mean,1,10,0.0,4.972135954999577,4.972135954999577
4,seeqst_uniform,10,mean,1,30,0.0,4.972135954999577,4.972135954999577
4,seeqst_uniform,10,mean,1,100,0.0,4.972135954999577,4.972135954999577
4,seeqst_uniform,10,mean,1,300,0.0,4.972135954999577,4.972135954999577
4,seeqst_uniform,10,mean,1,1000,-4.096,0.8761359549995769,0.8761359549995769
4,seeqst_uniform,10,mean,1,3000,-6.826666666666667,-1.8545307116670902,1.8545307116670902
4,seeqst_uniform,10,mean,1,5000,-7.3728,-2.400664045000423,2.400664045000423
4,seeqst_uniform,10,mean,1,10000,-5.632,-0.6598640450004227,0.6598640450004227
4,seeqst_uniform,10,mean,1,15000,-6.485333333333333,-1.5131973783337562,1.5131973783337562
4,seeqst_uniform,10,mean,1,20000,-5.5296,-0.5574640450004233,0.5574640450004233
4,seeqst_uniform,10,mean,1,25000,-5.44768,-0.47554404500042313,0.47554404500042313
4,seeqst_uniform,10,mean,1,30000,-5.0176,-0.04546404500042289,0.04546404500042289
4,seeqst_uniform,10,mean,1,35000,-4.827428571428571,0.14470738357100554,0.14470738357100554
4,seeqst_uniform,10,mean,1,40000,-5.1456,-0.173464045000423,0.173464045000423
4,seeqst_uniform,10,mean,1,45000,-5.233777777777778,-0.26164182277820114,0.26164182277820114
4,seeqst_uniform,10,mean,1,50000,-5.05856,-0.086424045000423,0.086424045000423
4,seeqst_binomial_q0.09091,10,mean,1,10,-25.937424604112483,-20.965288649112907,20.965288649112907
4,seeqst_binomial_q0.09091,10,mean,1,30,-17.291616402741656,-12.31948044774208,12.31948044774208
4,seeqst_binomial_q0.09091,10,mean,1,100,-10.374969841644992,-5.402833886645415,5.402833886645415
4,seeqst_binomial_q0.09091,10,mean,1,300,-4.322904100685414,0.6492318543141629,0.6492318543141629
4,seeqst_binomial_q0.09091,10,mean,1,1000,-3.6312394445757485,1.3408965104238284,1.3408965104238284
4,seeqst_binomial_q0.09091,10,mean,1,3000,-2.939574788466082,2.032561166533495,2.032561166533495
4,seeqst_binomial_q0.09091,10,mean,1,5000,-3.0606161032852737,1.9115198517143033,1.9115198517143033
4,seeqst_binomial_q0.09091,10,mean,1,10000,-3.8646762660127463,1.1074596889868307,1.1074596889868307
4,seeqst_binomial_q0.09091,10,mean,1,15000,-4.080821471047011,0.8913144839525655,0.8913144839525655
4,seeqst_binomial_q0.09091,10,mean,1,20000,-4.253737635074453,0.7183983199251243,0.7183983199251243
4,seeqst_binomial_q0.09091,10,mean,1,25000,-4.367862303332567,0.6042736516670102,0.6042736516670102
4,seeqst_binomial_q0.09091,10,mean,1,30000,-4.305612484282707,0.6665234707168697,0.6665234707168697
4,seeqst_binomial_q0.09091,10,mean,1,35000,-4.40936218269913,0.5627737723004467,0.5627737723004467
4,seeqst_binomial_q0.09091,10,mean,1,40000,-4.383424758094999,0.588711196904578,0.588711196904578
4,seeqst_binomial_q0.09091,10,mean,1,45000,-4.403598310564847,0.5685376444347296,0.5685376444347296
4,seeqst_binomial_q0.09091,10,mean,1,50000,-4.341924878728392,0.630211076271185,0.630211076271185
4,seeqst_binomial_q0.5,10,mean,1,10,0.0,4.972135954999577,4.972135954999577
4,seeqst_binomial_q0.5,10,mean,1,30,0.0,4.972135954999577,4.972135954999577
4,seeqst_binomial_q0.5,10,mean,1,100,0.0,4.972135954999577,4.972135954999577
4,seeqst_binomial_q0.5,10,mean,1,300,-3.4133333333333336,1.5588026216662434,1.5588026216662434
4,seeqst_binomial_q0.5,10,mean,1,1000,2.048,7.020135954999577,7.020135954999577
4,seeqst_binomial_q0.5,10,mean,1,3000,-4.096,0.8761359549995769,0.8761359549995769
4,seeqst_binomial_q0.5,10,mean,1,5000,-5.12,-0.14786404500042316,0.14786404500042316
4,seeqst_binomial_q0.5,10,mean,1,10000,-4.1984,0.7737359549995766,0.7737359549995766
4,seeqst_binomial_q0.5,10,mean,1,15000,-4.164266666666666,0.8078692883329106,0.8078692883329106
4,seeqst_binomial_q0.5,10,mean,1,20000,-4.864,0.10813595499957707,0.10813595499957707
4,seeqst_binomial_q0.5,10,mean,1,25000,-4.9152,0.056935954999577376,0.056935954999577376
4,seeqst_binomial_q0.5,10,mean,1,30000,-5.3248,-0.3526640450004228,0.3526640450004228
4,seeqst_binomial_q0.5,10,mean,1,35000,-5.3248,-0.3526640450004228,0.3526640450004228
4,seeqst_binomial_q0.5,10,mean,1,40000,-5.376,-0.4038640450004234,0.4038640450004234
4,seeqst_binomial_q0.5,10,mean,1,45000,-5.1427555555555555,-0.17061960055597858,0.17061960055597858
4,seeqst_binomial_q0.5,10,mean,1,50000,-5.26336,-0.29122404500042265,0.29122404500042265
4,seeqst_binomial_tuned,10,mean,1,10,-14.901161193847653,-9.929025238848077,9.929025238848077
4,seeqst_binomial_tuned,10,mean,1,30,-4.967053731282551,0.0050822237170260465,0.0050822237170260465
4,seeqst_binomial_tuned,10,mean,1,100,-2.98023223876953,1.991903716230047,1.991903716230047
4,seeqst_binomial_tuned,10,mean,1,300,-4.470348358154296,0.501787596845281,0.501787596845281
4,seeqst_binomial_tuned,10,mean,1,1000,-5.066394805908202,-0.09425885090862529,0.09425885090862529
4,seeqst_binomial_tuned,10,mean,1,3000,-5.712111790974934,-0.7399758359753568,0.7399758359753568
4,seeqst_binomial_tuned,10,mean,1,5000,-5.960464477539062,-0.9883285225394847,0.9883285225394847
4,seeqst_binomial_tuned,10,mean,1,10000,-5.394220352172851,-0.42208439717327373,0.42208439717327373
4,seeqst_binomial_tuned,10,mean,1,15000,-5.046526590983072,-0.07439063598349538,0.07439063598349538
4,seeqst_binomial_tuned,10,mean,1,20000,-5.133450031280517,-0.16131407628093974,0.16131407628093974
4,seeqst_binomial_tuned,10,mean,1,25000,-4.965066909790038,0.007069045209538771,0.007069045209538771
4,seeqst_binomial_tuned,10,mean,1,30000,-5.086263020833332,-0.1141270658337552,0.1141270658337552
4,seeqst_binomial_tuned,10,mean,1,35000,-5.053622382027761,-0.08148642702818432,0.08148642702818432
4,seeqst_binomial_tuned,10,mean,1,40000,-5.06266951560974,-0.09053356061016338,0.09053356061016338
4,seeqst_binomial_tuned,10,mean,1,45000,-5.046526590983072,-0.07439063598349538,0.07439063598349538
4,seeqst_binomial_tuned,10,mean,1,50000,-5.054473876953124,-0.08233792195354717,0.08233792195354717
5,pauli,10,mean,1,10,-1.3499999999999972,3.62213595499958,3.62213595499958
5,pauli,10,mean,1,30,-8.174999999999992,-3.202864045000415,3.202864045000415
5,pauli,10,mean,1,100,-10.979999999999993,-6.007864045000416,6.007864045000416
5,pauli,10,mean,1,300,10.454999999999997,15.427135954999574,15.427135954999574
5,pauli,10,mean,1,1000,-1.235249999999999,3.736885954999578,3.736885954999578
5,pauli,10,mean,1,3000,-3.3225,1.6496359549995772,1.6496359549995772
5,pauli,10,mean,1,5000,-2.6541000000000006,2.3180359549995764,2.3180359549995764
5,pauli,10,mean,1,10000,-4.806675,0.1654609549995767,0.1654609549995767
5,pauli,10,mean,1,15000,-4.2375,0.7346359549995771,0.7346359549995771
5,pauli,10,mean,1,20000,-4.7817,0.1904359549995771,0.1904359549995771
5,pauli,10,mean,1,25000,-4.302,0.6701359549995773,0.6701359549995773
5,pauli,10,mean,1,30000,-4.4838,0.4883359549995774,0.4883359549995774
5,pauli,10,mean,1,35000,-4.582157142857143,0.38997881214243435,0.38997881214243435
5,pauli,10,mean,1,40000,-4.81280625,0.15932970499957655,0.15932970499957655
5,pauli,10,mean,1,45000,-4.70685,0.26528595499957675,0.26528595499957675
5,pauli,10,mean,1,50000,-5.006745,-0.03460904500042261,0.03460904500042261
5,clifford,10,mean,1,10,25.624999999999865,30.59713595499944,30.59713595499944
5,clifford,10,mean,1,30,8.541666666666623,13.513802621666201,13.513802621666201
5,clifford,10,mean,1,100,2.5624999999999774,7.534635954999555,7.534635954999555
5,clifford,10,mean,1,300,-1.7083333333333344,3.2638026216662426,3.2638026216662426
5,clifford,10,mean,1,1000,-5.124999999999988,-0.15286404500041062,0.15286404500041062
5,clifford,10,mean,1,3000,-7.26041666666665,-2.288280711667073,2.288280711667073
5,clifford,10,mean,1,5000,-7.17499999999999,-2.202864045000413,2.202864045000413
5,clifford,10,mean,1,10000,-5.816874999999995,-0.8447390450004182,0.8447390450004182
5,clifford,10,mean,1,15000,-5.176249999999996,-0.20411404500041908,0.20411404500041908
5,clifford,10,mean,1,20000,-4.958437499999997,0.013698454999580001,0.013698454999580001
5,clifford,10,mean,1,25000,-4.755999999999998,0.21613595499957938,0.21613595499957938
5,clifford,10,mean,1,30000,-4.749166666666665,0.22296928833291219,0.22296928833291219
5,clifford,10,mean,1,35000,-5.051785714285713,-0.07964975928613605,0.07964975928613605
5,clifford,10,mean,1,40000,-4.964843749999998,0.007292204999578722,0.007292204999578722
5,clifford,10,mean,1,45000,-5.022499999999999,-0.05036404500042213,0.05036404500042213
5,clifford,10,mean,1,50000,-5.001999999999999,-0.029864045000421946,0.029864045000421946
5,seeqst_uniform,10,mean,1,10,0.0,4.972135954999577,4.972135954999577
5,seeqst_uniform,10,mean,1,30,0.0,4.972135954999577,4.972135954999577
5,seeqst_uniform,10,mean,1,100,-10.24,-5.267864045000423,5.267864045000423
5,seeqst_uniform,10,mean,1,300,-10.24,-5.267864045000423,5.267864045000423
5,seeqst_uniform,10,mean,1,1000,-9.216,-4.243864045000422,4.243864045000422
5,seeqst_uniform,10,mean,1,3000,-4.778666666666667,0.19346928833290988,0.19346928833290988
5,seeqst_uniform,10,mean,1,5000,-5.12,-0.14786404500042316,0.14786404500042316
5,seeqst_uniform,10,mean,1,10000,-4.1984,0.7737359549995766,0.7737359549995766
5,seeqst_uniform,10,mean,1,15000,-4.3008,0.6713359549995772,0.6713359549995772
5,seeqst_uniform,10,mean,1,20000,-4.096,0.8761359549995769,0.8761359549995769
5,seeqst_uniform,10,mean,1,25000,-4.34176,0.6303759549995771,0.6303759549995771
5,seeqst_uniform,10,mean,1,30000,-4.1984,0.7737359549995766,0.7737359549995766
5,seeqst_uniform,10,mean,1,35000,-4.154514285714286,0.8176216692852911,0.8176216692852911
5,seeqst_uniform,10,mean,1,40000,-4.1472,0.8249359549995772,0.8249359549995772
5,seeqst_uniform,10,mean,1,45000,-4.209777777777778,0.7623581772217989,0.7623581772217989
5,seeqst_uniform,10,mean,1,50000,-4.23936,0.7327759549995774,0.7327759549995774
5,seeqst_binomial_q0.09091,10,mean,1,10,0.0,4.972135954999577,4.972135954999577
5,seeqst_binomial_q0.09091,10,mean,1,30,0.0,4.972135954999577,4.972135954999577
5,seeqst_binomial_q0.09091,10,mean,1,100,2.593742460411248,7.565878415410825,7.565878415410825
5,seeqst_binomial_q0.09091,10,mean,1,300,-2.593742460411248,2.378393494588329,2.378393494588329
5,seeqst_binomial_q0.09091,10,mean,1,1000,-5.706233412904748,-0.7340974579051709,0.7340974579051709
5,seeqst_binomial_q0.09091,10,mean,1,3000,-4.149987936657999,0.8221480183415784,0.8221480183415784
5,seeqst_binomial_q0.09091,10,mean,1,5000,-3.216240650909949,1.755895304089628,1.755895304089628
5,seeqst_binomial_q0.09091,10,mean,1,10000,-4.4093621826991045,0.5627737723004724,0.5627737723004724
5,seeqst_binomial_q0.09091,10,mean,1,15000,-4.547695113921038,0.42444084107853897,0.42444084107853897
5,seeqst_binomial_q0.09091,10,mean,1,20000,-4.513111881115583,0.45902407388399435,0.45902407388399435
5,seeqst_binomial_q0.09091,10,mean,1,25000,-4.834735946206602,0.13740000879297476,0.13740000879297476
5,seeqst_binomial_q0.09091,10,mean,1,30000,-4.746548702552608,0.2255872524469691,0.2255872524469691
5,seeqst_binomial_q0.09091,10,mean,1,35000,-4.742843356180566,0.22929259881901132,0.22929259881901132
5,seeqst_binomial_q0.09091,10,mean,1,40000,-4.47420574420939,0.4979302107901873,0.4979302107901873
5,seeqst_binomial_q0.09091,10,mean,1,45000,-4.513111881115541,0.4590240738840361,0.4590240738840361
5,seeqst_binomial_q0.09091,10,mean,1,50000,-4.622049064452797,0.35008689054677955,0.35008689054677955
5,seeqst_binomial_q0.5,10,mean,1,10,0.0,4.972135954999577,4.972135954999577
5,seeqst_binomial_q0.5,10,mean,1,30,0.0,4.972135954999577,4.972135954999577
5,seeqst_binomial_q0.5,10,mean,1,100,0.0,4.972135954999577,4.972135954999577
5,seeqst_binomial_q0.5,10,mean,1,300,0.0,4.972135954999577,4.972135954999577
5,seeqst_binomial_q0.5,10,mean,1,1000,-3.072,1.9001359549995769,1.9001359549995769
5,seeqst_binomial_q0.5,10,mean,1,3000,-4.096,0.8761359549995769,0.8761359549995769
5,seeqst_binomial_q0.5,10,mean,1,5000,-4.7104,0.261735954999577,0.261735954999577
5,seeqst_binomial_q0.5,10,mean,1,10000,-5.4272,-0.4550640450004231,0.4550640450004231
5,seeqst_binomial_q0.5,10,mean,1,15000,-5.3248,-0.3526640450004228,0.3526640450004228
5,seeqst_binomial_q0.5,10,mean,1,20000,-5.7856,-0.8134640450004227,0.8134640450004227
5,seeqst_binomial_q0.5,10,mean,1,25000,-5.12,-0.14786404500042316,0.14786404500042316
5,seeqst_binomial_q0.5,10,mean,1,30000,-4.983466666666667,-0.011330711667089766,0.011330711667089766
5,seeqst_binomial_q0.5,10,mean,1,35000,-5.002971428571429,-0.03083547357185168,0.03083547357185168
5,seeqst_binomial_q0.5,10,mean,1,40000,-5.1456,-0.173464045000423,0.173464045000423
5,seeqst_binomial_q0.5,10,mean,1,45000,-5.12,-0.14786404500042316,0.14786404500042316
5,seeqst_binomial_q0.5,10,mean,1,50000,-5.03808,-0.06594404500042295,0.06594404500042295
5,seeqst_binomial_tuned,10,mean,1,10,-14.901161193847653,-9.929025238848077,9.929025238848077
5,seeqst_binomial_tuned,10,mean,1,30,-4.967053731282551,0.0050822237170260465,0.0050822237170260465
5,seeqst_binomial_tuned,10,mean,1,100,-2.980232238769531,1.9919037162300461,1.9919037162300461
5,seeqst_binomial_tuned,10,mean,1,300,-1.9868214925130205,2.9853144624865564,2.9853144624865564
5,seeqst_binomial_tuned,10,mean,1,1000,-4.321336746215819,0.6507992087837575,0.6507992087837575
5,seeqst_binomial_tuned,10,mean,1,3000,-5.31474749247233,-0.3426115374727532,0.3426115374727532
5,seeqst_binomial_tuned,10,mean,1,5000,-5.1856040954589835,-0.21346814045940654,0.21346814045940654
5,seeqst_binomial_tuned,10,mean,1,10000,-5.051493644714355,-0.07935768971477764,0.07935768971477764
5,seeqst_binomial_tuned,10,mean,1,15000,-5.265076955159504,-0.2929410001599271,0.2929410001599271
5,seeqst_binomial_tuned,10,mean,1,20000,-5.021691322326659,-0.04955536732708232,0.04955536732708232
5,seeqst_binomial_tuned,10,mean,1,25000,-5.01871109008789,-0.04657513508831279,0.04657513508831279
5,seeqst_binomial_tuned,10,mean,1,30000,-5.0961971282958975,-0.1240611732963206,0.1240611732963206
5,seeqst_binomial_tuned,10,mean,1,35000,-5.117484501429965,-0.1453485464303883,0.1453485464303883
5,seeqst_binomial_tuned,10,mean,1,40000,-5.103647708892821,-0.13151175389324443,0.13151175389324443
5,seeqst_binomial_tuned,10,mean,1,45000,-5.175669987996419,-0.20353403299684203,0.20353403299684203
5,seeqst_binomial_tuned,10,mean,1,50000,-5.212426185607909,-0.24029023060833232,0.24029023060833232
6,pauli,10,mean,1,10,-2.699999999999998,2.272135954999579,2.272135954999579
6,pauli,10,mean,1,30,-11.474999999999993,-6.502864045000416,6.502864045000416
6,pauli,10,mean,1,100,-6.367499999999996,-1.3953640450004192,1.3953640450004192
6,pauli,10,mean,1,300,-8.789999999999997,-3.8178640450004204,3.8178640450004204
6,pauli,10,mean,1,1000,-4.374,0.5981359549995773,0.5981359549995773
6,pauli,10,mean,1,3000,-2.2387500000000005,2.7333859549995765,2.7333859549995765
6,pauli,10,mean,1,5000,-4.37175,0.6003859549995774,0.6003859549995774
6,pauli,10,mean,1,10000,-5.826375,-0.8542390450004227,0.8542390450004227
6,pauli,10,mean,1,15000,-5.6814,-0.7092640450004231,0.7092640450004231
6,pauli,10,mean,1,20000,-5.6741625,-0.7020265450004235,0.7020265450004235
6,pauli,10,mean,1,25000,-5.85225,-0.8801140450004228,0.8801140450004228
6,pauli,10,mean,1,30000,-5.6565,-0.6843640450004234,0.6843640450004234
6,pauli,10,mean,1,35000,-5.64885,-0.6767140450004234,0.6767140450004234
6,pauli,10,mean,1,40000,-5.6086875,-0.6365515450004233,0.6365515450004233
6,pauli,10,mean,1,45000,-5.64415,-0.6720140450004228,0.6720140450004228
6,pauli,10,mean,1,50000,-5.76513,-0.7929940450004231,0.7929940450004231
6,clifford,10,mean,1,10,-25.624999999999908,-20.65286404500033,20.65286404500033
6,clifford,10,mean,1,30,-8.541666666666638,-3.5695307116670607,3.5695307116670607
6,clifford,10,mean,1,100,2.5624999999999805,7.534635954999557,7.534635954999557
6,clifford,10,mean,1,300,-6.833333333333303,-1.861197378333726,1.861197378333726
6,clifford,10,mean,1,1000,-4.35624999999998,0.6158859549995972,0.6158859549995972
6,clifford,10,mean,1,3000,-4.27083333333332,0.7013026216662572,0.7013026216662572
6,clifford,10,mean,1,5000,-5.996249999999989,-1.0241140450004123,1.0241140450004123
6,clifford,10,mean,1,10000,-4.817499999999995,0.15463595499958238,0.15463595499958238
6,clifford,10,mean,1,15000,-4.304999999999996,0.6671359549995808,0.6671359549995808
6,clifford,10,mean,1,20000,-4.5740624999999975,0.39807345499957947,0.39807345499957947
6,clifford,10,mean,1,25000,-4.171749999999998,0.8003859549995793,0.8003859549995793
6,clifford,10,mean,1,30000,-4.373333333333331,0.5988026216662456,0.5988026216662456
6,clifford,10,mean,1,35000,-4.414821428571427,0.5573145264281498,0.5573145264281498
6,clifford,10,mean,1,40000,-4.490781249999999,0.48135470499957833,0.48135470499957833
6,clifford,10,mean,1,45000,-4.669444444444443,0.30269151055513355,0.30269151055513355
6,clifford,10,mean,1,50000,-4.868749999999999,0.10338595499957837,0.10338595499957837
6,seeqst_uniform,10,mean,1,10,-102.4,-97.42786404500043,97.42786404500043
6,seeqst_uniform,10,mean,1,30,-68.26666666666667,-63.294530711667086,63.294530711667086
6,seeqst_uniform,10,mean,1,100,-30.72,-25.747864045000423,25.747864045000423
6,seeqst_uniform,10,mean,1,300,-13.653333333333334,-8.681197378333756,8.681197378333756
6,seeqst_uniform,10,mean,1,1000,-10.24,-5.267864045000423,5.267864045000423
6,seeqst_uniform,10,mean,1,3000,-7.168,-2.195864045000423,2.195864045000423
6,seeqst_uniform,10,mean,1,5000,-5.9392,-0.9670640450004226,0.9670640450004226
6,seeqst_uniform,10,mean,1,10000,-5.2224,-0.25026404500042343,0.25026404500042343
6,seeqst_uniform,10,mean,1,15000,-4.9152,0.056935954999577376,0.056935954999577376
6,seeqst_uniform,10,mean,1,20000,-4.608,0.3641359549995773,0.3641359549995773
6,seeqst_uniform,10,mean,1,25000,-4.87424,0.0978959549995766,0.0978959549995766
6,seeqst_uniform,10,mean,1,30000,-4.744533333333333,0.2276026216662439,0.2276026216662439
6,seeqst_uniform,10,mean,1,35000,-4.9152,0.056935954999577376,0.056935954999577376
6,seeqst_uniform,10,mean,1,40000,-4.9664,0.005735954999576798,0.005735954999576798
6,seeqst_uniform,10,mean,1,45000,-4.619377777777777,0.3527581772217996,0.3527581772217996
6,seeqst_uniform,10,mean,1,50000,-4.5056,0.4665359549995767,0.4665359549995767
6,seeqst_binomial_q0.09091,10,mean,1,10,0.0,4.972135954999577,4.972135954999577
6,seeqst_binomial_q0.09091,10,mean,1,30,0.0,4.972135954999577,4.972135954999577
6,seeqst_binomial_q0.09091,10,mean,1,100,2.593742460411248,7.565878415410825,7.565878415410825
6,seeqst_binomial_q0.09091,10,mean,1,300,-4.322904100685414,0.6492318543141629,0.6492318543141629
6,seeqst_binomial_q0.09091,10,mean,1,1000,-5.965607658945872,-0.9934717039462955,0.9934717039462955
6,seeqst_binomial_q0.09091,10,mean,1,3000,-5.273943002836206,-0.30180704783662904,0.30180704783662904
6,seeqst_binomial_q0.09091,10,mean,1,5000,-6.3806064526116515,-1.4084704976120745,1.4084704976120745
6,seeqst_binomial_q0.09091,10,mean,1,10000,-5.109672647010137,-0.13753669201055985,0.13753669201055985
6,seeqst_binomial_q0.09091,10,mean,1,15000,-5.1529016880170095,-0.1807657330174326,0.1807657330174326
6,seeqst_binomial_q0.09091,10,mean,1,20000,-4.9540480993855045,0.018087855614072446,0.018087855614072446
6,seeqst_binomial_q0.09091,10,mean,1,25000,-5.083735222406087,-0.11159926740651027,0.11159926740651027
6,seeqst_binomial_q0.09091,10,mean,1,30000,-5.101026838808799,-0.12889088380922242,0.12889088380922242
6,seeqst_binomial_q0.09091,10,mean,1,35000,-5.180074228078446,-0.20793827307886925,0.20793827307886925
6,seeqst_binomial_q0.09091,10,mean,1,40000,-5.232875413879653,-0.2607394588800762,0.2607394588800762
6,seeqst_binomial_q0.09091,10,mean,1,45000,-5.158665560151207,-0.1865296051516303,0.1865296051516303
6,seeqst_binomial_q0.09091,10,mean,1,50000,-5.104485162089273,-0.1323492070896961,0.1323492070896961
6,seeqst_binomial_q0.5,10,mean,1,10,0.0,4.972135954999577,4.972135954999577
6,seeqst_binomial_q0.5,10,mean,1,30,0.0,4.972135954999577,4.972135954999577
6,seeqst_binomial_q0.5,10,mean,1,100,-10.24,-5.267864045000423,5.267864045000423
6,seeqst_binomial_q0.5,10,mean,1,300,0.0,4.972135954999577,4.972135954999577
6,seeqst_binomial_q0.5,10,mean,1,1000,-6.144,-1.1718640450004232,1.1718640450004232
6,seeqst_binomial_q0.5,10,mean,1,3000,-2.7306666666666666,2.2414692883329104,2.2414692883329104
6,seeqst_binomial_q0.5,10,mean,1,5000,-3.2768,1.6953359549995768,1.6953359549995768
6,seeqst_binomial_q0.5,10,mean,1,10000,-4.1984,0.7737359549995766,0.7737359549995766
6,seeqst_binomial_q0.5,10,mean,1,15000,-4.642133333333334,0.3300026216662433,0.3300026216662433
6,seeqst_binomial_q0.5,10,mean,1,20000,-5.0176,-0.04546404500042289,0.04546404500042289
6,seeqst_binomial_q0.5,10,mean,1,25000,-5.48864,-0.5165040450004232,0.5165040450004232
6,seeqst_binomial_q0.5,10,mean,1,30000,-5.188266666666666,-0.21613071166708941,0.21613071166708941
6,seeqst_binomial_q0.5,10,mean,1,35000,-5.1492571428571425,-0.1771211878575656,0.1771211878575656
6,seeqst_binomial_q0.5,10,mean,1,40000,-4.9664,0.005735954999576798,0.005735954999576798
6,seeqst_binomial_q0.5,10,mean,1,45000,-5.12,-0.14786404500042316,0.14786404500042316
6,seeqst_binomial_q0.5,10,mean,1,50000,-5.05856,-0.086424045000423,0.086424045000423
6,seeqst_binomial_tuned,10,mean,1,10,0.0,4.972135954999577,4.972135954999577
6,seeqst_binomial_tuned,10,mean,1,30,-4.967053731282551,0.0050822237170260465,0.0050822237170260465
6,seeqst_binomial_tuned,10,mean,1,100,-7.450580596923827,-2.4784446419242503,2.4784446419242503
6,seeqst_binomial_tuned,10,mean,1,300,-4.967053731282551,0.0050822237170260465,0.0050822237170260465
6,seeqst_binomial_tuned,10,mean,1,1000,-5.6624412536621085,-0.6903052986625315,0.6903052986625315
6,seeqst_binomial_tuned,10,mean,1,3000,-6.010135014851887,-1.03799905985231,1.03799905985231
6,seeqst_binomial_tuned,10,mean,1,5000,-5.722045898437499,-0.7499099434379222,0.7499099434379222
6,seeqst_binomial_tuned,10,mean,1,10000,-5.379319190979003,-0.4071832359794261,0.4071832359794261
6,seeqst_binomial_tuned,10,mean,1,15000,-5.424022674560546,-0.45188671956096904,0.45188671956096904
6,seeqst_binomial_tuned,10,mean,1,20000,-5.260109901428222,-0.2879739464286448,0.2879739464286448
6,seeqst_binomial_tuned,10,mean,1,25000,-5.0902366638183585,-0.11810070881878154,0.11810070881878154
6,seeqst_binomial_tuned,10,mean,1,30000,-5.235274632771809,-0.26313867777223177,0.26313867777223177
6,seeqst_binomial_tuned,10,mean,1,35000,-5.223921367100306,-0.25178541210072947,0.25178541210072947
6,seeqst_binomial_tuned,10,mean,1,40000,-5.166977643966674,-0.19484168896709697,0.19484168896709697
6,seeqst_binomial_tuned,10,mean,1,45000,-5.135933558146158,-0.16379760314658132,0.16379760314658132
6,seeqst_binomial_tuned,10,mean,1,50000,-5.01573085784912,-0.04359490284954326,0.04359490284954326
7,pauli,10,mean,1,10,-1.5749999999999993,3.3971359549995777,3.3971359549995777
7,pauli,10,mean,1,30,-8.249999999999995,-3.2778640450004177,3.2778640450004177
7,pauli,10,mean,1,100,-5.782499999999999,-0.8103640450004219,0.8103640450004219
7,pauli,10,mean,1,300,-6.532499999999997,-1.5603640450004201,1.5603640450004201
7,pauli,10,mean,1,1000,-4.245749999999999,0.7263859549995777,0.7263859549995777
7,pauli,10,mean,1,3000,-3.33975,1.632385954999577,1.632385954999577
7,pauli,10,mean,1,5000,-6.435899999999998,-1.4637640450004215,1.4637640450004215
7,pauli,10,mean,1,10000,-5.895449999999999,-0.9233140450004225,0.9233140450004225
7,pauli,10,mean,1,15000,-5.711849999999999,-0.7397140450004223,0.7397140450004223
7,pauli,10,mean,1,20000,-5.035612499999999,-0.06347654500042221,0.06347654500042221
7,pauli,10,mean,1,25000,-5.316209999999999,-0.34407404500042205,0.34407404500042205
7,pauli,10,mean,1,30000,-5.805374999999999,-0.8332390450004219,0.8332390450004219
7,pauli,10,mean,1,35000,-5.602949999999999,-0.630814045000422,0.630814045000422
7,pauli,10,mean,1,40000,-5.533874999999999,-0.5617390450004223,0.5617390450004223
7,pauli,10,mean,1,45000,-5.468349999999999,-0.4962140450004222,0.4962140450004222
7,pauli,10,mean,1,50000,-5.316524999999999,-0.34438904500042167,0.34438904500042167
7,clifford,10,mean,1,10,6.575155119722587e-16,4.972135954999578,4.972135954999578
7,clifford,10,mean,1,30,2.4660479550346945e-16,4.972135954999577,4.972135954999577
7,clifford,10,mean,1,100,-7.687499999999968,-2.715364045000391,2.715364045000391
7,clifford,10,mean,1,300,-1.7083333333333288,3.2638026216662483,3.2638026216662483
7,clifford,10,mean,1,1000,-5.124999999999983,-0.15286404500040618,0.15286404500040618
7,clifford,10,mean,1,3000,-3.1604166666666558,1.8117192883329212,1.8117192883329212
7,clifford,10,mean,1,5000,-2.6137499999999863,2.3583859549995907,2.3583859549995907
7,clifford,10,mean,1,10000,-3.689999999999993,1.282135954999584,1.282135954999584
7,clifford,10,mean,1,15000,-4.800416666666662,0.17171928833291528,0.17171928833291528
7,clifford,10,mean,1,20000,-4.855937499999996,0.11619845499958092,0.11619845499958092
7,clifford,10,mean,1,25000,-5.176249999999997,-0.20411404500041996,0.20411404500041996
7,clifford,10,mean,1,30000,-5.048124999999997,-0.07598904500042014,0.07598904500042014
7,clifford,10,mean,1,35000,-4.898035714285712,0.07410024071386534,0.07410024071386534
7,clifford,10,mean,1,40000,-5.060937499999998,-0.08880154500042092,0.08880154500042092
7,clifford,10,mean,1,45000,-4.942777777777776,0.029358177221801007,0.029358177221801007
7,clifford,10,mean,1,50000,-4.925124999999999,0.0470109549995783,0.0470109549995783
7,seeqst_uniform,10,mean,1,10,-102.4,-97.42786404500043,97.42786404500043
7,seeqst_uniform,10,mean,1,30,-34.13333333333333,-29.161197378333757,29.161197378333757
7,seeqst_uniform,10,mean,1,100,-30.72,-25.747864045000423,25.747864045000423
7,seeqst_uniform,10,mean,1,300,-10.24,-5.267864045000423,5.267864045000423
7,seeqst_uniform,10,mean,1,1000,-9.216,-4.243864045000422,4.243864045000422
7,seeqst_uniform,10,mean,1,3000,-8.874666666666666,-3.9025307116670893,3.9025307116670893
7,seeqst_uniform,10,mean,1,5000,-8.3968,-3.4246640450004238,3.4246640450004238
7,seeqst_uniform,10,mean,1,10000,-7.5776,-2.6054640450004234,2.6054640450004234
7,seeqst_uniform,10,mean,1,15000,-7.714133333333334,-2.741997378333757,2.741997378333757
7,seeqst_uniform,10,mean,1,20000,-7.2192,-2.247064045000423,2.247064045000423
7,seeqst_uniform,10,mean,1,25000,-7.45472,-2.482584045000423,2.482584045000423
7,seeqst_uniform,10,mean,1,30000,-7.031466666666667,-2.05933071166709,2.05933071166709
7,seeqst_uniform,10,mean,1,35000,-6.495085714285715,-1.5229497592861376,1.5229497592861376
7,seeqst_uniform,10,mean,1,40000,-6.4512,-1.479064045000423,1.479064045000423
7,seeqst_uniform,10,mean,1,45000,-5.961955555555556,-0.989819600555979,0.989819600555979
7,seeqst_uniform,10,mean,1,50000,-5.91872,-0.9465840450004235,0.9465840450004235
7,seeqst_binomial_q0.09091,10,mean,1,10,-77.81227381233745,-72.84013785733788,72.84013785733788
7,seeqst_binomial_q0.09091,10,mean,1,30,-25.937424604112483,-20.965288649112907,20.965288649112907
7,seeqst_binomial_q0.09091,10,mean,1,100,-10.374969841644992,-5.402833886645415,5.402833886645415
7,seeqst_binomial_q0.09091,10,mean,1,300,-9.510389021507912,-4.538253066508335,4.538253066508335
7,seeqst_binomial_q0.09091,10,mean,1,1000,-8.299975873315995,-3.3278399183164185,3.3278399183164185
7,seeqst_binomial_q0.09091,10,mean,1,3000,-5.965607658945869,-0.9934717039462919,0.9934717039462919
7,seeqst_binomial_q0.09091,10,mean,1,5000,-5.550608865280057,-0.57847291028048,0.57847291028048
7,seeqst_binomial_q0.09091,10,mean,1,10000,-5.265297194634811,-0.2931612396352339,0.2931612396352339
7,seeqst_binomial_q0.09091,10,mean,1,15000,-5.0664436060033,-0.09430765100372263,0.09430765100372263
7,seeqst_binomial_q0.09091,10,mean,1,20000,-5.070766510104013,-0.09863055510443619,0.09863055510443619
7,seeqst_binomial_q0.09091,10,mean,1,25000,-5.197859890664184,-0.22572393566460747,0.22572393566460747
7,seeqst_binomial_q0.09091,10,mean,1,30000,-5.1096726470101705,-0.1375366920105936,0.1375366920105936
7,seeqst_binomial_q0.09091,10,mean,1,35000,-5.046681758685873,-0.07454580368629582,0.07454580368629582
7,seeqst_binomial_q0.09091,10,mean,1,40000,-5.148578783916291,-0.1764428289167137,0.1764428289167137
7,seeqst_binomial_q0.09091,10,mean,1,45000,-5.124082327345725,-0.15194637234614827,0.15194637234614827
7,seeqst_binomial_q0.09091,10,mean,1,50000,-5.09929767716845,-0.12716172216887323,0.12716172216887323
7,seeqst_binomial_q0.5,10,mean,1,10,0.0,4.972135954999577,4.972135954999577
7,seeqst_binomial_q0.5,10,mean,1,30,34.13333333333333,39.10546928833291,39.10546928833291
7,seeqst_binomial_q0.5,10,mean,1,100,10.24,15.212135954999578,15.212135954999578
7,seeqst_binomial_q0.5,10,mean,1,300,0.0,4.972135954999577,4.972135954999577
7,seeqst_binomial_q0.5,10,mean,1,1000,-3.072,1.9001359549995769,1.9001359549995769
7,seeqst_binomial_q0.5,10,mean,1,3000,-5.802666666666667,-0.8305307116670901,0.8305307116670901
7,seeqst_binomial_q0.5,10,mean,1,5000,-6.5536,-1.5814640450004234,1.5814640450004234
7,seeqst_binomial_q0.5,10,mean,1,10000,-5.5296,-0.5574640450004233,0.5574640450004233
7,seeqst_binomial_q0.5,10,mean,1,15000,-4.9152,0.056935954999577376,0.056935954999577376
7,seeqst_binomial_q0.5,10,mean,1,20000,-5.2224,-0.25026404500042343,0.25026404500042343
7,seeqst_binomial_q0.5,10,mean,1,25000,-5.36576,-0.3936240450004229,0.3936240450004229
7,seeqst_binomial_q0.5,10,mean,1,30000,-5.051733333333333,-0.07959737833375602,0.07959737833375602
7,seeqst_binomial_q0.5,10,mean,1,35000,-5.3833142857142855,-0.41117833071470855,0.41117833071470855
7,seeqst_binomial_q0.5,10,mean,1,40000,-5.1712,-0.19906404500042285,0.19906404500042285
7,seeqst_binomial_q0.5,10,mean,1,45000,-5.3248,-0.3526640450004228,0.3526640450004228
7,seeqst_binomial_q0.5,10,mean,1,50000,-4.85376,0.11837595499957665,0.11837595499957665
7,seeqst_binomial_tuned,10,mean,1,10,0.0,4.972135954999577,4.972135954999577
7,seeqst_binomial_tuned,10,mean,1,30,-14.901161193847653,-9.929025238848077,9.929025238848077
7,seeqst_binomial_tuned,10,mean,1,100,-19.37150955200195,-14.399373597002374,14.399373597002374
7,seeqst_binomial_tuned,10,mean,1,300,-9.437402089436848,-4.465266134437271,4.465266134437271
7,seeqst_binomial_tuned,10,mean,1,1000,-3.7252902984619136,1.2468456565376633,1.2468456565376633
7,seeqst_binomial_tuned,10,mean,1,3000,-5.215406417846679,-0.24327046284710185,0.24327046284710185
7,seeqst_binomial_tuned,10,mean,1,5000,-5.394220352172851,-0.42208439717327373,0.42208439717327373
7,seeqst_binomial_tuned,10,mean,1,10000,-5.08129596710205,-0.10916001210247295,0.10916001210247295
7,seeqst_binomial_tuned,10,mean,1,15000,-4.7783056894938145,0.19383026550576243,0.19383026550576243
7,seeqst_binomial_tuned,10,mean,1,20000,-4.604458808898925,0.36767714610065205,0.36767714610065205
7,seeqst_binomial_tuned,10,mean,1,25000,-4.63724136352539,0.3348945914741872,0.3348945914741872
7,seeqst_binomial_tuned,10,mean,1,30000,-4.783272743225097,0.18886321177448018,0.18886321177448018
7,seeqst_binomial_tuned,10,mean,1,35000,-4.815203802926199,0.15693215207337818,0.15693215207337818
7,seeqst_binomial_tuned,10,mean,1,40000,-4.939734935760497,0.03240101923907979,0.03240101923907979
7,seeqst_binomial_tuned,10,mean,1,45000,-5.0498379601372605,-0.07770200513768355,0.07770200513768355
7,seeqst_binomial_tuned,10,mean,1,50000,-5.003809928894042,-0.031673973894465135,0.031673973894465135
8,pauli,10,mean,1,10,-4.724999999999998,0.24713595499957908,0.24713595499957908
8,pauli,10,mean,1,30,3.224999999999996,8.197135954999574,8.197135954999574
8,pauli,10,mean,1,100,-3.9599999999999964,1.0121359549995805,1.0121359549995805
8,pauli,10,mean,1,300,-10.649999999999995,-5.677864045000418,5.677864045000418
8,pauli,10,mean,1,1000,-3.9015,1.070635954999577,1.070635954999577
8,pauli,10,mean,1,3000,-5.398499999999999,-0.42636404500042246,0.42636404500042246
8,pauli,10,mean,1,5000,-7.017299999999999,-2.045164045000422,2.045164045000422
8,pauli,10,mean,1,10000,-5.667974999999999,-0.6958390450004224,0.6958390450004224
8,pauli,10,mean,1,15000,-5.341049999999999,-0.36891404500042224,0.36891404500042224
8,pauli,10,mean,1,20000,-4.697887499999999,0.2742484549995776,0.2742484549995776
8,pauli,10,mean,1,25000,-4.843889999999999,0.1282459549995778,0.1282459549995778
8,pauli,10,mean,1,30000,-4.648049999999999,0.32408595499957826,0.32408595499957826
8,pauli,10,mean,1,35000,-4.567564285714285,0.40457166928529187,0.40457166928529187
8,pauli,10,mean,1,40000,-4.495499999999999,0.476635954999578,0.476635954999578
8,pauli,10,mean,1,45000,-4.49595,0.4761859549995773,0.4761859549995773
8,pauli,10,mean,1,50000,-4.516514999999999,0.4556209549995778,0.4556209549995778
8,clifford,10,mean,1,10,25.624999999999925,30.5971359549995,30.5971359549995
8,clifford,10,mean,1,30,8.541666666666638,13.513802621666215,13.513802621666215
8,clifford,10,mean,1,100,5.684341886080802e-16,4.972135954999578,4.972135954999578
8,clifford,10,mean,1,300,-0.8541666666666652,4.117969288332912,4.117969288332912
8,clifford,10,mean,1,1000,-4.35624999999998,0.6158859549995972,0.6158859549995972
8,clifford,10,mean,1,3000,-5.3812499999999845,-0.4091140450004076,0.4091140450004076
8,clifford,10,mean,1,5000,-5.124999999999991,-0.15286404500041417,0.15286404500041417
8,clifford,10,mean,1,10000,-5.483749999999995,-0.5116140450004183,0.5116140450004183
8,clifford,10,mean,1,15000,-5.722916666666664,-0.7507807116670868,0.7507807116670868
8,clifford,10,mean,1,20000,-5.560624999999998,-0.5884890450004212,0.5884890450004212
8,clifford,10,mean,1,25000,-5.319749999999997,-0.34761404500042037,0.34761404500042037
8,clifford,10,mean,1,30000,-5.389791666666665,-0.4176557116670878,0.4176557116670878
8,clifford,10,mean,1,35000,-5.154285714285713,-0.18214975928613608,0.18214975928613608
8,clifford,10,mean,1,40000,-5.182656249999998,-0.21052029500042124,0.21052029500042124
8,clifford,10,mean,1,45000,-4.965555555555555,0.0065803994440223335,0.0065803994440223335
8,clifford,10,mean,1,50000,-4.930249999999999,0.04188595499957781,0.04188595499957781
8,seeqst_uniform,10,mean,1,10,0.0,4.972135954999577,4.972135954999577
8,seeqst_uniform,10,mean,1,30,0.0,4.972135954999577,4.972135954999577
8,seeqst_uniform,10,mean,1,100,0.0,4.972135954999577,4.972135954999577
8,seeqst_uniform,10,mean,1,300,3.4133333333333336,8.38546928833291,8.38546928833291
8,seeqst_uniform,10,mean,1,1000,-1.024,3.948135954999577,3.948135954999577
8,seeqst_uniform,10,mean,1,3000,-1.3653333333333333,3.606802621666244,3.606802621666244
8,seeqst_uniform,10,mean,1,5000,-2.4576,2.514535954999577,2.514535954999577
8,seeqst_uniform,10,mean,1,10000,-4.4032,0.5689359549995769,0.5689359549995769
8,seeqst_uniform,10,mean,1,15000,-4.7104,0.261735954999577,0.261735954999577
8,seeqst_uniform,10,mean,1,20000,-4.4544,0.5177359549995773,0.5177359549995773
8,seeqst_uniform,10,mean,1,25000,-4.42368,0.5484559549995769,0.5484559549995769
8,seeqst_uniform,10,mean,1,30000,-4.5738666666666665,0.3982692883329104,0.3982692883329104
8,seeqst_uniform,10,mean,1,35000,-4.534857142857143,0.43727881214243425,0.43727881214243425
8,seeqst_uniform,10,mean,1,40000,-4.992,-0.019864045000423047,0.019864045000423047
8,seeqst_uniform,10,mean,1,45000,-4.755911111111111,0.2162248438884662,0.2162248438884662
8,seeqst_uniform,10,mean,1,50000,-4.58752,0.38461595499957735,0.38461595499957735
8,seeqst_binomial_q0.09091,10,mean,1,10,0.0,4.972135954999577,4.972135954999577
8,seeqst_binomial_q0.09091,10,mean,1,30,0.0,4.972135954999577,4.972135954999577
8,seeqst_binomial_q0.09091,10,mean,1,100,-2.593742460411248,2.378393494588329,2.378393494588329
8,seeqst_binomial_q0.09091,10,mean,1,300,-3.458323280548331,1.5138126744512461,1.5138126744512461
8,seeqst_binomial_q0.09091,10,mean,1,1000,-2.853116706452374,2.119019248547203,2.119019248547203
8,seeqst_binomial_q0.09091,10,mean,1,3000,-1.9885358863152909,2.983600068684286,2.983600068684286
8,seeqst_binomial_q0.09091,10,mean,1,5000,-3.2681155001181734,1.7040204548814035,1.7040204548814035
8,seeqst_binomial_q0.09091,10,mean,1,10000,-3.605302019971623,1.366833935027954,1.366833935027954
8,seeqst_binomial_q0.09091,10,mean,1,15000,-4.080821471047011,0.8913144839525655,0.8913144839525655
8,seeqst_binomial_q0.09091,10,mean,1,20000,-4.513111881115583,0.45902407388399435,0.45902407388399435
8,seeqst_binomial_q0.09091,10,mean,1,25000,-4.502736911273955,0.46939904372562236,0.46939904372562236
8,seeqst_binomial_q0.09091,10,mean,1,30000,-4.651444812337532,0.3206911426620449,0.3206911426620449
8,seeqst_binomial_q0.09091,10,mean,1,35000,-4.83918236185298,0.13295359314659727,0.13295359314659727
8,seeqst_binomial_q0.09091,10,mean,1,40000,-4.960532455536481,0.011603499463095801,0.011603499463095801
8,seeqst_binomial_q0.09091,10,mean,1,45000,-4.985749396123796,-0.01361344112421925,0.01361344112421925
8,seeqst_binomial_q0.09091,10,mean,1,50000,-5.000735463672826,-0.02859950867324912,0.02859950867324912
8,seeqst_binomial_q0.5,10,mean,1,10,0.0,4.972135954999577,4.972135954999577
8,seeqst_binomial_q0.5,10,mean,1,30,0.0,4.972135954999577,4.972135954999577
8,seeqst_binomial_q0.5,10,mean,1,100,-10.24,-5.267864045000423,5.267864045000423
8,seeqst_binomial_q0.5,10,mean,1,300,-6.826666666666667,-1.8545307116670902,1.8545307116670902
8,seeqst_binomial_q0.5,10,mean,1,1000,-7.168,-2.195864045000423,2.195864045000423
8,seeqst_binomial_q0.5,10,mean,1,3000,-6.144,-1.1718640450004232,1.1718640450004232
8,seeqst_binomial_q0.5,10,mean,1,5000,-4.3008,0.6713359549995772,0.6713359549995772
8,seeqst_binomial_q0.5,10,mean,1,10000,-3.584,1.3881359549995769,1.3881359549995769
8,seeqst_binomial_q0.5,10,mean,1,15000,-4.7104,0.261735954999577,0.261735954999577
8,seeqst_binomial_q0.5,10,mean,1,20000,-4.7616,0.21053595499957733,0.21053595499957733
8,seeqst_binomial_q0.5,10,mean,1,25000,-4.58752,0.38461595499957735,0.38461595499957735
8,seeqst_binomial_q0.5,10,mean,1,30000,-4.676266666666667,0.29586928833291015,0.29586928833291015
8,seeqst_binomial_q0.5,10,mean,1,35000,-4.417828571428571,0.5543073835710057,0.5543073835710057
8,seeqst_binomial_q0.5,10,mean,1,40000,-4.7872,0.1849359549995766,0.1849359549995766
8,seeqst_binomial_q0.5,10,mean,1,45000,-4.7104,0.261735954999577,0.261735954999577
8,seeqst_binomial_q0.5,10,mean,1,50000,-4.97664,-0.004504045000422785,0.004504045000422785
8,seeqst_binomial_tuned,10,mean,1,10,14.901161193847653,19.87329714884723,19.87329714884723
8,seeqst_binomial_tuned,10,mean,1,30,9.934107462565102,14.906243417564678,14.906243417564678
8,seeqst_binomial_tuned,10,mean,1,100,-2.9802322387695312,1.9919037162300457,1.9919037162300457
8,seeqst_binomial_tuned,10,mean,1,300,-5.9604644775390625,-0.9883285225394856,0.9883285225394856
8,seeqst_binomial_tuned,10,mean,1,1000,-3.5762786865234375,1.3958572684761394,1.3958572684761394
8,seeqst_binomial_tuned,10,mean,1,3000,-3.4769376118977866,1.4951983431017903,1.4951983431017903
8,seeqst_binomial_tuned,10,mean,1,5000,-3.993511199951172,0.9786247550484051,0.9786247550484051
8,seeqst_binomial_tuned,10,mean,1,10000,-4.217028617858887,0.7551073371406902,0.7551073371406902
8,seeqst_binomial_tuned,10,mean,1,15000,-4.500150680541992,0.47198527445758476,0.47198527445758476
8,seeqst_binomial_tuned,10,mean,1,20000,-4.395842552185059,0.5762934028145184,0.5762934028145184
8,seeqst_binomial_tuned,10,mean,1,25000,-4.500150680541992,0.47198527445758476,0.47198527445758476
8,seeqst_binomial_tuned,10,mean,1,30000,-4.579623540242513,0.3925124147570642,0.3925124147570642
8,seeqst_binomial_tuned,10,mean,1,35000,-4.717281886509487,0.25485406849008996,0.25485406849008996
8,seeqst_binomial_tuned,10,mean,1,40000,-4.753470420837402,0.2186655341621746,0.2186655341621746
8,seeqst_binomial_tuned,10,mean,1,45000,-4.74850336710612,0.22363258789345686,0.22363258789345686
8,seeqst_binomial_tuned,10,mean,1,50000,-4.738569259643555,0.23356669535602226,0.23356669535602226
9,pauli,10,mean,1,10,7.649999999999993,12.622135954999571,12.622135954999571
9,pauli,10,mean,1,30,3.5999999999999965,8.572135954999574,8.572135954999574
9,pauli,10,mean,1,100,-8.144999999999996,-3.172864045000419,3.172864045000419
9,pauli,10,mean,1,300,-3.5549999999999984,1.4171359549995786,1.4171359549995786
9,pauli,10,mean,1,1000,-16.881749999999993,-11.909614045000417,11.909614045000417
9,pauli,10,mean,1,3000,-7.361999999999997,-2.3898640450004205,2.3898640450004205
9,pauli,10,mean,1,5000,-9.268199999999997,-4.29606404500042,4.29606404500042
9,pauli,10,mean,1,10000,-7.192124999999998,-2.219989045000421,2.219989045000421
9,pauli,10,mean,1,15000,-6.874649999999999,-1.902514045000422,1.902514045000422
9,pauli,10,mean,1,20000,-6.2982,-1.3260640450004226,1.3260640450004226
9,pauli,10,mean,1,25000,-6.281729999999999,-1.3095940450004218,1.3095940450004218
9,pauli,10,mean,1,30000,-5.899949999999999,-0.9278140450004217,0.9278140450004217
9,pauli,10,mean,1,35000,-5.639657142857142,-0.6675211878575649,0.6675211878575649
9,pauli,10,mean,1,40000,-5.347799999999999,-0.3756640450004225,0.3756640450004225
9,pauli,10,mean,1,45000,-5.4216999999999995,-0.4495640450004226,0.4495640450004226
9,pauli,10,mean,1,50000,-5.3247149999999985,-0.3525790450004216,0.3525790450004216
9,clifford,10,mean,1,10,-2.031348470432231e-15,4.972135954999575,4.972135954999575
9,clifford,10,mean,1,30,-8.541666666666645,-3.569530711667068,3.569530711667068
9,clifford,10,mean,1,100,2.562499999999972,7.534635954999549,7.534635954999549
9,clifford,10,mean,1,300,-3.4166666666666643,1.5554692883329126,1.5554692883329126
9,clifford,10,mean,1,1000,-6.149999999999975,-1.1778640450003977,1.1778640450003977
9,clifford,10,mean,1,3000,-4.697916666666651,0.27421928833292597,0.27421928833292597
9,clifford,10,mean,1,5000,-4.356249999999988,0.6158859549995892,0.6158859549995892
9,clifford,10,mean,1,10000,-4.766249999999993,0.20588595499958373,0.20588595499958373
9,clifford,10,mean,1,15000,-4.9199999999999955,0.05213595499958146,0.05213595499958146
9,clifford,10,mean,1,20000,-5.368437499999996,-0.39630154500041925,0.39630154500041925
9,clifford,10,mean,1,25000,-5.063499999999997,-0.09136404500041984,0.09136404500041984
9,clifford,10,mean,1,30000,-5.048124999999997,-0.07598904500042014,0.07598904500042014
9,clifford,10,mean,1,35000,-4.993214285714283,-0.02107833071470644,0.02107833071470644
9,clifford,10,mean,1,40000,-5.003281249999998,-0.03114529500042096,0.03114529500042096
9,clifford,10,mean,1,45000,-5.045277777777776,-0.07314182277819903,0.07314182277819903
9,clifford,10,mean,1,50000,-4.935374999999998,0.0367609549995791,0.0367609549995791
9,seeqst_uniform,10,mean,1,10,0.0,4.972135954999577,4.972135954999577
9,seeqst_uniform,10,mean,1,30,0.0,4.972135954999577,4.972135954999577
9,seeqst_uniform,10,mean,1,100,0.0,4.972135954999577,4.972135954999577
9,seeqst_uniform,10,mean,1,300,-3.4133333333333336,1.5588026216662434,1.5588026216662434
9,seeqst_uniform,10,mean,1,1000,-8.192,-3.2198640450004232,3.2198640450004232
9,seeqst_uniform,10,mean,1,3000,-8.533333333333333,-3.5611973783337563,3.5611973783337563
9,seeqst_uniform,10,mean,1,5000,-8.8064,-3.834264045000423,3.834264045000423
9,seeqst_uniform,10,mean,1,10000,-6.2464,-1.2742640450004235,1.2742640450004235
9,seeqst_uniform,10,mean,1,15000,-6.3488,-1.3766640450004228,1.3766640450004228
9,seeqst_uniform,10,mean,1,20000,-6.2976,-1.3254640450004231,1.3254640450004231
9,seeqst_uniform,10,mean,1,25000,-5.5296,-0.5574640450004233,0.5574640450004233
9,seeqst_uniform,10,mean,1,30000,-5.393066666666667,-0.42093071166708995,0.42093071166708995
9,seeqst_uniform,10,mean,1,35000,-5.178514285714286,-0.2063783307147089,0.2063783307147089
9,seeqst_uniform,10,mean,1,40000,-5.0432,-0.07106404500042274,0.07106404500042274
9,seeqst_uniform,10,mean,1,45000,-5.2565333333333335,-0.28439737833375656,0.28439737833375656
9,seeqst_uniform,10,mean,1,50000,-5.26336,-0.29122404500042265,0.29122404500042265
9,seeqst_binomial_q0.09091,10,mean,1,10,0.0,4.972135954999577,4.972135954999577
9,seeqst_binomial_q0.09091,10,mean,1,30,-8.645808201370828,-3.6736722463712512,3.6736722463712512
9,seeqst_binomial_q0.09091,10,mean,1,100,-2.593742460411248,2.378393494588329,2.378393494588329
9,seeqst_binomial_q0.09091,10,mean,1,300,-5.187484920822497,-0.21534896582291996,0.21534896582291996
9,seeqst_binomial_q0.09091,10,mean,1,1000,-3.3718651985346235,1.6002707564649534,1.6002707564649534
9,seeqst_binomial_q0.09091,10,mean,1,3000,-5.533317248877331,-0.5611812938777536,0.5611812938777536
9,seeqst_binomial_q0.09091,10,mean,1,5000,-5.291234619238934,-0.3190986642393572,0.3190986642393572
9,seeqst_binomial_q0.09091,10,mean,1,10000,-4.461237031907329,0.510898923092248,0.510898923092248
9,seeqst_binomial_q0.09091,10,mean,1,15000,-4.634153195934749,0.3379827590648281,0.3379827590648281
9,seeqst_binomial_q0.09091,10,mean,1,20000,-5.031860373197843,-0.05972441819826635,0.05972441819826635
9,seeqst_binomial_q0.09091,10,mean,1,25000,-5.270484679555699,-0.2983487245561225,0.2983487245561225
9,seeqst_binomial_q0.09091,10,mean,1,30000,-5.291234619238951,-0.31909866423937405,0.31909866423937405
9,seeqst_binomial_q0.09091,10,mean,1,35000,-5.343109468447148,-0.3709735134475709,0.3709735134475709
9,seeqst_binomial_q0.09091,10,mean,1,40000,-5.297718975389932,-0.32558302039035514,0.32558302039035514
9,seeqst_binomial_q0.09091,10,mean,1,45000,-5.199012665090936,-0.2268767100913589,0.2268767100913589
9,seeqst_binomial_q0.09091,10,mean,1,50000,-5.109672647010095,-0.1375366920105181,0.1375366920105181
9,seeqst_binomial_q0.5,10,mean,1,10,0.0,4.972135954999577,4.972135954999577
9,seeqst_binomial_q0.5,10,mean,1,30,0.0,4.972135954999577,4.972135954999577
9,seeqst_binomial_q0.5,10,mean,1,100,0.0,4.972135954999577,4.972135954999577
9,seeqst_binomial_q0.5,10,mean,1,300,-3.4133333333333336,1.5588026216662434,1.5588026216662434
9,seeqst_binomial_q0.5,10,mean,1,1000,-5.12,-0.14786404500042316,0.14786404500042316
9,seeqst_binomial_q0.5,10,mean,1,3000,-2.048,2.924135954999577,2.924135954999577
9,seeqst_binomial_q0.5,10,mean,1,5000,-3.4816,1.4905359549995771,1.4905359549995771
9,seeqst_binomial_q0.5,10,mean,1,10000,-3.2768,1.6953359549995768,1.6953359549995768
9,seeqst_binomial_q0.5,10,mean,1,15000,-4.3008,0.6713359549995772,0.6713359549995772
9,seeqst_binomial_q0.5,10,mean,1,20000,-4.5056,0.4665359549995767,0.4665359549995767
9,seeqst_binomial_q0.5,10,mean,1,25000,-4.95616,0.01597595499957727,0.01597595499957727
9,seeqst_binomial_q0.5,10,mean,1,30000,-5.2224,-0.25026404500042343,0.25026404500042343
9,seeqst_binomial_q0.5,10,mean,1,35000,-5.412571428571429,-0.44043547357185187,0.44043547357185187
9,seeqst_binomial_q0.5,10,mean,1,40000,-5.7856,-0.8134640450004227,0.8134640450004227
9,seeqst_binomial_q0.5,10,mean,1,45000,-5.233777777777778,-0.26164182277820114,0.26164182277820114
9,seeqst_binomial_q0.5,10,mean,1,50000,-5.05856,-0.086424045000423,0.086424045000423
9,seeqst_binomial_tuned,10,mean,1,10,-14.901161193847653,-9.929025238848077,9.929025238848077
9,seeqst_binomial_tuned,10,mean,1,30,-14.901161193847653,-9.929025238848077,9.929025238848077
9,seeqst_binomial_tuned,10,mean,1,100,-1.4901161193847647,3.482019835614812,3.482019835614812
9,seeqst_binomial_tuned,10,mean,1,300,-5.463759104410807,-0.49162314941122975,0.49162314941122975
9,seeqst_binomial_tuned,10,mean,1,1000,-4.470348358154296,0.501787596845281,0.501787596845281
9,seeqst_binomial_tuned,10,mean,1,3000,-5.215406417846679,-0.24327046284710185,0.24327046284710185
9,seeqst_binomial_tuned,10,mean,1,5000,-5.33461570739746,-0.3624797523978831,0.3624797523978831
9,seeqst_binomial_tuned,10,mean,1,10000,-4.693865776062011,0.2782701789375661,0.2782701789375661
9,seeqst_binomial_tuned,10,mean,1,15000,-4.599491755167643,0.3726441998319343,0.3726441998319343
9,seeqst_binomial_tuned,10,mean,1,20000,-4.932284355163573,0.039851599836003615,0.039851599836003615
9,seeqst_binomial_tuned,10,mean,1,25000,-4.8995018005371085,0.07263415446246846,0.07263415446246846
9,seeqst_binomial_tuned,10,mean,1,30000,-5.041559537251789,-0.06942358225221223,0.06942358225221223
9,seeqst_binomial_tuned,10,mean,1,35000,-5.019562585013253,-0.04742663001367564,0.04742663001367564
9,seeqst_binomial_tuned,10,mean,1,40000,-4.90620732307434,0.06592863192523701,0.06592863192523701
9,seeqst_binomial_tuned,10,mean,1,45000,-4.9140718248155375,0.05806413018403944,0.05806413018403944
9,seeqst_binomial_tuned,10,mean,1,50000,-4.908442497253417,0.06369345774615986,0.06369345774615986
10,pauli,10,mean,1,10,-14.62499999999999,-9.652864045000413,9.652864045000413
10,pauli,10,mean,1,30,9.07499999999999,14.047135954999568,14.047135954999568
10,pauli,10,mean,1,100,0.6749999999999976,5.647135954999575,5.647135954999575
10,pauli,10,mean,1,300,1.1699999999999982,6.142135954999575,6.142135954999575
10,pauli,10,mean,1,1000,-2.88,2.092135954999577,2.092135954999577
10,pauli,10,mean,1,3000,-3.97875,0.9933859549995772,0.9933859549995772
10,pauli,10,mean,1,5000,-2.7787500000000005,2.1933859549995764,2.1933859549995764
10,pauli,10,mean,1,10000,-3.498075,1.474060954999577,1.474060954999577
10,pauli,10,mean,1,15000,-3.70485,1.267285954999577,1.267285954999577
10,pauli,10,mean,1,20000,-4.777875,0.19426095499957707,0.19426095499957707
10,pauli,10,mean,1,25000,-4.77891,0.19322595499957718,0.19322595499957718
10,pauli,10,mean,1,30000,-4.707525,0.26461095499957654,0.26461095499957654
10,pauli,10,mean,1,35000,-5.022,-0.049864045000423296,0.049864045000423296
10,pauli,10,mean,1,40000,-4.7062125,0.2659234549995766,0.2659234549995766
10,pauli,10,mean,1,45000,-4.7642,0.20793595499957718,0.20793595499957718
10,pauli,10,mean,1,50000,-4.810995,0.1611409549995768,0.1611409549995768
10,clifford,10,mean,1,10,3.247578080618123e-15,4.9721359549995805,4.9721359549995805
10,clifford,10,mean,1,30,3.660952029588721e-15,4.9721359549995805,4.9721359549995805
10,clifford,10,mean,1,100,-15.374999999999927,-10.40286404500035,10.40286404500035
10,clifford,10,mean,1,300,-4.270833333333312,0.7013026216662652,0.7013026216662652
10,clifford,10,mean,1,1000,-4.868749999999976,0.10338595499960057,0.10338595499960057
10,clifford,10,mean,1,3000,-4.014583333333315,0.9575526216662622,0.9575526216662622
10,clifford,10,mean,1,5000,-2.5624999999999902,2.4096359549995867,2.4096359549995867
10,clifford,10,mean,1,10000,-4.509999999999994,0.4621359549995834,0.4621359549995834
10,clifford,10,mean,1,15000,-4.339166666666662,0.632969288332915,0.632969288332915
10,clifford,10,mean,1,20000,-4.1640624999999964,0.8080734549995805,0.8080734549995805
10,clifford,10,mean,1,25000,-4.192249999999997,0.77988595499958,0.77988595499958
10,clifford,10,mean,1,30000,-4.048749999999997,0.9233859549995795,0.9233859549995795
10,clifford,10,mean,1,35000,-4.312321428571426,0.6598145264281507,0.6598145264281507
10,clifford,10,mean,1,40000,-4.324218749999998,0.6479172049995787,0.6479172049995787
10,clifford,10,mean,1,45000,-4.4473611111111095,0.5247748438884674,0.5247748438884674
10,clifford,10,mean,1,50000,-4.622749999999998,0.3493859549995788,0.3493859549995788
10,seeqst_uniform,10,mean,1,10,0.0,4.972135954999577,4.972135954999577
10,seeqst_uniform,10,mean,1,30,0.0,4.972135954999577,4.972135954999577
10,seeqst_uniform,10,mean,1,100,0.0,4.972135954999577,4.972135954999577
10,seeqst_uniform,10,mean,1,300,3.4133333333333336,8.38546928833291,8.38546928833291
10,seeqst_uniform,10,mean,1,1000,-1.024,3.948135954999577,3.948135954999577
10,seeqst_uniform,10,mean,1,3000,-5.12,-0.14786404500042316,0.14786404500042316
10,seeqst_uniform,10,mean,1,5000,-5.3248,-0.3526640450004228,0.3526640450004228
10,seeqst_uniform,10,mean,1,10000,-4.608,0.3641359549995773,0.3641359549995773
10,seeqst_uniform,10,mean,1,15000,-4.846933333333333,0.12520262166624363,0.12520262166624363
10,seeqst_uniform,10,mean,1,20000,-5.1712,-0.19906404500042285,0.19906404500042285
10,seeqst_uniform,10,mean,1,25000,-4.83328,0.1388559549995767,0.1388559549995767
10,seeqst_uniform,10,mean,1,30000,-4.8128,0.15933595499957676,0.15933595499957676
10,seeqst_uniform,10,mean,1,35000,-5.178514285714286,-0.2063783307147089,0.2063783307147089
10,seeqst_uniform,10,mean,1,40000,-5.1456,-0.173464045000423,0.173464045000423
10,seeqst_uniform,10,mean,1,45000,-4.937955555555556,0.03418039944402107,0.03418039944402107
10,seeqst_uniform,10,mean,1,50000,-4.93568,0.03645595499957732,0.03645595499957732
10,seeqst_binomial_q0.09091,10,mean,1,10,25.937424604112483,30.90956055911206,30.90956055911206
10,seeqst_binomial_q0.09091,10,mean,1,30,0.0,4.972135954999577,4.972135954999577
10,seeqst_binomial_q0.09091,10,mean,1,100,-12.968712302056241,-7.996576347056664,7.996576347056664
10,seeqst_binomial_q0.09091,10,mean,1,300,-6.052065740959581,-1.0799297859600037,1.0799297859600037
10,seeqst_binomial_q0.09091,10,mean,1,1000,-5.187484920822498,-0.21534896582292085,0.21534896582292085
10,seeqst_binomial_q0.09091,10,mean,1,3000,-3.804155608603165,1.167980346396412,1.167980346396412
10,seeqst_binomial_q0.09091,10,mean,1,5000,-4.772486127156688,0.19964982784288932,0.19964982784288932
10,seeqst_binomial_q0.09091,10,mean,1,10000,-4.1759253612620935,0.7962105937374835,0.7962105937374835
10,seeqst_binomial_q0.09091,10,mean,1,15000,-5.101026838808783,-0.12889088380920644,0.12889088380920644
10,seeqst_binomial_q0.09091,10,mean,1,20000,-5.252328482332804,-0.2801925273332273,0.2801925273332273
10,seeqst_binomial_q0.09091,10,mean,1,25000,-5.197859890664184,-0.22572393566460747,0.22572393566460747
10,seeqst_binomial_q0.09091,10,mean,1,30000,-5.170193304419764,-0.19805734942018738,0.19805734942018738
10,seeqst_binomial_q0.09091,10,mean,1,35000,-4.965164138501522,0.006971816498055006,0.006971816498055006
10,seeqst_binomial_q0.09091,10,mean,1,40000,-4.90217325017723,0.06996270482234657,0.06996270482234657
10,seeqst_binomial_q0.09091,10,mean,1,45000,-5.072207478137502,-0.10007152313792478,0.10007152313792478
10,seeqst_binomial_q0.09091,10,mean,1,50000,-5.0577977978018716,-0.08566184280229461,0.08566184280229461
10,seeqst_binomial_q0.5,10,mean,1,10,0.0,4.972135954999577,4.972135954999577
10,seeqst_binomial_q0.5,10,mean,1,30,0.0,4.972135954999577,4.972135954999577
10,seeqst_binomial_q0.5,10,mean,1,100,-10.24,-5.267864045000423,5.267864045000423
10,seeqst_binomial_q0.5,10,mean,1,300,-10.24,-5.267864045000423,5.267864045000423
10,seeqst_binomial_q0.5,10,mean,1,1000,-12.288,-7.315864045000423,7.315864045000423
10,seeqst_binomial_q0.5,10,mean,1,3000,-7.168,-2.195864045000423,2.195864045000423
10,seeqst_binomial_q0.5,10,mean,1,5000,-5.9392,-0.9670640450004226,0.9670640450004226
10,seeqst_binomial_q0.5,10,mean,1,10000,-5.9392,-0.9670640450004226,0.9670640450004226
10,seeqst_binomial_q0.5,10,mean,1,15000,-5.5296,-0.5574640450004233,0.5574640450004233
10,seeqst_binomial_q0.5,10,mean,1,20000,-5.1712,-0.19906404500042285,0.19906404500042285
10,seeqst_binomial_q0.5,10,mean,1,25000,-5.24288,-0.2707440450004235,0.2707440450004235
10,seeqst_binomial_q0.5,10,mean,1,30000,-4.744533333333333,0.2276026216662439,0.2276026216662439
10,seeqst_binomial_q0.5,10,mean,1,35000,-4.768914285714286,0.20322166928529128,0.20322166928529128
10,seeqst_binomial_q0.5,10,mean,1,40000,-4.7872,0.1849359549995766,0.1849359549995766
10,seeqst_binomial_q0.5,10,mean,1,45000,-4.664888888888889,0.30724706611068786,0.30724706611068786
10,seeqst_binomial_q0.5,10,mean,1,50000,-4.77184,0.20029595499957686,0.20029595499957686
10,seeqst_binomial_tuned,10,mean,1,10,0.0,4.972135954999577,4.972135954999577
10,seeqst_binomial_tuned,10,mean,1,30,0.0,4.972135954999577,4.972135954999577
10,seeqst_binomial_tuned,10,mean,1,100,0.0,4.972135954999577,4.972135954999577
10,seeqst_binomial_tuned,10,mean,1,300,-2.980232238769531,1.9919037162300461,1.9919037162300461
10,seeqst_binomial_tuned,10,mean,1,1000,-3.4272670745849605,1.5448688804146165,1.5448688804146165
10,seeqst_binomial_tuned,10,mean,1,3000,-5.165735880533854,-0.19359992553427663,0.19359992553427663
10,seeqst_binomial_tuned,10,mean,1,5000,-4.88758087158203,0.08455508341754658,0.08455508341754658
10,seeqst_binomial_tuned,10,mean,1,10000,-4.917383193969726,0.05475276102985127,0.05475276102985127
10,seeqst_binomial_tuned,10,mean,1,15000,-4.7783056894938145,0.19383026550576243,0.19383026550576243
10,seeqst_binomial_tuned,10,mean,1,20000,-4.738569259643554,0.23356669535602315,0.23356669535602315
10,seeqst_binomial_tuned,10,mean,1,25000,-4.941225051879882,0.03091090311969502,0.03091090311969502
10,seeqst_binomial_tuned,10,mean,1,30000,-4.882613817850748,0.08952213714882884,0.08952213714882884
10,seeqst_binomial_tuned,10,mean,1,35000,-4.853521074567522,0.11861488043205526,0.11861488043205526
10,seeqst_binomial_tuned,10,mean,1,40000,-4.80934977531433,0.16278617968524678,0.16278617968524678
10,seeqst_binomial_tuned,10,mean,1,45000,-4.920694563123914,0.0514413918756631,0.0514413918756631
10,seeqst_binomial_tuned,10,mean,1,50000,-4.968047142028808,0.00408881297076924,0.00408881297076924
11,pauli,10,mean,1,10,-21.82499999999999,-16.852864045000413,16.852864045000413
11,pauli,10,mean,1,30,-10.274999999999995,-5.302864045000418,5.302864045000418
11,pauli,10,mean,1,100,-8.482499999999998,-3.510364045000421,3.510364045000421
11,pauli,10,mean,1,300,5.639999999999997,10.612135954999573,10.612135954999573
11,pauli,10,mean,1,1000,-3.2062500000000003,1.7658859549995767,1.7658859549995767
11,pauli,10,mean,1,3000,-6.0795,-1.1073640450004234,1.1073640450004234
11,pauli,10,mean,1,5000,-9.031049999999999,-4.058914045000422,4.058914045000422
11,pauli,10,mean,1,10000,-10.357874999999996,-5.3857390450004194,5.3857390450004194
11,pauli,10,mean,1,15000,-8.777849999999997,-3.8057140450004203,3.8057140450004203
11,pauli,10,mean,1,20000,-7.513312499999999,-2.541176545000422,2.541176545000422
11,pauli,10,mean,1,25000,-6.988859999999999,-2.016724045000422,2.016724045000422
11,pauli,10,mean,1,30000,-6.543824999999999,-1.5716890450004222,1.5716890450004222
11,pauli,10,mean,1,35000,-6.416035714285713,-1.4438997592861362,1.4438997592861362
11,pauli,10,mean,1,40000,-6.431006249999999,-1.4588702950004224,1.4588702950004224
11,pauli,10,mean,1,45000,-6.160099999999999,-1.187964045000422,1.187964045000422
11,pauli,10,mean,1,50000,-6.297029999999999,-1.3248940450004216,1.3248940450004216
11,clifford,10,mean,1,10,-1.3769321002918747e-15,4.972135954999575,4.972135954999575
11,clifford,10,mean,1,30,-4.222967445383906e-16,4.972135954999577,4.972135954999577
11,clifford,10,mean,1,100,-7.687499999999984,-2.715364045000407,2.715364045000407
11,clifford,10,mean,1,300,-11.104166666666623,-6.1320307116670465,6.1320307116670465
11,clifford,10,mean,1,1000,-4.868749999999981,0.10338595499959613,0.10338595499959613
11,clifford,10,mean,1,3000,-4.612499999999988,0.35963595499958867,0.35963595499958867
11,clifford,10,mean,1,5000,-3.638749999999991,1.333385954999586,1.333385954999586
11,clifford,10,mean,1,10000,-4.381874999999995,0.5902609549995823,0.5902609549995823
11,clifford,10,mean,1,15000,-4.766249999999996,0.20588595499958107,0.20588595499958107
11,clifford,10,mean,1,20000,-4.907187499999997,0.06494845499957957,0.06494845499957957
11,clifford,10,mean,1,25000,-4.786749999999998,0.1853859549995791,0.1853859549995791
11,clifford,10,mean,1,30000,-4.911458333333331,0.060677621666245685,0.060677621666245685
11,clifford,10,mean,1,35000,-4.861428571428569,0.11070738357100751,0.11070738357100751
11,clifford,10,mean,1,40000,-4.6060937499999985,0.3660422049995784,0.3660422049995784
11,clifford,10,mean,1,45000,-4.504305555555554,0.46783039944402294,0.46783039944402294
11,clifford,10,mean,1,50000,-4.591999999999999,0.3801359549995782,0.3801359549995782
11,seeqst_uniform,10,mean,1,10,0.0,4.972135954999577,4.972135954999577
11,seeqst_uniform,10,mean,1,30,0.0,4.972135954999577,4.972135954999577
11,seeqst_uniform,10,mean,1,100,10.24,15.212135954999578,15.212135954999578
11,seeqst_uniform,10,mean,1,300,-6.826666666666667,-1.8545307116670902,1.8545307116670902
11,seeqst_uniform,10,mean,1,1000,-4.096,0.8761359549995769,0.8761359549995769
11,seeqst_uniform,10,mean,1,3000,-6.144,-1.1718640450004232,1.1718640450004232
11,seeqst_uniform,10,mean,1,5000,-5.3248,-0.3526640450004228,0.3526640450004228
11,seeqst_uniform,10,mean,1,10000,-5.0176,-0.04546404500042289,0.04546404500042289
11,seeqst_uniform,10,mean,1,15000,-4.369066666666667,0.6030692883329101,0.6030692883329101
11,seeqst_uniform,10,mean,1,20000,-4.7104,0.261735954999577,0.261735954999577
11,seeqst_uniform,10,mean,1,25000,-5.61152,-0.6393840450004227,0.6393840450004227
11,seeqst_uniform,10,mean,1,30000,-5.632,-0.6598640450004227,0.6598640450004227
11,seeqst_uniform,10,mean,1,35000,-5.4710857142857146,-0.4989497592861376,0.4989497592861376
11,seeqst_uniform,10,mean,1,40000,-5.4528,-0.4806640450004229,0.4806640450004229
11,seeqst_uniform,10,mean,1,45000,-5.302044444444444,-0.3299084894448674,0.3299084894448674
11,seeqst_uniform,10,mean,1,50000,-5.20192,-0.22978404500042338,0.22978404500042338
11,seeqst_binomial_q0.09091,10,mean,1,10,-25.937424604112483,-20.965288649112907,20.965288649112907
11,seeqst_binomial_q0.09091,10,mean,1,30,-8.645808201370828,-3.6736722463712512,3.6736722463712512
11,seeqst_binomial_q0.09091,10,mean,1,100,-12.968712302056241,-7.996576347056664,7.996576347056664
11,seeqst_binomial_q0.09091,10,mean,1,300,-6.916646561096663,-1.9445106060970865,1.9445106060970865
11,seeqst_binomial_q0.09091,10,mean,1,1000,-5.706233412904748,-0.7340974579051709,0.7340974579051709
11,seeqst_binomial_q0.09091,10,mean,1,3000,-4.928110674781373,0.04402528021820373,0.04402528021820373
11,seeqst_binomial_q0.09091,10,mean,1,5000,-5.809983111321181,-0.8378471563216037,0.8378471563216037
11,seeqst_binomial_q0.09091,10,mean,1,10000,-5.394984317655372,-0.4228483626557953,0.4228483626557953
11,seeqst_binomial_q0.09091,10,mean,1,15000,-5.049151989600557,-0.07701603460098028,0.07701603460098028
11,seeqst_binomial_q0.09091,10,mean,1,20000,-5.356078180749257,-0.3839422257496796,0.3839422257496796
11,seeqst_binomial_q0.09091,10,mean,1,25000,-5.22898480018912,-0.256848845189543,0.256848845189543
11,seeqst_binomial_q0.09091,10,mean,1,30000,-5.101026838808799,-0.12889088380922242,0.12889088380922242
11,seeqst_binomial_q0.09091,10,mean,1,35000,-5.172663535334414,-0.2005275803348372,0.2005275803348372
11,seeqst_binomial_q0.09091,10,mean,1,40000,-5.077250866254984,-0.10511491125540662,0.10511491125540662
11,seeqst_binomial_q0.09091,10,mean,1,45000,-5.09526296667449,-0.1231270116749128,0.1231270116749128
11,seeqst_binomial_q0.09091,10,mean,1,50000,-4.990360493831182,-0.01822453883160513,0.01822453883160513
11,seeqst_binomial_q0.5,10,mean,1,10,-102.4,-97.42786404500043,97.42786404500043
11,seeqst_binomial_q0.5,10,mean,1,30,-34.13333333333333,-29.161197378333757,29.161197378333757
11,seeqst_binomial_q0.5,10,mean,1,100,-20.48,-15.507864045000424,15.507864045000424
11,seeqst_binomial_q0.5,10,mean,1,300,-10.24,-5.267864045000423,5.267864045000423
11,seeqst_binomial_q0.5,10,mean,1,1000,-5.12,-0.14786404500042316,0.14786404500042316
11,seeqst_binomial_q0.5,10,mean,1,3000,-4.096,0.8761359549995769,0.8761359549995769
11,seeqst_binomial_q0.5,10,mean,1,5000,-4.3008,0.6713359549995772,0.6713359549995772
11,seeqst_binomial_q0.5,10,mean,1,10000,-3.6864,1.285735954999577,1.285735954999577
11,seeqst_binomial_q0.5,10,mean,1,15000,-4.027733333333333,0.944402621666244,0.944402621666244
11,seeqst_binomial_q0.5,10,mean,1,20000,-3.3792,1.592935954999577,1.592935954999577
11,seeqst_binomial_q0.5,10,mean,1,25000,-3.15392,1.818215954999577,1.818215954999577
11,seeqst_binomial_q0.5,10,mean,1,30000,-3.2426666666666666,1.7294692883329104,1.7294692883329104
11,seeqst_binomial_q0.5,10,mean,1,35000,-3.306057142857143,1.666078812142434,1.666078812142434
11,seeqst_binomial_q0.5,10,mean,1,40000,-3.5328,1.439335954999577,1.439335954999577
11,seeqst_binomial_q0.5,10,mean,1,45000,-3.8456888888888887,1.1264470661106882,1.1264470661106882
11,seeqst_binomial_q0.5,10,mean,1,50000,-4.21888,0.7532559549995765,0.7532559549995765
11,seeqst_binomial_tuned,10,mean,1,10,14.901161193847653,19.87329714884723,19.87329714884723
11,seeqst_binomial_tuned,10,mean,1,30,0.0,4.972135954999577,4.972135954999577
11,seeqst_binomial_tuned,10,mean,1,100,-1.4901161193847654,3.4820198356148113,3.4820198356148113
11,seeqst_binomial_tuned,10,mean,1,300,-2.4835268656412754,2.4886090893583015,2.4886090893583015
11,seeqst_binomial_tuned,10,mean,1,1000,-5.960464477539062,-0.9883285225394847,0.9883285225394847
11,seeqst_binomial_tuned,10,mean,1,3000,-6.059805552164712,-1.0876695971651351,1.0876695971651351
11,seeqst_binomial_tuned,10,mean,1,5000,-5.33461570739746,-0.3624797523978831,0.3624797523978831
11,seeqst_binomial_tuned,10,mean,1,10000,-5.170702934265136,-0.19856697926555889,0.19856697926555889
11,seeqst_binomial_tuned,10,mean,1,15000,-5.036592483520507,-0.06445652852092998,0.06445652852092998
11,seeqst_binomial_tuned,10,mean,1,20000,-5.08129596710205,-0.10916001210247295,0.10916001210247295
11,seeqst_binomial_tuned,10,mean,1,25000,-5.2809715270996085,-0.30883557210003154,0.30883557210003154
11,seeqst_binomial_tuned,10,mean,1,30000,-5.165735880533854,-0.19359992553427663,0.19359992553427663
11,seeqst_binomial_tuned,10,mean,1,35000,-5.125999450683593,-0.15386349568401592,0.15386349568401592
11,seeqst_binomial_tuned,10,mean,1,40000,-5.00306487083435,-0.030928915834772752,0.030928915834772752
11,seeqst_binomial_tuned,10,mean,1,45000,-4.900826348198784,0.07130960680079301,0.07130960680079301
11,seeqst_binomial_tuned,10,mean,1,50000,-4.935264587402343,0.036871367597234084,0.036871367597234084
12,pauli,10,mean,1,10,-7.1999999999999975,-2.2278640450004206,2.2278640450004206
12,pauli,10,mean,1,30,-4.874999999999998,0.09713595499957872,0.09713595499957872
12,pauli,10,mean,1,100,-6.794999999999996,-1.8228640450004194,1.8228640450004194
12,pauli,10,mean,1,300,-2.5949999999999993,2.3771359549995776,2.3771359549995776
12,pauli,10,mean,1,1000,-1.1767500000000013,3.795385954999576,3.795385954999576
12,pauli,10,mean,1,3000,-8.355749999999997,-3.38361404500042,3.38361404500042
12,pauli,10,mean,1,5000,-7.560449999999999,-2.5883140450004216,2.5883140450004216
12,pauli,10,mean,1,10000,-5.6762999999999995,-0.7041640450004225,0.7041640450004225
12,pauli,10,mean,1,15000,-5.228399999999999,-0.2562640450004219,0.2562640450004219
12,pauli,10,mean,1,20000,-5.838749999999998,-0.8666140450004214,0.8666140450004214
12,pauli,10,mean,1,25000,-4.943879999999999,0.02825595499957778,0.02825595499957778
12,pauli,10,mean,1,30000,-5.344724999999999,-0.37258904500042167,0.37258904500042167
12,pauli,10,mean,1,35000,-5.4219214285714274,-0.4497854735718505,0.4497854735718505
12,pauli,10,mean,1,40000,-4.9370625,0.03507345499957726,0.03507345499957726
12,pauli,10,mean,1,45000,-5.036499999999999,-0.06436404500042237,0.06436404500042237
12,pauli,10,mean,1,50000,-4.9440599999999995,0.02807595499957749,0.02807595499957749
12,clifford,10,mean,1,10,-1.1741277533240126e-15,4.972135954999576,4.972135954999576
12,clifford,10,mean,1,30,-17.08333333333326,-12.111197378333685,12.111197378333685
12,clifford,10,mean,1,100,-7.687499999999969,-2.715364045000392,2.715364045000392
12,clifford,10,mean,1,300,-7.687499999999974,-2.7153640450003973,2.7153640450003973
12,clifford,10,mean,1,1000,-6.406249999999977,-1.4341140450004,1.4341140450004
12,clifford,10,mean,1,3000,-7.772916666666645,-2.800780711667068,2.800780711667068
12,clifford,10,mean,1,5000,-7.226249999999987,-2.25411404500041,2.25411404500041
12,clifford,10,mean,1,10000,-6.149999999999993,-1.1778640450004163,1.1778640450004163
12,clifford,10,mean,1,15000,-6.081666666666662,-1.1095307116670847,1.1095307116670847
12,clifford,10,mean,1,20000,-5.714374999999996,-0.742239045000419,0.742239045000419
12,clifford,10,mean,1,25000,-5.596499999999996,-0.6243640450004193,0.6243640450004193
12,clifford,10,mean,1,30000,-5.526458333333331,-0.5543223783337536,0.5543223783337536
12,clifford,10,mean,1,35000,-5.278749999999998,-0.3066140450004209,0.3066140450004209
12,clifford,10,mean,1,40000,-5.304374999999998,-0.3322390450004207,0.3322390450004207
12,clifford,10,mean,1,45000,-5.176249999999998,-0.20411404500042085,0.20411404500042085
12,clifford,10,mean,1,50000,-5.268499999999998,-0.2963640450004208,0.2963640450004208
12,seeqst_uniform,10,mean,1,10,0.0,4.972135954999577,4.972135954999577
12,seeqst_uniform,10,mean,1,30,0.0,4.972135954999577,4.972135954999577
12,seeqst_uniform,10,mean,1,100,0.0,4.972135954999577,4.972135954999577
12,seeqst_uniform,10,mean,1,300,-6.826666666666667,-1.8545307116670902,1.8545307116670902
12,seeqst_uniform,10,mean,1,1000,-2.048,2.924135954999577,2.924135954999577
12,seeqst_uniform,10,mean,1,3000,-2.7306666666666666,2.2414692883329104,2.2414692883329104
12,seeqst_uniform,10,mean,1,5000,-2.6624,2.309735954999577,2.309735954999577
12,seeqst_uniform,10,mean,1,10000,-3.8912,1.080935954999577,1.080935954999577
12,seeqst_uniform,10,mean,1,15000,-4.027733333333333,0.944402621666244,0.944402621666244
12,seeqst_uniform,10,mean,1,20000,-5.1712,-0.19906404500042285,0.19906404500042285
12,seeqst_uniform,10,mean,1,25000,-4.83328,0.1388559549995767,0.1388559549995767
12,seeqst_uniform,10,mean,1,30000,-5.3248,-0.3526640450004228,0.3526640450004228
12,seeqst_uniform,10,mean,1,35000,-5.002971428571429,-0.03083547357185168,0.03083547357185168
12,seeqst_uniform,10,mean,1,40000,-4.8128,0.15933595499957676,0.15933595499957676
12,seeqst_uniform,10,mean,1,45000,-4.778666666666667,0.19346928833290988,0.19346928833290988
12,seeqst_uniform,10,mean,1,50000,-4.73088,0.24125595499957697,0.24125595499957697
12,seeqst_binomial_q0.09091,10,mean,1,10,0.0,4.972135954999577,4.972135954999577
12,seeqst_binomial_q0.09091,10,mean,1,30,0.0,4.972135954999577,4.972135954999577
12,seeqst_binomial_q0.09091,10,mean,1,100,-5.187484920822496,-0.21534896582291907,0.21534896582291907
12,seeqst_binomial_q0.09091,10,mean,1,300,-6.052065740959581,-1.0799297859600037,1.0799297859600037
12,seeqst_binomial_q0.09091,10,mean,1,1000,-6.743730397069247,-1.77159444206967,1.77159444206967
12,seeqst_binomial_q0.09091,10,mean,1,3000,-5.187484920822498,-0.21534896582292085,0.21534896582292085
12,seeqst_binomial_q0.09091,10,mean,1,5000,-4.098113087449768,0.874022867549809,0.874022867549809
12,seeqst_binomial_q0.09091,10,mean,1,10000,-4.928110674781351,0.04402528021822594,0.04402528021822594
12,seeqst_binomial_q0.09091,10,mean,1,15000,-5.291234619238946,-0.3190986642393687,0.3190986642393687
12,seeqst_binomial_q0.09091,10,mean,1,20000,-5.096703934708127,-0.12456797970854971,0.12456797970854971
12,seeqst_binomial_q0.09091,10,mean,1,25000,-5.0007354636729255,-0.028599508673348595,0.028599508673348595
12,seeqst_binomial_q0.09091,10,mean,1,30000,-5.066443606003317,-0.09430765100374039,0.09430765100374039
12,seeqst_binomial_q0.09091,10,mean,1,35000,-5.187484920822478,-0.2153489658229013,0.2153489658229013
12,seeqst_binomial_q0.09091,10,mean,1,40000,-5.038344729348816,-0.06620877434923944,0.06620877434923944
12,seeqst_binomial_q0.09091,10,mean,1,45000,-5.158665560151207,-0.1865296051516303,0.1865296051516303
12,seeqst_binomial_q0.09091,10,mean,1,50000,-5.1719224660599625,-0.19978651106038559,0.19978651106038559
12,seeqst_binomial_q0.5,10,mean,1,10,0.0,4.972135954999577,4.972135954999577
12,seeqst_binomial_q0.5,10,mean,1,30,0.0,4.972135954999577,4.972135954999577
12,seeqst_binomial_q0.5,10,mean,1,100,0.0,4.972135954999577,4.972135954999577
12,seeqst_binomial_q0.5,10,mean,1,300,-10.24,-5.267864045000423,5.267864045000423
12,seeqst_binomial_q0.5,10,mean,1,1000,-6.144,-1.1718640450004232,1.1718640450004232
12,seeqst_binomial_q0.5,10,mean,1,3000,-5.802666666666667,-0.8305307116670901,0.8305307116670901
12,seeqst_binomial_q0.5,10,mean,1,5000,-4.7104,0.261735954999577,0.261735954999577
12,seeqst_binomial_q0.5,10,mean,1,10000,-5.2224,-0.25026404500042343,0.25026404500042343
12,seeqst_binomial_q0.5,10,mean,1,15000,-5.5978666666666665,-0.6257307116670896,0.6257307116670896
12,seeqst_binomial_q0.5,10,mean,1,20000,-5.4272,-0.4550640450004231,0.4550640450004231
12,seeqst_binomial_q0.5,10,mean,1,25000,-4.99712,-0.02498404500042284,0.02498404500042284
12,seeqst_binomial_q0.5,10,mean,1,30000,-5.870933333333333,-0.8987973783337564,0.8987973783337564
12,seeqst_binomial_q0.5,10,mean,1,35000,-5.792914285714286,-0.8207783307147087,0.8207783307147087
12,seeqst_binomial_q0.5,10,mean,1,40000,-5.5552,-0.5830640450004232,0.5830640450004232
12,seeqst_binomial_q0.5,10,mean,1,45000,-5.484088888888889,-0.5119529338893116,0.5119529338893116
12,seeqst_binomial_q0.5,10,mean,1,50000,-5.69344,-0.7213040450004229,0.7213040450004229
12,seeqst_binomial_tuned,10,mean,1,10,14.901161193847653,19.87329714884723,19.87329714884723
12,seeqst_binomial_tuned,10,mean,1,30,9.934107462565102,14.906243417564678,14.906243417564678
12,seeqst_binomial_tuned,10,mean,1,100,-1.4901161193847658,3.4820198356148113,3.4820198356148113
12,seeqst_binomial_tuned,10,mean,1,300,-1.4901161193847656,3.4820198356148113,3.4820198356148113
12,seeqst_binomial_tuned,10,mean,1,1000,-5.513429641723633,-0.5412936867240559,0.5412936867240559
12,seeqst_binomial_tuned,10,mean,1,3000,-6.059805552164714,-1.087669597165137,1.087669597165137
12,seeqst_binomial_tuned,10,mean,1,5000,-5.841255187988281,-0.8691192329887043,0.8691192329887043
12,seeqst_binomial_tuned,10,mean,1,10000,-4.932284355163574,0.03985159983600273,0.03985159983600273
12,seeqst_binomial_tuned,10,mean,1,15000,-4.609425862630208,0.3627100923693689,0.3627100923693689
12,seeqst_binomial_tuned,10,mean,1,20000,-4.716217517852783,0.25591843714679374,0.25591843714679374
12,seeqst_binomial_tuned,10,mean,1,25000,-4.732608795166016,0.23952715983356132,0.23952715983356132
12,seeqst_binomial_tuned,10,mean,1,30000,-4.818042119344075,0.15409383565550172,0.15409383565550172
12,seeqst_binomial_tuned,10,mean,1,35000,-4.92164066859654,0.05049528640303702,0.05049528640303702
12,seeqst_binomial_tuned,10,mean,1,40000,-4.854053258895874,0.11808269610370292,0.11808269610370292
12,seeqst_binomial_tuned,10,mean,1,45000,-4.778305689493815,0.19383026550576155,0.19383026550576155
12,seeqst_binomial_tuned,10,mean,1,50000,-4.872679710388184,0.09945624461139335,0.09945624461139335
13,pauli,10,mean,1,10,1.349999999999999,6.322135954999576,6.322135954999576
13,pauli,10,mean,1,30,-1.4999999999999984,3.4721359549995787,3.4721359549995787
13,pauli,10,mean,1,100,-0.27000000000000135,4.702135954999576,4.702135954999576
13,pauli,10,mean,1,300,2.6549999999999976,7.6271359549995745,7.6271359549995745
13,pauli,10,mean,1,1000,-2.0722500000000004,2.8998859549995766,2.8998859549995766
13,pauli,10,mean,1,3000,-3.0510000000000006,1.9211359549995763,1.9211359549995763
13,pauli,10,mean,1,5000,-3.94875,1.023385954999577,1.023385954999577
13,pauli,10,mean,1,10000,-6.758999999999999,-1.7868640450004216,1.7868640450004216
13,pauli,10,mean,1,15000,-5.483549999999999,-0.5114140450004223,0.5114140450004223
13,pauli,10,mean,1,20000,-5.512274999999999,-0.540139045000422,0.540139045000422
13,pauli,10,mean,1,25000,-6.104609999999999,-1.1324740450004223,1.1324740450004223
13,pauli,10,mean,1,30000,-5.973149999999999,-1.0010140450004217,1.0010140450004217
13,pauli,10,mean,1,35000,-5.77182857142857,-0.7996926164289935,0.7996926164289935
13,pauli,10,mean,1,40000,-5.623537499999999,-0.6514015450004225,0.6514015450004225
13,pauli,10,mean,1,45000,-5.785399999999999,-0.8132640450004223,0.8132640450004223
13,pauli,10,mean,1,50000,-5.397839999999999,-0.4257040450004217,0.4257040450004217
13,clifford,10,mean,1,10,1.813011995394328e-15,4.972135954999579,4.972135954999579
13,clifford,10,mean,1,30,-8.54166666666662,-3.569530711667043,3.569530711667043
13,clifford,10,mean,1,100,-2.5624999999999845,2.4096359549995925,2.4096359549995925
13,clifford,10,mean,1,300,1.1908298280881224e-14,4.9721359549995885,4.9721359549995885
13,clifford,10,mean,1,1000,-2.562499999999986,2.409635954999591,2.409635954999591
13,clifford,10,mean,1,3000,-3.3312499999999843,1.6408859549995927,1.6408859549995927
13,clifford,10,mean,1,5000,-4.202499999999992,0.7696359549995853,0.7696359549995853
13,clifford,10,mean,1,10000,-5.996249999999995,-1.0241140450004185,1.0241140450004185
13,clifford,10,mean,1,15000,-5.569166666666664,-0.5970307116670872,0.5970307116670872
13,clifford,10,mean,1,20000,-5.265937499999998,-0.293801545000421,0.293801545000421
13,clifford,10,mean,1,25000,-5.381249999999998,-0.4091140450004209,0.4091140450004209
13,clifford,10,mean,1,30000,-5.458124999999998,-0.48598904500042117,0.48598904500042117
13,clifford,10,mean,1,35000,-5.47642857142857,-0.5042926164289927,0.5042926164289927
13,clifford,10,mean,1,40000,-5.470937499999999,-0.49880154500042195,0.49880154500042195
13,clifford,10,mean,1,45000,-5.421111111111109,-0.4489751561115325,0.4489751561115325
13,clifford,10,mean,1,50000,-5.442749999999998,-0.4706140450004215,0.4706140450004215
13,seeqst_uniform,10,mean,1,10,0.0,4.972135954999577,4.972135954999577
13,seeqst_uniform,10,mean,1,30,-68.26666666666667,-63.294530711667086,63.294530711667086
13,seeqst_uniform,10,mean,1,100,-20.48,-15.507864045000424,15.507864045000424
13,seeqst_uniform,10,mean,1,300,-10.24,-5.267864045000423,5.267864045000423
13,seeqst_uniform,10,mean,1,1000,-7.168,-2.195864045000423,2.195864045000423
13,seeqst_uniform,10,mean,1,3000,-5.12,-0.14786404500042316,0.14786404500042316
13,seeqst_uniform,10,mean,1,5000,-5.9392,-0.9670640450004226,0.9670640450004226
13,seeqst_uniform,10,mean,1,10000,-4.7104,0.261735954999577,0.261735954999577
13,seeqst_uniform,10,mean,1,15000,-4.846933333333333,0.12520262166624363,0.12520262166624363
13,seeqst_uniform,10,mean,1,20000,-5.0688,-0.09666404500042347,0.09666404500042347
13,seeqst_uniform,10,mean,1,25000,-4.95616,0.01597595499957727,0.01597595499957727
13,seeqst_uniform,10,mean,1,30000,-4.744533333333333,0.2276026216662439,0.2276026216662439
13,seeqst_uniform,10,mean,1,35000,-4.768914285714286,0.20322166928529128,0.20322166928529128
13,seeqst_uniform,10,mean,1,40000,-4.6848,0.28733595499957687,0.28733595499957687
13,seeqst_uniform,10,mean,1,45000,-4.8014222222222225,0.17071373277735447,0.17071373277735447
13,seeqst_uniform,10,mean,1,50000,-5.03808,-0.06594404500042295,0.06594404500042295
13,seeqst_binomial_q0.09091,10,mean,1,10,0.0,4.972135954999577,4.972135954999577
13,seeqst_binomial_q0.09091,10,mean,1,30,8.645808201370828,13.617944156370406,13.617944156370406
13,seeqst_binomial_q0.09091,10,mean,1,100,-7.7812273812337445,-2.8090914262341675,2.8090914262341675
13,seeqst_binomial_q0.09091,10,mean,1,300,-11.23955066178208,-6.267414706782502,6.267414706782502
13,seeqst_binomial_q0.09091,10,mean,1,1000,-6.224981904986998,-1.252845949987421,1.252845949987421
13,seeqst_binomial_q0.09091,10,mean,1,3000,-5.879149576932162,-0.9070136219325846,0.9070136219325846
13,seeqst_binomial_q0.09091,10,mean,1,5000,-6.121232206570528,-1.1490962515709509,1.1490962515709509
13,seeqst_binomial_q0.09091,10,mean,1,10000,-5.576546289884159,-0.604410334884582,0.604410334884582
13,seeqst_binomial_q0.09091,10,mean,1,15000,-5.567900481682818,-0.595764526683241,0.595764526683241
13,seeqst_binomial_q0.09091,10,mean,1,20000,-5.459827879165709,-0.48769192416613194,0.48769192416613194
13,seeqst_binomial_q0.09091,10,mean,1,25000,-5.457234136705303,-0.48509818170572583,0.48509818170572583
13,seeqst_binomial_q0.09091,10,mean,1,30000,-5.291234619238951,-0.31909866423937405,0.31909866423937405
13,seeqst_binomial_q0.09091,10,mean,1,35000,-5.3134666974710205,-0.34133074247144357,0.34133074247144357
13,seeqst_binomial_q0.09091,10,mean,1,40000,-5.239359770030681,-0.2672238150311044,0.2672238150311044
13,seeqst_binomial_q0.09091,10,mean,1,45000,-5.204776537225183,-0.23264058222560635,0.23264058222560635
13,seeqst_binomial_q0.09091,10,mean,1,50000,-5.073360252564338,-0.10122429756476148,0.10122429756476148
13,seeqst_binomial_q0.5,10,mean,1,10,0.0,4.972135954999577,4.972135954999577
13,seeqst_binomial_q0.5,10,mean,1,30,34.13333333333333,39.10546928833291,39.10546928833291
13,seeqst_binomial_q0.5,10,mean,1,100,10.24,15.212135954999578,15.212135954999578
13,seeqst_binomial_q0.5,10,mean,1,300,-3.4133333333333336,1.5588026216662434,1.5588026216662434
13,seeqst_binomial_q0.5,10,mean,1,1000,-1.024,3.948135954999577,3.948135954999577
13,seeqst_binomial_q0.5,10,mean,1,3000,-4.778666666666667,0.19346928833290988,0.19346928833290988
13,seeqst_binomial_q0.5,10,mean,1,5000,-4.3008,0.6713359549995772,0.6713359549995772
13,seeqst_binomial_q0.5,10,mean,1,10000,-5.4272,-0.4550640450004231,0.4550640450004231
13,seeqst_binomial_q0.5,10,mean,1,15000,-5.393066666666667,-0.42093071166708995,0.42093071166708995
13,seeqst_binomial_q0.5,10,mean,1,20000,-5.4272,-0.4550640450004231,0.4550640450004231
13,seeqst_binomial_q0.5,10,mean,1,25000,-5.40672,-0.434584045000423,0.434584045000423
13,seeqst_binomial_q0.5,10,mean,1,30000,-4.846933333333333,0.12520262166624363,0.12520262166624363
13,seeqst_binomial_q0.5,10,mean,1,35000,-4.827428571428571,0.14470738357100554,0.14470738357100554
13,seeqst_binomial_q0.5,10,mean,1,40000,-4.8896,0.08253595499957722,0.08253595499957722
13,seeqst_binomial_q0.5,10,mean,1,45000,-5.006222222222222,-0.034086267222645183,0.034086267222645183
13,seeqst_binomial_q0.5,10,mean,1,50000,-5.0176,-0.04546404500042289,0.04546404500042289
13,seeqst_binomial_tuned,10,mean,1,10,0.0,4.972135954999577,4.972135954999577
13,seeqst_binomial_tuned,10,mean,1,30,4.967053731282551,9.939189686282127,9.939189686282127
13,seeqst_binomial_tuned,10,mean,1,100,-1.4901161193847654,3.4820198356148113,3.4820198356148113
13,seeqst_binomial_tuned,10,mean,1,300,-6.953875223795571,-1.9817392687959945,1.9817392687959945
13,seeqst_binomial_tuned,10,mean,1,1000,-4.023313522338866,0.9488224326607106,0.9488224326607106
13,seeqst_binomial_tuned,10,mean,1,3000,-4.669030507405599,0.3031054475939783,0.3031054475939783
13,seeqst_binomial_tuned,10,mean,1,5000,-4.917383193969726,0.05475276102985127,0.05475276102985127
13,seeqst_binomial_tuned,10,mean,1,10000,-5.1409006118774405,-0.16876465687786357,0.16876465687786357
13,seeqst_binomial_tuned,10,mean,1,15000,-5.324681599934895,-0.3525456449353177,0.3525456449353177
13,seeqst_binomial_tuned,10,mean,1,20000,-5.349516868591308,-0.37738091359173076,0.37738091359173076
13,seeqst_binomial_tuned,10,mean,1,25000,-5.3763389587402335,-0.40420300374065654,0.40420300374065654
13,seeqst_binomial_tuned,10,mean,1,30000,-5.190571149190266,-0.2184351941906888,0.2184351941906888
13,seeqst_binomial_tuned,10,mean,1,35000,-5.1217419760567795,-0.14960602105720255,0.14960602105720255
13,seeqst_binomial_tuned,10,mean,1,40000,-5.133450031280517,-0.16131407628093974,0.16131407628093974
13,seeqst_binomial_tuned,10,mean,1,45000,-5.139244927300346,-0.1671089723007695,0.1671089723007695
13,seeqst_binomial_tuned,10,mean,1,50000,-5.239248275756835,-0.2671123207572581,0.2671123207572581
14,pauli,10,mean,1,10,-28.799999999999976,-23.8278640450004,23.8278640450004
14,pauli,10,mean,1,30,-18.899999999999984,-13.927864045000408,13.927864045000408
14,pauli,10,mean,1,100,-10.709999999999994,-5.737864045000417,5.737864045000417
14,pauli,10,mean,1,300,-4.8149999999999995,0.15713595499957744,0.15713595499957744
14,pauli,10,mean,1,1000,-10.480499999999997,-5.5083640450004205,5.5083640450004205
14,pauli,10,mean,1,3000,-6.905249999999999,-1.9331140450004218,1.9331140450004218
14,pauli,10,mean,1,5000,-5.2379999999999995,-0.2658640450004226,0.2658640450004226
14,pauli,10,mean,1,10000,-5.5565999999999995,-0.5844640450004226,0.5844640450004226
14,pauli,10,mean,1,15000,-5.262599999999999,-0.2904640450004221,0.2904640450004221
14,pauli,10,mean,1,20000,-3.6486,1.3235359549995769,1.3235359549995769
14,pauli,10,mean,1,25000,-4.42944,0.5426959549995773,0.5426959549995773
14,pauli,10,mean,1,30000,-4.56675,0.4053859549995771,0.4053859549995771
14,pauli,10,mean,1,35000,-4.775271428571428,0.19686452642814878,0.19686452642814878
14,pauli,10,mean,1,40000,-4.743225,0.22891095499957714,0.22891095499957714
14,pauli,10,mean,1,45000,-4.687,0.28513595499957667,0.28513595499957667
14,pauli,10,mean,1,50000,-4.631985,0.3401509549995767,0.3401509549995767
14,clifford,10,mean,1,10,8.091407925201791e-14,4.972135954999658,4.972135954999658
14,clifford,10,mean,1,30,8.541666666666668,13.513802621666244,13.513802621666244
14,clifford,10,mean,1,100,1.5167159420583912e-14,4.972135954999592,4.972135954999592
14,clifford,10,mean,1,300,2.075151428166624e-15,4.972135954999579,4.972135954999579
14,clifford,10,mean,1,1000,-2.049999999999995,2.922135954999582,2.922135954999582
14,clifford,10,mean,1,3000,-4.356249999999985,0.6158859549995919,0.6158859549995919
14,clifford,10,mean,1,5000,-4.766249999999987,0.20588595499958995,0.20588595499958995
14,clifford,10,mean,1,10000,-3.6643749999999935,1.3077609549995834,1.3077609549995834
14,clifford,10,mean,1,15000,-3.279999999999996,1.6921359549995811,1.6921359549995811
14,clifford,10,mean,1,20000,-3.4849999999999963,1.4871359549995806,1.4871359549995806
14,clifford,10,mean,1,25000,-3.905249999999997,1.06688595499958,1.06688595499958
14,clifford,10,mean,1,30000,-4.0316666666666645,0.9404692883329124,0.9404692883329124
14,clifford,10,mean,1,35000,-4.378214285714283,0.5939216692852938,0.5939216692852938
14,clifford,10,mean,1,40000,-4.151249999999997,0.8208859549995795,0.8208859549995795
14,clifford,10,mean,1,45000,-4.1341666666666645,0.8379692883329124,0.8379692883329124
14,clifford,10,mean,1,50000,-4.253749999999998,0.7183859549995786,0.7183859549995786
14,seeqst_uniform,10,mean,1,10,102.4,107.37213595499958,107.37213595499958
14,seeqst_uniform,10,mean,1,30,34.13333333333333,39.10546928833291,39.10546928833291
14,seeqst_uniform,10,mean,1,100,-10.24,-5.267864045000423,5.267864045000423
14,seeqst_uniform,10,mean,1,300,-10.24,-5.267864045000423,5.267864045000423
14,seeqst_uniform,10,mean,1,1000,-2.048,2.924135954999577,2.924135954999577
14,seeqst_uniform,10,mean,1,3000,-7.850666666666666,-2.8785307116670893,2.8785307116670893
14,seeqst_uniform,10,mean,1,5000,-5.9392,-0.9670640450004226,0.9670640450004226
14,seeqst_uniform,10,mean,1,10000,-4.1984,0.7737359549995766,0.7737359549995766
14,seeqst_uniform,10,mean,1,15000,-5.051733333333333,-0.07959737833375602,0.07959737833375602
14,seeqst_uniform,10,mean,1,20000,-4.864,0.10813595499957707,0.10813595499957707
14,seeqst_uniform,10,mean,1,25000,-5.12,-0.14786404500042316,0.14786404500042316
14,seeqst_uniform,10,mean,1,30000,-4.7104,0.261735954999577,0.261735954999577
14,seeqst_uniform,10,mean,1,35000,-4.593371428571428,0.3787645264281485,0.3787645264281485
14,seeqst_uniform,10,mean,1,40000,-4.7104,0.261735954999577,0.261735954999577
14,seeqst_uniform,10,mean,1,45000,-4.642133333333334,0.3300026216662433,0.3300026216662433
14,seeqst_uniform,10,mean,1,50000,-4.68992,0.2822159549995771,0.2822159549995771
14,seeqst_binomial_q0.09091,10,mean,1,10,25.937424604112483,30.90956055911206,30.90956055911206
14,seeqst_binomial_q0.09091,10,mean,1,30,0.0,4.972135954999577,4.972135954999577
14,seeqst_binomial_q0.09091,10,mean,1,100,-7.7812273812337445,-2.8090914262341675,2.8090914262341675
14,seeqst_binomial_q0.09091,10,mean,1,300,-1.7291616402741654,3.2429743147254113,3.2429743147254113
14,seeqst_binomial_q0.09091,10,mean,1,1000,-4.149987936657998,0.8221480183415792,0.8221480183415792
14,seeqst_binomial_q0.09091,10,mean,1,3000,-4.322904100685415,0.649231854314162,0.649231854314162
14,seeqst_binomial_q0.09091,10,mean,1,5000,-4.979985523989586,-0.007849568990009104,0.007849568990009104
14,seeqst_binomial_q0.09091,10,mean,1,10000,-5.680295988300608,-0.7081600333010307,0.7081600333010307
14,seeqst_binomial_q0.09091,10,mean,1,15000,-5.343109468447172,-0.3709735134475949,0.3709735134475949
14,seeqst_binomial_q0.09091,10,mean,1,20000,-5.446859166863653,-0.4747232118640756,0.4747232118640756
14,seeqst_binomial_q0.09091,10,mean,1,25000,-5.457234136705303,-0.48509818170572583,0.48509818170572583
14,seeqst_binomial_q0.09091,10,mean,1,30000,-5.386338509454027,-0.41420255445444987,0.41420255445444987
14,seeqst_binomial_q0.09091,10,mean,1,35000,-5.35052016119118,-0.37838420619160296,0.37838420619160296
14,seeqst_binomial_q0.09091,10,mean,1,40000,-5.265297194634793,-0.2931612396352161,0.2931612396352161
14,seeqst_binomial_q0.09091,10,mean,1,45000,-5.3776927012525935,-0.4055567462530165,0.4055567462530165
14,seeqst_binomial_q0.09091,10,mean,1,50000,-5.197859890664074,-0.22572393566449733,0.22572393566449733
14,seeqst_binomial_q0.5,10,mean,1,10,0.0,4.972135954999577,4.972135954999577
14,seeqst_binomial_q0.5,10,mean,1,30,0.0,4.972135954999577,4.972135954999577
14,seeqst_binomial_q0.5,10,mean,1,100,0.0,4.972135954999577,4.972135954999577
14,seeqst_binomial_q0.5,10,mean,1,300,0.0,4.972135954999577,4.972135954999577
14,seeqst_binomial_q0.5,10,mean,1,1000,-5.12,-0.14786404500042316,0.14786404500042316
14,seeqst_binomial_q0.5,10,mean,1,3000,-3.7546666666666666,1.2174692883329103,1.2174692883329103
14,seeqst_binomial_q0.5,10,mean,1,5000,-4.9152,0.056935954999577376,0.056935954999577376
14,seeqst_binomial_q0.5,10,mean,1,10000,-6.0416,-1.069464045000423,1.069464045000423
14,seeqst_binomial_q0.5,10,mean,1,15000,-6.075733333333333,-1.103597378333756,1.103597378333756
14,seeqst_binomial_q0.5,10,mean,1,20000,-6.0928,-1.1206640450004235,1.1206640450004235
14,seeqst_binomial_q0.5,10,mean,1,25000,-5.85728,-0.8851440450004233,0.8851440450004233
14,seeqst_binomial_q0.5,10,mean,1,30000,-5.802666666666667,-0.8305307116670901,0.8305307116670901
14,seeqst_binomial_q0.5,10,mean,1,35000,-5.266285714285714,-0.29414975928613707,0.29414975928613707
14,seeqst_binomial_q0.5,10,mean,1,40000,-5.2992,-0.32706404500042296,0.32706404500042296
14,seeqst_binomial_q0.5,10,mean,1,45000,-5.302044444444444,-0.3299084894448674,0.3299084894448674
14,seeqst_binomial_q0.5,10,mean,1,50000,-5.0176,-0.04546404500042289,0.04546404500042289
14,seeqst_binomial_tuned,10,mean,1,10,0.0,4.972135954999577,4.972135954999577
14,seeqst_binomial_tuned,10,mean,1,30,9.934107462565102,14.906243417564678,14.906243417564678
14,seeqst_binomial_tuned,10,mean,1,100,-5.960464477539062,-0.9883285225394847,0.9883285225394847
14,seeqst_binomial_tuned,10,mean,1,300,-5.463759104410807,-0.49162314941122975,0.49162314941122975
14,seeqst_binomial_tuned,10,mean,1,1000,-6.109476089477538,-1.1373401344779612,1.1373401344779612
14,seeqst_binomial_tuned,10,mean,1,3000,-5.960464477539062,-0.9883285225394847,0.9883285225394847
14,seeqst_binomial_tuned,10,mean,1,5000,-5.84125518798828,-0.8691192329887034,0.8691192329887034
14,seeqst_binomial_tuned,10,mean,1,10000,-5.036592483520507,-0.06445652852092998,0.06445652852092998
14,seeqst_binomial_tuned,10,mean,1,15000,-5.056460698445637,-0.08432474344605989,0.08432474344605989
14,seeqst_binomial_tuned,10,mean,1,20000,-5.2303075790405265,-0.2581716240409495,0.2581716240409495
14,seeqst_binomial_tuned,10,mean,1,25000,-5.263090133666991,-0.29095417866741435,0.29095417866741435
14,seeqst_binomial_tuned,10,mean,1,30000,-5.180637041727701,-0.20850108672812429,0.20850108672812429
14,seeqst_binomial_tuned,10,mean,1,35000,-5.266496113368442,-0.29436015836886487,0.29436015836886487
14,seeqst_binomial_tuned,10,mean,1,40000,-5.23775815963745,-0.26562220463787334,0.26562220463787334
14,seeqst_binomial_tuned,10,mean,1,45000,-5.2319632636176205,-0.2598273086180436,0.2598273086180436
14,seeqst_binomial_tuned,10,mean,1,50000,-5.295872688293456,-0.3237367332938792,0.3237367332938792
15,pauli,10,mean,1,10,-4.724999999999997,0.24713595499957997,0.24713595499957997
15,pauli,10,mean,1,30,-13.499999999999995,-8.527864045000417,8.527864045000417
15,pauli,10,mean,1,100,-7.244999999999997,-2.2728640450004205,2.2728640450004205
15,pauli,10,mean,1,300,-5.069999999999999,-0.09786404500042245,0.09786404500042245
15,pauli,10,mean,1,1000,-7.868249999999998,-2.896114045000421,2.896114045000421
15,pauli,10,mean,1,3000,-5.840249999999998,-0.8681140450004214,0.8681140450004214
15,pauli,10,mean,1,5000,-2.2617000000000007,2.7104359549995762,2.7104359549995762
15,pauli,10,mean,1,10000,-4.744125,0.22801095499957658,0.22801095499957658
15,pauli,10,mean,1,15000,-4.00905,0.9630859549995767,0.9630859549995767
15,pauli,10,mean,1,20000,-4.0689,0.9032359549995768,0.9032359549995768
15,pauli,10,mean,1,25000,-3.75876,1.2133759549995768,1.2133759549995768
15,pauli,10,mean,1,30000,-3.6651,1.3070359549995771,1.3070359549995771
15,pauli,10,mean,1,35000,-3.6403714285714286,1.3317645264281484,1.3317645264281484
15,pauli,10,mean,1,40000,-3.99099375,0.981142204999577,0.981142204999577
15,pauli,10,mean,1,45000,-3.95635,1.015785954999577,1.015785954999577
15,pauli,10,mean,1,50000,-3.991365,0.9807709549995769,0.9807709549995769
15,clifford,10,mean,1,10,-4.7794714578512676e-15,4.9721359549995725,4.9721359549995725
15,clifford,10,mean,1,30,-1.0021435297513435e-15,4.972135954999576,4.972135954999576
15,clifford,10,mean,1,100,-7.687499999999977,-2.7153640450004,2.7153640450004
15,clifford,10,mean,1,300,0.8541666666666623,5.8263026216662395,5.8263026216662395
15,clifford,10,mean,1,1000,-5.124999999999983,-0.15286404500040618,0.15286404500040618
15,clifford,10,mean,1,3000,-5.466666666666648,-0.4945307116670712,0.4945307116670712
15,clifford,10,mean,1,5000,-5.124999999999988,-0.15286404500041062,0.15286404500041062
15,clifford,10,mean,1,10000,-4.330624999999993,0.6415109549995837,0.6415109549995837
15,clifford,10,mean,1,15000,-4.304999999999995,0.6671359549995817,0.6671359549995817
15,clifford,10,mean,1,20000,-4.304999999999996,0.6671359549995808,0.6671359549995808
15,clifford,10,mean,1,25000,-4.243499999999997,0.7286359549995796,0.7286359549995796
15,clifford,10,mean,1,30000,-4.450208333333331,0.5219276216662463,0.5219276216662463
15,clifford,10,mean,1,35000,-4.451428571428569,0.5207073835710077,0.5207073835710077
15,clifford,10,mean,1,40000,-4.509999999999998,0.46213595499957894,0.46213595499957894
15,clifford,10,mean,1,45000,-4.584027777777776,0.3881081772218007,0.3881081772218007
15,clifford,10,mean,1,50000,-4.781624999999998,0.1905109549995787,0.1905109549995787
15,seeqst_uniform,10,mean,1,10,0.0,4.972135954999577,4.972135954999577
15,seeqst_uniform,10,mean,1,30,0.0,4.972135954999577,4.972135954999577
15,seeqst_uniform,10,mean,1,100,-10.24,-5.267864045000423,5.267864045000423
15,seeqst_uniform,10,mean,1,300,3.4133333333333336,8.38546928833291,8.38546928833291
15,seeqst_uniform,10,mean,1,1000,-2.048,2.924135954999577,2.924135954999577
15,seeqst_uniform,10,mean,1,3000,-4.096,0.8761359549995769,0.8761359549995769
15,seeqst_uniform,10,mean,1,5000,-4.7104,0.261735954999577,0.261735954999577
15,seeqst_uniform,10,mean,1,10000,-5.3248,-0.3526640450004228,0.3526640450004228
15,seeqst_uniform,10,mean,1,15000,-5.12,-0.14786404500042316,0.14786404500042316
15,seeqst_uniform,10,mean,1,20000,-4.9152,0.056935954999577376,0.056935954999577376
15,seeqst_uniform,10,mean,1,25000,-4.66944,0.30269595499957713,0.30269595499957713
15,seeqst_uniform,10,mean,1,30000,-5.0176,-0.04546404500042289,0.04546404500042289
15,seeqst_uniform,10,mean,1,35000,-5.12,-0.14786404500042316,0.14786404500042316
15,seeqst_uniform,10,mean,1,40000,-4.9152,0.056935954999577376,0.056935954999577376
15,seeqst_uniform,10,mean,1,45000,-5.302044444444444,-0.3299084894448674,0.3299084894448674
15,seeqst_uniform,10,mean,1,50000,-5.5296,-0.5574640450004233,0.5574640450004233
15,seeqst_binomial_q0.09091,10,mean,1,10,-25.937424604112483,-20.965288649112907,20.965288649112907
15,seeqst_binomial_q0.09091,10,mean,1,30,-17.291616402741656,-12.31948044774208,12.31948044774208
15,seeqst_binomial_q0.09091,10,mean,1,100,-7.7812273812337445,-2.8090914262341675,2.8090914262341675
15,seeqst_binomial_q0.09091,10,mean,1,300,-7.781227381233746,-2.8090914262341693,2.8090914262341693
15,seeqst_binomial_q0.09091,10,mean,1,1000,-7.262478889151497,-2.29034293415192,2.29034293415192
15,seeqst_binomial_q0.09091,10,mean,1,3000,-4.06352985464429,0.9086061003552866,0.9086061003552866
15,seeqst_binomial_q0.09091,10,mean,1,5000,-4.979985523989586,-0.007849568990009104,0.007849568990009104
15,seeqst_binomial_q0.09091,10,mean,1,10000,-5.394984317655372,-0.4228483626557953,0.4228483626557953
15,seeqst_binomial_q0.09091,10,mean,1,15000,-5.394984317655398,-0.42284836265582104,0.42284836265582104
15,seeqst_binomial_q0.09091,10,mean,1,20000,-4.979985523989618,-0.007849568990041078,0.007849568990041078
15,seeqst_binomial_q0.09091,10,mean,1,25000,-4.959235584306344,0.012900370693232688,0.012900370693232688
15,seeqst_binomial_q0.09091,10,mean,1,30000,-5.0750894142046885,-0.10295345920511156,0.10295345920511156
15,seeqst_binomial_q0.09091,10,mean,1,35000,-5.224538384542638,-0.2524024295430607,0.2524024295430607
15,seeqst_binomial_q0.09091,10,mean,1,40000,-5.206937989275541,-0.23480203427596447,0.23480203427596447
15,seeqst_binomial_q0.09091,10,mean,1,45000,-5.141373943748466,-0.16923798874888885,0.16923798874888885
15,seeqst_binomial_q0.09091,10,mean,1,50000,-5.140797556535029,-0.16866160153545184,0.16866160153545184
15,seeqst_binomial_q0.5,10,mean,1,10,0.0,4.972135954999577,4.972135954999577
15,seeqst_binomial_q0.5,10,mean,1,30,0.0,4.972135954999577,4.972135954999577
15,seeqst_binomial_q0.5,10,mean,1,100,-10.24,-5.267864045000423,5.267864045000423
15,seeqst_binomial_q0.5,10,mean,1,300,-10.24,-5.267864045000423,5.267864045000423
15,seeqst_binomial_q0.5,10,mean,1,1000,-6.144,-1.1718640450004232,1.1718640450004232
15,seeqst_binomial_q0.5,10,mean,1,3000,-4.096,0.8761359549995769,0.8761359549995769
15,seeqst_binomial_q0.5,10,mean,1,5000,-4.9152,0.056935954999577376,0.056935954999577376
15,seeqst_binomial_q0.5,10,mean,1,10000,-4.5056,0.4665359549995767,0.4665359549995767
15,seeqst_binomial_q0.5,10,mean,1,15000,-5.393066666666667,-0.42093071166708995,0.42093071166708995
15,seeqst_binomial_q0.5,10,mean,1,20000,-5.0176,-0.04546404500042289,0.04546404500042289
15,seeqst_binomial_q0.5,10,mean,1,25000,-4.7104,0.261735954999577,0.261735954999577
15,seeqst_binomial_q0.5,10,mean,1,30000,-4.5738666666666665,0.3982692883329104,0.3982692883329104
15,seeqst_binomial_q0.5,10,mean,1,35000,-4.7104,0.261735954999577,0.261735954999577
15,seeqst_binomial_q0.5,10,mean,1,40000,-4.6848,0.28733595499957687,0.28733595499957687
15,seeqst_binomial_q0.5,10,mean,1,45000,-4.778666666666667,0.19346928833290988,0.19346928833290988
15,seeqst_binomial_q0.5,10,mean,1,50000,-4.83328,0.1388559549995767,0.1388559549995767
15,seeqst_binomial_tuned,10,mean,1,10,-29.802322387695305,-24.83018643269573,24.83018643269573
15,seeqst_binomial_tuned,10,mean,1,30,-19.868214925130204,-14.896078970130628,14.896078970130628
15,seeqst_binomial_tuned,10,mean,1,100,-7.4505805969238255,-2.4784446419242485,2.4784446419242485
15,seeqst_binomial_tuned,10,mean,1,300,-7.450580596923826,-2.4784446419242494,2.4784446419242494
15,seeqst_binomial_tuned,10,mean,1,1000,-5.811452865600585,-0.8393169106010081,0.8393169106010081
15,seeqst_binomial_tuned,10,mean,1,3000,-5.6624412536621085,-0.6903052986625315,0.6903052986625315
15,seeqst_binomial_tuned,10,mean,1,5000,-5.394220352172851,-0.42208439717327373,0.42208439717327373
15,seeqst_binomial_tuned,10,mean,1,10000,-5.0961971282958975,-0.1240611732963206,0.1240611732963206
15,seeqst_binomial_tuned,10,mean,1,15000,-4.976987838745116,-0.004851883745539354,0.004851883745539354
15,seeqst_binomial_tuned,10,mean,1,20000,-5.029141902923583,-0.05700594792400615,0.05700594792400615
15,seeqst_binomial_tuned,10,mean,1,25000,-5.155801773071288,-0.18366581807171123,0.18366581807171123
15,seeqst_binomial_tuned,10,mean,1,30000,-5.130966504414875,-0.15883054941529817,0.15883054941529817
15,seeqst_binomial_tuned,10,mean,1,35000,-5.143029349190847,-0.17089339419127025,0.17089339419127025
15,seeqst_binomial_tuned,10,mean,1,40000,-5.114823579788207,-0.14268762478863017,0.14268762478863017
15,seeqst_binomial_tuned,10,mean,1,45000,-5.251831478542751,-0.2796955235431744,0.2796955235431744
15,seeqst_binomial_tuned,10,mean,1,50000,-5.14686107635498,-0.17472512135540264,0.17472512135540264
16,pauli,10,mean,1,10,4.049999999999995,9.022135954999573,9.022135954999573
16,pauli,10,mean,1,30,0.8999999999999979,5.872135954999575,5.872135954999575
16,pauli,10,mean,1,100,-4.837499999999998,0.13463595499957925,0.13463595499957925
16,pauli,10,mean,1,300,-7.417499999999999,-2.4453640450004217,2.4453640450004217
16,pauli,10,mean,1,1000,-6.097499999999998,-1.1253640450004214,1.1253640450004214
16,pauli,10,mean,1,3000,-3.32025,1.6518859549995768,1.6518859549995768
16,pauli,10,mean,1,5000,-3.6765,1.295635954999577,1.295635954999577
16,pauli,10,mean,1,10000,-6.234525,-1.2623890450004227,1.2623890450004227
16,pauli,10,mean,1,15000,-5.890349999999999,-0.9182140450004219,0.9182140450004219
16,pauli,10,mean,1,20000,-4.876762499999999,0.09537345499957794,0.09537345499957794
16,pauli,10,mean,1,25000,-5.0006699999999995,-0.02853404500042256,0.02853404500042256
16,pauli,10,mean,1,30000,-4.737899999999999,0.23423595499957806,0.23423595499957806
16,pauli,10,mean,1,35000,-4.811335714285714,0.16080024071386312,0.16080024071386312
16,pauli,10,mean,1,40000,-4.522612499999999,0.4495234549995777,0.4495234549995777
16,pauli,10,mean,1,45000,-4.376899999999999,0.5952359549995778,0.5952359549995778
16,pauli,10,mean,1,50000,-4.674644999999999,0.2974909549995779,0.2974909549995779
16,clifford,10,mean,1,10,4.322849607120729e-15,4.972135954999581,4.972135954999581
16,clifford,10,mean,1,30,-1.988015503106225e-15,4.972135954999575,4.972135954999575
16,clifford,10,mean,1,100,5.12499999999998,10.097135954999557,10.097135954999557
16,clifford,10,mean,1,300,-0.8541666666666548,4.117969288332922,4.117969288332922
16,clifford,10,mean,1,1000,-2.306249999999985,2.665885954999592,2.665885954999592
16,clifford,10,mean,1,3000,-5.210416666666654,-0.23828071166707687,0.23828071166707687
16,clifford,10,mean,1,5000,-5.17624999999999,-0.20411404500041286,0.20411404500041286
16,clifford,10,mean,1,10000,-4.971249999999996,0.0008859549995809957,0.0008859549995809957
16,clifford,10,mean,1,15000,-5.227499999999997,-0.2553640450004204,0.2553640450004204
16,clifford,10,mean,1,20000,-4.855937499999998,0.11619845499957915,0.11619845499957915
16,clifford,10,mean,1,25000,-4.950749999999998,0.021385954999578516,0.021385954999578516
16,clifford,10,mean,1,30000,-4.808958333333331,0.16317762166624572,0.16317762166624572
16,clifford,10,mean,1,35000,-5.124999999999998,-0.15286404500042128,0.15286404500042128
16,clifford,10,mean,1,40000,-4.862343749999998,0.10979220499957876,0.10979220499957876
16,clifford,10,mean,1,45000,-5.039583333333332,-0.06744737833375503,0.06744737833375503
16,clifford,10,mean,1,50000,-4.873874999999999,0.09826095499957788,0.09826095499957788
16,seeqst_uniform,10,mean,1,10,0.0,4.972135954999577,4.972135954999577
16,seeqst_uniform,10,mean,1,30,0.0,4.972135954999577,4.972135954999577
16,seeqst_uniform,10,mean,1,100,-10.24,-5.267864045000423,5.267864045000423
16,seeqst_uniform,10,mean,1,300,-3.4133333333333336,1.5588026216662434,1.5588026216662434
16,seeqst_uniform,10,mean,1,1000,-7.168,-2.195864045000423,2.195864045000423
16,seeqst_uniform,10,mean,1,3000,-5.461333333333333,-0.4891973783337562,0.4891973783337562
16,seeqst_uniform,10,mean,1,5000,-7.3728,-2.400664045000423,2.400664045000423
16,seeqst_uniform,10,mean,1,10000,-5.2224,-0.25026404500042343,0.25026404500042343
16,seeqst_uniform,10,mean,1,15000,-5.188266666666666,-0.21613071166708941,0.21613071166708941
16,seeqst_uniform,10,mean,1,20000,-5.12,-0.14786404500042316,0.14786404500042316
16,seeqst_uniform,10,mean,1,25000,-5.36576,-0.3936240450004229,0.3936240450004229
16,seeqst_uniform,10,mean,1,30000,-5.495466666666666,-0.5233307116670893,0.5233307116670893
16,seeqst_uniform,10,mean,1,35000,-4.973714285714285,-0.0015783307147083647,0.0015783307147083647
16,seeqst_uniform,10,mean,1,40000,-4.8128,0.15933595499957676,0.15933595499957676
16,seeqst_uniform,10,mean,1,45000,-4.937955555555556,0.03418039944402107,0.03418039944402107
16,seeqst_uniform,10,mean,1,50000,-4.93568,0.03645595499957732,0.03645595499957732
16,seeqst_binomial_q0.09091,10,mean,1,10,-25.937424604112483,-20.965288649112907,20.965288649112907
16,seeqst_binomial_q0.09091,10,mean,1,30,-8.645808201370828,-3.6736722463712512,3.6736722463712512
16,seeqst_binomial_q0.09091,10,mean,1,100,-15.56245476246749,-10.590318807467913,10.590318807467913
16,seeqst_binomial_q0.09091,10,mean,1,300,-4.322904100685414,0.6492318543141629,0.6492318543141629
16,seeqst_binomial_q0.09091,10,mean,1,1000,-2.853116706452374,2.119019248547203,2.119019248547203
16,seeqst_binomial_q0.09091,10,mean,1,3000,-4.668736428740249,0.3033995262593283,0.3033995262593283
16,seeqst_binomial_q0.09091,10,mean,1,5000,-4.305612484282666,0.6665234707169105,0.6665234707169105
16,seeqst_binomial_q0.09091,10,mean,1,10000,-4.616861579532003,0.355274375467574,0.355274375467574
16,seeqst_binomial_q0.09091,10,mean,1,15000,-4.322904100685393,0.6492318543141842,0.6492318543141842
16,seeqst_binomial_q0.09091,10,mean,1,20000,-4.435299607303244,0.5368363476963331,0.5368363476963331
16,seeqst_binomial_q0.09091,10,mean,1,25000,-4.668736428740278,0.303399526259299,0.303399526259299
16,seeqst_binomial_q0.09091,10,mean,1,30000,-4.858944209170425,0.11319174582915181,0.11319174582915181
16,seeqst_binomial_q0.09091,10,mean,1,35000,-4.83918236185298,0.13295359314659727,0.13295359314659727
16,seeqst_binomial_q0.09091,10,mean,1,40000,-5.083735222406012,-0.11159926740643478,0.11159926740643478
16,seeqst_binomial_q0.09091,10,mean,1,45000,-5.291234619238889,-0.3190986642393119,0.3190986642393119
16,seeqst_binomial_q0.09091,10,mean,1,50000,-5.374234377972033,-0.4020984229724558,0.4020984229724558
16,seeqst_binomial_q0.5,10,mean,1,10,0.0,4.972135954999577,4.972135954999577
16,seeqst_binomial_q0.5,10,mean,1,30,0.0,4.972135954999577,4.972135954999577
16,seeqst_binomial_q0.5,10,mean,1,100,0.0,4.972135954999577,4.972135954999577
16,seeqst_binomial_q0.5,10,mean,1,300,0.0,4.972135954999577,4.972135954999577
16,seeqst_binomial_q0.5,10,mean,1,1000,-5.12,-0.14786404500042316,0.14786404500042316
16,seeqst_binomial_q0.5,10,mean,1,3000,-5.12,-0.14786404500042316,0.14786404500042316
16,seeqst_binomial_q0.5,10,mean,1,5000,-5.9392,-0.9670640450004226,0.9670640450004226
16,seeqst_binomial_q0.5,10,mean,1,10000,-5.3248,-0.3526640450004228,0.3526640450004228
16,seeqst_binomial_q0.5,10,mean,1,15000,-6.075733333333333,-1.103597378333756,1.103597378333756
16,seeqst_binomial_q0.5,10,mean,1,20000,-6.5536,-1.5814640450004234,1.5814640450004234
16,seeqst_binomial_q0.5,10,mean,1,25000,-6.38976,-1.417624045000423,1.417624045000423
16,seeqst_binomial_q0.5,10,mean,1,30000,-5.9392,-0.9670640450004226,0.9670640450004226
16,seeqst_binomial_q0.5,10,mean,1,35000,-5.295542857142857,-0.3234069021432804,0.3234069021432804
16,seeqst_binomial_q0.5,10,mean,1,40000,-5.3504,-0.37826404500042266,0.37826404500042266
16,seeqst_binomial_q0.5,10,mean,1,45000,-5.484088888888889,-0.5119529338893116,0.5119529338893116
16,seeqst_binomial_q0.5,10,mean,1,50000,-5.20192,-0.22978404500042338,0.22978404500042338
16,seeqst_binomial_tuned,10,mean,1,10,0.0,4.972135954999577,4.972135954999577
16,seeqst_binomial_tuned,10,mean,1,30,0.0,4.972135954999577,4.972135954999577
16,seeqst_binomial_tuned,10,mean,1,100,-8.940696716308592,-3.968560761309015,3.968560761309015
16,seeqst_binomial_tuned,10,mean,1,300,-4.967053731282551,0.0050822237170260465,0.0050822237170260465
16,seeqst_binomial_tuned,10,mean,1,1000,-4.6193599700927725,0.3527759849068044,0.3527759849068044
16,seeqst_binomial_tuned,10,mean,1,3000,-5.066394805908202,-0.09425885090862529,0.09425885090862529
16,seeqst_binomial_tuned,10,mean,1,5000,-4.947185516357421,0.02495043864215596,0.02495043864215596
16,seeqst_binomial_tuned,10,mean,1,10000,-4.723668098449706,0.2484678565498708,0.2484678565498708
16,seeqst_binomial_tuned,10,mean,1,15000,-4.669030507405598,0.30310544759397917,0.30310544759397917
16,seeqst_binomial_tuned,10,mean,1,20000,-4.954636096954345,0.01749985804523213,0.01749985804523213
16,seeqst_binomial_tuned,10,mean,1,25000,-5.161762237548827,-0.1896262825492503,0.1896262825492503
16,seeqst_binomial_tuned,10,mean,1,30000,-4.967053731282551,0.0050822237170260465,0.0050822237170260465
16,seeqst_binomial_tuned,10,mean,1,35000,-4.742826734270367,0.22930922072920978,0.22930922072920978
16,seeqst_binomial_tuned,10,mean,1,40000,-4.805624485015868,0.1665114699837087,0.1665114699837087
16,seeqst_binomial_tuned,10,mean,1,45000,-4.715389675564236,0.25674627943534123,0.25674627943534123
16,seeqst_binomial_tuned,10,mean,1,50000,-4.720687866210937,0.25144808878864033,0.25144808878864033
17,pauli,10,mean,1,10,-20.69999999999999,-15.727864045000413,15.727864045000413
17,pauli,10,mean,1,30,-11.324999999999992,-6.352864045000415,6.352864045000415
17,pauli,10,mean,1,100,0.31499999999999917,5.2871359549995764,5.2871359549995764
17,pauli,10,mean,1,300,1.0424999999999984,6.014635954999576,6.014635954999576
17,pauli,10,mean,1,1000,-1.7460000000000004,3.2261359549995765,3.2261359549995765
17,pauli,10,mean,1,3000,-4.33725,0.6348859549995769,0.6348859549995769
17,pauli,10,mean,1,5000,-3.2485500000000003,1.7235859549995767,1.7235859549995767
17,pauli,10,mean,1,10000,-4.373325,0.5988109549995766,0.5988109549995766
17,pauli,10,mean,1,15000,-5.02935,-0.05721404500042304,0.05721404500042304
17,pauli,10,mean,1,20000,-5.059575,-0.08743904500042277,0.08743904500042277
17,pauli,10,mean,1,25000,-5.355,-0.3828640450004235,0.3828640450004235
17,pauli,10,mean,1,30000,-5.662875,-0.6907390450004227,0.6907390450004227
17,pauli,10,mean,1,35000,-5.791114285714285,-0.8189783307147085,0.8189783307147085
17,pauli,10,mean,1,40000,-5.4140625,-0.44192654500042305,0.44192654500042305
17,pauli,10,mean,1,45000,-5.42775,-0.4556140450004227,0.4556140450004227
17,pauli,10,mean,1,50000,-5.163075,-0.19093904500042314,0.19093904500042314
17,clifford,10,mean,1,10,9.831233820080672e-15,4.972135954999587,4.972135954999587
17,clifford,10,mean,1,30,-17.083333333333297,-12.11119737833372,12.11119737833372
17,clifford,10,mean,1,100,-12.812499999999966,-7.840364045000389,7.840364045000389
17,clifford,10,mean,1,300,-4.270833333333328,0.7013026216662492,0.7013026216662492
17,clifford,10,mean,1,1000,-1.2812499999999956,3.6908859549995814,3.6908859549995814
17,clifford,10,mean,1,3000,-4.014583333333321,0.957552621666256,0.957552621666256
17,clifford,10,mean,1,5000,-4.151249999999993,0.8208859549995839,0.8208859549995839
17,clifford,10,mean,1,10000,-5.073749999999996,-0.10161404500041904,0.10161404500041904
17,clifford,10,mean,1,15000,-5.090833333333331,-0.11869737833375371,0.11869737833375371
17,clifford,10,mean,1,20000,-5.150624999999998,-0.17848904500042106,0.17848904500042106
17,clifford,10,mean,1,25000,-5.206999999999998,-0.23486404500042113,0.23486404500042113
17,clifford,10,mean,1,30000,-5.253124999999998,-0.2809890450004211,0.2809890450004211
17,clifford,10,mean,1,35000,-5.381249999999999,-0.4091140450004218,0.4091140450004218
17,clifford,10,mean,1,40000,-5.323593749999999,-0.35145779500042185,0.35145779500042185
17,clifford,10,mean,1,45000,-5.26736111111111,-0.2952251561115329,0.2952251561115329
17,clifford,10,mean,1,50000,-5.130124999999999,-0.15798904500042177,0.15798904500042177
17,seeqst_uniform,10,mean,1,10,0.0,4.972135954999577,4.972135954999577
17,seeqst_uniform,10,mean,1,30,0.0,4.972135954999577,4.972135954999577
17,seeqst_uniform,10,mean,1,100,0.0,4.972135954999577,4.972135954999577
17,seeqst_uniform,10,mean,1,300,0.0,4.972135954999577,4.972135954999577
17,seeqst_uniform,10,mean,1,1000,1.024,5.996135954999577,5.996135954999577
17,seeqst_uniform,10,mean,1,3000,-3.7546666666666666,1.2174692883329103,1.2174692883329103
17,seeqst_uniform,10,mean,1,5000,-4.3008,0.6713359549995772,0.6713359549995772
17,seeqst_uniform,10,mean,1,10000,-5.632,-0.6598640450004227,0.6598640450004227
17,seeqst_uniform,10,mean,1,15000,-5.802666666666667,-0.8305307116670901,0.8305307116670901
17,seeqst_uniform,10,mean,1,20000,-5.3248,-0.3526640450004228,0.3526640450004228
17,seeqst_uniform,10,mean,1,25000,-5.07904,-0.10690404500042305,0.10690404500042305
17,seeqst_uniform,10,mean,1,30000,-4.846933333333333,0.12520262166624363,0.12520262166624363
17,seeqst_uniform,10,mean,1,35000,-4.9152,0.056935954999577376,0.056935954999577376
17,seeqst_uniform,10,mean,1,40000,-5.0432,-0.07106404500042274,0.07106404500042274
17,seeqst_uniform,10,mean,1,45000,-5.1427555555555555,-0.17061960055597858,0.17061960055597858
17,seeqst_uniform,10,mean,1,50000,-5.26336,-0.29122404500042265,0.29122404500042265
17,seeqst_binomial_q0.09091,10,mean,1,10,-25.937424604112483,-20.965288649112907,20.965288649112907
17,seeqst_binomial_q0.09091,10,mean,1,30,-17.291616402741656,-12.31948044774208,12.31948044774208
17,seeqst_binomial_q0.09091,10,mean,1,100,-10.374969841644992,-5.402833886645415,5.402833886645415
17,seeqst_binomial_q0.09091,10,mean,1,300,-7.781227381233746,-2.8090914262341693,2.8090914262341693
17,seeqst_binomial_q0.09091,10,mean,1,1000,-7.5218531351926226,-2.5497171801930456,2.5497171801930456
17,seeqst_binomial_q0.09091,10,mean,1,3000,-4.236446018671707,0.7356899363278702,0.7356899363278702
17,seeqst_binomial_q0.09091,10,mean,1,5000,-5.083735222406036,-0.11159926740645876,0.11159926740645876
17,seeqst_binomial_q0.09091,10,mean,1,10000,-4.590924154927891,0.38121180007168576,0.38121180007168576
17,seeqst_binomial_q0.09091,10,mean,1,15000,-4.219154402268944,0.7529815527306329,0.7529815527306329
17,seeqst_binomial_q0.09091,10,mean,1,20000,-4.7335799902505435,0.2385559647490334,0.2385559647490334
17,seeqst_binomial_q0.09091,10,mean,1,25000,-4.8139860065233115,0.1581499484762654,0.1581499484762654
17,seeqst_binomial_q0.09091,10,mean,1,30000,-4.694673853344385,0.2774621016551917,0.2774621016551917
17,seeqst_binomial_q0.09091,10,mean,1,35000,-4.905878596549266,0.06625735845031056,0.06625735845031056
17,seeqst_binomial_q0.09091,10,mean,1,40000,-4.882720181724147,0.08941577327543015,0.08941577327543015
17,seeqst_binomial_q0.09091,10,mean,1,45000,-4.92234680264708,0.04978915235249737,0.04978915235249737
17,seeqst_binomial_q0.09091,10,mean,1,50000,-4.995547978752004,-0.023412023752427125,0.023412023752427125
17,seeqst_binomial_q0.5,10,mean,1,10,0.0,4.972135954999577,4.972135954999577
17,seeqst_binomial_q0.5,10,mean,1,30,0.0,4.972135954999577,4.972135954999577
17,seeqst_binomial_q0.5,10,mean,1,100,0.0,4.972135954999577,4.972135954999577
17,seeqst_binomial_q0.5,10,mean,1,300,-3.4133333333333336,1.5588026216662434,1.5588026216662434
17,seeqst_binomial_q0.5,10,mean,1,1000,-1.024,3.948135954999577,3.948135954999577
17,seeqst_binomial_q0.5,10,mean,1,3000,0.3413333333333333,5.31346928833291,5.31346928833291
17,seeqst_binomial_q0.5,10,mean,1,5000,-2.6624,2.309735954999577,2.309735954999577
17,seeqst_binomial_q0.5,10,mean,1,10000,-2.7648,2.207335954999577,2.207335954999577
17,seeqst_binomial_q0.5,10,mean,1,15000,-3.9594666666666667,1.0126692883329103,1.0126692883329103
17,seeqst_binomial_q0.5,10,mean,1,20000,-5.4272,-0.4550640450004231,0.4550640450004231
17,seeqst_binomial_q0.5,10,mean,1,25000,-4.54656,0.42557595499957657,0.42557595499957657
17,seeqst_binomial_q0.5,10,mean,1,30000,-5.085866666666667,-0.11373071166709003,0.11373071166709003
17,seeqst_binomial_q0.5,10,mean,1,35000,-5.207771428571428,-0.23563547357185133,0.23563547357185133
17,seeqst_binomial_q0.5,10,mean,1,40000,-5.1712,-0.19906404500042285,0.19906404500042285
17,seeqst_binomial_q0.5,10,mean,1,45000,-5.1427555555555555,-0.17061960055597858,0.17061960055597858
17,seeqst_binomial_q0.5,10,mean,1,50000,-5.24288,-0.2707440450004235,0.2707440450004235
17,seeqst_binomial_tuned,10,mean,1,10,0.0,4.972135954999577,4.972135954999577
17,seeqst_binomial_tuned,10,mean,1,30,4.967053731282551,9.939189686282127,9.939189686282127
17,seeqst_binomial_tuned,10,mean,1,100,4.470348358154296,9.442484313153873,9.442484313153873
17,seeqst_binomial_tuned,10,mean,1,300,-6.457169850667317,-1.4850338956677405,1.4850338956677405
17,seeqst_binomial_tuned,10,mean,1,1000,-2.9802322387695312,1.9919037162300457,1.9919037162300457
17,seeqst_binomial_tuned,10,mean,1,3000,-3.526608149210612,1.4455278057889651,1.4455278057889651
17,seeqst_binomial_tuned,10,mean,1,5000,-3.6656856536865234,1.3064503013130535,1.3064503013130535
17,seeqst_binomial_tuned,10,mean,1,10000,-4.26173210144043,0.7104038535591473,0.7104038535591473
17,seeqst_binomial_tuned,10,mean,1,15000,-4.510084788004558,0.46205116699501936,0.46205116699501936
17,seeqst_binomial_tuned,10,mean,1,20000,-4.641711711883545,0.330424243116032,0.330424243116032
17,seeqst_binomial_tuned,10,mean,1,25000,-4.649162292480469,0.3229736625191082,0.3229736625191082
17,seeqst_binomial_tuned,10,mean,1,30000,-4.669030507405599,0.3031054475939783,0.3031054475939783
17,seeqst_binomial_tuned,10,mean,1,35000,-4.691737038748605,0.2803989162509719,0.2803989162509719
17,seeqst_binomial_tuned,10,mean,1,40000,-4.813075065612793,0.15906088938678398,0.15906088938678398
17,seeqst_binomial_tuned,10,mean,1,45000,-4.831287595960829,0.14084835903874815,0.14084835903874815
17,seeqst_binomial_tuned,10,mean,1,50000,-4.854798316955566,0.11733763804401054,0.11733763804401054
18,pauli,10,mean,1,10,-1.5749999999999995,3.3971359549995777,3.3971359549995777
18,pauli,10,mean,1,30,-1.2749999999999997,3.6971359549995775,3.6971359549995775
18,pauli,10,mean,1,100,-1.7550000000000006,3.217135954999576,3.217135954999576
18,pauli,10,mean,1,300,-1.4925000000000008,3.4796359549995763,3.4796359549995763
18,pauli,10,mean,1,1000,-2.646000000000001,2.326135954999576,2.326135954999576
18,pauli,10,mean,1,3000,-4.641749999999999,0.3303859549995778,0.3303859549995778
18,pauli,10,mean,1,5000,-5.926949999999999,-0.9548140450004219,0.9548140450004219
18,pauli,10,mean,1,10000,-5.609699999999999,-0.6375640450004223,0.6375640450004223
18,pauli,10,mean,1,15000,-4.188299999999999,0.7838359549995779,0.7838359549995779
18,pauli,10,mean,1,20000,-4.155187499999999,0.8169484549995776,0.8169484549995776
18,pauli,10,mean,1,25000,-4.045319999999999,0.9268159549995776,0.9268159549995776
18,pauli,10,mean,1,30000,-4.317975,0.6541609549995773,0.6541609549995773
18,pauli,10,mean,1,35000,-4.117307142857142,0.8548288121424346,0.8548288121424346
18,pauli,10,mean,1,40000,-4.091906249999999,0.8802297049995778,0.8802297049995778
18,pauli,10,mean,1,45000,-4.25695,0.7151859549995772,0.7151859549995772
18,pauli,10,mean,1,50000,-4.533659999999999,0.4384759549995776,0.4384759549995776
18,clifford,10,mean,1,10,25.624999999999925,30.5971359549995,30.5971359549995
18,clifford,10,mean,1,30,-4.028405301756856e-15,4.9721359549995725,4.9721359549995725
18,clifford,10,mean,1,100,1.3246925467074293e-14,4.97213595499959,4.97213595499959
18,clifford,10,mean,1,300,-5.124999999999983,-0.15286404500040618,0.15286404500040618
18,clifford,10,mean,1,1000,-4.356249999999987,0.6158859549995901,0.6158859549995901
18,clifford,10,mean,1,3000,-5.381249999999979,-0.40911404500040227,0.40911404500040227
18,clifford,10,mean,1,5000,-4.458749999999985,0.5133859549995918,0.5133859549995918
18,clifford,10,mean,1,10000,-5.406874999999991,-0.4347390450004145,0.4347390450004145
18,clifford,10,mean,1,15000,-5.107916666666661,-0.13578071166708394,0.13578071166708394
18,clifford,10,mean,1,20000,-5.329999999999996,-0.3578640450004187,0.3578640450004187
18,clifford,10,mean,1,25000,-4.858499999999997,0.11363595499958024,0.11363595499958024
18,clifford,10,mean,1,30000,-4.47583333333333,0.4963026216662465,0.4963026216662465
18,clifford,10,mean,1,35000,-4.722321428571426,0.2498145264281506,0.2498145264281506
18,clifford,10,mean,1,40000,-4.689374999999997,0.28276095499957954,0.28276095499957954
18,clifford,10,mean,1,45000,-4.720694444444442,0.25144151055513486,0.25144151055513486
18,clifford,10,mean,1,50000,-4.7662499999999985,0.2058859549995784,0.2058859549995784
18,seeqst_uniform,10,mean,1,10,0.0,4.972135954999577,4.972135954999577
18,seeqst_uniform,10,mean,1,30,0.0,4.972135954999577,4.972135954999577
18,seeqst_uniform,10,mean,1,100,-10.24,-5.267864045000423,5.267864045000423
18,seeqst_uniform,10,mean,1,300,-10.24,-5.267864045000423,5.267864045000423
18,seeqst_uniform,10,mean,1,1000,-10.24,-5.267864045000423,5.267864045000423
18,seeqst_uniform,10,mean,1,3000,-7.168,-2.195864045000423,2.195864045000423
18,seeqst_uniform,10,mean,1,5000,-5.7344,-0.762264045000423,0.762264045000423
18,seeqst_uniform,10,mean,1,10000,-4.8128,0.15933595499957676,0.15933595499957676
18,seeqst_uniform,10,mean,1,15000,-4.5056,0.4665359549995767,0.4665359549995767
18,seeqst_uniform,10,mean,1,20000,-4.864,0.10813595499957707,0.10813595499957707
18,seeqst_uniform,10,mean,1,25000,-5.24288,-0.2707440450004235,0.2707440450004235
18,seeqst_uniform,10,mean,1,30000,-5.12,-0.14786404500042316,0.14786404500042316
18,seeqst_uniform,10,mean,1,35000,-5.237028571428572,-0.26489261642899464,0.26489261642899464
18,seeqst_uniform,10,mean,1,40000,-4.8384,0.1337359549995769,0.1337359549995769
18,seeqst_uniform,10,mean,1,45000,-5.165511111111111,-0.193375156111534,0.193375156111534
18,seeqst_uniform,10,mean,1,50000,-4.93568,0.03645595499957732,0.03645595499957732
18,seeqst_binomial_q0.09091,10,mean,1,10,0.0,4.972135954999577,4.972135954999577
18,seeqst_binomial_q0.09091,10,mean,1,30,-8.645808201370828,-3.6736722463712512,3.6736722463712512
18,seeqst_binomial_q0.09091,10,mean,1,100,-2.593742460411248,2.378393494588329,2.378393494588329
18,seeqst_binomial_q0.09091,10,mean,1,300,-0.8645808201370827,4.107555134862494,4.107555134862494
18,seeqst_binomial_q0.09091,10,mean,1,1000,-2.593742460411249,2.378393494588328,2.378393494588328
18,seeqst_binomial_q0.09091,10,mean,1,3000,-3.5447813625620403,1.4273545924375366,1.4273545924375366
18,seeqst_binomial_q0.09091,10,mean,1,5000,-2.801241857244149,2.170894097755428,2.170894097755428
18,seeqst_binomial_q0.09091,10,mean,1,10000,-3.8128014168045214,1.1593345381950555,1.1593345381950555
18,seeqst_binomial_q0.09091,10,mean,1,15000,-4.4439454155045865,0.5281905394949904,0.5281905394949904
18,seeqst_binomial_q0.09091,10,mean,1,20000,-4.500143168813526,0.4719927861860507,0.4719927861860507
18,seeqst_binomial_q0.09091,10,mean,1,25000,-4.637611519215342,0.3345244357842345,0.3345244357842345
18,seeqst_binomial_q0.09091,10,mean,1,30000,-5.178839112621135,-0.20670315762155766,0.20670315762155766
18,seeqst_binomial_q0.09091,10,mean,1,35000,-5.105967300638127,-0.13383134563855048,0.13383134563855048
18,seeqst_binomial_q0.09091,10,mean,1,40000,-4.986469880140593,-0.014333925141015946,0.014333925141015946
18,seeqst_binomial_q0.09091,10,mean,1,45000,-4.916582930512832,0.05555302448674482,0.05555302448674482
18,seeqst_binomial_q0.09091,10,mean,1,50000,-4.808798521602401,0.1633374333971762,0.1633374333971762
18,seeqst_binomial_q0.5,10,mean,1,10,0.0,4.972135954999577,4.972135954999577
18,seeqst_binomial_q0.5,10,mean,1,30,0.0,4.972135954999577,4.972135954999577
18,seeqst_binomial_q0.5,10,mean,1,100,-20.48,-15.507864045000424,15.507864045000424
18,seeqst_binomial_q0.5,10,mean,1,300,-3.4133333333333336,1.5588026216662434,1.5588026216662434
18,seeqst_binomial_q0.5,10,mean,1,1000,-6.144,-1.1718640450004232,1.1718640450004232
18,seeqst_binomial_q0.5,10,mean,1,3000,-5.461333333333333,-0.4891973783337562,0.4891973783337562
18,seeqst_binomial_q0.5,10,mean,1,5000,-4.5056,0.4665359549995767,0.4665359549995767
18,seeqst_binomial_q0.5,10,mean,1,10000,-3.6864,1.285735954999577,1.285735954999577
18,seeqst_binomial_q0.5,10,mean,1,15000,-3.0037333333333334,1.9684026216662436,1.9684026216662436
18,seeqst_binomial_q0.5,10,mean,1,20000,-3.5328,1.439335954999577,1.439335954999577
18,seeqst_binomial_q0.5,10,mean,1,25000,-4.13696,0.8351759549995768,0.8351759549995768
18,seeqst_binomial_q0.5,10,mean,1,30000,-4.5056,0.4665359549995767,0.4665359549995767
18,seeqst_binomial_q0.5,10,mean,1,35000,-4.417828571428571,0.5543073835710057,0.5543073835710057
18,seeqst_binomial_q0.5,10,mean,1,40000,-4.096,0.8761359549995769,0.8761359549995769
18,seeqst_binomial_q0.5,10,mean,1,45000,-4.323555555555555,0.6485803994440218,0.6485803994440218
18,seeqst_binomial_q0.5,10,mean,1,50000,-4.23936,0.7327759549995774,0.7327759549995774
18,seeqst_binomial_tuned,10,mean,1,10,-14.901161193847653,-9.929025238848077,9.929025238848077
18,seeqst_binomial_tuned,10,mean,1,30,-4.967053731282551,0.0050822237170260465,0.0050822237170260465
18,seeqst_binomial_tuned,10,mean,1,100,-1.4901161193847654,3.4820198356148113,3.4820198356148113
18,seeqst_binomial_tuned,10,mean,1,300,-3.973642985026041,0.9984929699735359,0.9984929699735359
18,seeqst_binomial_tuned,10,mean,1,1000,-2.6822090148925777,2.2899269401069993,2.2899269401069993
18,seeqst_binomial_tuned,10,mean,1,3000,-4.520018895467122,0.45211705953245485,0.45211705953245485
18,seeqst_binomial_tuned,10,mean,1,5000,-3.9637088775634757,1.0084270774361013,1.0084270774361013
18,seeqst_binomial_tuned,10,mean,1,10000,-4.7087669372558585,0.26336901774371846,0.26336901774371846
18,seeqst_binomial_tuned,10,mean,1,15000,-4.539887110392252,0.43224884460732493,0.43224884460732493
18,seeqst_binomial_tuned,10,mean,1,20000,-4.373490810394286,0.5986451446052907,0.5986451446052907
18,seeqst_binomial_tuned,10,mean,1,25000,-4.601478576660155,0.3706573783394216,0.3706573783394216
18,seeqst_binomial_tuned,10,mean,1,30000,-4.659096399943033,0.3130395550565437,0.3130395550565437
18,seeqst_binomial_tuned,10,mean,1,35000,-4.725796835763113,0.24633911923646412,0.24633911923646412
18,seeqst_binomial_tuned,10,mean,1,40000,-4.760921001434325,0.21121495356525166,0.21121495356525166
18,seeqst_binomial_tuned,10,mean,1,45000,-4.768371582031249,0.20376437296832783,0.20376437296832783
18,seeqst_binomial_tuned,10,mean,1,50000,-4.822015762329101,0.15012019267047627,0.15012019267047627
19,pauli,10,mean,1,10,-0.22499999999999973,4.747135954999577,4.747135954999577
19,pauli,10,mean,1,30,3.5999999999999983,8.572135954999576,8.572135954999576
19,pauli,10,mean,1,100,-18.13499999999999,-13.162864045000415,13.162864045000415
19,pauli,10,mean,1,300,-54.98249999999997,-50.010364045000394,50.010364045000394
19,pauli,10,mean,1,1000,-21.210749999999994,-16.238614045000418,16.238614045000418
19,pauli,10,mean,1,3000,-5.852249999999998,-0.880114045000421,0.880114045000421
19,pauli,10,mean,1,5000,-5.062499999999998,-0.09036404500042128,0.09036404500042128
19,pauli,10,mean,1,10000,-4.541849999999999,0.43028595499957767,0.43028595499957767
19,pauli,10,mean,1,15000,-4.642049999999999,0.3300859549995776,0.3300859549995776
19,pauli,10,mean,1,20000,-5.265,-0.29286404500042273,0.29286404500042273
19,pauli,10,mean,1,25000,-4.926779999999999,0.0453559549995779,0.0453559549995779
19,pauli,10,mean,1,30000,-5.068424999999999,-0.09628904500042168,0.09628904500042168
19,pauli,10,mean,1,35000,-4.749942857142856,0.2221930978567208,0.2221930978567208
19,pauli,10,mean,1,40000,-4.58488125,0.38725470499957737,0.38725470499957737
19,pauli,10,mean,1,45000,-4.4685999999999995,0.5035359549995775,0.5035359549995775
19,pauli,10,mean,1,50000,-4.390604999999999,0.581530954999578,0.581530954999578
19,clifford,10,mean,1,10,-25.624999999999915,-20.65286404500034,20.65286404500034
19,clifford,10,mean,1,30,-25.624999999999893,-20.652864045000317,20.652864045000317
19,clifford,10,mean,1,100,-12.81249999999996,-7.840364045000382,7.840364045000382
19,clifford,10,mean,1,300,-10.249999999999961,-5.277864045000384,5.277864045000384
19,clifford,10,mean,1,1000,-4.099999999999989,0.872135954999588,0.872135954999588
19,clifford,10,mean,1,3000,-4.099999999999983,0.8721359549995942,0.8721359549995942
19,clifford,10,mean,1,5000,-4.151249999999987,0.8208859549995902,0.8208859549995902
19,clifford,10,mean,1,10000,-4.151249999999993,0.8208859549995839,0.8208859549995839
19,clifford,10,mean,1,15000,-4.356249999999995,0.6158859549995821,0.6158859549995821
19,clifford,10,mean,1,20000,-4.7918749999999966,0.1802609549995804,0.1802609549995804
19,clifford,10,mean,1,25000,-4.520249999999997,0.45188595499957973,0.45188595499957973
19,clifford,10,mean,1,30000,-4.723541666666664,0.24859428833291286,0.24859428833291286
19,clifford,10,mean,1,35000,-4.795535714285712,0.17660024071386538,0.17660024071386538
19,clifford,10,mean,1,40000,-4.971249999999998,0.0008859549995792193,0.0008859549995792193
19,clifford,10,mean,1,45000,-4.8858333333333315,0.08630262166624547,0.08630262166624547
19,clifford,10,mean,1,50000,-5.017374999999999,-0.04523904500042164,0.04523904500042164
19,seeqst_uniform,10,mean,1,10,0.0,4.972135954999577,4.972135954999577
19,seeqst_uniform,10,mean,1,30,0.0,4.972135954999577,4.972135954999577
19,seeqst_uniform,10,mean,1,100,10.24,15.212135954999578,15.212135954999578
19,seeqst_uniform,10,mean,1,300,-3.4133333333333336,1.5588026216662434,1.5588026216662434
19,seeqst_uniform,10,mean,1,1000,-3.072,1.9001359549995769,1.9001359549995769
19,seeqst_uniform,10,mean,1,3000,-3.4133333333333336,1.5588026216662434,1.5588026216662434
19,seeqst_uniform,10,mean,1,5000,-1.8432,3.128935954999577,3.128935954999577
19,seeqst_uniform,10,mean,1,10000,-3.072,1.9001359549995769,1.9001359549995769
19,seeqst_uniform,10,mean,1,15000,-3.1402666666666668,1.8318692883329102,1.8318692883329102
19,seeqst_uniform,10,mean,1,20000,-3.9424,1.0297359549995768,1.0297359549995768
19,seeqst_uniform,10,mean,1,25000,-3.8912,1.080935954999577,1.080935954999577
19,seeqst_uniform,10,mean,1,30000,-3.7205333333333335,1.2516026216662435,1.2516026216662435
19,seeqst_uniform,10,mean,1,35000,-4.037485714285714,0.9346502407138626,0.9346502407138626
19,seeqst_uniform,10,mean,1,40000,-3.9168,1.055335954999577,1.055335954999577
19,seeqst_uniform,10,mean,1,45000,-4.1187555555555555,0.8533803994440214,0.8533803994440214
19,seeqst_uniform,10,mean,1,50000,-4.25984,0.7122959549995773,0.7122959549995773
19,seeqst_binomial_q0.09091,10,mean,1,10,-25.937424604112483,-20.965288649112907,20.965288649112907
19,seeqst_binomial_q0.09091,10,mean,1,30,-8.645808201370828,-3.6736722463712512,3.6736722463712512
19,seeqst_binomial_q0.09091,10,mean,1,100,-5.187484920822496,-0.21534896582291907,0.21534896582291907
19,seeqst_binomial_q0.09091,10,mean,1,300,-2.593742460411248,2.378393494588329,2.378393494588329
19,seeqst_binomial_q0.09091,10,mean,1,1000,-2.853116706452374,2.119019248547203,2.119019248547203
19,seeqst_binomial_q0.09091,10,mean,1,3000,-3.1124909524934985,1.8596450025060784,1.8596450025060784
19,seeqst_binomial_q0.09091,10,mean,1,5000,-3.7349891429921955,1.2371468120073814,1.2371468120073814
19,seeqst_binomial_q0.09091,10,mean,1,10000,-4.124050512053869,0.8480854429457079,0.8480854429457079
19,seeqst_binomial_q0.09091,10,mean,1,15000,-4.167279553060719,0.8048564019388582,0.8048564019388582
19,seeqst_binomial_q0.09091,10,mean,1,20000,-4.7465487025526,0.22558725244697708,0.22558725244697708
19,seeqst_binomial_q0.09091,10,mean,1,25000,-4.876235825573183,0.09590012942639436,0.09590012942639436
19,seeqst_binomial_q0.09091,10,mean,1,30000,-4.807069359962202,0.1650665950373753,0.1650665950373753
19,seeqst_binomial_q0.09091,10,mean,1,35000,-4.824360976364916,0.14777497863466138,0.14777497863466138
19,seeqst_binomial_q0.09091,10,mean,1,40000,-4.889204537875175,0.082931417124402,0.082931417124402
19,seeqst_binomial_q0.09091,10,mean,1,45000,-4.8762358255731035,0.09590012942647341,0.09590012942647341
19,seeqst_binomial_q0.09091,10,mean,1,50000,-4.803611036681578,0.1685249183179991,0.1685249183179991
19,seeqst_binomial_q0.5,10,mean,1,10,0.0,4.972135954999577,4.972135954999577
19,seeqst_binomial_q0.5,10,mean,1,30,-34.13333333333333,-29.161197378333757,29.161197378333757
19,seeqst_binomial_q0.5,10,mean,1,100,0.0,4.972135954999577,4.972135954999577
19,seeqst_binomial_q0.5,10,mean,1,300,3.4133333333333336,8.38546928833291,8.38546928833291
19,seeqst_binomial_q0.5,10,mean,1,1000,-1.024,3.948135954999577,3.948135954999577
19,seeqst_binomial_q0.5,10,mean,1,3000,-4.096,0.8761359549995769,0.8761359549995769
19,seeqst_binomial_q0.5,10,mean,1,5000,-5.12,-0.14786404500042316,0.14786404500042316
19,seeqst_binomial_q0.5,10,mean,1,10000,-5.2224,-0.25026404500042343,0.25026404500042343
19,seeqst_binomial_q0.5,10,mean,1,15000,-5.393066666666667,-0.42093071166708995,0.42093071166708995
19,seeqst_binomial_q0.5,10,mean,1,20000,-5.888,-0.915864045000423,0.915864045000423
19,seeqst_binomial_q0.5,10,mean,1,25000,-5.69344,-0.7213040450004229,0.7213040450004229
19,seeqst_binomial_q0.5,10,mean,1,30000,-5.290666666666667,-0.3185307116670897,0.3185307116670897
19,seeqst_binomial_q0.5,10,mean,1,35000,-5.6173714285714285,-0.6452354735718515,0.6452354735718515
19,seeqst_binomial_q0.5,10,mean,1,40000,-5.6832,-0.7110640450004233,0.7110640450004233
19,seeqst_binomial_q0.5,10,mean,1,45000,-5.643377777777777,-0.6712418227782004,0.6712418227782004
19,seeqst_binomial_q0.5,10,mean,1,50000,-5.4272,-0.4550640450004231,0.4550640450004231
19,seeqst_binomial_tuned,10,mean,1,10,14.901161193847653,19.87329714884723,19.87329714884723
19,seeqst_binomial_tuned,10,mean,1,30,-4.967053731282551,0.0050822237170260465,0.0050822237170260465
19,seeqst_binomial_tuned,10,mean,1,100,0.0,4.972135954999577,4.972135954999577
19,seeqst_binomial_tuned,10,mean,1,300,-3.4769376118977857,1.4951983431017912,1.4951983431017912
19,seeqst_binomial_tuned,10,mean,1,1000,-7.0035457611083975,-2.0314098061088206,2.0314098061088206
19,seeqst_binomial_tuned,10,mean,1,3000,-5.960464477539062,-0.9883285225394847,0.9883285225394847
19,seeqst_binomial_tuned,10,mean,1,5000,-5.78165054321289,-0.8095145882133128,0.8095145882133128
19,seeqst_binomial_tuned,10,mean,1,10000,-5.7071447372436515,-0.7350087822440745,0.7350087822440745
19,seeqst_binomial_tuned,10,mean,1,15000,-5.582968393961588,-0.610832438962011,0.610832438962011
19,seeqst_binomial_tuned,10,mean,1,20000,-5.58793544769287,-0.6157994926932933,0.6157994926932933
19,seeqst_binomial_tuned,10,mean,1,25000,-5.394220352172851,-0.42208439717327373,0.42208439717327373
19,seeqst_binomial_tuned,10,mean,1,30000,-5.270044008890787,-0.2979080538912102,0.2979080538912102
19,seeqst_binomial_tuned,10,mean,1,35000,-5.223921367100306,-0.25178541210072947,0.25178541210072947
19,seeqst_binomial_tuned,10,mean,1,40000,-5.174428224563598,-0.2022922695640208,0.2022922695640208
19,seeqst_binomial_tuned,10,mean,1,45000,-5.205472310384114,-0.23333635538453734,0.23333635538453734
19,seeqst_binomial_tuned,10,mean,1,50000,-5.1409006118774405,-0.16876465687786357,0.16876465687786357
20,pauli,10,mean,1,10,-1.8000000000000007,3.1721359549995762,3.1721359549995762
20,pauli,10,mean,1,30,1.2749999999999984,6.2471359549995755,6.2471359549995755
20,pauli,10,mean,1,100,-4.1175,0.8546359549995772,0.8546359549995772
20,pauli,10,mean,1,300,-6.457499999999997,-1.48536404500042,1.48536404500042
20,pauli,10,mean,1,1000,-2.67525,2.296885954999577,2.296885954999577
20,pauli,10,mean,1,3000,-1.63125,3.340885954999577,3.340885954999577
20,pauli,10,mean,1,5000,-2.23425,2.737885954999577,2.737885954999577
20,pauli,10,mean,1,10000,-2.641725,2.330410954999577,2.330410954999577
20,pauli,10,mean,1,15000,-3.87015,1.1019859549995767,1.1019859549995767
20,pauli,10,mean,1,20000,-3.6253125,1.3468234549995768,1.3468234549995768
20,pauli,10,mean,1,25000,-3.87378,1.098355954999577,1.098355954999577
20,pauli,10,mean,1,30000,-4.14165,0.8304859549995767,0.8304859549995767
20,pauli,10,mean,1,35000,-3.9967714285714284,0.9753645264281485,0.9753645264281485
20,pauli,10,mean,1,40000,-4.3556625,0.6164734549995767,0.6164734549995767
20,pauli,10,mean,1,45000,-4.37435,0.5977859549995772,0.5977859549995772
20,pauli,10,mean,1,50000,-4.399875,0.5722609549995772,0.5722609549995772
20,clifford,10,mean,1,10,4.289645895438898e-15,4.972135954999581,4.972135954999581
20,clifford,10,mean,1,30,-8.541666666666641,-3.5695307116670643,3.5695307116670643
20,clifford,10,mean,1,100,-15.374999999999957,-10.402864045000381,10.402864045000381
20,clifford,10,mean,1,300,-7.687499999999982,-2.7153640450004053,2.7153640450004053
20,clifford,10,mean,1,1000,-9.993749999999967,-5.02161404500039,5.02161404500039
20,clifford,10,mean,1,3000,-6.235416666666652,-1.2632807116670755,1.2632807116670755
20,clifford,10,mean,1,5000,-5.329999999999991,-0.35786404500041424,0.35786404500041424
20,clifford,10,mean,1,10000,-4.7149999999999945,0.2571359549995824,0.2571359549995824
20,clifford,10,mean,1,15000,-4.407499999999996,0.5646359549995807,0.5646359549995807
20,clifford,10,mean,1,20000,-4.433124999999997,0.5390109549995801,0.5390109549995801
20,clifford,10,mean,1,25000,-4.274249999999998,0.6978859549995793,0.6978859549995793
20,clifford,10,mean,1,30000,-4.475833333333331,0.4963026216662456,0.4963026216662456
20,clifford,10,mean,1,35000,-4.5612499999999985,0.4108859549995785,0.4108859549995785
20,clifford,10,mean,1,40000,-4.567656249999999,0.4044797049995781,0.4044797049995781
20,clifford,10,mean,1,45000,-4.589722222222221,0.3824137327773558,0.3824137327773558
20,clifford,10,mean,1,50000,-4.658624999999999,0.31351095499957804,0.31351095499957804
20,seeqst_uniform,10,mean,1,10,0.0,4.972135954999577,4.972135954999577
20,seeqst_uniform,10,mean,1,30,0.0,4.972135954999577,4.972135954999577
20,seeqst_uniform,10,mean,1,100,10.24,15.212135954999578,15.212135954999578
20,seeqst_uniform,10,mean,1,300,6.826666666666667,11.798802621666244,11.798802621666244
20,seeqst_uniform,10,mean,1,1000,-2.048,2.924135954999577,2.924135954999577
20,seeqst_uniform,10,mean,1,3000,-3.4133333333333336,1.5588026216662434,1.5588026216662434
20,seeqst_uniform,10,mean,1,5000,-5.5296,-0.5574640450004233,0.5574640450004233
20,seeqst_uniform,10,mean,1,10000,-5.3248,-0.3526640450004228,0.3526640450004228
20,seeqst_uniform,10,mean,1,15000,-4.983466666666667,-0.011330711667089766,0.011330711667089766
20,seeqst_uniform,10,mean,1,20000,-5.0176,-0.04546404500042289,0.04546404500042289
20,seeqst_uniform,10,mean,1,25000,-4.7104,0.261735954999577,0.261735954999577
20,seeqst_uniform,10,mean,1,30000,-4.846933333333333,0.12520262166624363,0.12520262166624363
20,seeqst_uniform,10,mean,1,35000,-4.768914285714286,0.20322166928529128,0.20322166928529128
20,seeqst_uniform,10,mean,1,40000,-5.1968,-0.2246640450004227,0.2246640450004227
20,seeqst_uniform,10,mean,1,45000,-4.960711111111111,0.011424843888465652,0.011424843888465652
20,seeqst_uniform,10,mean,1,50000,-4.68992,0.2822159549995771,0.2822159549995771
20,seeqst_binomial_q0.09091,10,mean,1,10,0.0,4.972135954999577,4.972135954999577
20,seeqst_binomial_q0.09091,10,mean,1,30,-17.291616402741656,-12.31948044774208,12.31948044774208
20,seeqst_binomial_q0.09091,10,mean,1,100,-5.187484920822496,-0.21534896582291907,0.21534896582291907
20,seeqst_binomial_q0.09091,10,mean,1,300,-8.64580820137083,-3.673672246371253,3.673672246371253
20,seeqst_binomial_q0.09091,10,mean,1,1000,-6.4843561510281225,-1.5122201960285455,1.5122201960285455
20,seeqst_binomial_q0.09091,10,mean,1,3000,-5.792691494918454,-0.8205555399188773,0.8205555399188773
20,seeqst_binomial_q0.09091,10,mean,1,5000,-4.668736428740239,0.3033995262593381,0.3033995262593381
20,seeqst_binomial_q0.09091,10,mean,1,10000,-4.954048099385463,0.01808785561411419,0.01808785561411419
20,seeqst_binomial_q0.09091,10,mean,1,15000,-4.39207056629636,0.5800653887032166,0.5800653887032166
20,seeqst_binomial_q0.09091,10,mean,1,20000,-4.279675059678565,0.6924608953210116,0.6924608953210116
20,seeqst_binomial_q0.09091,10,mean,1,25000,-4.471612001749019,0.5005239532505579,0.5005239532505579
20,seeqst_binomial_q0.09091,10,mean,1,30000,-4.61686157953205,0.35527437546752694,0.35527437546752694
20,seeqst_binomial_q0.09091,10,mean,1,35000,-4.5279332666036405,0.44420268839593646,0.44420268839593646
20,seeqst_binomial_q0.09091,10,mean,1,40000,-4.668736428740226,0.3033995262593505,0.3033995262593505
20,seeqst_binomial_q0.09091,10,mean,1,45000,-4.732139022216928,0.239996932782649,0.239996932782649
20,seeqst_binomial_q0.09091,10,mean,1,50000,-4.637611519215264,0.3345244357843127,0.3345244357843127
20,seeqst_binomial_q0.5,10,mean,1,10,0.0,4.972135954999577,4.972135954999577
20,seeqst_binomial_q0.5,10,mean,1,30,0.0,4.972135954999577,4.972135954999577
20,seeqst_binomial_q0.5,10,mean,1,100,0.0,4.972135954999577,4.972135954999577
20,seeqst_binomial_q0.5,10,mean,1,300,0.0,4.972135954999577,4.972135954999577
20,seeqst_binomial_q0.5,10,mean,1,1000,-1.024,3.948135954999577,3.948135954999577
20,seeqst_binomial_q0.5,10,mean,1,3000,-1.7066666666666668,3.26546928833291,3.26546928833291
20,seeqst_binomial_q0.5,10,mean,1,5000,-3.4816,1.4905359549995771,1.4905359549995771
20,seeqst_binomial_q0.5,10,mean,1,10000,-4.608,0.3641359549995773,0.3641359549995773
20,seeqst_binomial_q0.5,10,mean,1,15000,-5.051733333333333,-0.07959737833375602,0.07959737833375602
20,seeqst_binomial_q0.5,10,mean,1,20000,-5.12,-0.14786404500042316,0.14786404500042316
20,seeqst_binomial_q0.5,10,mean,1,25000,-5.57056,-0.5984240450004235,0.5984240450004235
20,seeqst_binomial_q0.5,10,mean,1,30000,-5.9050666666666665,-0.9329307116670895,0.9329307116670895
20,seeqst_binomial_q0.5,10,mean,1,35000,-5.9392,-0.9670640450004226,0.9670640450004226
20,seeqst_binomial_q0.5,10,mean,1,40000,-5.4784,-0.5062640450004228,0.5062640450004228
20,seeqst_binomial_q0.5,10,mean,1,45000,-5.506844444444445,-0.5347084894448679,0.5347084894448679
20,seeqst_binomial_q0.5,10,mean,1,50000,-5.4272,-0.4550640450004231,0.4550640450004231
20,seeqst_binomial_tuned,10,mean,1,10,-14.901161193847653,-9.929025238848077,9.929025238848077
20,seeqst_binomial_tuned,10,mean,1,30,-9.934107462565102,-4.961971507565525,4.961971507565525
20,seeqst_binomial_tuned,10,mean,1,100,-8.940696716308592,-3.968560761309015,3.968560761309015
20,seeqst_binomial_tuned,10,mean,1,300,-7.947285970052082,-2.975150015052505,2.975150015052505
20,seeqst_binomial_tuned,10,mean,1,1000,-6.258487701416015,-1.2863517464164378,1.2863517464164378
20,seeqst_binomial_tuned,10,mean,1,3000,-6.010135014851887,-1.03799905985231,1.03799905985231
20,seeqst_binomial_tuned,10,mean,1,5000,-5.78165054321289,-0.8095145882133128,0.8095145882133128
20,seeqst_binomial_tuned,10,mean,1,10000,-5.215406417846679,-0.24327046284710185,0.24327046284710185
20,seeqst_binomial_tuned,10,mean,1,15000,-5.195538202921549,-0.22340224792197194,0.22340224792197194
20,seeqst_binomial_tuned,10,mean,1,20000,-4.98443841934204,-0.012302464342463182,0.012302464342463182
20,seeqst_binomial_tuned,10,mean,1,25000,-5.125999450683593,-0.15386349568401592,0.15386349568401592
20,seeqst_binomial_tuned,10,mean,1,30000,-5.086263020833332,-0.1141270658337552,0.1141270658337552
20,seeqst_binomial_tuned,10,mean,1,35000,-5.036592483520507,-0.06445652852092998,0.06445652852092998
20,seeqst_binomial_tuned,10,mean,1,40000,-5.006790161132812,-0.034654206133234666,0.034654206133234666
20,seeqst_binomial_tuned,10,mean,1,45000,-4.874335394965277,0.09780056003430015,0.09780056003430015
20,seeqst_binomial_tuned,10,mean,1,50000,-4.783272743225097,0.18886321177448018,0.18886321177448018
21,pauli,10,mean,1,10,-18.44999999999999,-13.477864045000413,13.477864045000413
21,pauli,10,mean,1,30,-8.924999999999995,-3.9528640450004184,3.9528640450004184
21,pauli,10,mean,1,100,-4.0725,0.8996359549995772,0.8996359549995772
21,pauli,10,mean,1,300,-0.0675000000000016,4.904635954999575,4.904635954999575
21,pauli,10,mean,1,1000,-6.088499999999999,-1.116364045000422,1.116364045000422
21,pauli,10,mean,1,3000,-5.915999999999999,-0.9438640450004216,0.9438640450004216
21,pauli,10,mean,1,5000,-5.826149999999998,-0.8540140450004214,0.8540140450004214
21,pauli,10,mean,1,10000,-5.088374999999999,-0.11623904500042226,0.11623904500042226
21,pauli,10,mean,1,15000,-5.657399999999999,-0.6852640450004222,0.6852640450004222
21,pauli,10,mean,1,20000,-5.754037499999999,-0.7819015450004221,0.7819015450004221
21,pauli,10,mean,1,25000,-5.611769999999999,-0.6396340450004221,0.6396340450004221
21,pauli,10,mean,1,30000,-5.186549999999999,-0.21441404500042172,0.21441404500042172
21,pauli,10,mean,1,35000,-5.107435714285714,-0.1352997592861369,0.1352997592861369
21,pauli,10,mean,1,40000,-4.658906249999999,0.3132297049995776,0.3132297049995776
21,pauli,10,mean,1,45000,-4.6865,0.2856359549995773,0.2856359549995773
21,pauli,10,mean,1,50000,-4.978215,-0.006079045000422667,0.006079045000422667
21,clifford,10,mean,1,10,1.1781287345945402e-14,4.9721359549995885,4.9721359549995885
21,clifford,10,mean,1,30,-8.541666666666636,-3.569530711667059,3.569530711667059
21,clifford,10,mean,1,100,-7.004049975868304e-15,4.97213595499957,4.97213595499957
21,clifford,10,mean,1,300,-3.4166666666666576,1.5554692883329193,1.5554692883329193
21,clifford,10,mean,1,1000,-2.306249999999994,2.665885954999583,2.665885954999583
21,clifford,10,mean,1,3000,-5.552083333333318,-0.579947378333741,0.579947378333741
21,clifford,10,mean,1,5000,-5.5349999999999895,-0.5628640450004125,0.5628640450004125
21,clifford,10,mean,1,10000,-4.971249999999995,0.0008859549995818838,0.0008859549995818838
21,clifford,10,mean,1,15000,-5.3299999999999965,-0.3578640450004196,0.3578640450004196
21,clifford,10,mean,1,20000,-5.227499999999997,-0.2553640450004204,0.2553640450004204
21,clifford,10,mean,1,25000,-5.114749999999997,-0.1426140450004203,0.1426140450004203
21,clifford,10,mean,1,30000,-5.133541666666665,-0.16140571166708817,0.16140571166708817
21,clifford,10,mean,1,35000,-5.044464285714284,-0.0723283307147069,0.0723283307147069
21,clifford,10,mean,1,40000,-5.124999999999998,-0.15286404500042128,0.15286404500042128
21,clifford,10,mean,1,45000,-5.068055555555555,-0.0959196005559777,0.0959196005559777
21,clifford,10,mean,1,50000,-4.940499999999999,0.03163595499957772,0.03163595499957772
21,seeqst_uniform,10,mean,1,10,-204.8,-199.82786404500044,199.82786404500044
21,seeqst_uniform,10,mean,1,30,-68.26666666666667,-63.294530711667086,63.294530711667086
21,seeqst_uniform,10,mean,1,100,-20.48,-15.507864045000424,15.507864045000424
21,seeqst_uniform,10,mean,1,300,-13.653333333333334,-8.681197378333756,8.681197378333756
21,seeqst_uniform,10,mean,1,1000,-13.312,-8.339864045000422,8.339864045000422
21,seeqst_uniform,10,mean,1,3000,-6.485333333333333,-1.5131973783337562,1.5131973783337562
21,seeqst_uniform,10,mean,1,5000,-6.3488,-1.3766640450004228,1.3766640450004228
21,seeqst_uniform,10,mean,1,10000,-5.632,-0.6598640450004227,0.6598640450004227
21,seeqst_uniform,10,mean,1,15000,-6.007466666666667,-1.0353307116670898,1.0353307116670898
21,seeqst_uniform,10,mean,1,20000,-5.7856,-0.8134640450004227,0.8134640450004227
21,seeqst_uniform,10,mean,1,25000,-5.89824,-0.9261040450004234,0.9261040450004234
21,seeqst_uniform,10,mean,1,30000,-5.5296,-0.5574640450004233,0.5574640450004233
21,seeqst_uniform,10,mean,1,35000,-5.588114285714286,-0.6159783307147091,0.6159783307147091
21,seeqst_uniform,10,mean,1,40000,-5.4784,-0.5062640450004228,0.5062640450004228
21,seeqst_uniform,10,mean,1,45000,-5.074488888888889,-0.10235293388931233,0.10235293388931233
21,seeqst_uniform,10,mean,1,50000,-5.16096,-0.18882404500042327,0.18882404500042327
21,seeqst_binomial_q0.09091,10,mean,1,10,0.0,4.972135954999577,4.972135954999577
21,seeqst_binomial_q0.09091,10,mean,1,30,0.0,4.972135954999577,4.972135954999577
21,seeqst_binomial_q0.09091,10,mean,1,100,-2.593742460411248,2.378393494588329,2.378393494588329
21,seeqst_binomial_q0.09091,10,mean,1,300,-3.458323280548331,1.5138126744512461,1.5138126744512461
21,seeqst_binomial_q0.09091,10,mean,1,1000,-2.074993968328999,2.897141986670578,2.897141986670578
21,seeqst_binomial_q0.09091,10,mean,1,3000,-3.804155608603165,1.167980346396412,1.167980346396412
21,seeqst_binomial_q0.09091,10,mean,1,5000,-4.720611277948463,0.2515246770511137,0.2515246770511137
21,seeqst_binomial_q0.09091,10,mean,1,10000,-4.668736428740227,0.30339952625934963,0.30339952625934963
21,seeqst_binomial_q0.09091,10,mean,1,15000,-4.858944209170395,0.11319174582918201,0.11319174582918201
21,seeqst_binomial_q0.09091,10,mean,1,20000,-4.837329688666996,0.13480626633258108,0.13480626633258108
21,seeqst_binomial_q0.09091,10,mean,1,25000,-4.782861096998376,0.18927485800120092,0.18927485800120092
21,seeqst_binomial_q0.09091,10,mean,1,30000,-4.711965469747126,0.2601704852524511,0.2601704852524511
21,seeqst_binomial_q0.09091,10,mean,1,35000,-4.735432663436534,0.23670329156304337,0.23670329156304337
21,seeqst_binomial_q0.09091,10,mean,1,40000,-4.791939195609756,0.18019675938982083,0.18019675938982083
21,seeqst_binomial_q0.09091,10,mean,1,45000,-4.905055186244338,0.06708076875523883,0.06708076875523883
21,seeqst_binomial_q0.09091,10,mean,1,50000,-4.871048340652268,0.10108761434730873,0.10108761434730873
21,seeqst_binomial_q0.5,10,mean,1,10,0.0,4.972135954999577,4.972135954999577
21,seeqst_binomial_q0.5,10,mean,1,30,0.0,4.972135954999577,4.972135954999577
21,seeqst_binomial_q0.5,10,mean,1,100,10.24,15.212135954999578,15.212135954999578
21,seeqst_binomial_q0.5,10,mean,1,300,-3.4133333333333336,1.5588026216662434,1.5588026216662434
21,seeqst_binomial_q0.5,10,mean,1,1000,-11.264,-6.291864045000422,6.291864045000422
21,seeqst_binomial_q0.5,10,mean,1,3000,-9.216,-4.243864045000422,4.243864045000422
21,seeqst_binomial_q0.5,10,mean,1,5000,-8.192,-3.2198640450004232,3.2198640450004232
21,seeqst_binomial_q0.5,10,mean,1,10000,-5.9392,-0.9670640450004226,0.9670640450004226
21,seeqst_binomial_q0.5,10,mean,1,15000,-5.3248,-0.3526640450004228,0.3526640450004228
21,seeqst_binomial_q0.5,10,mean,1,20000,-4.9152,0.056935954999577376,0.056935954999577376
21,seeqst_binomial_q0.5,10,mean,1,25000,-4.5056,0.4665359549995767,0.4665359549995767
21,seeqst_binomial_q0.5,10,mean,1,30000,-4.608,0.3641359549995773,0.3641359549995773
21,seeqst_binomial_q0.5,10,mean,1,35000,-5.090742857142857,-0.11860690214327985,0.11860690214327985
21,seeqst_binomial_q0.5,10,mean,1,40000,-5.0688,-0.09666404500042347,0.09666404500042347
21,seeqst_binomial_q0.5,10,mean,1,45000,-5.3248,-0.3526640450004228,0.3526640450004228
21,seeqst_binomial_q0.5,10,mean,1,50000,-5.44768,-0.47554404500042313,0.47554404500042313
21,seeqst_binomial_tuned,10,mean,1,10,0.0,4.972135954999577,4.972135954999577
21,seeqst_binomial_tuned,10,mean,1,30,-4.967053731282551,0.0050822237170260465,0.0050822237170260465
21,seeqst_binomial_tuned,10,mean,1,100,-5.960464477539062,-0.9883285225394847,0.9883285225394847
21,seeqst_binomial_tuned,10,mean,1,300,-3.973642985026041,0.9984929699735359,0.9984929699735359
21,seeqst_binomial_tuned,10,mean,1,1000,-5.811452865600585,-0.8393169106010081,0.8393169106010081
21,seeqst_binomial_tuned,10,mean,1,3000,-5.463759104410806,-0.49162314941122887,0.49162314941122887
21,seeqst_binomial_tuned,10,mean,1,5000,-5.245208740234374,-0.27307278523479717,0.27307278523479717
21,seeqst_binomial_tuned,10,mean,1,10000,-4.872679710388183,0.09945624461139424,0.09945624461139424
21,seeqst_binomial_tuned,10,mean,1,15000,-4.728635152180988,0.24350080281858855,0.24350080281858855
21,seeqst_binomial_tuned,10,mean,1,20000,-4.939734935760497,0.03240101923907979,0.03240101923907979
21,seeqst_binomial_tuned,10,mean,1,25000,-5.060434341430663,-0.08829838643108623,0.08829838643108623
21,seeqst_binomial_tuned,10,mean,1,30000,-5.041559537251789,-0.06942358225221223,0.06942358225221223
21,seeqst_binomial_tuned,10,mean,1,35000,-5.08768217904227,-0.11554622404269299,0.11554622404269299
21,seeqst_binomial_tuned,10,mean,1,40000,-5.08129596710205,-0.10916001210247295,0.10916001210247295
21,seeqst_binomial_tuned,10,mean,1,45000,-5.0961971282958975,-0.1240611732963206,0.1240611732963206
21,seeqst_binomial_tuned,10,mean,1,50000,-5.057454109191894,-0.0853181541923167,0.0853181541923167
22,pauli,10,mean,1,10,-5.6249999999999964,-0.6528640450004195,0.6528640450004195
22,pauli,10,mean,1,30,23.474999999999977,28.447135954999553,28.447135954999553
22,pauli,10,mean,1,100,5.692499999999992,10.664635954999568,10.664635954999568
22,pauli,10,mean,1,300,-1.2525000000000013,3.7196359549995757,3.7196359549995757
22,pauli,10,mean,1,1000,0.4252499999999982,5.397385954999575,5.397385954999575
22,pauli,10,mean,1,3000,-2.4502500000000005,2.5218859549995765,2.5218859549995765
22,pauli,10,mean,1,5000,-3.5064,1.4657359549995768,1.4657359549995768
22,pauli,10,mean,1,10000,-4.046175,0.9259609549995771,0.9259609549995771
22,pauli,10,mean,1,15000,-4.1277,0.844435954999577,0.844435954999577
22,pauli,10,mean,1,20000,-4.50045,0.4716859549995771,0.4716859549995771
22,pauli,10,mean,1,25000,-4.44564,0.5264959549995769,0.5264959549995769
22,pauli,10,mean,1,30000,-4.87665,0.09548595499957724,0.09548595499957724
22,pauli,10,mean,1,35000,-5.024957142857143,-0.05282118785756573,0.05282118785756573
22,pauli,10,mean,1,40000,-4.97728125,-0.005145295000422934,0.005145295000422934
22,pauli,10,mean,1,45000,-5.13725,-0.16511404500042293,0.16511404500042293
22,pauli,10,mean,1,50000,-5.61978,-0.6476440450004235,0.6476440450004235
22,clifford,10,mean,1,10,25.624999999999922,30.597135954999498,30.597135954999498
22,clifford,10,mean,1,30,17.08333333333325,22.055469288332826,22.055469288332826
22,clifford,10,mean,1,100,2.5624999999999805,7.534635954999557,7.534635954999557
22,clifford,10,mean,1,300,-1.708333333333322,3.263802621666255,3.263802621666255
22,clifford,10,mean,1,1000,-4.35624999999998,0.6158859549995972,0.6158859549995972
22,clifford,10,mean,1,3000,-6.662499999999978,-1.6903640450004014,1.6903640450004014
22,clifford,10,mean,1,5000,-5.1762499999999845,-0.20411404500040753,0.20411404500040753
22,clifford,10,mean,1,10000,-5.355624999999992,-0.3834890450004149,0.3834890450004149
22,clifford,10,mean,1,15000,-5.227499999999994,-0.2553640450004169,0.2553640450004169
22,clifford,10,mean,1,20000,-5.650312499999996,-0.6781765450004187,0.6781765450004187
22,clifford,10,mean,1,25000,-5.7194999999999965,-0.7473640450004195,0.7473640450004195
22,clifford,10,mean,1,30000,-5.500833333333331,-0.5286973783337539,0.5286973783337539
22,clifford,10,mean,1,35000,-5.271428571428569,-0.29929261642899174,0.29929261642899174
22,clifford,10,mean,1,40000,-5.3748437499999975,-0.40270779500042053,0.40270779500042053
22,clifford,10,mean,1,45000,-5.295833333333332,-0.32369737833375467,0.32369737833375467
22,clifford,10,mean,1,50000,-5.0532499999999985,-0.08111404500042152,0.08111404500042152
22,seeqst_uniform,10,mean,1,10,0.0,4.972135954999577,4.972135954999577
22,seeqst_uniform,10,mean,1,30,0.0,4.972135954999577,4.972135954999577
22,seeqst_uniform,10,mean,1,100,0.0,4.972135954999577,4.972135954999577
22,seeqst_uniform,10,mean,1,300,-6.826666666666667,-1.8545307116670902,1.8545307116670902
22,seeqst_uniform,10,mean,1,1000,0.0,4.972135954999577,4.972135954999577
22,seeqst_uniform,10,mean,1,3000,-2.7306666666666666,2.2414692883329104,2.2414692883329104
22,seeqst_uniform,10,mean,1,5000,-0.6144,4.357735954999577,4.357735954999577
22,seeqst_uniform,10,mean,1,10000,-3.7888,1.1833359549995768,1.1833359549995768
22,seeqst_uniform,10,mean,1,15000,-4.3008,0.6713359549995772,0.6713359549995772
22,seeqst_uniform,10,mean,1,20000,-4.096,0.8761359549995769,0.8761359549995769
22,seeqst_uniform,10,mean,1,25000,-4.01408,0.9580559549995771,0.9580559549995771
22,seeqst_uniform,10,mean,1,30000,-4.539733333333333,0.43240262166624355,0.43240262166624355
22,seeqst_uniform,10,mean,1,35000,-5.002971428571429,-0.03083547357185168,0.03083547357185168
22,seeqst_uniform,10,mean,1,40000,-5.12,-0.14786404500042316,0.14786404500042316
22,seeqst_uniform,10,mean,1,45000,-5.074488888888889,-0.10235293388931233,0.10235293388931233
22,seeqst_uniform,10,mean,1,50000,-4.97664,-0.004504045000422785,0.004504045000422785
22,seeqst_binomial_q0.09091,10,mean,1,10,0.0,4.972135954999577,4.972135954999577
22,seeqst_binomial_q0.09091,10,mean,1,30,0.0,4.972135954999577,4.972135954999577
22,seeqst_binomial_q0.09091,10,mean,1,100,5.187484920822496,10.159620875822073,10.159620875822073
22,seeqst_binomial_q0.09091,10,mean,1,300,-1.7291616402741654,3.2429743147254113,3.2429743147254113
22,seeqst_binomial_q0.09091,10,mean,1,1000,-1.5562454762467492,3.4158904787528277,3.4158904787528277
22,seeqst_binomial_q0.09091,10,mean,1,3000,-2.939574788466082,2.032561166533495,2.032561166533495
22,seeqst_binomial_q0.09091,10,mean,1,5000,-4.357487333490891,0.6146486215086862,0.6146486215086862
22,seeqst_binomial_q0.09091,10,mean,1,10000,-4.4093621826991045,0.5627737723004724,0.5627737723004724
22,seeqst_binomial_q0.09091,10,mean,1,15000,-4.841652592767653,0.13048336223192436,0.13048336223192436
22,seeqst_binomial_q0.09091,10,mean,1,20000,-4.915141962479335,0.05699399252024229,0.05699399252024229
22,seeqst_binomial_q0.09091,10,mean,1,25000,-5.177109950980894,-0.20497399598131683,0.20497399598131683
22,seeqst_binomial_q0.09091,10,mean,1,30000,-5.092381030607429,-0.12024507560785214,0.12024507560785214
22,seeqst_binomial_q0.09091,10,mean,1,35000,-5.165252842590382,-0.19311688759080514,0.19311688759080514
22,seeqst_binomial_q0.09091,10,mean,1,40000,-5.168031852369374,-0.1958958973697973,0.1958958973697973
22,seeqst_binomial_q0.09091,10,mean,1,45000,-5.077971350271749,-0.10583539527217223,0.10583539527217223
22,seeqst_binomial_q0.09091,10,mean,1,50000,-5.135610071614207,-0.16347411661462985,0.16347411661462985
22,seeqst_binomial_q0.5,10,mean,1,10,0.0,4.972135954999577,4.972135954999577
22,seeqst_binomial_q0.5,10,mean,1,30,-34.13333333333333,-29.161197378333757,29.161197378333757
22,seeqst_binomial_q0.5,10,mean,1,100,-30.72,-25.747864045000423,25.747864045000423
22,seeqst_binomial_q0.5,10,mean,1,300,-13.653333333333334,-8.681197378333756,8.681197378333756
22,seeqst_binomial_q0.5,10,mean,1,1000,-8.192,-3.2198640450004232,3.2198640450004232
22,seeqst_binomial_q0.5,10,mean,1,3000,-5.802666666666667,-0.8305307116670901,0.8305307116670901
22,seeqst_binomial_q0.5,10,mean,1,5000,-3.2768,1.6953359549995768,1.6953359549995768
22,seeqst_binomial_q0.5,10,mean,1,10000,-5.12,-0.14786404500042316,0.14786404500042316
22,seeqst_binomial_q0.5,10,mean,1,15000,-4.983466666666667,-0.011330711667089766,0.011330711667089766
22,seeqst_binomial_q0.5,10,mean,1,20000,-4.4032,0.5689359549995769,0.5689359549995769
22,seeqst_binomial_q0.5,10,mean,1,25000,-4.25984,0.7122959549995773,0.7122959549995773
22,seeqst_binomial_q0.5,10,mean,1,30000,-4.744533333333333,0.2276026216662439,0.2276026216662439
22,seeqst_binomial_q0.5,10,mean,1,35000,-4.564114285714286,0.40802166928529093,0.40802166928529093
22,seeqst_binomial_q0.5,10,mean,1,40000,-4.5568,0.415335954999577,0.415335954999577
22,seeqst_binomial_q0.5,10,mean,1,45000,-4.8014222222222225,0.17071373277735447,0.17071373277735447
22,seeqst_binomial_q0.5,10,mean,1,50000,-4.75136,0.22077595499957692,0.22077595499957692
22,seeqst_binomial_tuned,10,mean,1,10,14.901161193847653,19.87329714884723,19.87329714884723
22,seeqst_binomial_tuned,10,mean,1,30,0.0,4.972135954999577,4.972135954999577
22,seeqst_binomial_tuned,10,mean,1,100,-1.4901161193847654,3.4820198356148113,3.4820198356148113
22,seeqst_binomial_tuned,10,mean,1,300,-7.450580596923826,-2.4784446419242494,2.4784446419242494
22,seeqst_binomial_tuned,10,mean,1,1000,-3.87430191040039,1.0978340445991868,1.0978340445991868
22,seeqst_binomial_tuned,10,mean,1,3000,-5.364418029785155,-0.3922820747855784,0.3922820747855784
22,seeqst_binomial_tuned,10,mean,1,5000,-5.155801773071288,-0.18366581807171123,0.18366581807171123
22,seeqst_binomial_tuned,10,mean,1,10000,-5.036592483520507,-0.06445652852092998,0.06445652852092998
22,seeqst_binomial_tuned,10,mean,1,15000,-4.937251408894856,0.03488454610472136,0.03488454610472136
22,seeqst_binomial_tuned,10,mean,1,20000,-4.939734935760497,0.03240101923907979,0.03240101923907979
22,seeqst_binomial_tuned,10,mean,1,25000,-4.988908767700194,-0.01677281270061748,0.01677281270061748
22,seeqst_binomial_tuned,10,mean,1,30000,-4.976987838745116,-0.004851883745539354,0.004851883745539354
22,seeqst_binomial_tuned,10,mean,1,35000,-4.836491176060267,0.1356447789393096,0.1356447789393096
22,seeqst_binomial_tuned,10,mean,1,40000,-4.898756742477416,0.07337921252216084,0.07337921252216084
22,seeqst_binomial_tuned,10,mean,1,45000,-4.99023331536187,-0.018097360362292925,0.018097360362292925
22,seeqst_binomial_tuned,10,mean,1,50000,-5.0455331802368155,-0.07339722523723857,0.07339722523723857
23,pauli,10,mean,1,10,0.22499999999999973,5.197135954999577,5.197135954999577
23,pauli,10,mean,1,30,-0.3749999999999999,4.597135954999577,4.597135954999577
23,pauli,10,mean,1,100,-10.777499999999996,-5.805364045000419,5.805364045000419
23,pauli,10,mean,1,300,-9.937499999999996,-4.9653640450004195,4.9653640450004195
23,pauli,10,mean,1,1000,-9.654749999999996,-4.6826140450004194,4.6826140450004194
23,pauli,10,mean,1,3000,-6.296249999999999,-1.3241140450004218,1.3241140450004218
23,pauli,10,mean,1,5000,-4.54815,0.42398595499957725,0.42398595499957725
23,pauli,10,mean,1,10000,-3.94425,1.0278859549995771,1.0278859549995771
23,pauli,10,mean,1,15000,-4.65315,0.3189859549995768,0.3189859549995768
23,pauli,10,mean,1,20000,-4.4654625,0.5066734549995768,0.5066734549995768
23,pauli,10,mean,1,25000,-4.60053,0.37160595499957694,0.37160595499957694
23,pauli,10,mean,1,30000,-4.11375,0.8583859549995774,0.8583859549995774
23,pauli,10,mean,1,35000,-4.222157142857143,0.7499788121424338,0.7499788121424338
23,pauli,10,mean,1,40000,-4.29373125,0.6784047049995765,0.6784047049995765
23,pauli,10,mean,1,45000,-4.41315,0.558985954999577,0.558985954999577
23,pauli,10,mean,1,50000,-4.40217,0.569965954999577,0.569965954999577
23,clifford,10,mean,1,10,-25.624999999999993,-20.652864045000417,20.652864045000417
23,clifford,10,mean,1,30,-25.624999999999947,-20.65286404500037,20.65286404500037
23,clifford,10,mean,1,100,-7.687499999999992,-2.715364045000415,2.715364045000415
23,clifford,10,mean,1,300,-1.708333333333336,3.2638026216662412,3.2638026216662412
23,clifford,10,mean,1,1000,-0.7687500000000044,4.203385954999573,4.203385954999573
23,clifford,10,mean,1,3000,-3.587499999999991,1.384635954999586,1.384635954999586
23,clifford,10,mean,1,5000,-3.6387499999999933,1.3333859549995837,1.3333859549995837
23,clifford,10,mean,1,10000,-4.151249999999996,0.8208859549995813,0.8208859549995813
23,clifford,10,mean,1,15000,-4.06583333333333,0.9063026216662466,0.9063026216662466
23,clifford,10,mean,1,20000,-4.164062499999998,0.8080734549995787,0.8080734549995787
23,clifford,10,mean,1,25000,-4.315249999999998,0.6568859549995789,0.6568859549995789
23,clifford,10,mean,1,30000,-4.433124999999998,0.5390109549995792,0.5390109549995792
23,clifford,10,mean,1,35000,-4.473392857142856,0.4987430978567211,0.4987430978567211
23,clifford,10,mean,1,40000,-4.490781249999999,0.48135470499957833,0.48135470499957833
23,clifford,10,mean,1,45000,-4.196805555555554,0.775330399444023,0.775330399444023
23,clifford,10,mean,1,50000,-4.140999999999999,0.8311359549995778,0.8311359549995778
23,seeqst_uniform,10,mean,1,10,0.0,4.972135954999577,4.972135954999577
23,seeqst_uniform,10,mean,1,30,0.0,4.972135954999577,4.972135954999577
23,seeqst_uniform,10,mean,1,100,-10.24,-5.267864045000423,5.267864045000423
23,seeqst_uniform,10,mean,1,300,-17.066666666666666,-12.09453071166709,12.09453071166709
23,seeqst_uniform,10,mean,1,1000,-9.216,-4.243864045000422,4.243864045000422
23,seeqst_uniform,10,mean,1,3000,-8.192,-3.2198640450004232,3.2198640450004232
23,seeqst_uniform,10,mean,1,5000,-5.5296,-0.5574640450004233,0.5574640450004233
23,seeqst_uniform,10,mean,1,10000,-6.3488,-1.3766640450004228,1.3766640450004228
23,seeqst_uniform,10,mean,1,15000,-5.666133333333334,-0.6939973783337567,0.6939973783337567
23,seeqst_uniform,10,mean,1,20000,-5.5296,-0.5574640450004233,0.5574640450004233
23,seeqst_uniform,10,mean,1,25000,-5.16096,-0.18882404500042327,0.18882404500042327
23,seeqst_uniform,10,mean,1,30000,-5.393066666666667,-0.42093071166708995,0.42093071166708995
23,seeqst_uniform,10,mean,1,35000,-5.266285714285714,-0.29414975928613707,0.29414975928613707
23,seeqst_uniform,10,mean,1,40000,-5.2224,-0.25026404500042343,0.25026404500042343
23,seeqst_uniform,10,mean,1,45000,-5.165511111111111,-0.193375156111534,0.193375156111534
23,seeqst_uniform,10,mean,1,50000,-5.18144,-0.20930404500042332,0.20930404500042332
23,seeqst_binomial_q0.09091,10,mean,1,10,-51.874849208224965,-46.902713253225386,46.902713253225386
23,seeqst_binomial_q0.09091,10,mean,1,30,-17.291616402741656,-12.31948044774208,12.31948044774208
23,seeqst_binomial_q0.09091,10,mean,1,100,-7.7812273812337445,-2.8090914262341675,2.8090914262341675
23,seeqst_binomial_q0.09091,10,mean,1,300,-13.833293122193327,-8.861157167193749,8.861157167193749
23,seeqst_binomial_q0.09091,10,mean,1,1000,-9.856221349562746,-4.8840853945631695,4.8840853945631695
23,seeqst_binomial_q0.09091,10,mean,1,3000,-6.916646561096654,-1.9445106060970767,1.9445106060970767
23,seeqst_binomial_q0.09091,10,mean,1,5000,-6.847480095485674,-1.8753441404860967,1.8753441404860967
23,seeqst_binomial_q0.09091,10,mean,1,10000,-5.343109468447148,-0.3709735134475709,0.3709735134475709
23,seeqst_binomial_q0.09091,10,mean,1,15000,-5.291234619238946,-0.3190986642393687,0.3190986642393687
23,seeqst_binomial_q0.09091,10,mean,1,20000,-5.4857653037698215,-0.5136293487702446,0.5136293487702446
23,seeqst_binomial_q0.09091,10,mean,1,25000,-5.38460934781379,-0.41247339281421347,0.41247339281421347
23,seeqst_binomial_q0.09091,10,mean,1,30000,-5.239359770030728,-0.26722381503115145,0.26722381503115145
23,seeqst_binomial_q0.09091,10,mean,1,35000,-5.372752239423275,-0.40061628442369823,0.40061628442369823
23,seeqst_binomial_q0.09091,10,mean,1,40000,-5.557093221431048,-0.5849572664314708,0.5849572664314708
23,seeqst_binomial_q0.09091,10,mean,1,45000,-5.3661649569840995,-0.3940290019845225,0.3940290019845225
23,seeqst_binomial_q0.09091,10,mean,1,50000,-5.452046651784368,-0.47991069678479104,0.47991069678479104
23,seeqst_binomial_q0.5,10,mean,1,10,0.0,4.972135954999577,4.972135954999577
23,seeqst_binomial_q0.5,10,mean,1,30,0.0,4.972135954999577,4.972135954999577
23,seeqst_binomial_q0.5,10,mean,1,100,-10.24,-5.267864045000423,5.267864045000423
23,seeqst_binomial_q0.5,10,mean,1,300,-6.826666666666667,-1.8545307116670902,1.8545307116670902
23,seeqst_binomial_q0.5,10,mean,1,1000,-5.12,-0.14786404500042316,0.14786404500042316
23,seeqst_binomial_q0.5,10,mean,1,3000,-5.12,-0.14786404500042316,0.14786404500042316
23,seeqst_binomial_q0.5,10,mean,1,5000,-5.9392,-0.9670640450004226,0.9670640450004226
23,seeqst_binomial_q0.5,10,mean,1,10000,-5.0176,-0.04546404500042289,0.04546404500042289
23,seeqst_binomial_q0.5,10,mean,1,15000,-4.778666666666667,0.19346928833290988,0.19346928833290988
23,seeqst_binomial_q0.5,10,mean,1,20000,-5.376,-0.4038640450004234,0.4038640450004234
23,seeqst_binomial_q0.5,10,mean,1,25000,-5.12,-0.14786404500042316,0.14786404500042316
23,seeqst_binomial_q0.5,10,mean,1,30000,-5.12,-0.14786404500042316,0.14786404500042316
23,seeqst_binomial_q0.5,10,mean,1,35000,-5.266285714285714,-0.29414975928613707,0.29414975928613707
23,seeqst_binomial_q0.5,10,mean,1,40000,-4.992,-0.019864045000423047,0.019864045000423047
23,seeqst_binomial_q0.5,10,mean,1,45000,-4.9152,0.056935954999577376,0.056935954999577376
23,seeqst_binomial_q0.5,10,mean,1,50000,-4.66944,0.30269595499957713,0.30269595499957713
23,seeqst_binomial_tuned,10,mean,1,10,-14.901161193847653,-9.929025238848077,9.929025238848077
23,seeqst_binomial_tuned,10,mean,1,30,-9.934107462565102,-4.961971507565525,4.961971507565525
23,seeqst_binomial_tuned,10,mean,1,100,-7.450580596923827,-2.4784446419242503,2.4784446419242503
23,seeqst_binomial_tuned,10,mean,1,300,-8.940696716308592,-3.968560761309015,3.968560761309015
23,seeqst_binomial_tuned,10,mean,1,1000,-4.768371582031249,0.20376437296832783,0.20376437296832783
23,seeqst_binomial_tuned,10,mean,1,3000,-5.016724268595377,-0.044588313595800066,0.044588313595800066
23,seeqst_binomial_tuned,10,mean,1,5000,-4.678964614868163,0.29317134013141377,0.29317134013141377
23,seeqst_binomial_tuned,10,mean,1,10000,-4.798173904418944,0.17396205058063252,0.17396205058063252
23,seeqst_binomial_tuned,10,mean,1,15000,-4.937251408894856,0.03488454610472136,0.03488454610472136
23,seeqst_binomial_tuned,10,mean,1,20000,-5.051493644714355,-0.07935768971477764,0.07935768971477764
23,seeqst_binomial_tuned,10,mean,1,25000,-5.322694778442382,-0.350558823442805,0.350558823442805
23,seeqst_binomial_tuned,10,mean,1,30000,-5.339582761128742,-0.36744680612916536,0.36744680612916536
23,seeqst_binomial_tuned,10,mean,1,35000,-5.343130656651088,-0.3709947016515107,0.3709947016515107
23,seeqst_binomial_tuned,10,mean,1,40000,-5.319714546203612,-0.34757859120403545,0.34757859120403545
23,seeqst_binomial_tuned,10,mean,1,45000,-5.424022674560546,-0.45188671956096904,0.45188671956096904
23,seeqst_binomial_tuned,10,mean,1,50000,-5.412101745605468,-0.4399657906058909,0.4399657906058909
24,pauli,10,mean,1,10,-12.59999999999999,-7.627864045000414,7.627864045000414
24,pauli,10,mean,1,30,-6.4499999999999975,-1.4778640450004206,1.4778640450004206
24,pauli,10,mean,1,100,-5.174999999999996,-0.20286404500041932,0.20286404500041932
24,pauli,10,mean,1,300,-5.834999999999997,-0.8628640450004204,0.8628640450004204
24,pauli,10,mean,1,1000,-6.716249999999998,-1.7441140450004209,1.7441140450004209
24,pauli,10,mean,1,3000,-5.282249999999999,-0.3101140450004216,0.3101140450004216
24,pauli,10,mean,1,5000,-5.294249999999999,-0.32211404500042207,0.32211404500042207
24,pauli,10,mean,1,10000,-4.987349999999999,-0.015214045000422338,0.015214045000422338
24,pauli,10,mean,1,15000,-4.582499999999999,0.38963595499957826,0.38963595499957826
24,pauli,10,mean,1,20000,-4.663687499999999,0.30844845499957785,0.30844845499957785
24,pauli,10,mean,1,25000,-4.4883,0.4838359549995772,0.4838359549995772
24,pauli,10,mean,1,30000,-4.919399999999999,0.05273595499957828,0.05273595499957828
24,pauli,10,mean,1,35000,-4.455899999999999,0.5162359549995781,0.5162359549995781
24,pauli,10,mean,1,40000,-4.373662499999999,0.5984734549995778,0.5984734549995778
24,pauli,10,mean,1,45000,-4.5295499999999995,0.4425859549995774,0.4425859549995774
24,pauli,10,mean,1,50000,-4.74813,0.2240059549995772,0.2240059549995772
24,clifford,10,mean,1,10,1.2113640867404264e-15,4.972135954999578,4.972135954999578
24,clifford,10,mean,1,30,-1.6152976141197335e-15,4.972135954999575,4.972135954999575
24,clifford,10,mean,1,100,5.124999999999977,10.097135954999555,10.097135954999555
24,clifford,10,mean,1,300,-0.8541666666666692,4.117969288332908,4.117969288332908
24,clifford,10,mean,1,1000,-2.56249999999999,2.409635954999587,2.409635954999587
24,clifford,10,mean,1,3000,-4.954166666666654,0.017969288332922773,0.017969288332922773
24,clifford,10,mean,1,5000,-4.202499999999993,0.7696359549995844,0.7696359549995844
24,clifford,10,mean,1,10000,-4.509999999999995,0.4621359549995816,0.4621359549995816
24,clifford,10,mean,1,15000,-4.42458333333333,0.547552621666247,0.547552621666247
24,clifford,10,mean,1,20000,-4.791874999999997,0.1802609549995795,0.1802609549995795
24,clifford,10,mean,1,25000,-4.786749999999998,0.1853859549995791,0.1853859549995791
24,clifford,10,mean,1,30000,-4.595416666666665,0.3767192883329118,0.3767192883329118
24,clifford,10,mean,1,35000,-4.722321428571427,0.24981452642814972,0.24981452642814972
24,clifford,10,mean,1,40000,-4.7214062499999985,0.2507297049995785,0.2507297049995785
24,clifford,10,mean,1,45000,-4.845972222222221,0.12616373277735615,0.12616373277735615
24,clifford,10,mean,1,50000,-4.986624999999999,-0.014489045000422252,0.014489045000422252
24,seeqst_uniform,10,mean,1,10,0.0,4.972135954999577,4.972135954999577
24,seeqst_uniform,10,mean,1,30,0.0,4.972135954999577,4.972135954999577
24,seeqst_uniform,10,mean,1,100,10.24,15.212135954999578,15.212135954999578
24,seeqst_uniform,10,mean,1,300,0.0,4.972135954999577,4.972135954999577
24,seeqst_uniform,10,mean,1,1000,-1.024,3.948135954999577,3.948135954999577
24,seeqst_uniform,10,mean,1,3000,-4.096,0.8761359549995769,0.8761359549995769
24,seeqst_uniform,10,mean,1,5000,-4.3008,0.6713359549995772,0.6713359549995772
24,seeqst_uniform,10,mean,1,10000,-6.0416,-1.069464045000423,1.069464045000423
24,seeqst_uniform,10,mean,1,15000,-6.007466666666667,-1.0353307116670898,1.0353307116670898
24,seeqst_uniform,10,mean,1,20000,-6.1952,-1.2230640450004229,1.2230640450004229
24,seeqst_uniform,10,mean,1,25000,-6.18496,-1.2128240450004233,1.2128240450004233
24,seeqst_uniform,10,mean,1,30000,-5.461333333333333,-0.4891973783337562,0.4891973783337562
24,seeqst_uniform,10,mean,1,35000,-5.207771428571428,-0.23563547357185133,0.23563547357185133
24,seeqst_uniform,10,mean,1,40000,-5.1712,-0.19906404500042285,0.19906404500042285
24,seeqst_uniform,10,mean,1,45000,-5.211022222222223,-0.23888626722264572,0.23888626722264572
24,seeqst_uniform,10,mean,1,50000,-5.2224,-0.25026404500042343,0.25026404500042343
24,seeqst_binomial_q0.09091,10,mean,1,10,-25.937424604112483,-20.965288649112907,20.965288649112907
24,seeqst_binomial_q0.09091,10,mean,1,30,0.0,4.972135954999577,4.972135954999577
24,seeqst_binomial_q0.09091,10,mean,1,100,-2.593742460411248,2.378393494588329,2.378393494588329
24,seeqst_binomial_q0.09091,10,mean,1,300,-0.8645808201370827,4.107555134862494,4.107555134862494
24,seeqst_binomial_q0.09091,10,mean,1,1000,-2.334368214370124,2.637767740629453,2.637767740629453
24,seeqst_binomial_q0.09091,10,mean,1,3000,-5.014568756795081,-0.04243280179550446,0.04243280179550446
24,seeqst_binomial_q0.09091,10,mean,1,5000,-4.149987936657992,0.8221480183415846,0.8221480183415846
24,seeqst_binomial_q0.09091,10,mean,1,10000,-4.435299607303217,0.5368363476963598,0.5368363476963598
24,seeqst_binomial_q0.09091,10,mean,1,15000,-4.876235825573137,0.09590012942643966,0.09590012942643966
24,seeqst_binomial_q0.09091,10,mean,1,20000,-5.018891660895787,-0.04675570589621003,0.04675570589621003
24,seeqst_binomial_q0.09091,10,mean,1,25000,-4.834735946206602,0.13740000879297476,0.13740000879297476
24,seeqst_binomial_q0.09091,10,mean,1,30000,-4.789777743559461,0.18235821144011588,0.18235821144011588
24,seeqst_binomial_q0.09091,10,mean,1,35000,-4.905878596549266,0.06625735845031056,0.06625735845031056
24,seeqst_binomial_q0.09091,10,mean,1,40000,-4.941079387083398,0.03105656791617939,0.03105656791617939
24,seeqst_binomial_q0.09091,10,mean,1,45000,-4.962693907586808,0.009442047412768773,0.009442047412768773
24,seeqst_binomial_q0.09091,10,mean,1,50000,-4.860673370810623,0.1114625841889536,0.1114625841889536
24,seeqst_binomial_q0.5,10,mean,1,10,0.0,4.972135954999577,4.972135954999577
24,seeqst_binomial_q0.5,10,mean,1,30,0.0,4.972135954999577,4.972135954999577
24,seeqst_binomial_q0.5,10,mean,1,100,0.0,4.972135954999577,4.972135954999577
24,seeqst_binomial_q0.5,10,mean,1,300,-6.826666666666667,-1.8545307116670902,1.8545307116670902
24,seeqst_binomial_q0.5,10,mean,1,1000,-5.12,-0.14786404500042316,0.14786404500042316
24,seeqst_binomial_q0.5,10,mean,1,3000,-8.533333333333333,-3.5611973783337563,3.5611973783337563
24,seeqst_binomial_q0.5,10,mean,1,5000,-7.7824,-2.810264045000423,2.810264045000423
24,seeqst_binomial_q0.5,10,mean,1,10000,-5.5296,-0.5574640450004233,0.5574640450004233
24,seeqst_binomial_q0.5,10,mean,1,15000,-5.2565333333333335,-0.28439737833375656,0.28439737833375656
24,seeqst_binomial_q0.5,10,mean,1,20000,-4.5568,0.415335954999577,0.415335954999577
24,seeqst_binomial_q0.5,10,mean,1,25000,-4.54656,0.42557595499957657,0.42557595499957657
24,seeqst_binomial_q0.5,10,mean,1,30000,-4.642133333333334,0.3300026216662433,0.3300026216662433
24,seeqst_binomial_q0.5,10,mean,1,35000,-4.5056,0.4665359549995767,0.4665359549995767
24,seeqst_binomial_q0.5,10,mean,1,40000,-4.7104,0.261735954999577,0.261735954999577
24,seeqst_binomial_q0.5,10,mean,1,45000,-4.6876444444444445,0.28449151055513244,0.28449151055513244
24,seeqst_binomial_q0.5,10,mean,1,50000,-4.7104,0.261735954999577,0.261735954999577
24,seeqst_binomial_tuned,10,mean,1,10,0.0,4.972135954999577,4.972135954999577
24,seeqst_binomial_tuned,10,mean,1,30,-4.967053731282551,0.0050822237170260465,0.0050822237170260465
24,seeqst_binomial_tuned,10,mean,1,100,-4.470348358154296,0.501787596845281,0.501787596845281
24,seeqst_binomial_tuned,10,mean,1,300,-2.4835268656412754,2.4886090893583015,2.4886090893583015
24,seeqst_binomial_tuned,10,mean,1,1000,-5.364418029785155,-0.3922820747855784,0.3922820747855784
24,seeqst_binomial_tuned,10,mean,1,3000,-5.165735880533854,-0.19359992553427663,0.19359992553427663
24,seeqst_binomial_tuned,10,mean,1,5000,-5.394220352172851,-0.42208439717327373,0.42208439717327373
24,seeqst_binomial_tuned,10,mean,1,10000,-6.154179573059081,-1.1820436180595042,1.1820436180595042
24,seeqst_binomial_tuned,10,mean,1,15000,-5.722045898437499,-0.7499099434379222,0.7499099434379222
24,seeqst_binomial_tuned,10,mean,1,20000,-5.52833080291748,-0.5561948479179026,0.5561948479179026
24,seeqst_binomial_tuned,10,mean,1,25000,-5.543231964111327,-0.5710960091117503,0.5710960091117503
24,seeqst_binomial_tuned,10,mean,1,30000,-5.364418029785155,-0.3922820747855784,0.3922820747855784
24,seeqst_binomial_tuned,10,mean,1,35000,-5.355903080531528,-0.3837671255319508,0.3837671255319508
24,seeqst_binomial_tuned,10,mean,1,40000,-5.330890417098998,-0.3587544620994212,0.3587544620994212
24,seeqst_binomial_tuned,10,mean,1,45000,-5.2948792775472,-0.3227433225476233,0.3227433225476233
24,seeqst_binomial_tuned,10,mean,1,50000,-5.340576171874999,-0.36844021687542217,0.36844021687542217
25,pauli,10,mean,1,10,-1.350000000000002,3.6221359549995746,3.6221359549995746
25,pauli,10,mean,1,30,-5.024999999999997,-0.05286404500041986,0.05286404500041986
25,pauli,10,mean,1,100,-6.277499999999999,-1.305364045000422,1.305364045000422
25,pauli,10,mean,1,300,-2.55,2.422135954999577,2.422135954999577
25,pauli,10,mean,1,1000,-1.2465000000000013,3.725635954999576,3.725635954999576
25,pauli,10,mean,1,3000,-2.588250000000001,2.383885954999576,2.383885954999576
25,pauli,10,mean,1,5000,-2.673,2.299135954999577,2.299135954999577
25,pauli,10,mean,1,10000,-2.86605,2.106085954999577,2.106085954999577
25,pauli,10,mean,1,15000,-3.5733,1.3988359549995768,1.3988359549995768
25,pauli,10,mean,1,20000,-3.85335,1.1187859549995771,1.1187859549995771
25,pauli,10,mean,1,25000,-3.94371,1.0284259549995771,1.0284259549995771
25,pauli,10,mean,1,30000,-4.489725,0.482410954999577,0.482410954999577
25,pauli,10,mean,1,35000,-4.864178571428571,0.10795738357100593,0.10795738357100593
25,pauli,10,mean,1,40000,-4.844025,0.1281109549995767,0.1281109549995767
25,pauli,10,mean,1,45000,-4.66055,0.3115859549995772,0.3115859549995772
25,pauli,10,mean,1,50000,-4.504275,0.46786095499957714,0.46786095499957714
25,clifford,10,mean,1,10,-25.624999999999897,-20.65286404500032,20.65286404500032
25,clifford,10,mean,1,30,-17.08333333333327,-12.111197378333696,12.111197378333696
25,clifford,10,mean,1,100,-7.687499999999975,-2.715364045000398,2.715364045000398
25,clifford,10,mean,1,300,-2.562499999999996,2.409635954999581,2.409635954999581
25,clifford,10,mean,1,1000,-4.612499999999987,0.35963595499958956,0.35963595499958956
25,clifford,10,mean,1,3000,-5.210416666666655,-0.23828071166707776,0.23828071166707776
25,clifford,10,mean,1,5000,-5.022499999999994,-0.0503640450004168,0.0503640450004168
25,clifford,10,mean,1,10000,-4.356249999999997,0.6158859549995803,0.6158859549995803
25,clifford,10,mean,1,15000,-4.47583333333333,0.4963026216662465,0.4963026216662465
25,clifford,10,mean,1,20000,-4.7790624999999975,0.1930734549995794,0.1930734549995794
25,clifford,10,mean,1,25000,-4.6637499999999985,0.30838595499957844,0.30838595499957844
25,clifford,10,mean,1,30000,-4.655208333333332,0.31692762166624533,0.31692762166624533
25,clifford,10,mean,1,35000,-4.890714285714284,0.08142166928529271,0.08142166928529271
25,clifford,10,mean,1,40000,-4.875156249999999,0.09697970499957798,0.09697970499957798
25,clifford,10,mean,1,45000,-4.800416666666665,0.17171928833291172,0.17171928833291172
25,clifford,10,mean,1,50000,-4.894374999999999,0.07776095499957769,0.07776095499957769
25,seeqst_uniform,10,mean,1,10,0.0,4.972135954999577,4.972135954999577
25,seeqst_uniform,10,mean,1,30,0.0,4.972135954999577,4.972135954999577
25,seeqst_uniform,10,mean,1,100,-20.48,-15.507864045000424,15.507864045000424
25,seeqst_uniform,10,mean,1,300,-17.066666666666666,-12.09453071166709,12.09453071166709
25,seeqst_uniform,10,mean,1,1000,-12.288,-7.315864045000423,7.315864045000423
25,seeqst_uniform,10,mean,1,3000,-7.509333333333333,-2.5371973783337562,2.5371973783337562
25,seeqst_uniform,10,mean,1,5000,-5.5296,-0.5574640450004233,0.5574640450004233
25,seeqst_uniform,10,mean,1,10000,-4.7104,0.261735954999577,0.261735954999577
25,seeqst_uniform,10,mean,1,15000,-5.5296,-0.5574640450004233,0.5574640450004233
25,seeqst_uniform,10,mean,1,20000,-5.7856,-0.8134640450004227,0.8134640450004227
25,seeqst_uniform,10,mean,1,25000,-5.89824,-0.9261040450004234,0.9261040450004234
25,seeqst_uniform,10,mean,1,30000,-5.802666666666667,-0.8305307116670901,0.8305307116670901
25,seeqst_uniform,10,mean,1,35000,-5.851428571428571,-0.8792926164289945,0.8792926164289945
25,seeqst_uniform,10,mean,1,40000,-5.8112,-0.8390640450004234,0.8390640450004234
25,seeqst_uniform,10,mean,1,45000,-5.893688888888889,-0.9215529338893118,0.9215529338893118
25,seeqst_uniform,10,mean,1,50000,-5.67296,-0.7008240450004228,0.7008240450004228
25,seeqst_binomial_q0.09091,10,mean,1,10,-25.937424604112483,-20.965288649112907,20.965288649112907
25,seeqst_binomial_q0.09091,10,mean,1,30,-8.645808201370828,-3.6736722463712512,3.6736722463712512
25,seeqst_binomial_q0.09091,10,mean,1,100,-10.374969841644992,-5.402833886645415,5.402833886645415
25,seeqst_binomial_q0.09091,10,mean,1,300,-6.916646561096663,-1.9445106060970865,1.9445106060970865
25,seeqst_binomial_q0.09091,10,mean,1,1000,-2.853116706452374,2.119019248547203,2.119019248547203
25,seeqst_binomial_q0.09091,10,mean,1,3000,-4.322904100685415,0.649231854314162,0.649231854314162
25,seeqst_binomial_q0.09091,10,mean,1,5000,-4.305612484282666,0.6665234707169105,0.6665234707169105
25,seeqst_binomial_q0.09091,10,mean,1,10000,-4.79842355176079,0.17371240323878734,0.17371240323878734
25,seeqst_binomial_q0.09091,10,mean,1,15000,-4.461237031907328,0.5108989230922489,0.5108989230922489
25,seeqst_binomial_q0.09091,10,mean,1,20000,-4.811392264062883,0.16074369093669372,0.16074369093669372
25,seeqst_binomial_q0.09091,10,mean,1,25000,-4.938485644623054,0.03365031037652333,0.03365031037652333
25,seeqst_binomial_q0.09091,10,mean,1,30000,-4.746548702552608,0.2255872524469691,0.2255872524469691
25,seeqst_binomial_q0.09091,10,mean,1,35000,-4.661325735996215,0.31081021900336214,0.31081021900336214
25,seeqst_binomial_q0.09091,10,mean,1,40000,-4.714126921797422,0.2580090332021552,0.2580090332021552
25,seeqst_binomial_q0.09091,10,mean,1,45000,-4.8647080813046095,0.10742787369496742,0.10742787369496742
25,seeqst_binomial_q0.09091,10,mean,1,50000,-5.000735463672826,-0.02859950867324912,0.02859950867324912
25,seeqst_binomial_q0.5,10,mean,1,10,0.0,4.972135954999577,4.972135954999577
25,seeqst_binomial_q0.5,10,mean,1,30,0.0,4.972135954999577,4.972135954999577
25,seeqst_binomial_q0.5,10,mean,1,100,-20.48,-15.507864045000424,15.507864045000424
25,seeqst_binomial_q0.5,10,mean,1,300,-10.24,-5.267864045000423,5.267864045000423
25,seeqst_binomial_q0.5,10,mean,1,1000,-12.288,-7.315864045000423,7.315864045000423
25,seeqst_binomial_q0.5,10,mean,1,3000,-4.096,0.8761359549995769,0.8761359549995769
25,seeqst_binomial_q0.5,10,mean,1,5000,-4.3008,0.6713359549995772,0.6713359549995772
25,seeqst_binomial_q0.5,10,mean,1,10000,-3.584,1.3881359549995769,1.3881359549995769
25,seeqst_binomial_q0.5,10,mean,1,15000,-4.2325333333333335,0.7396026216662435,0.7396026216662435
25,seeqst_binomial_q0.5,10,mean,1,20000,-4.1472,0.8249359549995772,0.8249359549995772
25,seeqst_binomial_q0.5,10,mean,1,25000,-4.34176,0.6303759549995771,0.6303759549995771
25,seeqst_binomial_q0.5,10,mean,1,30000,-4.7104,0.261735954999577,0.261735954999577
25,seeqst_binomial_q0.5,10,mean,1,35000,-4.651885714285714,0.32025024071386277,0.32025024071386277
25,seeqst_binomial_q0.5,10,mean,1,40000,-4.48,0.4921359549995765,0.4921359549995765
25,seeqst_binomial_q0.5,10,mean,1,45000,-4.482844444444445,0.4892915105551321,0.4892915105551321
25,seeqst_binomial_q0.5,10,mean,1,50000,-4.36224,0.609895954999577,0.609895954999577
25,seeqst_binomial_tuned,10,mean,1,10,-44.703483581542955,-39.731347626543375,39.731347626543375
25,seeqst_binomial_tuned,10,mean,1,30,-24.835268656412758,-19.863132701413182,19.863132701413182
25,seeqst_binomial_tuned,10,mean,1,100,-11.920928955078123,-6.948793000078546,6.948793000078546
25,seeqst_binomial_tuned,10,mean,1,300,-5.960464477539061,-0.9883285225394838,0.9883285225394838
25,seeqst_binomial_tuned,10,mean,1,1000,-5.811452865600585,-0.8393169106010081,0.8393169106010081
25,seeqst_binomial_tuned,10,mean,1,3000,-6.655851999918618,-1.6837160449190414,1.6837160449190414
25,seeqst_binomial_tuned,10,mean,1,5000,-5.84125518798828,-0.8691192329887034,0.8691192329887034
25,seeqst_binomial_tuned,10,mean,1,10000,-5.215406417846679,-0.24327046284710185,0.24327046284710185
25,seeqst_binomial_tuned,10,mean,1,15000,-5.016724268595377,-0.044588313595800066,0.044588313595800066
25,seeqst_binomial_tuned,10,mean,1,20000,-4.947185516357421,0.02495043864215596,0.02495043864215596
25,seeqst_binomial_tuned,10,mean,1,25000,-5.0008296966552725,-0.028693741655695604,0.028693741655695604
25,seeqst_binomial_tuned,10,mean,1,30000,-5.16076882680257,-0.18863287180299348,0.18863287180299348
25,seeqst_binomial_tuned,10,mean,1,35000,-4.959957940237862,0.012178014761714984,0.012178014761714984
25,seeqst_binomial_tuned,10,mean,1,40000,-5.029141902923583,-0.05700594792400615,0.05700594792400615
25,seeqst_binomial_tuned,10,mean,1,45000,-4.9802992078993045,-0.008163252899727524,0.008163252899727524
25,seeqst_binomial_tuned,10,mean,1,50000,-5.066394805908202,-0.09425885090862529,0.09425885090862529
26,pauli,10,mean,1,10,-8.999999999999995,-4.027864045000418,4.027864045000418
26,pauli,10,mean,1,30,1.874999999999998,6.847135954999575,6.847135954999575
26,pauli,10,mean,1,100,-4.882499999999997,0.08963595499958021,0.08963595499958021
26,pauli,10,mean,1,300,-4.889999999999996,0.08213595499958082,0.08213595499958082
26,pauli,10,mean,1,1000,-5.195249999999998,-0.22311404500042098,0.22311404500042098
26,pauli,10,mean,1,3000,-5.487749999999998,-0.5156140450004214,0.5156140450004214
26,pauli,10,mean,1,5000,-4.743899999999999,0.22823595499957783,0.22823595499957783
26,pauli,10,mean,1,10000,-5.051699999999999,-0.07956404500042247,0.07956404500042247
26,pauli,10,mean,1,15000,-5.314349999999999,-0.3422140450004223,0.3422140450004223
26,pauli,10,mean,1,20000,-4.8435749999999995,0.12856095499957743,0.12856095499957743
26,pauli,10,mean,1,25000,-5.08932,-0.1171840450004229,0.1171840450004229
26,pauli,10,mean,1,30000,-5.223299999999999,-0.2511640450004222,0.2511640450004222
26,pauli,10,mean,1,35000,-5.237421428571428,-0.2652854735718506,0.2652854735718506
26,pauli,10,mean,1,40000,-5.042699999999999,-0.07056404500042213,0.07056404500042213
26,pauli,10,mean,1,45000,-5.070149999999999,-0.0980140450004221,0.0980140450004221
26,pauli,10,mean,1,50000,-5.069249999999999,-0.09711404500042242,0.09711404500042242
26,clifford,10,mean,1,10,-76.87499999999969,-71.90286404500011,71.90286404500011
26,clifford,10,mean,1,30,-59.79166666666648,-54.8195307116669,54.8195307116669
26,clifford,10,mean,1,100,-17.937499999999947,-12.96536404500037,12.96536404500037
26,clifford,10,mean,1,300,-9.395833333333297,-4.42369737833372,4.42369737833372
26,clifford,10,mean,1,1000,-3.8437499999999836,1.1283859549995934,1.1283859549995934
26,clifford,10,mean,1,3000,-2.6479166666666556,2.3242192883329214,2.3242192883329214
26,clifford,10,mean,1,5000,-3.9974999999999907,0.9746359549995862,0.9746359549995862
26,clifford,10,mean,1,10000,-3.766874999999994,1.205260954999583,1.205260954999583
26,clifford,10,mean,1,15000,-4.185416666666662,0.7867192883329146,0.7867192883329146
26,clifford,10,mean,1,20000,-4.061562499999997,0.9105734549995796,0.9105734549995796
26,clifford,10,mean,1,25000,-4.181999999999998,0.7901359549995792,0.7901359549995792
26,clifford,10,mean,1,30000,-4.253749999999998,0.7183859549995786,0.7183859549995786
26,clifford,10,mean,1,35000,-4.319642857142855,0.6524930978567216,0.6524930978567216
26,clifford,10,mean,1,40000,-4.2857812499999985,0.6863547049995784,0.6863547049995784
26,clifford,10,mean,1,45000,-4.544166666666666,0.42796928833291137,0.42796928833291137
26,clifford,10,mean,1,50000,-4.632999999999999,0.3391359549995778,0.3391359549995778
26,seeqst_uniform,10,mean,1,10,0.0,4.972135954999577,4.972135954999577
26,seeqst_uniform,10,mean,1,30,0.0,4.972135954999577,4.972135954999577
26,seeqst_uniform,10,mean,1,100,0.0,4.972135954999577,4.972135954999577
26,seeqst_uniform,10,mean,1,300,0.0,4.972135954999577,4.972135954999577
26,seeqst_uniform,10,mean,1,1000,-10.24,-5.267864045000423,5.267864045000423
26,seeqst_uniform,10,mean,1,3000,-9.216,-4.243864045000422,4.243864045000422
26,seeqst_uniform,10,mean,1,5000,-5.9392,-0.9670640450004226,0.9670640450004226
26,seeqst_uniform,10,mean,1,10000,-6.0416,-1.069464045000423,1.069464045000423
26,seeqst_uniform,10,mean,1,15000,-5.666133333333334,-0.6939973783337567,0.6939973783337567
26,seeqst_uniform,10,mean,1,20000,-5.2736,-0.3014640450004231,0.3014640450004231
26,seeqst_uniform,10,mean,1,25000,-4.87424,0.0978959549995766,0.0978959549995766
26,seeqst_uniform,10,mean,1,30000,-4.881066666666666,0.0910692883329105,0.0910692883329105
26,seeqst_uniform,10,mean,1,35000,-4.798171428571429,0.17396452642814797,0.17396452642814797
26,seeqst_uniform,10,mean,1,40000,-4.7616,0.21053595499957733,0.21053595499957733
26,seeqst_uniform,10,mean,1,45000,-4.7104,0.261735954999577,0.261735954999577
26,seeqst_uniform,10,mean,1,50000,-5.2224,-0.25026404500042343,0.25026404500042343
26,seeqst_binomial_q0.09091,10,mean,1,10,0.0,4.972135954999577,4.972135954999577
26,seeqst_binomial_q0.09091,10,mean,1,30,0.0,4.972135954999577,4.972135954999577
26,seeqst_binomial_q0.09091,10,mean,1,100,-7.7812273812337445,-2.8090914262341675,2.8090914262341675
26,seeqst_binomial_q0.09091,10,mean,1,300,-6.052065740959581,-1.0799297859600037,1.0799297859600037
26,seeqst_binomial_q0.09091,10,mean,1,1000,-3.112490952493499,1.859645002506078,1.859645002506078
26,seeqst_binomial_q0.09091,10,mean,1,3000,-3.4583232805483317,1.5138126744512452,1.5138126744512452
26,seeqst_binomial_q0.09091,10,mean,1,5000,-3.890613690616869,1.0815222643827078,1.0815222643827078
26,seeqst_binomial_q0.09091,10,mean,1,10000,-4.746548702552564,0.2255872524470126,0.2255872524470126
26,seeqst_binomial_q0.09091,10,mean,1,15000,-4.893527441975879,0.0786085130236982,0.0786085130236982
26,seeqst_binomial_q0.09091,10,mean,1,20000,-5.096703934708127,-0.12456797970854971,0.12456797970854971
26,seeqst_binomial_q0.09091,10,mean,1,25000,-5.280859649397344,-0.30872369439776737,0.30872369439776737
26,seeqst_binomial_q0.09091,10,mean,1,30000,-5.144255879815653,-0.17211992481607563,0.17211992481607563
26,seeqst_binomial_q0.09091,10,mean,1,35000,-5.217127691798606,-0.24499173679902864,0.24499173679902864
26,seeqst_binomial_q0.09091,10,mean,1,40000,-5.440374810712546,-0.4682388557129693,0.4682388557129693
26,seeqst_binomial_q0.09091,10,mean,1,45000,-5.400748189789582,-0.42861223479000543,0.42861223479000543
26,seeqst_binomial_q0.09091,10,mean,1,50000,-5.348296953367922,-0.37616099836834493,0.37616099836834493
26,seeqst_binomial_q0.5,10,mean,1,10,0.0,4.972135954999577,4.972135954999577
26,seeqst_binomial_q0.5,10,mean,1,30,0.0,4.972135954999577,4.972135954999577
26,seeqst_binomial_q0.5,10,mean,1,100,0.0,4.972135954999577,4.972135954999577
26,seeqst_binomial_q0.5,10,mean,1,300,0.0,4.972135954999577,4.972135954999577
26,seeqst_binomial_q0.5,10,mean,1,1000,-3.072,1.9001359549995769,1.9001359549995769
26,seeqst_binomial_q0.5,10,mean,1,3000,-4.437333333333333,0.5348026216662438,0.5348026216662438
26,seeqst_binomial_q0.5,10,mean,1,5000,-4.7104,0.261735954999577,0.261735954999577
26,seeqst_binomial_q0.5,10,mean,1,10000,-4.608,0.3641359549995773,0.3641359549995773
26,seeqst_binomial_q0.5,10,mean,1,15000,-3.8912,1.080935954999577,1.080935954999577
26,seeqst_binomial_q0.5,10,mean,1,20000,-3.3792,1.592935954999577,1.592935954999577
26,seeqst_binomial_q0.5,10,mean,1,25000,-3.72736,1.244775954999577,1.244775954999577
26,seeqst_binomial_q0.5,10,mean,1,30000,-3.8912,1.080935954999577,1.080935954999577
26,seeqst_binomial_q0.5,10,mean,1,35000,-3.7741714285714285,1.1979645264281484,1.1979645264281484
26,seeqst_binomial_q0.5,10,mean,1,40000,-4.0704,0.9017359549995767,0.9017359549995767
26,seeqst_binomial_q0.5,10,mean,1,45000,-4.437333333333333,0.5348026216662438,0.5348026216662438
26,seeqst_binomial_q0.5,10,mean,1,50000,-4.17792,0.7942159549995766,0.7942159549995766
26,seeqst_binomial_tuned,10,mean,1,10,14.901161193847653,19.87329714884723,19.87329714884723
26,seeqst_binomial_tuned,10,mean,1,30,4.967053731282551,9.939189686282127,9.939189686282127
26,seeqst_binomial_tuned,10,mean,1,100,2.98023223876953,7.952368193769107,7.952368193769107
26,seeqst_binomial_tuned,10,mean,1,300,0.4967053731282549,5.468841328127832,5.468841328127832
26,seeqst_binomial_tuned,10,mean,1,1000,-3.5762786865234375,1.3958572684761394,1.3958572684761394
26,seeqst_binomial_tuned,10,mean,1,3000,-4.818042119344075,0.15409383565550172,0.15409383565550172
26,seeqst_binomial_tuned,10,mean,1,5000,-5.304813385009766,-0.3326774300101887,0.3326774300101887
26,seeqst_binomial_tuned,10,mean,1,10000,-4.5746564865112305,0.3974794684883465,0.3974794684883465
26,seeqst_binomial_tuned,10,mean,1,15000,-4.927317301432292,0.04481865356728498,0.04481865356728498
26,seeqst_binomial_tuned,10,mean,1,20000,-4.8354268074035645,0.1367091475960125,0.1367091475960125
26,seeqst_binomial_tuned,10,mean,1,25000,-4.798173904418945,0.17396205058063163,0.17396205058063163
26,seeqst_binomial_tuned,10,mean,1,30000,-4.818042119344075,0.15409383565550172,0.15409383565550172
26,seeqst_binomial_tuned,10,mean,1,35000,-4.891838346208845,0.08029760879073233,0.08029760879073233
26,seeqst_binomial_tuned,10,mean,1,40000,-4.932284355163574,0.03985159983600273,0.03985159983600273
26,seeqst_binomial_tuned,10,mean,1,45000,-4.920694563123915,0.05144139187566221,0.05144139187566221
26,seeqst_binomial_tuned,10,mean,1,50000,-4.887580871582031,0.0845550834175457,0.0845550834175457
27,pauli,10,mean,1,10,-6.974999999999992,-2.0028640450004147,2.0028640450004147
27,pauli,10,mean,1,30,-4.199999999999997,0.7721359549995803,0.7721359549995803
27,pauli,10,mean,1,100,-14.107499999999995,-9.135364045000419,9.135364045000419
27,pauli,10,mean,1,300,-9.412499999999996,-4.440364045000419,4.440364045000419
27,pauli,10,mean,1,1000,-7.699499999999997,-2.72736404500042,2.72736404500042
27,pauli,10,mean,1,3000,-5.027249999999999,-0.05511404500042172,0.05511404500042172
27,pauli,10,mean,1,5000,-4.895999999999999,0.07613595499957793,0.07613595499957793
27,pauli,10,mean,1,10000,-6.2574749999999995,-1.2853390450004225,1.2853390450004225
27,pauli,10,mean,1,15000,-6.436949999999999,-1.4648140450004217,1.4648140450004217
27,pauli,10,mean,1,20000,-5.9999625,-1.0278265450004227,1.0278265450004227
27,pauli,10,mean,1,25000,-5.945489999999999,-0.9733540450004217,0.9733540450004217
27,pauli,10,mean,1,30000,-5.409299999999999,-0.43716404500042216,0.43716404500042216
27,pauli,10,mean,1,35000,-5.7888642857142845,-0.8167283307147075,0.8167283307147075
27,pauli,10,mean,1,40000,-5.621737499999999,-0.6496015450004222,0.6496015450004222
27,pauli,10,mean,1,45000,-5.24555,-0.27341404500042277,0.27341404500042277
27,pauli,10,mean,1,50000,-5.2532999999999985,-0.2811640450004216,0.2811640450004216
27,clifford,10,mean,1,10,4.291688102322921e-15,4.972135954999581,4.972135954999581
27,clifford,10,mean,1,30,3.6545976410794515e-15,4.9721359549995805,4.9721359549995805
27,clifford,10,mean,1,100,-2.5624999999999845,2.4096359549995925,2.4096359549995925
27,clifford,10,mean,1,300,-8.541666666666634,-3.569530711667057,3.569530711667057
27,clifford,10,mean,1,1000,-8.712499999999963,-3.740364045000386,3.740364045000386
27,clifford,10,mean,1,3000,-5.637499999999983,-0.6653640450004064,0.6653640450004064
27,clifford,10,mean,1,5000,-4.56124999999999,0.41088595499958736,0.41088595499958736
27,clifford,10,mean,1,10000,-3.9462499999999947,1.0258859549995822,1.0258859549995822
27,clifford,10,mean,1,15000,-4.082916666666662,0.8892192883329146,0.8892192883329146
27,clifford,10,mean,1,20000,-3.9974999999999965,0.9746359549995804,0.9746359549995804
27,clifford,10,mean,1,25000,-4.376749999999997,0.5953859549995801,0.5953859549995801
27,clifford,10,mean,1,30000,-4.287916666666664,0.6842192883329128,0.6842192883329128
27,clifford,10,mean,1,35000,-4.451428571428569,0.5207073835710077,0.5207073835710077
27,clifford,10,mean,1,40000,-4.542031249999998,0.43010470499957876,0.43010470499957876
27,clifford,10,mean,1,45000,-4.5669444444444425,0.40519151055513447,0.40519151055513447
27,clifford,10,mean,1,50000,-4.6637499999999985,0.30838595499957844,0.30838595499957844
27,seeqst_uniform,10,mean,1,10,0.0,4.972135954999577,4.972135954999577
27,seeqst_uniform,10,mean,1,30,0.0,4.972135954999577,4.972135954999577
27,seeqst_uniform,10,mean,1,100,-10.24,-5.267864045000423,5.267864045000423
27,seeqst_uniform,10,mean,1,300,-10.24,-5.267864045000423,5.267864045000423
27,seeqst_uniform,10,mean,1,1000,-9.216,-4.243864045000422,4.243864045000422
27,seeqst_uniform,10,mean,1,3000,-4.778666666666667,0.19346928833290988,0.19346928833290988
27,seeqst_uniform,10,mean,1,5000,-4.5056,0.4665359549995767,0.4665359549995767
27,seeqst_uniform,10,mean,1,10000,-3.3792,1.592935954999577,1.592935954999577
27,seeqst_uniform,10,mean,1,15000,-3.7546666666666666,1.2174692883329103,1.2174692883329103
27,seeqst_uniform,10,mean,1,20000,-4.5056,0.4665359549995767,0.4665359549995767
27,seeqst_uniform,10,mean,1,25000,-4.25984,0.7122959549995773,0.7122959549995773
27,seeqst_uniform,10,mean,1,30000,-4.5056,0.4665359549995767,0.4665359549995767
27,seeqst_uniform,10,mean,1,35000,-4.651885714285714,0.32025024071386277,0.32025024071386277
27,seeqst_uniform,10,mean,1,40000,-4.5056,0.4665359549995767,0.4665359549995767
27,seeqst_uniform,10,mean,1,45000,-4.551111111111111,0.42102484388846584,0.42102484388846584
27,seeqst_uniform,10,mean,1,50000,-4.32128,0.6508559549995772,0.6508559549995772
27,seeqst_binomial_q0.09091,10,mean,1,10,-25.937424604112483,-20.965288649112907,20.965288649112907
27,seeqst_binomial_q0.09091,10,mean,1,30,0.0,4.972135954999577,4.972135954999577
27,seeqst_binomial_q0.09091,10,mean,1,100,-2.593742460411248,2.378393494588329,2.378393494588329
27,seeqst_binomial_q0.09091,10,mean,1,300,-9.510389021507912,-4.538253066508335,4.538253066508335
27,seeqst_binomial_q0.09091,10,mean,1,1000,-7.262478889151497,-2.29034293415192,2.29034293415192
27,seeqst_binomial_q0.09091,10,mean,1,3000,-4.495820264712831,0.4763156902867456,0.4763156902867456
27,seeqst_binomial_q0.09091,10,mean,1,5000,-4.824360976364913,0.14777497863466404,0.14777497863466404
27,seeqst_binomial_q0.09091,10,mean,1,10000,-5.135610071614249,-0.16347411661467248,0.16347411661467248
27,seeqst_binomial_q0.09091,10,mean,1,15000,-5.602483714488302,-0.6303477594887248,0.6303477594887248
27,seeqst_binomial_q0.09091,10,mean,1,20000,-5.459827879165709,-0.48769192416613194,0.48769192416613194
27,seeqst_binomial_q0.09091,10,mean,1,25000,-5.197859890664184,-0.22572393566460747,0.22572393566460747
27,seeqst_binomial_q0.09091,10,mean,1,30000,-5.023214564996465,-0.05107860999688807,0.05107860999688807
27,seeqst_binomial_q0.09091,10,mean,1,35000,-5.23194907728667,-0.25981312228709275,0.25981312228709275
27,seeqst_binomial_q0.09091,10,mean,1,40000,-5.09021957855704,-0.11808362355746294,0.11808362355746294
27,seeqst_binomial_q0.09091,10,mean,1,45000,-5.03762424533202,-0.06548829033244274,0.06548829033244274
27,seeqst_binomial_q0.09091,10,mean,1,50000,-5.088922707326805,-0.11678675232722835,0.11678675232722835
27,seeqst_binomial_q0.5,10,mean,1,10,0.0,4.972135954999577,4.972135954999577
27,seeqst_binomial_q0.5,10,mean,1,30,0.0,4.972135954999577,4.972135954999577
27,seeqst_binomial_q0.5,10,mean,1,100,0.0,4.972135954999577,4.972135954999577
27,seeqst_binomial_q0.5,10,mean,1,300,0.0,4.972135954999577,4.972135954999577
27,seeqst_binomial_q0.5,10,mean,1,1000,0.0,4.972135954999577,4.972135954999577
27,seeqst_binomial_q0.5,10,mean,1,3000,-4.096,0.8761359549995769,0.8761359549995769
27,seeqst_binomial_q0.5,10,mean,1,5000,-3.4816,1.4905359549995771,1.4905359549995771
27,seeqst_binomial_q0.5,10,mean,1,10000,-4.1984,0.7737359549995766,0.7737359549995766
27,seeqst_binomial_q0.5,10,mean,1,15000,-4.5056,0.4665359549995767,0.4665359549995767
27,seeqst_binomial_q0.5,10,mean,1,20000,-4.1472,0.8249359549995772,0.8249359549995772
27,seeqst_binomial_q0.5,10,mean,1,25000,-4.5056,0.4665359549995767,0.4665359549995767
27,seeqst_binomial_q0.5,10,mean,1,30000,-4.676266666666667,0.29586928833291015,0.29586928833291015
27,seeqst_binomial_q0.5,10,mean,1,35000,-4.651885714285714,0.32025024071386277,0.32025024071386277
27,seeqst_binomial_q0.5,10,mean,1,40000,-4.608,0.3641359549995773,0.3641359549995773
27,seeqst_binomial_q0.5,10,mean,1,45000,-4.528355555555556,0.44378039944402126,0.44378039944402126
27,seeqst_binomial_q0.5,10,mean,1,50000,-4.608,0.3641359549995773,0.3641359549995773
27,seeqst_binomial_tuned,10,mean,1,10,14.901161193847653,19.87329714884723,19.87329714884723
27,seeqst_binomial_tuned,10,mean,1,30,4.967053731282551,9.939189686282127,9.939189686282127
27,seeqst_binomial_tuned,10,mean,1,100,-4.470348358154296,0.501787596845281,0.501787596845281
27,seeqst_binomial_tuned,10,mean,1,300,-5.960464477539062,-0.9883285225394847,0.9883285225394847
27,seeqst_binomial_tuned,10,mean,1,1000,-7.301568984985351,-2.3294330299857737,2.3294330299857737
27,seeqst_binomial_tuned,10,mean,1,3000,-7.152557373046874,-2.180421418047297,2.180421418047297
27,seeqst_binomial_tuned,10,mean,1,5000,-5.990266799926757,-1.01813084492718,1.01813084492718
27,seeqst_binomial_tuned,10,mean,1,10000,-5.364418029785155,-0.3922820747855784,0.3922820747855784
27,seeqst_binomial_tuned,10,mean,1,15000,-4.996856053670246,-0.024720098670669266,0.024720098670669266
27,seeqst_binomial_tuned,10,mean,1,20000,-5.021691322326659,-0.04955536732708232,0.04955536732708232
27,seeqst_binomial_tuned,10,mean,1,25000,-4.959106445312499,0.013029509687077834,0.013029509687077834
27,seeqst_binomial_tuned,10,mean,1,30000,-4.986921946207682,-0.014785991208104754,0.014785991208104754
27,seeqst_binomial_tuned,10,mean,1,35000,-4.994017737252371,-0.02188178225279369,0.02188178225279369
27,seeqst_binomial_tuned,10,mean,1,40000,-4.999339580535888,-0.027203625536310838,0.027203625536310838
27,seeqst_binomial_tuned,10,mean,1,45000,-5.023347006903753,-0.05121105190417641,0.05121105190417641
27,seeqst_binomial_tuned,10,mean,1,50000,-4.965066909790038,0.007069045209538771,0.007069045209538771
28,pauli,10,mean,1,10,-7.199999999999996,-2.227864045000419,2.227864045000419
28,pauli,10,mean,1,30,0.22499999999999937,5.197135954999577,5.197135954999577
28,pauli,10,mean,1,100,-2.609999999999998,2.362135954999579,2.362135954999579
28,pauli,10,mean,1,300,-3.8624999999999994,1.1096359549995776,1.1096359549995776
28,pauli,10,mean,1,1000,-8.835749999999997,-3.8636140450004204,3.8636140450004204
28,pauli,10,mean,1,3000,-6.111749999999999,-1.139614045000422,1.139614045000422
28,pauli,10,mean,1,5000,-6.596999999999999,-1.6248640450004217,1.6248640450004217
28,pauli,10,mean,1,10000,-5.717699999999999,-0.745564045000422,0.745564045000422
28,pauli,10,mean,1,15000,-5.260949999999999,-0.2888140450004224,0.2888140450004224
28,pauli,10,mean,1,20000,-4.790137499999999,0.18199845499957767,0.18199845499957767
28,pauli,10,mean,1,25000,-4.602149999999999,0.36998595499957787,0.36998595499957787
28,pauli,10,mean,1,30000,-4.606799999999999,0.36533595499957805,0.36533595499957805
28,pauli,10,mean,1,35000,-4.652807142857142,0.3193288121424347,0.3193288121424347
28,pauli,10,mean,1,40000,-5.058056249999999,-0.08592029500042209,0.08592029500042209
28,pauli,10,mean,1,45000,-5.214799999999999,-0.2426640450004225,0.2426640450004225
28,pauli,10,mean,1,50000,-5.2088399999999995,-0.23670404500042252,0.23670404500042252
28,clifford,10,mean,1,10,25.624999999999932,30.59713595499951,30.59713595499951
28,clifford,10,mean,1,30,8.541666666666645,13.513802621666223,13.513802621666223
28,clifford,10,mean,1,100,2.4335264650130787e-15,4.97213595499958,4.97213595499958
28,clifford,10,mean,1,300,-5.9791666666666465,-1.0070307116670696,1.0070307116670696
28,clifford,10,mean,1,1000,-4.099999999999985,0.8721359549995915,0.8721359549995915
28,clifford,10,mean,1,3000,-5.46666666666665,-0.49453071166707296,0.49453071166707296
28,clifford,10,mean,1,5000,-5.27874999999999,-0.3066140450004129,0.3066140450004129
28,clifford,10,mean,1,10000,-5.483749999999995,-0.5116140450004183,0.5116140450004183
28,clifford,10,mean,1,15000,-4.88583333333333,0.08630262166624725,0.08630262166624725
28,clifford,10,mean,1,20000,-4.612499999999997,0.3596359549995798,0.3596359549995798
28,clifford,10,mean,1,25000,-4.704749999999998,0.26738595499957896,0.26738595499957896
28,clifford,10,mean,1,30000,-4.7747916666666645,0.1973442883329124,0.1973442883329124
28,clifford,10,mean,1,35000,-4.553928571428569,0.4182073835710076,0.4182073835710076
28,clifford,10,mean,1,40000,-4.452343749999999,0.519792204999578,0.519792204999578
28,clifford,10,mean,1,45000,-4.566944444444443,0.4051915105551336,0.4051915105551336
28,clifford,10,mean,1,50000,-4.576624999999999,0.3955109549995779,0.3955109549995779
28,seeqst_uniform,10,mean,1,10,0.0,4.972135954999577,4.972135954999577
28,seeqst_uniform,10,mean,1,30,34.13333333333333,39.10546928833291,39.10546928833291
28,seeqst_uniform,10,mean,1,100,10.24,15.212135954999578,15.212135954999578
28,seeqst_uniform,10,mean,1,300,6.826666666666667,11.798802621666244,11.798802621666244
28,seeqst_uniform,10,mean,1,1000,2.048,7.020135954999577,7.020135954999577
28,seeqst_uniform,10,mean,1,3000,-3.072,1.9001359549995769,1.9001359549995769
28,seeqst_uniform,10,mean,1,5000,-4.096,0.8761359549995769,0.8761359549995769
28,seeqst_uniform,10,mean,1,10000,-4.4032,0.5689359549995769,0.5689359549995769
28,seeqst_uniform,10,mean,1,15000,-3.8912,1.080935954999577,1.080935954999577
28,seeqst_uniform,10,mean,1,20000,-3.6352,1.3369359549995767,1.3369359549995767
28,seeqst_uniform,10,mean,1,25000,-3.80928,1.1628559549995767,1.1628559549995767
28,seeqst_uniform,10,mean,1,30000,-4.130133333333333,0.8420026216662437,0.8420026216662437
28,seeqst_uniform,10,mean,1,35000,-4.476342857142857,0.49579309785672,0.49579309785672
28,seeqst_uniform,10,mean,1,40000,-4.864,0.10813595499957707,0.10813595499957707
28,seeqst_uniform,10,mean,1,45000,-5.051733333333333,-0.07959737833375602,0.07959737833375602
28,seeqst_uniform,10,mean,1,50000,-4.87424,0.0978959549995766,0.0978959549995766
28,seeqst_binomial_q0.09091,10,mean,1,10,0.0,4.972135954999577,4.972135954999577
28,seeqst_binomial_q0.09091,10,mean,1,30,8.645808201370828,13.617944156370406,13.617944156370406
28,seeqst_binomial_q0.09091,10,mean,1,100,0.0,4.972135954999577,4.972135954999577
28,seeqst_binomial_q0.09091,10,mean,1,300,-1.7291616402741654,3.2429743147254113,3.2429743147254113
28,seeqst_binomial_q0.09091,10,mean,1,1000,-3.3718651985346235,1.6002707564649534,1.6002707564649534
28,seeqst_binomial_q0.09091,10,mean,1,3000,-3.1124909524934985,1.8596450025060784,1.8596450025060784
28,seeqst_binomial_q0.09091,10,mean,1,5000,-3.527489746159297,1.4446462088402798,1.4446462088402798
28,seeqst_binomial_q0.09091,10,mean,1,10000,-3.8128014168045214,1.1593345381950555,1.1593345381950555
28,seeqst_binomial_q0.09091,10,mean,1,15000,-4.115404703852494,0.8567312511470826,0.8567312511470826
28,seeqst_binomial_q0.09091,10,mean,1,20000,-4.590924154927922,0.38121180007165467,0.38121180007165467
28,seeqst_binomial_q0.09091,10,mean,1,25000,-5.083735222406087,-0.11159926740651027,0.11159926740651027
28,seeqst_binomial_q0.09091,10,mean,1,30000,-5.187484920822505,-0.21534896582292795,0.21534896582292795
28,seeqst_binomial_q0.09091,10,mean,1,35000,-5.150431457102319,-0.17829550210274192,0.17829550210274192
28,seeqst_binomial_q0.09091,10,mean,1,40000,-5.265297194634793,-0.2931612396352161,0.2931612396352161
28,seeqst_binomial_q0.09091,10,mean,1,45000,-5.291234619238889,-0.3190986642393119,0.3190986642393119
28,seeqst_binomial_q0.09091,10,mean,1,50000,-5.228984800189008,-0.2568488451894311,0.2568488451894311
28,seeqst_binomial_q0.5,10,mean,1,10,0.0,4.972135954999577,4.972135954999577
28,seeqst_binomial_q0.5,10,mean,1,30,0.0,4.972135954999577,4.972135954999577
28,seeqst_binomial_q0.5,10,mean,1,100,0.0,4.972135954999577,4.972135954999577
28,seeqst_binomial_q0.5,10,mean,1,300,-3.4133333333333336,1.5588026216662434,1.5588026216662434
28,seeqst_binomial_q0.5,10,mean,1,1000,-12.288,-7.315864045000423,7.315864045000423
28,seeqst_binomial_q0.5,10,mean,1,3000,-9.557333333333334,-4.585197378333757,4.585197378333757
28,seeqst_binomial_q0.5,10,mean,1,5000,-5.3248,-0.3526640450004228,0.3526640450004228
28,seeqst_binomial_q0.5,10,mean,1,10000,-4.7104,0.261735954999577,0.261735954999577
28,seeqst_binomial_q0.5,10,mean,1,15000,-4.437333333333333,0.5348026216662438,0.5348026216662438
28,seeqst_binomial_q0.5,10,mean,1,20000,-5.376,-0.4038640450004234,0.4038640450004234
28,seeqst_binomial_q0.5,10,mean,1,25000,-4.99712,-0.02498404500042284,0.02498404500042284
28,seeqst_binomial_q0.5,10,mean,1,30000,-5.2565333333333335,-0.28439737833375656,0.28439737833375656
28,seeqst_binomial_q0.5,10,mean,1,35000,-5.090742857142857,-0.11860690214327985,0.11860690214327985
28,seeqst_binomial_q0.5,10,mean,1,40000,-5.2992,-0.32706404500042296,0.32706404500042296
28,seeqst_binomial_q0.5,10,mean,1,45000,-5.279288888888889,-0.307152933889312,0.307152933889312
28,seeqst_binomial_q0.5,10,mean,1,50000,-5.44768,-0.47554404500042313,0.47554404500042313
28,seeqst_binomial_tuned,10,mean,1,10,-14.901161193847653,-9.929025238848077,9.929025238848077
28,seeqst_binomial_tuned,10,mean,1,30,-4.967053731282551,0.0050822237170260465,0.0050822237170260465
28,seeqst_binomial_tuned,10,mean,1,100,-4.470348358154296,0.501787596845281,0.501787596845281
28,seeqst_binomial_tuned,10,mean,1,300,-4.470348358154296,0.501787596845281,0.501787596845281
28,seeqst_binomial_tuned,10,mean,1,1000,-4.172325134277343,0.7998108207222341,0.7998108207222341
28,seeqst_binomial_tuned,10,mean,1,3000,-4.221995671590169,0.750140283409408,0.750140283409408
28,seeqst_binomial_tuned,10,mean,1,5000,-4.7087669372558585,0.26336901774371846,0.26336901774371846
28,seeqst_binomial_tuned,10,mean,1,10000,-4.7087669372558585,0.26336901774371846,0.26336901774371846
28,seeqst_binomial_tuned,10,mean,1,15000,-4.857778549194335,0.1143574058052419,0.1143574058052419
28,seeqst_binomial_tuned,10,mean,1,20000,-5.066394805908202,-0.09425885090862529,0.09425885090862529
28,seeqst_binomial_tuned,10,mean,1,25000,-5.030632019042968,-0.058496064043390916,0.058496064043390916
28,seeqst_binomial_tuned,10,mean,1,30000,-5.091230074564615,-0.11909411956503835,0.11909411956503835
28,seeqst_binomial_tuned,10,mean,1,35000,-4.862036023821148,0.11009993117842853,0.11009993117842853
28,seeqst_binomial_tuned,10,mean,1,40000,-4.783272743225097,0.18886321177448018,0.18886321177448018
28,seeqst_binomial_tuned,10,mean,1,45000,-4.871024025811089,0.10111192918848833,0.10111192918848833
28,seeqst_binomial_tuned,10,mean,1,50000,-4.88758087158203,0.08455508341754658,0.08455508341754658
29,pauli,10,mean,1,10,-20.69999999999999,-15.727864045000413,15.727864045000413
29,pauli,10,mean,1,30,-9.299999999999995,-4.327864045000418,4.327864045000418
29,pauli,10,mean,1,100,-20.609999999999985,-15.63786404500041,15.63786404500041
29,pauli,10,mean,1,300,-9.532499999999995,-4.560364045000418,4.560364045000418
29,pauli,10,mean,1,1000,-4.544999999999998,0.4271359549995788,0.4271359549995788
29,pauli,10,mean,1,3000,-3.7964999999999995,1.1756359549995774,1.1756359549995774
29,pauli,10,mean,1,5000,-4.04775,0.9243859549995772,0.9243859549995772
29,pauli,10,mean,1,10000,-4.5216,0.45053595499957666,0.45053595499957666
29,pauli,10,mean,1,15000,-5.5308,-0.5586640450004232,0.5586640450004232
29,pauli,10,mean,1,20000,-6.43995,-1.4678140450004227,1.4678140450004227
29,pauli,10,mean,1,25000,-5.82867,-0.8565340450004229,0.8565340450004229
29,pauli,10,mean,1,30000,-5.544675,-0.5725390450004229,0.5725390450004229
29,pauli,10,mean,1,35000,-5.8548857142857145,-0.8827497592861375,0.8827497592861375
29,pauli,10,mean,1,40000,-5.70695625,-0.7348202950004232,0.7348202950004232
29,pauli,10,mean,1,45000,-5.682,-0.7098640450004234,0.7098640450004234
29,pauli,10,mean,1,50000,-5.31567,-0.34353404500042295,0.34353404500042295
29,clifford,10,mean,1,10,-25.624999999999932,-20.652864045000356,20.652864045000356
29,clifford,10,mean,1,30,-17.08333333333328,-12.111197378333703,12.111197378333703
29,clifford,10,mean,1,100,-2.5625000000000036,2.4096359549995734,2.4096359549995734
29,clifford,10,mean,1,300,-2.562499999999992,2.409635954999585,2.409635954999585
29,clifford,10,mean,1,1000,-3.3312499999999887,1.6408859549995882,1.6408859549995882
29,clifford,10,mean,1,3000,-5.722916666666647,-0.7507807116670699,0.7507807116670699
29,clifford,10,mean,1,5000,-4.766249999999987,0.20588595499958995,0.20588595499958995
29,clifford,10,mean,1,10000,-4.9456249999999935,0.026510954999583447,0.026510954999583447
29,clifford,10,mean,1,15000,-4.544166666666662,0.4279692883329149,0.4279692883329149
29,clifford,10,mean,1,20000,-4.881562499999997,0.09057345499958025,0.09057345499958025
29,clifford,10,mean,1,25000,-4.919999999999997,0.05213595499957968,0.05213595499957968
29,clifford,10,mean,1,30000,-4.723541666666664,0.24859428833291286,0.24859428833291286
29,clifford,10,mean,1,35000,-4.6930357142857115,0.2791002407138654,0.2791002407138654
29,clifford,10,mean,1,40000,-4.6765624999999975,0.29557345499957943,0.29557345499957943
29,clifford,10,mean,1,45000,-4.6751388888888865,0.29699706611069043,0.29699706611069043
29,clifford,10,mean,1,50000,-4.643249999999998,0.3288859549995786,0.3288859549995786
29,seeqst_uniform,10,mean,1,10,0.0,4.972135954999577,4.972135954999577
29,seeqst_uniform,10,mean,1,30,-34.13333333333333,-29.161197378333757,29.161197378333757
29,seeqst_uniform,10,mean,1,100,-20.48,-15.507864045000424,15.507864045000424
29,seeqst_uniform,10,mean,1,300,-20.48,-15.507864045000424,15.507864045000424
29,seeqst_uniform,10,mean,1,1000,-13.312,-8.339864045000422,8.339864045000422
29,seeqst_uniform,10,mean,1,3000,-7.850666666666666,-2.8785307116670893,2.8785307116670893
29,seeqst_uniform,10,mean,1,5000,-5.9392,-0.9670640450004226,0.9670640450004226
29,seeqst_uniform,10,mean,1,10000,-5.3248,-0.3526640450004228,0.3526640450004228
29,seeqst_uniform,10,mean,1,15000,-6.007466666666667,-1.0353307116670898,1.0353307116670898
29,seeqst_uniform,10,mean,1,20000,-5.7344,-0.762264045000423,0.762264045000423
29,seeqst_uniform,10,mean,1,25000,-4.95616,0.01597595499957727,0.01597595499957727
29,seeqst_uniform,10,mean,1,30000,-5.4272,-0.4550640450004231,0.4550640450004231
29,seeqst_uniform,10,mean,1,35000,-5.500342857142857,-0.52820690214328,0.52820690214328
29,seeqst_uniform,10,mean,1,40000,-5.4528,-0.4806640450004229,0.4806640450004229
29,seeqst_uniform,10,mean,1,45000,-5.643377777777777,-0.6712418227782004,0.6712418227782004
29,seeqst_uniform,10,mean,1,50000,-5.44768,-0.47554404500042313,0.47554404500042313
29,seeqst_binomial_q0.09091,10,mean,1,10,0.0,4.972135954999577,4.972135954999577
29,seeqst_binomial_q0.09091,10,mean,1,30,8.645808201370828,13.617944156370406,13.617944156370406
29,seeqst_binomial_q0.09091,10,mean,1,100,-2.593742460411248,2.378393494588329,2.378393494588329
29,seeqst_binomial_q0.09091,10,mean,1,300,-4.322904100685414,0.6492318543141629,0.6492318543141629
29,seeqst_binomial_q0.09091,10,mean,1,1000,-5.187484920822498,-0.21534896582292085,0.21534896582292085
29,seeqst_binomial_q0.09091,10,mean,1,3000,-5.446859166863622,-0.4747232118640454,0.4747232118640454
29,seeqst_binomial_q0.09091,10,mean,1,5000,-5.3431094684471585,-0.37097351344758156,0.37097351344758156
29,seeqst_binomial_q0.09091,10,mean,1,10000,-4.772486127156677,0.19964982784289997,0.19964982784289997
29,seeqst_binomial_q0.09091,10,mean,1,15000,-4.893527441975879,0.0786085130236982,0.0786085130236982
29,seeqst_binomial_q0.09091,10,mean,1,20000,-4.979985523989618,-0.007849568990041078,0.007849568990041078
29,seeqst_binomial_q0.09091,10,mean,1,25000,-4.637611519215342,0.3345244357842345,0.3345244357842345
29,seeqst_binomial_q0.09091,10,mean,1,30000,-4.599569963129309,0.3725659918702675,0.3725659918702675
29,seeqst_binomial_q0.09091,10,mean,1,35000,-4.498290495627513,0.4738454593720638,0.4738454593720638
29,seeqst_binomial_q0.09091,10,mean,1,40000,-4.409362182699111,0.5627737723004662,0.5627737723004662
29,seeqst_binomial_q0.09091,10,mean,1,45000,-4.403598310564847,0.5685376444347296,0.5685376444347296
29,seeqst_binomial_q0.09091,10,mean,1,50000,-4.419737152540727,0.5523988024588498,0.5523988024588498
29,seeqst_binomial_q0.5,10,mean,1,10,0.0,4.972135954999577,4.972135954999577
29,seeqst_binomial_q0.5,10,mean,1,30,0.0,4.972135954999577,4.972135954999577
29,seeqst_binomial_q0.5,10,mean,1,100,0.0,4.972135954999577,4.972135954999577
29,seeqst_binomial_q0.5,10,mean,1,300,3.4133333333333336,8.38546928833291,8.38546928833291
29,seeqst_binomial_q0.5,10,mean,1,1000,-3.072,1.9001359549995769,1.9001359549995769
29,seeqst_binomial_q0.5,10,mean,1,3000,-6.826666666666667,-1.8545307116670902,1.8545307116670902
29,seeqst_binomial_q0.5,10,mean,1,5000,-6.5536,-1.5814640450004234,1.5814640450004234
29,seeqst_binomial_q0.5,10,mean,1,10000,-5.8368,-0.8646640450004233,0.8646640450004233
29,seeqst_binomial_q0.5,10,mean,1,15000,-5.5978666666666665,-0.6257307116670896,0.6257307116670896
29,seeqst_binomial_q0.5,10,mean,1,20000,-5.12,-0.14786404500042316,0.14786404500042316
29,seeqst_binomial_q0.5,10,mean,1,25000,-4.75136,0.22077595499957692,0.22077595499957692
29,seeqst_binomial_q0.5,10,mean,1,30000,-4.5738666666666665,0.3982692883329104,0.3982692883329104
29,seeqst_binomial_q0.5,10,mean,1,35000,-4.242285714285714,0.729850240713863,0.729850240713863
29,seeqst_binomial_q0.5,10,mean,1,40000,-4.1472,0.8249359549995772,0.8249359549995772
29,seeqst_binomial_q0.5,10,mean,1,45000,-4.187022222222223,0.7851137327773543,0.7851137327773543
29,seeqst_binomial_q0.5,10,mean,1,50000,-4.21888,0.7532559549995765,0.7532559549995765
29,seeqst_binomial_tuned,10,mean,1,10,-14.901161193847653,-9.929025238848077,9.929025238848077
29,seeqst_binomial_tuned,10,mean,1,30,4.967053731282551,9.939189686282127,9.939189686282127
29,seeqst_binomial_tuned,10,mean,1,100,-5.960464477539062,-0.9883285225394847,0.9883285225394847
29,seeqst_binomial_tuned,10,mean,1,300,-2.4835268656412754,2.4886090893583015,2.4886090893583015
29,seeqst_binomial_tuned,10,mean,1,1000,-4.6193599700927725,0.3527759849068044,0.3527759849068044
29,seeqst_binomial_tuned,10,mean,1,3000,-4.569689432779947,0.4024465222196296,0.4024465222196296
29,seeqst_binomial_tuned,10,mean,1,5000,-5.006790161132812,-0.034654206133234666,0.034654206133234666
29,seeqst_binomial_tuned,10,mean,1,10000,-5.245208740234374,-0.27307278523479717,0.27307278523479717
29,seeqst_binomial_tuned,10,mean,1,15000,-4.957119623819986,0.015016331179590559,0.015016331179590559
29,seeqst_binomial_tuned,10,mean,1,20000,-4.872679710388183,0.09945624461139424,0.09945624461139424
29,seeqst_binomial_tuned,10,mean,1,25000,-4.929304122924804,0.042831832074773146,0.042831832074773146
29,seeqst_binomial_tuned,10,mean,1,30000,-4.872679710388183,0.09945624461139424,0.09945624461139424
29,seeqst_binomial_tuned,10,mean,1,35000,-4.947185516357421,0.02495043864215596,0.02495043864215596
29,seeqst_binomial_tuned,10,mean,1,40000,-5.06266951560974,-0.09053356061016338,0.09053356061016338
29,seeqst_binomial_tuned,10,mean,1,45000,-4.97036510043674,0.0017708545628369876,0.0017708545628369876
29,seeqst_binomial_tuned,10,mean,1,50000,-5.027651786804198,-0.055515831804621385,0.055515831804621385
30,pauli,10,mean,1,10,3.374999999999992,8.347135954999569,8.347135954999569
30,pauli,10,mean,1,30,-9.224999999999996,-4.252864045000419,4.252864045000419
30,pauli,10,mean,1,100,-1.2375000000000007,3.7346359549995762,3.7346359549995762
30,pauli,10,mean,1,300,-2.8725,2.099635954999577,2.099635954999577
30,pauli,10,mean,1,1000,-3.2895,1.682635954999577,1.682635954999577
30,pauli,10,mean,1,3000,-4.520999999999999,0.4511359549995779,0.4511359549995779
30,pauli,10,mean,1,5000,-5.0539499999999995,-0.08181404500042255,0.08181404500042255
30,pauli,10,mean,1,10000,-4.8012749999999995,0.17086095499957743,0.17086095499957743
30,pauli,10,mean,1,15000,-5.606249999999999,-0.6341140450004223,0.6341140450004223
30,pauli,10,mean,1,20000,-5.568637499999999,-0.5965015450004216,0.5965015450004216
30,pauli,10,mean,1,25000,-5.481089999999999,-0.5089540450004222,0.5089540450004222
30,pauli,10,mean,1,30000,-5.458124999999999,-0.48598904500042206,0.48598904500042206
30,pauli,10,mean,1,35000,-5.269371428571428,-0.29723547357185076,0.29723547357185076
30,pauli,10,mean,1,40000,-5.255324999999999,-0.2831890450004222,0.2831890450004222
30,pauli,10,mean,1,45000,-5.3633,-0.3911640450004228,0.3911640450004228
30,pauli,10,mean,1,50000,-5.243264999999999,-0.27112904500042223,0.27112904500042223
30,clifford,10,mean,1,10,-25.624999999999858,-20.652864045000282,20.652864045000282
30,clifford,10,mean,1,30,-34.1666666666665,-29.194530711666925,29.194530711666925
30,clifford,10,mean,1,100,-10.249999999999938,-5.277864045000361,5.277864045000361
30,clifford,10,mean,1,300,-11.104166666666611,-6.132030711667034,6.132030711667034
30,clifford,10,mean,1,1000,-6.149999999999973,-1.1778640450003959,1.1778640450003959
30,clifford,10,mean,1,3000,-6.577083333333324,-1.6049473783337467,1.6049473783337467
30,clifford,10,mean,1,5000,-6.406249999999994,-1.4341140450004168,1.4341140450004168
30,clifford,10,mean,1,10000,-5.483749999999997,-0.5116140450004201,0.5116140450004201
30,clifford,10,mean,1,15000,-4.578333333333331,0.3938026216662456,0.3938026216662456
30,clifford,10,mean,1,20000,-4.599687499999998,0.3724484549995788,0.3724484549995788
30,clifford,10,mean,1,25000,-5.094249999999999,-0.12211404500042189,0.12211404500042189
30,clifford,10,mean,1,30000,-5.090833333333332,-0.11869737833375549,0.11869737833375549
30,clifford,10,mean,1,35000,-5.198214285714285,-0.2260783307147083,0.2260783307147083
30,clifford,10,mean,1,40000,-5.022499999999999,-0.05036404500042213,0.05036404500042213
30,clifford,10,mean,1,45000,-5.085138888888888,-0.11300293388931149,0.11300293388931149
30,clifford,10,mean,1,50000,-5.247999999999998,-0.2758640450004215,0.2758640450004215
30,seeqst_uniform,10,mean,1,10,0.0,4.972135954999577,4.972135954999577
30,seeqst_uniform,10,mean,1,30,0.0,4.972135954999577,4.972135954999577
30,seeqst_uniform,10,mean,1,100,0.0,4.972135954999577,4.972135954999577
30,seeqst_uniform,10,mean,1,300,-3.4133333333333336,1.5588026216662434,1.5588026216662434
30,seeqst_uniform,10,mean,1,1000,-2.048,2.924135954999577,2.924135954999577
30,seeqst_uniform,10,mean,1,3000,-5.802666666666667,-0.8305307116670901,0.8305307116670901
30,seeqst_uniform,10,mean,1,5000,-4.9152,0.056935954999577376,0.056935954999577376
30,seeqst_uniform,10,mean,1,10000,-5.632,-0.6598640450004227,0.6598640450004227
30,seeqst_uniform,10,mean,1,15000,-4.846933333333333,0.12520262166624363,0.12520262166624363
30,seeqst_uniform,10,mean,1,20000,-4.5568,0.415335954999577,0.415335954999577
30,seeqst_uniform,10,mean,1,25000,-4.42368,0.5484559549995769,0.5484559549995769
30,seeqst_uniform,10,mean,1,30000,-4.130133333333333,0.8420026216662437,0.8420026216662437
30,seeqst_uniform,10,mean,1,35000,-4.096,0.8761359549995769,0.8761359549995769
30,seeqst_uniform,10,mean,1,40000,-4.1984,0.7737359549995766,0.7737359549995766
30,seeqst_uniform,10,mean,1,45000,-4.642133333333334,0.3300026216662433,0.3300026216662433
30,seeqst_uniform,10,mean,1,50000,-4.83328,0.1388559549995767,0.1388559549995767
30,seeqst_binomial_q0.09091,10,mean,1,10,0.0,4.972135954999577,4.972135954999577
30,seeqst_binomial_q0.09091,10,mean,1,30,17.291616402741656,22.263752357741232,22.263752357741232
30,seeqst_binomial_q0.09091,10,mean,1,100,-5.187484920822496,-0.21534896582291907,0.21534896582291907
30,seeqst_binomial_q0.09091,10,mean,1,300,-6.052065740959581,-1.0799297859600037,1.0799297859600037
30,seeqst_binomial_q0.09091,10,mean,1,1000,-5.187484920822498,-0.21534896582292085,0.21534896582292085
30,seeqst_binomial_q0.09091,10,mean,1,3000,-4.06352985464429,0.9086061003552866,0.9086061003552866
30,seeqst_binomial_q0.09091,10,mean,1,5000,-4.357487333490891,0.6146486215086862,0.6146486215086862
30,seeqst_binomial_q0.09091,10,mean,1,10000,-4.046238238241532,0.9258977167580449,0.9258977167580449
30,seeqst_binomial_q0.09091,10,mean,1,15000,-4.668736428740233,0.3033995262593443,0.3033995262593443
30,seeqst_binomial_q0.09091,10,mean,1,20000,-4.707642565646431,0.26449338935314604,0.26449338935314604
30,seeqst_binomial_q0.09091,10,mean,1,25000,-4.720611277948504,0.25152467705107284,0.25152467705107284
30,seeqst_binomial_q0.09091,10,mean,1,30000,-4.763840318955349,0.20829563604422763,0.20829563604422763
30,seeqst_binomial_q0.09091,10,mean,1,35000,-4.9206999820373305,0.051435972962246446,0.051435972962246446
30,seeqst_binomial_q0.09091,10,mean,1,40000,-4.84381404481798,0.12832191018159733,0.12832191018159733
30,seeqst_binomial_q0.09091,10,mean,1,45000,-4.93963841904982,0.032497535949756795,0.032497535949756795
30,seeqst_binomial_q0.09091,10,mean,1,50000,-4.89698576525638,0.07515018974319698,0.07515018974319698
30,seeqst_binomial_q0.5,10,mean,1,10,0.0,4.972135954999577,4.972135954999577
30,seeqst_binomial_q0.5,10,mean,1,30,0.0,4.972135954999577,4.972135954999577
30,seeqst_binomial_q0.5,10,mean,1,100,0.0,4.972135954999577,4.972135954999577
30,seeqst_binomial_q0.5,10,mean,1,300,-6.826666666666667,-1.8545307116670902,1.8545307116670902
30,seeqst_binomial_q0.5,10,mean,1,1000,-7.168,-2.195864045000423,2.195864045000423
30,seeqst_binomial_q0.5,10,mean,1,3000,-5.461333333333333,-0.4891973783337562,0.4891973783337562
30,seeqst_binomial_q0.5,10,mean,1,5000,-5.12,-0.14786404500042316,0.14786404500042316
30,seeqst_binomial_q0.5,10,mean,1,10000,-4.608,0.3641359549995773,0.3641359549995773
30,seeqst_binomial_q0.5,10,mean,1,15000,-4.5056,0.4665359549995767,0.4665359549995767
30,seeqst_binomial_q0.5,10,mean,1,20000,-5.2736,-0.3014640450004231,0.3014640450004231
30,seeqst_binomial_q0.5,10,mean,1,25000,-4.95616,0.01597595499957727,0.01597595499957727
30,seeqst_binomial_q0.5,10,mean,1,30000,-5.085866666666667,-0.11373071166709003,0.11373071166709003
30,seeqst_binomial_q0.5,10,mean,1,35000,-4.885942857142857,0.0861930978567198,0.0861930978567198
30,seeqst_binomial_q0.5,10,mean,1,40000,-5.1712,-0.19906404500042285,0.19906404500042285
30,seeqst_binomial_q0.5,10,mean,1,45000,-5.393066666666667,-0.42093071166708995,0.42093071166708995
30,seeqst_binomial_q0.5,10,mean,1,50000,-5.30432,-0.33218404500042276,0.33218404500042276
30,seeqst_binomial_tuned,10,mean,1,10,0.0,4.972135954999577,4.972135954999577
30,seeqst_binomial_tuned,10,mean,1,30,-4.967053731282551,0.0050822237170260465,0.0050822237170260465
30,seeqst_binomial_tuned,10,mean,1,100,-8.940696716308592,-3.968560761309015,3.968560761309015
30,seeqst_binomial_tuned,10,mean,1,300,-8.443991343180336,-3.4718553881807592,3.4718553881807592
30,seeqst_binomial_tuned,10,mean,1,1000,-5.066394805908202,-0.09425885090862529,0.09425885090862529
30,seeqst_binomial_tuned,10,mean,1,3000,-4.967053731282552,0.005082223717025158,0.005082223717025158
30,seeqst_binomial_tuned,10,mean,1,5000,-4.351139068603515,0.6209968863960622,0.6209968863960622
30,seeqst_binomial_tuned,10,mean,1,10000,-4.38094139099121,0.5911945640083669,0.5911945640083669
30,seeqst_binomial_tuned,10,mean,1,15000,-4.748503367106119,0.22363258789345775,0.22363258789345775
30,seeqst_binomial_tuned,10,mean,1,20000,-4.775822162628173,0.196313792371404,0.196313792371404
30,seeqst_binomial_tuned,10,mean,1,25000,-4.863739013671874,0.10839694132770283,0.10839694132770283
30,seeqst_binomial_tuned,10,mean,1,30000,-4.937251408894856,0.03488454610472136,0.03488454610472136
30,seeqst_binomial_tuned,10,mean,1,35000,-5.032335008893694,-0.060199053894116616,0.060199053894116616
30,seeqst_binomial_tuned,10,mean,1,40000,-4.988163709640502,-0.016027754640925096,0.016027754640925096
30,seeqst_binomial_tuned,10,mean,1,45000,-5.033281114366319,-0.06114515936674181,0.06114515936674181
30,seeqst_binomial_tuned,10,mean,1,50000,-4.926323890686034,0.04581206431354268,0.04581206431354268
31,pauli,10,mean,1,10,-4.724999999999997,0.24713595499957997,0.24713595499957997
31,pauli,10,mean,1,30,-2.474999999999999,2.4971359549995777,2.4971359549995777
31,pauli,10,mean,1,100,-2.565,2.407135954999577,2.407135954999577
31,pauli,10,mean,1,300,-2.3474999999999993,2.6246359549995777,2.6246359549995777
31,pauli,10,mean,1,1000,-5.876999999999999,-0.904864045000422,0.904864045000422
31,pauli,10,mean,1,3000,-3.5152499999999995,1.4568859549995774,1.4568859549995774
31,pauli,10,mean,1,5000,-7.634699999999997,-2.66256404500042,2.66256404500042
31,pauli,10,mean,1,10000,-6.053399999999998,-1.0812640450004212,1.0812640450004212
31,pauli,10,mean,1,15000,-7.125599999999998,-2.1534640450004208,2.1534640450004208
31,pauli,10,mean,1,20000,-6.846524999999999,-1.874389045000422,1.874389045000422
31,pauli,10,mean,1,25000,-6.6013199999999985,-1.6291840450004216,1.6291840450004216
31,pauli,10,mean,1,30000,-6.486749999999999,-1.514614045000422,1.514614045000422
31,pauli,10,mean,1,35000,-6.383185714285713,-1.4110497592861364,1.4110497592861364
31,pauli,10,mean,1,40000,-6.111168749999999,-1.1390327950004222,1.1390327950004222
31,pauli,10,mean,1,45000,-5.900849999999998,-0.9287140450004214,0.9287140450004214
31,pauli,10,mean,1,50000,-5.584184999999999,-0.6120490450004219,0.6120490450004219
31,clifford,10,mean,1,10,-51.2499999999997,-46.27786404500012,46.27786404500012
31,clifford,10,mean,1,30,-8.541666666666593,-3.5695307116670163,3.5695307116670163
31,clifford,10,mean,1,100,-2.5624999999999796,2.4096359549995974,2.4096359549995974
31,clifford,10,mean,1,300,-6.833333333333301,-1.8611973783337241,1.8611973783337241
31,clifford,10,mean,1,1000,-4.099999999999983,0.8721359549995942,0.8721359549995942
31,clifford,10,mean,1,3000,-5.381249999999982,-0.40911404500040494,0.40911404500040494
31,clifford,10,mean,1,5000,-4.407499999999989,0.5646359549995879,0.5646359549995879
31,clifford,10,mean,1,10000,-4.689374999999994,0.2827609549995831,0.2827609549995831
31,clifford,10,mean,1,15000,-5.039583333333329,-0.06744737833375236,0.06744737833375236
31,clifford,10,mean,1,20000,-4.9968749999999975,-0.024739045000420568,0.024739045000420568
31,clifford,10,mean,1,25000,-5.422249999999997,-0.4501140450004204,0.4501140450004204
31,clifford,10,mean,1,30000,-5.423958333333331,-0.4518223783337545,0.4518223783337545
31,clifford,10,mean,1,35000,-5.308035714285713,-0.3358997592861357,0.3358997592861357
31,clifford,10,mean,1,40000,-5.317187499999998,-0.34505154500042146,0.34505154500042146
31,clifford,10,mean,1,45000,-5.284444444444443,-0.3123084894448658,0.3123084894448658
31,clifford,10,mean,1,50000,-5.294124999999998,-0.32198904500042147,0.32198904500042147
31,seeqst_uniform,10,mean,1,10,0.0,4.972135954999577,4.972135954999577
31,seeqst_uniform,10,mean,1,30,0.0,4.972135954999577,4.972135954999577
31,seeqst_uniform,10,mean,1,100,0.0,4.972135954999577,4.972135954999577
31,seeqst_uniform,10,mean,1,300,0.0,4.972135954999577,4.972135954999577
31,seeqst_uniform,10,mean,1,1000,-2.048,2.924135954999577,2.924135954999577
31,seeqst_uniform,10,mean,1,3000,-3.072,1.9001359549995769,1.9001359549995769
31,seeqst_uniform,10,mean,1,5000,-3.072,1.9001359549995769,1.9001359549995769
31,seeqst_uniform,10,mean,1,10000,-3.8912,1.080935954999577,1.080935954999577
31,seeqst_uniform,10,mean,1,15000,-3.4816,1.4905359549995771,1.4905359549995771
31,seeqst_uniform,10,mean,1,20000,-3.7888,1.1833359549995768,1.1833359549995768
31,seeqst_uniform,10,mean,1,25000,-4.21888,0.7532559549995765,0.7532559549995765
31,seeqst_uniform,10,mean,1,30000,-4.676266666666667,0.29586928833291015,0.29586928833291015
31,seeqst_uniform,10,mean,1,35000,-4.476342857142857,0.49579309785672,0.49579309785672
31,seeqst_uniform,10,mean,1,40000,-4.4288,0.5433359549995771,0.5433359549995771
31,seeqst_uniform,10,mean,1,45000,-4.5056,0.4665359549995767,0.4665359549995767
31,seeqst_uniform,10,mean,1,50000,-4.73088,0.24125595499957697,0.24125595499957697
31,seeqst_binomial_q0.09091,10,mean,1,10,0.0,4.972135954999577,4.972135954999577
31,seeqst_binomial_q0.09091,10,mean,1,30,0.0,4.972135954999577,4.972135954999577
31,seeqst_binomial_q0.09091,10,mean,1,100,-7.7812273812337445,-2.8090914262341675,2.8090914262341675
31,seeqst_binomial_q0.09091,10,mean,1,300,-4.322904100685414,0.6492318543141629,0.6492318543141629
31,seeqst_binomial_q0.09091,10,mean,1,1000,-6.4843561510281225,-1.5122201960285455,1.5122201960285455
31,seeqst_binomial_q0.09091,10,mean,1,3000,-6.397898069014408,-1.425762114014831,1.425762114014831
31,seeqst_binomial_q0.09091,10,mean,1,5000,-6.588105849444551,-1.6159698944449739,1.6159698944449739
31,seeqst_binomial_q0.09091,10,mean,1,10000,-6.2509193295910785,-1.2787833745915016,1.2787833745915016
31,seeqst_binomial_q0.09091,10,mean,1,15000,-5.84456634412669,-0.8724303891271132,0.8724303891271132
31,seeqst_binomial_q0.09091,10,mean,1,20000,-5.822951823623291,-0.8508158686237142,0.8508158686237142
31,seeqst_binomial_q0.09091,10,mean,1,25000,-5.872232930371088,-0.9000969753715111,0.9000969753715111
31,seeqst_binomial_q0.09091,10,mean,1,30000,-5.835920535925294,-0.8637845809257172,0.8637845809257172
31,seeqst_binomial_q0.09091,10,mean,1,35000,-5.609894407232296,-0.6377584522327187,0.6377584522327187
31,seeqst_binomial_q0.09091,10,mean,1,40000,-5.492249659920769,-0.5201137049211919,0.5201137049211919
31,seeqst_binomial_q0.09091,10,mean,1,45000,-5.291234619238889,-0.3190986642393119,0.3190986642393119
31,seeqst_binomial_q0.09091,10,mean,1,50000,-5.317172043842987,-0.3450360888434103,0.3450360888434103
31,seeqst_binomial_q0.5,10,mean,1,10,0.0,4.972135954999577,4.972135954999577
31,seeqst_binomial_q0.5,10,mean,1,30,0.0,4.972135954999577,4.972135954999577
31,seeqst_binomial_q0.5,10,mean,1,100,-10.24,-5.267864045000423,5.267864045000423
31,seeqst_binomial_q0.5,10,mean,1,300,-3.4133333333333336,1.5588026216662434,1.5588026216662434
31,seeqst_binomial_q0.5,10,mean,1,1000,-9.216,-4.243864045000422,4.243864045000422
31,seeqst_binomial_q0.5,10,mean,1,3000,-9.557333333333334,-4.585197378333757,4.585197378333757
31,seeqst_binomial_q0.5,10,mean,1,5000,-8.3968,-3.4246640450004238,3.4246640450004238
31,seeqst_binomial_q0.5,10,mean,1,10000,-7.168,-2.195864045000423,2.195864045000423
31,seeqst_binomial_q0.5,10,mean,1,15000,-6.826666666666667,-1.8545307116670902,1.8545307116670902
31,seeqst_binomial_q0.5,10,mean,1,20000,-6.4512,-1.479064045000423,1.479064045000423
31,seeqst_binomial_q0.5,10,mean,1,25000,-5.77536,-0.8032240450004231,0.8032240450004231
31,seeqst_binomial_q0.5,10,mean,1,30000,-5.666133333333334,-0.6939973783337567,0.6939973783337567
31,seeqst_binomial_q0.5,10,mean,1,35000,-5.412571428571429,-0.44043547357185187,0.44043547357185187
31,seeqst_binomial_q0.5,10,mean,1,40000,-5.5552,-0.5830640450004232,0.5830640450004232
31,seeqst_binomial_q0.5,10,mean,1,45000,-5.302044444444444,-0.3299084894448674,0.3299084894448674
31,seeqst_binomial_q0.5,10,mean,1,50000,-5.3248,-0.3526640450004228,0.3526640450004228
31,seeqst_binomial_tuned,10,mean,1,10,0.0,4.972135954999577,4.972135954999577
31,seeqst_binomial_tuned,10,mean,1,30,0.0,4.972135954999577,4.972135954999577
31,seeqst_binomial_tuned,10,mean,1,100,0.0,4.972135954999577,4.972135954999577
31,seeqst_binomial_tuned,10,mean,1,300,-6.4571698506673165,-1.4850338956677396,1.4850338956677396
31,seeqst_binomial_tuned,10,mean,1,1000,-5.513429641723632,-0.541293686724055,0.541293686724055
31,seeqst_binomial_tuned,10,mean,1,3000,-4.172325134277343,0.7998108207222341,0.7998108207222341
31,seeqst_binomial_tuned,10,mean,1,5000,-4.678964614868163,0.29317134013141377,0.29317134013141377
31,seeqst_binomial_tuned,10,mean,1,10000,-4.842877388000487,0.12925856699908955,0.12925856699908955
31,seeqst_binomial_tuned,10,mean,1,15000,-4.5498212178548165,0.4223147371447604,0.4223147371447604
31,seeqst_binomial_tuned,10,mean,1,20000,-4.649162292480468,0.3229736625191091,0.3229736625191091
31,seeqst_binomial_tuned,10,mean,1,25000,-4.774332046508788,0.19780390849078877,0.19780390849078877
31,seeqst_binomial_tuned,10,mean,1,30000,-4.688898722330729,0.28323723266884837,0.28323723266884837
31,seeqst_binomial_tuned,10,mean,1,35000,-4.879065922328403,0.0930700326711742,0.0930700326711742
31,seeqst_binomial_tuned,10,mean,1,40000,-4.861503839492797,0.11063211550677998,0.11063211550677998
31,seeqst_binomial_tuned,10,mean,1,45000,-4.88758087158203,0.08455508341754658,0.08455508341754658
31,seeqst_binomial_tuned,10,mean,1,50000,-4.95612621307373,0.016009741925847365,0.016009741925847365
32,pauli,10,mean,1,10,11.024999999999988,15.997135954999564,15.997135954999564
32,pauli,10,mean,1,30,2.7749999999999955,7.747135954999573,7.747135954999573
32,pauli,10,mean,1,100,1.4399999999999984,6.412135954999576,6.412135954999576
32,pauli,10,mean,1,300,-3.269999999999999,1.7021359549995778,1.7021359549995778
32,pauli,10,mean,1,1000,-6.153749999999998,-1.1816140450004209,1.1816140450004209
32,pauli,10,mean,1,3000,-5.2612499999999995,-0.2891140450004226,0.2891140450004226
32,pauli,10,mean,1,5000,-4.93695,0.03518595499957655,0.03518595499957655
32,pauli,10,mean,1,10000,-5.14755,-0.1754140450004229,0.1754140450004229
32,pauli,10,mean,1,15000,-4.26765,0.7044859549995772,0.7044859549995772
32,pauli,10,mean,1,20000,-4.5743625,0.3977734549995766,0.3977734549995766
32,pauli,10,mean,1,25000,-5.17095,-0.19881404500042343,0.19881404500042343
32,pauli,10,mean,1,30000,-5.251125,-0.2789890450004231,0.2789890450004231
32,pauli,10,mean,1,35000,-5.105507142857143,-0.1333711878575663,0.1333711878575663
32,pauli,10,mean,1,40000,-4.80515625,0.16697970499957737,0.16697970499957737
32,pauli,10,mean,1,45000,-5.27055,-0.2984140450004231,0.2984140450004231
32,pauli,10,mean,1,50000,-5.6592,-0.6870640450004233,0.6870640450004233
32,clifford,10,mean,1,10,6.992543940905677e-16,4.972135954999578,4.972135954999578
32,clifford,10,mean,1,30,1.4443651962462595e-14,4.972135954999591,4.972135954999591
32,clifford,10,mean,1,100,-7.687499999999968,-2.715364045000391,2.715364045000391
32,clifford,10,mean,1,300,-3.416666666666647,1.55546928833293,1.55546928833293
32,clifford,10,mean,1,1000,-2.8187499999999863,2.1533859549995906,2.1533859549995906
32,clifford,10,mean,1,3000,-3.5020833333333212,1.4700526216662557,1.4700526216662557
32,clifford,10,mean,1,5000,-3.177499999999991,1.794635954999586,1.794635954999586
32,clifford,10,mean,1,10000,-4.176874999999995,0.7952609549995824,0.7952609549995824
32,clifford,10,mean,1,15000,-4.3733333333333295,0.5988026216662474,0.5988026216662474
32,clifford,10,mean,1,20000,-4.714999999999997,0.25713595499957975,0.25713595499957975
32,clifford,10,mean,1,25000,-4.673999999999998,0.29813595499957923,0.29813595499957923
32,clifford,10,mean,1,30000,-4.979791666666665,-0.007655711667087672,0.007655711667087672
32,clifford,10,mean,1,35000,-5.381249999999999,-0.4091140450004218,0.4091140450004218
32,clifford,10,mean,1,40000,-5.3620312499999985,-0.3898952950004215,0.3898952950004215
32,clifford,10,mean,1,45000,-5.238888888888887,-0.2667529338893102,0.2667529338893102
32,clifford,10,mean,1,50000,-5.1096249999999985,-0.13748904500042158,0.13748904500042158
32,seeqst_uniform,10,mean,1,10,0.0,4.972135954999577,4.972135954999577
32,seeqst_uniform,10,mean,1,30,34.13333333333333,39.10546928833291,39.10546928833291
32,seeqst_uniform,10,mean,1,100,0.0,4.972135954999577,4.972135954999577
32,seeqst_uniform,10,mean,1,300,-3.4133333333333336,1.5588026216662434,1.5588026216662434
32,seeqst_uniform,10,mean,1,1000,-2.048,2.924135954999577,2.924135954999577
32,seeqst_uniform,10,mean,1,3000,-4.778666666666667,0.19346928833290988,0.19346928833290988
32,seeqst_uniform,10,mean,1,5000,-4.5056,0.4665359549995767,0.4665359549995767
32,seeqst_uniform,10,mean,1,10000,-5.5296,-0.5574640450004233,0.5574640450004233
32,seeqst_uniform,10,mean,1,15000,-4.437333333333333,0.5348026216662438,0.5348026216662438
32,seeqst_uniform,10,mean,1,20000,-4.7616,0.21053595499957733,0.21053595499957733
32,seeqst_uniform,10,mean,1,25000,-5.44768,-0.47554404500042313,0.47554404500042313
32,seeqst_uniform,10,mean,1,30000,-5.188266666666666,-0.21613071166708941,0.21613071166708941
32,seeqst_uniform,10,mean,1,35000,-5.266285714285714,-0.29414975928613707,0.29414975928613707
32,seeqst_uniform,10,mean,1,40000,-5.3248,-0.3526640450004228,0.3526640450004228
32,seeqst_uniform,10,mean,1,45000,-5.279288888888889,-0.307152933889312,0.307152933889312
32,seeqst_uniform,10,mean,1,50000,-5.30432,-0.33218404500042276,0.33218404500042276
32,seeqst_binomial_q0.09091,10,mean,1,10,25.937424604112483,30.90956055911206,30.90956055911206
32,seeqst_binomial_q0.09091,10,mean,1,30,8.645808201370828,13.617944156370406,13.617944156370406
32,seeqst_binomial_q0.09091,10,mean,1,100,-18.156197222878742,-13.184061267879166,13.184061267879166
32,seeqst_binomial_q0.09091,10,mean,1,300,-7.781227381233746,-2.8090914262341693,2.8090914262341693
32,seeqst_binomial_q0.09091,10,mean,1,1000,-8.299975873315995,-3.3278399183164185,3.3278399183164185
32,seeqst_binomial_q0.09091,10,mean,1,3000,-6.2249819049869926,-1.2528459499874156,1.2528459499874156
32,seeqst_binomial_q0.09091,10,mean,1,5000,-5.706233412904731,-0.734097457905154,0.734097457905154
32,seeqst_binomial_q0.09091,10,mean,1,10000,-5.887795385133506,-0.9156594301339291,0.9156594301339291
32,seeqst_binomial_q0.09091,10,mean,1,15000,-5.792691494918464,-0.8205555399188871,0.8205555399188871
32,seeqst_binomial_q0.09091,10,mean,1,20000,-5.68029598830067,-0.7081600333010929,0.7081600333010929
32,seeqst_binomial_q0.09091,10,mean,1,25000,-5.726983352588063,-0.7548473975884864,0.7548473975884864
32,seeqst_binomial_q0.09091,10,mean,1,30000,-5.654358563696514,-0.6822226086969367,0.6822226086969367
32,seeqst_binomial_q0.09091,10,mean,1,35000,-5.587662329000199,-0.6155263740006225,0.6155263740006225
32,seeqst_binomial_q0.09091,10,mean,1,40000,-5.433890454561518,-0.46175449956194115,0.46175449956194115
32,seeqst_binomial_q0.09091,10,mean,1,45000,-5.210540409359431,-0.2384044543598538,0.2384044543598538
32,seeqst_binomial_q0.09091,10,mean,1,50000,-5.135610071614207,-0.16347411661462985,0.16347411661462985
32,seeqst_binomial_q0.5,10,mean,1,10,0.0,4.972135954999577,4.972135954999577
32,seeqst_binomial_q0.5,10,mean,1,30,0.0,4.972135954999577,4.972135954999577
32,seeqst_binomial_q0.5,10,mean,1,100,0.0,4.972135954999577,4.972135954999577
32,seeqst_binomial_q0.5,10,mean,1,300,-6.826666666666667,-1.8545307116670902,1.8545307116670902
32,seeqst_binomial_q0.5,10,mean,1,1000,-7.168,-2.195864045000423,2.195864045000423
32,seeqst_binomial_q0.5,10,mean,1,3000,-6.826666666666667,-1.8545307116670902,1.8545307116670902
32,seeqst_binomial_q0.5,10,mean,1,5000,-6.9632,-1.9910640450004227,1.9910640450004227
32,seeqst_binomial_q0.5,10,mean,1,10000,-6.5536,-1.5814640450004234,1.5814640450004234
32,seeqst_binomial_q0.5,10,mean,1,15000,-5.666133333333334,-0.6939973783337567,0.6939973783337567
32,seeqst_binomial_q0.5,10,mean,1,20000,-6.0928,-1.1206640450004235,1.1206640450004235
32,seeqst_binomial_q0.5,10,mean,1,25000,-5.65248,-0.6803440450004228,0.6803440450004228
32,seeqst_binomial_q0.5,10,mean,1,30000,-5.4272,-0.4550640450004231,0.4550640450004231
32,seeqst_binomial_q0.5,10,mean,1,35000,-5.500342857142857,-0.52820690214328,0.52820690214328
32,seeqst_binomial_q0.5,10,mean,1,40000,-5.504,-0.5318640450004226,0.5318640450004226
32,seeqst_binomial_q0.5,10,mean,1,45000,-5.3703111111111115,-0.39817515611153453,0.39817515611153453
32,seeqst_binomial_q0.5,10,mean,1,50000,-5.07904,-0.10690404500042305,0.10690404500042305
32,seeqst_binomial_tuned,10,mean,1,10,14.901161193847653,19.87329714884723,19.87329714884723
32,seeqst_binomial_tuned,10,mean,1,30,0.0,4.972135954999577,4.972135954999577
32,seeqst_binomial_tuned,10,mean,1,100,-4.470348358154296,0.501787596845281,0.501787596845281
32,seeqst_binomial_tuned,10,mean,1,300,-3.973642985026041,0.9984929699735359,0.9984929699735359
32,seeqst_binomial_tuned,10,mean,1,1000,-4.6193599700927725,0.3527759849068044,0.3527759849068044
32,seeqst_binomial_tuned,10,mean,1,3000,-5.31474749247233,-0.3426115374727532,0.3426115374727532
32,seeqst_binomial_tuned,10,mean,1,5000,-4.82797622680664,0.1441597281929372,0.1441597281929372
32,seeqst_binomial_tuned,10,mean,1,10000,-5.215406417846679,-0.24327046284710185,0.24327046284710185
32,seeqst_binomial_tuned,10,mean,1,15000,-5.433956782023111,-0.46182082702353444,0.46182082702353444
32,seeqst_binomial_tuned,10,mean,1,20000,-5.312263965606689,-0.3401280106071116,0.3401280106071116
32,seeqst_binomial_tuned,10,mean,1,25000,-5.149841308593749,-0.17770535359417217,0.17770535359417217
32,seeqst_binomial_tuned,10,mean,1,30000,-4.996856053670246,-0.024720098670669266,0.024720098670669266
32,seeqst_binomial_tuned,10,mean,1,35000,-5.091939653669084,-0.11980369866950724,0.11980369866950724
32,seeqst_binomial_tuned,10,mean,1,40000,-5.15952706336975,-0.18739110837017314,0.18739110837017314
32,seeqst_binomial_tuned,10,mean,1,45000,-5.1193767123752165,-0.14724075737563957,0.14724075737563957
32,seeqst_binomial_tuned,10,mean,1,50000,-5.117058753967284,-0.14492279896770732,0.14492279896770732
33,pauli,10,mean,1,10,3.8249999999999966,8.797135954999574,8.797135954999574
33,pauli,10,mean,1,30,3.2999999999999963,8.272135954999573,8.272135954999573
33,pauli,10,mean,1,100,-1.6199999999999994,3.3521359549995777,3.3521359549995777
33,pauli,10,mean,1,300,-1.4550000000000003,3.517135954999577,3.517135954999577
33,pauli,10,mean,1,1000,-1.77975,3.192385954999577,3.192385954999577
33,pauli,10,mean,1,3000,-3.494249999999999,1.4778859549995778,1.4778859549995778
33,pauli,10,mean,1,5000,-5.837399999999999,-0.8652640450004219,0.8652640450004219
33,pauli,10,mean,1,10000,-6.494849999999999,-1.5227140450004217,1.5227140450004217
33,pauli,10,mean,1,15000,-5.686349999999999,-0.7142140450004222,0.7142140450004222
33,pauli,10,mean,1,20000,-5.938199999999998,-0.9660640450004214,0.9660640450004214
33,pauli,10,mean,1,25000,-6.311699999999999,-1.3395640450004223,1.3395640450004223
33,pauli,10,mean,1,30000,-6.179399999999999,-1.2072640450004224,1.2072640450004224
33,pauli,10,mean,1,35000,-5.960764285714285,-0.9886283307147083,0.9886283307147083
33,pauli,10,mean,1,40000,-5.926556249999999,-0.9544202950004221,0.9544202950004221
33,pauli,10,mean,1,45000,-6.045199999999999,-1.0730640450004216,1.0730640450004216
33,pauli,10,mean,1,50000,-5.863679999999999,-0.8915440450004217,0.8915440450004217
33,clifford,10,mean,1,10,25.624999999999922,30.597135954999498,30.597135954999498
33,clifford,10,mean,1,30,25.62499999999992,30.597135954999494,30.597135954999494
33,clifford,10,mean,1,100,5.773246464224613e-16,4.972135954999578,4.972135954999578
33,clifford,10,mean,1,300,-2.5624999999999902,2.4096359549995867,2.4096359549995867
33,clifford,10,mean,1,1000,-5.637499999999981,-0.6653640450004037,0.6653640450004037
33,clifford,10,mean,1,3000,-6.064583333333319,-1.092447378333742,1.092447378333742
33,clifford,10,mean,1,5000,-4.868749999999992,0.10338595499958458,0.10338595499958458
33,clifford,10,mean,1,10000,-5.278749999999994,-0.30661404500041733,0.30661404500041733
33,clifford,10,mean,1,15000,-4.868749999999996,0.10338595499958103,0.10338595499958103
33,clifford,10,mean,1,20000,-4.599687499999997,0.3724484549995797,0.3724484549995797
33,clifford,10,mean,1,25000,-4.694499999999998,0.27763595499957905,0.27763595499957905
33,clifford,10,mean,1,30000,-4.8858333333333315,0.08630262166624547,0.08630262166624547
33,clifford,10,mean,1,35000,-4.839464285714284,0.13267166928529317,0.13267166928529317
33,clifford,10,mean,1,40000,-4.855937499999999,0.11619845499957826,0.11619845499957826
33,clifford,10,mean,1,45000,-4.868749999999999,0.10338595499957837,0.10338595499957837
33,clifford,10,mean,1,50000,-4.7662499999999985,0.2058859549995784,0.2058859549995784
33,seeqst_uniform,10,mean,1,10,0.0,4.972135954999577,4.972135954999577
33,seeqst_uniform,10,mean,1,30,0.0,4.972135954999577,4.972135954999577
33,seeqst_uniform,10,mean,1,100,0.0,4.972135954999577,4.972135954999577
33,seeqst_uniform,10,mean,1,300,-10.24,-5.267864045000423,5.267864045000423
33,seeqst_uniform,10,mean,1,1000,-11.264,-6.291864045000422,6.291864045000422
33,seeqst_uniform,10,mean,1,3000,-10.581333333333333,-5.609197378333756,5.609197378333756
33,seeqst_uniform,10,mean,1,5000,-9.6256,-4.653464045000423,4.653464045000423
33,seeqst_uniform,10,mean,1,10000,-7.2704,-2.2982640450004235,2.2982640450004235
33,seeqst_uniform,10,mean,1,15000,-6.144,-1.1718640450004232,1.1718640450004232
33,seeqst_uniform,10,mean,1,20000,-5.3248,-0.3526640450004228,0.3526640450004228
33,seeqst_uniform,10,mean,1,25000,-4.9152,0.056935954999577376,0.056935954999577376
33,seeqst_uniform,10,mean,1,30000,-4.8128,0.15933595499957676,0.15933595499957676
33,seeqst_uniform,10,mean,1,35000,-4.944457142857143,0.02767881214243406,0.02767881214243406
33,seeqst_uniform,10,mean,1,40000,-5.1712,-0.19906404500042285,0.19906404500042285
33,seeqst_uniform,10,mean,1,45000,-5.0289777777777775,-0.0568418227782006,0.0568418227782006
33,seeqst_uniform,10,mean,1,50000,-4.93568,0.03645595499957732,0.03645595499957732
33,seeqst_binomial_q0.09091,10,mean,1,10,0.0,4.972135954999577,4.972135954999577
33,seeqst_binomial_q0.09091,10,mean,1,30,-25.937424604112483,-20.965288649112907,20.965288649112907
33,seeqst_binomial_q0.09091,10,mean,1,100,-20.74993968328999,-15.777803728290415,15.777803728290415
33,seeqst_binomial_q0.09091,10,mean,1,300,-8.64580820137083,-3.673672246371253,3.673672246371253
33,seeqst_binomial_q0.09091,10,mean,1,1000,-5.965607658945872,-0.9934717039462955,0.9934717039462955
33,seeqst_binomial_q0.09091,10,mean,1,3000,-5.879149576932162,-0.9070136219325846,0.9070136219325846
33,seeqst_binomial_q0.09091,10,mean,1,5000,-6.328731603403426,-1.3565956484038493,1.3565956484038493
33,seeqst_binomial_q0.09091,10,mean,1,10000,-5.343109468447148,-0.3709735134475709,0.3709735134475709
33,seeqst_binomial_q0.09091,10,mean,1,15000,-4.979985523989589,-0.007849568990011768,0.007849568990011768
33,seeqst_binomial_q0.09091,10,mean,1,20000,-4.915141962479335,0.05699399252024229,0.05699399252024229
33,seeqst_binomial_q0.09091,10,mean,1,25000,-5.156360011297603,-0.18422405629802618,0.18422405629802618
33,seeqst_binomial_q0.09091,10,mean,1,30000,-4.9713397157882415,0.0007962392113354255,0.0007962392113354255
33,seeqst_binomial_q0.09091,10,mean,1,35000,-4.935521367525394,0.036614587474183224,0.036614587474183224
33,seeqst_binomial_q0.09091,10,mean,1,40000,-4.921626318630314,0.05050963636926298,0.05050963636926298
33,seeqst_binomial_q0.09091,10,mean,1,45000,-4.92234680264708,0.04978915235249737,0.04978915235249737
33,seeqst_binomial_q0.09091,10,mean,1,50000,-4.938485644622959,0.033650310376618364,0.033650310376618364
33,seeqst_binomial_q0.5,10,mean,1,10,-204.8,-199.82786404500044,199.82786404500044
33,seeqst_binomial_q0.5,10,mean,1,30,-68.26666666666667,-63.294530711667086,63.294530711667086
33,seeqst_binomial_q0.5,10,mean,1,100,-40.96,-35.98786404500042,35.98786404500042
33,seeqst_binomial_q0.5,10,mean,1,300,-13.653333333333334,-8.681197378333756,8.681197378333756
33,seeqst_binomial_q0.5,10,mean,1,1000,-6.144,-1.1718640450004232,1.1718640450004232
33,seeqst_binomial_q0.5,10,mean,1,3000,-3.072,1.9001359549995769,1.9001359549995769
33,seeqst_binomial_q0.5,10,mean,1,5000,-5.7344,-0.762264045000423,0.762264045000423
33,seeqst_binomial_q0.5,10,mean,1,10000,-5.7344,-0.762264045000423,0.762264045000423
33,seeqst_binomial_q0.5,10,mean,1,15000,-5.5978666666666665,-0.6257307116670896,0.6257307116670896
33,seeqst_binomial_q0.5,10,mean,1,20000,-5.632,-0.6598640450004227,0.6598640450004227
33,seeqst_binomial_q0.5,10,mean,1,25000,-5.65248,-0.6803440450004228,0.6803440450004228
33,seeqst_binomial_q0.5,10,mean,1,30000,-5.461333333333333,-0.4891973783337562,0.4891973783337562
33,seeqst_binomial_q0.5,10,mean,1,35000,-5.9392,-0.9670640450004226,0.9670640450004226
33,seeqst_binomial_q0.5,10,mean,1,40000,-5.632,-0.6598640450004227,0.6598640450004227
33,seeqst_binomial_q0.5,10,mean,1,45000,-5.438577777777778,-0.4664418227782008,0.4664418227782008
33,seeqst_binomial_q0.5,10,mean,1,50000,-5.46816,-0.4960240450004232,0.4960240450004232
33,seeqst_binomial_tuned,10,mean,1,10,0.0,4.972135954999577,4.972135954999577
33,seeqst_binomial_tuned,10,mean,1,30,-9.934107462565102,-4.961971507565525,4.961971507565525
33,seeqst_binomial_tuned,10,mean,1,100,-10.430812835693358,-5.458676880693781,5.458676880693781
33,seeqst_binomial_tuned,10,mean,1,300,-4.470348358154296,0.501787596845281,0.501787596845281
33,seeqst_binomial_tuned,10,mean,1,1000,-3.4272670745849605,1.5448688804146165,1.5448688804146165
33,seeqst_binomial_tuned,10,mean,1,3000,-4.3710072835286455,0.6011286714709314,0.6011286714709314
33,seeqst_binomial_tuned,10,mean,1,5000,-4.529953002929687,0.44218295206989033,0.44218295206989033
33,seeqst_binomial_tuned,10,mean,1,10000,-4.962086677551269,0.010049277448308302,0.010049277448308302
33,seeqst_binomial_tuned,10,mean,1,15000,-5.036592483520507,-0.06445652852092998,0.06445652852092998
33,seeqst_binomial_tuned,10,mean,1,20000,-4.88758087158203,0.08455508341754658,0.08455508341754658
33,seeqst_binomial_tuned,10,mean,1,25000,-4.911422729492187,0.060713225507390334,0.060713225507390334
33,seeqst_binomial_tuned,10,mean,1,30000,-5.046526590983072,-0.07439063598349538,0.07439063598349538
33,seeqst_binomial_tuned,10,mean,1,35000,-4.913125719342912,0.059010235656664634,0.059010235656664634
33,seeqst_binomial_tuned,10,mean,1,40000,-4.921108484268188,0.05102747073138936,0.05102747073138936
33,seeqst_binomial_tuned,10,mean,1,45000,-4.851155810885959,0.12098014411361824,0.12098014411361824
33,seeqst_binomial_tuned,10,mean,1,50000,-4.935264587402343,0.036871367597234084,0.036871367597234084
34,pauli,10,mean,1,10,-10.799999999999994,-5.827864045000417,5.827864045000417
34,pauli,10,mean,1,30,-14.174999999999992,-9.202864045000414,9.202864045000414
34,pauli,10,mean,1,100,-9.854999999999993,-4.882864045000416,4.882864045000416
34,pauli,10,mean,1,300,-6.637499999999997,-1.6653640450004197,1.6653640450004197
34,pauli,10,mean,1,1000,-6.023249999999998,-1.0511140450004213,1.0511140450004213
34,pauli,10,mean,1,3000,-10.493249999999998,-5.521114045000421,5.521114045000421
34,pauli,10,mean,1,5000,-8.471249999999998,-3.499114045000421,3.499114045000421
34,pauli,10,mean,1,10000,-6.435674999999999,-1.463539045000422,1.463539045000422
34,pauli,10,mean,1,15000,-7.339349999999998,-2.367214045000421,2.367214045000421
34,pauli,10,mean,1,20000,-5.803874999999999,-0.8317390450004218,0.8317390450004218
34,pauli,10,mean,1,25000,-5.381999999999999,-0.40986404500042184,0.40986404500042184
34,pauli,10,mean,1,30000,-5.276624999999999,-0.3044890450004223,0.3044890450004223
34,pauli,10,mean,1,35000,-5.235299999999999,-0.2631640450004218,0.2631640450004218
34,pauli,10,mean,1,40000,-5.054906249999999,-0.08277029500042232,0.08277029500042232
34,pauli,10,mean,1,45000,-5.202649999999999,-0.23051404500042239,0.23051404500042239
34,pauli,10,mean,1,50000,-5.536304999999999,-0.5641690450004218,0.5641690450004218
34,clifford,10,mean,1,10,7.951462674300834e-14,4.972135954999657,4.972135954999657
34,clifford,10,mean,1,30,2.4018627488312873e-14,4.972135954999601,4.972135954999601
34,clifford,10,mean,1,100,-7.687499999999961,-2.715364045000384,2.715364045000384
34,clifford,10,mean,1,300,3.7974700343643933e-16,4.972135954999577,4.972135954999577
34,clifford,10,mean,1,1000,-2.049999999999996,2.922135954999581,2.922135954999581
34,clifford,10,mean,1,3000,-3.9291666666666565,1.0429692883329205,1.0429692883329205
34,clifford,10,mean,1,5000,-3.741249999999993,1.230885954999584,1.230885954999584
34,clifford,10,mean,1,10000,-4.535624999999996,0.4365109549995809,0.4365109549995809
34,clifford,10,mean,1,15000,-5.24458333333333,-0.2724473783337533,0.2724473783337533
34,clifford,10,mean,1,20000,-5.073749999999998,-0.10161404500042082,0.10161404500042082
34,clifford,10,mean,1,25000,-4.940499999999998,0.03163595499957861,0.03163595499957861
34,clifford,10,mean,1,30000,-4.817499999999998,0.15463595499957883,0.15463595499957883
34,clifford,10,mean,1,35000,-4.802857142857142,0.16927881214243534,0.16927881214243534
34,clifford,10,mean,1,40000,-4.913593749999999,0.058542204999578296,0.058542204999578296
34,clifford,10,mean,1,45000,-4.9826388888888875,-0.010502933889310562,0.010502933889310562
34,clifford,10,mean,1,50000,-4.889249999999999,0.08288595499957818,0.08288595499957818
34,seeqst_uniform,10,mean,1,10,0.0,4.972135954999577,4.972135954999577
34,seeqst_uniform,10,mean,1,30,0.0,4.972135954999577,4.972135954999577
34,seeqst_uniform,10,mean,1,100,-10.24,-5.267864045000423,5.267864045000423
34,seeqst_uniform,10,mean,1,300,-6.826666666666667,-1.8545307116670902,1.8545307116670902
34,seeqst_uniform,10,mean,1,1000,-9.216,-4.243864045000422,4.243864045000422
34,seeqst_uniform,10,mean,1,3000,-5.461333333333333,-0.4891973783337562,0.4891973783337562
34,seeqst_uniform,10,mean,1,5000,-4.7104,0.261735954999577,0.261735954999577
34,seeqst_uniform,10,mean,1,10000,-3.4816,1.4905359549995771,1.4905359549995771
34,seeqst_uniform,10,mean,1,15000,-3.4133333333333336,1.5588026216662434,1.5588026216662434
34,seeqst_uniform,10,mean,1,20000,-4.0448,0.9273359549995766,0.9273359549995766
34,seeqst_uniform,10,mean,1,25000,-4.25984,0.7122959549995773,0.7122959549995773
34,seeqst_uniform,10,mean,1,30000,-4.608,0.3641359549995773,0.3641359549995773
34,seeqst_uniform,10,mean,1,35000,-4.476342857142857,0.49579309785672,0.49579309785672
34,seeqst_uniform,10,mean,1,40000,-4.3008,0.6713359549995772,0.6713359549995772
34,seeqst_uniform,10,mean,1,45000,-3.9594666666666667,1.0126692883329103,1.0126692883329103
34,seeqst_uniform,10,mean,1,50000,-4.05504,0.917095954999577,0.917095954999577
34,seeqst_binomial_q0.09091,10,mean,1,10,0.0,4.972135954999577,4.972135954999577
34,seeqst_binomial_q0.09091,10,mean,1,30,8.645808201370828,13.617944156370406,13.617944156370406
34,seeqst_binomial_q0.09091,10,mean,1,100,-2.593742460411248,2.378393494588329,2.378393494588329
34,seeqst_binomial_q0.09091,10,mean,1,300,-9.510389021507912,-4.538253066508335,4.538253066508335
34,seeqst_binomial_q0.09091,10,mean,1,1000,-4.149987936657998,0.8221480183415792,0.8221480183415792
34,seeqst_binomial_q0.09091,10,mean,1,3000,-3.7176975265894567,1.2544384284101202,1.2544384284101202
34,seeqst_binomial_q0.09091,10,mean,1,5000,-4.305612484282666,0.6665234707169105,0.6665234707169105
34,seeqst_binomial_q0.09091,10,mean,1,10000,-4.902173250177238,0.06996270482233857,0.06996270482233857
34,seeqst_binomial_q0.09091,10,mean,1,15000,-4.340195717088135,0.6319402379114418,0.6319402379114418
34,seeqst_binomial_q0.09091,10,mean,1,20000,-4.759517414854657,0.21261854014491988,0.21261854014491988
34,seeqst_binomial_q0.09091,10,mean,1,25000,-4.73098624779015,0.24114970720942708,0.24114970720942708
34,seeqst_binomial_q0.09091,10,mean,1,30000,-4.660090620538903,0.31204533446067373,0.31204533446067373
34,seeqst_binomial_q0.09091,10,mean,1,35000,-4.661325735996215,0.31081021900336214,0.31081021900336214
34,seeqst_binomial_q0.09091,10,mean,1,40000,-4.753033058703589,0.219102896295988,0.219102896295988
34,seeqst_binomial_q0.09091,10,mean,1,45000,-4.7609583828881625,0.2111775721114144,0.2111775721114144
34,seeqst_binomial_q0.09091,10,mean,1,50000,-4.7257987628692435,0.24633719213033345,0.24633719213033345
34,seeqst_binomial_q0.5,10,mean,1,10,-102.4,-97.42786404500043,97.42786404500043
34,seeqst_binomial_q0.5,10,mean,1,30,-34.13333333333333,-29.161197378333757,29.161197378333757
34,seeqst_binomial_q0.5,10,mean,1,100,-10.24,-5.267864045000423,5.267864045000423
34,seeqst_binomial_q0.5,10,mean,1,300,3.4133333333333336,8.38546928833291,8.38546928833291
34,seeqst_binomial_q0.5,10,mean,1,1000,-8.192,-3.2198640450004232,3.2198640450004232
34,seeqst_binomial_q0.5,10,mean,1,3000,-6.485333333333333,-1.5131973783337562,1.5131973783337562
34,seeqst_binomial_q0.5,10,mean,1,5000,-5.3248,-0.3526640450004228,0.3526640450004228
34,seeqst_binomial_q0.5,10,mean,1,10000,-5.5296,-0.5574640450004233,0.5574640450004233
34,seeqst_binomial_q0.5,10,mean,1,15000,-4.846933333333333,0.12520262166624363,0.12520262166624363
34,seeqst_binomial_q0.5,10,mean,1,20000,-4.5056,0.4665359549995767,0.4665359549995767
34,seeqst_binomial_q0.5,10,mean,1,25000,-4.9152,0.056935954999577376,0.056935954999577376
34,seeqst_binomial_q0.5,10,mean,1,30000,-4.881066666666666,0.0910692883329105,0.0910692883329105
34,seeqst_binomial_q0.5,10,mean,1,35000,-4.827428571428571,0.14470738357100554,0.14470738357100554
34,seeqst_binomial_q0.5,10,mean,1,40000,-4.6592,0.3129359549995767,0.3129359549995767
34,seeqst_binomial_q0.5,10,mean,1,45000,-4.960711111111111,0.011424843888465652,0.011424843888465652
34,seeqst_binomial_q0.5,10,mean,1,50000,-4.77184,0.20029595499957686,0.20029595499957686
34,seeqst_binomial_tuned,10,mean,1,10,-14.901161193847653,-9.929025238848077,9.929025238848077
34,seeqst_binomial_tuned,10,mean,1,30,0.0,4.972135954999577,4.972135954999577
34,seeqst_binomial_tuned,10,mean,1,100,1.4901161193847654,6.462252074384343,6.462252074384343
34,seeqst_binomial_tuned,10,mean,1,300,-1.9868214925130205,2.9853144624865564,2.9853144624865564
34,seeqst_binomial_tuned,10,mean,1,1000,-4.768371582031249,0.20376437296832783,0.20376437296832783
34,seeqst_binomial_tuned,10,mean,1,3000,-5.215406417846679,-0.24327046284710185,0.24327046284710185
34,seeqst_binomial_tuned,10,mean,1,5000,-5.125999450683593,-0.15386349568401592,0.15386349568401592
34,seeqst_binomial_tuned,10,mean,1,10000,-5.0961971282958975,-0.1240611732963206,0.1240611732963206
34,seeqst_binomial_tuned,10,mean,1,15000,-4.837910334269205,0.1342256207303718,0.1342256207303718
34,seeqst_binomial_tuned,10,mean,1,20000,-4.746019840240478,0.22611611475909932,0.22611611475909932
34,seeqst_binomial_tuned,10,mean,1,25000,-4.959106445312499,0.013029509687077834,0.013029509687077834
34,seeqst_binomial_tuned,10,mean,1,30000,-5.001823107401529,-0.02968715240195241,0.02968715240195241
34,seeqst_binomial_tuned,10,mean,1,35000,-5.091939653669084,-0.11980369866950724,0.11980369866950724
34,seeqst_binomial_tuned,10,mean,1,40000,-4.917383193969726,0.05475276102985127,0.05475276102985127
34,seeqst_binomial_tuned,10,mean,1,45000,-4.8677126566569004,0.1044232983426765,0.1044232983426765
34,seeqst_binomial_tuned,10,mean,1,50000,-4.842877388000487,0.12925856699908955,0.12925856699908955
35,pauli,10,mean,1,10,-4.7249999999999925,0.2471359549995844,0.2471359549995844
35,pauli,10,mean,1,30,-15.824999999999985,-10.852864045000409,10.852864045000409
35,pauli,10,mean,1,100,-10.709999999999994,-5.737864045000417,5.737864045000417
35,pauli,10,mean,1,300,-6.7799999999999985,-1.8078640450004215,1.8078640450004215
35,pauli,10,mean,1,1000,-2.4839999999999995,2.4881359549995774,2.4881359549995774
35,pauli,10,mean,1,3000,-4.985249999999998,-0.013114045000421015,0.013114045000421015
35,pauli,10,mean,1,5000,-5.886449999999998,-0.9143140450004212,0.9143140450004212
35,pauli,10,mean,1,10000,-4.433174999999999,0.5389609549995775,0.5389609549995775
35,pauli,10,mean,1,15000,-2.28165,2.690485954999577,2.690485954999577
35,pauli,10,mean,1,20000,-2.675025,2.2971109549995767,2.2971109549995767
35,pauli,10,mean,1,25000,-3.22767,1.7444659549995771,1.7444659549995771
35,pauli,10,mean,1,30000,-3.17145,1.8006859549995768,1.8006859549995768
35,pauli,10,mean,1,35000,-3.40065,1.5714859549995768,1.5714859549995768
35,pauli,10,mean,1,40000,-3.578175,1.393960954999577,1.393960954999577
35,pauli,10,mean,1,45000,-3.63775,1.334385954999577,1.334385954999577
35,pauli,10,mean,1,50000,-3.531735,1.440400954999577,1.440400954999577
35,clifford,10,mean,1,10,-25.624999999999932,-20.652864045000356,20.652864045000356
35,clifford,10,mean,1,30,-17.08333333333328,-12.111197378333703,12.111197378333703
35,clifford,10,mean,1,100,-15.374999999999938,-10.40286404500036,10.40286404500036
35,clifford,10,mean,1,300,-5.979166666666633,-1.0070307116670563,1.0070307116670563
35,clifford,10,mean,1,1000,-3.074999999999984,1.8971359549995928,1.8971359549995928
35,clifford,10,mean,1,3000,-3.5020833333333212,1.4700526216662557,1.4700526216662557
35,clifford,10,mean,1,5000,-3.177499999999993,1.7946359549995838,1.7946359549995838
35,clifford,10,mean,1,10000,-3.843749999999997,1.12838595499958,1.12838595499958
35,clifford,10,mean,1,15000,-3.7070833333333315,1.2650526216662454,1.2650526216662454
35,clifford,10,mean,1,20000,-4.112812499999999,0.8593234549995783,0.8593234549995783
35,clifford,10,mean,1,25000,-4.0692499999999985,0.9028859549995785,0.9028859549995785
35,clifford,10,mean,1,30000,-4.108541666666666,0.8635942883329113,0.8635942883329113
35,clifford,10,mean,1,35000,-4.290357142857142,0.6817788121424346,0.6817788121424346
35,clifford,10,mean,1,40000,-4.253749999999999,0.7183859549995777,0.7183859549995777
35,clifford,10,mean,1,45000,-4.208194444444444,0.7639415105551333,0.7639415105551333
35,clifford,10,mean,1,50000,-4.243499999999999,0.7286359549995778,0.7286359549995778
35,seeqst_uniform,10,mean,1,10,0.0,4.972135954999577,4.972135954999577
35,seeqst_uniform,10,mean,1,30,0.0,4.972135954999577,4.972135954999577
35,seeqst_uniform,10,mean,1,100,0.0,4.972135954999577,4.972135954999577
35,seeqst_uniform,10,mean,1,300,-3.4133333333333336,1.5588026216662434,1.5588026216662434
35,seeqst_uniform,10,mean,1,1000,-4.096,0.8761359549995769,0.8761359549995769
35,seeqst_uniform,10,mean,1,3000,-8.874666666666666,-3.9025307116670893,3.9025307116670893
35,seeqst_uniform,10,mean,1,5000,-5.3248,-0.3526640450004228,0.3526640450004228
35,seeqst_uniform,10,mean,1,10000,-6.0416,-1.069464045000423,1.069464045000423
35,seeqst_uniform,10,mean,1,15000,-6.144,-1.1718640450004232,1.1718640450004232
35,seeqst_uniform,10,mean,1,20000,-5.6832,-0.7110640450004233,0.7110640450004233
35,seeqst_uniform,10,mean,1,25000,-5.20192,-0.22978404500042338,0.22978404500042338
35,seeqst_uniform,10,mean,1,30000,-5.085866666666667,-0.11373071166709003,0.11373071166709003
35,seeqst_uniform,10,mean,1,35000,-4.827428571428571,0.14470738357100554,0.14470738357100554
35,seeqst_uniform,10,mean,1,40000,-4.736,0.23613595499957718,0.23613595499957718
35,seeqst_uniform,10,mean,1,45000,-4.824177777777778,0.14795817722179905,0.14795817722179905
35,seeqst_uniform,10,mean,1,50000,-4.73088,0.24125595499957697,0.24125595499957697
35,seeqst_binomial_q0.09091,10,mean,1,10,0.0,4.972135954999577,4.972135954999577
35,seeqst_binomial_q0.09091,10,mean,1,30,0.0,4.972135954999577,4.972135954999577
35,seeqst_binomial_q0.09091,10,mean,1,100,0.0,4.972135954999577,4.972135954999577
35,seeqst_binomial_q0.09091,10,mean,1,300,-5.187484920822497,-0.21534896582291996,0.21534896582291996
35,seeqst_binomial_q0.09091,10,mean,1,1000,-3.890613690616873,1.0815222643827038,1.0815222643827038
35,seeqst_binomial_q0.09091,10,mean,1,3000,-3.7176975265894567,1.2544384284101202,1.2544384284101202
35,seeqst_binomial_q0.09091,10,mean,1,5000,-3.1643658017017238,1.8077701532978532,1.8077701532978532
35,seeqst_binomial_q0.09091,10,mean,1,10000,-4.149987936657982,0.8221480183415952,0.8221480183415952
35,seeqst_binomial_q0.09091,10,mean,1,15000,-4.858944209170395,0.11319174582918201,0.11319174582918201
35,seeqst_binomial_q0.09091,10,mean,1,20000,-4.811392264062883,0.16074369093669372,0.16074369093669372
35,seeqst_binomial_q0.09091,10,mean,1,25000,-4.845110916048247,0.12702503895132988,0.12702503895132988
35,seeqst_binomial_q0.09091,10,mean,1,30000,-4.789777743559461,0.18235821144011588,0.18235821144011588
35,seeqst_binomial_q0.09091,10,mean,1,35000,-4.794718205388788,0.1774177496107887,0.1774177496107887
35,seeqst_binomial_q0.09091,10,mean,1,40000,-4.675220784891255,0.29691517010832236,0.29691517010832236
35,seeqst_binomial_q0.09091,10,mean,1,45000,-4.645680940203222,0.3264550147963545,0.3264550147963545
35,seeqst_binomial_q0.09091,10,mean,1,50000,-4.658361458898553,0.3137744961010238,0.3137744961010238
35,seeqst_binomial_q0.5,10,mean,1,10,0.0,4.972135954999577,4.972135954999577
35,seeqst_binomial_q0.5,10,mean,1,30,0.0,4.972135954999577,4.972135954999577
35,seeqst_binomial_q0.5,10,mean,1,100,0.0,4.972135954999577,4.972135954999577
35,seeqst_binomial_q0.5,10,mean,1,300,0.0,4.972135954999577,4.972135954999577
35,seeqst_binomial_q0.5,10,mean,1,1000,1.024,5.996135954999577,5.996135954999577
35,seeqst_binomial_q0.5,10,mean,1,3000,-3.072,1.9001359549995769,1.9001359549995769
35,seeqst_binomial_q0.5,10,mean,1,5000,-3.4816,1.4905359549995771,1.4905359549995771
35,seeqst_binomial_q0.5,10,mean,1,10000,-5.12,-0.14786404500042316,0.14786404500042316
35,seeqst_binomial_q0.5,10,mean,1,15000,-4.2325333333333335,0.7396026216662435,0.7396026216662435
35,seeqst_binomial_q0.5,10,mean,1,20000,-4.864,0.10813595499957707,0.10813595499957707
35,seeqst_binomial_q0.5,10,mean,1,25000,-4.7104,0.261735954999577,0.261735954999577
35,seeqst_binomial_q0.5,10,mean,1,30000,-4.437333333333333,0.5348026216662438,0.5348026216662438
35,seeqst_binomial_q0.5,10,mean,1,35000,-4.9152,0.056935954999577376,0.056935954999577376
35,seeqst_binomial_q0.5,10,mean,1,40000,-4.5824,0.38973595499957714,0.38973595499957714
35,seeqst_binomial_q0.5,10,mean,1,45000,-4.551111111111111,0.42102484388846584,0.42102484388846584
35,seeqst_binomial_q0.5,10,mean,1,50000,-4.83328,0.1388559549995767,0.1388559549995767
35,seeqst_binomial_tuned,10,mean,1,10,-14.901161193847653,-9.929025238848077,9.929025238848077
35,seeqst_binomial_tuned,10,mean,1,30,-14.901161193847653,-9.929025238848077,9.929025238848077
35,seeqst_binomial_tuned,10,mean,1,100,-4.470348358154296,0.501787596845281,0.501787596845281
35,seeqst_binomial_tuned,10,mean,1,300,-3.4769376118977857,1.4951983431017912,1.4951983431017912
35,seeqst_binomial_tuned,10,mean,1,1000,-3.278255462646484,1.693880492353093,1.693880492353093
35,seeqst_binomial_tuned,10,mean,1,3000,-4.8677126566569004,0.1044232983426765,0.1044232983426765
35,seeqst_binomial_tuned,10,mean,1,5000,-4.649162292480468,0.3229736625191091,0.3229736625191091
35,seeqst_binomial_tuned,10,mean,1,10000,-5.036592483520507,-0.06445652852092998,0.06445652852092998
35,seeqst_binomial_tuned,10,mean,1,15000,-5.046526590983072,-0.07439063598349538,0.07439063598349538
35,seeqst_binomial_tuned,10,mean,1,20000,-5.029141902923583,-0.05700594792400615,0.05700594792400615
35,seeqst_binomial_tuned,10,mean,1,25000,-5.084276199340819,-0.11214024434124248,0.11214024434124248
35,seeqst_binomial_tuned,10,mean,1,30000,-5.066394805908202,-0.09425885090862529,0.09425885090862529
35,seeqst_binomial_tuned,10,mean,1,35000,-4.959957940237862,0.012178014761714984,0.012178014761714984
35,seeqst_binomial_tuned,10,mean,1,40000,-5.044043064117431,-0.0719071091178538,0.0719071091178538
35,seeqst_binomial_tuned,10,mean,1,45000,-5.079640282524956,-0.10750432752537886,0.10750432752537886
35,seeqst_binomial_tuned,10,mean,1,50000,-5.167722702026366,-0.19558674702678935,0.19558674702678935
36,pauli,10,mean,1,10,-13.49999999999999,-8.527864045000413,8.527864045000413
36,pauli,10,mean,1,30,0.5999999999999992,5.572135954999576,5.572135954999576
36,pauli,10,mean,1,100,-3.0824999999999982,1.8896359549995787,1.8896359549995787
36,pauli,10,mean,1,300,-7.214999999999995,-2.2428640450004185,2.2428640450004185
36,pauli,10,mean,1,1000,-4.664249999999998,0.3078859549995787,0.3078859549995787
36,pauli,10,mean,1,3000,-8.478749999999998,-3.506614045000421,3.506614045000421
36,pauli,10,mean,1,5000,-6.972299999999999,-2.000164045000422,2.000164045000422
36,pauli,10,mean,1,10000,-6.16365,-1.1915140450004227,1.1915140450004227
36,pauli,10,mean,1,15000,-6.678149999999998,-1.7060140450004209,1.7060140450004209
36,pauli,10,mean,1,20000,-5.994787499999998,-1.0226515450004214,1.0226515450004214
36,pauli,10,mean,1,25000,-5.848649999999999,-0.8765140450004223,0.8765140450004223
36,pauli,10,mean,1,30000,-5.5074749999999995,-0.5353390450004225,0.5353390450004225
36,pauli,10,mean,1,35000,-5.619471428571428,-0.6473354735718511,0.6473354735718511
36,pauli,10,mean,1,40000,-5.508674999999999,-0.5365390450004224,0.5365390450004224
36,pauli,10,mean,1,45000,-5.410049999999999,-0.4379140450004222,0.4379140450004222
36,pauli,10,mean,1,50000,-5.316659999999999,-0.3445240450004219,0.3445240450004219
36,clifford,10,mean,1,10,25.624999999999822,30.5971359549994,30.5971359549994
36,clifford,10,mean,1,30,8.541666666666607,13.513802621666184,13.513802621666184
36,clifford,10,mean,1,100,-7.687499999999958,-2.7153640450003813,2.7153640450003813
36,clifford,10,mean,1,300,-9.3958333333333,-4.423697378333723,4.423697378333723
36,clifford,10,mean,1,1000,-4.868749999999979,0.1033859549995979,0.1033859549995979
36,clifford,10,mean,1,3000,-5.466666666666647,-0.4945307116670703,0.4945307116670703
36,clifford,10,mean,1,5000,-5.124999999999989,-0.1528640450004124,0.1528640450004124
36,clifford,10,mean,1,10000,-6.149999999999994,-1.1778640450004172,1.1778640450004172
36,clifford,10,mean,1,15000,-5.603333333333329,-0.6311973783337521,0.6311973783337521
36,clifford,10,mean,1,20000,-5.265937499999997,-0.2938015450004201,0.2938015450004201
36,clifford,10,mean,1,25000,-4.991749999999998,-0.019614045000420965,0.019614045000420965
36,clifford,10,mean,1,30000,-4.757708333333332,0.2144276216662453,0.2144276216662453
36,clifford,10,mean,1,35000,-4.678392857142856,0.29374309785672104,0.29374309785672104
36,clifford,10,mean,1,40000,-4.779062499999998,0.1930734549995785,0.1930734549995785
36,clifford,10,mean,1,45000,-4.8744444444444435,0.09769151055513348,0.09769151055513348
36,clifford,10,mean,1,50000,-4.827749999999999,0.14438595499957785,0.14438595499957785
36,seeqst_uniform,10,mean,1,10,-102.4,-97.42786404500043,97.42786404500043
36,seeqst_uniform,10,mean,1,30,-34.13333333333333,-29.161197378333757,29.161197378333757
36,seeqst_uniform,10,mean,1,100,-10.24,-5.267864045000423,5.267864045000423
36,seeqst_uniform,10,mean,1,300,-6.826666666666667,-1.8545307116670902,1.8545307116670902
36,seeqst_uniform,10,mean,1,1000,-6.144,-1.1718640450004232,1.1718640450004232
36,seeqst_uniform,10,mean,1,3000,-4.778666666666667,0.19346928833290988,0.19346928833290988
36,seeqst_uniform,10,mean,1,5000,-4.9152,0.056935954999577376,0.056935954999577376
36,seeqst_uniform,10,mean,1,10000,-3.6864,1.285735954999577,1.285735954999577
36,seeqst_uniform,10,mean,1,15000,-3.6864,1.285735954999577,1.285735954999577
36,seeqst_uniform,10,mean,1,20000,-4.864,0.10813595499957707,0.10813595499957707
36,seeqst_uniform,10,mean,1,25000,-4.79232,0.1798159549995768,0.1798159549995768
36,seeqst_uniform,10,mean,1,30000,-4.778666666666667,0.19346928833290988,0.19346928833290988
36,seeqst_uniform,10,mean,1,35000,-5.12,-0.14786404500042316,0.14786404500042316
36,seeqst_uniform,10,mean,1,40000,-5.2224,-0.25026404500042343,0.25026404500042343
36,seeqst_uniform,10,mean,1,45000,-5.211022222222223,-0.23888626722264572,0.23888626722264572
36,seeqst_uniform,10,mean,1,50000,-5.24288,-0.2707440450004235,0.2707440450004235
36,seeqst_binomial_q0.09091,10,mean,1,10,0.0,4.972135954999577,4.972135954999577
36,seeqst_binomial_q0.09091,10,mean,1,30,17.291616402741656,22.263752357741232,22.263752357741232
36,seeqst_binomial_q0.09091,10,mean,1,100,2.593742460411248,7.565878415410825,7.565878415410825
36,seeqst_binomial_q0.09091,10,mean,1,300,-4.322904100685414,0.6492318543141629,0.6492318543141629
36,seeqst_binomial_q0.09091,10,mean,1,1000,-3.890613690616873,1.0815222643827038,1.0815222643827038
36,seeqst_binomial_q0.09091,10,mean,1,3000,-4.668736428740249,0.3033995262593283,0.3033995262593283
36,seeqst_binomial_q0.09091,10,mean,1,5000,-5.861857960529405,-0.889722005529828,0.889722005529828
36,seeqst_binomial_q0.09091,10,mean,1,10000,-5.887795385133506,-0.9156594301339291,0.9156594301339291
36,seeqst_binomial_q0.09091,10,mean,1,15000,-5.273943002836203,-0.3018070478366264,0.3018070478366264
36,seeqst_binomial_q0.09091,10,mean,1,20000,-5.771076974415065,-0.798941019415488,0.798941019415488
36,seeqst_binomial_q0.09091,10,mean,1,25000,-5.96560765894589,-0.9934717039463132,0.9934717039463132
36,seeqst_binomial_q0.09091,10,mean,1,30000,-5.688941796501996,-0.7168058415024188,0.7168058415024188
36,seeqst_binomial_q0.09091,10,mean,1,35000,-5.684001334672614,-0.7118653796730374,0.7118653796730374
36,seeqst_binomial_q0.09091,10,mean,1,40000,-5.498734016071797,-0.5265980610722201,0.5265980610722201
36,seeqst_binomial_q0.09091,10,mean,1,45000,-5.406512061923829,-0.434376106924252,0.434376106924252
36,seeqst_binomial_q0.09091,10,mean,1,50000,-5.2860471343180535,-0.31391117931847656,0.31391117931847656
36,seeqst_binomial_q0.5,10,mean,1,10,0.0,4.972135954999577,4.972135954999577
36,seeqst_binomial_q0.5,10,mean,1,30,0.0,4.972135954999577,4.972135954999577
36,seeqst_binomial_q0.5,10,mean,1,100,-20.48,-15.507864045000424,15.507864045000424
36,seeqst_binomial_q0.5,10,mean,1,300,-13.653333333333334,-8.681197378333756,8.681197378333756
36,seeqst_binomial_q0.5,10,mean,1,1000,-8.192,-3.2198640450004232,3.2198640450004232
36,seeqst_binomial_q0.5,10,mean,1,3000,-5.461333333333333,-0.4891973783337562,0.4891973783337562
36,seeqst_binomial_q0.5,10,mean,1,5000,-4.7104,0.261735954999577,0.261735954999577
36,seeqst_binomial_q0.5,10,mean,1,10000,-4.5056,0.4665359549995767,0.4665359549995767
36,seeqst_binomial_q0.5,10,mean,1,15000,-4.7104,0.261735954999577,0.261735954999577
36,seeqst_binomial_q0.5,10,mean,1,20000,-4.6592,0.3129359549995767,0.3129359549995767
36,seeqst_binomial_q0.5,10,mean,1,25000,-4.42368,0.5484559549995769,0.5484559549995769
36,seeqst_binomial_q0.5,10,mean,1,30000,-4.744533333333333,0.2276026216662439,0.2276026216662439
36,seeqst_binomial_q0.5,10,mean,1,35000,-4.885942857142857,0.0861930978567198,0.0861930978567198
36,seeqst_binomial_q0.5,10,mean,1,40000,-5.1712,-0.19906404500042285,0.19906404500042285
36,seeqst_binomial_q0.5,10,mean,1,45000,-5.233777777777778,-0.26164182277820114,0.26164182277820114
36,seeqst_binomial_q0.5,10,mean,1,50000,-5.14048,-0.16834404500042321,0.16834404500042321
36,seeqst_binomial_tuned,10,mean,1,10,0.0,4.972135954999577,4.972135954999577
36,seeqst_binomial_tuned,10,mean,1,30,-4.967053731282551,0.0050822237170260465,0.0050822237170260465
36,seeqst_binomial_tuned,10,mean,1,100,-5.960464477539062,-0.9883285225394847,0.9883285225394847
36,seeqst_binomial_tuned,10,mean,1,300,-4.470348358154296,0.501787596845281,0.501787596845281
36,seeqst_binomial_tuned,10,mean,1,1000,-4.6193599700927725,0.3527759849068044,0.3527759849068044
36,seeqst_binomial_tuned,10,mean,1,3000,-4.768371582031249,0.20376437296832783,0.20376437296832783
36,seeqst_binomial_tuned,10,mean,1,5000,-5.0961971282958975,-0.1240611732963206,0.1240611732963206
36,seeqst_binomial_tuned,10,mean,1,10000,-5.2303075790405265,-0.2581716240409495,0.2581716240409495
36,seeqst_binomial_tuned,10,mean,1,15000,-5.424022674560546,-0.45188671956096904,0.45188671956096904
36,seeqst_binomial_tuned,10,mean,1,20000,-5.505979061126708,-0.5338431061271312,0.5338431061271312
36,seeqst_binomial_tuned,10,mean,1,25000,-5.388259887695312,-0.41612393269573467,0.41612393269573467
36,seeqst_binomial_tuned,10,mean,1,30000,-5.2998463312784825,-0.32771037627890554,0.32771037627890554
36,seeqst_binomial_tuned,10,mean,1,35000,-5.372932979038783,-0.40079702403920603,0.40079702403920603
36,seeqst_binomial_tuned,10,mean,1,40000,-5.386769771575927,-0.4146338165763499,0.4146338165763499
36,seeqst_binomial_tuned,10,mean,1,45000,-5.361106660630967,-0.38897070563139025,0.38897070563139025
36,seeqst_binomial_tuned,10,mean,1,50000,-5.361437797546386,-0.3893018425468089,0.3893018425468089
37,pauli,10,mean,1,10,-4.05,0.9221359549995771,0.9221359549995771
37,pauli,10,mean,1,30,-11.17499999999999,-6.202864045000413,6.202864045000413
37,pauli,10,mean,1,100,-6.772499999999996,-1.8003640450004195,1.8003640450004195
37,pauli,10,mean,1,300,-6.757499999999997,-1.7853640450004198,1.7853640450004198
37,pauli,10,mean,1,1000,-5.957999999999998,-0.9858640450004215,0.9858640450004215
37,pauli,10,mean,1,3000,-9.161999999999997,-4.18986404500042,4.18986404500042
37,pauli,10,mean,1,5000,-6.370649999999999,-1.3985140450004216,1.3985140450004216
37,pauli,10,mean,1,10000,-5.3363249999999995,-0.3641890450004226,0.3641890450004226
37,pauli,10,mean,1,15000,-4.669349999999999,0.30278595499957817,0.30278595499957817
37,pauli,10,mean,1,20000,-5.591474999999998,-0.6193390450004213,0.6193390450004213
37,pauli,10,mean,1,25000,-5.7591899999999985,-0.7870540450004215,0.7870540450004215
37,pauli,10,mean,1,30000,-5.840924999999999,-0.8687890450004216,0.8687890450004216
37,pauli,10,mean,1,35000,-5.677457142857142,-0.7053211878575647,0.7053211878575647
37,pauli,10,mean,1,40000,-5.38689375,-0.41475779500042265,0.41475779500042265
37,pauli,10,mean,1,45000,-5.27565,-0.3035140450004228,0.3035140450004228
37,pauli,10,mean,1,50000,-5.167484999999999,-0.19534904500042227,0.19534904500042227
37,clifford,10,mean,1,10,1.7562906804853435e-14,4.972135954999595,4.972135954999595
37,clifford,10,mean,1,30,-17.083333333333243,-12.111197378333667,12.111197378333667
37,clifford,10,mean,1,100,-5.124999999999987,-0.15286404500040973,0.15286404500040973
37,clifford,10,mean,1,300,-5.979166666666642,-1.0070307116670651,1.0070307116670651
37,clifford,10,mean,1,1000,-2.3062499999999906,2.6658859549995864,2.6658859549995864
37,clifford,10,mean,1,3000,-5.893749999999986,-0.9216140450004087,0.9216140450004087
37,clifford,10,mean,1,5000,-5.791249999999991,-0.819114045000414,0.819114045000414
37,clifford,10,mean,1,10000,-4.945624999999995,0.02651095499958167,0.02651095499958167
37,clifford,10,mean,1,15000,-4.749166666666663,0.22296928833291396,0.22296928833291396
37,clifford,10,mean,1,20000,-4.561249999999997,0.41088595499958025,0.41088595499958025
37,clifford,10,mean,1,25000,-4.591999999999998,0.3801359549995791,0.3801359549995791
37,clifford,10,mean,1,30000,-4.851666666666665,0.12046928833291215,0.12046928833291215
37,clifford,10,mean,1,35000,-4.81017857142857,0.16195738357100709,0.16195738357100709
37,clifford,10,mean,1,40000,-4.9264062499999985,0.0457297049995784,0.0457297049995784
37,clifford,10,mean,1,45000,-4.914305555555554,0.057830399444022795,0.057830399444022795
37,clifford,10,mean,1,50000,-4.817499999999999,0.15463595499957794,0.15463595499957794
37,seeqst_uniform,10,mean,1,10,0.0,4.972135954999577,4.972135954999577
37,seeqst_uniform,10,mean,1,30,0.0,4.972135954999577,4.972135954999577
37,seeqst_uniform,10,mean,1,100,0.0,4.972135954999577,4.972135954999577
37,seeqst_uniform,10,mean,1,300,-6.826666666666667,-1.8545307116670902,1.8545307116670902
37,seeqst_uniform,10,mean,1,1000,2.048,7.020135954999577,7.020135954999577
37,seeqst_uniform,10,mean,1,3000,-1.024,3.948135954999577,3.948135954999577
37,seeqst_uniform,10,mean,1,5000,-1.8432,3.128935954999577,3.128935954999577
37,seeqst_uniform,10,mean,1,10000,-2.6624,2.309735954999577,2.309735954999577
37,seeqst_uniform,10,mean,1,15000,-3.8912,1.080935954999577,1.080935954999577
37,seeqst_uniform,10,mean,1,20000,-4.3008,0.6713359549995772,0.6713359549995772
37,seeqst_uniform,10,mean,1,25000,-3.97312,0.9990159549995767,0.9990159549995767
37,seeqst_uniform,10,mean,1,30000,-3.9936,0.9785359549995771,0.9785359549995771
37,seeqst_uniform,10,mean,1,35000,-3.920457142857143,1.051678812142434,1.051678812142434
37,seeqst_uniform,10,mean,1,40000,-4.4544,0.5177359549995773,0.5177359549995773
37,seeqst_uniform,10,mean,1,45000,-4.4600888888888885,0.5120470661106884,0.5120470661106884
37,seeqst_uniform,10,mean,1,50000,-4.58752,0.38461595499957735,0.38461595499957735
37,seeqst_binomial_q0.09091,10,mean,1,10,-25.937424604112483,-20.965288649112907,20.965288649112907
37,seeqst_binomial_q0.09091,10,mean,1,30,-8.645808201370828,-3.6736722463712512,3.6736722463712512
37,seeqst_binomial_q0.09091,10,mean,1,100,-5.187484920822496,-0.21534896582291907,0.21534896582291907
37,seeqst_binomial_q0.09091,10,mean,1,300,-5.187484920822497,-0.21534896582291996,0.21534896582291996
37,seeqst_binomial_q0.09091,10,mean,1,1000,-6.743730397069247,-1.77159444206967,1.77159444206967
37,seeqst_binomial_q0.09091,10,mean,1,3000,-7.262478889151485,-2.2903429341519077,2.2903429341519077
37,seeqst_binomial_q0.09091,10,mean,1,5000,-5.758108262112955,-0.7859723071133784,0.7859723071133784
37,seeqst_binomial_q0.09091,10,mean,1,10000,-5.3690468930512605,-0.39691093805168354,0.39691093805168354
37,seeqst_binomial_q0.09091,10,mean,1,15000,-5.4122759340581394,-0.4401399790585625,0.4401399790585625
37,seeqst_binomial_q0.09091,10,mean,1,20000,-5.420921742259539,-0.4487857872599621,0.4487857872599621
37,seeqst_binomial_q0.09091,10,mean,1,25000,-5.291234619238989,-0.31909866423941224,0.31909866423941224
37,seeqst_binomial_q0.09091,10,mean,1,30000,-5.299880427440322,-0.3277444724407452,0.3277444724407452
37,seeqst_binomial_q0.09091,10,mean,1,35000,-5.3060560047269885,-0.3339200497274115,0.3339200497274115
37,seeqst_binomial_q0.09091,10,mean,1,40000,-5.375531249202267,-0.4033952942026904,0.4033952942026904
37,seeqst_binomial_q0.09091,10,mean,1,45000,-5.245123642164913,-0.27298768716533584,0.27298768716533584
37,seeqst_binomial_q0.09091,10,mean,1,50000,-5.2756721644764095,-0.3035362094768326,0.3035362094768326
37,seeqst_binomial_q0.5,10,mean,1,10,0.0,4.972135954999577,4.972135954999577
37,seeqst_binomial_q0.5,10,mean,1,30,-34.13333333333333,-29.161197378333757,29.161197378333757
37,seeqst_binomial_q0.5,10,mean,1,100,-10.24,-5.267864045000423,5.267864045000423
37,seeqst_binomial_q0.5,10,mean,1,300,-3.4133333333333336,1.5588026216662434,1.5588026216662434
37,seeqst_binomial_q0.5,10,mean,1,1000,-3.072,1.9001359549995769,1.9001359549995769
37,seeqst_binomial_q0.5,10,mean,1,3000,-4.096,0.8761359549995769,0.8761359549995769
37,seeqst_binomial_q0.5,10,mean,1,5000,-3.8912,1.080935954999577,1.080935954999577
37,seeqst_binomial_q0.5,10,mean,1,10000,-5.632,-0.6598640450004227,0.6598640450004227
37,seeqst_binomial_q0.5,10,mean,1,15000,-5.5296,-0.5574640450004233,0.5574640450004233
37,seeqst_binomial_q0.5,10,mean,1,20000,-5.3248,-0.3526640450004228,0.3526640450004228
37,seeqst_binomial_q0.5,10,mean,1,25000,-4.83328,0.1388559549995767,0.1388559549995767
37,seeqst_binomial_q0.5,10,mean,1,30000,-4.369066666666667,0.6030692883329101,0.6030692883329101
37,seeqst_binomial_q0.5,10,mean,1,35000,-4.768914285714286,0.20322166928529128,0.20322166928529128
37,seeqst_binomial_q0.5,10,mean,1,40000,-4.9152,0.056935954999577376,0.056935954999577376
37,seeqst_binomial_q0.5,10,mean,1,45000,-4.664888888888889,0.30724706611068786,0.30724706611068786
37,seeqst_binomial_q0.5,10,mean,1,50000,-4.54656,0.42557595499957657,0.42557595499957657
37,seeqst_binomial_tuned,10,mean,1,10,14.901161193847653,19.87329714884723,19.87329714884723
37,seeqst_binomial_tuned,10,mean,1,30,-4.967053731282551,0.0050822237170260465,0.0050822237170260465
37,seeqst_binomial_tuned,10,mean,1,100,-1.4901161193847647,3.482019835614812,3.482019835614812
37,seeqst_binomial_tuned,10,mean,1,300,-2.9802322387695304,1.9919037162300466,1.9919037162300466
37,seeqst_binomial_tuned,10,mean,1,1000,-4.6193599700927725,0.3527759849068044,0.3527759849068044
37,seeqst_binomial_tuned,10,mean,1,3000,-6.4571698506673165,-1.4850338956677396,1.4850338956677396
37,seeqst_binomial_tuned,10,mean,1,5000,-5.513429641723632,-0.541293686724055,0.541293686724055
37,seeqst_binomial_tuned,10,mean,1,10000,-4.678964614868163,0.29317134013141377,0.29317134013141377
37,seeqst_binomial_tuned,10,mean,1,15000,-4.579623540242512,0.3925124147570651,0.3925124147570651
37,seeqst_binomial_tuned,10,mean,1,20000,-4.656612873077392,0.31552308192218526,0.31552308192218526
37,seeqst_binomial_tuned,10,mean,1,25000,-4.440546035766601,0.5315899192329763,0.5315899192329763
37,seeqst_binomial_tuned,10,mean,1,30000,-4.445513089497883,0.526622865501694,0.526622865501694
37,seeqst_binomial_tuned,10,mean,1,35000,-4.623617444719586,0.34851851027999103,0.34851851027999103
37,seeqst_binomial_tuned,10,mean,1,40000,-4.746019840240478,0.22611611475909932,0.22611611475909932
37,seeqst_binomial_tuned,10,mean,1,45000,-4.768371582031249,0.20376437296832783,0.20376437296832783
37,seeqst_binomial_tuned,10,mean,1,50000,-4.845857620239257,0.12627833476032002,0.12627833476032002
38,pauli,10,mean,1,10,3.8249999999999944,8.797135954999572,8.797135954999572
38,pauli,10,mean,1,30,-12.974999999999989,-8.002864045000411,8.002864045000411
38,pauli,10,mean,1,100,6.434999999999995,11.407135954999571,11.407135954999571
38,pauli,10,mean,1,300,-2.1975,2.774635954999577,2.774635954999577
38,pauli,10,mean,1,1000,-5.152499999999998,-0.18036404500042114,0.18036404500042114
38,pauli,10,mean,1,3000,-9.830999999999996,-4.858864045000419,4.858864045000419
38,pauli,10,mean,1,5000,-9.284399999999996,-4.312264045000419,4.312264045000419
38,pauli,10,mean,1,10000,-7.095599999999998,-2.1234640450004214,2.1234640450004214
38,pauli,10,mean,1,15000,-6.424199999999999,-1.452064045000422,1.452064045000422
38,pauli,10,mean,1,20000,-6.281437499999999,-1.3093015450004222,1.3093015450004222
38,pauli,10,mean,1,25000,-5.734259999999999,-0.7621240450004221,0.7621240450004221
38,pauli,10,mean,1,30000,-5.623499999999999,-0.6513640450004221,0.6513640450004221
38,pauli,10,mean,1,35000,-5.406878571428571,-0.43474261642899403,0.43474261642899403
38,pauli,10,mean,1,40000,-5.499956249999999,-0.5278202950004225,0.5278202950004225
38,pauli,10,mean,1,45000,-5.664949999999999,-0.6928140450004223,0.6928140450004223
38,pauli,10,mean,1,50000,-5.514074999999999,-0.5419390450004222,0.5419390450004222
38,clifford,10,mean,1,10,-51.249999999999865,-46.277864045000285,46.277864045000285
38,clifford,10,mean,1,30,-25.624999999999904,-20.652864045000328,20.652864045000328
38,clifford,10,mean,1,100,-7.687499999999961,-2.715364045000384,2.715364045000384
38,clifford,10,mean,1,300,-6.833333333333309,-1.861197378333732,1.861197378333732
38,clifford,10,mean,1,1000,-9.73749999999997,-4.765364045000394,4.765364045000394
38,clifford,10,mean,1,3000,-7.516666666666651,-2.5445307116670737,2.5445307116670737
38,clifford,10,mean,1,5000,-6.816249999999989,-1.8441140450004117,1.8441140450004117
38,clifford,10,mean,1,10000,-6.457499999999994,-1.4853640450004173,1.4853640450004173
38,clifford,10,mean,1,15000,-5.39833333333333,-0.42619737833375293,0.42619737833375293
38,clifford,10,mean,1,20000,-4.766249999999997,0.20588595499958018,0.20588595499958018
38,clifford,10,mean,1,25000,-4.561249999999998,0.41088595499957936,0.41088595499957936
38,clifford,10,mean,1,30000,-4.826041666666665,0.14609428833291194,0.14609428833291194
38,clifford,10,mean,1,35000,-4.949285714285713,0.02285024071386399,0.02285024071386399
38,clifford,10,mean,1,40000,-5.0417187499999985,-0.06958279500042153,0.06958279500042153
38,clifford,10,mean,1,45000,-4.863055555555555,0.10908039944402237,0.10908039944402237
38,clifford,10,mean,1,50000,-4.894374999999999,0.07776095499957769,0.07776095499957769
38,seeqst_uniform,10,mean,1,10,0.0,4.972135954999577,4.972135954999577
38,seeqst_uniform,10,mean,1,30,0.0,4.972135954999577,4.972135954999577
38,seeqst_uniform,10,mean,1,100,-10.24,-5.267864045000423,5.267864045000423
38,seeqst_uniform,10,mean,1,300,-13.653333333333334,-8.681197378333756,8.681197378333756
38,seeqst_uniform,10,mean,1,1000,-3.072,1.9001359549995769,1.9001359549995769
38,seeqst_uniform,10,mean,1,3000,-8.192,-3.2198640450004232,3.2198640450004232
38,seeqst_uniform,10,mean,1,5000,-5.12,-0.14786404500042316,0.14786404500042316
38,seeqst_uniform,10,mean,1,10000,-4.3008,0.6713359549995772,0.6713359549995772
38,seeqst_uniform,10,mean,1,15000,-4.7104,0.261735954999577,0.261735954999577
38,seeqst_uniform,10,mean,1,20000,-4.9152,0.056935954999577376,0.056935954999577376
38,seeqst_uniform,10,mean,1,25000,-4.87424,0.0978959549995766,0.0978959549995766
38,seeqst_uniform,10,mean,1,30000,-5.5296,-0.5574640450004233,0.5574640450004233
38,seeqst_uniform,10,mean,1,35000,-5.558857142857143,-0.5867211878575658,0.5867211878575658
38,seeqst_uniform,10,mean,1,40000,-5.248,-0.2758640450004233,0.2758640450004233
38,seeqst_uniform,10,mean,1,45000,-5.506844444444445,-0.5347084894448679,0.5347084894448679
38,seeqst_uniform,10,mean,1,50000,-5.50912,-0.5369840450004233,0.5369840450004233
38,seeqst_binomial_q0.09091,10,mean,1,10,-25.937424604112483,-20.965288649112907,20.965288649112907
38,seeqst_binomial_q0.09091,10,mean,1,30,-25.937424604112483,-20.965288649112907,20.965288649112907
38,seeqst_binomial_q0.09091,10,mean,1,100,-15.56245476246749,-10.590318807467913,10.590318807467913
38,seeqst_binomial_q0.09091,10,mean,1,300,-12.104131481919161,-7.131995526919584,7.131995526919584
38,seeqst_binomial_q0.09091,10,mean,1,1000,-7.0031046431103725,-2.0309686881107956,2.0309686881107956
38,seeqst_binomial_q0.09091,10,mean,1,3000,-5.533317248877331,-0.5611812938777536,0.5611812938777536
38,seeqst_binomial_q0.09091,10,mean,1,5000,-5.3431094684471585,-0.37097351344758156,0.37097351344758156
38,seeqst_binomial_q0.09091,10,mean,1,10000,-5.680295988300608,-0.7081600333010307,0.7081600333010307
38,seeqst_binomial_q0.09091,10,mean,1,15000,-5.1529016880170095,-0.1807657330174326,0.1807657330174326
38,seeqst_binomial_q0.09091,10,mean,1,20000,-5.0448290854999005,-0.07269313050032356,0.07269313050032356
38,seeqst_binomial_q0.09091,10,mean,1,25000,-4.679111398581924,0.29302455641765324,0.29302455641765324
38,seeqst_binomial_q0.09091,10,mean,1,30000,-4.7033196615457555,0.2688162934538214,0.2688162934538214
38,seeqst_binomial_q0.09091,10,mean,1,35000,-4.861414440085075,0.110721514914502,0.110721514914502
38,seeqst_binomial_q0.09091,10,mean,1,40000,-5.148578783916291,-0.1764428289167137,0.1764428289167137
38,seeqst_binomial_q0.09091,10,mean,1,45000,-5.124082327345725,-0.15194637234614827,0.15194637234614827
38,seeqst_binomial_q0.09091,10,mean,1,50000,-5.104485162089273,-0.1323492070896961,0.1323492070896961
38,seeqst_binomial_q0.5,10,mean,1,10,0.0,4.972135954999577,4.972135954999577
38,seeqst_binomial_q0.5,10,mean,1,30,0.0,4.972135954999577,4.972135954999577
38,seeqst_binomial_q0.5,10,mean,1,100,-10.24,-5.267864045000423,5.267864045000423
38,seeqst_binomial_q0.5,10,mean,1,300,0.0,4.972135954999577,4.972135954999577
38,seeqst_binomial_q0.5,10,mean,1,1000,3.072,8.044135954999577,8.044135954999577
38,seeqst_binomial_q0.5,10,mean,1,3000,-2.048,2.924135954999577,2.924135954999577
38,seeqst_binomial_q0.5,10,mean,1,5000,-2.4576,2.514535954999577,2.514535954999577
38,seeqst_binomial_q0.5,10,mean,1,10000,-1.536,3.436135954999577,3.436135954999577
38,seeqst_binomial_q0.5,10,mean,1,15000,-2.9354666666666667,2.0366692883329103,2.0366692883329103
38,seeqst_binomial_q0.5,10,mean,1,20000,-3.4304,1.5417359549995768,1.5417359549995768
38,seeqst_binomial_q0.5,10,mean,1,25000,-3.64544,1.3266959549995772,1.3266959549995772
38,seeqst_binomial_q0.5,10,mean,1,30000,-3.925333333333333,1.0468026216662438,1.0468026216662438
38,seeqst_binomial_q0.5,10,mean,1,35000,-3.627885714285714,1.3442502407138628,1.3442502407138628
38,seeqst_binomial_q0.5,10,mean,1,40000,-3.8656,1.1065359549995768,1.1065359549995768
38,seeqst_binomial_q0.5,10,mean,1,45000,-3.5498666666666665,1.4222692883329104,1.4222692883329104
38,seeqst_binomial_q0.5,10,mean,1,50000,-3.66592,1.306215954999577,1.306215954999577
38,seeqst_binomial_tuned,10,mean,1,10,0.0,4.972135954999577,4.972135954999577
38,seeqst_binomial_tuned,10,mean,1,30,0.0,4.972135954999577,4.972135954999577
38,seeqst_binomial_tuned,10,mean,1,100,-5.960464477539062,-0.9883285225394847,0.9883285225394847
38,seeqst_binomial_tuned,10,mean,1,300,-7.947285970052082,-2.975150015052505,2.975150015052505
38,seeqst_binomial_tuned,10,mean,1,1000,-4.917383193969726,0.05475276102985127,0.05475276102985127
38,seeqst_binomial_tuned,10,mean,1,3000,-4.420677820841471,0.5514581341581062,0.5514581341581062
38,seeqst_binomial_tuned,10,mean,1,5000,-4.053115844726562,0.9190201102730153,0.9190201102730153
38,seeqst_binomial_tuned,10,mean,1,10000,-4.336237907409667,0.6358980475899099,0.6358980475899099
38,seeqst_binomial_tuned,10,mean,1,15000,-5.006790161132812,-0.034654206133234666,0.034654206133234666
38,seeqst_binomial_tuned,10,mean,1,20000,-5.111098289489745,-0.13896233449016826,0.13896233449016826
38,seeqst_binomial_tuned,10,mean,1,25000,-5.0961971282958975,-0.1240611732963206,0.1240611732963206
38,seeqst_binomial_tuned,10,mean,1,30000,-5.190571149190266,-0.2184351941906888,0.2184351941906888
38,seeqst_binomial_tuned,10,mean,1,35000,-5.125999450683593,-0.15386349568401592,0.15386349568401592
38,seeqst_binomial_tuned,10,mean,1,40000,-5.107372999191283,-0.13523704419170635,0.13523704419170635
38,seeqst_binomial_tuned,10,mean,1,45000,-5.023347006903753,-0.05121105190417641,0.05121105190417641
38,seeqst_binomial_tuned,10,mean,1,50000,-5.084276199340819,-0.11214024434124248,0.11214024434124248
39,pauli,10,mean,1,10,-15.749999999999991,-10.777864045000413,10.777864045000413
39,pauli,10,mean,1,30,-1.8000000000000007,3.1721359549995762,3.1721359549995762
39,pauli,10,mean,1,100,-3.622499999999998,1.3496359549995791,1.3496359549995791
39,pauli,10,mean,1,300,-5.129999999999998,-0.15786404500042117,0.15786404500042117
39,pauli,10,mean,1,1000,-4.59225,0.379885954999577,0.379885954999577
39,pauli,10,mean,1,3000,-3.5797500000000007,1.3923859549995763,1.3923859549995763
39,pauli,10,mean,1,5000,-3.38355,1.5885859549995769,1.5885859549995769
39,pauli,10,mean,1,10000,-4.75785,0.2142859549995766,0.2142859549995766
39,pauli,10,mean,1,15000,-6.338249999999999,-1.3661140450004217,1.3661140450004217
39,pauli,10,mean,1,20000,-6.437924999999999,-1.465789045000422,1.465789045000422
39,pauli,10,mean,1,25000,-5.746499999999999,-0.7743640450004223,0.7743640450004223
39,pauli,10,mean,1,30000,-5.729849999999999,-0.757714045000422,0.757714045000422
39,pauli,10,mean,1,35000,-5.194607142857142,-0.2224711878575647,0.2224711878575647
39,pauli,10,mean,1,40000,-5.7642187499999995,-0.7920827950004226,0.7920827950004226
39,pauli,10,mean,1,45000,-5.862349999999998,-0.8902140450004215,0.8902140450004215
39,pauli,10,mean,1,50000,-5.769989999999999,-0.7978540450004221,0.7978540450004221
39,clifford,10,mean,1,10,25.624999999999925,30.5971359549995,30.5971359549995
39,clifford,10,mean,1,30,-8.541666666666641,-3.5695307116670643,3.5695307116670643
39,clifford,10,mean,1,100,-7.687499999999975,-2.715364045000398,2.715364045000398
39,clifford,10,mean,1,300,-10.249999999999963,-5.277864045000386,5.277864045000386
39,clifford,10,mean,1,1000,-6.9187499999999735,-1.9466140450003966,1.9466140450003966
39,clifford,10,mean,1,3000,-7.089583333333317,-2.1174473783337397,2.1174473783337397
39,clifford,10,mean,1,5000,-5.381249999999988,-0.40911404500041115,0.40911404500041115
39,clifford,10,mean,1,10000,-5.329999999999994,-0.3578640450004169,0.3578640450004169
39,clifford,10,mean,1,15000,-5.278749999999995,-0.3066140450004182,0.3066140450004182
39,clifford,10,mean,1,20000,-4.8046874999999964,0.1674484549995805,0.1674484549995805
39,clifford,10,mean,1,25000,-4.755999999999997,0.21613595499958027,0.21613595499958027
39,clifford,10,mean,1,30000,-4.766249999999997,0.20588595499958018,0.20588595499958018
39,clifford,10,mean,1,35000,-4.685714285714283,0.28642166928529367,0.28642166928529367
39,clifford,10,mean,1,40000,-4.631718749999997,0.3404172049995795,0.3404172049995795
39,clifford,10,mean,1,45000,-4.623888888888887,0.34824706611069,0.34824706611069
39,clifford,10,mean,1,50000,-4.673999999999999,0.29813595499957835,0.29813595499957835
39,seeqst_uniform,10,mean,1,10,0.0,4.972135954999577,4.972135954999577
39,seeqst_uniform,10,mean,1,30,0.0,4.972135954999577,4.972135954999577
39,seeqst_uniform,10,mean,1,100,0.0,4.972135954999577,4.972135954999577
39,seeqst_uniform,10,mean,1,300,-3.4133333333333336,1.5588026216662434,1.5588026216662434
39,seeqst_uniform,10,mean,1,1000,2.048,7.020135954999577,7.020135954999577
39,seeqst_uniform,10,mean,1,3000,-3.072,1.9001359549995769,1.9001359549995769
39,seeqst_uniform,10,mean,1,5000,-3.4816,1.4905359549995771,1.4905359549995771
39,seeqst_uniform,10,mean,1,10000,-7.0656,-2.093464045000423,2.093464045000423
39,seeqst_uniform,10,mean,1,15000,-5.802666666666667,-0.8305307116670901,0.8305307116670901
39,seeqst_uniform,10,mean,1,20000,-5.2224,-0.25026404500042343,0.25026404500042343
39,seeqst_uniform,10,mean,1,25000,-5.24288,-0.2707440450004235,0.2707440450004235
39,seeqst_uniform,10,mean,1,30000,-4.949333333333334,0.02280262166624336,0.02280262166624336
39,seeqst_uniform,10,mean,1,35000,-4.944457142857143,0.02767881214243406,0.02767881214243406
39,seeqst_uniform,10,mean,1,40000,-5.0176,-0.04546404500042289,0.04546404500042289
39,seeqst_uniform,10,mean,1,45000,-4.960711111111111,0.011424843888465652,0.011424843888465652
39,seeqst_uniform,10,mean,1,50000,-4.77184,0.20029595499957686,0.20029595499957686
39,seeqst_binomial_q0.09091,10,mean,1,10,-25.937424604112483,-20.965288649112907,20.965288649112907
39,seeqst_binomial_q0.09091,10,mean,1,30,-8.645808201370828,-3.6736722463712512,3.6736722463712512
39,seeqst_binomial_q0.09091,10,mean,1,100,0.0,4.972135954999577,4.972135954999577
39,seeqst_binomial_q0.09091,10,mean,1,300,-1.7291616402741654,3.2429743147254113,3.2429743147254113
39,seeqst_binomial_q0.09091,10,mean,1,1000,-4.149987936657998,0.8221480183415792,0.8221480183415792
39,seeqst_binomial_q0.09091,10,mean,1,3000,-3.8906136906168736,1.0815222643827034,1.0815222643827034
39,seeqst_binomial_q0.09091,10,mean,1,5000,-4.928110674781362,0.04402528021821528,0.04402528021821528
39,seeqst_binomial_q0.09091,10,mean,1,10000,-4.824360976364901,0.1477749786346756,0.1477749786346756
39,seeqst_binomial_q0.09091,10,mean,1,15000,-5.0664436060033,-0.09430765100372263,0.09430765100372263
39,seeqst_binomial_q0.09091,10,mean,1,20000,-4.811392264062883,0.16074369093669372,0.16074369093669372
39,seeqst_binomial_q0.09091,10,mean,1,25000,-4.907360735098118,0.06477521990145885,0.06477521990145885
39,seeqst_binomial_q0.09091,10,mean,1,30000,-4.919464866580019,0.05267108841955803,0.05267108841955803
39,seeqst_binomial_q0.09091,10,mean,1,35000,-4.876235825573139,0.09590012942643789,0.09590012942643789
39,seeqst_binomial_q0.09091,10,mean,1,40000,-4.759517414854617,0.21261854014495984,0.21261854014495984
39,seeqst_binomial_q0.09091,10,mean,1,45000,-4.7263751500826805,0.24576080491689645,0.24576080491689645
39,seeqst_binomial_q0.09091,10,mean,1,50000,-4.82954846128569,0.14258749371388735,0.14258749371388735
39,seeqst_binomial_q0.5,10,mean,1,10,102.4,107.37213595499958,107.37213595499958
39,seeqst_binomial_q0.5,10,mean,1,30,34.13333333333333,39.10546928833291,39.10546928833291
39,seeqst_binomial_q0.5,10,mean,1,100,20.48,25.452135954999576,25.452135954999576
39,seeqst_binomial_q0.5,10,mean,1,300,-10.24,-5.267864045000423,5.267864045000423
39,seeqst_binomial_q0.5,10,mean,1,1000,-3.072,1.9001359549995769,1.9001359549995769
39,seeqst_binomial_q0.5,10,mean,1,3000,-6.826666666666667,-1.8545307116670902,1.8545307116670902
39,seeqst_binomial_q0.5,10,mean,1,5000,-7.168,-2.195864045000423,2.195864045000423
39,seeqst_binomial_q0.5,10,mean,1,10000,-7.9872,-3.0150640450004227,3.0150640450004227
39,seeqst_binomial_q0.5,10,mean,1,15000,-6.485333333333333,-1.5131973783337562,1.5131973783337562
39,seeqst_binomial_q0.5,10,mean,1,20000,-6.0928,-1.1206640450004235,1.1206640450004235
39,seeqst_binomial_q0.5,10,mean,1,25000,-5.48864,-0.5165040450004232,0.5165040450004232
39,seeqst_binomial_q0.5,10,mean,1,30000,-5.563733333333333,-0.5915973783337565,0.5915973783337565
39,seeqst_binomial_q0.5,10,mean,1,35000,-5.5296,-0.5574640450004233,0.5574640450004233
39,seeqst_binomial_q0.5,10,mean,1,40000,-5.0432,-0.07106404500042274,0.07106404500042274
39,seeqst_binomial_q0.5,10,mean,1,45000,-5.097244444444445,-0.12510848944486774,0.12510848944486774
39,seeqst_binomial_q0.5,10,mean,1,50000,-5.14048,-0.16834404500042321,0.16834404500042321
39,seeqst_binomial_tuned,10,mean,1,10,0.0,4.972135954999577,4.972135954999577
39,seeqst_binomial_tuned,10,mean,1,30,0.0,4.972135954999577,4.972135954999577
39,seeqst_binomial_tuned,10,mean,1,100,0.0,4.972135954999577,4.972135954999577
39,seeqst_binomial_tuned,10,mean,1,300,-1.4901161193847652,3.4820198356148118,3.4820198356148118
39,seeqst_binomial_tuned,10,mean,1,1000,-5.066394805908202,-0.09425885090862529,0.09425885090862529
39,seeqst_binomial_tuned,10,mean,1,3000,-4.8677126566569004,0.1044232983426765,0.1044232983426765
39,seeqst_binomial_tuned,10,mean,1,5000,-5.304813385009765,-0.3326774300101878,0.3326774300101878
39,seeqst_binomial_tuned,10,mean,1,10000,-5.468726158142089,-0.496590203142512,0.496590203142512
39,seeqst_binomial_tuned,10,mean,1,15000,-5.443890889485676,-0.47175493448609895,0.47175493448609895
39,seeqst_binomial_tuned,10,mean,1,20000,-5.379319190979003,-0.4071832359794261,0.4071832359794261
39,seeqst_binomial_tuned,10,mean,1,25000,-5.310773849487304,-0.33863789448772685,0.33863789448772685
39,seeqst_binomial_tuned,10,mean,1,30000,-5.33461570739746,-0.3624797523978831,0.3624797523978831
39,seeqst_binomial_tuned,10,mean,1,35000,-5.270753587995256,-0.2986176329956791,0.2986176329956791
39,seeqst_binomial_tuned,10,mean,1,40000,-5.245208740234374,-0.27307278523479717,0.27307278523479717
39,seeqst_binomial_tuned,10,mean,1,45000,-5.202160941229925,-0.23002498623034828,0.23002498623034828
39,seeqst_binomial_tuned,10,mean,1,50000,-5.20944595336914,-0.2373099983695628,0.2373099983695628
40,pauli,10,mean,1,10,6.524999999999993,11.497135954999571,11.497135954999571
40,pauli,10,mean,1,30,-7.424999999999995,-2.4528640450004184,2.4528640450004184
40,pauli,10,mean,1,100,-6.0749999999999975,-1.1028640450004206,1.1028640450004206
40,pauli,10,mean,1,300,-3.5624999999999987,1.4096359549995783,1.4096359549995783
40,pauli,10,mean,1,1000,-4.146749999999999,0.8253859549995779,0.8253859549995779
40,pauli,10,mean,1,3000,-4.887,0.08513595499957738,0.08513595499957738
40,pauli,10,mean,1,5000,-6.06105,-1.0889140450004229,1.0889140450004229
40,pauli,10,mean,1,10000,-4.948875,0.02326095499957681,0.02326095499957681
40,pauli,10,mean,1,15000,-5.9853,-1.0131640450004227,1.0131640450004227
40,pauli,10,mean,1,20000,-5.235075,-0.2629390450004232,0.2629390450004232
40,pauli,10,mean,1,25000,-4.60512,0.3670159549995766,0.3670159549995766
40,pauli,10,mean,1,30000,-4.465575,0.5065609549995767,0.5065609549995767
40,pauli,10,mean,1,35000,-4.334014285714286,0.6381216692852911,0.6381216692852911
40,pauli,10,mean,1,40000,-4.40589375,0.5662422049995772,0.5662422049995772
40,pauli,10,mean,1,45000,-4.5645,0.40763595499957717,0.40763595499957717
40,pauli,10,mean,1,50000,-4.590585,0.38155095499957703,0.38155095499957703
40,clifford,10,mean,1,10,-25.62499999999983,-20.652864045000253,20.652864045000253
40,clifford,10,mean,1,30,-25.624999999999893,-20.652864045000317,20.652864045000317
40,clifford,10,mean,1,100,-17.937499999999922,-12.965364045000346,12.965364045000346
40,clifford,10,mean,1,300,-11.104166666666611,-6.132030711667034,6.132030711667034
40,clifford,10,mean,1,1000,-11.018749999999955,-6.046614045000378,6.046614045000378
40,clifford,10,mean,1,3000,-4.270833333333322,0.7013026216662546,0.7013026216662546
40,clifford,10,mean,1,5000,-3.536249999999995,1.435885954999582,1.435885954999582
40,clifford,10,mean,1,10000,-3.8437499999999964,1.1283859549995805,1.1283859549995805
40,clifford,10,mean,1,15000,-5.056666666666664,-0.08453071166708703,0.08453071166708703
40,clifford,10,mean,1,20000,-4.5740624999999975,0.39807345499957947,0.39807345499957947
40,clifford,10,mean,1,25000,-4.591999999999998,0.3801359549995791,0.3801359549995791
40,clifford,10,mean,1,30000,-4.433124999999998,0.5390109549995792,0.5390109549995792
40,clifford,10,mean,1,35000,-4.488035714285712,0.4841002407138646,0.4841002407138646
40,clifford,10,mean,1,40000,-4.465156249999999,0.5069797049995781,0.5069797049995781
40,clifford,10,mean,1,45000,-4.680833333333332,0.29130262166624465,0.29130262166624465
40,clifford,10,mean,1,50000,-4.653499999999998,0.31863595499957853,0.31863595499957853
40,seeqst_uniform,10,mean,1,10,0.0,4.972135954999577,4.972135954999577
40,seeqst_uniform,10,mean,1,30,-34.13333333333333,-29.161197378333757,29.161197378333757
40,seeqst_uniform,10,mean,1,100,-30.72,-25.747864045000423,25.747864045000423
40,seeqst_uniform,10,mean,1,300,-10.24,-5.267864045000423,5.267864045000423
40,seeqst_uniform,10,mean,1,1000,-9.216,-4.243864045000422,4.243864045000422
40,seeqst_uniform,10,mean,1,3000,-9.557333333333334,-4.585197378333757,4.585197378333757
40,seeqst_uniform,10,mean,1,5000,-7.7824,-2.810264045000423,2.810264045000423
40,seeqst_uniform,10,mean,1,10000,-6.8608,-1.8886640450004233,1.8886640450004233
40,seeqst_uniform,10,mean,1,15000,-6.3488,-1.3766640450004228,1.3766640450004228
40,seeqst_uniform,10,mean,1,20000,-5.632,-0.6598640450004227,0.6598640450004227
40,seeqst_uniform,10,mean,1,25000,-5.40672,-0.434584045000423,0.434584045000423
40,seeqst_uniform,10,mean,1,30000,-5.2565333333333335,-0.28439737833375656,0.28439737833375656
40,seeqst_uniform,10,mean,1,35000,-5.178514285714286,-0.2063783307147089,0.2063783307147089
40,seeqst_uniform,10,mean,1,40000,-4.8896,0.08253595499957722,0.08253595499957722
40,seeqst_uniform,10,mean,1,45000,-4.824177777777778,0.14795817722179905,0.14795817722179905
40,seeqst_uniform,10,mean,1,50000,-4.9152,0.056935954999577376,0.056935954999577376
40,seeqst_binomial_q0.09091,10,mean,1,10,0.0,4.972135954999577,4.972135954999577
40,seeqst_binomial_q0.09091,10,mean,1,30,0.0,4.972135954999577,4.972135954999577
40,seeqst_binomial_q0.09091,10,mean,1,100,-2.593742460411248,2.378393494588329,2.378393494588329
40,seeqst_binomial_q0.09091,10,mean,1,300,-5.187484920822497,-0.21534896582291996,0.21534896582291996
40,seeqst_binomial_q0.09091,10,mean,1,1000,-4.409362182699123,0.5627737723004538,0.5627737723004538
40,seeqst_binomial_q0.09091,10,mean,1,3000,-4.928110674781373,0.04402528021820373,0.04402528021820373
40,seeqst_binomial_q0.09091,10,mean,1,5000,-5.23935977003071,-0.2672238150311328,0.2672238150311328
40,seeqst_binomial_q0.09091,10,mean,1,10000,-5.784045686717057,-0.8119097317174804,0.8119097317174804
40,seeqst_binomial_q0.09091,10,mean,1,15000,-5.58519209808556,-0.6130561430859833,0.6130561430859833
40,seeqst_binomial_q0.09091,10,mean,1,20000,-5.291234619238974,-0.31909866423939715,0.31909866423939715
40,seeqst_binomial_q0.09091,10,mean,1,25000,-5.426109227180369,-0.4539732721807921,0.4539732721807921
40,seeqst_binomial_q0.09091,10,mean,1,30000,-5.126964263412911,-0.15482830841333417,0.15482830841333417
40,seeqst_binomial_q0.09091,10,mean,1,35000,-5.024449680453777,-0.052313725454199655,0.052313725454199655
40,seeqst_binomial_q0.09091,10,mean,1,40000,-4.876235825573119,0.09590012942645831,0.09590012942645831
40,seeqst_binomial_q0.09091,10,mean,1,45000,-4.905055186244338,0.06708076875523883,0.06708076875523883
40,seeqst_binomial_q0.09091,10,mean,1,50000,-4.860673370810623,0.1114625841889536,0.1114625841889536
40,seeqst_binomial_q0.5,10,mean,1,10,0.0,4.972135954999577,4.972135954999577
40,seeqst_binomial_q0.5,10,mean,1,30,34.13333333333333,39.10546928833291,39.10546928833291
40,seeqst_binomial_q0.5,10,mean,1,100,10.24,15.212135954999578,15.212135954999578
40,seeqst_binomial_q0.5,10,mean,1,300,0.0,4.972135954999577,4.972135954999577
40,seeqst_binomial_q0.5,10,mean,1,1000,-2.048,2.924135954999577,2.924135954999577
40,seeqst_binomial_q0.5,10,mean,1,3000,-8.192,-3.2198640450004232,3.2198640450004232
40,seeqst_binomial_q0.5,10,mean,1,5000,-7.5776,-2.6054640450004234,2.6054640450004234
40,seeqst_binomial_q0.5,10,mean,1,10000,-5.632,-0.6598640450004227,0.6598640450004227
40,seeqst_binomial_q0.5,10,mean,1,15000,-6.075733333333333,-1.103597378333756,1.103597378333756
40,seeqst_binomial_q0.5,10,mean,1,20000,-6.4512,-1.479064045000423,1.479064045000423
40,seeqst_binomial_q0.5,10,mean,1,25000,-6.5536,-1.5814640450004234,1.5814640450004234
40,seeqst_binomial_q0.5,10,mean,1,30000,-6.178133333333333,-1.2059973783337563,1.2059973783337563
40,seeqst_binomial_q0.5,10,mean,1,35000,-6.056228571428571,-1.0840926164289941,1.0840926164289941
40,seeqst_binomial_q0.5,10,mean,1,40000,-5.7088,-0.7366640450004232,0.7366640450004232
40,seeqst_binomial_q0.5,10,mean,1,45000,-5.8254222222222225,-0.8532862672226456,0.8532862672226456
40,seeqst_binomial_q0.5,10,mean,1,50000,-5.75488,-0.782744045000423,0.782744045000423
40,seeqst_binomial_tuned,10,mean,1,10,-14.901161193847653,-9.929025238848077,9.929025238848077
40,seeqst_binomial_tuned,10,mean,1,30,-14.901161193847653,-9.929025238848077,9.929025238848077
40,seeqst_binomial_tuned,10,mean,1,100,-4.470348358154296,0.501787596845281,0.501787596845281
40,seeqst_binomial_tuned,10,mean,1,300,-9.437402089436848,-4.465266134437271,4.465266134437271
40,seeqst_binomial_tuned,10,mean,1,1000,-7.450580596923827,-2.4784446419242503,2.4784446419242503
40,seeqst_binomial_tuned,10,mean,1,3000,-5.513429641723632,-0.541293686724055,0.541293686724055
40,seeqst_binomial_tuned,10,mean,1,5000,-4.82797622680664,0.1441597281929372,0.1441597281929372
40,seeqst_binomial_tuned,10,mean,1,10000,-4.544854164123534,0.4272817908760427,0.4272817908760427
40,seeqst_binomial_tuned,10,mean,1,15000,-4.7783056894938145,0.19383026550576243,0.19383026550576243
40,seeqst_binomial_tuned,10,mean,1,20000,-4.760921001434325,0.21121495356525166,0.21121495356525166
40,seeqst_binomial_tuned,10,mean,1,25000,-4.768371582031249,0.20376437296832783,0.20376437296832783
40,seeqst_binomial_tuned,10,mean,1,30000,-5.011757214864094,-0.03962125986451692,0.03962125986451692
40,seeqst_binomial_tuned,10,mean,1,35000,-5.1089695521763385,-0.13683359717676158,0.13683359717676158
40,seeqst_binomial_tuned,10,mean,1,40000,-5.193054676055907,-0.22091872105633037,0.22091872105633037
40,seeqst_binomial_tuned,10,mean,1,45000,-5.222029156155056,-0.24989320115547908,0.24989320115547908
40,seeqst_binomial_tuned,10,mean,1,50000,-5.215406417846679,-0.24327046284710185,0.24327046284710185
41,pauli,10,mean,1,10,-8.774999999999997,-3.80286404500042,3.80286404500042
41,pauli,10,mean,1,30,-6.074999999999998,-1.1028640450004215,1.1028640450004215
41,pauli,10,mean,1,100,-3.3524999999999987,1.6196359549995782,1.6196359549995782
41,pauli,10,mean,1,300,-0.5925000000000015,4.379635954999576,4.379635954999576
41,pauli,10,mean,1,1000,-4.268249999999999,0.7038859549995777,0.7038859549995777
41,pauli,10,mean,1,3000,-3.7724999999999995,1.1996359549995774,1.1996359549995774
41,pauli,10,mean,1,5000,-3.6458999999999993,1.3262359549995777,1.3262359549995777
41,pauli,10,mean,1,10000,-4.460399999999999,0.5117359549995779,0.5117359549995779
41,pauli,10,mean,1,15000,-4.052099999999999,0.9200359549995776,0.9200359549995776
41,pauli,10,mean,1,20000,-4.155637499999999,0.8164984549995777,0.8164984549995777
41,pauli,10,mean,1,25000,-4.269329999999999,0.7028059549995778,0.7028059549995778
41,pauli,10,mean,1,30000,-4.523024999999999,0.4491109549995782,0.4491109549995782
41,pauli,10,mean,1,35000,-4.388014285714285,0.5841216692852917,0.5841216692852917
41,pauli,10,mean,1,40000,-4.468106249999999,0.5040297049995779,0.5040297049995779
41,pauli,10,mean,1,45000,-4.534649999999999,0.43748595499957776,0.43748595499957776
41,pauli,10,mean,1,50000,-4.5756,0.3965359549995773,0.3965359549995773
41,clifford,10,mean,1,10,25.624999999999925,30.5971359549995,30.5971359549995
41,clifford,10,mean,1,30,-8.541666666666641,-3.5695307116670643,3.5695307116670643
41,clifford,10,mean,1,100,2.5624999999999964,7.534635954999573,7.534635954999573
41,clifford,10,mean,1,300,-9.395833333333298,-4.4236973783337215,4.4236973783337215
41,clifford,10,mean,1,1000,-7.431249999999969,-2.4591140450003923,2.4591140450003923
41,clifford,10,mean,1,3000,-7.089583333333314,-2.117447378333737,2.117447378333737
41,clifford,10,mean,1,5000,-5.5349999999999895,-0.5628640450004125,0.5628640450004125
41,clifford,10,mean,1,10000,-4.817499999999995,0.15463595499958238,0.15463595499958238
41,clifford,10,mean,1,15000,-4.919999999999996,0.05213595499958057,0.05213595499958057
41,clifford,10,mean,1,20000,-4.625312499999997,0.3468234549995799,0.3468234549995799
41,clifford,10,mean,1,25000,-4.673999999999998,0.29813595499957923,0.29813595499957923
41,clifford,10,mean,1,30000,-4.655208333333332,0.31692762166624533,0.31692762166624533
41,clifford,10,mean,1,35000,-4.868749999999999,0.10338595499957837,0.10338595499957837
41,clifford,10,mean,1,40000,-4.919999999999998,0.05213595499957879,0.05213595499957879
41,clifford,10,mean,1,45000,-4.709305555555554,0.26283039944402287,0.26283039944402287
41,clifford,10,mean,1,50000,-4.735499999999999,0.2366359549995778,0.2366359549995778
41,seeqst_uniform,10,mean,1,10,0.0,4.972135954999577,4.972135954999577
41,seeqst_uniform,10,mean,1,30,0.0,4.972135954999577,4.972135954999577
41,seeqst_uniform,10,mean,1,100,-10.24,-5.267864045000423,5.267864045000423
41,seeqst_uniform,10,mean,1,300,0.0,4.972135954999577,4.972135954999577
41,seeqst_uniform,10,mean,1,1000,-1.024,3.948135954999577,3.948135954999577
41,seeqst_uniform,10,mean,1,3000,-2.048,2.924135954999577,2.924135954999577
41,seeqst_uniform,10,mean,1,5000,-3.2768,1.6953359549995768,1.6953359549995768
41,seeqst_uniform,10,mean,1,10000,-6.5536,-1.5814640450004234,1.5814640450004234
41,seeqst_uniform,10,mean,1,15000,-6.212266666666666,-1.2401307116670894,1.2401307116670894
41,seeqst_uniform,10,mean,1,20000,-5.7344,-0.762264045000423,0.762264045000423
41,seeqst_uniform,10,mean,1,25000,-5.5296,-0.5574640450004233,0.5574640450004233
41,seeqst_uniform,10,mean,1,30000,-5.3248,-0.3526640450004228,0.3526640450004228
41,seeqst_uniform,10,mean,1,35000,-5.207771428571428,-0.23563547357185133,0.23563547357185133
41,seeqst_uniform,10,mean,1,40000,-4.9664,0.005735954999576798,0.005735954999576798
41,seeqst_uniform,10,mean,1,45000,-5.006222222222222,-0.034086267222645183,0.034086267222645183
41,seeqst_uniform,10,mean,1,50000,-4.79232,0.1798159549995768,0.1798159549995768
41,seeqst_binomial_q0.09091,10,mean,1,10,0.0,4.972135954999577,4.972135954999577
41,seeqst_binomial_q0.09091,10,mean,1,30,0.0,4.972135954999577,4.972135954999577
41,seeqst_binomial_q0.09091,10,mean,1,100,0.0,4.972135954999577,4.972135954999577
41,seeqst_binomial_q0.09091,10,mean,1,300,-0.8645808201370827,4.107555134862494,4.107555134862494
41,seeqst_binomial_q0.09091,10,mean,1,1000,-8.559350119357122,-3.587214164357545,3.587214164357545
41,seeqst_binomial_q0.09091,10,mean,1,3000,-6.5708142330418235,-1.5986782780422466,1.5986782780422466
41,seeqst_binomial_q0.09091,10,mean,1,5000,-5.706233412904731,-0.734097457905154,0.734097457905154
41,seeqst_binomial_q0.09091,10,mean,1,10000,-5.602483714488271,-0.6303477594886937,0.6303477594886937
41,seeqst_binomial_q0.09091,10,mean,1,15000,-4.858944209170395,0.11319174582918201,0.11319174582918201
41,seeqst_binomial_q0.09091,10,mean,1,20000,-4.889204537875222,0.08293141712435492,0.08293141712435492
41,seeqst_binomial_q0.09091,10,mean,1,25000,-4.855485885889892,0.116650069109685,0.116650069109685
41,seeqst_binomial_q0.09091,10,mean,1,30000,-4.78113193535809,0.19100401964148706,0.19100401964148706
41,seeqst_binomial_q0.09091,10,mean,1,35000,-4.794718205388788,0.1774177496107887,0.1774177496107887
41,seeqst_binomial_q0.09091,10,mean,1,40000,-4.668736428740226,0.3033995262593505,0.3033995262593505
41,seeqst_binomial_q0.09091,10,mean,1,45000,-4.8531803370361155,0.11895561796346144,0.11895561796346144
41,seeqst_binomial_q0.09091,10,mean,1,50000,-4.689486368423487,0.2826495865760901,0.2826495865760901
41,seeqst_binomial_q0.5,10,mean,1,10,0.0,4.972135954999577,4.972135954999577
41,seeqst_binomial_q0.5,10,mean,1,30,0.0,4.972135954999577,4.972135954999577
41,seeqst_binomial_q0.5,10,mean,1,100,0.0,4.972135954999577,4.972135954999577
41,seeqst_binomial_q0.5,10,mean,1,300,-6.826666666666667,-1.8545307116670902,1.8545307116670902
41,seeqst_binomial_q0.5,10,mean,1,1000,1.024,5.996135954999577,5.996135954999577
41,seeqst_binomial_q0.5,10,mean,1,3000,-2.048,2.924135954999577,2.924135954999577
41,seeqst_binomial_q0.5,10,mean,1,5000,-2.8672,2.104935954999577,2.104935954999577
41,seeqst_binomial_q0.5,10,mean,1,10000,-4.096,0.8761359549995769,0.8761359549995769
41,seeqst_binomial_q0.5,10,mean,1,15000,-4.164266666666666,0.8078692883329106,0.8078692883329106
41,seeqst_binomial_q0.5,10,mean,1,20000,-4.3008,0.6713359549995772,0.6713359549995772
41,seeqst_binomial_q0.5,10,mean,1,25000,-4.83328,0.1388559549995767,0.1388559549995767
41,seeqst_binomial_q0.5,10,mean,1,30000,-4.642133333333334,0.3300026216662433,0.3300026216662433
41,seeqst_binomial_q0.5,10,mean,1,35000,-4.6811428571428575,0.29099309785671945,0.29099309785671945
41,seeqst_binomial_q0.5,10,mean,1,40000,-4.7872,0.1849359549995766,0.1849359549995766
41,seeqst_binomial_q0.5,10,mean,1,45000,-5.006222222222222,-0.034086267222645183,0.034086267222645183
41,seeqst_binomial_q0.5,10,mean,1,50000,-5.07904,-0.10690404500042305,0.10690404500042305
41,seeqst_binomial_tuned,10,mean,1,10,14.901161193847653,19.87329714884723,19.87329714884723
41,seeqst_binomial_tuned,10,mean,1,30,0.0,4.972135954999577,4.972135954999577
41,seeqst_binomial_tuned,10,mean,1,100,0.0,4.972135954999577,4.972135954999577
41,seeqst_binomial_tuned,10,mean,1,300,-4.470348358154296,0.501787596845281,0.501787596845281
41,seeqst_binomial_tuned,10,mean,1,1000,-5.215406417846679,-0.24327046284710185,0.24327046284710185
41,seeqst_binomial_tuned,10,mean,1,3000,-4.8677126566569004,0.1044232983426765,0.1044232983426765
41,seeqst_binomial_tuned,10,mean,1,5000,-4.917383193969726,0.05475276102985127,0.05475276102985127
41,seeqst_binomial_tuned,10,mean,1,10000,-5.275011062622069,-0.3028751076224925,0.3028751076224925
41,seeqst_binomial_tuned,10,mean,1,15000,-4.798173904418944,0.17396205058063252,0.17396205058063252
41,seeqst_binomial_tuned,10,mean,1,20000,-4.835426807403564,0.13670914759601338,0.13670914759601338
41,seeqst_binomial_tuned,10,mean,1,25000,-4.9948692321777335,-0.02273327717815654,0.02273327717815654
41,seeqst_binomial_tuned,10,mean,1,30000,-5.175669987996418,-0.20353403299684114,0.20353403299684114
41,seeqst_binomial_tuned,10,mean,1,35000,-5.338873182024273,-0.36673722702469647,0.36673722702469647
41,seeqst_binomial_tuned,10,mean,1,40000,-5.155801773071288,-0.18366581807171123,0.18366581807171123
41,seeqst_binomial_tuned,10,mean,1,45000,-5.0498379601372605,-0.07770200513768355,0.07770200513768355
41,seeqst_binomial_tuned,10,mean,1,50000,-5.075335502624511,-0.10319954762493389,0.10319954762493389
42,pauli,10,mean,1,10,-14.849999999999985,-9.877864045000408,9.877864045000408
42,pauli,10,mean,1,30,-6.074999999999994,-1.102864045000417,1.102864045000417
42,pauli,10,mean,1,100,-8.414999999999997,-3.4428640450004204,3.4428640450004204
42,pauli,10,mean,1,300,12.562499999999995,17.534635954999573,17.534635954999573
42,pauli,10,mean,1,1000,0.8392499999999977,5.811385954999575,5.811385954999575
42,pauli,10,mean,1,3000,0.04124999999999856,5.013385954999576,5.013385954999576
42,pauli,10,mean,1,5000,-2.3004000000000007,2.6717359549995763,2.6717359549995763
42,pauli,10,mean,1,10000,-2.981925,1.990210954999577,1.990210954999577
42,pauli,10,mean,1,15000,-3.3312,1.640935954999577,1.640935954999577
42,pauli,10,mean,1,20000,-3.8502,1.1219359549995769,1.1219359549995769
42,pauli,10,mean,1,25000,-4.54545,0.4266859549995772,0.4266859549995772
42,pauli,10,mean,1,30000,-4.576425,0.39571095499957654,0.39571095499957654
42,pauli,10,mean,1,35000,-4.504307142857143,0.4678288121424341,0.4678288121424341
42,pauli,10,mean,1,40000,-4.72426875,0.2478672049995767,0.2478672049995767
42,pauli,10,mean,1,45000,-5.02215,-0.050014045000422946,0.050014045000422946
42,pauli,10,mean,1,50000,-5.03163,-0.05949404500042288,0.05949404500042288
42,clifford,10,mean,1,10,-25.624999999999908,-20.65286404500033,20.65286404500033
42,clifford,10,mean,1,30,2.5304266795543143e-15,4.97213595499958,4.97213595499958
42,clifford,10,mean,1,100,2.3305801732931285e-14,4.9721359549996,4.9721359549996
42,clifford,10,mean,1,300,-3.416666666666646,1.5554692883329309,1.5554692883329309
42,clifford,10,mean,1,1000,-5.381249999999977,-0.4091140450004005,0.4091140450004005
42,clifford,10,mean,1,3000,-6.0645833333333155,-1.0924473783337385,1.0924473783337385
42,clifford,10,mean,1,5000,-4.509999999999988,0.4621359549995887,0.4621359549995887
42,clifford,10,mean,1,10000,-5.765624999999992,-0.7934890450004151,0.7934890450004151
42,clifford,10,mean,1,15000,-5.517916666666661,-0.5457807116670841,0.5457807116670841
42,clifford,10,mean,1,20000,-5.650312499999996,-0.6781765450004187,0.6781765450004187
42,clifford,10,mean,1,25000,-5.565749999999997,-0.5936140450004199,0.5936140450004199
42,clifford,10,mean,1,30000,-5.184791666666664,-0.21265571166708686,0.21265571166708686
42,clifford,10,mean,1,35000,-5.26410714285714,-0.2919711878575635,0.2919711878575635
42,clifford,10,mean,1,40000,-5.041718749999998,-0.06958279500042064,0.06958279500042064
42,clifford,10,mean,1,45000,-5.085138888888887,-0.11300293388930971,0.11300293388930971
42,clifford,10,mean,1,50000,-5.165999999999999,-0.19386404500042165,0.19386404500042165
42,seeqst_uniform,10,mean,1,10,102.4,107.37213595499958,107.37213595499958
42,seeqst_uniform,10,mean,1,30,0.0,4.972135954999577,4.972135954999577
42,seeqst_uniform,10,mean,1,100,0.0,4.972135954999577,4.972135954999577
42,seeqst_uniform,10,mean,1,300,-3.4133333333333336,1.5588026216662434,1.5588026216662434
42,seeqst_uniform,10,mean,1,1000,1.024,5.996135954999577,5.996135954999577
42,seeqst_uniform,10,mean,1,3000,-0.6826666666666666,4.28946928833291,4.28946928833291
42,seeqst_uniform,10,mean,1,5000,-2.048,2.924135954999577,2.924135954999577
42,seeqst_uniform,10,mean,1,10000,-2.8672,2.104935954999577,2.104935954999577
42,seeqst_uniform,10,mean,1,15000,-3.4133333333333336,1.5588026216662434,1.5588026216662434
42,seeqst_uniform,10,mean,1,20000,-4.0448,0.9273359549995766,0.9273359549995766
42,seeqst_uniform,10,mean,1,25000,-3.85024,1.121895954999577,1.121895954999577
42,seeqst_uniform,10,mean,1,30000,-3.7888,1.1833359549995768,1.1833359549995768
42,seeqst_uniform,10,mean,1,35000,-3.5401142857142855,1.4320216692852914,1.4320216692852914
42,seeqst_uniform,10,mean,1,40000,-3.8656,1.1065359549995768,1.1065359549995768
42,seeqst_uniform,10,mean,1,45000,-4.369066666666667,0.6030692883329101,0.6030692883329101
42,seeqst_uniform,10,mean,1,50000,-4.4032,0.5689359549995769,0.5689359549995769
42,seeqst_binomial_q0.09091,10,mean,1,10,0.0,4.972135954999577,4.972135954999577
42,seeqst_binomial_q0.09091,10,mean,1,30,0.0,4.972135954999577,4.972135954999577
42,seeqst_binomial_q0.09091,10,mean,1,100,-7.7812273812337445,-2.8090914262341675,2.8090914262341675
42,seeqst_binomial_q0.09091,10,mean,1,300,-5.187484920822497,-0.21534896582291996,0.21534896582291996
42,seeqst_binomial_q0.09091,10,mean,1,1000,-4.409362182699123,0.5627737723004538,0.5627737723004538
42,seeqst_binomial_q0.09091,10,mean,1,3000,-5.360401084849915,-0.3882651298503381,0.3882651298503381
42,seeqst_binomial_q0.09091,10,mean,1,5000,-5.23935977003071,-0.2672238150311328,0.2672238150311328
42,seeqst_binomial_q0.09091,10,mean,1,10000,-4.4871744565114415,0.4849614984881354,0.4849614984881354
42,seeqst_binomial_q0.09091,10,mean,1,15000,-4.513111881115554,0.4590240738840228,0.4590240738840228
42,seeqst_binomial_q0.09091,10,mean,1,20000,-4.590924154927922,0.38121180007165467,0.38121180007165467
42,seeqst_binomial_q0.09091,10,mean,1,25000,-4.865860855731538,0.10627509926803924,0.10627509926803924
42,seeqst_binomial_q0.09091,10,mean,1,30000,-5.101026838808799,-0.12889088380922242,0.12889088380922242
42,seeqst_binomial_q0.09091,10,mean,1,35000,-5.217127691798606,-0.24499173679902864,0.24499173679902864
42,seeqst_binomial_q0.09091,10,mean,1,40000,-5.129125715463207,-0.1569897604636301,0.1569897604636301
42,seeqst_binomial_q0.09091,10,mean,1,45000,-5.09526296667449,-0.1231270116749128,0.1231270116749128
42,seeqst_binomial_q0.09091,10,mean,1,50000,-5.042235343039405,-0.07009938803982774,0.07009938803982774
42,seeqst_binomial_q0.5,10,mean,1,10,0.0,4.972135954999577,4.972135954999577
42,seeqst_binomial_q0.5,10,mean,1,30,0.0,4.972135954999577,4.972135954999577
42,seeqst_binomial_q0.5,10,mean,1,100,0.0,4.972135954999577,4.972135954999577
42,seeqst_binomial_q0.5,10,mean,1,300,-6.826666666666667,-1.8545307116670902,1.8545307116670902
42,seeqst_binomial_q0.5,10,mean,1,1000,-4.096,0.8761359549995769,0.8761359549995769
42,seeqst_binomial_q0.5,10,mean,1,3000,-6.144,-1.1718640450004232,1.1718640450004232
42,seeqst_binomial_q0.5,10,mean,1,5000,-6.144,-1.1718640450004232,1.1718640450004232
42,seeqst_binomial_q0.5,10,mean,1,10000,-5.2224,-0.25026404500042343,0.25026404500042343
42,seeqst_binomial_q0.5,10,mean,1,15000,-5.2565333333333335,-0.28439737833375656,0.28439737833375656
42,seeqst_binomial_q0.5,10,mean,1,20000,-5.12,-0.14786404500042316,0.14786404500042316
42,seeqst_binomial_q0.5,10,mean,1,25000,-5.07904,-0.10690404500042305,0.10690404500042305
42,seeqst_binomial_q0.5,10,mean,1,30000,-5.154133333333333,-0.1819973783337563,0.1819973783337563
42,seeqst_binomial_q0.5,10,mean,1,35000,-5.266285714285714,-0.29414975928613707,0.29414975928613707
42,seeqst_binomial_q0.5,10,mean,1,40000,-5.12,-0.14786404500042316,0.14786404500042316
42,seeqst_binomial_q0.5,10,mean,1,45000,-5.165511111111111,-0.193375156111534,0.193375156111534
42,seeqst_binomial_q0.5,10,mean,1,50000,-5.36576,-0.3936240450004229,0.3936240450004229
42,seeqst_binomial_tuned,10,mean,1,10,0.0,4.972135954999577,4.972135954999577
42,seeqst_binomial_tuned,10,mean,1,30,-9.934107462565102,-4.961971507565525,4.961971507565525
42,seeqst_binomial_tuned,10,mean,1,100,-7.450580596923827,-2.4784446419242503,2.4784446419242503
42,seeqst_binomial_tuned,10,mean,1,300,-6.4571698506673165,-1.4850338956677396,1.4850338956677396
42,seeqst_binomial_tuned,10,mean,1,1000,-3.87430191040039,1.0978340445991868,1.0978340445991868
42,seeqst_binomial_tuned,10,mean,1,3000,-4.768371582031249,0.20376437296832783,0.20376437296832783
42,seeqst_binomial_tuned,10,mean,1,5000,-5.33461570739746,-0.3624797523978831,0.3624797523978831
42,seeqst_binomial_tuned,10,mean,1,10000,-4.693865776062011,0.2782701789375661,0.2782701789375661
42,seeqst_binomial_tuned,10,mean,1,15000,-4.986921946207682,-0.014785991208104754,0.014785991208104754
42,seeqst_binomial_tuned,10,mean,1,20000,-5.148351192474364,-0.1762152374747874,0.1762152374747874
42,seeqst_binomial_tuned,10,mean,1,25000,-5.26905059814453,-0.2969146431449534,0.2969146431449534
42,seeqst_binomial_tuned,10,mean,1,30000,-5.260109901428222,-0.2879739464286448,0.2879739464286448
42,seeqst_binomial_tuned,10,mean,1,35000,-5.313328334263392,-0.3411923792638154,0.3411923792638154
42,seeqst_binomial_tuned,10,mean,1,40000,-5.323439836502074,-0.35130388150249736,0.35130388150249736
42,seeqst_binomial_tuned,10,mean,1,45000,-5.188915464613172,-0.2167795096135947,0.2167795096135947
42,seeqst_binomial_tuned,10,mean,1,50000,-5.14388084411621,-0.1717448891166331,0.1717448891166331
43,pauli,10,mean,1,10,-9.674999999999992,-4.702864045000415,4.702864045000415
43,pauli,10,mean,1,30,-5.999999999999997,-1.0278640450004204,1.0278640450004204
43,pauli,10,mean,1,100,-3.6674999999999986,1.3046359549995783,1.3046359549995783
43,pauli,10,mean,1,300,-3.8024999999999993,1.1696359549995776,1.1696359549995776
43,pauli,10,mean,1,1000,-4.207499999999999,0.7646359549995783,0.7646359549995783
43,pauli,10,mean,1,3000,-2.20275,2.769385954999577,2.769385954999577
43,pauli,10,mean,1,5000,-2.0119499999999997,2.9601859549995773,2.9601859549995773
43,pauli,10,mean,1,10000,-4.357574999999999,0.6145609549995781,0.6145609549995781
43,pauli,10,mean,1,15000,-4.928699999999999,0.04343595499957775,0.04343595499957775
43,pauli,10,mean,1,20000,-4.374674999999999,0.597460954999578,0.597460954999578
43,pauli,10,mean,1,25000,-4.455539999999999,0.5165959549995778,0.5165959549995778
43,pauli,10,mean,1,30000,-4.265325,0.7068109549995771,0.7068109549995771
43,pauli,10,mean,1,35000,-4.369692857142856,0.602443097856721,0.602443097856721
43,pauli,10,mean,1,40000,-4.260937499999999,0.711198454999578,0.711198454999578
43,pauli,10,mean,1,45000,-4.375249999999999,0.5968859549995775,0.5968859549995775
43,pauli,10,mean,1,50000,-4.5279,0.44423595499957713,0.44423595499957713
43,clifford,10,mean,1,10,1.3160129864349168e-15,4.972135954999578,4.972135954999578
43,clifford,10,mean,1,30,8.541666666666641,13.513802621666219,13.513802621666219
43,clifford,10,mean,1,100,-5.124999999999977,-0.15286404500039996,0.15286404500039996
43,clifford,10,mean,1,300,-3.4166666666666585,1.5554692883329184,1.5554692883329184
43,clifford,10,mean,1,1000,-5.89374999999998,-0.9216140450004033,0.9216140450004033
43,clifford,10,mean,1,3000,-4.612499999999989,0.3596359549995878,0.3596359549995878
43,clifford,10,mean,1,5000,-4.356249999999993,0.6158859549995839,0.6158859549995839
43,clifford,10,mean,1,10000,-5.022499999999996,-0.050364045000419466,0.050364045000419466
43,clifford,10,mean,1,15000,-4.7833333333333306,0.1888026216662464,0.1888026216662464
43,clifford,10,mean,1,20000,-4.984062499999998,-0.011926545000420674,0.011926545000420674
43,clifford,10,mean,1,25000,-4.550999999999998,0.42113595499957857,0.42113595499957857
43,clifford,10,mean,1,30000,-4.663749999999998,0.3083859549995793,0.3083859549995793
43,clifford,10,mean,1,35000,-4.6637499999999985,0.30838595499957844,0.30838595499957844
43,clifford,10,mean,1,40000,-4.458749999999998,0.5133859549995785,0.5133859549995785
43,clifford,10,mean,1,45000,-4.538472222222221,0.43366373277735626,0.43366373277735626
43,clifford,10,mean,1,50000,-4.730374999999999,0.24176095499957828,0.24176095499957828
43,seeqst_uniform,10,mean,1,10,0.0,4.972135954999577,4.972135954999577
43,seeqst_uniform,10,mean,1,30,0.0,4.972135954999577,4.972135954999577
43,seeqst_uniform,10,mean,1,100,-30.72,-25.747864045000423,25.747864045000423
43,seeqst_uniform,10,mean,1,300,-13.653333333333334,-8.681197378333756,8.681197378333756
43,seeqst_uniform,10,mean,1,1000,-8.192,-3.2198640450004232,3.2198640450004232
43,seeqst_uniform,10,mean,1,3000,-5.12,-0.14786404500042316,0.14786404500042316
43,seeqst_uniform,10,mean,1,5000,-4.5056,0.4665359549995767,0.4665359549995767
43,seeqst_uniform,10,mean,1,10000,-5.0176,-0.04546404500042289,0.04546404500042289
43,seeqst_uniform,10,mean,1,15000,-5.666133333333334,-0.6939973783337567,0.6939973783337567
43,seeqst_uniform,10,mean,1,20000,-5.888,-0.915864045000423,0.915864045000423
43,seeqst_uniform,10,mean,1,25000,-6.3488,-1.3766640450004228,1.3766640450004228
43,seeqst_uniform,10,mean,1,30000,-6.314666666666667,-1.3425307116670897,1.3425307116670897
43,seeqst_uniform,10,mean,1,35000,-6.231771428571428,-1.2596354735718513,1.2596354735718513
43,seeqst_uniform,10,mean,1,40000,-6.3488,-1.3766640450004228,1.3766640450004228
43,seeqst_uniform,10,mean,1,45000,-6.326044444444444,-1.3539084894448674,1.3539084894448674
43,seeqst_uniform,10,mean,1,50000,-6.18496,-1.2128240450004233,1.2128240450004233
43,seeqst_binomial_q0.09091,10,mean,1,10,-25.937424604112483,-20.965288649112907,20.965288649112907
43,seeqst_binomial_q0.09091,10,mean,1,30,-17.291616402741656,-12.31948044774208,12.31948044774208
43,seeqst_binomial_q0.09091,10,mean,1,100,-2.593742460411248,2.378393494588329,2.378393494588329
43,seeqst_binomial_q0.09091,10,mean,1,300,-5.187484920822497,-0.21534896582291996,0.21534896582291996
43,seeqst_binomial_q0.09091,10,mean,1,1000,-5.446859166863622,-0.4747232118640454,0.4747232118640454
43,seeqst_binomial_q0.09091,10,mean,1,3000,-4.841652592767665,0.13048336223191193,0.13048336223191193
43,seeqst_binomial_q0.09091,10,mean,1,5000,-4.979985523989586,-0.007849568990009104,0.007849568990009104
43,seeqst_binomial_q0.09091,10,mean,1,10000,-5.083735222406025,-0.1115992674064481,0.1115992674064481
43,seeqst_binomial_q0.09091,10,mean,1,15000,-5.204776537225236,-0.23264058222565875,0.23264058222565875
43,seeqst_binomial_q0.09091,10,mean,1,20000,-5.2652971946348615,-0.2931612396352845,0.2931612396352845
43,seeqst_binomial_q0.09091,10,mean,1,25000,-5.2601097097140554,-0.2879737547144785,0.2879737547144785
43,seeqst_binomial_q0.09091,10,mean,1,30000,-4.979985523989613,-0.007849568990035749,0.007849568990035749
43,seeqst_binomial_q0.09091,10,mean,1,35000,-4.816950283620884,0.15518567137869255,0.15518567137869255
43,seeqst_binomial_q0.09091,10,mean,1,40000,-4.824360976364896,0.14777497863468092,0.14777497863468092
43,seeqst_binomial_q0.09091,10,mean,1,45000,-4.8762358255731035,0.09590012942647341,0.09590012942647341
43,seeqst_binomial_q0.09091,10,mean,1,50000,-4.808798521602401,0.1633374333971762,0.1633374333971762
43,seeqst_binomial_q0.5,10,mean,1,10,0.0,4.972135954999577,4.972135954999577
43,seeqst_binomial_q0.5,10,mean,1,30,0.0,4.972135954999577,4.972135954999577
43,seeqst_binomial_q0.5,10,mean,1,100,0.0,4.972135954999577,4.972135954999577
43,seeqst_binomial_q0.5,10,mean,1,300,0.0,4.972135954999577,4.972135954999577
43,seeqst_binomial_q0.5,10,mean,1,1000,0.0,4.972135954999577,4.972135954999577
43,seeqst_binomial_q0.5,10,mean,1,3000,-2.3893333333333335,2.5828026216662434,2.5828026216662434
43,seeqst_binomial_q0.5,10,mean,1,5000,-3.072,1.9001359549995769,1.9001359549995769
43,seeqst_binomial_q0.5,10,mean,1,10000,-3.9936,0.9785359549995771,0.9785359549995771
43,seeqst_binomial_q0.5,10,mean,1,15000,-4.027733333333333,0.944402621666244,0.944402621666244
43,seeqst_binomial_q0.5,10,mean,1,20000,-4.096,0.8761359549995769,0.8761359549995769
43,seeqst_binomial_q0.5,10,mean,1,25000,-4.13696,0.8351759549995768,0.8351759549995768
43,seeqst_binomial_q0.5,10,mean,1,30000,-4.334933333333334,0.6372026216662432,0.6372026216662432
43,seeqst_binomial_q0.5,10,mean,1,35000,-4.330057142857143,0.6420788121424339,0.6420788121424339
43,seeqst_binomial_q0.5,10,mean,1,40000,-4.6848,0.28733595499957687,0.28733595499957687
43,seeqst_binomial_q0.5,10,mean,1,45000,-4.937955555555556,0.03418039944402107,0.03418039944402107
43,seeqst_binomial_q0.5,10,mean,1,50000,-4.95616,0.01597595499957727,0.01597595499957727
43,seeqst_binomial_tuned,10,mean,1,10,0.0,4.972135954999577,4.972135954999577
43,seeqst_binomial_tuned,10,mean,1,30,0.0,4.972135954999577,4.972135954999577
43,seeqst_binomial_tuned,10,mean,1,100,-2.98023223876953,1.991903716230047,1.991903716230047
43,seeqst_binomial_tuned,10,mean,1,300,-4.967053731282551,0.0050822237170260465,0.0050822237170260465
43,seeqst_binomial_tuned,10,mean,1,1000,-5.811452865600585,-0.8393169106010081,0.8393169106010081
43,seeqst_binomial_tuned,10,mean,1,3000,-5.563100179036457,-0.5909642240368802,0.5909642240368802
43,seeqst_binomial_tuned,10,mean,1,5000,-5.543231964111327,-0.5710960091117503,0.5710960091117503
43,seeqst_binomial_tuned,10,mean,1,10000,-4.962086677551269,0.010049277448308302,0.010049277448308302
43,seeqst_binomial_tuned,10,mean,1,15000,-5.076328913370768,-0.10419295837119069,0.10419295837119069
43,seeqst_binomial_tuned,10,mean,1,20000,-4.8801302909851065,0.09200566401447041,0.09200566401447041
43,seeqst_binomial_tuned,10,mean,1,25000,-4.684925079345702,0.2872108756538747,0.2872108756538747
43,seeqst_binomial_tuned,10,mean,1,30000,-4.763404528299967,0.2087314266996101,0.2087314266996101
43,seeqst_binomial_tuned,10,mean,1,35000,-4.810946328299385,0.16118962670019155,0.16118962670019155
43,seeqst_binomial_tuned,10,mean,1,40000,-4.876405000686645,0.09573095431293233,0.09573095431293233
43,seeqst_binomial_tuned,10,mean,1,45000,-4.861089918348523,0.11104603665105373,0.11104603665105373
43,seeqst_binomial_tuned,10,mean,1,50000,-4.974007606506347,-0.0018716515067698225,0.0018716515067698225
44,pauli,10,mean,1,10,-6.299999999999997,-1.3278640450004202,1.3278640450004202
44,pauli,10,mean,1,30,-3.9749999999999965,0.9971359549995804,0.9971359549995804
44,pauli,10,mean,1,100,-11.384999999999996,-6.412864045000419,6.412864045000419
44,pauli,10,mean,1,300,-7.6199999999999966,-2.6478640450004196,2.6478640450004196
44,pauli,10,mean,1,1000,-4.733999999999999,0.23813595499957785,0.23813595499957785
44,pauli,10,mean,1,3000,-2.7825000000000006,2.1896359549995763,2.1896359549995763
44,pauli,10,mean,1,5000,-3.38085,1.5912859549995768,1.5912859549995768
44,pauli,10,mean,1,10000,-4.577849999999999,0.3942859549995781,0.3942859549995781
44,pauli,10,mean,1,15000,-4.554149999999999,0.4179859549995779,0.4179859549995779
44,pauli,10,mean,1,20000,-4.689449999999999,0.28268595499957794,0.28268595499957794
44,pauli,10,mean,1,25000,-5.1183,-0.14616404500042268,0.14616404500042268
44,pauli,10,mean,1,30000,-4.865849999999999,0.10628595499957783,0.10628595499957783
44,pauli,10,mean,1,35000,-4.643421428571428,0.3287145264281488,0.3287145264281488
44,pauli,10,mean,1,40000,-4.712174999999999,0.2599609549995776,0.2599609549995776
44,pauli,10,mean,1,45000,-4.4365,0.5356359549995773,0.5356359549995773
44,pauli,10,mean,1,50000,-4.647959999999999,0.3241759549995775,0.3241759549995775
44,clifford,10,mean,1,10,-9.333906294175921e-16,4.972135954999576,4.972135954999576
44,clifford,10,mean,1,30,-17.08333333333329,-12.111197378333713,12.111197378333713
44,clifford,10,mean,1,100,-12.812499999999968,-7.840364045000391,7.840364045000391
44,clifford,10,mean,1,300,-7.687499999999979,-2.7153640450004017,2.7153640450004017
44,clifford,10,mean,1,1000,-7.6874999999999725,-2.7153640450003955,2.7153640450003955
44,clifford,10,mean,1,3000,-5.979166666666652,-1.007030711667075,1.007030711667075
44,clifford,10,mean,1,5000,-5.02249999999999,-0.05036404500041325,0.05036404500041325
44,clifford,10,mean,1,10000,-4.638124999999995,0.3340109549995818,0.3340109549995818
44,clifford,10,mean,1,15000,-5.19333333333333,-0.22119737833375286,0.22119737833375286
44,clifford,10,mean,1,20000,-4.919999999999997,0.05213595499957968,0.05213595499957968
44,clifford,10,mean,1,25000,-5.073749999999998,-0.10161404500042082,0.10161404500042082
44,clifford,10,mean,1,30000,-4.911458333333331,0.060677621666245685,0.060677621666245685
44,clifford,10,mean,1,35000,-4.941964285714284,0.030171669285293135,0.030171669285293135
44,clifford,10,mean,1,40000,-5.0417187499999985,-0.06958279500042153,0.06958279500042153
44,clifford,10,mean,1,45000,-5.045277777777777,-0.07314182277819992,0.07314182277819992
44,clifford,10,mean,1,50000,-4.884124999999999,0.08801095499957778,0.08801095499957778
44,seeqst_uniform,10,mean,1,10,0.0,4.972135954999577,4.972135954999577
44,seeqst_uniform,10,mean,1,30,-34.13333333333333,-29.161197378333757,29.161197378333757
44,seeqst_uniform,10,mean,1,100,-10.24,-5.267864045000423,5.267864045000423
44,seeqst_uniform,10,mean,1,300,-3.4133333333333336,1.5588026216662434,1.5588026216662434
44,seeqst_uniform,10,mean,1,1000,-3.072,1.9001359549995769,1.9001359549995769
44,seeqst_uniform,10,mean,1,3000,-2.3893333333333335,2.5828026216662434,2.5828026216662434
44,seeqst_uniform,10,mean,1,5000,-3.072,1.9001359549995769,1.9001359549995769
44,seeqst_uniform,10,mean,1,10000,-3.8912,1.080935954999577,1.080935954999577
44,seeqst_uniform,10,mean,1,15000,-4.778666666666667,0.19346928833290988,0.19346928833290988
44,seeqst_uniform,10,mean,1,20000,-4.1984,0.7737359549995766,0.7737359549995766
44,seeqst_uniform,10,mean,1,25000,-4.46464,0.5074959549995768,0.5074959549995768
44,seeqst_uniform,10,mean,1,30000,-4.778666666666667,0.19346928833290988,0.19346928833290988
44,seeqst_uniform,10,mean,1,35000,-4.242285714285714,0.729850240713863,0.729850240713863
44,seeqst_uniform,10,mean,1,40000,-4.1216,0.850535954999577,0.850535954999577
44,seeqst_uniform,10,mean,1,45000,-4.437333333333333,0.5348026216662438,0.5348026216662438
44,seeqst_uniform,10,mean,1,50000,-4.83328,0.1388559549995767,0.1388559549995767
44,seeqst_binomial_q0.09091,10,mean,1,10,-25.937424604112483,-20.965288649112907,20.965288649112907
44,seeqst_binomial_q0.09091,10,mean,1,30,-8.645808201370828,-3.6736722463712512,3.6736722463712512
44,seeqst_binomial_q0.09091,10,mean,1,100,-12.968712302056241,-7.996576347056664,7.996576347056664
44,seeqst_binomial_q0.09091,10,mean,1,300,-12.104131481919161,-7.131995526919584,7.131995526919584
44,seeqst_binomial_q0.09091,10,mean,1,1000,-4.668736428740248,0.3033995262593292,0.3033995262593292
44,seeqst_binomial_q0.09091,10,mean,1,3000,-5.446859166863623,-0.4747232118640463,0.4747232118640463
44,seeqst_binomial_q0.09091,10,mean,1,5000,-5.394984317655384,-0.42284836265580683,0.42284836265580683
44,seeqst_binomial_q0.09091,10,mean,1,10000,-5.135610071614249,-0.16347411661467248,0.16347411661467248
44,seeqst_binomial_q0.09091,10,mean,1,15000,-4.910819058378621,0.06131689662095585,0.06131689662095585
44,seeqst_binomial_q0.09091,10,mean,1,20000,-5.031860373197843,-0.05972441819826635,0.05972441819826635
44,seeqst_binomial_q0.09091,10,mean,1,25000,-5.0733602525644415,-0.10122429756486451,0.10122429756486451
44,seeqst_binomial_q0.09091,10,mean,1,30000,-5.178839112621135,-0.20670315762155766,0.20670315762155766
44,seeqst_binomial_q0.09091,10,mean,1,35000,-5.180074228078446,-0.20793827307886925,0.20793827307886925
44,seeqst_binomial_q0.09091,10,mean,1,40000,-5.187484920822458,-0.21534896582288088,0.21534896582288088
44,seeqst_binomial_q0.09091,10,mean,1,45000,-5.296998491373135,-0.32486253637355844,0.32486253637355844
44,seeqst_binomial_q0.09091,10,mean,1,50000,-5.151172526376674,-0.17903657137709672,0.17903657137709672
44,seeqst_binomial_q0.5,10,mean,1,10,0.0,4.972135954999577,4.972135954999577
44,seeqst_binomial_q0.5,10,mean,1,30,-34.13333333333333,-29.161197378333757,29.161197378333757
44,seeqst_binomial_q0.5,10,mean,1,100,-20.48,-15.507864045000424,15.507864045000424
44,seeqst_binomial_q0.5,10,mean,1,300,-6.826666666666667,-1.8545307116670902,1.8545307116670902
44,seeqst_binomial_q0.5,10,mean,1,1000,-1.024,3.948135954999577,3.948135954999577
44,seeqst_binomial_q0.5,10,mean,1,3000,-5.802666666666667,-0.8305307116670901,0.8305307116670901
44,seeqst_binomial_q0.5,10,mean,1,5000,-5.5296,-0.5574640450004233,0.5574640450004233
44,seeqst_binomial_q0.5,10,mean,1,10000,-5.7344,-0.762264045000423,0.762264045000423
44,seeqst_binomial_q0.5,10,mean,1,15000,-4.642133333333334,0.3300026216662433,0.3300026216662433
44,seeqst_binomial_q0.5,10,mean,1,20000,-4.608,0.3641359549995773,0.3641359549995773
44,seeqst_binomial_q0.5,10,mean,1,25000,-4.7104,0.261735954999577,0.261735954999577
44,seeqst_binomial_q0.5,10,mean,1,30000,-4.7104,0.261735954999577,0.261735954999577
44,seeqst_binomial_q0.5,10,mean,1,35000,-4.534857142857143,0.43727881214243425,0.43727881214243425
44,seeqst_binomial_q0.5,10,mean,1,40000,-4.48,0.4921359549995765,0.4921359549995765
44,seeqst_binomial_q0.5,10,mean,1,45000,-4.414577777777778,0.5575581772217992,0.5575581772217992
44,seeqst_binomial_q0.5,10,mean,1,50000,-4.23936,0.7327759549995774,0.7327759549995774
44,seeqst_binomial_tuned,10,mean,1,10,-14.901161193847653,-9.929025238848077,9.929025238848077
44,seeqst_binomial_tuned,10,mean,1,30,-14.901161193847653,-9.929025238848077,9.929025238848077
44,seeqst_binomial_tuned,10,mean,1,100,-7.450580596923827,-2.4784446419242503,2.4784446419242503
44,seeqst_binomial_tuned,10,mean,1,300,-3.973642985026041,0.9984929699735359,0.9984929699735359
44,seeqst_binomial_tuned,10,mean,1,1000,-5.960464477539062,-0.9883285225394847,0.9883285225394847
44,seeqst_binomial_tuned,10,mean,1,3000,-5.116065343221028,-0.1439293882214514,0.1439293882214514
44,seeqst_binomial_tuned,10,mean,1,5000,-5.394220352172851,-0.42208439717327373,0.42208439717327373
44,seeqst_binomial_tuned,10,mean,1,10000,-5.453824996948241,-0.48168904194866435,0.48168904194866435
44,seeqst_binomial_tuned,10,mean,1,15000,-5.225340525309244,-0.25320457030966725,0.25320457030966725
44,seeqst_binomial_tuned,10,mean,1,20000,-5.222856998443603,-0.2507210434440257,0.2507210434440257
44,seeqst_binomial_tuned,10,mean,1,25000,-5.221366882324218,-0.24923092732464092,0.24923092732464092
44,seeqst_binomial_tuned,10,mean,1,30000,-5.16076882680257,-0.18863287180299348,0.18863287180299348
44,seeqst_binomial_tuned,10,mean,1,35000,-5.202633993966238,-0.23049803896666088,0.23049803896666088
44,seeqst_binomial_tuned,10,mean,1,40000,-5.08129596710205,-0.10916001210247295,0.10916001210247295
44,seeqst_binomial_tuned,10,mean,1,45000,-5.0730175442165795,-0.10088158921700252,0.10088158921700252
44,seeqst_binomial_tuned,10,mean,1,50000,-5.012750625610351,-0.04061467061077373,0.04061467061077373
45,pauli,10,mean,1,10,-8.325,-3.3528640450004223,3.3528640450004223
45,pauli,10,mean,1,30,-8.624999999999995,-3.6528640450004177,3.6528640450004177
45,pauli,10,mean,1,100,-7.627499999999995,-2.655364045000418,2.655364045000418
45,pauli,10,mean,1,300,-6.082499999999998,-1.1103640450004209,1.1103640450004209
45,pauli,10,mean,1,1000,-2.2769999999999997,2.6951359549995773,2.6951359549995773
45,pauli,10,mean,1,3000,-5.441249999999998,-0.4691140450004214,0.4691140450004214
45,pauli,10,mean,1,5000,-5.9971499999999995,-1.0250140450004226,1.0250140450004226
45,pauli,10,mean,1,10000,-5.211224999999999,-0.23908904500042194,0.23908904500042194
45,pauli,10,mean,1,15000,-6.286199999999999,-1.3140640450004222,1.3140640450004222
45,pauli,10,mean,1,20000,-5.927849999999999,-0.9557140450004225,0.9557140450004225
45,pauli,10,mean,1,25000,-5.297039999999999,-0.32490404500042214,0.32490404500042214
45,pauli,10,mean,1,30000,-4.978499999999999,-0.0063640450004216476,0.0063640450004216476
45,pauli,10,mean,1,35000,-5.047585714285714,-0.07544975928613695,0.07544975928613695
45,pauli,10,mean,1,40000,-4.750874999999999,0.2212609549995781,0.2212609549995781
45,pauli,10,mean,1,45000,-4.783199999999999,0.18893595499957794,0.18893595499957794
45,pauli,10,mean,1,50000,-4.796684999999999,0.17545095499957775,0.17545095499957775
45,clifford,10,mean,1,10,25.624999999999932,30.59713595499951,30.59713595499951
45,clifford,10,mean,1,30,8.541666666666645,13.513802621666223,13.513802621666223
45,clifford,10,mean,1,100,5.124999999999987,10.097135954999564,10.097135954999564
45,clifford,10,mean,1,300,5.979166666666646,10.951302621666223,10.951302621666223
45,clifford,10,mean,1,1000,1.0250000000000015,5.997135954999578,5.997135954999578
45,clifford,10,mean,1,3000,-2.818749999999986,2.153385954999591,2.153385954999591
45,clifford,10,mean,1,5000,-3.279999999999987,1.69213595499959,1.69213595499959
45,clifford,10,mean,1,10000,-3.5618749999999935,1.4102609549995835,1.4102609549995835
45,clifford,10,mean,1,15000,-3.912083333333329,1.060052621666248,1.060052621666248
45,clifford,10,mean,1,20000,-4.189687499999996,0.7824484549995807,0.7824484549995807
45,clifford,10,mean,1,25000,-4.499749999999997,0.4723859549995799,0.4723859549995799
45,clifford,10,mean,1,30000,-4.749166666666664,0.22296928833291307,0.22296928833291307
45,clifford,10,mean,1,35000,-4.7589285714285685,0.21320738357100844,0.21320738357100844
45,clifford,10,mean,1,40000,-4.7342187499999975,0.23791720499957947,0.23791720499957947
45,clifford,10,mean,1,45000,-4.640972222222221,0.3311637327773562,0.3311637327773562
45,clifford,10,mean,1,50000,-4.7559999999999985,0.2161359549995785,0.2161359549995785
45,seeqst_uniform,10,mean,1,10,-204.8,-199.82786404500044,199.82786404500044
45,seeqst_uniform,10,mean,1,30,-68.26666666666667,-63.294530711667086,63.294530711667086
45,seeqst_uniform,10,mean,1,100,-30.72,-25.747864045000423,25.747864045000423
45,seeqst_uniform,10,mean,1,300,-13.653333333333334,-8.681197378333756,8.681197378333756
45,seeqst_uniform,10,mean,1,1000,-7.168,-2.195864045000423,2.195864045000423
45,seeqst_uniform,10,mean,1,3000,-5.802666666666667,-0.8305307116670901,0.8305307116670901
45,seeqst_uniform,10,mean,1,5000,-6.3488,-1.3766640450004228,1.3766640450004228
45,seeqst_uniform,10,mean,1,10000,-5.5296,-0.5574640450004233,0.5574640450004233
45,seeqst_uniform,10,mean,1,15000,-4.369066666666667,0.6030692883329101,0.6030692883329101
45,seeqst_uniform,10,mean,1,20000,-4.7616,0.21053595499957733,0.21053595499957733
45,seeqst_uniform,10,mean,1,25000,-4.99712,-0.02498404500042284,0.02498404500042284
45,seeqst_uniform,10,mean,1,30000,-5.154133333333333,-0.1819973783337563,0.1819973783337563
45,seeqst_uniform,10,mean,1,35000,-5.295542857142857,-0.3234069021432804,0.3234069021432804
45,seeqst_uniform,10,mean,1,40000,-5.3504,-0.37826404500042266,0.37826404500042266
45,seeqst_uniform,10,mean,1,45000,-5.188266666666666,-0.21613071166708941,0.21613071166708941
45,seeqst_uniform,10,mean,1,50000,-5.09952,-0.1273840450004231,0.1273840450004231
45,seeqst_binomial_q0.09091,10,mean,1,10,0.0,4.972135954999577,4.972135954999577
45,seeqst_binomial_q0.09091,10,mean,1,30,0.0,4.972135954999577,4.972135954999577
45,seeqst_binomial_q0.09091,10,mean,1,100,0.0,4.972135954999577,4.972135954999577
45,seeqst_binomial_q0.09091,10,mean,1,300,-4.322904100685414,0.6492318543141629,0.6492318543141629
45,seeqst_binomial_q0.09091,10,mean,1,1000,-7.0031046431103725,-2.0309686881107956,2.0309686881107956
45,seeqst_binomial_q0.09091,10,mean,1,3000,-5.706233412904746,-0.7340974579051691,0.7340974579051691
45,seeqst_binomial_q0.09091,10,mean,1,5000,-5.4987340160718325,-0.5265980610722556,0.5265980610722556
45,seeqst_binomial_q0.09091,10,mean,1,10000,-4.928110674781351,0.04402528021822594,0.04402528021822594
45,seeqst_binomial_q0.09091,10,mean,1,15000,-5.0664436060033,-0.09430765100372263,0.09430765100372263
45,seeqst_binomial_q0.09091,10,mean,1,20000,-5.057797797801957,-0.08566184280237987,0.08566184280237987
45,seeqst_binomial_q0.09091,10,mean,1,25000,-4.77248612715673,0.19964982784284668,0.19964982784284668
45,seeqst_binomial_q0.09091,10,mean,1,30000,-4.487174456511492,0.4849614984880848,0.4849614984880848
45,seeqst_binomial_q0.09091,10,mean,1,35000,-4.557576037579768,0.41455991741980913,0.41455991741980913
45,seeqst_binomial_q0.09091,10,mean,1,40000,-4.487174456511445,0.48496149848813186,0.48496149848813186
45,seeqst_binomial_q0.09091,10,mean,1,45000,-4.576514474592258,0.3956214804073186,0.3956214804073186
45,seeqst_binomial_q0.09091,10,mean,1,50000,-4.601299124769508,0.3708368302300693,0.3708368302300693
45,seeqst_binomial_q0.5,10,mean,1,10,0.0,4.972135954999577,4.972135954999577
45,seeqst_binomial_q0.5,10,mean,1,30,0.0,4.972135954999577,4.972135954999577
45,seeqst_binomial_q0.5,10,mean,1,100,0.0,4.972135954999577,4.972135954999577
45,seeqst_binomial_q0.5,10,mean,1,300,3.4133333333333336,8.38546928833291,8.38546928833291
45,seeqst_binomial_q0.5,10,mean,1,1000,1.024,5.996135954999577,5.996135954999577
45,seeqst_binomial_q0.5,10,mean,1,3000,-7.168,-2.195864045000423,2.195864045000423
45,seeqst_binomial_q0.5,10,mean,1,5000,-6.9632,-1.9910640450004227,1.9910640450004227
45,seeqst_binomial_q0.5,10,mean,1,10000,-5.9392,-0.9670640450004226,0.9670640450004226
45,seeqst_binomial_q0.5,10,mean,1,15000,-5.802666666666667,-0.8305307116670901,0.8305307116670901
45,seeqst_binomial_q0.5,10,mean,1,20000,-5.376,-0.4038640450004234,0.4038640450004234
45,seeqst_binomial_q0.5,10,mean,1,25000,-5.48864,-0.5165040450004232,0.5165040450004232
45,seeqst_binomial_q0.5,10,mean,1,30000,-5.461333333333333,-0.4891973783337562,0.4891973783337562
45,seeqst_binomial_q0.5,10,mean,1,35000,-5.090742857142857,-0.11860690214327985,0.11860690214327985
45,seeqst_binomial_q0.5,10,mean,1,40000,-4.8384,0.1337359549995769,0.1337359549995769
45,seeqst_binomial_q0.5,10,mean,1,45000,-4.733155555555555,0.2389803994440216,0.2389803994440216
45,seeqst_binomial_q0.5,10,mean,1,50000,-4.85376,0.11837595499957665,0.11837595499957665
45,seeqst_binomial_tuned,10,mean,1,10,14.901161193847653,19.87329714884723,19.87329714884723
45,seeqst_binomial_tuned,10,mean,1,30,0.0,4.972135954999577,4.972135954999577
45,seeqst_binomial_tuned,10,mean,1,100,-1.4901161193847654,3.4820198356148113,3.4820198356148113
45,seeqst_binomial_tuned,10,mean,1,300,-1.4901161193847656,3.4820198356148113,3.4820198356148113
45,seeqst_binomial_tuned,10,mean,1,1000,-6.407499313354492,-1.4353633583549152,1.4353633583549152
45,seeqst_binomial_tuned,10,mean,1,3000,-5.364418029785156,-0.3922820747855793,0.3922820747855793
45,seeqst_binomial_tuned,10,mean,1,5000,-4.559755325317383,0.41238062968219413,0.41238062968219413
45,seeqst_binomial_tuned,10,mean,1,10000,-4.842877388000488,0.12925856699908866,0.12925856699908866
45,seeqst_binomial_tuned,10,mean,1,15000,-4.827976226806641,0.14415972819293632,0.14415972819293632
45,seeqst_binomial_tuned,10,mean,1,20000,-4.902482032775879,0.06965392222369804,0.06965392222369804
45,seeqst_binomial_tuned,10,mean,1,25000,-4.845857620239258,0.12627833476031913,0.12627833476031913
45,seeqst_binomial_tuned,10,mean,1,30000,-4.981954892476399,-0.009818937476822498,0.009818937476822498
45,seeqst_binomial_tuned,10,mean,1,35000,-4.9940177372523715,-0.02188178225279458,0.02188178225279458
45,seeqst_binomial_tuned,10,mean,1,40000,-4.984438419342041,-0.01230246434246407,0.01230246434246407
45,seeqst_binomial_tuned,10,mean,1,45000,-4.993544684516059,-0.021408729516481984,0.021408729516481984
45,seeqst_binomial_tuned,10,mean,1,50000,-5.018711090087891,-0.04657513508831368,0.04657513508831368
46,pauli,10,mean,1,10,-1.3499999999999983,3.6221359549995786,3.6221359549995786
46,pauli,10,mean,1,30,11.699999999999994,16.672135954999572,16.672135954999572
46,pauli,10,mean,1,100,5.219999999999995,10.192135954999571,10.192135954999571
46,pauli,10,mean,1,300,-0.17250000000000126,4.799635954999576,4.799635954999576
46,pauli,10,mean,1,1000,-1.2240000000000002,3.7481359549995767,3.7481359549995767
46,pauli,10,mean,1,3000,-1.4820000000000007,3.4901359549995763,3.4901359549995763
46,pauli,10,mean,1,5000,-1.8441000000000003,3.128035954999577,3.128035954999577
46,pauli,10,mean,1,10000,-4.644674999999999,0.3274609549995775,0.3274609549995775
46,pauli,10,mean,1,15000,-4.736699999999999,0.23543595499957792,0.23543595499957792
46,pauli,10,mean,1,20000,-4.971262499999999,0.0008734549995779162,0.0008734549995779162
46,pauli,10,mean,1,25000,-4.32765,0.6444859549995767,0.6444859549995767
46,pauli,10,mean,1,30000,-4.41585,0.5562859549995771,0.5562859549995771
46,pauli,10,mean,1,35000,-4.370785714285715,0.6013502407138622,0.6013502407138622
46,pauli,10,mean,1,40000,-4.45888125,0.5132547049995768,0.5132547049995768
46,pauli,10,mean,1,45000,-4.56495,0.4071859549995773,0.4071859549995773
46,pauli,10,mean,1,50000,-4.53231,0.4398259549995771,0.4398259549995771
46,clifford,10,mean,1,10,-25.624999999999908,-20.65286404500033,20.65286404500033
46,clifford,10,mean,1,30,-17.08333333333327,-12.111197378333696,12.111197378333696
46,clifford,10,mean,1,100,-5.12499999999998,-0.15286404500040263,0.15286404500040263
46,clifford,10,mean,1,300,-7.687499999999976,-2.715364045000399,2.715364045000399
46,clifford,10,mean,1,1000,-6.662499999999974,-1.690364045000397,1.690364045000397
46,clifford,10,mean,1,3000,-6.747916666666652,-1.7757807116670747,1.7757807116670747
46,clifford,10,mean,1,5000,-6.969999999999987,-1.9978640450004104,1.9978640450004104
46,clifford,10,mean,1,10000,-6.098749999999994,-1.1266140450004167,1.1266140450004167
46,clifford,10,mean,1,15000,-5.637499999999995,-0.6653640450004179,0.6653640450004179
46,clifford,10,mean,1,20000,-5.6503124999999965,-0.6781765450004196,0.6781765450004196
46,clifford,10,mean,1,25000,-5.381249999999996,-0.40911404500041915,0.40911404500041915
46,clifford,10,mean,1,30000,-5.560624999999997,-0.5884890450004203,0.5884890450004203
46,clifford,10,mean,1,35000,-5.608214285714284,-0.6360783307147067,0.6360783307147067
46,clifford,10,mean,1,40000,-5.432499999999997,-0.4603640450004205,0.4603640450004205
46,clifford,10,mean,1,45000,-5.324305555555553,-0.35216960055597646,0.35216960055597646
46,clifford,10,mean,1,50000,-5.314624999999998,-0.34248904500042077,0.34248904500042077
46,seeqst_uniform,10,mean,1,10,0.0,4.972135954999577,4.972135954999577
46,seeqst_uniform,10,mean,1,30,0.0,4.972135954999577,4.972135954999577
46,seeqst_uniform,10,mean,1,100,-10.24,-5.267864045000423,5.267864045000423
46,seeqst_uniform,10,mean,1,300,3.4133333333333336,8.38546928833291,8.38546928833291
46,seeqst_uniform,10,mean,1,1000,-1.024,3.948135954999577,3.948135954999577
46,seeqst_uniform,10,mean,1,3000,-2.048,2.924135954999577,2.924135954999577
46,seeqst_uniform,10,mean,1,5000,-3.8912,1.080935954999577,1.080935954999577
46,seeqst_uniform,10,mean,1,10000,-5.7344,-0.762264045000423,0.762264045000423
46,seeqst_uniform,10,mean,1,15000,-6.144,-1.1718640450004232,1.1718640450004232
46,seeqst_uniform,10,mean,1,20000,-6.0416,-1.069464045000423,1.069464045000423
46,seeqst_uniform,10,mean,1,25000,-5.48864,-0.5165040450004232,0.5165040450004232
46,seeqst_uniform,10,mean,1,30000,-5.290666666666667,-0.3185307116670897,0.3185307116670897
46,seeqst_uniform,10,mean,1,35000,-5.090742857142857,-0.11860690214327985,0.11860690214327985
46,seeqst_uniform,10,mean,1,40000,-4.9664,0.005735954999576798,0.005735954999576798
46,seeqst_uniform,10,mean,1,45000,-4.892444444444444,0.0796915105551328,0.0796915105551328
46,seeqst_uniform,10,mean,1,50000,-4.93568,0.03645595499957732,0.03645595499957732
46,seeqst_binomial_q0.09091,10,mean,1,10,-25.937424604112483,-20.965288649112907,20.965288649112907
46,seeqst_binomial_q0.09091,10,mean,1,30,-8.645808201370828,-3.6736722463712512,3.6736722463712512
46,seeqst_binomial_q0.09091,10,mean,1,100,0.0,4.972135954999577,4.972135954999577
46,seeqst_binomial_q0.09091,10,mean,1,300,-1.7291616402741654,3.2429743147254113,3.2429743147254113
46,seeqst_binomial_q0.09091,10,mean,1,1000,-3.6312394445757485,1.3408965104238284,1.3408965104238284
46,seeqst_binomial_q0.09091,10,mean,1,3000,-3.198949034507207,1.7731869204923698,1.7731869204923698
46,seeqst_binomial_q0.09091,10,mean,1,5000,-4.668736428740239,0.3033995262593381,0.3033995262593381
46,seeqst_binomial_q0.09091,10,mean,1,10000,-4.227800210470319,0.7443357445292582,0.7443357445292582
46,seeqst_binomial_q0.09091,10,mean,1,15000,-4.167279553060719,0.8048564019388582,0.8048564019388582
46,seeqst_binomial_q0.09091,10,mean,1,20000,-4.3315499088867915,0.6405860461127855,0.6405860461127855
46,seeqst_binomial_q0.09091,10,mean,1,25000,-4.398987212857503,0.5731487421420738,0.5731487421420738
46,seeqst_binomial_q0.09091,10,mean,1,30000,-4.288320867879965,0.683815087119612,0.683815087119612
46,seeqst_binomial_q0.09091,10,mean,1,35000,-4.127755858425919,0.8443800965736576,0.8443800965736576
46,seeqst_binomial_q0.09091,10,mean,1,40000,-4.240768922772385,0.7313670322271921,0.7313670322271921
46,seeqst_binomial_q0.09091,10,mean,1,45000,-4.230682146537437,0.7414538084621398,0.7414538084621398
46,seeqst_binomial_q0.09091,10,mean,1,50000,-4.258925119995235,0.7132108350043422,0.7132108350043422
46,seeqst_binomial_q0.5,10,mean,1,10,0.0,4.972135954999577,4.972135954999577
46,seeqst_binomial_q0.5,10,mean,1,30,0.0,4.972135954999577,4.972135954999577
46,seeqst_binomial_q0.5,10,mean,1,100,-10.24,-5.267864045000423,5.267864045000423
46,seeqst_binomial_q0.5,10,mean,1,300,-13.653333333333334,-8.681197378333756,8.681197378333756
46,seeqst_binomial_q0.5,10,mean,1,1000,-9.216,-4.243864045000422,4.243864045000422
46,seeqst_binomial_q0.5,10,mean,1,3000,-6.144,-1.1718640450004232,1.1718640450004232
46,seeqst_binomial_q0.5,10,mean,1,5000,-5.3248,-0.3526640450004228,0.3526640450004228
46,seeqst_binomial_q0.5,10,mean,1,10000,-5.2224,-0.25026404500042343,0.25026404500042343
46,seeqst_binomial_q0.5,10,mean,1,15000,-5.051733333333333,-0.07959737833375602,0.07959737833375602
46,seeqst_binomial_q0.5,10,mean,1,20000,-4.7616,0.21053595499957733,0.21053595499957733
46,seeqst_binomial_q0.5,10,mean,1,25000,-4.75136,0.22077595499957692,0.22077595499957692
46,seeqst_binomial_q0.5,10,mean,1,30000,-5.2224,-0.25026404500042343,0.25026404500042343
46,seeqst_binomial_q0.5,10,mean,1,35000,-5.412571428571429,-0.44043547357185187,0.44043547357185187
46,seeqst_binomial_q0.5,10,mean,1,40000,-5.3504,-0.37826404500042266,0.37826404500042266
46,seeqst_binomial_q0.5,10,mean,1,45000,-5.279288888888889,-0.307152933889312,0.307152933889312
46,seeqst_binomial_q0.5,10,mean,1,50000,-5.46816,-0.4960240450004232,0.4960240450004232
46,seeqst_binomial_tuned,10,mean,1,10,-29.802322387695305,-24.83018643269573,24.83018643269573
46,seeqst_binomial_tuned,10,mean,1,30,-14.901161193847653,-9.929025238848077,9.929025238848077
46,seeqst_binomial_tuned,10,mean,1,100,-4.470348358154296,0.501787596845281,0.501787596845281
46,seeqst_binomial_tuned,10,mean,1,300,-1.9868214925130205,2.9853144624865564,2.9853144624865564
46,seeqst_binomial_tuned,10,mean,1,1000,-4.023313522338866,0.9488224326607106,0.9488224326607106
46,seeqst_binomial_tuned,10,mean,1,3000,-4.768371582031249,0.20376437296832783,0.20376437296832783
46,seeqst_binomial_tuned,10,mean,1,5000,-4.440546035766601,0.5315899192329763,0.5315899192329763
46,seeqst_binomial_tuned,10,mean,1,10000,-4.485249519348144,0.4868864356514333,0.4868864356514333
46,seeqst_binomial_tuned,10,mean,1,15000,-4.768371582031249,0.20376437296832783,0.20376437296832783
46,seeqst_binomial_tuned,10,mean,1,20000,-4.872679710388183,0.09945624461139424,0.09945624461139424
46,seeqst_binomial_tuned,10,mean,1,25000,-4.929304122924804,0.042831832074773146,0.042831832074773146
46,seeqst_binomial_tuned,10,mean,1,30000,-5.036592483520507,-0.06445652852092998,0.06445652852092998
46,seeqst_binomial_tuned,10,mean,1,35000,-5.07490975516183,-0.1027738001622529,0.1027738001622529
46,seeqst_binomial_tuned,10,mean,1,40000,-5.047768354415893,-0.07563239941631572,0.07563239941631572
46,seeqst_binomial_tuned,10,mean,1,45000,-4.933940039740667,0.03819591525890953,0.03819591525890953
46,seeqst_binomial_tuned,10,mean,1,50000,-4.926323890686034,0.04581206431354268,0.04581206431354268
47,pauli,10,mean,1,10,-0.8999999999999991,4.0721359549995775,4.0721359549995775
47,pauli,10,mean,1,30,-5.399999999999997,-0.42786404500041986,0.42786404500041986
47,pauli,10,mean,1,100,-16.69499999999999,-11.722864045000414,11.722864045000414
47,pauli,10,mean,1,300,-9.412499999999996,-4.440364045000419,4.440364045000419
47,pauli,10,mean,1,1000,-6.887249999999997,-1.9151140450004203,1.9151140450004203
47,pauli,10,mean,1,3000,-3.4859999999999993,1.4861359549995776,1.4861359549995776
47,pauli,10,mean,1,5000,-5.375249999999999,-0.40311404500042247,0.40311404500042247
47,pauli,10,mean,1,10000,-5.112225,-0.14008904500042263,0.14008904500042263
47,pauli,10,mean,1,15000,-6.530399999999998,-1.5582640450004215,1.5582640450004215
47,pauli,10,mean,1,20000,-6.5194874999999985,-1.5473515450004216,1.5473515450004216
47,pauli,10,mean,1,25000,-6.104429999999999,-1.132294045000422,1.132294045000422
47,pauli,10,mean,1,30000,-5.874299999999999,-0.902164045000422,0.902164045000422
47,pauli,10,mean,1,35000,-5.532042857142856,-0.559906902143279,0.559906902143279
47,pauli,10,mean,1,40000,-4.760437499999999,0.21169845499957773,0.21169845499957773
47,pauli,10,mean,1,45000,-4.5428999999999995,0.42923595499957745,0.42923595499957745
47,pauli,10,mean,1,50000,-4.691025,0.28111095499957717,0.28111095499957717
47,clifford,10,mean,1,10,-51.24999999999983,-46.27786404500025,46.27786404500025
47,clifford,10,mean,1,30,-25.62499999999992,-20.652864045000342,20.652864045000342
47,clifford,10,mean,1,100,-17.93749999999994,-12.965364045000364,12.965364045000364
47,clifford,10,mean,1,300,-7.687499999999974,-2.7153640450003973,2.7153640450003973
47,clifford,10,mean,1,1000,-5.89374999999998,-0.9216140450004033,0.9216140450004033
47,clifford,10,mean,1,3000,-5.466666666666648,-0.4945307116670712,0.4945307116670712
47,clifford,10,mean,1,5000,-5.842499999999989,-0.8703640450004118,0.8703640450004118
47,clifford,10,mean,1,10000,-5.176249999999994,-0.2041140450004173,0.2041140450004173
47,clifford,10,mean,1,15000,-5.19333333333333,-0.22119737833375286,0.22119737833375286
47,clifford,10,mean,1,20000,-4.381874999999997,0.5902609549995796,0.5902609549995796
47,clifford,10,mean,1,25000,-4.878999999999998,0.09313595499957916,0.09313595499957916
47,clifford,10,mean,1,30000,-4.979791666666665,-0.007655711667087672,0.007655711667087672
47,clifford,10,mean,1,35000,-4.861428571428569,0.11070738357100751,0.11070738357100751
47,clifford,10,mean,1,40000,-4.952031249999998,0.020104704999578615,0.020104704999578615
47,clifford,10,mean,1,45000,-4.743472222222221,0.2286637327773562,0.2286637327773562
47,clifford,10,mean,1,50000,-4.991749999999999,-0.019614045000421854,0.019614045000421854
47,seeqst_uniform,10,mean,1,10,0.0,4.972135954999577,4.972135954999577
47,seeqst_uniform,10,mean,1,30,0.0,4.972135954999577,4.972135954999577
47,seeqst_uniform,10,mean,1,100,-10.24,-5.267864045000423,5.267864045000423
47,seeqst_uniform,10,mean,1,300,-6.826666666666667,-1.8545307116670902,1.8545307116670902
47,seeqst_uniform,10,mean,1,1000,-9.216,-4.243864045000422,4.243864045000422
47,seeqst_uniform,10,mean,1,3000,-5.12,-0.14786404500042316,0.14786404500042316
47,seeqst_uniform,10,mean,1,5000,-5.12,-0.14786404500042316,0.14786404500042316
47,seeqst_uniform,10,mean,1,10000,-5.3248,-0.3526640450004228,0.3526640450004228
47,seeqst_uniform,10,mean,1,15000,-4.7104,0.261735954999577,0.261735954999577
47,seeqst_uniform,10,mean,1,20000,-4.7104,0.261735954999577,0.261735954999577
47,seeqst_uniform,10,mean,1,25000,-5.16096,-0.18882404500042327,0.18882404500042327
47,seeqst_uniform,10,mean,1,30000,-4.7104,0.261735954999577,0.261735954999577
47,seeqst_uniform,10,mean,1,35000,-4.6811428571428575,0.29099309785671945,0.29099309785671945
47,seeqst_uniform,10,mean,1,40000,-4.48,0.4921359549995765,0.4921359549995765
47,seeqst_uniform,10,mean,1,45000,-4.5056,0.4665359549995767,0.4665359549995767
47,seeqst_uniform,10,mean,1,50000,-4.66944,0.30269595499957713,0.30269595499957713
47,seeqst_binomial_q0.09091,10,mean,1,10,25.937424604112483,30.90956055911206,30.90956055911206
47,seeqst_binomial_q0.09091,10,mean,1,30,17.291616402741656,22.263752357741232,22.263752357741232
47,seeqst_binomial_q0.09091,10,mean,1,100,0.0,4.972135954999577,4.972135954999577
47,seeqst_binomial_q0.09091,10,mean,1,300,-4.322904100685414,0.6492318543141629,0.6492318543141629
47,seeqst_binomial_q0.09091,10,mean,1,1000,-4.409362182699123,0.5627737723004538,0.5627737723004538
47,seeqst_binomial_q0.09091,10,mean,1,3000,-5.187484920822498,-0.21534896582292085,0.21534896582292085
47,seeqst_binomial_q0.09091,10,mean,1,5000,-4.979985523989586,-0.007849568990009104,0.007849568990009104
47,seeqst_binomial_q0.09091,10,mean,1,10000,-5.2912346192389235,-0.3190986642393465,0.3190986642393465
47,seeqst_binomial_q0.09091,10,mean,1,15000,-5.170193304419751,-0.19805734942017406,0.19805734942017406
47,seeqst_binomial_q0.09091,10,mean,1,20000,-4.941079387083448,0.031056567916128763,0.031056567916128763
47,seeqst_binomial_q0.09091,10,mean,1,25000,-5.166734981139249,-0.19459902613967195,0.19459902613967195
47,seeqst_binomial_q0.09091,10,mean,1,30000,-5.170193304419764,-0.19805734942018738,0.19805734942018738
47,seeqst_binomial_q0.09091,10,mean,1,35000,-5.172663535334414,-0.2005275803348372,0.2005275803348372
47,seeqst_binomial_q0.09091,10,mean,1,40000,-5.193969276973486,-0.22183332197390904,0.22183332197390904
47,seeqst_binomial_q0.09091,10,mean,1,45000,-5.239359770030665,-0.2672238150310884,0.2672238150310884
47,seeqst_binomial_q0.09091,10,mean,1,50000,-5.073360252564338,-0.10122429756476148,0.10122429756476148
47,seeqst_binomial_q0.5,10,mean,1,10,0.0,4.972135954999577,4.972135954999577
47,seeqst_binomial_q0.5,10,mean,1,30,0.0,4.972135954999577,4.972135954999577
47,seeqst_binomial_q0.5,10,mean,1,100,0.0,4.972135954999577,4.972135954999577
47,seeqst_binomial_q0.5,10,mean,1,300,0.0,4.972135954999577,4.972135954999577
47,seeqst_binomial_q0.5,10,mean,1,1000,1.024,5.996135954999577,5.996135954999577
47,seeqst_binomial_q0.5,10,mean,1,3000,-2.3893333333333335,2.5828026216662434,2.5828026216662434
47,seeqst_binomial_q0.5,10,mean,1,5000,-3.2768,1.6953359549995768,1.6953359549995768
47,seeqst_binomial_q0.5,10,mean,1,10000,-3.6864,1.285735954999577,1.285735954999577
47,seeqst_binomial_q0.5,10,mean,1,15000,-4.5056,0.4665359549995767,0.4665359549995767
47,seeqst_binomial_q0.5,10,mean,1,20000,-4.864,0.10813595499957707,0.10813595499957707
47,seeqst_binomial_q0.5,10,mean,1,25000,-4.66944,0.30269595499957713,0.30269595499957713
47,seeqst_binomial_q0.5,10,mean,1,30000,-4.539733333333333,0.43240262166624355,0.43240262166624355
47,seeqst_binomial_q0.5,10,mean,1,35000,-4.1252571428571425,0.8468788121424344,0.8468788121424344
47,seeqst_binomial_q0.5,10,mean,1,40000,-4.224,0.7481359549995767,0.7481359549995767
47,seeqst_binomial_q0.5,10,mean,1,45000,-4.0049777777777775,0.9671581772217994,0.9671581772217994
47,seeqst_binomial_q0.5,10,mean,1,50000,-4.3008,0.6713359549995772,0.6713359549995772
47,seeqst_binomial_tuned,10,mean,1,10,0.0,4.972135954999577,4.972135954999577
47,seeqst_binomial_tuned,10,mean,1,30,0.0,4.972135954999577,4.972135954999577
47,seeqst_binomial_tuned,10,mean,1,100,-2.980232238769531,1.9919037162300461,1.9919037162300461
47,seeqst_binomial_tuned,10,mean,1,300,-6.4571698506673165,-1.4850338956677396,1.4850338956677396
47,seeqst_binomial_tuned,10,mean,1,1000,-6.258487701416015,-1.2863517464164378,1.2863517464164378
47,seeqst_binomial_tuned,10,mean,1,3000,-5.960464477539062,-0.9883285225394847,0.9883285225394847
47,seeqst_binomial_tuned,10,mean,1,5000,-5.78165054321289,-0.8095145882133128,0.8095145882133128
47,seeqst_binomial_tuned,10,mean,1,10000,-4.82797622680664,0.1441597281929372,0.1441597281929372
47,seeqst_binomial_tuned,10,mean,1,15000,-4.649162292480468,0.3229736625191091,0.3229736625191091
47,seeqst_binomial_tuned,10,mean,1,20000,-4.768371582031249,0.20376437296832783,0.20376437296832783
47,seeqst_binomial_tuned,10,mean,1,25000,-4.732608795166015,0.2395271598335622,0.2395271598335622
47,seeqst_binomial_tuned,10,mean,1,30000,-4.713733990987141,0.2584019640124362,0.2584019640124362
47,seeqst_binomial_tuned,10,mean,1,35000,-4.751341683523995,0.22079427147558217,0.22079427147558217
47,seeqst_binomial_tuned,10,mean,1,40000,-4.786998033523559,0.18513792147601826,0.18513792147601826
47,seeqst_binomial_tuned,10,mean,1,45000,-4.804796642727322,0.1673393122722553,0.1673393122722553
47,seeqst_binomial_tuned,10,mean,1,50000,-4.8041343688964835,0.16800158610309346,0.16800158610309346
48,pauli,10,mean,1,10,-2.475,2.497135954999577,2.497135954999577
48,pauli,10,mean,1,30,-10.124999999999993,-5.152864045000416,5.152864045000416
48,pauli,10,mean,1,100,-10.507499999999993,-5.535364045000416,5.535364045000416
48,pauli,10,mean,1,300,-6.877499999999995,-1.9053640450004181,1.9053640450004181
48,pauli,10,mean,1,1000,-5.287499999999998,-0.3153640450004209,0.3153640450004209
48,pauli,10,mean,1,3000,-5.225249999999999,-0.2531140450004221,0.2531140450004221
48,pauli,10,mean,1,5000,-5.311799999999999,-0.339664045000422,0.339664045000422
48,pauli,10,mean,1,10000,-3.7302749999999993,1.2418609549995776,1.2418609549995776
48,pauli,10,mean,1,15000,-3.5597999999999996,1.4123359549995773,1.4123359549995773
48,pauli,10,mean,1,20000,-3.561524999999999,1.4106109549995778,1.4106109549995778
48,pauli,10,mean,1,25000,-3.48273,1.4894059549995768,1.4894059549995768
48,pauli,10,mean,1,30000,-3.752325,1.219810954999577,1.219810954999577
48,pauli,10,mean,1,35000,-4.0937785714285715,0.8783573835710055,0.8783573835710055
48,pauli,10,mean,1,40000,-4.6670625,0.30507345499957683,0.30507345499957683
48,pauli,10,mean,1,45000,-4.4568,0.5153359549995766,0.5153359549995766
48,pauli,10,mean,1,50000,-4.409325,0.562810954999577,0.562810954999577
48,clifford,10,mean,1,10,-2.0491158755688713e-15,4.972135954999575,4.972135954999575
48,clifford,10,mean,1,30,1.1128286677474933e-15,4.972135954999578,4.972135954999578
48,clifford,10,mean,1,100,5.124999999999977,10.097135954999555,10.097135954999555
48,clifford,10,mean,1,300,-0.8541666666666684,4.117969288332908,4.117969288332908
48,clifford,10,mean,1,1000,-2.3062499999999897,2.6658859549995872,2.6658859549995872
48,clifford,10,mean,1,3000,-5.124999999999985,-0.15286404500040796,0.15286404500040796
48,clifford,10,mean,1,5000,-5.53499999999999,-0.5628640450004134,0.5628640450004134
48,clifford,10,mean,1,10000,-5.073749999999994,-0.10161404500041726,0.10161404500041726
48,clifford,10,mean,1,15000,-5.4495833333333294,-0.4774473783337525,0.4774473783337525
48,clifford,10,mean,1,20000,-5.842499999999997,-0.8703640450004198,0.8703640450004198
48,clifford,10,mean,1,25000,-5.432499999999997,-0.4603640450004205,0.4603640450004205
48,clifford,10,mean,1,30000,-5.406874999999998,-0.4347390450004207,0.4347390450004207
48,clifford,10,mean,1,35000,-5.344642857142856,-0.37250690214327875,0.37250690214327875
48,clifford,10,mean,1,40000,-5.3043749999999985,-0.33223904500042156,0.33223904500042156
48,clifford,10,mean,1,45000,-5.187638888888888,-0.21550293388931063,0.21550293388931063
48,clifford,10,mean,1,50000,-5.058374999999999,-0.08623904500042201,0.08623904500042201
48,seeqst_uniform,10,mean,1,10,0.0,4.972135954999577,4.972135954999577
48,seeqst_uniform,10,mean,1,30,0.0,4.972135954999577,4.972135954999577
48,seeqst_uniform,10,mean,1,100,-10.24,-5.267864045000423,5.267864045000423
48,seeqst_uniform,10,mean,1,300,-17.066666666666666,-12.09453071166709,12.09453071166709
48,seeqst_uniform,10,mean,1,1000,-8.192,-3.2198640450004232,3.2198640450004232
48,seeqst_uniform,10,mean,1,3000,-7.168,-2.195864045000423,2.195864045000423
48,seeqst_uniform,10,mean,1,5000,-7.5776,-2.6054640450004234,2.6054640450004234
48,seeqst_uniform,10,mean,1,10000,-7.4752,-2.503064045000423,2.503064045000423
48,seeqst_uniform,10,mean,1,15000,-6.2805333333333335,-1.3083973783337566,1.3083973783337566
48,seeqst_uniform,10,mean,1,20000,-7.1168,-2.1446640450004226,2.1446640450004226
48,seeqst_uniform,10,mean,1,25000,-6.63552,-1.6633840450004227,1.6633840450004227
48,seeqst_uniform,10,mean,1,30000,-6.3488,-1.3766640450004228,1.3766640450004228
48,seeqst_uniform,10,mean,1,35000,-6.026971428571429,-1.0548354735718517,1.0548354735718517
48,seeqst_uniform,10,mean,1,40000,-5.76,-0.7878640450004228,0.7878640450004228
48,seeqst_uniform,10,mean,1,45000,-5.620622222222222,-0.648486267222645,0.648486267222645
48,seeqst_uniform,10,mean,1,50000,-5.7344,-0.762264045000423,0.762264045000423
48,seeqst_binomial_q0.09091,10,mean,1,10,0.0,4.972135954999577,4.972135954999577
48,seeqst_binomial_q0.09091,10,mean,1,30,8.645808201370828,13.617944156370406,13.617944156370406
48,seeqst_binomial_q0.09091,10,mean,1,100,2.593742460411248,7.565878415410825,7.565878415410825
48,seeqst_binomial_q0.09091,10,mean,1,300,-4.322904100685414,0.6492318543141629,0.6492318543141629
48,seeqst_binomial_q0.09091,10,mean,1,1000,-5.965607658945872,-0.9934717039462955,0.9934717039462955
48,seeqst_binomial_q0.09091,10,mean,1,3000,-5.619775330891039,-0.6476393758914618,0.6476393758914618
48,seeqst_binomial_q0.09091,10,mean,1,5000,-5.4987340160718325,-0.5265980610722556,0.5265980610722556
48,seeqst_binomial_q0.09091,10,mean,1,10000,-5.3690468930512605,-0.39691093805168354,0.39691093805168354
48,seeqst_binomial_q0.09091,10,mean,1,15000,-5.1529016880170095,-0.1807657330174326,0.1807657330174326
48,seeqst_binomial_q0.09091,10,mean,1,20000,-5.356078180749257,-0.3839422257496796,0.3839422257496796
48,seeqst_binomial_q0.09091,10,mean,1,25000,-5.415734257338724,-0.4435983023391472,0.4435983023391472
48,seeqst_binomial_q0.09091,10,mean,1,30000,-5.299880427440322,-0.3277444724407452,0.3277444724407452
48,seeqst_binomial_q0.09091,10,mean,1,35000,-5.157842149846351,-0.18570619484677398,0.18570619484677398
48,seeqst_binomial_q0.09091,10,mean,1,40000,-5.103188290859095,-0.13105233585951837,0.13105233585951837
48,seeqst_binomial_q0.09091,10,mean,1,45000,-5.147137815882713,-0.1750018608831363,0.1750018608831363
48,seeqst_binomial_q0.09091,10,mean,1,50000,-5.011110433514471,-0.038974478514893995,0.038974478514893995
48,seeqst_binomial_q0.5,10,mean,1,10,0.0,4.972135954999577,4.972135954999577
48,seeqst_binomial_q0.5,10,mean,1,30,0.0,4.972135954999577,4.972135954999577
48,seeqst_binomial_q0.5,10,mean,1,100,-10.24,-5.267864045000423,5.267864045000423
48,seeqst_binomial_q0.5,10,mean,1,300,-6.826666666666667,-1.8545307116670902,1.8545307116670902
48,seeqst_binomial_q0.5,10,mean,1,1000,-8.192,-3.2198640450004232,3.2198640450004232
48,seeqst_binomial_q0.5,10,mean,1,3000,-5.461333333333333,-0.4891973783337562,0.4891973783337562
48,seeqst_binomial_q0.5,10,mean,1,5000,-6.3488,-1.3766640450004228,1.3766640450004228
48,seeqst_binomial_q0.5,10,mean,1,10000,-4.4032,0.5689359549995769,0.5689359549995769
48,seeqst_binomial_q0.5,10,mean,1,15000,-3.618133333333333,1.3540026216662437,1.3540026216662437
48,seeqst_binomial_q0.5,10,mean,1,20000,-3.84,1.132135954999577,1.132135954999577
48,seeqst_binomial_q0.5,10,mean,1,25000,-3.64544,1.3266959549995772,1.3266959549995772
48,seeqst_binomial_q0.5,10,mean,1,30000,-3.7205333333333335,1.2516026216662435,1.2516026216662435
48,seeqst_binomial_q0.5,10,mean,1,35000,-3.861942857142857,1.1101930978567198,1.1101930978567198
48,seeqst_binomial_q0.5,10,mean,1,40000,-3.7376,1.234535954999577,1.234535954999577
48,seeqst_binomial_q0.5,10,mean,1,45000,-3.6636444444444445,1.3084915105551325,1.3084915105551325
48,seeqst_binomial_q0.5,10,mean,1,50000,-3.584,1.3881359549995769,1.3881359549995769
48,seeqst_binomial_tuned,10,mean,1,10,0.0,4.972135954999577,4.972135954999577
48,seeqst_binomial_tuned,10,mean,1,30,0.0,4.972135954999577,4.972135954999577
48,seeqst_binomial_tuned,10,mean,1,100,-8.940696716308592,-3.968560761309015,3.968560761309015
48,seeqst_binomial_tuned,10,mean,1,300,-6.953875223795571,-1.9817392687959945,1.9817392687959945
48,seeqst_binomial_tuned,10,mean,1,1000,-5.066394805908202,-0.09425885090862529,0.09425885090862529
48,seeqst_binomial_tuned,10,mean,1,3000,-5.612770716349282,-0.6406347613497054,0.6406347613497054
48,seeqst_binomial_tuned,10,mean,1,5000,-5.006790161132812,-0.034654206133234666,0.034654206133234666
48,seeqst_binomial_tuned,10,mean,1,10000,-5.349516868591308,-0.37738091359173076,0.37738091359173076
48,seeqst_binomial_tuned,10,mean,1,15000,-5.205472310384113,-0.23333635538453645,0.23333635538453645
48,seeqst_binomial_tuned,10,mean,1,20000,-5.289912223815917,-0.31777626881634014,0.31777626881634014
48,seeqst_binomial_tuned,10,mean,1,25000,-5.263090133666991,-0.29095417866741435,0.29095417866741435
48,seeqst_binomial_tuned,10,mean,1,30000,-5.205472310384113,-0.23333635538453645,0.23333635538453645
48,seeqst_binomial_tuned,10,mean,1,35000,-5.326100758143832,-0.3539648031442555,0.3539648031442555
48,seeqst_binomial_tuned,10,mean,1,40000,-5.3159892559051505,-0.34385330090557353,0.34385330090557353
48,seeqst_binomial_tuned,10,mean,1,45000,-5.3445498148600254,-0.3724138598604485,0.3724138598604485
48,seeqst_binomial_tuned,10,mean,1,50000,-5.3316354751586905,-0.3594995201591136,0.3594995201591136
49,pauli,10,mean,1,10,0.8999999999999965,5.872135954999574,5.872135954999574
49,pauli,10,mean,1,30,-21.674999999999994,-16.702864045000418,16.702864045000418
49,pauli,10,mean,1,100,-7.649999999999998,-2.6778640450004207,2.6778640450004207
49,pauli,10,mean,1,300,-18.029999999999994,-13.057864045000418,13.057864045000418
49,pauli,10,mean,1,1000,-5.597999999999998,-0.6258640450004211,0.6258640450004211
49,pauli,10,mean,1,3000,-2.8072499999999994,2.1648859549995776,2.1648859549995776
49,pauli,10,mean,1,5000,-3.2138999999999993,1.7582359549995776,1.7582359549995776
49,pauli,10,mean,1,10000,-5.108849999999999,-0.1367140450004216,0.1367140450004216
49,pauli,10,mean,1,15000,-4.916999999999999,0.05513595499957802,0.05513595499957802
49,pauli,10,mean,1,20000,-4.9979249999999995,-0.02578904500042256,0.02578904500042256
49,pauli,10,mean,1,25000,-4.9940999999999995,-0.021964045000422594,0.021964045000422594
49,pauli,10,mean,1,30000,-5.168099999999999,-0.19596404500042208,0.19596404500042208
49,pauli,10,mean,1,35000,-5.046492857142856,-0.07435690214327906,0.07435690214327906
49,pauli,10,mean,1,40000,-4.846781249999999,0.12535470499957757,0.12535470499957757
49,pauli,10,mean,1,45000,-5.01885,-0.046714045000422644,0.046714045000422644
49,pauli,10,mean,1,50000,-5.071185,-0.09904904500042289,0.09904904500042289
49,clifford,10,mean,1,10,3.206394006877054e-15,4.9721359549995805,4.9721359549995805
49,clifford,10,mean,1,30,-17.083333333333282,-12.111197378333706,12.111197378333706
49,clifford,10,mean,1,100,-20.499999999999932,-15.527864045000356,15.527864045000356
49,clifford,10,mean,1,300,-13.666666666666615,-8.694530711667039,8.694530711667039
49,clifford,10,mean,1,1000,-6.9187499999999735,-1.9466140450003966,1.9466140450003966
49,clifford,10,mean,1,3000,-6.06458333333332,-1.092447378333743,1.092447378333743
49,clifford,10,mean,1,5000,-4.81749999999999,0.15463595499958682,0.15463595499958682
49,clifford,10,mean,1,10000,-5.022499999999995,-0.05036404500041769,0.05036404500041769
49,clifford,10,mean,1,15000,-5.244583333333329,-0.27244737833375243,0.27244737833375243
49,clifford,10,mean,1,20000,-4.855937499999997,0.11619845499958004,0.11619845499958004
49,clifford,10,mean,1,25000,-5.135249999999997,-0.16311404500042048,0.16311404500042048
49,clifford,10,mean,1,30000,-4.902916666666664,0.06921928833291258,0.06921928833291258
49,clifford,10,mean,1,35000,-5.227499999999998,-0.2553640450004213,0.2553640450004213
49,clifford,10,mean,1,40000,-5.131406249999999,-0.15927029500042167,0.15927029500042167
49,clifford,10,mean,1,45000,-5.056666666666666,-0.08453071166708881,0.08453071166708881
49,clifford,10,mean,1,50000,-4.919999999999999,0.052135954999577905,0.052135954999577905
49,seeqst_uniform,10,mean,1,10,0.0,4.972135954999577,4.972135954999577
49,seeqst_uniform,10,mean,1,30,0.0,4.972135954999577,4.972135954999577
49,seeqst_uniform,10,mean,1,100,-10.24,-5.267864045000423,5.267864045000423
49,seeqst_uniform,10,mean,1,300,0.0,4.972135954999577,4.972135954999577
49,seeqst_uniform,10,mean,1,1000,-4.096,0.8761359549995769,0.8761359549995769
49,seeqst_uniform,10,mean,1,3000,-7.850666666666666,-2.8785307116670893,2.8785307116670893
49,seeqst_uniform,10,mean,1,5000,-7.168,-2.195864045000423,2.195864045000423
49,seeqst_uniform,10,mean,1,10000,-7.68,-2.7078640450004228,2.7078640450004228
49,seeqst_uniform,10,mean,1,15000,-6.3488,-1.3766640450004228,1.3766640450004228
49,seeqst_uniform,10,mean,1,20000,-6.0416,-1.069464045000423,1.069464045000423
49,seeqst_uniform,10,mean,1,25000,-5.65248,-0.6803440450004228,0.6803440450004228
49,seeqst_uniform,10,mean,1,30000,-5.2565333333333335,-0.28439737833375656,0.28439737833375656
49,seeqst_uniform,10,mean,1,35000,-5.061485714285714,-0.08934975928613742,0.08934975928613742
49,seeqst_uniform,10,mean,1,40000,-4.7872,0.1849359549995766,0.1849359549995766
49,seeqst_uniform,10,mean,1,45000,-4.8014222222222225,0.17071373277735447,0.17071373277735447
49,seeqst_uniform,10,mean,1,50000,-4.85376,0.11837595499957665,0.11837595499957665
49,seeqst_binomial_q0.09091,10,mean,1,10,0.0,4.972135954999577,4.972135954999577
49,seeqst_binomial_q0.09091,10,mean,1,30,8.645808201370828,13.617944156370406,13.617944156370406
49,seeqst_binomial_q0.09091,10,mean,1,100,-2.593742460411248,2.378393494588329,2.378393494588329
49,seeqst_binomial_q0.09091,10,mean,1,300,-2.593742460411248,2.378393494588329,2.378393494588329
49,seeqst_binomial_q0.09091,10,mean,1,1000,-3.890613690616873,1.0815222643827038,1.0815222643827038
49,seeqst_binomial_q0.09091,10,mean,1,3000,-4.841652592767665,0.13048336223191193,0.13048336223191193
49,seeqst_binomial_q0.09091,10,mean,1,5000,-4.098113087449768,0.874022867549809,0.874022867549809
49,seeqst_binomial_q0.09091,10,mean,1,10000,-4.149987936657982,0.8221480183415952,0.8221480183415952
49,seeqst_binomial_q0.09091,10,mean,1,15000,-4.2364460186716855,0.7356899363278915,0.7356899363278915
49,seeqst_binomial_q0.09091,10,mean,1,20000,-4.396393470397074,0.575742484602503,0.575742484602503
49,seeqst_binomial_q0.09091,10,mean,1,25000,-4.53386182079889,0.43827413420068684,0.43827413420068684
49,seeqst_binomial_q0.09091,10,mean,1,30000,-4.435299607303269,0.5368363476963083,0.5368363476963083
49,seeqst_binomial_q0.09091,10,mean,1,35000,-4.313023177026716,0.6591127779728607,0.6591127779728607
49,seeqst_binomial_q0.09091,10,mean,1,40000,-4.402877826548083,0.5692581284514944,0.5692581284514944
49,seeqst_binomial_q0.09091,10,mean,1,45000,-4.484292520444306,0.4878434345552707,0.4878434345552707
49,seeqst_binomial_q0.09091,10,mean,1,50000,-4.414549667619904,0.5575862873796726,0.5575862873796726
49,seeqst_binomial_q0.5,10,mean,1,10,0.0,4.972135954999577,4.972135954999577
49,seeqst_binomial_q0.5,10,mean,1,30,0.0,4.972135954999577,4.972135954999577
49,seeqst_binomial_q0.5,10,mean,1,100,-10.24,-5.267864045000423,5.267864045000423
49,seeqst_binomial_q0.5,10,mean,1,300,-6.826666666666667,-1.8545307116670902,1.8545307116670902
49,seeqst_binomial_q0.5,10,mean,1,1000,-6.144,-1.1718640450004232,1.1718640450004232
49,seeqst_binomial_q0.5,10,mean,1,3000,-4.437333333333333,0.5348026216662438,0.5348026216662438
49,seeqst_binomial_q0.5,10,mean,1,5000,-4.9152,0.056935954999577376,0.056935954999577376
49,seeqst_binomial_q0.5,10,mean,1,10000,-4.7104,0.261735954999577,0.261735954999577
49,seeqst_binomial_q0.5,10,mean,1,15000,-4.9152,0.056935954999577376,0.056935954999577376
49,seeqst_binomial_q0.5,10,mean,1,20000,-5.0176,-0.04546404500042289,0.04546404500042289
49,seeqst_binomial_q0.5,10,mean,1,25000,-5.03808,-0.06594404500042295,0.06594404500042295
49,seeqst_binomial_q0.5,10,mean,1,30000,-4.846933333333333,0.12520262166624363,0.12520262166624363
49,seeqst_binomial_q0.5,10,mean,1,35000,-4.9152,0.056935954999577376,0.056935954999577376
49,seeqst_binomial_q0.5,10,mean,1,40000,-5.1968,-0.2246640450004227,0.2246640450004227
49,seeqst_binomial_q0.5,10,mean,1,45000,-5.051733333333333,-0.07959737833375602,0.07959737833375602
49,seeqst_binomial_q0.5,10,mean,1,50000,-5.0176,-0.04546404500042289,0.04546404500042289
49,seeqst_binomial_tuned,10,mean,1,10,-29.802322387695305,-24.83018643269573,24.83018643269573
49,seeqst_binomial_tuned,10,mean,1,30,-19.868214925130204,-14.896078970130628,14.896078970130628
49,seeqst_binomial_tuned,10,mean,1,100,-10.430812835693358,-5.458676880693781,5.458676880693781
49,seeqst_binomial_tuned,10,mean,1,300,-5.960464477539062,-0.9883285225394847,0.9883285225394847
49,seeqst_binomial_tuned,10,mean,1,1000,-4.917383193969726,0.05475276102985127,0.05475276102985127
49,seeqst_binomial_tuned,10,mean,1,3000,-4.967053731282552,0.005082223717025158,0.005082223717025158
49,seeqst_binomial_tuned,10,mean,1,5000,-4.7087669372558585,0.26336901774371846,0.26336901774371846
49,seeqst_binomial_tuned,10,mean,1,10000,-5.200505256652831,-0.2283693016532542,0.2283693016532542
49,seeqst_binomial_tuned,10,mean,1,15000,-5.036592483520507,-0.06445652852092998,0.06445652852092998
49,seeqst_binomial_tuned,10,mean,1,20000,-5.029141902923583,-0.05700594792400615,0.05700594792400615
49,seeqst_binomial_tuned,10,mean,1,25000,-5.102157592773437,-0.13002163777385967,0.13002163777385967
49,seeqst_binomial_tuned,10,mean,1,30000,-4.991888999938964,-0.01975304493938701,0.01975304493938701
49,seeqst_binomial_tuned,10,mean,1,35000,-4.994017737252371,-0.02188178225279369,0.02188178225279369
49,seeqst_binomial_tuned,10,mean,1,40000,-4.958361387252807,0.013774567746770217,0.013774567746770217
49,seeqst_binomial_tuned,10,mean,1,45000,-5.053149329291449,-0.08101337429187172,0.08101337429187172
49,seeqst_binomial_tuned,10,mean,1,50000,-5.149841308593749,-0.17770535359417217,0.17770535359417217
