state_repeat,obs_repeat,state_type,ensemble,n,m,num_terms,num_observables,min_xy,rest_mode,coeff_dist,estimator,mom_num_groups,n_sample,rmse,max_error
0,0,haar_random,pauli,6,5,5,50,1,z,normal,mean,1,10,20.344470818587194,142.2926594404023
0,0,haar_random,pauli,6,5,5,50,1,z,normal,mean,1,30,7.198519357347148,47.38810944635577
0,0,haar_random,pauli,6,5,5,50,1,z,normal,mean,1,100,4.0956735683373005,10.509569636471557
0,0,haar_random,pauli,6,5,5,50,1,z,normal,mean,1,300,2.7452075220290717,6.630890036928663
0,0,haar_random,pauli,6,5,5,50,1,z,normal,mean,1,1000,1.701934664478563,4.38648484810069
0,0,haar_random,pauli,6,5,5,50,1,z,normal,mean,1,3000,1.0685337576619252,3.178525140958562
0,0,haar_random,pauli,6,5,5,50,1,z,normal,mean,1,4000,0.9675667627320926,2.9248682843170775
0,0,haar_random,pauli,6,5,5,50,1,z,normal,mean,1,5000,0.7760638866116459,2.038698461498802
0,0,haar_random,pauli,6,5,5,50,1,z,normal,mean,1,6000,0.7609220886942553,2.1148090571434555
0,0,haar_random,clifford,6,5,5,50,1,z,normal,mean,1,10,5.820341838899568,14.950323185045821
0,0,haar_random,clifford,6,5,5,50,1,z,normal,mean,1,30,3.7841296224815912,13.391780752239525
0,0,haar_random,clifford,6,5,5,50,1,z,normal,mean,1,100,2.114053526893333,6.551230071733122
0,0,haar_random,clifford,6,5,5,50,1,z,normal,mean,1,300,0.9518929501599779,2.361984719623473
0,0,haar_random,clifford,6,5,5,50,1,z,normal,mean,1,1000,0.5138788657186785,1.5957661094857016
0,0,haar_random,clifford,6,5,5,50,1,z,normal,mean,1,3000,0.24946790717702214,0.7312317123999537
0,0,haar_random,clifford,6,5,5,50,1,z,normal,mean,1,4000,0.2573807986804005,0.6631592994962381
0,0,haar_random,clifford,6,5,5,50,1,z,normal,mean,1,5000,0.22415496487674616,0.4793193294093915
0,0,haar_random,clifford,6,5,5,50,1,z,normal,mean,1,6000,0.2094211320773578,0.5103585467068475
0,0,haar_random,seeqst_uniform,6,5,5,50,1,z,normal,mean,1,10,8.975680707331843,30.167032612938407
0,0,haar_random,seeqst_uniform,6,5,5,50,1,z,normal,mean,1,30,3.6643900274259398,10.410442998245806
0,0,haar_random,seeqst_uniform,6,5,5,50,1,z,normal,mean,1,100,2.0995777641826,6.697426201592482
0,0,haar_random,seeqst_uniform,6,5,5,50,1,z,normal,mean,1,300,1.4656650175894501,6.54391411955339
0,0,haar_random,seeqst_uniform,6,5,5,50,1,z,normal,mean,1,1000,0.7881206233216689,2.969673940378685
0,0,haar_random,seeqst_uniform,6,5,5,50,1,z,normal,mean,1,3000,0.5567316369225404,1.2660805393475867
0,0,haar_random,seeqst_uniform,6,5,5,50,1,z,normal,mean,1,4000,0.41537830689510646,1.2316147897356595
0,0,haar_random,seeqst_uniform,6,5,5,50,1,z,normal,mean,1,5000,0.3815553562705801,1.2916203574583598
0,0,haar_random,seeqst_uniform,6,5,5,50,1,z,normal,mean,1,6000,0.34360590369591587,1.1146311639492241
0,0,haar_random,seeqst_binomial_tuned,6,5,5,50,1,z,normal,mean,1,10,3.2340333684913927,14.285811755138317
0,0,haar_random,seeqst_binomial_tuned,6,5,5,50,1,z,normal,mean,1,30,1.412442593410829,4.13026610865222
0,0,haar_random,seeqst_binomial_tuned,6,5,5,50,1,z,normal,mean,1,100,2.1804387663277276,8.414521497327124
0,0,haar_random,seeqst_binomial_tuned,6,5,5,50,1,z,normal,mean,1,300,3.73751895816471,18.72250029313732
0,0,haar_random,seeqst_binomial_tuned,6,5,5,50,1,z,normal,mean,1,1000,1.603488120701122,7.367862278191545
0,0,haar_random,seeqst_binomial_tuned,6,5,5,50,1,z,normal,mean,1,3000,2.575950109746393,11.788328526913087
0,0,haar_random,seeqst_binomial_tuned,6,5,5,50,1,z,normal,mean,1,4000,2.623778751746023,9.041880017579954
0,0,haar_random,seeqst_binomial_tuned,6,5,5,50,1,z,normal,mean,1,5000,2.1203205830430125,6.736338895507107
0,0,haar_random,seeqst_binomial_tuned,6,5,5,50,1,z,normal,mean,1,6000,1.8007987115932038,5.785598536528034
0,1,haar_random,pauli,6,5,5,50,1,z,normal,mean,1,10,21.622928201030625,133.5097716057247
0,1,haar_random,pauli,6,5,5,50,1,z,normal,mean,1,30,13.676930350054212,57.58632949259043
0,1,haar_random,pauli,6,5,5,50,1,z,normal,mean,1,100,6.07707993370357,19.786843954567924
0,1,haar_random,pauli,6,5,5,50,1,z,normal,mean,1,300,2.7579694209281307,6.93951250472238
0,1,haar_random,pauli,6,5,5,50,1,z,normal,mean,1,1000,1.9293262873953374,4.869765187454901
0,1,haar_random,pauli,6,5,5,50,1,z,normal,mean,1,3000,1.2020002350264607,2.8810039180208804
0,1,haar_random,pauli,6,5,5,50,1,z,normal,mean,1,4000,1.1439069300517082,3.5771453278842036
0,1,haar_random,pauli,6,5,5,50,1,z,normal,mean,1,5000,1.019538737473982,3.5078653107200846
0,1,haar_random,pauli,6,5,5,50,1,z,normal,mean,1,6000,0.9093107308111396,2.9404076533370405
0,1,haar_random,clifford,6,5,5,50,1,z,normal,mean,1,10,5.931213705929786,19.49550837102314
0,1,haar_random,clifford,6,5,5,50,1,z,normal,mean,1,30,3.321010586630561,8.567580548535554
0,1,haar_random,clifford,6,5,5,50,1,z,normal,mean,1,100,2.057771721986745,5.361704776772928
0,1,haar_random,clifford,6,5,5,50,1,z,normal,mean,1,300,1.0634686631670782,2.8607046895501846
0,1,haar_random,clifford,6,5,5,50,1,z,normal,mean,1,1000,0.555130212883165,1.4551080595829384
0,1,haar_random,clifford,6,5,5,50,1,z,normal,mean,1,3000,0.39150041653382034,0.9744389880545521
0,1,haar_random,clifford,6,5,5,50,1,z,normal,mean,1,4000,0.34474811866469834,0.9116499571664528
0,1,haar_random,clifford,6,5,5,50,1,z,normal,mean,1,5000,0.3146359186239234,0.7902690255305784
0,1,haar_random,clifford,6,5,5,50,1,z,normal,mean,1,6000,0.27966825016137153,0.7480629254546788
0,1,haar_random,seeqst_uniform,6,5,5,50,1,z,normal,mean,1,10,8.591601828740302,33.23078432416079
0,1,haar_random,seeqst_uniform,6,5,5,50,1,z,normal,mean,1,30,4.021986038966973,11.26088113127221
0,1,haar_random,seeqst_uniform,6,5,5,50,1,z,normal,mean,1,100,3.1326105008033394,8.248987152454417
0,1,haar_random,seeqst_uniform,6,5,5,50,1,z,normal,mean,1,300,1.604270973849307,5.251800944772357
0,1,haar_random,seeqst_uniform,6,5,5,50,1,z,normal,mean,1,1000,0.8389143028129118,2.408785253714873
0,1,haar_random,seeqst_uniform,6,5,5,50,1,z,normal,mean,1,3000,0.5632155663254451,1.8658813824988711
0,1,haar_random,seeqst_uniform,6,5,5,50,1,z,normal,mean,1,4000,0.4584251062674863,1.4302487954304135
0,1,haar_random,seeqst_uniform,6,5,5,50,1,z,normal,mean,1,5000,0.3670194417721914,1.3904693164341615
0,1,haar_random,seeqst_uniform,6,5,5,50,1,z,normal,mean,1,6000,0.36047252196876073,1.247414856783363
0,1,haar_random,seeqst_binomial_tuned,6,5,5,50,1,z,normal,mean,1,10,6.290948612505137,32.08432004514719
0,1,haar_random,seeqst_binomial_tuned,6,5,5,50,1,z,normal,mean,1,30,3.566946285861742,22.078195518395557
0,1,haar_random,seeqst_binomial_tuned,6,5,5,50,1,z,normal,mean,1,100,3.1267948420638723,13.23627827598482
0,1,haar_random,seeqst_binomial_tuned,6,5,5,50,1,z,normal,mean,1,300,4.642242395664458,29.566965319276353
0,1,haar_random,seeqst_binomial_tuned,6,5,5,50,1,z,normal,mean,1,1000,2.5635124252943817,8.884194687199983
0,1,haar_random,seeqst_binomial_tuned,6,5,5,50,1,z,normal,mean,1,3000,3.146144178277496,19.14631566241093
0,1,haar_random,seeqst_binomial_tuned,6,5,5,50,1,z,normal,mean,1,4000,2.9953071608542445,14.403734150220345
0,1,haar_random,seeqst_binomial_tuned,6,5,5,50,1,z,normal,mean,1,5000,2.403251336842295,11.577779554908632
0,1,haar_random,seeqst_binomial_tuned,6,5,5,50,1,z,normal,mean,1,6000,2.00880104294254,9.72646701137189
0,2,haar_random,pauli,6,5,5,50,1,z,normal,mean,1,10,14.727955904635753,104.13248738429095
0,2,haar_random,pauli,6,5,5,50,1,z,normal,mean,1,30,8.833772635849442,35.04617523778095
0,2,haar_random,pauli,6,5,5,50,1,z,normal,mean,1,100,5.140735110348551,19.030985007633426
0,2,haar_random,pauli,6,5,5,50,1,z,normal,mean,1,300,3.2415978435101382,9.820347093635345
0,2,haar_random,pauli,6,5,5,50,1,z,normal,mean,1,1000,1.8466000584837172,4.752863969323449
0,2,haar_random,pauli,6,5,5,50,1,z,normal,mean,1,3000,1.2552582446371714,5.207630360478791
0,2,haar_random,pauli,6,5,5,50,1,z,normal,mean,1,4000,0.9258023386413161,3.619142384086871
0,2,haar_random,pauli,6,5,5,50,1,z,normal,mean,1,5000,0.8052199445864512,2.5992525053399884
0,2,haar_random,pauli,6,5,5,50,1,z,normal,mean,1,6000,0.842867030233633,3.431838674234361
0,2,haar_random,clifford,6,5,5,50,1,z,normal,mean,1,10,6.248592350986676,17.9768585701372
0,2,haar_random,clifford,6,5,5,50,1,z,normal,mean,1,30,3.57037491240701,9.866337342392193
0,2,haar_random,clifford,6,5,5,50,1,z,normal,mean,1,100,2.0094351387432154,4.83880409315002
0,2,haar_random,clifford,6,5,5,50,1,z,normal,mean,1,300,0.9526428843355997,2.42960081161395
0,2,haar_random,clifford,6,5,5,50,1,z,normal,mean,1,1000,0.5679249023972766,1.5178083126070265
0,2,haar_random,clifford,6,5,5,50,1,z,normal,mean,1,3000,0.38937681080260894,1.172946495323297
0,2,haar_random,clifford,6,5,5,50,1,z,normal,mean,1,4000,0.30507712093649525,0.8500489010385339
0,2,haar_random,clifford,6,5,5,50,1,z,normal,mean,1,5000,0.31841710002587476,0.8592451501639635
0,2,haar_random,clifford,6,5,5,50,1,z,normal,mean,1,6000,0.27793589268239194,0.9142870489195183
0,2,haar_random,seeqst_uniform,6,5,5,50,1,z,normal,mean,1,10,14.454966605606895,66.0611983683279
0,2,haar_random,seeqst_uniform,6,5,5,50,1,z,normal,mean,1,30,4.543996047047238,22.937414656705066
0,2,haar_random,seeqst_uniform,6,5,5,50,1,z,normal,mean,1,100,3.2737980512997766,9.591821841895797
0,2,haar_random,seeqst_uniform,6,5,5,50,1,z,normal,mean,1,300,1.7972746008603169,5.0733600122095055
0,2,haar_random,seeqst_uniform,6,5,5,50,1,z,normal,mean,1,1000,0.7990089928305683,2.400867411105777
0,2,haar_random,seeqst_uniform,6,5,5,50,1,z,normal,mean,1,3000,0.4908704750164108,1.3390291934157221
0,2,haar_random,seeqst_uniform,6,5,5,50,1,z,normal,mean,1,4000,0.4732582666358789,1.4983340892034394
0,2,haar_random,seeqst_uniform,6,5,5,50,1,z,normal,mean,1,5000,0.43753039617421446,1.6952662811745838
0,2,haar_random,seeqst_uniform,6,5,5,50,1,z,normal,mean,1,6000,0.4573639521044877,1.7989094825922873
0,2,haar_random,seeqst_binomial_tuned,6,5,5,50,1,z,normal,mean,1,10,7.984207610349093,32.570776823469245
0,2,haar_random,seeqst_binomial_tuned,6,5,5,50,1,z,normal,mean,1,30,4.088324726329166,12.8839149172846
0,2,haar_random,seeqst_binomial_tuned,6,5,5,50,1,z,normal,mean,1,100,2.999023294342761,11.521432892196025
0,2,haar_random,seeqst_binomial_tuned,6,5,5,50,1,z,normal,mean,1,300,5.747058011017878,18.57873806995942
0,2,haar_random,seeqst_binomial_tuned,6,5,5,50,1,z,normal,mean,1,1000,2.275065683040999,6.317380244697096
0,2,haar_random,seeqst_binomial_tuned,6,5,5,50,1,z,normal,mean,1,3000,2.3267240215791376,9.860713604296008
0,2,haar_random,seeqst_binomial_tuned,6,5,5,50,1,z,normal,mean,1,4000,1.9364898568567321,7.411702200782354
0,2,haar_random,seeqst_binomial_tuned,6,5,5,50,1,z,normal,mean,1,5000,1.6853302141398074,5.927192173465099
0,2,haar_random,seeqst_binomial_tuned,6,5,5,50,1,z,normal,mean,1,6000,1.4810606234874242,4.872663262297552
0,3,haar_random,pauli,6,5,5,50,1,z,normal,mean,1,10,22.159172817328614,106.70186161794481
0,3,haar_random,pauli,6,5,5,50,1,z,normal,mean,1,30,10.369717351895005,42.22413532213723
0,3,haar_random,pauli,6,5,5,50,1,z,normal,mean,1,100,5.567203619503387,17.24581218813599
0,3,haar_random,pauli,6,5,5,50,1,z,normal,mean,1,300,3.102244121178131,9.718323221014137
0,3,haar_random,pauli,6,5,5,50,1,z,normal,mean,1,1000,1.846985179816946,4.61637900302755
0,3,haar_random,pauli,6,5,5,50,1,z,normal,mean,1,3000,1.1823658931213863,3.711050037477871
0,3,haar_random,pauli,6,5,5,50,1,z,normal,mean,1,4000,0.9306337747001505,2.5345807157519524
0,3,haar_random,pauli,6,5,5,50,1,z,normal,mean,1,5000,0.7591021360015556,2.289204717733556
0,3,haar_random,pauli,6,5,5,50,1,z,normal,mean,1,6000,0.6939404172879186,2.264472925629055
0,3,haar_random,clifford,6,5,5,50,1,z,normal,mean,1,10,5.343557535355829,18.769606425299944
0,3,haar_random,clifford,6,5,5,50,1,z,normal,mean,1,30,2.5377740113480804,6.144825426731256
0,3,haar_random,clifford,6,5,5,50,1,z,normal,mean,1,100,1.936986274010064,7.1830788518106266
0,3,haar_random,clifford,6,5,5,50,1,z,normal,mean,1,300,1.0849071370096366,3.1054492535047347
0,3,haar_random,clifford,6,5,5,50,1,z,normal,mean,1,1000,0.572225237659444,1.6169171831185807
0,3,haar_random,clifford,6,5,5,50,1,z,normal,mean,1,3000,0.29099762417138497,0.862826563816719
0,3,haar_random,clifford,6,5,5,50,1,z,normal,mean,1,4000,0.2599759255816589,0.7151541857033838
0,3,haar_random,clifford,6,5,5,50,1,z,normal,mean,1,5000,0.2197754410454206,0.614966522928359
0,3,haar_random,clifford,6,5,5,50,1,z,normal,mean,1,6000,0.22987127035660745,0.6461285052730699
0,3,haar_random,seeqst_uniform,6,5,5,50,1,z,normal,mean,1,10,10.331533802980037,33.06738281429081
0,3,haar_random,seeqst_uniform,6,5,5,50,1,z,normal,mean,1,30,5.027746934500292,17.881126767215616
0,3,haar_random,seeqst_uniform,6,5,5,50,1,z,normal,mean,1,100,2.557345452116736,10.24785913984402
0,3,haar_random,seeqst_uniform,6,5,5,50,1,z,normal,mean,1,300,1.6819190351184037,4.648310970576251
0,3,haar_random,seeqst_uniform,6,5,5,50,1,z,normal,mean,1,1000,0.9517184085823944,2.9659927806011144
0,3,haar_random,seeqst_uniform,6,5,5,50,1,z,normal,mean,1,3000,0.43115765218347396,0.992117273590787
0,3,haar_random,seeqst_uniform,6,5,5,50,1,z,normal,mean,1,4000,0.33137212231675195,0.806015820375163
0,3,haar_random,seeqst_uniform,6,5,5,50,1,z,normal,mean,1,5000,0.2716892996664682,0.5325987774999328
0,3,haar_random,seeqst_uniform,6,5,5,50,1,z,normal,mean,1,6000,0.2544324430794773,0.6002054392200755
0,3,haar_random,seeqst_binomial_tuned,6,5,5,50,1,z,normal,mean,1,10,2.4227652184379824,8.350851190620709
0,3,haar_random,seeqst_binomial_tuned,6,5,5,50,1,z,normal,mean,1,30,1.7397220206175754,6.431690874428613
0,3,haar_random,seeqst_binomial_tuned,6,5,5,50,1,z,normal,mean,1,100,2.0810873933707548,7.432605667900442
0,3,haar_random,seeqst_binomial_tuned,6,5,5,50,1,z,normal,mean,1,300,4.162969822590818,19.218058284544036
0,3,haar_random,seeqst_binomial_tuned,6,5,5,50,1,z,normal,mean,1,1000,1.6944893875699414,5.722280224785779
0,3,haar_random,seeqst_binomial_tuned,6,5,5,50,1,z,normal,mean,1,3000,1.6207991792450054,5.527110068067584
0,3,haar_random,seeqst_binomial_tuned,6,5,5,50,1,z,normal,mean,1,4000,1.2062969714892553,3.80820232538565
0,3,haar_random,seeqst_binomial_tuned,6,5,5,50,1,z,normal,mean,1,5000,1.0486683345334205,2.9433126962303953
0,3,haar_random,seeqst_binomial_tuned,6,5,5,50,1,z,normal,mean,1,6000,0.9587899512959028,3.186610812003158
0,4,haar_random,pauli,6,5,5,50,1,z,normal,mean,1,10,26.038978128572918,136.5055330155855
0,4,haar_random,pauli,6,5,5,50,1,z,normal,mean,1,30,15.77338002664769,76.46434926916662
0,4,haar_random,pauli,6,5,5,50,1,z,normal,mean,1,100,5.821358623625977,22.532245864689404
0,4,haar_random,pauli,6,5,5,50,1,z,normal,mean,1,300,3.801721670523402,14.827659664049802
0,4,haar_random,pauli,6,5,5,50,1,z,normal,mean,1,1000,1.6034043376548839,4.234916919037569
0,4,haar_random,pauli,6,5,5,50,1,z,normal,mean,1,3000,1.176620033667819,3.483126651180734
0,4,haar_random,pauli,6,5,5,50,1,z,normal,mean,1,4000,1.0572789397431621,3.749260508242779
0,4,haar_random,pauli,6,5,5,50,1,z,normal,mean,1,5000,0.9171201363487302,3.567036736687866
0,4,haar_random,pauli,6,5,5,50,1,z,normal,mean,1,6000,0.8533759449465141,2.989030119761828
0,4,haar_random,clifford,6,5,5,50,1,z,normal,mean,1,10,5.096910635387269,23.281494590069414
0,4,haar_random,clifford,6,5,5,50,1,z,normal,mean,1,30,3.8320651690582053,10.67698477333709
0,4,haar_random,clifford,6,5,5,50,1,z,normal,mean,1,100,2.367928729989978,6.764205367372283
0,4,haar_random,clifford,6,5,5,50,1,z,normal,mean,1,300,1.1047585043961905,3.58958638380295
0,4,haar_random,clifford,6,5,5,50,1,z,normal,mean,1,1000,0.655226496014116,1.5620687690245436
0,4,haar_random,clifford,6,5,5,50,1,z,normal,mean,1,3000,0.40699517662392065,1.1760487926191265
0,4,haar_random,clifford,6,5,5,50,1,z,normal,mean,1,4000,0.3391493795156029,0.8951739989675376
0,4,haar_random,clifford,6,5,5,50,1,z,normal,mean,1,5000,0.2875778772337965,0.8592653233234147
0,4,haar_random,clifford,6,5,5,50,1,z,normal,mean,1,6000,0.2711890251433157,0.7850024262212151
0,4,haar_random,seeqst_uniform,6,5,5,50,1,z,normal,mean,1,10,6.514678902075601,22.42117095901722
0,4,haar_random,seeqst_uniform,6,5,5,50,1,z,normal,mean,1,30,3.4538910935281373,7.809333575625393
0,4,haar_random,seeqst_uniform,6,5,5,50,1,z,normal,mean,1,100,2.112509080023081,6.856357157746252
0,4,haar_random,seeqst_uniform,6,5,5,50,1,z,normal,mean,1,300,1.8270181162370622,6.195769084109325
0,4,haar_random,seeqst_uniform,6,5,5,50,1,z,normal,mean,1,1000,0.8664260817558466,2.184353945103436
0,4,haar_random,seeqst_uniform,6,5,5,50,1,z,normal,mean,1,3000,0.578892697569621,1.5305427544527106
0,4,haar_random,seeqst_uniform,6,5,5,50,1,z,normal,mean,1,4000,0.47978814558759014,1.449818264055479
0,4,haar_random,seeqst_uniform,6,5,5,50,1,z,normal,mean,1,5000,0.4552994555408168,1.6722108035038463
0,4,haar_random,seeqst_uniform,6,5,5,50,1,z,normal,mean,1,6000,0.40365194264356863,1.490553977885505
0,4,haar_random,seeqst_binomial_tuned,6,5,5,50,1,z,normal,mean,1,10,3.7738196948907716,12.724136063070219
0,4,haar_random,seeqst_binomial_tuned,6,5,5,50,1,z,normal,mean,1,30,1.6091237414291313,6.175199219874
0,4,haar_random,seeqst_binomial_tuned,6,5,5,50,1,z,normal,mean,1,100,3.838682061794925,24.25000154559429
0,4,haar_random,seeqst_binomial_tuned,6,5,5,50,1,z,normal,mean,1,300,4.765801061129061,22.689056630929443
0,4,haar_random,seeqst_binomial_tuned,6,5,5,50,1,z,normal,mean,1,1000,1.5642515976123492,7.838453168787702
0,4,haar_random,seeqst_binomial_tuned,6,5,5,50,1,z,normal,mean,1,3000,2.509320422845892,10.980084438981756
0,4,haar_random,seeqst_binomial_tuned,6,5,5,50,1,z,normal,mean,1,4000,1.8542975293570896,7.730778386325896
0,4,haar_random,seeqst_binomial_tuned,6,5,5,50,1,z,normal,mean,1,5000,1.6557979418618076,6.931632566241131
0,4,haar_random,seeqst_binomial_tuned,6,5,5,50,1,z,normal,mean,1,6000,1.3943274805522512,5.732129033703549
0,5,haar_random,pauli,6,5,5,50,1,z,normal,mean,1,10,20.685392349617935,87.89108090489847
0,5,haar_random,pauli,6,5,5,50,1,z,normal,mean,1,30,11.72357565931621,50.519011824703874
0,5,haar_random,pauli,6,5,5,50,1,z,normal,mean,1,100,6.352592919552809,22.68706149524134
0,5,haar_random,pauli,6,5,5,50,1,z,normal,mean,1,300,2.778392177552066,7.633193472325898
0,5,haar_random,pauli,6,5,5,50,1,z,normal,mean,1,1000,1.9067585137281715,6.459530850400251
0,5,haar_random,pauli,6,5,5,50,1,z,normal,mean,1,3000,1.152473556153801,3.4130099667491214
0,5,haar_random,pauli,6,5,5,50,1,z,normal,mean,1,4000,1.05413787419409,3.028659826391532
0,5,haar_random,pauli,6,5,5,50,1,z,normal,mean,1,5000,0.7812773727531862,2.415477263645817
0,5,haar_random,pauli,6,5,5,50,1,z,normal,mean,1,6000,0.8293246181375379,2.797834711003134
0,5,haar_random,clifford,6,5,5,50,1,z,normal,mean,1,10,5.194165109334538,15.556912197551402
0,5,haar_random,clifford,6,5,5,50,1,z,normal,mean,1,30,2.99913614057935,10.053981226416596
0,5,haar_random,clifford,6,5,5,50,1,z,normal,mean,1,100,1.5685032765450642,4.150531738876856
0,5,haar_random,clifford,6,5,5,50,1,z,normal,mean,1,300,0.918391090908125,2.1117881353729935
0,5,haar_random,clifford,6,5,5,50,1,z,normal,mean,1,1000,0.37737692604376255,1.031715736290289
0,5,haar_random,clifford,6,5,5,50,1,z,normal,mean,1,3000,0.2975803175161453,0.8592400679702068
0,5,haar_random,clifford,6,5,5,50,1,z,normal,mean,1,4000,0.25683361754989686,0.717487910011538
0,5,haar_random,clifford,6,5,5,50,1,z,normal,mean,1,5000,0.2221205762036112,0.6639175201678346
0,5,haar_random,clifford,6,5,5,50,1,z,normal,mean,1,6000,0.22350823363249256,0.9271736687648833
0,5,haar_random,seeqst_uniform,6,5,5,50,1,z,normal,mean,1,10,9.927251219951325,41.62027930183148
0,5,haar_random,seeqst_uniform,6,5,5,50,1,z,normal,mean,1,30,5.389544774646809,15.772986029370132
0,5,haar_random,seeqst_uniform,6,5,5,50,1,z,normal,mean,1,100,2.4516350956227235,7.535987985607947
0,5,haar_random,seeqst_uniform,6,5,5,50,1,z,normal,mean,1,300,1.3547504392030487,4.162003437003426
0,5,haar_random,seeqst_uniform,6,5,5,50,1,z,normal,mean,1,1000,0.903322102363975,3.861560632495735
0,5,haar_random,seeqst_uniform,6,5,5,50,1,z,normal,mean,1,3000,0.5015538639299237,1.492592627985719
0,5,haar_random,seeqst_uniform,6,5,5,50,1,z,normal,mean,1,4000,0.42463325717434247,1.0618593294467003
0,5,haar_random,seeqst_uniform,6,5,5,50,1,z,normal,mean,1,5000,0.36690900261204495,0.8623749769674456
0,5,haar_random,seeqst_uniform,6,5,5,50,1,z,normal,mean,1,6000,0.3229192214547621,0.8515874403880099
0,5,haar_random,seeqst_binomial_tuned,6,5,5,50,1,z,normal,mean,1,10,4.869123809533549,25.273403249487078
0,5,haar_random,seeqst_binomial_tuned,6,5,5,50,1,z,normal,mean,1,30,2.009350168530805,8.85359077638294
0,5,haar_random,seeqst_binomial_tuned,6,5,5,50,1,z,normal,mean,1,100,2.528031554745905,11.943120152653654
0,5,haar_random,seeqst_binomial_tuned,6,5,5,50,1,z,normal,mean,1,300,6.430238363565992,24.902472699170563
0,5,haar_random,seeqst_binomial_tuned,6,5,5,50,1,z,normal,mean,1,1000,3.7283605277449947,19.364019581912533
0,5,haar_random,seeqst_binomial_tuned,6,5,5,50,1,z,normal,mean,1,3000,4.352523284749501,17.419680948734822
0,5,haar_random,seeqst_binomial_tuned,6,5,5,50,1,z,normal,mean,1,4000,3.3748532744361497,13.036592699566976
0,5,haar_random,seeqst_binomial_tuned,6,5,5,50,1,z,normal,mean,1,5000,2.77776149666765,10.45987927118985
0,5,haar_random,seeqst_binomial_tuned,6,5,5,50,1,z,normal,mean,1,6000,2.314446331340299,8.753008906671496
0,6,haar_random,pauli,6,5,5,50,1,z,normal,mean,1,10,19.766578809000688,113.58323159195405
0,6,haar_random,pauli,6,5,5,50,1,z,normal,mean,1,30,10.304223505650445,46.72249937835425
0,6,haar_random,pauli,6,5,5,50,1,z,normal,mean,1,100,5.708963727187639,14.142901829733168
0,6,haar_random,pauli,6,5,5,50,1,z,normal,mean,1,300,3.623604675319145,13.189955403902763
0,6,haar_random,pauli,6,5,5,50,1,z,normal,mean,1,1000,1.9966401399506326,6.6885478564378404
0,6,haar_random,pauli,6,5,5,50,1,z,normal,mean,1,3000,1.0686415009746164,3.2056431098456093
0,6,haar_random,pauli,6,5,5,50,1,z,normal,mean,1,4000,0.9174281656840576,2.158655507587918
0,6,haar_random,pauli,6,5,5,50,1,z,normal,mean,1,5000,0.8124281411613645,1.9015281357993468
0,6,haar_random,pauli,6,5,5,50,1,z,normal,mean,1,6000,0.7326946790895806,2.1133060369596506
0,6,haar_random,clifford,6,5,5,50,1,z,normal,mean,1,10,6.18652003914296,20.652198348523534
0,6,haar_random,clifford,6,5,5,50,1,z,normal,mean,1,30,2.8253675722377123,8.059256851184433
0,6,haar_random,clifford,6,5,5,50,1,z,normal,mean,1,100,1.4103697703087872,3.3259375493419086
0,6,haar_random,clifford,6,5,5,50,1,z,normal,mean,1,300,1.0615007589921401,2.530591767303664
0,6,haar_random,clifford,6,5,5,50,1,z,normal,mean,1,1000,0.4981261758098269,1.4706121109079568
0,6,haar_random,clifford,6,5,5,50,1,z,normal,mean,1,3000,0.3517824704875002,1.065957175820517
0,6,haar_random,clifford,6,5,5,50,1,z,normal,mean,1,4000,0.3122020938470309,0.9159899270373911
0,6,haar_random,clifford,6,5,5,50,1,z,normal,mean,1,5000,0.2705817213173538,0.898612124795523
0,6,haar_random,clifford,6,5,5,50,1,z,normal,mean,1,6000,0.271218702625364,0.9266535417309345
0,6,haar_random,seeqst_uniform,6,5,5,50,1,z,normal,mean,1,10,8.769844834463726,22.610145276320626
0,6,haar_random,seeqst_uniform,6,5,5,50,1,z,normal,mean,1,30,3.493679173881809,13.235933544044581
0,6,haar_random,seeqst_uniform,6,5,5,50,1,z,normal,mean,1,100,2.0909947393755752,6.821537080193429
0,6,haar_random,seeqst_uniform,6,5,5,50,1,z,normal,mean,1,300,1.3451224849683794,4.25789163621914
0,6,haar_random,seeqst_uniform,6,5,5,50,1,z,normal,mean,1,1000,0.7989375957192957,2.7738955355456505
0,6,haar_random,seeqst_uniform,6,5,5,50,1,z,normal,mean,1,3000,0.39022532168980795,1.095979631754854
0,6,haar_random,seeqst_uniform,6,5,5,50,1,z,normal,mean,1,4000,0.39581086562850276,1.04228507074212
0,6,haar_random,seeqst_uniform,6,5,5,50,1,z,normal,mean,1,5000,0.34515992007241575,1.117402756278584
0,6,haar_random,seeqst_uniform,6,5,5,50,1,z,normal,mean,1,6000,0.32794235977792235,0.891688063873709
0,6,haar_random,seeqst_binomial_tuned,6,5,5,50,1,z,normal,mean,1,10,3.2528886527430427,17.715346888288334
0,6,haar_random,seeqst_binomial_tuned,6,5,5,50,1,z,normal,mean,1,30,2.6899661770618057,14.150441891699126
0,6,haar_random,seeqst_binomial_tuned,6,5,5,50,1,z,normal,mean,1,100,1.923908594426631,9.063733765775453
0,6,haar_random,seeqst_binomial_tuned,6,5,5,50,1,z,normal,mean,1,300,6.1739426269734725,33.42502079213866
0,6,haar_random,seeqst_binomial_tuned,6,5,5,50,1,z,normal,mean,1,1000,2.8439317297732543,10.77600390901246
0,6,haar_random,seeqst_binomial_tuned,6,5,5,50,1,z,normal,mean,1,3000,3.1496542687558775,11.982637837306886
0,6,haar_random,seeqst_binomial_tuned,6,5,5,50,1,z,normal,mean,1,4000,2.41109472511915,8.793552767682856
0,6,haar_random,seeqst_binomial_tuned,6,5,5,50,1,z,normal,mean,1,5000,2.0146028887153022,7.076840452883466
0,6,haar_random,seeqst_binomial_tuned,6,5,5,50,1,z,normal,mean,1,6000,1.812587061404502,6.6991420824390335
0,7,haar_random,pauli,6,5,5,50,1,z,normal,mean,1,10,35.77706612528163,150.9667325076298
0,7,haar_random,pauli,6,5,5,50,1,z,normal,mean,1,30,15.14646221531284,49.948364860340796
0,7,haar_random,pauli,6,5,5,50,1,z,normal,mean,1,100,5.99818852545276,14.59193618378964
0,7,haar_random,pauli,6,5,5,50,1,z,normal,mean,1,300,2.3977716349615354,6.917581307148591
0,7,haar_random,pauli,6,5,5,50,1,z,normal,mean,1,1000,1.5657170543609815,4.9786493454462
0,7,haar_random,pauli,6,5,5,50,1,z,normal,mean,1,3000,0.9709742358293405,2.556579417983366
0,7,haar_random,pauli,6,5,5,50,1,z,normal,mean,1,4000,0.8514989774511375,2.4970219516979335
0,7,haar_random,pauli,6,5,5,50,1,z,normal,mean,1,5000,0.7947373933606243,2.197155092706926
0,7,haar_random,pauli,6,5,5,50,1,z,normal,mean,1,6000,0.6898281028480876,2.068009538705047
0,7,haar_random,clifford,6,5,5,50,1,z,normal,mean,1,10,6.842834742007149,21.569642846459963
0,7,haar_random,clifford,6,5,5,50,1,z,normal,mean,1,30,3.38371295862799,8.281515447225832
0,7,haar_random,clifford,6,5,5,50,1,z,normal,mean,1,100,1.7397043300588257,4.5402606249348825
0,7,haar_random,clifford,6,5,5,50,1,z,normal,mean,1,300,0.9086253220720266,2.614359675977769
0,7,haar_random,clifford,6,5,5,50,1,z,normal,mean,1,1000,0.455843312789001,1.0264423599714902
0,7,haar_random,clifford,6,5,5,50,1,z,normal,mean,1,3000,0.3223745735456242,0.9259799729715195
0,7,haar_random,clifford,6,5,5,50,1,z,normal,mean,1,4000,0.27962874921880354,0.6586975927256794
0,7,haar_random,clifford,6,5,5,50,1,z,normal,mean,1,5000,0.2527140892058439,0.5612004674720336
0,7,haar_random,clifford,6,5,5,50,1,z,normal,mean,1,6000,0.23693677060840376,0.5615049532839705
0,7,haar_random,seeqst_uniform,6,5,5,50,1,z,normal,mean,1,10,11.131431215123756,35.97858223410686
0,7,haar_random,seeqst_uniform,6,5,5,50,1,z,normal,mean,1,30,5.113704700194537,12.934635660759918
0,7,haar_random,seeqst_uniform,6,5,5,50,1,z,normal,mean,1,100,2.21369302016959,7.153314116731211
0,7,haar_random,seeqst_uniform,6,5,5,50,1,z,normal,mean,1,300,1.7371990943496043,5.0060538706150055
0,7,haar_random,seeqst_uniform,6,5,5,50,1,z,normal,mean,1,1000,0.7958338484995053,1.8211736649794166
0,7,haar_random,seeqst_uniform,6,5,5,50,1,z,normal,mean,1,3000,0.46248055760900353,1.1589687889736182
0,7,haar_random,seeqst_uniform,6,5,5,50,1,z,normal,mean,1,4000,0.373845122409177,1.061020298567259
0,7,haar_random,seeqst_uniform,6,5,5,50,1,z,normal,mean,1,5000,0.2840437139126198,0.7536904224716183
0,7,haar_random,seeqst_uniform,6,5,5,50,1,z,normal,mean,1,6000,0.27338040513363937,0.8438055999552885
0,7,haar_random,seeqst_binomial_tuned,6,5,5,50,1,z,normal,mean,1,10,1.1573503827629534,5.760811572988062
0,7,haar_random,seeqst_binomial_tuned,6,5,5,50,1,z,normal,mean,1,30,2.1759857103973412,10.290483119754464
0,7,haar_random,seeqst_binomial_tuned,6,5,5,50,1,z,normal,mean,1,100,1.730185762960557,6.279460928160733
0,7,haar_random,seeqst_binomial_tuned,6,5,5,50,1,z,normal,mean,1,300,6.328807175299315,34.09171994523879
0,7,haar_random,seeqst_binomial_tuned,6,5,5,50,1,z,normal,mean,1,1000,2.5362658598713077,10.375541257767722
0,7,haar_random,seeqst_binomial_tuned,6,5,5,50,1,z,normal,mean,1,3000,1.8126555393143344,5.994252591522373
0,7,haar_random,seeqst_binomial_tuned,6,5,5,50,1,z,normal,mean,1,4000,2.2636656323848143,5.962702075486721
0,7,haar_random,seeqst_binomial_tuned,6,5,5,50,1,z,normal,mean,1,5000,2.009592778527849,5.312437753681991
0,7,haar_random,seeqst_binomial_tuned,6,5,5,50,1,z,normal,mean,1,6000,1.7935246623359484,5.5966379083888365
0,8,haar_random,pauli,6,5,5,50,1,z,normal,mean,1,10,23.335216593718457,136.76915732583785
0,8,haar_random,pauli,6,5,5,50,1,z,normal,mean,1,30,8.551508787185938,45.5357469579611
0,8,haar_random,pauli,6,5,5,50,1,z,normal,mean,1,100,4.759173846837854,14.153550033187116
0,8,haar_random,pauli,6,5,5,50,1,z,normal,mean,1,300,4.381602059405733,18.383570819695418
0,8,haar_random,pauli,6,5,5,50,1,z,normal,mean,1,1000,2.2211038377310532,6.462754819769225
0,8,haar_random,pauli,6,5,5,50,1,z,normal,mean,1,3000,1.1986314858523481,3.6335227537538595
0,8,haar_random,pauli,6,5,5,50,1,z,normal,mean,1,4000,0.9027744128449251,3.156108906743076
0,8,haar_random,pauli,6,5,5,50,1,z,normal,mean,1,5000,0.7237676741863973,2.528123600665745
0,8,haar_random,pauli,6,5,5,50,1,z,normal,mean,1,6000,0.7551479669100499,2.982024523249236
0,8,haar_random,clifford,6,5,5,50,1,z,normal,mean,1,10,5.769474978817827,19.257104150955485
0,8,haar_random,clifford,6,5,5,50,1,z,normal,mean,1,30,3.0879043338937024,7.687796246318132
0,8,haar_random,clifford,6,5,5,50,1,z,normal,mean,1,100,1.5759489130697169,4.647839156034981
0,8,haar_random,clifford,6,5,5,50,1,z,normal,mean,1,300,0.8695135639455918,2.001744071419085
0,8,haar_random,clifford,6,5,5,50,1,z,normal,mean,1,1000,0.5051649170881317,1.1364629059884193
0,8,haar_random,clifford,6,5,5,50,1,z,normal,mean,1,3000,0.2904912231158102,0.621217699854771
0,8,haar_random,clifford,6,5,5,50,1,z,normal,mean,1,4000,0.2833378903922439,0.662634800720852
0,8,haar_random,clifford,6,5,5,50,1,z,normal,mean,1,5000,0.24600838361996163,0.5986904473239698
0,8,haar_random,clifford,6,5,5,50,1,z,normal,mean,1,6000,0.2306324899829082,0.6385802021493587
0,8,haar_random,seeqst_uniform,6,5,5,50,1,z,normal,mean,1,10,8.959740971940068,23.938863434735108
0,8,haar_random,seeqst_uniform,6,5,5,50,1,z,normal,mean,1,30,4.382541021013204,15.837002079267975
0,8,haar_random,seeqst_uniform,6,5,5,50,1,z,normal,mean,1,100,2.966283336950279,11.13033155048771
0,8,haar_random,seeqst_uniform,6,5,5,50,1,z,normal,mean,1,300,1.4613844107417908,3.9993517041012443
0,8,haar_random,seeqst_uniform,6,5,5,50,1,z,normal,mean,1,1000,0.7868324366996845,2.9231038637108933
0,8,haar_random,seeqst_uniform,6,5,5,50,1,z,normal,mean,1,3000,0.3748744252341165,0.8188414885795714
0,8,haar_random,seeqst_uniform,6,5,5,50,1,z,normal,mean,1,4000,0.3655013821454103,0.9824652112675631
0,8,haar_random,seeqst_uniform,6,5,5,50,1,z,normal,mean,1,5000,0.2830370053269586,0.9972609719550573
0,8,haar_random,seeqst_uniform,6,5,5,50,1,z,normal,mean,1,6000,0.28476498726009314,0.8556681583760753
0,8,haar_random,seeqst_binomial_tuned,6,5,5,50,1,z,normal,mean,1,10,5.199770480969185,34.752194879450364
0,8,haar_random,seeqst_binomial_tuned,6,5,5,50,1,z,normal,mean,1,30,1.6196976445695244,8.24843434890954
0,8,haar_random,seeqst_binomial_tuned,6,5,5,50,1,z,normal,mean,1,100,2.188369995451955,9.403785347526119
0,8,haar_random,seeqst_binomial_tuned,6,5,5,50,1,z,normal,mean,1,300,3.6470070251206717,14.289311007100759
0,8,haar_random,seeqst_binomial_tuned,6,5,5,50,1,z,normal,mean,1,1000,3.122402013632732,12.937197151992965
0,8,haar_random,seeqst_binomial_tuned,6,5,5,50,1,z,normal,mean,1,3000,2.8785423427314294,10.059011184668584
0,8,haar_random,seeqst_binomial_tuned,6,5,5,50,1,z,normal,mean,1,4000,3.0710310593880625,11.407659989362351
0,8,haar_random,seeqst_binomial_tuned,6,5,5,50,1,z,normal,mean,1,5000,2.5495545523858105,9.049299673706747
0,8,haar_random,seeqst_binomial_tuned,6,5,5,50,1,z,normal,mean,1,6000,1.971061007518197,6.739097554640096
0,9,haar_random,pauli,6,5,5,50,1,z,normal,mean,1,10,0.2608900830926075,0.7702489712253751
0,9,haar_random,pauli,6,5,5,50,1,z,normal,mean,1,30,6.706867685978203,30.95038308352709
0,9,haar_random,pauli,6,5,5,50,1,z,normal,mean,1,100,4.310376670111728,13.770342964911041
0,9,haar_random,pauli,6,5,5,50,1,z,normal,mean,1,300,2.603890623804519,7.696000235067629
0,9,haar_random,pauli,6,5,5,50,1,z,normal,mean,1,1000,1.5437841798927114,5.102756880291253
0,9,haar_random,pauli,6,5,5,50,1,z,normal,mean,1,3000,0.8437464685914702,2.5243588022240537
0,9,haar_random,pauli,6,5,5,50,1,z,normal,mean,1,4000,0.9049364946958239,2.9488309217504782
0,9,haar_random,pauli,6,5,5,50,1,z,normal,mean,1,5000,0.9051034939634482,2.919774389987736
0,9,haar_random,pauli,6,5,5,50,1,z,normal,mean,1,6000,0.7998867354400262,2.3311337876060834
0,9,haar_random,clifford,6,5,5,50,1,z,normal,mean,1,10,5.907651644300123,15.074685823874143
0,9,haar_random,clifford,6,5,5,50,1,z,normal,mean,1,30,2.969852794001185,9.58872516581321
0,9,haar_random,clifford,6,5,5,50,1,z,normal,mean,1,100,1.6625830631719403,4.123490849701824
0,9,haar_random,clifford,6,5,5,50,1,z,normal,mean,1,300,0.9217223486415029,2.5958154208074693
0,9,haar_random,clifford,6,5,5,50,1,z,normal,mean,1,1000,0.49140414067125937,1.2392863680918087
0,9,haar_random,clifford,6,5,5,50,1,z,normal,mean,1,3000,0.2890705150424641,0.7546535491610451
0,9,haar_random,clifford,6,5,5,50,1,z,normal,mean,1,4000,0.26081183600350166,0.6187120584353608
0,9,haar_random,clifford,6,5,5,50,1,z,normal,mean,1,5000,0.2646506988978655,0.6287390327183758
0,9,haar_random,clifford,6,5,5,50,1,z,normal,mean,1,6000,0.2417499811190516,0.5873477412243598
0,9,haar_random,seeqst_uniform,6,5,5,50,1,z,normal,mean,1,10,7.954880606082653,22.65068756045477
0,9,haar_random,seeqst_uniform,6,5,5,50,1,z,normal,mean,1,30,4.021388772959918,16.027474980681646
0,9,haar_random,seeqst_uniform,6,5,5,50,1,z,normal,mean,1,100,2.9371040917840245,8.343826348381176
0,9,haar_random,seeqst_uniform,6,5,5,50,1,z,normal,mean,1,300,1.5297997307994526,5.215242328838189
0,9,haar_random,seeqst_uniform,6,5,5,50,1,z,normal,mean,1,1000,0.7339737568603877,1.9134419234194218
0,9,haar_random,seeqst_uniform,6,5,5,50,1,z,normal,mean,1,3000,0.46276859646307883,1.31821683609554
0,9,haar_random,seeqst_uniform,6,5,5,50,1,z,normal,mean,1,4000,0.4064874418993562,1.0061781955985303
0,9,haar_random,seeqst_uniform,6,5,5,50,1,z,normal,mean,1,5000,0.38349617772839195,1.1561507847864507
0,9,haar_random,seeqst_uniform,6,5,5,50,1,z,normal,mean,1,6000,0.36198963658647515,1.0768402216125321
0,9,haar_random,seeqst_binomial_tuned,6,5,5,50,1,z,normal,mean,1,10,5.250598448084325,24.180393349696942
0,9,haar_random,seeqst_binomial_tuned,6,5,5,50,1,z,normal,mean,1,30,2.996190142565941,15.272719775164587
0,9,haar_random,seeqst_binomial_tuned,6,5,5,50,1,z,normal,mean,1,100,3.6040697799675594,14.571446159862251
0,9,haar_random,seeqst_binomial_tuned,6,5,5,50,1,z,normal,mean,1,300,3.627679837683172,19.09116727772177
0,9,haar_random,seeqst_binomial_tuned,6,5,5,50,1,z,normal,mean,1,1000,1.7657186339921505,5.3398032112094365
0,9,haar_random,seeqst_binomial_tuned,6,5,5,50,1,z,normal,mean,1,3000,1.8924931291465734,8.19781589930473
0,9,haar_random,seeqst_binomial_tuned,6,5,5,50,1,z,normal,mean,1,4000,2.0411316767986936,8.68849314052509
0,9,haar_random,seeqst_binomial_tuned,6,5,5,50,1,z,normal,mean,1,5000,1.7318135423279768,6.944783026818853
0,9,haar_random,seeqst_binomial_tuned,6,5,5,50,1,z,normal,mean,1,6000,1.4334614309224774,5.740274841671381
1,0,haar_random,pauli,6,5,5,50,1,z,normal,mean,1,10,19.43462645907512,128.60490363404332
1,0,haar_random,pauli,6,5,5,50,1,z,normal,mean,1,30,8.786939957067354,43.04240700079376
1,0,haar_random,pauli,6,5,5,50,1,z,normal,mean,1,100,4.2700874440048615,16.776109567732536
1,0,haar_random,pauli,6,5,5,50,1,z,normal,mean,1,300,3.0249847028443657,7.053959220682156
1,0,haar_random,pauli,6,5,5,50,1,z,normal,mean,1,1000,1.831764309255133,5.0167961207202
1,0,haar_random,pauli,6,5,5,50,1,z,normal,mean,1,3000,1.297759888049318,3.9380757228530934
1,0,haar_random,pauli,6,5,5,50,1,z,normal,mean,1,4000,1.0874855404881667,3.37615170854943
1,0,haar_random,pauli,6,5,5,50,1,z,normal,mean,1,5000,0.9419791423020367,1.9691488071229215
1,0,haar_random,pauli,6,5,5,50,1,z,normal,mean,1,6000,0.8513657116888655,2.457682018783436
1,0,haar_random,clifford,6,5,5,50,1,z,normal,mean,1,10,4.711397587326863,11.704702472566536
1,0,haar_random,clifford,6,5,5,50,1,z,normal,mean,1,30,2.8910942307693204,11.196469117074681
1,0,haar_random,clifford,6,5,5,50,1,z,normal,mean,1,100,2.049707048514354,5.009097389737735
1,0,haar_random,clifford,6,5,5,50,1,z,normal,mean,1,300,1.1080147383562724,3.7343763155769283
1,0,haar_random,clifford,6,5,5,50,1,z,normal,mean,1,1000,0.5006866281592522,1.6327131943329802
1,0,haar_random,clifford,6,5,5,50,1,z,normal,mean,1,3000,0.3262119604145008,0.7997365525686665
1,0,haar_random,clifford,6,5,5,50,1,z,normal,mean,1,4000,0.28079240027062286,0.8006849460220798
1,0,haar_random,clifford,6,5,5,50,1,z,normal,mean,1,5000,0.24217264447082912,0.6651112679430531
1,0,haar_random,clifford,6,5,5,50,1,z,normal,mean,1,6000,0.2091224943874931,0.4953851233448563
1,0,haar_random,seeqst_uniform,6,5,5,50,1,z,normal,mean,1,10,11.829596625713283,39.52133823721488
1,0,haar_random,seeqst_uniform,6,5,5,50,1,z,normal,mean,1,30,5.541788303887212,16.37263956898722
1,0,haar_random,seeqst_uniform,6,5,5,50,1,z,normal,mean,1,100,2.887842715076465,9.240094988157898
1,0,haar_random,seeqst_uniform,6,5,5,50,1,z,normal,mean,1,300,1.37266811465031,5.036711394213814
1,0,haar_random,seeqst_uniform,6,5,5,50,1,z,normal,mean,1,1000,0.833982802065405,2.4528695635449163
1,0,haar_random,seeqst_uniform,6,5,5,50,1,z,normal,mean,1,3000,0.45378967022916517,1.2453219226679055
1,0,haar_random,seeqst_uniform,6,5,5,50,1,z,normal,mean,1,4000,0.3702782267101116,0.9330549601190549
1,0,haar_random,seeqst_uniform,6,5,5,50,1,z,normal,mean,1,5000,0.3186982161544922,0.817795770581561
1,0,haar_random,seeqst_uniform,6,5,5,50,1,z,normal,mean,1,6000,0.30335769585925876,0.7093653647539636
1,0,haar_random,seeqst_binomial_tuned,6,5,5,50,1,z,normal,mean,1,10,2.924285465969303,13.105261468751108
1,0,haar_random,seeqst_binomial_tuned,6,5,5,50,1,z,normal,mean,1,30,4.506969866648333,19.49344924178528
1,0,haar_random,seeqst_binomial_tuned,6,5,5,50,1,z,normal,mean,1,100,2.3367719932067876,8.247805891468248
1,0,haar_random,seeqst_binomial_tuned,6,5,5,50,1,z,normal,mean,1,300,5.201599317300553,22.786367791522185
1,0,haar_random,seeqst_binomial_tuned,6,5,5,50,1,z,normal,mean,1,1000,4.572199850973284,20.295970757930576
1,0,haar_random,seeqst_binomial_tuned,6,5,5,50,1,z,normal,mean,1,3000,1.7678209774467817,8.053000651834433
1,0,haar_random,seeqst_binomial_tuned,6,5,5,50,1,z,normal,mean,1,4000,1.7374072431061407,7.6282195644207045
1,0,haar_random,seeqst_binomial_tuned,6,5,5,50,1,z,normal,mean,1,5000,1.5112609090649636,6.030175030504895
1,0,haar_random,seeqst_binomial_tuned,6,5,5,50,1,z,normal,mean,1,6000,1.7994894608456886,6.4993973711928
1,1,haar_random,pauli,6,5,5,50,1,z,normal,mean,1,10,15.72298178073673,83.25127610687233
1,1,haar_random,pauli,6,5,5,50,1,z,normal,mean,1,30,6.938542011635987,33.104616713317036
1,1,haar_random,pauli,6,5,5,50,1,z,normal,mean,1,100,5.494526919572751,28.022404040740128
1,1,haar_random,pauli,6,5,5,50,1,z,normal,mean,1,300,3.4130773779337797,12.504672789882328
1,1,haar_random,pauli,6,5,5,50,1,z,normal,mean,1,1000,2.4004350286954637,11.427148884810158
1,1,haar_random,pauli,6,5,5,50,1,z,normal,mean,1,3000,1.3684710479381381,6.1229554246772
1,1,haar_random,pauli,6,5,5,50,1,z,normal,mean,1,4000,1.1524754457695108,4.81112886348463
1,1,haar_random,pauli,6,5,5,50,1,z,normal,mean,1,5000,0.9897310099004392,4.273084694758808
1,1,haar_random,pauli,6,5,5,50,1,z,normal,mean,1,6000,0.9170164907825558,4.155398828120013
1,1,haar_random,clifford,6,5,5,50,1,z,normal,mean,1,10,5.019838805384122,14.144629310564087
1,1,haar_random,clifford,6,5,5,50,1,z,normal,mean,1,30,3.597644057488354,8.439922786336616
1,1,haar_random,clifford,6,5,5,50,1,z,normal,mean,1,100,1.9570106184290001,4.649622719657367
1,1,haar_random,clifford,6,5,5,50,1,z,normal,mean,1,300,1.0174634988213644,3.552295838050279
1,1,haar_random,clifford,6,5,5,50,1,z,normal,mean,1,1000,0.4737862125680106,1.5480947056264451
1,1,haar_random,clifford,6,5,5,50,1,z,normal,mean,1,3000,0.2832472194507072,0.7409089173640814
1,1,haar_random,clifford,6,5,5,50,1,z,normal,mean,1,4000,0.2251719328309723,0.6182860525842643
1,1,haar_random,clifford,6,5,5,50,1,z,normal,mean,1,5000,0.2185392451259015,0.9028068315863882
1,1,haar_random,clifford,6,5,5,50,1,z,normal,mean,1,6000,0.22015218977812465,0.7832062759757914
1,1,haar_random,seeqst_uniform,6,5,5,50,1,z,normal,mean,1,10,8.970037053398398,39.48636365524585
1,1,haar_random,seeqst_uniform,6,5,5,50,1,z,normal,mean,1,30,4.191574257248641,14.17421861631465
1,1,haar_random,seeqst_uniform,6,5,5,50,1,z,normal,mean,1,100,2.3783871038524937,6.37734786228139
1,1,haar_random,seeqst_uniform,6,5,5,50,1,z,normal,mean,1,300,1.3483663750779895,3.8069799020457458
1,1,haar_random,seeqst_uniform,6,5,5,50,1,z,normal,mean,1,1000,0.6680366999942261,1.8564739569425597
1,1,haar_random,seeqst_uniform,6,5,5,50,1,z,normal,mean,1,3000,0.4601419247376183,1.5927436150040386
1,1,haar_random,seeqst_uniform,6,5,5,50,1,z,normal,mean,1,4000,0.4430173731745286,1.078558772369776
1,1,haar_random,seeqst_uniform,6,5,5,50,1,z,normal,mean,1,5000,0.3599083988613571,0.8849950671649003
1,1,haar_random,seeqst_uniform,6,5,5,50,1,z,normal,mean,1,6000,0.31646410360217664,1.028633578721763
1,1,haar_random,seeqst_binomial_tuned,6,5,5,50,1,z,normal,mean,1,10,20.243582263884996,142.2757444319043
1,1,haar_random,seeqst_binomial_tuned,6,5,5,50,1,z,normal,mean,1,30,8.848568334310597,47.23238476013552
1,1,haar_random,seeqst_binomial_tuned,6,5,5,50,1,z,normal,mean,1,100,2.996689937348121,14.038356420256243
1,1,haar_random,seeqst_binomial_tuned,6,5,5,50,1,z,normal,mean,1,300,2.4931933615970556,10.946838037210103
1,1,haar_random,seeqst_binomial_tuned,6,5,5,50,1,z,normal,mean,1,1000,1.839051211701358,9.849815226302592
1,1,haar_random,seeqst_binomial_tuned,6,5,5,50,1,z,normal,mean,1,3000,1.0849404197843049,3.3517531205390654
1,1,haar_random,seeqst_binomial_tuned,6,5,5,50,1,z,normal,mean,1,4000,0.8655576935958051,2.326889558055081
1,1,haar_random,seeqst_binomial_tuned,6,5,5,50,1,z,normal,mean,1,5000,0.9221551184189282,2.6628755480408386
1,1,haar_random,seeqst_binomial_tuned,6,5,5,50,1,z,normal,mean,1,6000,1.1554704982802315,3.821652768131039
1,2,haar_random,pauli,6,5,5,50,1,z,normal,mean,1,10,23.220239370967565,139.9763971474331
1,2,haar_random,pauli,6,5,5,50,1,z,normal,mean,1,30,11.299430425923205,46.64577336261908
1,2,haar_random,pauli,6,5,5,50,1,z,normal,mean,1,100,6.212838265418171,24.212691305459778
1,2,haar_random,pauli,6,5,5,50,1,z,normal,mean,1,300,3.104151116538932,10.16833998077136
1,2,haar_random,pauli,6,5,5,50,1,z,normal,mean,1,1000,1.7257348643506627,3.980681693551201
1,2,haar_random,pauli,6,5,5,50,1,z,normal,mean,1,3000,1.1348400532325584,2.743958104877896
1,2,haar_random,pauli,6,5,5,50,1,z,normal,mean,1,4000,0.9227626199947051,2.4769164939635684
1,2,haar_random,pauli,6,5,5,50,1,z,normal,mean,1,5000,0.8687445942557845,2.238464270597817
1,2,haar_random,pauli,6,5,5,50,1,z,normal,mean,1,6000,0.741846619608705,2.1768969093456754
1,2,haar_random,clifford,6,5,5,50,1,z,normal,mean,1,10,5.461182694216223,20.54003241670591
1,2,haar_random,clifford,6,5,5,50,1,z,normal,mean,1,30,3.666730870268971,14.244464079630916
1,2,haar_random,clifford,6,5,5,50,1,z,normal,mean,1,100,2.171278819845393,6.731407715315488
1,2,haar_random,clifford,6,5,5,50,1,z,normal,mean,1,300,1.3102148950716832,4.532396252428863
1,2,haar_random,clifford,6,5,5,50,1,z,normal,mean,1,1000,0.6202465409346685,1.990557949706874
1,2,haar_random,clifford,6,5,5,50,1,z,normal,mean,1,3000,0.29390021208641764,0.7646227776337756
1,2,haar_random,clifford,6,5,5,50,1,z,normal,mean,1,4000,0.2753913630766811,0.8624077189712348
1,2,haar_random,clifford,6,5,5,50,1,z,normal,mean,1,5000,0.2619149089781933,0.7889215593481619
1,2,haar_random,clifford,6,5,5,50,1,z,normal,mean,1,6000,0.24528996071968318,0.7603336374842761
1,2,haar_random,seeqst_uniform,6,5,5,50,1,z,normal,mean,1,10,8.1609318503713,27.40686382308587
1,2,haar_random,seeqst_uniform,6,5,5,50,1,z,normal,mean,1,30,5.070140786414902,16.398364655861826
1,2,haar_random,seeqst_uniform,6,5,5,50,1,z,normal,mean,1,100,2.3792087776415913,5.371725783106303
1,2,haar_random,seeqst_uniform,6,5,5,50,1,z,normal,mean,1,300,1.420742968634152,3.912980540180186
1,2,haar_random,seeqst_uniform,6,5,5,50,1,z,normal,mean,1,1000,0.7115718901607181,1.9868255541453297
1,2,haar_random,seeqst_uniform,6,5,5,50,1,z,normal,mean,1,3000,0.5422745924478074,1.4162575030096418
1,2,haar_random,seeqst_uniform,6,5,5,50,1,z,normal,mean,1,4000,0.4341445221015115,1.1535987749680712
1,2,haar_random,seeqst_uniform,6,5,5,50,1,z,normal,mean,1,5000,0.31966098468862525,0.9179190313724035
1,2,haar_random,seeqst_uniform,6,5,5,50,1,z,normal,mean,1,6000,0.3023648859564686,0.793201892485655
1,2,haar_random,seeqst_binomial_tuned,6,5,5,50,1,z,normal,mean,1,10,11.600690353313563,76.9131588220833
1,2,haar_random,seeqst_binomial_tuned,6,5,5,50,1,z,normal,mean,1,30,7.970456738921567,47.82393138057306
1,2,haar_random,seeqst_binomial_tuned,6,5,5,50,1,z,normal,mean,1,100,3.3484329966697173,13.927536746413976
1,2,haar_random,seeqst_binomial_tuned,6,5,5,50,1,z,normal,mean,1,300,1.7871024283225732,5.083761483643178
1,2,haar_random,seeqst_binomial_tuned,6,5,5,50,1,z,normal,mean,1,1000,0.9942293350072416,2.9861623238311745
1,2,haar_random,seeqst_binomial_tuned,6,5,5,50,1,z,normal,mean,1,3000,0.8847340568351801,2.997432782239462
1,2,haar_random,seeqst_binomial_tuned,6,5,5,50,1,z,normal,mean,1,4000,0.7988387997518431,2.3140143894043983
1,2,haar_random,seeqst_binomial_tuned,6,5,5,50,1,z,normal,mean,1,5000,0.6619586555343897,1.801515164716926
1,2,haar_random,seeqst_binomial_tuned,6,5,5,50,1,z,normal,mean,1,6000,1.605430516391242,9.190279895704514
1,3,haar_random,pauli,6,5,5,50,1,z,normal,mean,1,10,15.240338923912548,97.83691570103366
1,3,haar_random,pauli,6,5,5,50,1,z,normal,mean,1,30,8.023851384532287,34.330685020226895
1,3,haar_random,pauli,6,5,5,50,1,z,normal,mean,1,100,3.8266195655692026,11.949839190440043
1,3,haar_random,pauli,6,5,5,50,1,z,normal,mean,1,300,3.764253050858128,10.975517821190884
1,3,haar_random,pauli,6,5,5,50,1,z,normal,mean,1,1000,2.1143905975890953,6.978601789696911
1,3,haar_random,pauli,6,5,5,50,1,z,normal,mean,1,3000,0.9989937078896252,2.7465020716022592
1,3,haar_random,pauli,6,5,5,50,1,z,normal,mean,1,4000,0.8214486631811175,2.5617535343632283
1,3,haar_random,pauli,6,5,5,50,1,z,normal,mean,1,5000,0.729552956566409,2.380064203835204
1,3,haar_random,pauli,6,5,5,50,1,z,normal,mean,1,6000,0.7870506053926773,1.9849654625871251
1,3,haar_random,clifford,6,5,5,50,1,z,normal,mean,1,10,4.857367927525304,17.136843763214607
1,3,haar_random,clifford,6,5,5,50,1,z,normal,mean,1,30,3.7733161223435574,14.072859632945233
1,3,haar_random,clifford,6,5,5,50,1,z,normal,mean,1,100,2.4255028357184822,7.429435894159606
1,3,haar_random,clifford,6,5,5,50,1,z,normal,mean,1,300,1.3629379843554108,5.0273201224190665
1,3,haar_random,clifford,6,5,5,50,1,z,normal,mean,1,1000,0.6419713145133206,1.9964416614961333
1,3,haar_random,clifford,6,5,5,50,1,z,normal,mean,1,3000,0.34094688185865446,0.9941795594617631
1,3,haar_random,clifford,6,5,5,50,1,z,normal,mean,1,4000,0.35187519825065333,1.1072971876616937
1,3,haar_random,clifford,6,5,5,50,1,z,normal,mean,1,5000,0.2985280150453409,0.9252024371444099
1,3,haar_random,clifford,6,5,5,50,1,z,normal,mean,1,6000,0.2783453953415088,0.8824784468938136
1,3,haar_random,seeqst_uniform,6,5,5,50,1,z,normal,mean,1,10,6.536046000668515,24.31083656534984
1,3,haar_random,seeqst_uniform,6,5,5,50,1,z,normal,mean,1,30,4.01211880980085,12.456567607666248
1,3,haar_random,seeqst_uniform,6,5,5,50,1,z,normal,mean,1,100,2.4963939141122804,5.928983607907819
1,3,haar_random,seeqst_uniform,6,5,5,50,1,z,normal,mean,1,300,1.39300023542666,4.0177066175089635
1,3,haar_random,seeqst_uniform,6,5,5,50,1,z,normal,mean,1,1000,0.7356769502390151,2.4865116595562373
1,3,haar_random,seeqst_uniform,6,5,5,50,1,z,normal,mean,1,3000,0.5328612215022059,1.3397306627807302
1,3,haar_random,seeqst_uniform,6,5,5,50,1,z,normal,mean,1,4000,0.4286753767101021,0.9896845431285953
1,3,haar_random,seeqst_uniform,6,5,5,50,1,z,normal,mean,1,5000,0.33038506565035397,0.7678052724482125
1,3,haar_random,seeqst_uniform,6,5,5,50,1,z,normal,mean,1,6000,0.3065959741541846,0.7471550874828496
1,3,haar_random,seeqst_binomial_tuned,6,5,5,50,1,z,normal,mean,1,10,7.416005809773282,39.878632026076254
1,3,haar_random,seeqst_binomial_tuned,6,5,5,50,1,z,normal,mean,1,30,3.1735384134116185,12.93896369998593
1,3,haar_random,seeqst_binomial_tuned,6,5,5,50,1,z,normal,mean,1,100,3.1750042154110827,18.69305289218959
1,3,haar_random,seeqst_binomial_tuned,6,5,5,50,1,z,normal,mean,1,300,3.2215374052267975,20.254471461980174
1,3,haar_random,seeqst_binomial_tuned,6,5,5,50,1,z,normal,mean,1,1000,1.5685616481416271,6.818341819166459
1,3,haar_random,seeqst_binomial_tuned,6,5,5,50,1,z,normal,mean,1,3000,1.4024004739190783,4.633629569236007
1,3,haar_random,seeqst_binomial_tuned,6,5,5,50,1,z,normal,mean,1,4000,1.0591323105658457,3.363036190134668
1,3,haar_random,seeqst_binomial_tuned,6,5,5,50,1,z,normal,mean,1,5000,1.0280915360170924,4.218592417391568
1,3,haar_random,seeqst_binomial_tuned,6,5,5,50,1,z,normal,mean,1,6000,1.1332834342161733,3.5203827078841665
1,4,haar_random,pauli,6,5,5,50,1,z,normal,mean,1,10,2.8167260916104624,19.830530384883645
1,4,haar_random,pauli,6,5,5,50,1,z,normal,mean,1,30,8.239013276670038,38.118197938693946
1,4,haar_random,pauli,6,5,5,50,1,z,normal,mean,1,100,5.52947854167468,23.068570182544313
1,4,haar_random,pauli,6,5,5,50,1,z,normal,mean,1,300,4.1414049955967736,14.345316294513866
1,4,haar_random,pauli,6,5,5,50,1,z,normal,mean,1,1000,2.2933986369940698,6.506529634242195
1,4,haar_random,pauli,6,5,5,50,1,z,normal,mean,1,3000,1.4540255019881965,4.26393329124446
1,4,haar_random,pauli,6,5,5,50,1,z,normal,mean,1,4000,1.2845692031797749,4.019806143646505
1,4,haar_random,pauli,6,5,5,50,1,z,normal,mean,1,5000,1.2233261515103888,3.4419578161453988
1,4,haar_random,pauli,6,5,5,50,1,z,normal,mean,1,6000,1.100317645234158,3.2668102018241694
1,4,haar_random,clifford,6,5,5,50,1,z,normal,mean,1,10,7.097388848578701,29.712503325408445
1,4,haar_random,clifford,6,5,5,50,1,z,normal,mean,1,30,4.980622542701888,17.72462667877214
1,4,haar_random,clifford,6,5,5,50,1,z,normal,mean,1,100,2.225704693795288,5.29373794784064
1,4,haar_random,clifford,6,5,5,50,1,z,normal,mean,1,300,0.9987982503257983,2.2596399874232085
1,4,haar_random,clifford,6,5,5,50,1,z,normal,mean,1,1000,0.5109542483023911,1.08527708912488
1,4,haar_random,clifford,6,5,5,50,1,z,normal,mean,1,3000,0.3390111851709487,1.0293450288572332
1,4,haar_random,clifford,6,5,5,50,1,z,normal,mean,1,4000,0.30421271771352304,0.871976940925477
1,4,haar_random,clifford,6,5,5,50,1,z,normal,mean,1,5000,0.25868429822503464,0.7502753854834283
1,4,haar_random,clifford,6,5,5,50,1,z,normal,mean,1,6000,0.25236348103038425,0.6305554144356962
1,4,haar_random,seeqst_uniform,6,5,5,50,1,z,normal,mean,1,10,11.74117054088843,64.02140045185993
1,4,haar_random,seeqst_uniform,6,5,5,50,1,z,normal,mean,1,30,7.082471409966376,22.793446961421054
1,4,haar_random,seeqst_uniform,6,5,5,50,1,z,normal,mean,1,100,4.990835486369533,25.306472178364018
1,4,haar_random,seeqst_uniform,6,5,5,50,1,z,normal,mean,1,300,2.511427515964678,14.606388036432108
1,4,haar_random,seeqst_uniform,6,5,5,50,1,z,normal,mean,1,1000,1.082166526364029,5.279767293557812
1,4,haar_random,seeqst_uniform,6,5,5,50,1,z,normal,mean,1,3000,0.7203191230111159,3.6293361317787323
1,4,haar_random,seeqst_uniform,6,5,5,50,1,z,normal,mean,1,4000,0.5551090525939638,2.4720385928930906
1,4,haar_random,seeqst_uniform,6,5,5,50,1,z,normal,mean,1,5000,0.5241194577187822,1.9863741396086143
1,4,haar_random,seeqst_uniform,6,5,5,50,1,z,normal,mean,1,6000,0.4881656765470934,1.7813886642779848
1,4,haar_random,seeqst_binomial_tuned,6,5,5,50,1,z,normal,mean,1,10,15.409983756213112,86.51925215730266
1,4,haar_random,seeqst_binomial_tuned,6,5,5,50,1,z,normal,mean,1,30,7.236373463405606,34.93436556263633
1,4,haar_random,seeqst_binomial_tuned,6,5,5,50,1,z,normal,mean,1,100,2.6645726760369532,9.789215286287185
1,4,haar_random,seeqst_binomial_tuned,6,5,5,50,1,z,normal,mean,1,300,5.841276303811048,35.13607862163993
1,4,haar_random,seeqst_binomial_tuned,6,5,5,50,1,z,normal,mean,1,1000,2.5369156691440673,10.462347964051197
1,4,haar_random,seeqst_binomial_tuned,6,5,5,50,1,z,normal,mean,1,3000,1.326245980170134,4.131831411071167
1,4,haar_random,seeqst_binomial_tuned,6,5,5,50,1,z,normal,mean,1,4000,1.2462088125943953,4.66602746864784
1,4,haar_random,seeqst_binomial_tuned,6,5,5,50,1,z,normal,mean,1,5000,1.0323932963154432,3.9832307946265133
1,4,haar_random,seeqst_binomial_tuned,6,5,5,50,1,z,normal,mean,1,6000,1.01502277171021,3.2832478713173225
1,5,haar_random,pauli,6,5,5,50,1,z,normal,mean,1,10,12.10616511608429,69.42660447835678
1,5,haar_random,pauli,6,5,5,50,1,z,normal,mean,1,30,8.782391356113672,50.35218160688586
1,5,haar_random,pauli,6,5,5,50,1,z,normal,mean,1,100,5.925452742616932,32.00687587602236
1,5,haar_random,pauli,6,5,5,50,1,z,normal,mean,1,300,3.338716840050003,10.541600384542736
1,5,haar_random,pauli,6,5,5,50,1,z,normal,mean,1,1000,1.8459219705764651,4.6759810629707586
1,5,haar_random,pauli,6,5,5,50,1,z,normal,mean,1,3000,0.8750811640934683,1.7115171695840496
1,5,haar_random,pauli,6,5,5,50,1,z,normal,mean,1,4000,0.7884419254610711,1.824183859917231
1,5,haar_random,pauli,6,5,5,50,1,z,normal,mean,1,5000,0.7601663577209568,2.2559942743367905
1,5,haar_random,pauli,6,5,5,50,1,z,normal,mean,1,6000,0.6788906922034373,2.4894562718487885
1,5,haar_random,clifford,6,5,5,50,1,z,normal,mean,1,10,6.067662582988951,20.931240640343983
1,5,haar_random,clifford,6,5,5,50,1,z,normal,mean,1,30,3.7097570155271775,11.410326898688616
1,5,haar_random,clifford,6,5,5,50,1,z,normal,mean,1,100,1.8365657957492474,5.225651552933126
1,5,haar_random,clifford,6,5,5,50,1,z,normal,mean,1,300,1.1972581738238095,3.0085828058263293
1,5,haar_random,clifford,6,5,5,50,1,z,normal,mean,1,1000,0.6572936847510875,1.7250435527193186
1,5,haar_random,clifford,6,5,5,50,1,z,normal,mean,1,3000,0.3707607331180627,1.293373032319836
1,5,haar_random,clifford,6,5,5,50,1,z,normal,mean,1,4000,0.3404928415236753,0.972697522833688
1,5,haar_random,clifford,6,5,5,50,1,z,normal,mean,1,5000,0.2916643334331087,0.7398288512192562
1,5,haar_random,clifford,6,5,5,50,1,z,normal,mean,1,6000,0.2708940710435007,0.7619694747944017
1,5,haar_random,seeqst_uniform,6,5,5,50,1,z,normal,mean,1,10,6.889258159049901,22.55452571581385
1,5,haar_random,seeqst_uniform,6,5,5,50,1,z,normal,mean,1,30,4.2096865145624855,13.612139122215336
1,5,haar_random,seeqst_uniform,6,5,5,50,1,z,normal,mean,1,100,2.655691180537608,8.401009289086064
1,5,haar_random,seeqst_uniform,6,5,5,50,1,z,normal,mean,1,300,1.6664641781947047,5.422846610059565
1,5,haar_random,seeqst_uniform,6,5,5,50,1,z,normal,mean,1,1000,0.8734888020934382,2.4696992648732916
1,5,haar_random,seeqst_uniform,6,5,5,50,1,z,normal,mean,1,3000,0.4515257327654348,1.5798673856792598
1,5,haar_random,seeqst_uniform,6,5,5,50,1,z,normal,mean,1,4000,0.37571783695657174,0.9888738765260865
1,5,haar_random,seeqst_uniform,6,5,5,50,1,z,normal,mean,1,5000,0.3358510721847114,0.7617611725917824
1,5,haar_random,seeqst_uniform,6,5,5,50,1,z,normal,mean,1,6000,0.32314390910416474,0.7846499609530314
1,5,haar_random,seeqst_binomial_tuned,6,5,5,50,1,z,normal,mean,1,10,7.621981398952707,43.848152313796675
1,5,haar_random,seeqst_binomial_tuned,6,5,5,50,1,z,normal,mean,1,30,3.8959439124595754,19.72636565309
1,5,haar_random,seeqst_binomial_tuned,6,5,5,50,1,z,normal,mean,1,100,2.0728490032149023,8.52142460654502
1,5,haar_random,seeqst_binomial_tuned,6,5,5,50,1,z,normal,mean,1,300,4.179810762842666,25.58171384190975
1,5,haar_random,seeqst_binomial_tuned,6,5,5,50,1,z,normal,mean,1,1000,3.8844930223559255,25.26913647738014
1,5,haar_random,seeqst_binomial_tuned,6,5,5,50,1,z,normal,mean,1,3000,1.5877031746485541,8.107392822866004
1,5,haar_random,seeqst_binomial_tuned,6,5,5,50,1,z,normal,mean,1,4000,1.4298288502372667,7.9158206018583535
1,5,haar_random,seeqst_binomial_tuned,6,5,5,50,1,z,normal,mean,1,5000,1.239991504142481,6.467326780261326
1,5,haar_random,seeqst_binomial_tuned,6,5,5,50,1,z,normal,mean,1,6000,1.4012918391261375,5.227294770889431
1,6,haar_random,pauli,6,5,5,50,1,z,normal,mean,1,10,27.933707046089395,124.8660457849515
1,6,haar_random,pauli,6,5,5,50,1,z,normal,mean,1,30,12.56976737478195,42.15791560014051
1,6,haar_random,pauli,6,5,5,50,1,z,normal,mean,1,100,4.521618643624184,15.226008175746815
1,6,haar_random,pauli,6,5,5,50,1,z,normal,mean,1,300,3.77025279483311,9.408919163659503
1,6,haar_random,pauli,6,5,5,50,1,z,normal,mean,1,1000,2.1946953068649435,4.849454971779259
1,6,haar_random,pauli,6,5,5,50,1,z,normal,mean,1,3000,1.2418710259140484,2.5048406457685357
1,6,haar_random,pauli,6,5,5,50,1,z,normal,mean,1,4000,1.0718459916166774,2.327447915926442
1,6,haar_random,pauli,6,5,5,50,1,z,normal,mean,1,5000,0.915351794787773,2.1900120838803216
1,6,haar_random,pauli,6,5,5,50,1,z,normal,mean,1,6000,0.8854535644174591,2.0411649112046826
1,6,haar_random,clifford,6,5,5,50,1,z,normal,mean,1,10,4.599799272623989,12.522798908614766
1,6,haar_random,clifford,6,5,5,50,1,z,normal,mean,1,30,2.8419525143549134,8.766229099351555
1,6,haar_random,clifford,6,5,5,50,1,z,normal,mean,1,100,1.9602496173501662,4.1546158536934605
1,6,haar_random,clifford,6,5,5,50,1,z,normal,mean,1,300,1.1406877501355754,3.3488317385863926
1,6,haar_random,clifford,6,5,5,50,1,z,normal,mean,1,1000,0.5844068590642384,1.4992528021990106
1,6,haar_random,clifford,6,5,5,50,1,z,normal,mean,1,3000,0.34119065176653995,0.9519955386892233
1,6,haar_random,clifford,6,5,5,50,1,z,normal,mean,1,4000,0.27620996828491406,0.6396157009877945
1,6,haar_random,clifford,6,5,5,50,1,z,normal,mean,1,5000,0.2715258533543727,0.6293798636784632
1,6,haar_random,clifford,6,5,5,50,1,z,normal,mean,1,6000,0.23453090735965262,0.5967804291951909
1,6,haar_random,seeqst_uniform,6,5,5,50,1,z,normal,mean,1,10,7.203001156821951,35.81885139590329
1,6,haar_random,seeqst_uniform,6,5,5,50,1,z,normal,mean,1,30,5.296824642885173,18.026332723126973
1,6,haar_random,seeqst_uniform,6,5,5,50,1,z,normal,mean,1,100,2.815552382133087,7.768766117642205
1,6,haar_random,seeqst_uniform,6,5,5,50,1,z,normal,mean,1,300,1.380379283097239,3.278041490684306
1,6,haar_random,seeqst_uniform,6,5,5,50,1,z,normal,mean,1,1000,0.8344228759046114,2.1712632454633978
1,6,haar_random,seeqst_uniform,6,5,5,50,1,z,normal,mean,1,3000,0.5052476456561322,1.2326458238673743
1,6,haar_random,seeqst_uniform,6,5,5,50,1,z,normal,mean,1,4000,0.47843525225897965,1.247932540511171
1,6,haar_random,seeqst_uniform,6,5,5,50,1,z,normal,mean,1,5000,0.41007509814412585,1.1003526519099345
1,6,haar_random,seeqst_uniform,6,5,5,50,1,z,normal,mean,1,6000,0.3765376989659476,1.0697065227979488
1,6,haar_random,seeqst_binomial_tuned,6,5,5,50,1,z,normal,mean,1,10,9.26045093455735,59.515531320122705
1,6,haar_random,seeqst_binomial_tuned,6,5,5,50,1,z,normal,mean,1,30,3.970029713722736,19.644709835595222
1,6,haar_random,seeqst_binomial_tuned,6,5,5,50,1,z,normal,mean,1,100,1.4673897317916544,5.6899223160106045
1,6,haar_random,seeqst_binomial_tuned,6,5,5,50,1,z,normal,mean,1,300,6.396803152557293,40.208170098700656
1,6,haar_random,seeqst_binomial_tuned,6,5,5,50,1,z,normal,mean,1,1000,2.287917942808629,12.185757221353818
1,6,haar_random,seeqst_binomial_tuned,6,5,5,50,1,z,normal,mean,1,3000,1.454415991225973,4.29835168477551
1,6,haar_random,seeqst_binomial_tuned,6,5,5,50,1,z,normal,mean,1,4000,1.047364420852629,3.261829371212989
1,6,haar_random,seeqst_binomial_tuned,6,5,5,50,1,z,normal,mean,1,5000,1.07657224105247,2.9890966332816657
1,6,haar_random,seeqst_binomial_tuned,6,5,5,50,1,z,normal,mean,1,6000,1.6039574367283582,5.813782369066541
1,7,haar_random,pauli,6,5,5,50,1,z,normal,mean,1,10,5.9144439333387915,41.78501407249962
1,7,haar_random,pauli,6,5,5,50,1,z,normal,mean,1,30,7.066347941700411,39.167404483943244
1,7,haar_random,pauli,6,5,5,50,1,z,normal,mean,1,100,4.001394227505837,12.544387689128975
1,7,haar_random,pauli,6,5,5,50,1,z,normal,mean,1,300,3.8046596876625567,12.41516577142647
1,7,haar_random,pauli,6,5,5,50,1,z,normal,mean,1,1000,1.9913782583997537,6.627319253964685
1,7,haar_random,pauli,6,5,5,50,1,z,normal,mean,1,3000,1.064934978939327,2.533558389869847
1,7,haar_random,pauli,6,5,5,50,1,z,normal,mean,1,4000,0.8891760808516611,2.38752610383259
1,7,haar_random,pauli,6,5,5,50,1,z,normal,mean,1,5000,0.8463342135252865,2.1649556153438527
1,7,haar_random,pauli,6,5,5,50,1,z,normal,mean,1,6000,0.8320422239248411,2.0789764984100345
1,7,haar_random,clifford,6,5,5,50,1,z,normal,mean,1,10,5.660709288741682,25.32243702936445
1,7,haar_random,clifford,6,5,5,50,1,z,normal,mean,1,30,3.9334583794259776,12.372758652301243
1,7,haar_random,clifford,6,5,5,50,1,z,normal,mean,1,100,2.0032710384234105,7.6052046838158995
1,7,haar_random,clifford,6,5,5,50,1,z,normal,mean,1,300,0.9657195935617059,3.112954222963496
1,7,haar_random,clifford,6,5,5,50,1,z,normal,mean,1,1000,0.5366131929852441,1.3708338098589827
1,7,haar_random,clifford,6,5,5,50,1,z,normal,mean,1,3000,0.31354447988215267,0.9625602565888997
1,7,haar_random,clifford,6,5,5,50,1,z,normal,mean,1,4000,0.26652974261556156,0.7562942727338969
1,7,haar_random,clifford,6,5,5,50,1,z,normal,mean,1,5000,0.25421794560027894,0.6991293985069515
1,7,haar_random,clifford,6,5,5,50,1,z,normal,mean,1,6000,0.2165096119695463,0.601017665294605
1,7,haar_random,seeqst_uniform,6,5,5,50,1,z,normal,mean,1,10,11.445846053485505,43.5957007024369
1,7,haar_random,seeqst_uniform,6,5,5,50,1,z,normal,mean,1,30,5.145789246516438,14.544905356629561
1,7,haar_random,seeqst_uniform,6,5,5,50,1,z,normal,mean,1,100,2.3020931321235905,5.699793149733149
1,7,haar_random,seeqst_uniform,6,5,5,50,1,z,normal,mean,1,300,1.6032347549814088,4.473155860446442
1,7,haar_random,seeqst_uniform,6,5,5,50,1,z,normal,mean,1,1000,0.7262143011262598,1.476403285064992
1,7,haar_random,seeqst_uniform,6,5,5,50,1,z,normal,mean,1,3000,0.5292562909647904,1.2958050500147649
1,7,haar_random,seeqst_uniform,6,5,5,50,1,z,normal,mean,1,4000,0.45257379121745644,1.1690269432714784
1,7,haar_random,seeqst_uniform,6,5,5,50,1,z,normal,mean,1,5000,0.4241849765093108,1.0368032701705725
1,7,haar_random,seeqst_uniform,6,5,5,50,1,z,normal,mean,1,6000,0.33227495319963957,0.8021598548104436
1,7,haar_random,seeqst_binomial_tuned,6,5,5,50,1,z,normal,mean,1,10,17.327001702653668,121.24528822595965
1,7,haar_random,seeqst_binomial_tuned,6,5,5,50,1,z,normal,mean,1,30,9.482206724879017,43.4989497684486
1,7,haar_random,seeqst_binomial_tuned,6,5,5,50,1,z,normal,mean,1,100,3.1276662251605214,13.761961424241333
1,7,haar_random,seeqst_binomial_tuned,6,5,5,50,1,z,normal,mean,1,300,4.59262765020794,20.548397502843386
1,7,haar_random,seeqst_binomial_tuned,6,5,5,50,1,z,normal,mean,1,1000,2.26830251494928,9.926267915443503
1,7,haar_random,seeqst_binomial_tuned,6,5,5,50,1,z,normal,mean,1,3000,1.0346557495585371,3.424034465942212
1,7,haar_random,seeqst_binomial_tuned,6,5,5,50,1,z,normal,mean,1,4000,0.9263078239893611,3.4437458404505956
1,7,haar_random,seeqst_binomial_tuned,6,5,5,50,1,z,normal,mean,1,5000,0.8616919780140506,2.774177040705371
1,7,haar_random,seeqst_binomial_tuned,6,5,5,50,1,z,normal,mean,1,6000,1.046439965953539,3.749627473605518
1,8,haar_random,pauli,6,5,5,50,1,z,normal,mean,1,10,18.556914311500126,100.71834183892838
1,8,haar_random,pauli,6,5,5,50,1,z,normal,mean,1,30,10.653436711584927,58.563613977905625
1,8,haar_random,pauli,6,5,5,50,1,z,normal,mean,1,100,5.136936432825633,17.838621826202985
1,8,haar_random,pauli,6,5,5,50,1,z,normal,mean,1,300,3.736077507006566,9.389667480633863
1,8,haar_random,pauli,6,5,5,50,1,z,normal,mean,1,1000,2.0423552734572006,5.410942755939914
1,8,haar_random,pauli,6,5,5,50,1,z,normal,mean,1,3000,1.0813484827574122,2.8363393566119113
1,8,haar_random,pauli,6,5,5,50,1,z,normal,mean,1,4000,0.9068905114906464,2.6038692489615105
1,8,haar_random,pauli,6,5,5,50,1,z,normal,mean,1,5000,0.8391964703888147,2.273654075550802
1,8,haar_random,pauli,6,5,5,50,1,z,normal,mean,1,6000,0.7065608851849328,1.829454119213577
1,8,haar_random,clifford,6,5,5,50,1,z,normal,mean,1,10,5.503119960331076,26.943793099638032
1,8,haar_random,clifford,6,5,5,50,1,z,normal,mean,1,30,3.5411062062036756,13.911950630125588
1,8,haar_random,clifford,6,5,5,50,1,z,normal,mean,1,100,1.75404323617425,4.735206194692851
1,8,haar_random,clifford,6,5,5,50,1,z,normal,mean,1,300,0.9193697425923085,2.370929254939492
1,8,haar_random,clifford,6,5,5,50,1,z,normal,mean,1,1000,0.5564272596632419,1.9570039430171482
1,8,haar_random,clifford,6,5,5,50,1,z,normal,mean,1,3000,0.24881047095298553,0.6183538347308946
1,8,haar_random,clifford,6,5,5,50,1,z,normal,mean,1,4000,0.2365810458914861,0.7820470522231688
1,8,haar_random,clifford,6,5,5,50,1,z,normal,mean,1,5000,0.21011333949840844,0.606219434602761
1,8,haar_random,clifford,6,5,5,50,1,z,normal,mean,1,6000,0.2005457977877634,0.5316420055647979
1,8,haar_random,seeqst_uniform,6,5,5,50,1,z,normal,mean,1,10,16.65679428979331,81.04084367844692
1,8,haar_random,seeqst_uniform,6,5,5,50,1,z,normal,mean,1,30,7.670285359974439,28.844283735891352
1,8,haar_random,seeqst_uniform,6,5,5,50,1,z,normal,mean,1,100,3.220899682669392,14.976167219616421
1,8,haar_random,seeqst_uniform,6,5,5,50,1,z,normal,mean,1,300,1.2803887317659965,4.049681451649383
1,8,haar_random,seeqst_uniform,6,5,5,50,1,z,normal,mean,1,1000,0.7408146968934705,2.2529935532881926
1,8,haar_random,seeqst_uniform,6,5,5,50,1,z,normal,mean,1,3000,0.4282881117958279,1.11129528954811
1,8,haar_random,seeqst_uniform,6,5,5,50,1,z,normal,mean,1,4000,0.44691691128667604,1.4900968372319938
1,8,haar_random,seeqst_uniform,6,5,5,50,1,z,normal,mean,1,5000,0.3589928755796874,1.200900072848166
1,8,haar_random,seeqst_uniform,6,5,5,50,1,z,normal,mean,1,6000,0.2984428598347533,0.7636133189000889
1,8,haar_random,seeqst_binomial_tuned,6,5,5,50,1,z,normal,mean,1,10,2.1789856016187166,10.708506200888918
1,8,haar_random,seeqst_binomial_tuned,6,5,5,50,1,z,normal,mean,1,30,3.1208674569732398,14.93083479911071
1,8,haar_random,seeqst_binomial_tuned,6,5,5,50,1,z,normal,mean,1,100,1.9669447617369504,7.366997979793372
1,8,haar_random,seeqst_binomial_tuned,6,5,5,50,1,z,normal,mean,1,300,4.625121682635039,28.557982721655502
1,8,haar_random,seeqst_binomial_tuned,6,5,5,50,1,z,normal,mean,1,1000,2.01121191929349,8.704605457462346
1,8,haar_random,seeqst_binomial_tuned,6,5,5,50,1,z,normal,mean,1,3000,1.2948491101879664,5.143325590342751
1,8,haar_random,seeqst_binomial_tuned,6,5,5,50,1,z,normal,mean,1,4000,1.0509385672629485,3.6531102893896756
1,8,haar_random,seeqst_binomial_tuned,6,5,5,50,1,z,normal,mean,1,5000,0.9512044050442753,2.749064193751479
1,8,haar_random,seeqst_binomial_tuned,6,5,5,50,1,z,normal,mean,1,6000,1.1305800572281215,3.6645486965942107
1,9,haar_random,pauli,6,5,5,50,1,z,normal,mean,1,10,7.357890452527098,51.99112237574444
1,9,haar_random,pauli,6,5,5,50,1,z,normal,mean,1,30,4.144205474292751,17.697988105839066
1,9,haar_random,pauli,6,5,5,50,1,z,normal,mean,1,100,3.226279559613248,14.914935241000565
1,9,haar_random,pauli,6,5,5,50,1,z,normal,mean,1,300,2.5422599086732913,6.933446379483368
1,9,haar_random,pauli,6,5,5,50,1,z,normal,mean,1,1000,1.6750945116157772,3.7586647445947756
1,9,haar_random,pauli,6,5,5,50,1,z,normal,mean,1,3000,1.133001376897026,3.1413064185605646
1,9,haar_random,pauli,6,5,5,50,1,z,normal,mean,1,4000,0.9787020088192601,2.514711187814612
1,9,haar_random,pauli,6,5,5,50,1,z,normal,mean,1,5000,0.8397844881570479,2.4420834663624214
1,9,haar_random,pauli,6,5,5,50,1,z,normal,mean,1,6000,0.7689796540682624,2.273057463963484
1,9,haar_random,clifford,6,5,5,50,1,z,normal,mean,1,10,4.979045789640097,18.636134789666052
1,9,haar_random,clifford,6,5,5,50,1,z,normal,mean,1,30,3.161763113932183,11.112085567951615
1,9,haar_random,clifford,6,5,5,50,1,z,normal,mean,1,100,1.7791820333684913,5.225745278358466
1,9,haar_random,clifford,6,5,5,50,1,z,normal,mean,1,300,1.043440202768792,2.662895744880313
1,9,haar_random,clifford,6,5,5,50,1,z,normal,mean,1,1000,0.6303990316853952,1.9461573227727578
1,9,haar_random,clifford,6,5,5,50,1,z,normal,mean,1,3000,0.31206119604520804,0.8276324061090993
1,9,haar_random,clifford,6,5,5,50,1,z,normal,mean,1,4000,0.2780926666102267,0.6140461496162751
1,9,haar_random,clifford,6,5,5,50,1,z,normal,mean,1,5000,0.2694527119447791,0.7370068578835264
1,9,haar_random,clifford,6,5,5,50,1,z,normal,mean,1,6000,0.2436774849483461,0.6296994869337963
1,9,haar_random,seeqst_uniform,6,5,5,50,1,z,normal,mean,1,10,9.611591916868425,38.91388694770156
1,9,haar_random,seeqst_uniform,6,5,5,50,1,z,normal,mean,1,30,5.183063636216522,19.195058683851887
1,9,haar_random,seeqst_uniform,6,5,5,50,1,z,normal,mean,1,100,2.7559982915665286,7.90999144862738
1,9,haar_random,seeqst_uniform,6,5,5,50,1,z,normal,mean,1,300,1.3868053773148232,3.847472408488515
1,9,haar_random,seeqst_uniform,6,5,5,50,1,z,normal,mean,1,1000,0.6425665463121526,1.4080443527511433
1,9,haar_random,seeqst_uniform,6,5,5,50,1,z,normal,mean,1,3000,0.4804163676789384,0.9756454401959609
1,9,haar_random,seeqst_uniform,6,5,5,50,1,z,normal,mean,1,4000,0.40765788280730725,0.8993522543184054
1,9,haar_random,seeqst_uniform,6,5,5,50,1,z,normal,mean,1,5000,0.30673927692964525,0.8465026058091235
1,9,haar_random,seeqst_uniform,6,5,5,50,1,z,normal,mean,1,6000,0.2766260368511524,0.687998722559323
1,9,haar_random,seeqst_binomial_tuned,6,5,5,50,1,z,normal,mean,1,10,1.2440548911643476,5.988839199176467
1,9,haar_random,seeqst_binomial_tuned,6,5,5,50,1,z,normal,mean,1,30,3.1697193597970483,13.366476370105172
1,9,haar_random,seeqst_binomial_tuned,6,5,5,50,1,z,normal,mean,1,100,1.8654762391543587,8.24595830555017
1,9,haar_random,seeqst_binomial_tuned,6,5,5,50,1,z,normal,mean,1,300,1.9620895674795245,8.815180976172211
1,9,haar_random,seeqst_binomial_tuned,6,5,5,50,1,z,normal,mean,1,1000,1.9167448962046132,8.825993579337634
1,9,haar_random,seeqst_binomial_tuned,6,5,5,50,1,z,normal,mean,1,3000,0.9554793540871392,2.9104711095136535
1,9,haar_random,seeqst_binomial_tuned,6,5,5,50,1,z,normal,mean,1,4000,0.8761820654073721,3.0871847431796993
1,9,haar_random,seeqst_binomial_tuned,6,5,5,50,1,z,normal,mean,1,5000,0.7380004201203899,2.24439549097715
1,9,haar_random,seeqst_binomial_tuned,6,5,5,50,1,z,normal,mean,1,6000,1.069194720359431,4.931088083064979
2,0,haar_random,pauli,6,5,5,50,1,z,normal,mean,1,10,7.503205086565325,52.30793598071072
2,0,haar_random,pauli,6,5,5,50,1,z,normal,mean,1,30,2.900126516708339,17.4088744562647
2,0,haar_random,pauli,6,5,5,50,1,z,normal,mean,1,100,4.549524586053832,14.973701946861343
2,0,haar_random,pauli,6,5,5,50,1,z,normal,mean,1,300,3.0294757696504924,9.961600469699999
2,0,haar_random,pauli,6,5,5,50,1,z,normal,mean,1,1000,2.2160914632773956,6.836289071351926
2,0,haar_random,pauli,6,5,5,50,1,z,normal,mean,1,3000,1.1292320000080125,3.6862880664895754
2,0,haar_random,pauli,6,5,5,50,1,z,normal,mean,1,4000,1.046299940020335,3.2809755825357825
2,0,haar_random,pauli,6,5,5,50,1,z,normal,mean,1,5000,0.868082155944735,3.2988782421278247
2,0,haar_random,pauli,6,5,5,50,1,z,normal,mean,1,6000,0.8237627232761645,2.8312757584716386
2,0,haar_random,clifford,6,5,5,50,1,z,normal,mean,1,10,8.440820708587944,41.96591430653652
2,0,haar_random,clifford,6,5,5,50,1,z,normal,mean,1,30,3.262840860577663,11.564443442922508
2,0,haar_random,clifford,6,5,5,50,1,z,normal,mean,1,100,1.9708280392477047,6.416054969234556
2,0,haar_random,clifford,6,5,5,50,1,z,normal,mean,1,300,1.0698551893857846,2.6792979132029906
2,0,haar_random,clifford,6,5,5,50,1,z,normal,mean,1,1000,0.6776688381546444,2.0840673759431256
2,0,haar_random,clifford,6,5,5,50,1,z,normal,mean,1,3000,0.37000755952292486,1.1307585512033071
2,0,haar_random,clifford,6,5,5,50,1,z,normal,mean,1,4000,0.31490095268666873,0.8967235595323226
2,0,haar_random,clifford,6,5,5,50,1,z,normal,mean,1,5000,0.24833355360273232,0.6601697283491663
2,0,haar_random,clifford,6,5,5,50,1,z,normal,mean,1,6000,0.258791079139623,0.7489748386654387
2,0,haar_random,seeqst_uniform,6,5,5,50,1,z,normal,mean,1,10,7.442890587440909,20.47468595221398
2,0,haar_random,seeqst_uniform,6,5,5,50,1,z,normal,mean,1,30,5.181921740212794,21.06639563541939
2,0,haar_random,seeqst_uniform,6,5,5,50,1,z,normal,mean,1,100,2.6565859421669646,6.7886551981781835
2,0,haar_random,seeqst_uniform,6,5,5,50,1,z,normal,mean,1,300,1.6020220320898284,4.197360310468868
2,0,haar_random,seeqst_uniform,6,5,5,50,1,z,normal,mean,1,1000,0.9101581273162099,3.235455206209501
2,0,haar_random,seeqst_uniform,6,5,5,50,1,z,normal,mean,1,3000,0.5162666107678249,1.262469717471112
2,0,haar_random,seeqst_uniform,6,5,5,50,1,z,normal,mean,1,4000,0.4511417961831272,1.1717408162400638
2,0,haar_random,seeqst_uniform,6,5,5,50,1,z,normal,mean,1,5000,0.4400804107270097,1.3301653783722012
2,0,haar_random,seeqst_uniform,6,5,5,50,1,z,normal,mean,1,6000,0.41293572598743683,1.235305454115848
2,0,haar_random,seeqst_binomial_tuned,6,5,5,50,1,z,normal,mean,1,10,14.528651113078356,96.77325591783935
2,0,haar_random,seeqst_binomial_tuned,6,5,5,50,1,z,normal,mean,1,30,5.7547637877734985,30.724903561092788
2,0,haar_random,seeqst_binomial_tuned,6,5,5,50,1,z,normal,mean,1,100,3.194504264499856,15.179518074397373
2,0,haar_random,seeqst_binomial_tuned,6,5,5,50,1,z,normal,mean,1,300,3.248630277667178,10.712382189045574
2,0,haar_random,seeqst_binomial_tuned,6,5,5,50,1,z,normal,mean,1,1000,1.5141899653997275,5.8347535590514585
2,0,haar_random,seeqst_binomial_tuned,6,5,5,50,1,z,normal,mean,1,3000,0.7734349641861945,2.095709902664214
2,0,haar_random,seeqst_binomial_tuned,6,5,5,50,1,z,normal,mean,1,4000,0.7145797654650033,1.888467184354071
2,0,haar_random,seeqst_binomial_tuned,6,5,5,50,1,z,normal,mean,1,5000,1.931144830089794,9.083254580793458
2,0,haar_random,seeqst_binomial_tuned,6,5,5,50,1,z,normal,mean,1,6000,1.7771181022488423,7.545848028961723
2,1,haar_random,pauli,6,5,5,50,1,z,normal,mean,1,10,13.809039775475268,96.87650675469516
2,1,haar_random,pauli,6,5,5,50,1,z,normal,mean,1,30,8.25131636112213,32.33505149941686
2,1,haar_random,pauli,6,5,5,50,1,z,normal,mean,1,100,4.861398331251583,15.275950111598425
2,1,haar_random,pauli,6,5,5,50,1,z,normal,mean,1,300,3.257535324733032,12.165925958491805
2,1,haar_random,pauli,6,5,5,50,1,z,normal,mean,1,1000,1.892475593288247,5.323497234132002
2,1,haar_random,pauli,6,5,5,50,1,z,normal,mean,1,3000,1.1113774202023834,2.89895056045667
2,1,haar_random,pauli,6,5,5,50,1,z,normal,mean,1,4000,1.0854009997757885,2.7506433187023123
2,1,haar_random,pauli,6,5,5,50,1,z,normal,mean,1,5000,0.8734246126198807,2.5060432272850086
2,1,haar_random,pauli,6,5,5,50,1,z,normal,mean,1,6000,0.815661240188383,2.6201147442944013
2,1,haar_random,clifford,6,5,5,50,1,z,normal,mean,1,10,6.518285609644381,25.963911867155158
2,1,haar_random,clifford,6,5,5,50,1,z,normal,mean,1,30,3.2795012132343806,9.204017260325339
2,1,haar_random,clifford,6,5,5,50,1,z,normal,mean,1,100,1.941354978469133,5.7018196773423
2,1,haar_random,clifford,6,5,5,50,1,z,normal,mean,1,300,1.1644102491783854,3.7689332158793247
2,1,haar_random,clifford,6,5,5,50,1,z,normal,mean,1,1000,0.6373740489537835,1.6143775376284246
2,1,haar_random,clifford,6,5,5,50,1,z,normal,mean,1,3000,0.34580715624446706,0.8483163425724133
2,1,haar_random,clifford,6,5,5,50,1,z,normal,mean,1,4000,0.2946148146245801,0.8335826444009444
2,1,haar_random,clifford,6,5,5,50,1,z,normal,mean,1,5000,0.2421120839670087,0.621284634187333
2,1,haar_random,clifford,6,5,5,50,1,z,normal,mean,1,6000,0.24666941267182593,0.6637008748846258
2,1,haar_random,seeqst_uniform,6,5,5,50,1,z,normal,mean,1,10,7.276459071484422,26.282857129914643
2,1,haar_random,seeqst_uniform,6,5,5,50,1,z,normal,mean,1,30,3.3495976515471675,10.622237716984824
2,1,haar_random,seeqst_uniform,6,5,5,50,1,z,normal,mean,1,100,2.1246025506578294,4.808547858535681
2,1,haar_random,seeqst_uniform,6,5,5,50,1,z,normal,mean,1,300,1.3158134433599913,3.3262536744972757
2,1,haar_random,seeqst_uniform,6,5,5,50,1,z,normal,mean,1,1000,0.8292530562631784,2.448665141071998
2,1,haar_random,seeqst_uniform,6,5,5,50,1,z,normal,mean,1,3000,0.40391470884737046,0.9596768743354868
2,1,haar_random,seeqst_uniform,6,5,5,50,1,z,normal,mean,1,4000,0.3866484504154325,1.2256483726988012
2,1,haar_random,seeqst_uniform,6,5,5,50,1,z,normal,mean,1,5000,0.3917586198984295,0.8676650261133239
2,1,haar_random,seeqst_uniform,6,5,5,50,1,z,normal,mean,1,6000,0.35745955319698797,0.7873102423453209
2,1,haar_random,seeqst_binomial_tuned,6,5,5,50,1,z,normal,mean,1,10,21.384719400541066,139.78624545396963
2,1,haar_random,seeqst_binomial_tuned,6,5,5,50,1,z,normal,mean,1,30,7.297552529299906,46.882464290037476
2,1,haar_random,seeqst_binomial_tuned,6,5,5,50,1,z,normal,mean,1,100,2.765818861440927,15.54037628635126
2,1,haar_random,seeqst_binomial_tuned,6,5,5,50,1,z,normal,mean,1,300,2.7971198753097704,11.372057360090388
2,1,haar_random,seeqst_binomial_tuned,6,5,5,50,1,z,normal,mean,1,1000,1.2691588832006855,5.498982116767658
2,1,haar_random,seeqst_binomial_tuned,6,5,5,50,1,z,normal,mean,1,3000,0.7098810366013518,2.6354847935883905
2,1,haar_random,seeqst_binomial_tuned,6,5,5,50,1,z,normal,mean,1,4000,1.7045831012210768,9.250700875929361
2,1,haar_random,seeqst_binomial_tuned,6,5,5,50,1,z,normal,mean,1,5000,1.667595340431241,7.54764715748006
2,1,haar_random,seeqst_binomial_tuned,6,5,5,50,1,z,normal,mean,1,6000,1.4377469705205577,6.395546439321343
2,2,haar_random,pauli,6,5,5,50,1,z,normal,mean,1,10,16.477099743409813,94.69821267546217
2,2,haar_random,pauli,6,5,5,50,1,z,normal,mean,1,30,12.294325341501187,59.25576195064729
2,2,haar_random,pauli,6,5,5,50,1,z,normal,mean,1,100,5.188430166878885,23.703726516784197
2,2,haar_random,pauli,6,5,5,50,1,z,normal,mean,1,300,2.9988667340571165,6.89623827501685
2,2,haar_random,pauli,6,5,5,50,1,z,normal,mean,1,1000,1.5414246476440705,3.4403881384008037
2,2,haar_random,pauli,6,5,5,50,1,z,normal,mean,1,3000,0.8517070528187799,2.277522216923435
2,2,haar_random,pauli,6,5,5,50,1,z,normal,mean,1,4000,0.774132021682087,1.9131804451342582
2,2,haar_random,pauli,6,5,5,50,1,z,normal,mean,1,5000,0.7527042465836492,1.8585737401873186
2,2,haar_random,pauli,6,5,5,50,1,z,normal,mean,1,6000,0.7951419304787808,2.5244228380333373
2,2,haar_random,clifford,6,5,5,50,1,z,normal,mean,1,10,5.830552322627132,16.00013881030259
2,2,haar_random,clifford,6,5,5,50,1,z,normal,mean,1,30,2.8386769615203207,9.278507541298147
2,2,haar_random,clifford,6,5,5,50,1,z,normal,mean,1,100,1.7753549054893627,4.259038715142855
2,2,haar_random,clifford,6,5,5,50,1,z,normal,mean,1,300,1.0218311864904972,2.861200046255696
2,2,haar_random,clifford,6,5,5,50,1,z,normal,mean,1,1000,0.4755713683645968,1.0323925779856107
2,2,haar_random,clifford,6,5,5,50,1,z,normal,mean,1,3000,0.29606524531894696,0.9534323132191875
2,2,haar_random,clifford,6,5,5,50,1,z,normal,mean,1,4000,0.238098628613067,0.640472706636489
2,2,haar_random,clifford,6,5,5,50,1,z,normal,mean,1,5000,0.2025832808426105,0.6966187525096224
2,2,haar_random,clifford,6,5,5,50,1,z,normal,mean,1,6000,0.20943125049492106,0.65106703421674
2,2,haar_random,seeqst_uniform,6,5,5,50,1,z,normal,mean,1,10,7.44819889579416,26.37142908132598
2,2,haar_random,seeqst_uniform,6,5,5,50,1,z,normal,mean,1,30,5.201026909161091,15.907887170172168
2,2,haar_random,seeqst_uniform,6,5,5,50,1,z,normal,mean,1,100,2.537423473668627,8.555247518315856
2,2,haar_random,seeqst_uniform,6,5,5,50,1,z,normal,mean,1,300,1.7246449199637301,5.400010836755984
2,2,haar_random,seeqst_uniform,6,5,5,50,1,z,normal,mean,1,1000,0.7581951481046615,2.138016373201834
2,2,haar_random,seeqst_uniform,6,5,5,50,1,z,normal,mean,1,3000,0.39686127031132673,0.9570546920654455
2,2,haar_random,seeqst_uniform,6,5,5,50,1,z,normal,mean,1,4000,0.3144301100667229,0.8624041897708549
2,2,haar_random,seeqst_uniform,6,5,5,50,1,z,normal,mean,1,5000,0.34434335337859145,0.7744553721358035
2,2,haar_random,seeqst_uniform,6,5,5,50,1,z,normal,mean,1,6000,0.31613259531497157,0.7809026554035151
2,2,haar_random,seeqst_binomial_tuned,6,5,5,50,1,z,normal,mean,1,10,2.0586470503129335,8.110190400686188
2,2,haar_random,seeqst_binomial_tuned,6,5,5,50,1,z,normal,mean,1,30,2.6732938003513924,13.362096944386343
2,2,haar_random,seeqst_binomial_tuned,6,5,5,50,1,z,normal,mean,1,100,2.81398520567235,11.7776281469436
2,2,haar_random,seeqst_binomial_tuned,6,5,5,50,1,z,normal,mean,1,300,3.6741321356866345,21.937720236925397
2,2,haar_random,seeqst_binomial_tuned,6,5,5,50,1,z,normal,mean,1,1000,1.4984145230978438,5.927948122692779
2,2,haar_random,seeqst_binomial_tuned,6,5,5,50,1,z,normal,mean,1,3000,0.6914601913094568,2.050538487580076
2,2,haar_random,seeqst_binomial_tuned,6,5,5,50,1,z,normal,mean,1,4000,1.8129992737535017,7.7434219480294
2,2,haar_random,seeqst_binomial_tuned,6,5,5,50,1,z,normal,mean,1,5000,1.531818468622108,6.208416196620731
2,2,haar_random,seeqst_binomial_tuned,6,5,5,50,1,z,normal,mean,1,6000,1.3026608561015374,5.1751133866738375
2,3,haar_random,pauli,6,5,5,50,1,z,normal,mean,1,10,25.57785625658956,164.4400675643381
2,3,haar_random,pauli,6,5,5,50,1,z,normal,mean,1,30,18.22754630613635,109.5004375400869
2,3,haar_random,pauli,6,5,5,50,1,z,normal,mean,1,100,8.207503739325537,48.3568135547121
2,3,haar_random,pauli,6,5,5,50,1,z,normal,mean,1,300,4.444308853894325,21.184144086121606
2,3,haar_random,pauli,6,5,5,50,1,z,normal,mean,1,1000,1.8408738695973237,5.6886667557958654
2,3,haar_random,pauli,6,5,5,50,1,z,normal,mean,1,3000,1.1013578313850048,3.331858618179489
2,3,haar_random,pauli,6,5,5,50,1,z,normal,mean,1,4000,1.0996463559961394,3.1404923469681476
2,3,haar_random,pauli,6,5,5,50,1,z,normal,mean,1,5000,0.9583656359095603,2.9439951379797065
2,3,haar_random,pauli,6,5,5,50,1,z,normal,mean,1,6000,0.8480012299162553,2.855645757852277
2,3,haar_random,clifford,6,5,5,50,1,z,normal,mean,1,10,4.453807799012509,12.367748670629739
2,3,haar_random,clifford,6,5,5,50,1,z,normal,mean,1,30,3.990793015225448,17.88190629262591
2,3,haar_random,clifford,6,5,5,50,1,z,normal,mean,1,100,2.406936772816395,11.82941512264262
2,3,haar_random,clifford,6,5,5,50,1,z,normal,mean,1,300,1.1725482772976938,3.533245466785876
2,3,haar_random,clifford,6,5,5,50,1,z,normal,mean,1,1000,0.5405672606931982,1.432660458446972
2,3,haar_random,clifford,6,5,5,50,1,z,normal,mean,1,3000,0.32800275202194484,0.8258391403739461
2,3,haar_random,clifford,6,5,5,50,1,z,normal,mean,1,4000,0.2819261633401366,0.9300536370741839
2,3,haar_random,clifford,6,5,5,50,1,z,normal,mean,1,5000,0.24531517845844178,0.6309775138908885
2,3,haar_random,clifford,6,5,5,50,1,z,normal,mean,1,6000,0.24154315296838128,0.6417756087713926
2,3,haar_random,seeqst_uniform,6,5,5,50,1,z,normal,mean,1,10,7.6070725511409085,30.205669938267288
2,3,haar_random,seeqst_uniform,6,5,5,50,1,z,normal,mean,1,30,4.274966523101175,11.416726111052649
2,3,haar_random,seeqst_uniform,6,5,5,50,1,z,normal,mean,1,100,2.277603886163299,7.2255024746926875
2,3,haar_random,seeqst_uniform,6,5,5,50,1,z,normal,mean,1,300,1.3412299186738825,5.184235340606575
2,3,haar_random,seeqst_uniform,6,5,5,50,1,z,normal,mean,1,1000,0.8096608942081576,2.262753715578514
2,3,haar_random,seeqst_uniform,6,5,5,50,1,z,normal,mean,1,3000,0.4859069957296206,1.6828843420063464
2,3,haar_random,seeqst_uniform,6,5,5,50,1,z,normal,mean,1,4000,0.37692264886993704,1.175159086455829
2,3,haar_random,seeqst_uniform,6,5,5,50,1,z,normal,mean,1,5000,0.3626924365936874,1.0996521831338784
2,3,haar_random,seeqst_uniform,6,5,5,50,1,z,normal,mean,1,6000,0.33468967303416974,1.0158332160215977
2,3,haar_random,seeqst_binomial_tuned,6,5,5,50,1,z,normal,mean,1,10,5.987297222579659,40.85083646539856
2,3,haar_random,seeqst_binomial_tuned,6,5,5,50,1,z,normal,mean,1,30,2.21808398807856,14.371502529623184
2,3,haar_random,seeqst_binomial_tuned,6,5,5,50,1,z,normal,mean,1,100,1.685694376533067,7.926516218126002
2,3,haar_random,seeqst_binomial_tuned,6,5,5,50,1,z,normal,mean,1,300,3.272866805541921,14.619642971682355
2,3,haar_random,seeqst_binomial_tuned,6,5,5,50,1,z,normal,mean,1,1000,1.503965225780843,4.918743620112543
2,3,haar_random,seeqst_binomial_tuned,6,5,5,50,1,z,normal,mean,1,3000,0.90432146520608,2.639093050413457
2,3,haar_random,seeqst_binomial_tuned,6,5,5,50,1,z,normal,mean,1,4000,0.6757875571433679,1.8666915248889606
2,3,haar_random,seeqst_binomial_tuned,6,5,5,50,1,z,normal,mean,1,5000,1.7645728832693097,6.069335147372391
2,3,haar_random,seeqst_binomial_tuned,6,5,5,50,1,z,normal,mean,1,6000,1.605737683319946,5.246346826897602
2,4,haar_random,pauli,6,5,5,50,1,z,normal,mean,1,10,12.862830507128061,64.07332026108925
2,4,haar_random,pauli,6,5,5,50,1,z,normal,mean,1,30,9.068330553757255,42.66480728822497
2,4,haar_random,pauli,6,5,5,50,1,z,normal,mean,1,100,5.062424774185768,14.7336811511077
2,4,haar_random,pauli,6,5,5,50,1,z,normal,mean,1,300,3.4101141861988937,15.341426286500987
2,4,haar_random,pauli,6,5,5,50,1,z,normal,mean,1,1000,1.8237393086312443,6.248200564486526
2,4,haar_random,pauli,6,5,5,50,1,z,normal,mean,1,3000,0.9834455907023821,2.4217475576421346
2,4,haar_random,pauli,6,5,5,50,1,z,normal,mean,1,4000,0.8276750056357374,1.99787212618683
2,4,haar_random,pauli,6,5,5,50,1,z,normal,mean,1,5000,0.7814836645545464,1.730386692421298
2,4,haar_random,pauli,6,5,5,50,1,z,normal,mean,1,6000,0.7188315840853796,1.6698854732594022
2,4,haar_random,clifford,6,5,5,50,1,z,normal,mean,1,10,4.677019882230837,18.91441495202581
2,4,haar_random,clifford,6,5,5,50,1,z,normal,mean,1,30,2.846948372541672,8.957046347310161
2,4,haar_random,clifford,6,5,5,50,1,z,normal,mean,1,100,1.895409381593259,4.5186113509251635
2,4,haar_random,clifford,6,5,5,50,1,z,normal,mean,1,300,1.1850547449602866,3.3341884180702888
2,4,haar_random,clifford,6,5,5,50,1,z,normal,mean,1,1000,0.5359893970899549,1.1127587781501238
2,4,haar_random,clifford,6,5,5,50,1,z,normal,mean,1,3000,0.3141870467388225,1.04544724357454
2,4,haar_random,clifford,6,5,5,50,1,z,normal,mean,1,4000,0.24347236276570783,0.9003245784920773
2,4,haar_random,clifford,6,5,5,50,1,z,normal,mean,1,5000,0.21890153042445643,0.6623617784936343
2,4,haar_random,clifford,6,5,5,50,1,z,normal,mean,1,6000,0.19262158178582753,0.6004666900803949
2,4,haar_random,seeqst_uniform,6,5,5,50,1,z,normal,mean,1,10,9.47543163605716,32.240697938300336
2,4,haar_random,seeqst_uniform,6,5,5,50,1,z,normal,mean,1,30,4.063324327285551,13.831315333742412
2,4,haar_random,seeqst_uniform,6,5,5,50,1,z,normal,mean,1,100,1.8199332954632563,5.418058951532448
2,4,haar_random,seeqst_uniform,6,5,5,50,1,z,normal,mean,1,300,1.1757702906064817,2.892654843906655
2,4,haar_random,seeqst_uniform,6,5,5,50,1,z,normal,mean,1,1000,0.677062010433562,1.9029329838678406
2,4,haar_random,seeqst_uniform,6,5,5,50,1,z,normal,mean,1,3000,0.4023142038096816,1.325543806445232
2,4,haar_random,seeqst_uniform,6,5,5,50,1,z,normal,mean,1,4000,0.36985576831317457,1.1644434416911917
2,4,haar_random,seeqst_uniform,6,5,5,50,1,z,normal,mean,1,5000,0.32594582277599043,0.8872435016641677
2,4,haar_random,seeqst_uniform,6,5,5,50,1,z,normal,mean,1,6000,0.30775833108836037,0.7187347778710087
2,4,haar_random,seeqst_binomial_tuned,6,5,5,50,1,z,normal,mean,1,10,15.495138836951146,108.53735958448554
2,4,haar_random,seeqst_binomial_tuned,6,5,5,50,1,z,normal,mean,1,30,5.377727415082183,36.181794248522905
2,4,haar_random,seeqst_binomial_tuned,6,5,5,50,1,z,normal,mean,1,100,2.339077511947434,10.361432389187188
2,4,haar_random,seeqst_binomial_tuned,6,5,5,50,1,z,normal,mean,1,300,2.1599024285718134,11.367255491898728
2,4,haar_random,seeqst_binomial_tuned,6,5,5,50,1,z,normal,mean,1,1000,1.2351791414521007,3.5113899406753206
2,4,haar_random,seeqst_binomial_tuned,6,5,5,50,1,z,normal,mean,1,3000,0.6809068789581845,2.331548266770973
2,4,haar_random,seeqst_binomial_tuned,6,5,5,50,1,z,normal,mean,1,4000,1.5497557602426066,7.930011503664511
2,4,haar_random,seeqst_binomial_tuned,6,5,5,50,1,z,normal,mean,1,5000,1.2777515661289305,6.351908155109457
2,4,haar_random,seeqst_binomial_tuned,6,5,5,50,1,z,normal,mean,1,6000,1.1809468699609713,5.299918928055558
2,5,haar_random,pauli,6,5,5,50,1,z,normal,mean,1,10,0.29127223344547687,0.8258713323643485
2,5,haar_random,pauli,6,5,5,50,1,z,normal,mean,1,30,10.21776308864464,38.87208332198662
2,5,haar_random,pauli,6,5,5,50,1,z,normal,mean,1,100,5.301369661781275,12.72838807472992
2,5,haar_random,pauli,6,5,5,50,1,z,normal,mean,1,300,4.587482657205626,17.6298297483924
2,5,haar_random,pauli,6,5,5,50,1,z,normal,mean,1,1000,2.3290678470032247,7.1993251351514616
2,5,haar_random,pauli,6,5,5,50,1,z,normal,mean,1,3000,1.124304013080295,3.8422346029349574
2,5,haar_random,pauli,6,5,5,50,1,z,normal,mean,1,4000,1.1306770994404824,3.545979017338584
2,5,haar_random,pauli,6,5,5,50,1,z,normal,mean,1,5000,1.0239427094199096,3.0157807495305393
2,5,haar_random,pauli,6,5,5,50,1,z,normal,mean,1,6000,0.9903145844158922,2.993736514679094
2,5,haar_random,clifford,6,5,5,50,1,z,normal,mean,1,10,6.341404486688599,20.127076986491414
2,5,haar_random,clifford,6,5,5,50,1,z,normal,mean,1,30,3.9781156161455216,13.02411198670518
2,5,haar_random,clifford,6,5,5,50,1,z,normal,mean,1,100,2.242304584910274,6.756649405437699
2,5,haar_random,clifford,6,5,5,50,1,z,normal,mean,1,300,1.0752807108260543,2.3502669292396456
2,5,haar_random,clifford,6,5,5,50,1,z,normal,mean,1,1000,0.5785436886695087,1.2810069308431933
2,5,haar_random,clifford,6,5,5,50,1,z,normal,mean,1,3000,0.3722613197721502,0.9954938962149249
2,5,haar_random,clifford,6,5,5,50,1,z,normal,mean,1,4000,0.28348965613044524,0.7214320546214178
2,5,haar_random,clifford,6,5,5,50,1,z,normal,mean,1,5000,0.22012316648734098,0.5139901372929745
2,5,haar_random,clifford,6,5,5,50,1,z,normal,mean,1,6000,0.20987668722368694,0.5715156898547423
2,5,haar_random,seeqst_uniform,6,5,5,50,1,z,normal,mean,1,10,10.217620147369557,29.032733516142954
2,5,haar_random,seeqst_uniform,6,5,5,50,1,z,normal,mean,1,30,5.909504780943186,17.57263594917869
2,5,haar_random,seeqst_uniform,6,5,5,50,1,z,normal,mean,1,100,3.119605753272693,8.178685661061785
2,5,haar_random,seeqst_uniform,6,5,5,50,1,z,normal,mean,1,300,1.8195374083694544,5.591484976124934
2,5,haar_random,seeqst_uniform,6,5,5,50,1,z,normal,mean,1,1000,0.7657541466189938,1.764394196036889
2,5,haar_random,seeqst_uniform,6,5,5,50,1,z,normal,mean,1,3000,0.47645960102701534,1.3307269563604467
2,5,haar_random,seeqst_uniform,6,5,5,50,1,z,normal,mean,1,4000,0.4207955268965245,0.9129263899249596
2,5,haar_random,seeqst_uniform,6,5,5,50,1,z,normal,mean,1,5000,0.38301175452693886,1.2749849210614381
2,5,haar_random,seeqst_uniform,6,5,5,50,1,z,normal,mean,1,6000,0.35646032011820566,1.3192132081979724
2,5,haar_random,seeqst_binomial_tuned,6,5,5,50,1,z,normal,mean,1,10,6.6744754078695525,31.611573657946014
2,5,haar_random,seeqst_binomial_tuned,6,5,5,50,1,z,normal,mean,1,30,2.552637078648975,11.506683448146086
2,5,haar_random,seeqst_binomial_tuned,6,5,5,50,1,z,normal,mean,1,100,2.9628874008611743,10.236202938985747
2,5,haar_random,seeqst_binomial_tuned,6,5,5,50,1,z,normal,mean,1,300,2.8107919165321738,9.54079454452592
2,5,haar_random,seeqst_binomial_tuned,6,5,5,50,1,z,normal,mean,1,1000,1.3155145464961258,5.744682856008868
2,5,haar_random,seeqst_binomial_tuned,6,5,5,50,1,z,normal,mean,1,3000,0.8099421285428698,2.3459333384928036
2,5,haar_random,seeqst_binomial_tuned,6,5,5,50,1,z,normal,mean,1,4000,1.8176883473233618,10.388780593446734
2,5,haar_random,seeqst_binomial_tuned,6,5,5,50,1,z,normal,mean,1,5000,1.7648742653116745,8.312280615550018
2,5,haar_random,seeqst_binomial_tuned,6,5,5,50,1,z,normal,mean,1,6000,1.5093348799192485,6.945302954968617
2,6,haar_random,pauli,6,5,5,50,1,z,normal,mean,1,10,0.6722075258774214,4.335067535199773
2,6,haar_random,pauli,6,5,5,50,1,z,normal,mean,1,30,6.115503636495541,31.372009383420554
2,6,haar_random,pauli,6,5,5,50,1,z,normal,mean,1,100,4.6129906270820396,17.248676924318257
2,6,haar_random,pauli,6,5,5,50,1,z,normal,mean,1,300,3.339608177011967,7.714185728743149
2,6,haar_random,pauli,6,5,5,50,1,z,normal,mean,1,1000,1.6184604278406503,3.306840591318007
2,6,haar_random,pauli,6,5,5,50,1,z,normal,mean,1,3000,0.9422742528046275,2.7084293998611115
2,6,haar_random,pauli,6,5,5,50,1,z,normal,mean,1,4000,0.9830746510525555,2.789555633505461
2,6,haar_random,pauli,6,5,5,50,1,z,normal,mean,1,5000,0.9946487228841489,2.679684175168382
2,6,haar_random,pauli,6,5,5,50,1,z,normal,mean,1,6000,0.9346047655226966,2.20204759809855
2,6,haar_random,clifford,6,5,5,50,1,z,normal,mean,1,10,5.737861935828607,16.133070984276955
2,6,haar_random,clifford,6,5,5,50,1,z,normal,mean,1,30,3.1530614150051455,12.020848181515412
2,6,haar_random,clifford,6,5,5,50,1,z,normal,mean,1,100,1.6773772197944867,4.005100736221075
2,6,haar_random,clifford,6,5,5,50,1,z,normal,mean,1,300,1.1550889092886765,3.6548295748747663
2,6,haar_random,clifford,6,5,5,50,1,z,normal,mean,1,1000,0.47837347488026694,1.8355889186605052
2,6,haar_random,clifford,6,5,5,50,1,z,normal,mean,1,3000,0.3027959316141873,0.8442205583717377
2,6,haar_random,clifford,6,5,5,50,1,z,normal,mean,1,4000,0.24429591149367574,0.742731307361471
2,6,haar_random,clifford,6,5,5,50,1,z,normal,mean,1,5000,0.21419891355311182,0.7472585247211041
2,6,haar_random,clifford,6,5,5,50,1,z,normal,mean,1,6000,0.22244145838099486,0.8549033502742298
2,6,haar_random,seeqst_uniform,6,5,5,50,1,z,normal,mean,1,10,6.510710876403791,24.059083108860325
2,6,haar_random,seeqst_uniform,6,5,5,50,1,z,normal,mean,1,30,4.387040523476189,13.066370617979123
2,6,haar_random,seeqst_uniform,6,5,5,50,1,z,normal,mean,1,100,1.7607425469789966,5.661945098136381
2,6,haar_random,seeqst_uniform,6,5,5,50,1,z,normal,mean,1,300,1.4095027036903842,3.773040812080203
2,6,haar_random,seeqst_uniform,6,5,5,50,1,z,normal,mean,1,1000,0.7959317991466998,2.6054207194378654
2,6,haar_random,seeqst_uniform,6,5,5,50,1,z,normal,mean,1,3000,0.4710689279362197,1.1448575471631075
2,6,haar_random,seeqst_uniform,6,5,5,50,1,z,normal,mean,1,4000,0.39572679716843856,1.177830105544203
2,6,haar_random,seeqst_uniform,6,5,5,50,1,z,normal,mean,1,5000,0.33353444009304245,0.8562082673523601
2,6,haar_random,seeqst_uniform,6,5,5,50,1,z,normal,mean,1,6000,0.30167757689404096,0.8289098120613229
2,6,haar_random,seeqst_binomial_tuned,6,5,5,50,1,z,normal,mean,1,10,14.279947466639628,100.52024485641988
2,6,haar_random,seeqst_binomial_tuned,6,5,5,50,1,z,normal,mean,1,30,5.459258860327772,33.77042120254655
2,6,haar_random,seeqst_binomial_tuned,6,5,5,50,1,z,normal,mean,1,100,2.061047635026642,10.178928465173906
2,6,haar_random,seeqst_binomial_tuned,6,5,5,50,1,z,normal,mean,1,300,1.226377789231257,4.322198724492663
2,6,haar_random,seeqst_binomial_tuned,6,5,5,50,1,z,normal,mean,1,1000,1.0987985006765972,3.9726199275337994
2,6,haar_random,seeqst_binomial_tuned,6,5,5,50,1,z,normal,mean,1,3000,0.8401233515445246,3.2777957758709895
2,6,haar_random,seeqst_binomial_tuned,6,5,5,50,1,z,normal,mean,1,4000,1.6581615401327803,7.20942830839731
2,6,haar_random,seeqst_binomial_tuned,6,5,5,50,1,z,normal,mean,1,5000,1.7593505545503567,5.695975993695304
2,6,haar_random,seeqst_binomial_tuned,6,5,5,50,1,z,normal,mean,1,6000,1.5021148310209316,4.653003873150604
2,7,haar_random,pauli,6,5,5,50,1,z,normal,mean,1,10,6.5664771668040185,35.67919750011347
2,7,haar_random,pauli,6,5,5,50,1,z,normal,mean,1,30,7.579599144721382,45.42643152693929
2,7,haar_random,pauli,6,5,5,50,1,z,normal,mean,1,100,5.760913797872923,14.800616072560667
2,7,haar_random,pauli,6,5,5,50,1,z,normal,mean,1,300,4.176784279965349,10.679134621491958
2,7,haar_random,pauli,6,5,5,50,1,z,normal,mean,1,1000,2.133890067240477,5.285043043610903
2,7,haar_random,pauli,6,5,5,50,1,z,normal,mean,1,3000,1.01350468447684,2.5296775925515
2,7,haar_random,pauli,6,5,5,50,1,z,normal,mean,1,4000,0.7926656143182419,2.0382829629613046
2,7,haar_random,pauli,6,5,5,50,1,z,normal,mean,1,5000,0.6314866460867143,1.250261888150515
2,7,haar_random,pauli,6,5,5,50,1,z,normal,mean,1,6000,0.6009962324733602,1.5213248033160442
2,7,haar_random,clifford,6,5,5,50,1,z,normal,mean,1,10,5.998838686575331,14.332200981630553
2,7,haar_random,clifford,6,5,5,50,1,z,normal,mean,1,30,3.86992709070921,9.064035418931184
2,7,haar_random,clifford,6,5,5,50,1,z,normal,mean,1,100,1.5979437038844733,3.370207766331689
2,7,haar_random,clifford,6,5,5,50,1,z,normal,mean,1,300,1.209320680998017,3.6302845378962236
2,7,haar_random,clifford,6,5,5,50,1,z,normal,mean,1,1000,0.5649914615701829,1.6256012234305657
2,7,haar_random,clifford,6,5,5,50,1,z,normal,mean,1,3000,0.3173954260245453,0.7500007813342573
2,7,haar_random,clifford,6,5,5,50,1,z,normal,mean,1,4000,0.24836975461822217,0.7792878719262473
2,7,haar_random,clifford,6,5,5,50,1,z,normal,mean,1,5000,0.24695084713981386,0.9751713283291972
2,7,haar_random,clifford,6,5,5,50,1,z,normal,mean,1,6000,0.24830648301448838,0.8064487196637156
2,7,haar_random,seeqst_uniform,6,5,5,50,1,z,normal,mean,1,10,9.739132083781119,37.763222943813126
2,7,haar_random,seeqst_uniform,6,5,5,50,1,z,normal,mean,1,30,6.394334949906571,20.61973422463557
2,7,haar_random,seeqst_uniform,6,5,5,50,1,z,normal,mean,1,100,2.565361356739053,8.326585777243837
2,7,haar_random,seeqst_uniform,6,5,5,50,1,z,normal,mean,1,300,1.5582941665227437,4.023506513934205
2,7,haar_random,seeqst_uniform,6,5,5,50,1,z,normal,mean,1,1000,0.872297763903838,2.739965811046056
2,7,haar_random,seeqst_uniform,6,5,5,50,1,z,normal,mean,1,3000,0.42902096218242,1.392115171260191
2,7,haar_random,seeqst_uniform,6,5,5,50,1,z,normal,mean,1,4000,0.43314040246853464,1.532211949423996
2,7,haar_random,seeqst_uniform,6,5,5,50,1,z,normal,mean,1,5000,0.35768015400387215,1.1452299139744142
2,7,haar_random,seeqst_uniform,6,5,5,50,1,z,normal,mean,1,6000,0.34032272209720954,1.032841123355134
2,7,haar_random,seeqst_binomial_tuned,6,5,5,50,1,z,normal,mean,1,10,3.9507879015775282,20.391600374032024
2,7,haar_random,seeqst_binomial_tuned,6,5,5,50,1,z,normal,mean,1,30,1.7550689540081799,7.124135582575969
2,7,haar_random,seeqst_binomial_tuned,6,5,5,50,1,z,normal,mean,1,100,1.4669512325937883,7.592546556827391
2,7,haar_random,seeqst_binomial_tuned,6,5,5,50,1,z,normal,mean,1,300,3.4955782552897294,21.825663108901754
2,7,haar_random,seeqst_binomial_tuned,6,5,5,50,1,z,normal,mean,1,1000,1.8061943011312114,7.500995613349369
2,7,haar_random,seeqst_binomial_tuned,6,5,5,50,1,z,normal,mean,1,3000,1.1065432343465769,3.3877509050176227
2,7,haar_random,seeqst_binomial_tuned,6,5,5,50,1,z,normal,mean,1,4000,1.7026466454958258,7.205001164189185
2,7,haar_random,seeqst_binomial_tuned,6,5,5,50,1,z,normal,mean,1,5000,1.4376453040502315,5.015716201156765
2,7,haar_random,seeqst_binomial_tuned,6,5,5,50,1,z,normal,mean,1,6000,1.212324753374037,4.334550983444293
2,8,haar_random,pauli,6,5,5,50,1,z,normal,mean,1,10,9.295884759668121,60.04413579321589
2,8,haar_random,pauli,6,5,5,50,1,z,normal,mean,1,30,8.095590105036443,46.42605019919097
2,8,haar_random,pauli,6,5,5,50,1,z,normal,mean,1,100,6.408825976471456,33.05444002656409
2,8,haar_random,pauli,6,5,5,50,1,z,normal,mean,1,300,3.448058139989066,10.320433902416541
2,8,haar_random,pauli,6,5,5,50,1,z,normal,mean,1,1000,1.586236644815746,6.895711304155382
2,8,haar_random,pauli,6,5,5,50,1,z,normal,mean,1,3000,0.9874839015065534,4.179520594381476
2,8,haar_random,pauli,6,5,5,50,1,z,normal,mean,1,4000,0.8530475269579058,2.5129374693463267
2,8,haar_random,pauli,6,5,5,50,1,z,normal,mean,1,5000,0.7982045218120764,2.0214888353515934
2,8,haar_random,pauli,6,5,5,50,1,z,normal,mean,1,6000,0.7695160570888495,2.3754287667581564
2,8,haar_random,clifford,6,5,5,50,1,z,normal,mean,1,10,4.287979477817304,15.910515408122505
2,8,haar_random,clifford,6,5,5,50,1,z,normal,mean,1,30,2.497699747995956,6.941107943089224
2,8,haar_random,clifford,6,5,5,50,1,z,normal,mean,1,100,1.1657473879339035,2.9932625966139224
2,8,haar_random,clifford,6,5,5,50,1,z,normal,mean,1,300,0.5953044606303476,2.4719304064924437
2,8,haar_random,clifford,6,5,5,50,1,z,normal,mean,1,1000,0.48547097827511065,1.269483120424407
2,8,haar_random,clifford,6,5,5,50,1,z,normal,mean,1,3000,0.2974497242540909,1.168957758093494
2,8,haar_random,clifford,6,5,5,50,1,z,normal,mean,1,4000,0.29815006410626804,0.8756104234543807
2,8,haar_random,clifford,6,5,5,50,1,z,normal,mean,1,5000,0.22938980710671475,0.8029533963936244
2,8,haar_random,clifford,6,5,5,50,1,z,normal,mean,1,6000,0.22118978235988399,0.7003075766937609
2,8,haar_random,seeqst_uniform,6,5,5,50,1,z,normal,mean,1,10,3.6605905734239186,12.438455012729841
2,8,haar_random,seeqst_uniform,6,5,5,50,1,z,normal,mean,1,30,4.325607666321096,13.201014458395079
2,8,haar_random,seeqst_uniform,6,5,5,50,1,z,normal,mean,1,100,2.190293439488303,6.851833971276183
2,8,haar_random,seeqst_uniform,6,5,5,50,1,z,normal,mean,1,300,1.3501415505967957,4.430476008634043
2,8,haar_random,seeqst_uniform,6,5,5,50,1,z,normal,mean,1,1000,0.7509130298275711,2.019005172863842
2,8,haar_random,seeqst_uniform,6,5,5,50,1,z,normal,mean,1,3000,0.47118447147750003,1.715080880691517
2,8,haar_random,seeqst_uniform,6,5,5,50,1,z,normal,mean,1,4000,0.41449291401467425,1.218155210684528
2,8,haar_random,seeqst_uniform,6,5,5,50,1,z,normal,mean,1,5000,0.38313100005070116,1.1092576679317347
2,8,haar_random,seeqst_uniform,6,5,5,50,1,z,normal,mean,1,6000,0.3154646262795531,0.7910274208359515
2,8,haar_random,seeqst_binomial_tuned,6,5,5,50,1,z,normal,mean,1,10,24.264000086735138,169.84356542574412
2,8,haar_random,seeqst_binomial_tuned,6,5,5,50,1,z,normal,mean,1,30,7.49220477611258,50.90891925341096
2,8,haar_random,seeqst_binomial_tuned,6,5,5,50,1,z,normal,mean,1,100,3.886178745297199,17.33346799732228
2,8,haar_random,seeqst_binomial_tuned,6,5,5,50,1,z,normal,mean,1,300,2.708808458817006,11.736410189778788
2,8,haar_random,seeqst_binomial_tuned,6,5,5,50,1,z,normal,mean,1,1000,1.6818096836926568,5.681585937880537
2,8,haar_random,seeqst_binomial_tuned,6,5,5,50,1,z,normal,mean,1,3000,0.856250696601154,2.1262951285129774
2,8,haar_random,seeqst_binomial_tuned,6,5,5,50,1,z,normal,mean,1,4000,1.6762852612291919,6.49015229766916
2,8,haar_random,seeqst_binomial_tuned,6,5,5,50,1,z,normal,mean,1,5000,1.669654775958187,5.715030172208191
2,8,haar_random,seeqst_binomial_tuned,6,5,5,50,1,z,normal,mean,1,6000,1.6004740644819098,6.731161116279872
2,9,haar_random,pauli,6,5,5,50,1,z,normal,mean,1,10,18.425128933328086,129.67236079525574
2,9,haar_random,pauli,6,5,5,50,1,z,normal,mean,1,30,9.508244387789832,42.81718190341177
2,9,haar_random,pauli,6,5,5,50,1,z,normal,mean,1,100,6.386686052008328,23.40761638910195
2,9,haar_random,pauli,6,5,5,50,1,z,normal,mean,1,300,4.491742992585621,11.45304579568308
2,9,haar_random,pauli,6,5,5,50,1,z,normal,mean,1,1000,1.908113922348479,5.518891953613693
2,9,haar_random,pauli,6,5,5,50,1,z,normal,mean,1,3000,1.1505014489529453,2.8460577753172567
2,9,haar_random,pauli,6,5,5,50,1,z,normal,mean,1,4000,0.885484704812357,2.4909638074801026
2,9,haar_random,pauli,6,5,5,50,1,z,normal,mean,1,5000,0.8240566427052123,2.2978947903910667
2,9,haar_random,pauli,6,5,5,50,1,z,normal,mean,1,6000,0.8185098287374644,2.68097213685602
2,9,haar_random,clifford,6,5,5,50,1,z,normal,mean,1,10,4.749556307175155,15.421956652770143
2,9,haar_random,clifford,6,5,5,50,1,z,normal,mean,1,30,3.1305652558634827,14.925931334562442
2,9,haar_random,clifford,6,5,5,50,1,z,normal,mean,1,100,1.8627160457275382,4.743784640050109
2,9,haar_random,clifford,6,5,5,50,1,z,normal,mean,1,300,1.2425478160581436,3.578928485722913
2,9,haar_random,clifford,6,5,5,50,1,z,normal,mean,1,1000,0.5825332387655014,1.8190788523884456
2,9,haar_random,clifford,6,5,5,50,1,z,normal,mean,1,3000,0.2910223900861677,0.7018732838100927
2,9,haar_random,clifford,6,5,5,50,1,z,normal,mean,1,4000,0.23117652396109728,0.596150979380959
2,9,haar_random,clifford,6,5,5,50,1,z,normal,mean,1,5000,0.19484207762589725,0.548636902034547
2,9,haar_random,clifford,6,5,5,50,1,z,normal,mean,1,6000,0.1871904228838769,0.4875753452963207
2,9,haar_random,seeqst_uniform,6,5,5,50,1,z,normal,mean,1,10,6.537651696659466,26.246134812435823
2,9,haar_random,seeqst_uniform,6,5,5,50,1,z,normal,mean,1,30,5.257569559533443,13.204969151685779
2,9,haar_random,seeqst_uniform,6,5,5,50,1,z,normal,mean,1,100,2.1020573896344494,5.528269048618886
2,9,haar_random,seeqst_uniform,6,5,5,50,1,z,normal,mean,1,300,1.4778141037609742,4.240671367534659
2,9,haar_random,seeqst_uniform,6,5,5,50,1,z,normal,mean,1,1000,0.7469938007214706,2.4069884325858686
2,9,haar_random,seeqst_uniform,6,5,5,50,1,z,normal,mean,1,3000,0.5361416169426462,1.4713242607402708
2,9,haar_random,seeqst_uniform,6,5,5,50,1,z,normal,mean,1,4000,0.40366941609312945,1.066311078923595
2,9,haar_random,seeqst_uniform,6,5,5,50,1,z,normal,mean,1,5000,0.3550360306949205,0.9427734184086383
2,9,haar_random,seeqst_uniform,6,5,5,50,1,z,normal,mean,1,6000,0.33764514903926335,0.9877984779881914
2,9,haar_random,seeqst_binomial_tuned,6,5,5,50,1,z,normal,mean,1,10,8.949590983363203,61.906989778661675
2,9,haar_random,seeqst_binomial_tuned,6,5,5,50,1,z,normal,mean,1,30,6.762744195782641,42.152249480994506
2,9,haar_random,seeqst_binomial_tuned,6,5,5,50,1,z,normal,mean,1,100,3.03228423410656,12.525794402278644
2,9,haar_random,seeqst_binomial_tuned,6,5,5,50,1,z,normal,mean,1,300,3.333721289228839,13.783558074082686
2,9,haar_random,seeqst_binomial_tuned,6,5,5,50,1,z,normal,mean,1,1000,1.3520426603328966,5.74106794918608
2,9,haar_random,seeqst_binomial_tuned,6,5,5,50,1,z,normal,mean,1,3000,1.2445562126951717,4.1881722761485545
2,9,haar_random,seeqst_binomial_tuned,6,5,5,50,1,z,normal,mean,1,4000,1.19193581833825,4.5857018332758015
2,9,haar_random,seeqst_binomial_tuned,6,5,5,50,1,z,normal,mean,1,5000,1.1677387001439072,4.42471487029551
2,9,haar_random,seeqst_binomial_tuned,6,5,5,50,1,z,normal,mean,1,6000,1.0169317442071362,3.710933144837944
